===== SurveyApp Save Log =====
version:   0.1.20
runtime:   dev-server
platform:  desktop
device:    Mac
os:        macOS 10.15.7
screen:    1512x982 @2x
viewport:  1203x826
locale:    en-US
timestamp: 2026-04-26T00:46:31.085Z (4/25/2026, 8:46:31 PM)
==============================
[dev-auto-login] boot {"hasDevEmail":true,"devEmailHint":"isai***","hasDevPassword":true,"hasCachedSession":true,"cachedSessionEmail":"isaiahcalvo123@gmail.com","cachedSessionExpiresAt":1777167574}
[dev-auto-login] cached session matches dev email, keeping it
[dev-auto-login] decision {"needsAutoLogin":false,"willAttemptSignIn":false}
[CloudSync][hook] session id minted {"sessionId":"469faae5-0c3c-4d7b-86ee-13dd34480132"}
[AnnotPerf] finalize idle (forced-reset) — deferring CSS transform removal, waiting for PAL confirmation
[DebugBridge +2559.8ms] zoom_start {"scale":0.8926767676767676,"targetScale":1,"source":"keyboard_toolbar"}
[CloudSync][hook] hydrate effect fired {"enabled":false,"documentId":"1a7f57f8-3796-470e-afd2-f38919a873b3","userId":"170d915c-5741-4e0b-b03f-deaeedae27bd","pdfId":null}
[CloudSync][hook] hydrate skipped — missing prerequisite {"enabled":false,"hasDocumentId":true,"hasUserId":true,"hasPdfId":false}
[CSeries wipe] doc=sync-test.pdf-2489 totalCounters=4 legacyRemoved=0 — nothing to wipe.
[PrintPanel] mount — binding Cmd/Ctrl+P listeners. electronAPI available: true onPrintPdf available: true
[CloudSync][hook] hydrate effect fired {"enabled":false,"documentId":"1a7f57f8-3796-470e-afd2-f38919a873b3","userId":"170d915c-5741-4e0b-b03f-deaeedae27bd","pdfId":"sync-test.pdf-2489"}
[CloudSync][hook] hydrate skipped — missing prerequisite {"enabled":false,"hasDocumentId":true,"hasUserId":true,"hasPdfId":true}
[ZoomLive svg p1] {"interactionPhase":"idle","zoomOverlayTransformActive":true,"viewerScale":0.89268,"measuredScale":0.89268,"committedScale":0,"overlayTransform":"none","overlayTransformScale":1,"pageHostRect":null,"overlayLayerRect":null,"overlayContentRect":null,"legacyCompensationRect":null,"legacyCompensationTransform":"none","palRootRect":null,"canvasContainerRect":null,"palCanvasRect":null,"regionRootRect":null,"regionSvgRect":null,"regionScreenWidth":0,"regionScreenHeight":0,"svgLayerRect":null,"activeSpaceId":null,"activeRegionId":null,"showRegionSelection":false}
[PrintPanel] mount — binding Cmd/Ctrl+P listeners. electronAPI available: true onPrintPdf available: true
[PrintPanel] mount — binding Cmd/Ctrl+P listeners. electronAPI available: true onPrintPdf available: true
[PrintPanel] mount — binding Cmd/Ctrl+P listeners. electronAPI available: true onPrintPdf available: true
[PrintPanel] RENDER — panel closed
[ZoomLive svg p1] {"interactionPhase":"idle","zoomOverlayTransformActive":true,"viewerScale":0.1,"measuredScale":0.1,"committedScale":0,"overlayTransform":"none","overlayTransformScale":1,"pageHostRect":null,"overlayLayerRect":null,"overlayContentRect":null,"legacyCompensationRect":null,"legacyCompensationTransform":"none","palRootRect":null,"canvasContainerRect":null,"palCanvasRect":null,"regionRootRect":null,"regionSvgRect":null,"regionScreenWidth":0,"regionScreenHeight":0,"svgLayerRect":null,"activeSpaceId":null,"activeRegionId":null,"showRegionSelection":false}
[App-Debug p1] PAL render — pageSize={w:612, h:792}, layerScale=1.33333, measuredPageScale=1.33333, committedPageScale=none, legacyCommitCompensationPending=false, legacyCommitCompensationScale=1, overlayContentTransformScale=1, storedOverlayTransformScale=1, syncfusionViewerScale=0.1, overlayDiv=true, overlayDivW=816, overlayDivH=1056, overlayDivTransform=none, overlayContentTransform=none
[LineBboxDiag] renderLine {"ts":"2026-04-26T00:45:26.473Z","objId":null,"index":3,"objType":"line","tool":"line","isArrow":false,"angle":0,"hasMidpoint":false,"dataMidpoint":null,"storageSnapshot":{"left":67.79,"top":356.69,"width":102.19,"height":83.1,"x1":-51.09357798165138,"y1":-41.54862385321101,"x2":51.09357798165138,"y2":41.54862385321101},"specKind":"straight","specLine":{"x1":67.79142201834863,"y1":356.691376146789,"x2":169.97857798165137,"y2":439.788623853211},"specArrowheadKind":"none","rotationApplied":false,"pivotDiag":null}
[LineBboxDiag] renderLine {"ts":"2026-04-26T00:45:26.473Z","objId":null,"index":4,"objType":"line","tool":"arrow","isArrow":true,"angle":0,"hasMidpoint":false,"dataMidpoint":null,"storageSnapshot":{"left":204.79,"top":362.3,"width":101.06,"height":83.1,"x1":-50.53211009174312,"y1":-41.54862385321101,"x2":50.53211009174312,"y2":41.54862385321101},"specKind":"straight","specLine":{"x1":204.7878899082569,"y1":362.30137614678904,"x2":303.7923087957672,"y2":443.7050094542975},"specArrowheadKind":"solidTriangle","rotationApplied":false,"pivotDiag":null}
[Counter SVG p1] dispatching renderCounter — i=9, displayNumber=1, fill=#ef4444, numberColor=unset, left=469.29, top=462.37, radius=14
[LineBboxDiag] renderLine {"ts":"2026-04-26T00:45:26.475Z","objId":null,"index":14,"objType":"line","tool":"line","isArrow":false,"angle":0,"hasMidpoint":false,"dataMidpoint":null,"storageSnapshot":{"left":67.79,"top":356.69,"width":102.19,"height":83.1,"x1":-51.09357798165138,"y1":-41.54862385321101,"x2":51.09357798165138,"y2":41.54862385321101},"specKind":"straight","specLine":{"x1":67.79142201834863,"y1":356.691376146789,"x2":169.97857798165137,"y2":439.788623853211},"specArrowheadKind":"none","rotationApplied":false,"pivotDiag":null}
[LineBboxDiag] renderLine {"ts":"2026-04-26T00:45:26.475Z","objId":null,"index":17,"objType":"line","tool":"line","isArrow":false,"angle":0,"hasMidpoint":false,"dataMidpoint":null,"storageSnapshot":{"left":67.79,"top":356.69,"width":102.19,"height":83.1,"x1":-51.09357798165138,"y1":-41.54862385321101,"x2":51.09357798165138,"y2":41.54862385321101},"specKind":"straight","specLine":{"x1":67.79142201834863,"y1":356.691376146789,"x2":169.97857798165137,"y2":439.788623853211},"specArrowheadKind":"none","rotationApplied":false,"pivotDiag":null}
[LineBboxDiag] renderLine {"ts":"2026-04-26T00:45:26.475Z","objId":null,"index":21,"objType":"line","tool":"arrow","isArrow":true,"angle":0,"hasMidpoint":false,"dataMidpoint":null,"storageSnapshot":{"left":204.79,"top":362.3,"width":101.06,"height":83.1,"x1":-50.53211009174312,"y1":-41.54862385321101,"x2":50.53211009174312,"y2":41.54862385321101},"specKind":"straight","specLine":{"x1":204.7878899082569,"y1":362.30137614678904,"x2":303.7923087957672,"y2":443.7050094542975},"specArrowheadKind":"solidTriangle","rotationApplied":false,"pivotDiag":null}
[LineBboxDiag] renderLine {"ts":"2026-04-26T00:45:26.475Z","objId":null,"index":22,"objType":"line","tool":"arrow","isArrow":true,"angle":0,"hasMidpoint":false,"dataMidpoint":null,"storageSnapshot":{"left":204.79,"top":362.3,"width":101.06,"height":83.1,"x1":-50.53211009174312,"y1":-41.54862385321101,"x2":50.53211009174312,"y2":41.54862385321101},"specKind":"straight","specLine":{"x1":204.7878899082569,"y1":362.30137614678904,"x2":303.7923087957672,"y2":443.7050094542975},"specArrowheadKind":"solidTriangle","rotationApplied":false,"pivotDiag":null}
[Counter SVG p1] dispatching renderCounter — i=26, displayNumber=2, fill=#ef4444, numberColor=unset, left=470.05, top=499.76, radius=14
[Counter SVG p1] dispatching renderCounter — i=27, displayNumber=1, fill=#ef4444, numberColor=unset, left=389.68, top=661.32, radius=14
[Counter SVG p1] dispatching renderCounter — i=29, displayNumber=3, fill=#ef4444, numberColor=unset, left=470.94, top=558.85, radius=14
[SVG p1] render — 30 objs, viewBox=612x792
console.warn @ [LineBboxDiag] getLineBBox log failed {}
console.warn @ [LineBboxDiag] getLineBBox log failed {}
console.warn @ [LineBboxDiag] getLineBBox log failed {}
console.warn @ [LineBboxDiag] getLineBBox log failed {}
console.warn @ [LineBboxDiag] getLineBBox log failed {}
console.warn @ [LineBboxDiag] getLineBBox log failed {}
[SVGAnnotationLayer] setRotInputVisible(false) reason=selectedIds.size !== 1
[SVG p1] MOUNT — 30 annotations, 0 callouts, viewBox=612x792
[App-Debug p1] PAL render — pageSize={w:612, h:792}, layerScale=1.33333, measuredPageScale=1.33333, committedPageScale=1.33333, legacyCommitCompensationPending=false, legacyCommitCompensationScale=1, overlayContentTransformScale=1, storedOverlayTransformScale=1, syncfusionViewerScale=0.1, overlayDiv=true, overlayDivW=816, overlayDivH=1056, overlayDivTransform=none, overlayContentTransform=none
[SVG p1] render — 30 objs, viewBox=612x792
[CloudSync][hook] hydrate effect fired {"enabled":true,"documentId":"1a7f57f8-3796-470e-afd2-f38919a873b3","userId":"170d915c-5741-4e0b-b03f-deaeedae27bd","pdfId":"sync-test.pdf-2489"}
[CloudSync][hook] stage=hydrating
[CloudSync][hydrate] loadAllNonHighlightAnnotations start {"documentId":"1a7f57f8-3796-470e-afd2-f38919a873b3"}
[CloudSync][hook] fabric push skipped — not hydrated yet
[CloudSync][hook] callout push skipped — not hydrated yet
[CloudSync][realtime] subscribing {"documentId":"1a7f57f8-3796-470e-afd2-f38919a873b3","currentUserId":"170d915c-5741-4e0b-b03f-deaeedae27bd","currentSessionId":"469faae5-0c3c-4d7b-86ee-13dd34480132","hasFabricInsert":true,"hasFabricUpdate":true,"hasFabricDelete":true,"hasCalloutInsert":true,"hasCalloutUpdate":true,"hasCalloutDelete":true}
[App-Debug p1] PAL render — pageSize={w:612, h:792}, layerScale=1.33333, measuredPageScale=1.33333, committedPageScale=1.33333, legacyCommitCompensationPending=false, legacyCommitCompensationScale=1, overlayContentTransformScale=1, storedOverlayTransformScale=1, syncfusionViewerScale=0.1, overlayDiv=true, overlayDivW=816, overlayDivH=1056, overlayDivTransform=none, overlayContentTransform=none
[SVG p1] render — 30 objs, viewBox=612x792
[DebugBridge +3208.8ms] pdf_loaded {"pageCount":3,"currentPage":1}
[ZoomLive svg p1] {"interactionPhase":"idle","zoomOverlayTransformActive":true,"viewerScale":0.1,"measuredScale":0.1,"committedScale":1.33333,"overlayTransform":"none","overlayTransformScale":1,"pageHostRect":{"w":816,"h":1056,"left":212,"top":87},"overlayLayerRect":{"w":814,"h":1054,"left":213,"top":88},"overlayContentRect":{"w":814,"h":0,"left":213,"top":88},"legacyCompensationRect":{"w":814,"h":1054,"left":213,"top":88},"legacyCompensationTransform":"none","palRootRect":null,"canvasContainerRect":null,"palCanvasRect":null,"regionRootRect":null,"regionSvgRect":null,"regionScreenWidth":0,"regionScreenHeight":0,"svgLayerRect":{"w":814,"h":1054,"left":213,"top":88},"activeSpaceId":null,"activeRegionId":null,"showRegionSelection":false}
[App-Debug p1] PAL render — pageSize={w:612, h:792}, layerScale=1.33333, measuredPageScale=1.33333, committedPageScale=1.33333, legacyCommitCompensationPending=false, legacyCommitCompensationScale=1, overlayContentTransformScale=1, storedOverlayTransformScale=1, syncfusionViewerScale=0.1, overlayDiv=true, overlayDivW=816, overlayDivH=1056, overlayDivTransform=none, overlayContentTransform=none
[SVG p1] render — 30 objs, viewBox=612x792
console.warn @ [LineBboxDiag] getLineBBox log failed {}
console.warn @ [LineBboxDiag] getLineBBox log failed {}
console.warn @ [LineBboxDiag] getLineBBox log failed {}
console.warn @ [LineBboxDiag] getLineBBox log failed {}
console.warn @ [LineBboxDiag] getLineBBox log failed {}
console.warn @ [LineBboxDiag] getLineBBox log failed {}
[App-Debug p1] PAL render — pageSize={w:612, h:792}, layerScale=1.33333, measuredPageScale=1.33333, committedPageScale=1.33333, legacyCommitCompensationPending=false, legacyCommitCompensationScale=1, overlayContentTransformScale=1, storedOverlayTransformScale=1, syncfusionViewerScale=0.1, overlayDiv=true, overlayDivW=816, overlayDivH=1056, overlayDivTransform=none, overlayContentTransform=none
[SVG p1] render — 30 objs, viewBox=612x792
[App-Debug p1] PAL render — pageSize={w:612, h:792}, layerScale=1.19935, measuredPageScale=1.19935, committedPageScale=1.19935, legacyCommitCompensationPending=false, legacyCommitCompensationScale=1, overlayContentTransformScale=1.0082, storedOverlayTransformScale=1, syncfusionViewerScale=0.9, overlayDiv=true, overlayDivW=734, overlayDivH=950, overlayDivTransform=none, overlayContentTransform=scale(1.0082)
[SVG p1] render — 30 objs, viewBox=612x792
[App-Debug p1] PAL render — pageSize={w:612, h:792}, layerScale=1.19935, measuredPageScale=1.19935, committedPageScale=1.19935, legacyCommitCompensationPending=false, legacyCommitCompensationScale=1, overlayContentTransformScale=1.0082, storedOverlayTransformScale=1, syncfusionViewerScale=0.9, overlayDiv=true, overlayDivW=734, overlayDivH=950, overlayDivTransform=none, overlayContentTransform=scale(1.0082)
[SVG p1] render — 30 objs, viewBox=612x792
[App-Debug p1] PAL render — pageSize={w:612, h:792}, layerScale=1.19935, measuredPageScale=1.19935, committedPageScale=1.19935, legacyCommitCompensationPending=false, legacyCommitCompensationScale=1, overlayContentTransformScale=1.0082, storedOverlayTransformScale=1, syncfusionViewerScale=0.9, overlayDiv=true, overlayDivW=734, overlayDivH=950, overlayDivTransform=none, overlayContentTransform=scale(1.0082)
[CloudSync][hydrate] loadAllNonHighlightAnnotations ok {"elapsedMs":168,"totalRows":3,"rowsByType":{"ink":3},"pagesWithObjects":1,"calloutCount":0}
[CloudSync][hook] merging hydrated fabric annotations {"pages":1}
[CloudSync][hook] stage=migrating (one-time local→cloud push)
[CloudSync][hook] hydrate+migrate complete — push gate OPEN {"migrationPushed":0}
[App-Debug p1] PAL render — pageSize={w:612, h:792}, layerScale=1.19935, measuredPageScale=1.19935, committedPageScale=1.19935, legacyCommitCompensationPending=false, legacyCommitCompensationScale=1, overlayContentTransformScale=1.0082, storedOverlayTransformScale=1, syncfusionViewerScale=0.9, overlayDiv=true, overlayDivW=734, overlayDivH=950, overlayDivTransform=none, overlayContentTransform=scale(1.0082)
[LineBboxDiag] renderLine {"ts":"2026-04-26T00:45:26.742Z","objId":null,"index":3,"objType":"line","tool":"line","isArrow":false,"angle":0,"hasMidpoint":false,"dataMidpoint":null,"storageSnapshot":{"left":67.79,"top":356.69,"width":102.19,"height":83.1,"x1":-51.09357798165138,"y1":-41.54862385321101,"x2":51.09357798165138,"y2":41.54862385321101},"specKind":"straight","specLine":{"x1":67.79142201834863,"y1":356.691376146789,"x2":169.97857798165137,"y2":439.788623853211},"specArrowheadKind":"none","rotationApplied":false,"pivotDiag":null}
[LineBboxDiag] renderLine {"ts":"2026-04-26T00:45:26.743Z","objId":null,"index":4,"objType":"line","tool":"arrow","isArrow":true,"angle":0,"hasMidpoint":false,"dataMidpoint":null,"storageSnapshot":{"left":204.79,"top":362.3,"width":101.06,"height":83.1,"x1":-50.53211009174312,"y1":-41.54862385321101,"x2":50.53211009174312,"y2":41.54862385321101},"specKind":"straight","specLine":{"x1":204.7878899082569,"y1":362.30137614678904,"x2":303.7923087957672,"y2":443.7050094542975},"specArrowheadKind":"solidTriangle","rotationApplied":false,"pivotDiag":null}
[Counter SVG p1] dispatching renderCounter — i=9, displayNumber=1, fill=#ef4444, numberColor=unset, left=469.29, top=462.37, radius=14
[LineBboxDiag] renderLine {"ts":"2026-04-26T00:45:26.743Z","objId":null,"index":14,"objType":"line","tool":"line","isArrow":false,"angle":0,"hasMidpoint":false,"dataMidpoint":null,"storageSnapshot":{"left":67.79,"top":356.69,"width":102.19,"height":83.1,"x1":-51.09357798165138,"y1":-41.54862385321101,"x2":51.09357798165138,"y2":41.54862385321101},"specKind":"straight","specLine":{"x1":67.79142201834863,"y1":356.691376146789,"x2":169.97857798165137,"y2":439.788623853211},"specArrowheadKind":"none","rotationApplied":false,"pivotDiag":null}
[LineBboxDiag] renderLine {"ts":"2026-04-26T00:45:26.744Z","objId":null,"index":17,"objType":"line","tool":"line","isArrow":false,"angle":0,"hasMidpoint":false,"dataMidpoint":null,"storageSnapshot":{"left":67.79,"top":356.69,"width":102.19,"height":83.1,"x1":-51.09357798165138,"y1":-41.54862385321101,"x2":51.09357798165138,"y2":41.54862385321101},"specKind":"straight","specLine":{"x1":67.79142201834863,"y1":356.691376146789,"x2":169.97857798165137,"y2":439.788623853211},"specArrowheadKind":"none","rotationApplied":false,"pivotDiag":null}
[LineBboxDiag] renderLine {"ts":"2026-04-26T00:45:26.744Z","objId":null,"index":21,"objType":"line","tool":"arrow","isArrow":true,"angle":0,"hasMidpoint":false,"dataMidpoint":null,"storageSnapshot":{"left":204.79,"top":362.3,"width":101.06,"height":83.1,"x1":-50.53211009174312,"y1":-41.54862385321101,"x2":50.53211009174312,"y2":41.54862385321101},"specKind":"straight","specLine":{"x1":204.7878899082569,"y1":362.30137614678904,"x2":303.7923087957672,"y2":443.7050094542975},"specArrowheadKind":"solidTriangle","rotationApplied":false,"pivotDiag":null}
[LineBboxDiag] renderLine {"ts":"2026-04-26T00:45:26.744Z","objId":null,"index":22,"objType":"line","tool":"arrow","isArrow":true,"angle":0,"hasMidpoint":false,"dataMidpoint":null,"storageSnapshot":{"left":204.79,"top":362.3,"width":101.06,"height":83.1,"x1":-50.53211009174312,"y1":-41.54862385321101,"x2":50.53211009174312,"y2":41.54862385321101},"specKind":"straight","specLine":{"x1":204.7878899082569,"y1":362.30137614678904,"x2":303.7923087957672,"y2":443.7050094542975},"specArrowheadKind":"solidTriangle","rotationApplied":false,"pivotDiag":null}
[Counter SVG p1] dispatching renderCounter — i=26, displayNumber=2, fill=#ef4444, numberColor=unset, left=470.05, top=499.76, radius=14
[Counter SVG p1] dispatching renderCounter — i=27, displayNumber=1, fill=#ef4444, numberColor=unset, left=389.68, top=661.32, radius=14
[Counter SVG p1] dispatching renderCounter — i=29, displayNumber=3, fill=#ef4444, numberColor=unset, left=470.94, top=558.85, radius=14
[SVG p1] render — 33 objs, viewBox=612x792
[SVG p1] MOUNT — 33 annotations, 0 callouts, viewBox=612x792
[CloudSync][hook] fabric state changed — debounce push scheduled {"pageCount":1,"objectCount":33,"debounceMs":800}
[App-Debug p1] PAL render — pageSize={w:612, h:792}, layerScale=1.19935, measuredPageScale=1.19935, committedPageScale=1.19935, legacyCommitCompensationPending=false, legacyCommitCompensationScale=1, overlayContentTransformScale=1.0082, storedOverlayTransformScale=1, syncfusionViewerScale=0.9, overlayDiv=true, overlayDivW=734, overlayDivH=950, overlayDivTransform=none, overlayContentTransform=scale(1.0082)
[SVG p1] render — 33 objs, viewBox=612x792
[App-Debug p1] PAL render — pageSize={w:612, h:792}, layerScale=1.19935, measuredPageScale=1.19935, committedPageScale=1.19935, legacyCommitCompensationPending=false, legacyCommitCompensationScale=1, overlayContentTransformScale=1.0082, storedOverlayTransformScale=1, syncfusionViewerScale=0.9, overlayDiv=true, overlayDivW=734, overlayDivH=950, overlayDivTransform=none, overlayContentTransform=scale(1.0082)
[App-Debug p1] PAL render — pageSize={w:612, h:792}, layerScale=1.19935, measuredPageScale=1.19935, committedPageScale=1.19935, legacyCommitCompensationPending=false, legacyCommitCompensationScale=1, overlayContentTransformScale=1.0082, storedOverlayTransformScale=1, syncfusionViewerScale=0.9, overlayDiv=true, overlayDivW=734, overlayDivH=950, overlayDivTransform=none, overlayContentTransform=scale(1.0082)
[SVG p1] render — 33 objs, viewBox=612x792
[App-Debug p1] PAL render — pageSize={w:612, h:792}, layerScale=1.19935, measuredPageScale=1.19935, committedPageScale=1.19935, legacyCommitCompensationPending=false, legacyCommitCompensationScale=1, overlayContentTransformScale=1.0082, storedOverlayTransformScale=1, syncfusionViewerScale=0.9, overlayDiv=true, overlayDivW=734, overlayDivH=950, overlayDivTransform=none, overlayContentTransform=scale(1.0082)
[ZoomLive svg p1] {"interactionPhase":"idle","zoomOverlayTransformActive":true,"viewerScale":0.9,"measuredScale":1.19935,"committedScale":1.19935,"overlayTransform":"scale(1.0082)","overlayTransformScale":1.0082,"pageHostRect":{"w":734.398,"h":950.398,"left":252.797,"top":86.195},"overlayLayerRect":{"w":732.398,"h":948.398,"left":253.797,"top":87.195},"overlayContentRect":{"w":738.407,"h":0,"left":253.797,"top":87.195},"legacyCompensationRect":{"w":738.407,"h":0,"left":253.797,"top":87.195},"legacyCompensationTransform":"none","palRootRect":null,"canvasContainerRect":null,"palCanvasRect":null,"regionRootRect":null,"regionSvgRect":null,"regionScreenWidth":0,"regionScreenHeight":0,"svgLayerRect":{"w":732.398,"h":948.398,"left":253.797,"top":87.195},"activeSpaceId":null,"activeRegionId":null,"showRegionSelection":false}
[App-Debug p1] PAL render — pageSize={w:612, h:792}, layerScale=1.19935, measuredPageScale=1.19935, committedPageScale=1.19935, legacyCommitCompensationPending=false, legacyCommitCompensationScale=1, overlayContentTransformScale=1.0082, storedOverlayTransformScale=1, syncfusionViewerScale=0.9, overlayDiv=true, overlayDivW=734, overlayDivH=950, overlayDivTransform=none, overlayContentTransform=scale(1.0082)
[SVG p1] render — 33 objs, viewBox=612x792
console.warn @ [LineBboxDiag] getLineBBox log failed {}
console.warn @ [LineBboxDiag] getLineBBox log failed {}
console.warn @ [LineBboxDiag] getLineBBox log failed {}
console.warn @ [LineBboxDiag] getLineBBox log failed {}
console.warn @ [LineBboxDiag] getLineBBox log failed {}
console.warn @ [LineBboxDiag] getLineBBox log failed {}
[App-Debug p1] PAL render — pageSize={w:612, h:792}, layerScale=1.19935, measuredPageScale=1.19935, committedPageScale=1.19935, legacyCommitCompensationPending=false, legacyCommitCompensationScale=1, overlayContentTransformScale=1.0082, storedOverlayTransformScale=1, syncfusionViewerScale=0.9, overlayDiv=true, overlayDivW=734, overlayDivH=950, overlayDivTransform=none, overlayContentTransform=scale(1.0082)
[App-Debug p1] PAL render — pageSize={w:612, h:792}, layerScale=1.19935, measuredPageScale=0.89379, committedPageScale=1.19935, legacyCommitCompensationPending=false, legacyCommitCompensationScale=1, overlayContentTransformScale=0.750552, storedOverlayTransformScale=1, syncfusionViewerScale=0.67, overlayDiv=true, overlayDivW=547, overlayDivH=708, overlayDivTransform=none, overlayContentTransform=scale(0.750552)
[SVG p1] render — 33 objs, viewBox=612x792
[App-Debug p1] PAL render — pageSize={w:612, h:792}, layerScale=0.89379, measuredPageScale=0.89379, committedPageScale=0.89379, legacyCommitCompensationPending=false, legacyCommitCompensationScale=1, overlayContentTransformScale=0.750552, storedOverlayTransformScale=1, syncfusionViewerScale=0.67, overlayDiv=true, overlayDivW=547, overlayDivH=708, overlayDivTransform=none, overlayContentTransform=scale(0.750552)
[SVG p1] render — 33 objs, viewBox=612x792
[App-Debug p1] PAL render — pageSize={w:612, h:792}, layerScale=0.89379, measuredPageScale=0.89379, committedPageScale=0.89379, legacyCommitCompensationPending=false, legacyCommitCompensationScale=1, overlayContentTransformScale=0.750552, storedOverlayTransformScale=1, syncfusionViewerScale=0.67, overlayDiv=true, overlayDivW=547, overlayDivH=708, overlayDivTransform=none, overlayContentTransform=scale(0.750552)
[App-Debug p1] PAL render — pageSize={w:612, h:792}, layerScale=0.89379, measuredPageScale=0.89379, committedPageScale=0.89379, legacyCommitCompensationPending=false, legacyCommitCompensationScale=1, overlayContentTransformScale=0.750552, storedOverlayTransformScale=1, syncfusionViewerScale=0.67, overlayDiv=true, overlayDivW=547, overlayDivH=708, overlayDivTransform=none, overlayContentTransform=scale(0.750552)
[SVG p1] render — 33 objs, viewBox=612x792
console.warn @ [LineBboxDiag] getLineBBox log failed {}
console.warn @ [LineBboxDiag] getLineBBox log failed {}
console.warn @ [LineBboxDiag] getLineBBox log failed {}
console.warn @ [LineBboxDiag] getLineBBox log failed {}
console.warn @ [LineBboxDiag] getLineBBox log failed {}
console.warn @ [LineBboxDiag] getLineBBox log failed {}
[App-Debug p1] PAL render — pageSize={w:612, h:792}, layerScale=0.89379, measuredPageScale=0.89379, committedPageScale=0.89379, legacyCommitCompensationPending=false, legacyCommitCompensationScale=1, overlayContentTransformScale=0.750552, storedOverlayTransformScale=1, syncfusionViewerScale=0.67, overlayDiv=true, overlayDivW=547, overlayDivH=708, overlayDivTransform=none, overlayContentTransform=scale(0.750552)
[CloudSync][realtime] subscribe status {"status":"SUBSCRIBED","error":null}
[CloudSync][hydrate] loadAllNonHighlightAnnotations start {"documentId":"1a7f57f8-3796-470e-afd2-f38919a873b3"}
[ZoomLive svg p1] {"interactionPhase":"idle","zoomOverlayTransformActive":true,"viewerScale":0.67,"measuredScale":0.89379,"committedScale":0.89379,"overlayTransform":"scale(0.750552)","overlayTransformScale":0.75055,"pageHostRect":{"w":546.719,"h":707.516,"left":346.633,"top":84.359},"overlayLayerRect":{"w":544.719,"h":705.516,"left":347.633,"top":85.359},"overlayContentRect":{"w":408.84,"h":0,"left":347.633,"top":85.359},"legacyCompensationRect":{"w":408.84,"h":0,"left":347.633,"top":85.359},"legacyCompensationTransform":"none","palRootRect":null,"canvasContainerRect":null,"palCanvasRect":null,"regionRootRect":null,"regionSvgRect":null,"regionScreenWidth":0,"regionScreenHeight":0,"svgLayerRect":{"w":544.719,"h":705.516,"left":347.633,"top":85.359},"activeSpaceId":null,"activeRegionId":null,"showRegionSelection":false}
[CloudSync][hydrate] loadAllNonHighlightAnnotations ok {"elapsedMs":49,"totalRows":3,"rowsByType":{"ink":3},"pagesWithObjects":1,"calloutCount":0}
[CloudSync][hook] post-subscribe catch-up rehydrate complete {"pagesFromCloud":1,"calloutsFromCloud":0}
[App-Debug p1] PAL render — pageSize={w:612, h:792}, layerScale=0.89379, measuredPageScale=0.89379, committedPageScale=0.89379, legacyCommitCompensationPending=false, legacyCommitCompensationScale=1, overlayContentTransformScale=0.750552, storedOverlayTransformScale=1, syncfusionViewerScale=0.67, overlayDiv=true, overlayDivW=547, overlayDivH=708, overlayDivTransform=none, overlayContentTransform=scale(0.750552)
[LineBboxDiag] renderLine {"ts":"2026-04-26T00:45:27.088Z","objId":null,"index":3,"objType":"line","tool":"line","isArrow":false,"angle":0,"hasMidpoint":false,"dataMidpoint":null,"storageSnapshot":{"left":67.79,"top":356.69,"width":102.19,"height":83.1,"x1":-51.09357798165138,"y1":-41.54862385321101,"x2":51.09357798165138,"y2":41.54862385321101},"specKind":"straight","specLine":{"x1":67.79142201834863,"y1":356.691376146789,"x2":169.97857798165137,"y2":439.788623853211},"specArrowheadKind":"none","rotationApplied":false,"pivotDiag":null}
[LineBboxDiag] renderLine {"ts":"2026-04-26T00:45:27.088Z","objId":null,"index":4,"objType":"line","tool":"arrow","isArrow":true,"angle":0,"hasMidpoint":false,"dataMidpoint":null,"storageSnapshot":{"left":204.79,"top":362.3,"width":101.06,"height":83.1,"x1":-50.53211009174312,"y1":-41.54862385321101,"x2":50.53211009174312,"y2":41.54862385321101},"specKind":"straight","specLine":{"x1":204.7878899082569,"y1":362.30137614678904,"x2":303.7923087957672,"y2":443.7050094542975},"specArrowheadKind":"solidTriangle","rotationApplied":false,"pivotDiag":null}
[Counter SVG p1] dispatching renderCounter — i=9, displayNumber=1, fill=#ef4444, numberColor=unset, left=469.29, top=462.37, radius=14
[LineBboxDiag] renderLine {"ts":"2026-04-26T00:45:27.088Z","objId":null,"index":14,"objType":"line","tool":"line","isArrow":false,"angle":0,"hasMidpoint":false,"dataMidpoint":null,"storageSnapshot":{"left":67.79,"top":356.69,"width":102.19,"height":83.1,"x1":-51.09357798165138,"y1":-41.54862385321101,"x2":51.09357798165138,"y2":41.54862385321101},"specKind":"straight","specLine":{"x1":67.79142201834863,"y1":356.691376146789,"x2":169.97857798165137,"y2":439.788623853211},"specArrowheadKind":"none","rotationApplied":false,"pivotDiag":null}
[LineBboxDiag] renderLine {"ts":"2026-04-26T00:45:27.088Z","objId":null,"index":17,"objType":"line","tool":"line","isArrow":false,"angle":0,"hasMidpoint":false,"dataMidpoint":null,"storageSnapshot":{"left":67.79,"top":356.69,"width":102.19,"height":83.1,"x1":-51.09357798165138,"y1":-41.54862385321101,"x2":51.09357798165138,"y2":41.54862385321101},"specKind":"straight","specLine":{"x1":67.79142201834863,"y1":356.691376146789,"x2":169.97857798165137,"y2":439.788623853211},"specArrowheadKind":"none","rotationApplied":false,"pivotDiag":null}
[LineBboxDiag] renderLine {"ts":"2026-04-26T00:45:27.088Z","objId":null,"index":21,"objType":"line","tool":"arrow","isArrow":true,"angle":0,"hasMidpoint":false,"dataMidpoint":null,"storageSnapshot":{"left":204.79,"top":362.3,"width":101.06,"height":83.1,"x1":-50.53211009174312,"y1":-41.54862385321101,"x2":50.53211009174312,"y2":41.54862385321101},"specKind":"straight","specLine":{"x1":204.7878899082569,"y1":362.30137614678904,"x2":303.7923087957672,"y2":443.7050094542975},"specArrowheadKind":"solidTriangle","rotationApplied":false,"pivotDiag":null}
[LineBboxDiag] renderLine {"ts":"2026-04-26T00:45:27.089Z","objId":null,"index":22,"objType":"line","tool":"arrow","isArrow":true,"angle":0,"hasMidpoint":false,"dataMidpoint":null,"storageSnapshot":{"left":204.79,"top":362.3,"width":101.06,"height":83.1,"x1":-50.53211009174312,"y1":-41.54862385321101,"x2":50.53211009174312,"y2":41.54862385321101},"specKind":"straight","specLine":{"x1":204.7878899082569,"y1":362.30137614678904,"x2":303.7923087957672,"y2":443.7050094542975},"specArrowheadKind":"solidTriangle","rotationApplied":false,"pivotDiag":null}
[Counter SVG p1] dispatching renderCounter — i=26, displayNumber=2, fill=#ef4444, numberColor=unset, left=470.05, top=499.76, radius=14
[Counter SVG p1] dispatching renderCounter — i=27, displayNumber=1, fill=#ef4444, numberColor=unset, left=389.68, top=661.32, radius=14
[Counter SVG p1] dispatching renderCounter — i=29, displayNumber=3, fill=#ef4444, numberColor=unset, left=470.94, top=558.85, radius=14
[SVG p1] render — 33 objs, viewBox=612x792
[App-Debug p1] PAL render — pageSize={w:612, h:792}, layerScale=0.89379, measuredPageScale=0.89379, committedPageScale=0.89379, legacyCommitCompensationPending=false, legacyCommitCompensationScale=1, overlayContentTransformScale=0.750552, storedOverlayTransformScale=1, syncfusionViewerScale=0.67, overlayDiv=true, overlayDivW=547, overlayDivH=708, overlayDivTransform=none, overlayContentTransform=scale(0.750552)
[SVG p1] render — 33 objs, viewBox=612x792
[App-Debug p1] PAL render — pageSize={w:612, h:792}, layerScale=0.89379, measuredPageScale=0.89379, committedPageScale=0.89379, legacyCommitCompensationPending=false, legacyCommitCompensationScale=1, overlayContentTransformScale=0.750552, storedOverlayTransformScale=1, syncfusionViewerScale=0.67, overlayDiv=true, overlayDivW=547, overlayDivH=708, overlayDivTransform=none, overlayContentTransform=scale(0.750552)
[App-Debug p1] PAL render — pageSize={w:612, h:792}, layerScale=0.89379, measuredPageScale=0.89379, committedPageScale=0.89379, legacyCommitCompensationPending=false, legacyCommitCompensationScale=1, overlayContentTransformScale=0.750552, storedOverlayTransformScale=1, syncfusionViewerScale=0.67, overlayDiv=true, overlayDivW=547, overlayDivH=708, overlayDivTransform=none, overlayContentTransform=scale(0.750552)
[SVG p1] render — 33 objs, viewBox=612x792
console.warn @ [LineBboxDiag] getLineBBox log failed {}
console.warn @ [LineBboxDiag] getLineBBox log failed {}
console.warn @ [LineBboxDiag] getLineBBox log failed {}
console.warn @ [LineBboxDiag] getLineBBox log failed {}
console.warn @ [LineBboxDiag] getLineBBox log failed {}
console.warn @ [LineBboxDiag] getLineBBox log failed {}
[App-Debug p1] PAL render — pageSize={w:612, h:792}, layerScale=0.89379, measuredPageScale=0.89379, committedPageScale=0.89379, legacyCommitCompensationPending=false, legacyCommitCompensationScale=1, overlayContentTransformScale=0.750552, storedOverlayTransformScale=1, syncfusionViewerScale=0.67, overlayDiv=true, overlayDivW=547, overlayDivH=708, overlayDivTransform=none, overlayContentTransform=scale(0.750552)
[SVG p1] render — 33 objs, viewBox=612x792
[App-Debug p1] PAL render — pageSize={w:612, h:792}, layerScale=0.89379, measuredPageScale=0.89379, committedPageScale=0.89379, legacyCommitCompensationPending=false, legacyCommitCompensationScale=1, overlayContentTransformScale=0.750552, storedOverlayTransformScale=1, syncfusionViewerScale=0.67, overlayDiv=true, overlayDivW=547, overlayDivH=708, overlayDivTransform=none, overlayContentTransform=scale(0.750552)
[App-Debug p1] PAL render — pageSize={w:612, h:792}, layerScale=0.89379, measuredPageScale=0.89379, committedPageScale=0.89379, legacyCommitCompensationPending=false, legacyCommitCompensationScale=1, overlayContentTransformScale=0.750552, storedOverlayTransformScale=1, syncfusionViewerScale=0.67, overlayDiv=true, overlayDivW=547, overlayDivH=708, overlayDivTransform=none, overlayContentTransform=scale(0.750552)
[SVG p1] render — 33 objs, viewBox=612x792
[App-Debug p1] PAL render — pageSize={w:612, h:792}, layerScale=0.89379, measuredPageScale=0.89379, committedPageScale=0.89379, legacyCommitCompensationPending=false, legacyCommitCompensationScale=1, overlayContentTransformScale=0.750552, storedOverlayTransformScale=1, syncfusionViewerScale=0.67, overlayDiv=true, overlayDivW=547, overlayDivH=708, overlayDivTransform=none, overlayContentTransform=scale(0.750552)
[ZoomLive svg p1] {"interactionPhase":"idle","zoomOverlayTransformActive":true,"viewerScale":0.67,"measuredScale":0.89379,"committedScale":0.89379,"overlayTransform":"scale(0.750552)","overlayTransformScale":0.75055,"pageHostRect":{"w":546.719,"h":707.516,"left":346.633,"top":84.359},"overlayLayerRect":{"w":544.719,"h":705.516,"left":347.633,"top":85.359},"overlayContentRect":{"w":408.84,"h":0,"left":347.633,"top":85.359},"legacyCompensationRect":{"w":408.84,"h":0,"left":347.633,"top":85.359},"legacyCompensationTransform":"none","palRootRect":null,"canvasContainerRect":null,"palCanvasRect":null,"regionRootRect":null,"regionSvgRect":null,"regionScreenWidth":0,"regionScreenHeight":0,"svgLayerRect":{"w":544.719,"h":705.516,"left":347.633,"top":85.359},"activeSpaceId":null,"activeRegionId":null,"showRegionSelection":false}
[HyperlinkDiag] post-load scan {"hyperlinkCount":0,"samples":[]}
[HyperlinkDiag] page 1 layers {"hyperlinkChildren":0,"layerClasses":["DIV","e-spinner-pane e-spin-show","e-pv-page-canvas","DIV","e-pv-annotation-canvas","e-pv-text-layer"]}
[HyperlinkDiag] page 2 layers {"hyperlinkChildren":0,"layerClasses":["DIV","e-spinner-pane e-spin-show","e-pv-page-canvas","DIV","e-pv-annotation-canvas","e-pv-text-layer"]}
[HyperlinkDiag] page 3 layers {"hyperlinkChildren":0,"layerClasses":["DIV","e-spinner-pane e-spin-show","e-pv-page-canvas","DIV","e-pv-annotation-canvas","e-pv-text-layer"]}
[ZoomLive svg p1] {"interactionPhase":"idle","zoomOverlayTransformActive":true,"viewerScale":0.67,"measuredScale":0.89379,"committedScale":0.89379,"overlayTransform":"scale(0.750552)","overlayTransformScale":0.75055,"pageHostRect":{"w":546.719,"h":707.516,"left":346.633,"top":84.359},"overlayLayerRect":{"w":544.719,"h":705.516,"left":347.633,"top":85.359},"overlayContentRect":{"w":408.84,"h":0,"left":347.633,"top":85.359},"legacyCompensationRect":{"w":408.84,"h":0,"left":347.633,"top":85.359},"legacyCompensationTransform":"none","palRootRect":null,"canvasContainerRect":null,"palCanvasRect":null,"regionRootRect":null,"regionSvgRect":null,"regionScreenWidth":0,"regionScreenHeight":0,"svgLayerRect":{"w":544.719,"h":705.516,"left":347.633,"top":85.359},"activeSpaceId":null,"activeRegionId":null,"showRegionSelection":false}
[App-Debug p1] PAL render — pageSize={w:612, h:792}, layerScale=0.89379, measuredPageScale=0.89379, committedPageScale=0.89379, legacyCommitCompensationPending=false, legacyCommitCompensationScale=1, overlayContentTransformScale=0.750552, storedOverlayTransformScale=1, syncfusionViewerScale=0.67, overlayDiv=true, overlayDivW=547, overlayDivH=708, overlayDivTransform=none, overlayContentTransform=scale(0.750552)
[SVG p1] render — 33 objs, viewBox=612x792
console.warn @ [LineBboxDiag] getLineBBox log failed {}
console.warn @ [LineBboxDiag] getLineBBox log failed {}
console.warn @ [LineBboxDiag] getLineBBox log failed {}
console.warn @ [LineBboxDiag] getLineBBox log failed {}
console.warn @ [LineBboxDiag] getLineBBox log failed {}
console.warn @ [LineBboxDiag] getLineBBox log failed {}
[App-Debug p1] PAL render — pageSize={w:612, h:792}, layerScale=0.89379, measuredPageScale=0.89379, committedPageScale=0.89379, legacyCommitCompensationPending=false, legacyCommitCompensationScale=1, overlayContentTransformScale=0.750552, storedOverlayTransformScale=1, syncfusionViewerScale=0.67, overlayDiv=true, overlayDivW=547, overlayDivH=708, overlayDivTransform=none, overlayContentTransform=scale(0.750552)
[App-Debug p1] PAL render — pageSize={w:612, h:792}, layerScale=0.89379, measuredPageScale=0.89379, committedPageScale=0.89379, legacyCommitCompensationPending=false, legacyCommitCompensationScale=1, overlayContentTransformScale=0.750552, storedOverlayTransformScale=1, syncfusionViewerScale=0.67, overlayDiv=true, overlayDivW=547, overlayDivH=708, overlayDivTransform=none, overlayContentTransform=scale(0.750552)
[SVG p1] render — 33 objs, viewBox=612x792
[SVG p1] render — 33 objs, viewBox=612x792
[ZoomLive svg p2] {"interactionPhase":"idle","zoomOverlayTransformActive":true,"viewerScale":0.67,"measuredScale":0.89379,"committedScale":0.89379,"overlayTransform":"none","overlayTransformScale":1,"pageHostRect":{"w":546.719,"h":707.516,"left":346.633,"top":147.234},"overlayLayerRect":null,"overlayContentRect":null,"legacyCompensationRect":null,"legacyCompensationTransform":"none","palRootRect":null,"canvasContainerRect":null,"palCanvasRect":null,"regionRootRect":null,"regionSvgRect":null,"regionScreenWidth":0,"regionScreenHeight":0,"svgLayerRect":null,"activeSpaceId":null,"activeRegionId":null,"showRegionSelection":false}
[DebugBridge +4543.9ms] zoom_end {"source":"zoomChange_settle"}
[SVG p1] render — 33 objs, viewBox=612x792
console.warn @ [LineBboxDiag] getLineBBox log failed {}
console.warn @ [LineBboxDiag] getLineBBox log failed {}
console.warn @ [LineBboxDiag] getLineBBox log failed {}
console.warn @ [LineBboxDiag] getLineBBox log failed {}
console.warn @ [LineBboxDiag] getLineBBox log failed {}
console.warn @ [LineBboxDiag] getLineBBox log failed {}
[SVG p1] render — 33 objs, viewBox=612x792
[SVG p1] render — 33 objs, viewBox=612x792
[SVG p1] render — 33 objs, viewBox=612x792
[SVG p1] render — 33 objs, viewBox=612x792
[SVG p1] render — 33 objs, viewBox=612x792
console.warn @ [LineBboxDiag] getLineBBox log failed {}
console.warn @ [LineBboxDiag] getLineBBox log failed {}
console.warn @ [LineBboxDiag] getLineBBox log failed {}
console.warn @ [LineBboxDiag] getLineBBox log failed {}
console.warn @ [LineBboxDiag] getLineBBox log failed {}
console.warn @ [LineBboxDiag] getLineBBox log failed {}
[SVG p1] render — 33 objs, viewBox=612x792
console.warn @ [LineBboxDiag] getLineBBox log failed {}
console.warn @ [LineBboxDiag] getLineBBox log failed {}
console.warn @ [LineBboxDiag] getLineBBox log failed {}
console.warn @ [LineBboxDiag] getLineBBox log failed {}
console.warn @ [LineBboxDiag] getLineBBox log failed {}
console.warn @ [LineBboxDiag] getLineBBox log failed {}
[SVG p1] render — 33 objs, viewBox=612x792
[SVG p1] render — 33 objs, viewBox=612x792
console.warn @ [LineBboxDiag] getLineBBox log failed {}
console.warn @ [LineBboxDiag] getLineBBox log failed {}
console.warn @ [LineBboxDiag] getLineBBox log failed {}
console.warn @ [LineBboxDiag] getLineBBox log failed {}
console.warn @ [LineBboxDiag] getLineBBox log failed {}
console.warn @ [LineBboxDiag] getLineBBox log failed {}
[App-Debug p1] PAL render — pageSize={w:612, h:792}, layerScale=0.89379, measuredPageScale=0.89379, committedPageScale=0.89379, legacyCommitCompensationPending=false, legacyCommitCompensationScale=1, overlayContentTransformScale=0.750552, storedOverlayTransformScale=1, syncfusionViewerScale=0.67, overlayDiv=true, overlayDivW=547, overlayDivH=708, overlayDivTransform=none, overlayContentTransform=scale(0.750552)
[SVG p1] render — 33 objs, viewBox=612x792
[App-Debug p1] PAL render — pageSize={w:612, h:792}, layerScale=0.89379, measuredPageScale=0.89379, committedPageScale=0.89379, legacyCommitCompensationPending=false, legacyCommitCompensationScale=1, overlayContentTransformScale=0.750552, storedOverlayTransformScale=1, syncfusionViewerScale=0.67, overlayDiv=true, overlayDivW=547, overlayDivH=708, overlayDivTransform=none, overlayContentTransform=scale(0.750552)
[App-Debug p1] PAL render — pageSize={w:612, h:792}, layerScale=0.89379, measuredPageScale=0.89379, committedPageScale=0.89379, legacyCommitCompensationPending=false, legacyCommitCompensationScale=1, overlayContentTransformScale=0.750552, storedOverlayTransformScale=1, syncfusionViewerScale=0.67, overlayDiv=true, overlayDivW=547, overlayDivH=708, overlayDivTransform=none, overlayContentTransform=scale(0.750552)
[SVG p1] render — 33 objs, viewBox=612x792
console.warn @ [LineBboxDiag] getLineBBox log failed {}
console.warn @ [LineBboxDiag] getLineBBox log failed {}
console.warn @ [LineBboxDiag] getLineBBox log failed {}
console.warn @ [LineBboxDiag] getLineBBox log failed {}
console.warn @ [LineBboxDiag] getLineBBox log failed {}
console.warn @ [LineBboxDiag] getLineBBox log failed {}
[App-Debug p1] PAL render — pageSize={w:612, h:792}, layerScale=0.89379, measuredPageScale=0.89379, committedPageScale=0.89379, legacyCommitCompensationPending=false, legacyCommitCompensationScale=1, overlayContentTransformScale=0.750552, storedOverlayTransformScale=1, syncfusionViewerScale=0.67, overlayDiv=true, overlayDivW=547, overlayDivH=708, overlayDivTransform=none, overlayContentTransform=scale(0.750552)
[App-Debug p1] PAL render — pageSize={w:612, h:792}, layerScale=0.89379, measuredPageScale=0.89379, committedPageScale=0.89379, legacyCommitCompensationPending=false, legacyCommitCompensationScale=1, overlayContentTransformScale=0.750552, storedOverlayTransformScale=1, syncfusionViewerScale=0.67, overlayDiv=true, overlayDivW=547, overlayDivH=708, overlayDivTransform=none, overlayContentTransform=scale(0.750552)
[SVG p1] render — 33 objs, viewBox=612x792
[App-Debug p1] PAL render — pageSize={w:612, h:792}, layerScale=0.89379, measuredPageScale=0.89379, committedPageScale=0.89379, legacyCommitCompensationPending=false, legacyCommitCompensationScale=1, overlayContentTransformScale=0.750552, storedOverlayTransformScale=1, syncfusionViewerScale=0.67, overlayDiv=true, overlayDivW=547, overlayDivH=708, overlayDivTransform=none, overlayContentTransform=scale(0.750552)
[SVG p1] render — 33 objs, viewBox=612x792
console.warn @ [LineBboxDiag] getLineBBox log failed {}
console.warn @ [LineBboxDiag] getLineBBox log failed {}
console.warn @ [LineBboxDiag] getLineBBox log failed {}
console.warn @ [LineBboxDiag] getLineBBox log failed {}
console.warn @ [LineBboxDiag] getLineBBox log failed {}
console.warn @ [LineBboxDiag] getLineBBox log failed {}
[App-Debug p1] PAL render — pageSize={w:612, h:792}, layerScale=0.89379, measuredPageScale=0.89379, committedPageScale=0.89379, legacyCommitCompensationPending=false, legacyCommitCompensationScale=1, overlayContentTransformScale=0.750552, storedOverlayTransformScale=1, syncfusionViewerScale=0.67, overlayDiv=true, overlayDivW=547, overlayDivH=708, overlayDivTransform=none, overlayContentTransform=scale(0.750552)
[App-Debug p1] PAL render — pageSize={w:612, h:792}, layerScale=0.89379, measuredPageScale=0.89379, committedPageScale=0.89379, legacyCommitCompensationPending=false, legacyCommitCompensationScale=1, overlayContentTransformScale=0.750552, storedOverlayTransformScale=1, syncfusionViewerScale=0.67, overlayDiv=true, overlayDivW=547, overlayDivH=708, overlayDivTransform=none, overlayContentTransform=scale(0.750552)
[SVG p1] render — 33 objs, viewBox=612x792
[SVG p1] render — 33 objs, viewBox=612x792
[SVG p1] render — 33 objs, viewBox=612x792
console.warn @ [LineBboxDiag] getLineBBox log failed {}
console.warn @ [LineBboxDiag] getLineBBox log failed {}
console.warn @ [LineBboxDiag] getLineBBox log failed {}
console.warn @ [LineBboxDiag] getLineBBox log failed {}
console.warn @ [LineBboxDiag] getLineBBox log failed {}
console.warn @ [LineBboxDiag] getLineBBox log failed {}
[SVG p1] render — 33 objs, viewBox=612x792
[SVG p1] render — 33 objs, viewBox=612x792
console.warn @ [LineBboxDiag] getLineBBox log failed {}
console.warn @ [LineBboxDiag] getLineBBox log failed {}
console.warn @ [LineBboxDiag] getLineBBox log failed {}
console.warn @ [LineBboxDiag] getLineBBox log failed {}
console.warn @ [LineBboxDiag] getLineBBox log failed {}
console.warn @ [LineBboxDiag] getLineBBox log failed {}
[SVG p1] render — 33 objs, viewBox=612x792
console.warn @ [LineBboxDiag] getLineBBox log failed {}
console.warn @ [LineBboxDiag] getLineBBox log failed {}
console.warn @ [LineBboxDiag] getLineBBox log failed {}
console.warn @ [LineBboxDiag] getLineBBox log failed {}
console.warn @ [LineBboxDiag] getLineBBox log failed {}
console.warn @ [LineBboxDiag] getLineBBox log failed {}
[SVG p1] render — 33 objs, viewBox=612x792
[SVG p1] render — 33 objs, viewBox=612x792
console.warn @ [LineBboxDiag] getLineBBox log failed {}
console.warn @ [LineBboxDiag] getLineBBox log failed {}
console.warn @ [LineBboxDiag] getLineBBox log failed {}
console.warn @ [LineBboxDiag] getLineBBox log failed {}
console.warn @ [LineBboxDiag] getLineBBox log failed {}
console.warn @ [LineBboxDiag] getLineBBox log failed {}
[App-Debug p1] PAL render — pageSize={w:612, h:792}, layerScale=0.89379, measuredPageScale=0.89379, committedPageScale=0.89379, legacyCommitCompensationPending=false, legacyCommitCompensationScale=1, overlayContentTransformScale=0.750552, storedOverlayTransformScale=1, syncfusionViewerScale=0.67, overlayDiv=true, overlayDivW=547, overlayDivH=708, overlayDivTransform=none, overlayContentTransform=scale(0.750552)
[SVG p1] render — 33 objs, viewBox=612x792
[App-Debug p1] PAL render — pageSize={w:612, h:792}, layerScale=0.89379, measuredPageScale=0.89379, committedPageScale=0.89379, legacyCommitCompensationPending=false, legacyCommitCompensationScale=1, overlayContentTransformScale=0.750552, storedOverlayTransformScale=1, syncfusionViewerScale=0.67, overlayDiv=true, overlayDivW=547, overlayDivH=708, overlayDivTransform=none, overlayContentTransform=scale(0.750552)
[App-Debug p1] PAL render — pageSize={w:612, h:792}, layerScale=0.89379, measuredPageScale=0.89379, committedPageScale=0.89379, legacyCommitCompensationPending=false, legacyCommitCompensationScale=1, overlayContentTransformScale=0.750552, storedOverlayTransformScale=1, syncfusionViewerScale=0.67, overlayDiv=true, overlayDivW=547, overlayDivH=708, overlayDivTransform=none, overlayContentTransform=scale(0.750552)
[SVG p1] render — 33 objs, viewBox=612x792
console.warn @ [LineBboxDiag] getLineBBox log failed {}
console.warn @ [LineBboxDiag] getLineBBox log failed {}
console.warn @ [LineBboxDiag] getLineBBox log failed {}
console.warn @ [LineBboxDiag] getLineBBox log failed {}
console.warn @ [LineBboxDiag] getLineBBox log failed {}
console.warn @ [LineBboxDiag] getLineBBox log failed {}
[App-Debug p1] PAL render — pageSize={w:612, h:792}, layerScale=0.89379, measuredPageScale=0.89379, committedPageScale=0.89379, legacyCommitCompensationPending=false, legacyCommitCompensationScale=1, overlayContentTransformScale=0.750552, storedOverlayTransformScale=1, syncfusionViewerScale=0.67, overlayDiv=true, overlayDivW=547, overlayDivH=708, overlayDivTransform=none, overlayContentTransform=scale(0.750552)
[SVG p1] render — 33 objs, viewBox=612x792
console.warn @ [LineBboxDiag] getLineBBox log failed {}
console.warn @ [LineBboxDiag] getLineBBox log failed {}
console.warn @ [LineBboxDiag] getLineBBox log failed {}
console.warn @ [LineBboxDiag] getLineBBox log failed {}
console.warn @ [LineBboxDiag] getLineBBox log failed {}
console.warn @ [LineBboxDiag] getLineBBox log failed {}
[App-Debug p1] PAL render — pageSize={w:612, h:792}, layerScale=0.89379, measuredPageScale=0.89379, committedPageScale=0.89379, legacyCommitCompensationPending=false, legacyCommitCompensationScale=1, overlayContentTransformScale=0.750552, storedOverlayTransformScale=1, syncfusionViewerScale=0.67, overlayDiv=true, overlayDivW=547, overlayDivH=708, overlayDivTransform=none, overlayContentTransform=scale(0.750552)
[App-Debug p1] PAL render — pageSize={w:612, h:792}, layerScale=0.89379, measuredPageScale=0.89379, committedPageScale=0.89379, legacyCommitCompensationPending=false, legacyCommitCompensationScale=1, overlayContentTransformScale=0.750552, storedOverlayTransformScale=1, syncfusionViewerScale=0.67, overlayDiv=true, overlayDivW=547, overlayDivH=708, overlayDivTransform=none, overlayContentTransform=scale(0.750552)
[SVG p1] render — 33 objs, viewBox=612x792
[App-Debug p1] PAL render — pageSize={w:612, h:792}, layerScale=0.89379, measuredPageScale=0.89379, committedPageScale=0.89379, legacyCommitCompensationPending=false, legacyCommitCompensationScale=1, overlayContentTransformScale=0.750552, storedOverlayTransformScale=1, syncfusionViewerScale=0.67, overlayDiv=true, overlayDivW=547, overlayDivH=708, overlayDivTransform=none, overlayContentTransform=scale(0.750552)
[App-Debug p1] PAL render — pageSize={w:612, h:792}, layerScale=0.89379, measuredPageScale=0.89379, committedPageScale=0.89379, legacyCommitCompensationPending=false, legacyCommitCompensationScale=1, overlayContentTransformScale=0.750552, storedOverlayTransformScale=1, syncfusionViewerScale=0.67, overlayDiv=true, overlayDivW=547, overlayDivH=708, overlayDivTransform=none, overlayContentTransform=scale(0.750552)
[SVG p1] render — 33 objs, viewBox=612x792
console.warn @ [LineBboxDiag] getLineBBox log failed {}
console.warn @ [LineBboxDiag] getLineBBox log failed {}
console.warn @ [LineBboxDiag] getLineBBox log failed {}
console.warn @ [LineBboxDiag] getLineBBox log failed {}
console.warn @ [LineBboxDiag] getLineBBox log failed {}
console.warn @ [LineBboxDiag] getLineBBox log failed {}
[App-Debug p1] PAL render — pageSize={w:612, h:792}, layerScale=0.89379, measuredPageScale=0.89379, committedPageScale=0.89379, legacyCommitCompensationPending=false, legacyCommitCompensationScale=1, overlayContentTransformScale=0.750552, storedOverlayTransformScale=1, syncfusionViewerScale=0.67, overlayDiv=true, overlayDivW=547, overlayDivH=708, overlayDivTransform=none, overlayContentTransform=scale(0.750552)
[App-Debug p1] PAL render — pageSize={w:612, h:792}, layerScale=0.89379, measuredPageScale=0.89379, committedPageScale=0.89379, legacyCommitCompensationPending=false, legacyCommitCompensationScale=1, overlayContentTransformScale=0.750552, storedOverlayTransformScale=1, syncfusionViewerScale=0.67, overlayDiv=true, overlayDivW=547, overlayDivH=708, overlayDivTransform=none, overlayContentTransform=scale(0.750552)
[SVG p1] render — 33 objs, viewBox=612x792
console.warn @ [LineBboxDiag] getLineBBox log failed {}
console.warn @ [LineBboxDiag] getLineBBox log failed {}
console.warn @ [LineBboxDiag] getLineBBox log failed {}
console.warn @ [LineBboxDiag] getLineBBox log failed {}
console.warn @ [LineBboxDiag] getLineBBox log failed {}
console.warn @ [LineBboxDiag] getLineBBox log failed {}
[App-Debug p1] PAL render — pageSize={w:612, h:792}, layerScale=0.89379, measuredPageScale=0.89379, committedPageScale=0.89379, legacyCommitCompensationPending=false, legacyCommitCompensationScale=1, overlayContentTransformScale=0.750552, storedOverlayTransformScale=1, syncfusionViewerScale=0.67, overlayDiv=true, overlayDivW=547, overlayDivH=708, overlayDivTransform=none, overlayContentTransform=scale(0.750552)
[App-Debug p1] PAL render — pageSize={w:612, h:792}, layerScale=0.89379, measuredPageScale=0.89379, committedPageScale=0.89379, legacyCommitCompensationPending=false, legacyCommitCompensationScale=1, overlayContentTransformScale=0.750552, storedOverlayTransformScale=1, syncfusionViewerScale=0.67, overlayDiv=true, overlayDivW=547, overlayDivH=708, overlayDivTransform=none, overlayContentTransform=scale(0.750552)
[SVG p1] render — 33 objs, viewBox=612x792
console.warn @ [LineBboxDiag] getLineBBox log failed {}
console.warn @ [LineBboxDiag] getLineBBox log failed {}
console.warn @ [LineBboxDiag] getLineBBox log failed {}
console.warn @ [LineBboxDiag] getLineBBox log failed {}
console.warn @ [LineBboxDiag] getLineBBox log failed {}
console.warn @ [LineBboxDiag] getLineBBox log failed {}
[App-Debug p1] PAL render — pageSize={w:612, h:792}, layerScale=0.89379, measuredPageScale=0.89379, committedPageScale=0.89379, legacyCommitCompensationPending=false, legacyCommitCompensationScale=1, overlayContentTransformScale=0.750552, storedOverlayTransformScale=1, syncfusionViewerScale=0.67, overlayDiv=true, overlayDivW=547, overlayDivH=708, overlayDivTransform=none, overlayContentTransform=scale(0.750552)
[App-Debug p1] PAL render — pageSize={w:612, h:792}, layerScale=0.89379, measuredPageScale=0.89379, committedPageScale=0.89379, legacyCommitCompensationPending=false, legacyCommitCompensationScale=1, overlayContentTransformScale=0.750552, storedOverlayTransformScale=1, syncfusionViewerScale=0.67, overlayDiv=true, overlayDivW=547, overlayDivH=708, overlayDivTransform=none, overlayContentTransform=scale(0.750552)
[LineBboxDiag] renderLine {"ts":"2026-04-26T00:46:00.915Z","objId":null,"index":3,"objType":"line","tool":"line","isArrow":false,"angle":0,"hasMidpoint":false,"dataMidpoint":null,"storageSnapshot":{"left":67.79,"top":356.69,"width":102.19,"height":83.1,"x1":-51.09357798165138,"y1":-41.54862385321101,"x2":51.09357798165138,"y2":41.54862385321101},"specKind":"straight","specLine":{"x1":67.79142201834863,"y1":356.691376146789,"x2":169.97857798165137,"y2":439.788623853211},"specArrowheadKind":"none","rotationApplied":false,"pivotDiag":null}
[LineBboxDiag] renderLine {"ts":"2026-04-26T00:46:00.916Z","objId":null,"index":4,"objType":"line","tool":"arrow","isArrow":true,"angle":0,"hasMidpoint":false,"dataMidpoint":null,"storageSnapshot":{"left":204.79,"top":362.3,"width":101.06,"height":83.1,"x1":-50.53211009174312,"y1":-41.54862385321101,"x2":50.53211009174312,"y2":41.54862385321101},"specKind":"straight","specLine":{"x1":204.7878899082569,"y1":362.30137614678904,"x2":303.7923087957672,"y2":443.7050094542975},"specArrowheadKind":"solidTriangle","rotationApplied":false,"pivotDiag":null}
[Counter SVG p1] dispatching renderCounter — i=9, displayNumber=1, fill=#ef4444, numberColor=unset, left=469.29, top=462.37, radius=14
[LineBboxDiag] renderLine {"ts":"2026-04-26T00:46:00.916Z","objId":null,"index":14,"objType":"line","tool":"line","isArrow":false,"angle":0,"hasMidpoint":false,"dataMidpoint":null,"storageSnapshot":{"left":67.79,"top":356.69,"width":102.19,"height":83.1,"x1":-51.09357798165138,"y1":-41.54862385321101,"x2":51.09357798165138,"y2":41.54862385321101},"specKind":"straight","specLine":{"x1":67.79142201834863,"y1":356.691376146789,"x2":169.97857798165137,"y2":439.788623853211},"specArrowheadKind":"none","rotationApplied":false,"pivotDiag":null}
[LineBboxDiag] renderLine {"ts":"2026-04-26T00:46:00.917Z","objId":null,"index":17,"objType":"line","tool":"line","isArrow":false,"angle":0,"hasMidpoint":false,"dataMidpoint":null,"storageSnapshot":{"left":67.79,"top":356.69,"width":102.19,"height":83.1,"x1":-51.09357798165138,"y1":-41.54862385321101,"x2":51.09357798165138,"y2":41.54862385321101},"specKind":"straight","specLine":{"x1":67.79142201834863,"y1":356.691376146789,"x2":169.97857798165137,"y2":439.788623853211},"specArrowheadKind":"none","rotationApplied":false,"pivotDiag":null}
[LineBboxDiag] renderLine {"ts":"2026-04-26T00:46:00.917Z","objId":null,"index":21,"objType":"line","tool":"arrow","isArrow":true,"angle":0,"hasMidpoint":false,"dataMidpoint":null,"storageSnapshot":{"left":204.79,"top":362.3,"width":101.06,"height":83.1,"x1":-50.53211009174312,"y1":-41.54862385321101,"x2":50.53211009174312,"y2":41.54862385321101},"specKind":"straight","specLine":{"x1":204.7878899082569,"y1":362.30137614678904,"x2":303.7923087957672,"y2":443.7050094542975},"specArrowheadKind":"solidTriangle","rotationApplied":false,"pivotDiag":null}
[LineBboxDiag] renderLine {"ts":"2026-04-26T00:46:00.917Z","objId":null,"index":22,"objType":"line","tool":"arrow","isArrow":true,"angle":0,"hasMidpoint":false,"dataMidpoint":null,"storageSnapshot":{"left":204.79,"top":362.3,"width":101.06,"height":83.1,"x1":-50.53211009174312,"y1":-41.54862385321101,"x2":50.53211009174312,"y2":41.54862385321101},"specKind":"straight","specLine":{"x1":204.7878899082569,"y1":362.30137614678904,"x2":303.7923087957672,"y2":443.7050094542975},"specArrowheadKind":"solidTriangle","rotationApplied":false,"pivotDiag":null}
[Counter SVG p1] dispatching renderCounter — i=26, displayNumber=2, fill=#ef4444, numberColor=unset, left=470.05, top=499.76, radius=14
[Counter SVG p1] dispatching renderCounter — i=27, displayNumber=1, fill=#ef4444, numberColor=unset, left=389.68, top=661.32, radius=14
[Counter SVG p1] dispatching renderCounter — i=29, displayNumber=3, fill=#ef4444, numberColor=unset, left=470.94, top=558.85, radius=14
[SVG p1] render — 33 objs, viewBox=612x792
console.warn @ [LineBboxDiag] getLineBBox log failed {}
console.warn @ [LineBboxDiag] getLineBBox log failed {}
console.warn @ [LineBboxDiag] getLineBBox log failed {}
console.warn @ [LineBboxDiag] getLineBBox log failed {}
console.warn @ [LineBboxDiag] getLineBBox log failed {}
console.warn @ [LineBboxDiag] getLineBBox log failed {}
[DrawCanvas p1] MOUNT — tool=pen, isShape=false, isDrawingMode=true
[DrawCanvas p1] shape effect — tool=pen, isShape=false, isDrawingMode=true
[App-Debug p1] PAL render — pageSize={w:612, h:792}, layerScale=0.89379, measuredPageScale=0.89379, committedPageScale=0.89379, legacyCommitCompensationPending=false, legacyCommitCompensationScale=1, overlayContentTransformScale=0.750552, storedOverlayTransformScale=1, syncfusionViewerScale=0.67, overlayDiv=true, overlayDivW=547, overlayDivH=708, overlayDivTransform=none, overlayContentTransform=scale(0.750552)
[SVG p1] render — 33 objs, viewBox=612x792
[App-Debug p1] PAL render — pageSize={w:612, h:792}, layerScale=0.89379, measuredPageScale=0.89379, committedPageScale=0.89379, legacyCommitCompensationPending=false, legacyCommitCompensationScale=1, overlayContentTransformScale=0.750552, storedOverlayTransformScale=1, syncfusionViewerScale=0.67, overlayDiv=true, overlayDivW=547, overlayDivH=708, overlayDivTransform=none, overlayContentTransform=scale(0.750552)
[App-Debug p1] PAL render — pageSize={w:612, h:792}, layerScale=0.89379, measuredPageScale=0.89379, committedPageScale=0.89379, legacyCommitCompensationPending=false, legacyCommitCompensationScale=1, overlayContentTransformScale=0.750552, storedOverlayTransformScale=1, syncfusionViewerScale=0.67, overlayDiv=true, overlayDivW=547, overlayDivH=708, overlayDivTransform=none, overlayContentTransform=scale(0.750552)
[SVG p1] render — 33 objs, viewBox=612x792
console.warn @ [LineBboxDiag] getLineBBox log failed {}
console.warn @ [LineBboxDiag] getLineBBox log failed {}
console.warn @ [LineBboxDiag] getLineBBox log failed {}
console.warn @ [LineBboxDiag] getLineBBox log failed {}
console.warn @ [LineBboxDiag] getLineBBox log failed {}
console.warn @ [LineBboxDiag] getLineBBox log failed {}
[App-Debug p1] PAL render — pageSize={w:612, h:792}, layerScale=0.89379, measuredPageScale=0.89379, committedPageScale=0.89379, legacyCommitCompensationPending=false, legacyCommitCompensationScale=1, overlayContentTransformScale=0.750552, storedOverlayTransformScale=1, syncfusionViewerScale=0.67, overlayDiv=true, overlayDivW=547, overlayDivH=708, overlayDivTransform=none, overlayContentTransform=scale(0.750552)
[App-Debug p1] PAL render — pageSize={w:612, h:792}, layerScale=0.89379, measuredPageScale=0.89379, committedPageScale=0.89379, legacyCommitCompensationPending=false, legacyCommitCompensationScale=1, overlayContentTransformScale=0.750552, storedOverlayTransformScale=1, syncfusionViewerScale=0.67, overlayDiv=true, overlayDivW=547, overlayDivH=708, overlayDivTransform=none, overlayContentTransform=scale(0.750552)
[LineBboxDiag] renderLine {"ts":"2026-04-26T00:46:02.114Z","objId":null,"index":3,"objType":"line","tool":"line","isArrow":false,"angle":0,"hasMidpoint":false,"dataMidpoint":null,"storageSnapshot":{"left":67.79,"top":356.69,"width":102.19,"height":83.1,"x1":-51.09357798165138,"y1":-41.54862385321101,"x2":51.09357798165138,"y2":41.54862385321101},"specKind":"straight","specLine":{"x1":67.79142201834863,"y1":356.691376146789,"x2":169.97857798165137,"y2":439.788623853211},"specArrowheadKind":"none","rotationApplied":false,"pivotDiag":null}
[LineBboxDiag] renderLine {"ts":"2026-04-26T00:46:02.114Z","objId":null,"index":4,"objType":"line","tool":"arrow","isArrow":true,"angle":0,"hasMidpoint":false,"dataMidpoint":null,"storageSnapshot":{"left":204.79,"top":362.3,"width":101.06,"height":83.1,"x1":-50.53211009174312,"y1":-41.54862385321101,"x2":50.53211009174312,"y2":41.54862385321101},"specKind":"straight","specLine":{"x1":204.7878899082569,"y1":362.30137614678904,"x2":303.7923087957672,"y2":443.7050094542975},"specArrowheadKind":"solidTriangle","rotationApplied":false,"pivotDiag":null}
[Counter SVG p1] dispatching renderCounter — i=9, displayNumber=1, fill=#ef4444, numberColor=unset, left=469.29, top=462.37, radius=14
[LineBboxDiag] renderLine {"ts":"2026-04-26T00:46:02.115Z","objId":null,"index":14,"objType":"line","tool":"line","isArrow":false,"angle":0,"hasMidpoint":false,"dataMidpoint":null,"storageSnapshot":{"left":67.79,"top":356.69,"width":102.19,"height":83.1,"x1":-51.09357798165138,"y1":-41.54862385321101,"x2":51.09357798165138,"y2":41.54862385321101},"specKind":"straight","specLine":{"x1":67.79142201834863,"y1":356.691376146789,"x2":169.97857798165137,"y2":439.788623853211},"specArrowheadKind":"none","rotationApplied":false,"pivotDiag":null}
[LineBboxDiag] renderLine {"ts":"2026-04-26T00:46:02.115Z","objId":null,"index":17,"objType":"line","tool":"line","isArrow":false,"angle":0,"hasMidpoint":false,"dataMidpoint":null,"storageSnapshot":{"left":67.79,"top":356.69,"width":102.19,"height":83.1,"x1":-51.09357798165138,"y1":-41.54862385321101,"x2":51.09357798165138,"y2":41.54862385321101},"specKind":"straight","specLine":{"x1":67.79142201834863,"y1":356.691376146789,"x2":169.97857798165137,"y2":439.788623853211},"specArrowheadKind":"none","rotationApplied":false,"pivotDiag":null}
[LineBboxDiag] renderLine {"ts":"2026-04-26T00:46:02.115Z","objId":null,"index":21,"objType":"line","tool":"arrow","isArrow":true,"angle":0,"hasMidpoint":false,"dataMidpoint":null,"storageSnapshot":{"left":204.79,"top":362.3,"width":101.06,"height":83.1,"x1":-50.53211009174312,"y1":-41.54862385321101,"x2":50.53211009174312,"y2":41.54862385321101},"specKind":"straight","specLine":{"x1":204.7878899082569,"y1":362.30137614678904,"x2":303.7923087957672,"y2":443.7050094542975},"specArrowheadKind":"solidTriangle","rotationApplied":false,"pivotDiag":null}
[LineBboxDiag] renderLine {"ts":"2026-04-26T00:46:02.115Z","objId":null,"index":22,"objType":"line","tool":"arrow","isArrow":true,"angle":0,"hasMidpoint":false,"dataMidpoint":null,"storageSnapshot":{"left":204.79,"top":362.3,"width":101.06,"height":83.1,"x1":-50.53211009174312,"y1":-41.54862385321101,"x2":50.53211009174312,"y2":41.54862385321101},"specKind":"straight","specLine":{"x1":204.7878899082569,"y1":362.30137614678904,"x2":303.7923087957672,"y2":443.7050094542975},"specArrowheadKind":"solidTriangle","rotationApplied":false,"pivotDiag":null}
[Counter SVG p1] dispatching renderCounter — i=26, displayNumber=2, fill=#ef4444, numberColor=unset, left=470.05, top=499.76, radius=14
[Counter SVG p1] dispatching renderCounter — i=27, displayNumber=1, fill=#ef4444, numberColor=unset, left=389.68, top=661.32, radius=14
[Counter SVG p1] dispatching renderCounter — i=29, displayNumber=3, fill=#ef4444, numberColor=unset, left=470.94, top=558.85, radius=14
[SVG p1] render — 34 objs, viewBox=612x792
console.warn @ [LineBboxDiag] getLineBBox log failed {}
console.warn @ [LineBboxDiag] getLineBBox log failed {}
console.warn @ [LineBboxDiag] getLineBBox log failed {}
console.warn @ [LineBboxDiag] getLineBBox log failed {}
console.warn @ [LineBboxDiag] getLineBBox log failed {}
console.warn @ [LineBboxDiag] getLineBBox log failed {}
[SVG p1] MOUNT — 34 annotations, 0 callouts, viewBox=612x792
[CloudSync][hook] fabric state changed — debounce push scheduled {"pageCount":1,"objectCount":34,"debounceMs":800}
[App-Debug p1] PAL render — pageSize={w:612, h:792}, layerScale=0.89379, measuredPageScale=0.89379, committedPageScale=0.89379, legacyCommitCompensationPending=false, legacyCommitCompensationScale=1, overlayContentTransformScale=0.750552, storedOverlayTransformScale=1, syncfusionViewerScale=0.67, overlayDiv=true, overlayDivW=547, overlayDivH=708, overlayDivTransform=none, overlayContentTransform=scale(0.750552)
[SVG p1] render — 34 objs, viewBox=612x792
[App-Debug p1] PAL render — pageSize={w:612, h:792}, layerScale=0.89379, measuredPageScale=0.89379, committedPageScale=0.89379, legacyCommitCompensationPending=false, legacyCommitCompensationScale=1, overlayContentTransformScale=0.750552, storedOverlayTransformScale=1, syncfusionViewerScale=0.67, overlayDiv=true, overlayDivW=547, overlayDivH=708, overlayDivTransform=none, overlayContentTransform=scale(0.750552)
[CloudSync][hook] fabric push debounce elapsed — pushing now
[CloudSync][push] upsertAnnotationsByPage start {"documentId":"1a7f57f8-3796-470e-afd2-f38919a873b3","userId":"170d915c-5741-4e0b-b03f-deaeedae27bd","totalRows":34,"rowsByType":{"ink":15,"square":3,"circle":3,"line":6,"freetext":3,"counter":4},"pages":1}
[App-Debug p1] PAL render — pageSize={w:612, h:792}, layerScale=0.89379, measuredPageScale=0.89379, committedPageScale=0.89379, legacyCommitCompensationPending=false, legacyCommitCompensationScale=1, overlayContentTransformScale=0.750552, storedOverlayTransformScale=1, syncfusionViewerScale=0.67, overlayDiv=true, overlayDivW=547, overlayDivH=708, overlayDivTransform=none, overlayContentTransform=scale(0.750552)
[SVG p1] render — 34 objs, viewBox=612x792
console.warn @ [LineBboxDiag] getLineBBox log failed {}
console.warn @ [LineBboxDiag] getLineBBox log failed {}
console.warn @ [LineBboxDiag] getLineBBox log failed {}
console.warn @ [LineBboxDiag] getLineBBox log failed {}
console.warn @ [LineBboxDiag] getLineBBox log failed {}
console.warn @ [LineBboxDiag] getLineBBox log failed {}
[App-Debug p1] PAL render — pageSize={w:612, h:792}, layerScale=0.89379, measuredPageScale=0.89379, committedPageScale=0.89379, legacyCommitCompensationPending=false, legacyCommitCompensationScale=1, overlayContentTransformScale=0.750552, storedOverlayTransformScale=1, syncfusionViewerScale=0.67, overlayDiv=true, overlayDivW=547, overlayDivH=708, overlayDivTransform=none, overlayContentTransform=scale(0.750552)
[CloudSync][push] upsertAnnotationsByPage ok {"elapsedMs":297,"rowsReturned":34}
[CloudSync][hook] fabric push synced {"count":34}
[App-Debug p1] PAL render — pageSize={w:612, h:792}, layerScale=0.89379, measuredPageScale=0.89379, committedPageScale=0.89379, legacyCommitCompensationPending=false, legacyCommitCompensationScale=1, overlayContentTransformScale=0.750552, storedOverlayTransformScale=1, syncfusionViewerScale=0.67, overlayDiv=true, overlayDivW=547, overlayDivH=708, overlayDivTransform=none, overlayContentTransform=scale(0.750552)
[SVG p1] render — 34 objs, viewBox=612x792
console.warn @ [LineBboxDiag] getLineBBox log failed {}
console.warn @ [LineBboxDiag] getLineBBox log failed {}
console.warn @ [LineBboxDiag] getLineBBox log failed {}
console.warn @ [LineBboxDiag] getLineBBox log failed {}
console.warn @ [LineBboxDiag] getLineBBox log failed {}
console.warn @ [LineBboxDiag] getLineBBox log failed {}
[App-Debug p1] PAL render — pageSize={w:612, h:792}, layerScale=0.89379, measuredPageScale=0.89379, committedPageScale=0.89379, legacyCommitCompensationPending=false, legacyCommitCompensationScale=1, overlayContentTransformScale=0.750552, storedOverlayTransformScale=1, syncfusionViewerScale=0.67, overlayDiv=true, overlayDivW=547, overlayDivH=708, overlayDivTransform=none, overlayContentTransform=scale(0.750552)
[CloudSync][realtime] echo-filtered INSERT {"highlightId":"ink-1777164362923-5zadylw42","annotationType":"ink","lastModifiedBy":"170d915c-5741-4e0b-b03f-deaeedae27bd","rowSessionId":"469faae5-0c3c-4d7b-86ee-13dd34480132","currentSessionId":"469faae5-0c3c-4d7b-86ee-13dd34480132","reason":"same-session"}
[CloudSync][realtime] echo-filtered INSERT {"highlightId":"square-1777164362923-kzh8lbkqh","annotationType":"square","lastModifiedBy":"170d915c-5741-4e0b-b03f-deaeedae27bd","rowSessionId":"469faae5-0c3c-4d7b-86ee-13dd34480132","currentSessionId":"469faae5-0c3c-4d7b-86ee-13dd34480132","reason":"same-session"}
[CloudSync][realtime] echo-filtered INSERT {"highlightId":"circle-1777164362923-kxcxk6rxt","annotationType":"circle","lastModifiedBy":"170d915c-5741-4e0b-b03f-deaeedae27bd","rowSessionId":"469faae5-0c3c-4d7b-86ee-13dd34480132","currentSessionId":"469faae5-0c3c-4d7b-86ee-13dd34480132","reason":"same-session"}
[CloudSync][realtime] echo-filtered INSERT {"highlightId":"line-1777164362923-sorc6abtw","annotationType":"line","lastModifiedBy":"170d915c-5741-4e0b-b03f-deaeedae27bd","rowSessionId":"469faae5-0c3c-4d7b-86ee-13dd34480132","currentSessionId":"469faae5-0c3c-4d7b-86ee-13dd34480132","reason":"same-session"}
[CloudSync][realtime] echo-filtered INSERT {"highlightId":"line-1777164362923-z8g2un7f5","annotationType":"line","lastModifiedBy":"170d915c-5741-4e0b-b03f-deaeedae27bd","rowSessionId":"469faae5-0c3c-4d7b-86ee-13dd34480132","currentSessionId":"469faae5-0c3c-4d7b-86ee-13dd34480132","reason":"same-session"}
[CloudSync][realtime] echo-filtered INSERT {"highlightId":"freetext-1777164362923-aourg59ke","annotationType":"freetext","lastModifiedBy":"170d915c-5741-4e0b-b03f-deaeedae27bd","rowSessionId":"469faae5-0c3c-4d7b-86ee-13dd34480132","currentSessionId":"469faae5-0c3c-4d7b-86ee-13dd34480132","reason":"same-session"}
[CloudSync][realtime] echo-filtered INSERT {"highlightId":"ink-1777164362923-jgf69uhc9","annotationType":"ink","lastModifiedBy":"170d915c-5741-4e0b-b03f-deaeedae27bd","rowSessionId":"469faae5-0c3c-4d7b-86ee-13dd34480132","currentSessionId":"469faae5-0c3c-4d7b-86ee-13dd34480132","reason":"same-session"}
[CloudSync][realtime] echo-filtered UPDATE {"highlightId":"ink-1777154208694-6nt53ec1s","annotationType":"ink","lastModifiedBy":"170d915c-5741-4e0b-b03f-deaeedae27bd","rowSessionId":"469faae5-0c3c-4d7b-86ee-13dd34480132","currentSessionId":"469faae5-0c3c-4d7b-86ee-13dd34480132","reason":"same-session"}
[CloudSync][realtime] echo-filtered UPDATE {"highlightId":"ink-1777154230798-9atm1sswo","annotationType":"ink","lastModifiedBy":"170d915c-5741-4e0b-b03f-deaeedae27bd","rowSessionId":"469faae5-0c3c-4d7b-86ee-13dd34480132","currentSessionId":"469faae5-0c3c-4d7b-86ee-13dd34480132","reason":"same-session"}
[CloudSync][realtime] echo-filtered UPDATE {"highlightId":"ink-1777154208694-xthxr426i","annotationType":"ink","lastModifiedBy":"170d915c-5741-4e0b-b03f-deaeedae27bd","rowSessionId":"469faae5-0c3c-4d7b-86ee-13dd34480132","currentSessionId":"469faae5-0c3c-4d7b-86ee-13dd34480132","reason":"same-session"}
[CloudSync][realtime] echo-filtered UPDATE {"highlightId":"counter-1777154230798-18ml7yaxg","annotationType":"counter","lastModifiedBy":"170d915c-5741-4e0b-b03f-deaeedae27bd","rowSessionId":"469faae5-0c3c-4d7b-86ee-13dd34480132","currentSessionId":"469faae5-0c3c-4d7b-86ee-13dd34480132","reason":"same-session"}
[CloudSync][realtime] echo-filtered UPDATE {"highlightId":"ink-1777154230798-wujyh5siz","annotationType":"ink","lastModifiedBy":"170d915c-5741-4e0b-b03f-deaeedae27bd","rowSessionId":"469faae5-0c3c-4d7b-86ee-13dd34480132","currentSessionId":"469faae5-0c3c-4d7b-86ee-13dd34480132","reason":"same-session"}
[CloudSync][realtime] echo-filtered UPDATE {"highlightId":"circle-1777154230798-a26ltt27n","annotationType":"circle","lastModifiedBy":"170d915c-5741-4e0b-b03f-deaeedae27bd","rowSessionId":"469faae5-0c3c-4d7b-86ee-13dd34480132","currentSessionId":"469faae5-0c3c-4d7b-86ee-13dd34480132","reason":"same-session"}
[CloudSync][realtime] echo-filtered UPDATE {"highlightId":"square-1777154230798-qzf2ufdic","annotationType":"square","lastModifiedBy":"170d915c-5741-4e0b-b03f-deaeedae27bd","rowSessionId":"469faae5-0c3c-4d7b-86ee-13dd34480132","currentSessionId":"469faae5-0c3c-4d7b-86ee-13dd34480132","reason":"same-session"}
[CloudSync][realtime] echo-filtered UPDATE {"highlightId":"line-1777154208694-2baibnmma","annotationType":"line","lastModifiedBy":"170d915c-5741-4e0b-b03f-deaeedae27bd","rowSessionId":"469faae5-0c3c-4d7b-86ee-13dd34480132","currentSessionId":"469faae5-0c3c-4d7b-86ee-13dd34480132","reason":"same-session"}
[CloudSync][realtime] echo-filtered UPDATE {"highlightId":"freetext-1777154208694-9d7dw6tq3","annotationType":"freetext","lastModifiedBy":"170d915c-5741-4e0b-b03f-deaeedae27bd","rowSessionId":"469faae5-0c3c-4d7b-86ee-13dd34480132","currentSessionId":"469faae5-0c3c-4d7b-86ee-13dd34480132","reason":"same-session"}
[CloudSync][realtime] echo-filtered UPDATE {"highlightId":"square-1777154208694-qs29kbc66","annotationType":"square","lastModifiedBy":"170d915c-5741-4e0b-b03f-deaeedae27bd","rowSessionId":"469faae5-0c3c-4d7b-86ee-13dd34480132","currentSessionId":"469faae5-0c3c-4d7b-86ee-13dd34480132","reason":"same-session"}
[CloudSync][realtime] echo-filtered UPDATE {"highlightId":"line-1777154230798-7e76o6gij","annotationType":"line","lastModifiedBy":"170d915c-5741-4e0b-b03f-deaeedae27bd","rowSessionId":"469faae5-0c3c-4d7b-86ee-13dd34480132","currentSessionId":"469faae5-0c3c-4d7b-86ee-13dd34480132","reason":"same-session"}
[CloudSync][realtime] echo-filtered UPDATE {"highlightId":"freetext-1777154230798-q9h8hus6e","annotationType":"freetext","lastModifiedBy":"170d915c-5741-4e0b-b03f-deaeedae27bd","rowSessionId":"469faae5-0c3c-4d7b-86ee-13dd34480132","currentSessionId":"469faae5-0c3c-4d7b-86ee-13dd34480132","reason":"same-session"}
[CloudSync][realtime] echo-filtered UPDATE {"highlightId":"ink-1777154245506-t9p2evaxo","annotationType":"ink","lastModifiedBy":"170d915c-5741-4e0b-b03f-deaeedae27bd","rowSessionId":"469faae5-0c3c-4d7b-86ee-13dd34480132","currentSessionId":"469faae5-0c3c-4d7b-86ee-13dd34480132","reason":"same-session"}
[CloudSync][realtime] echo-filtered UPDATE {"highlightId":"circle-1777154208694-frp9tlhqd","annotationType":"circle","lastModifiedBy":"170d915c-5741-4e0b-b03f-deaeedae27bd","rowSessionId":"469faae5-0c3c-4d7b-86ee-13dd34480132","currentSessionId":"469faae5-0c3c-4d7b-86ee-13dd34480132","reason":"same-session"}
[CloudSync][realtime] echo-filtered UPDATE {"highlightId":"line-1777154208694-nke7ofswa","annotationType":"line","lastModifiedBy":"170d915c-5741-4e0b-b03f-deaeedae27bd","rowSessionId":"469faae5-0c3c-4d7b-86ee-13dd34480132","currentSessionId":"469faae5-0c3c-4d7b-86ee-13dd34480132","reason":"same-session"}
[CloudSync][realtime] echo-filtered UPDATE {"highlightId":"line-1777154230798-v8xzwcc23","annotationType":"line","lastModifiedBy":"170d915c-5741-4e0b-b03f-deaeedae27bd","rowSessionId":"469faae5-0c3c-4d7b-86ee-13dd34480132","currentSessionId":"469faae5-0c3c-4d7b-86ee-13dd34480132","reason":"same-session"}
[CloudSync][realtime] echo-filtered UPDATE {"highlightId":"ink-1777154309060-ppce21fbp","annotationType":"ink","lastModifiedBy":"170d915c-5741-4e0b-b03f-deaeedae27bd","rowSessionId":"469faae5-0c3c-4d7b-86ee-13dd34480132","currentSessionId":"469faae5-0c3c-4d7b-86ee-13dd34480132","reason":"same-session"}
[CloudSync][realtime] echo-filtered UPDATE {"highlightId":"ink-1777154240981-5a7zpfdm9","annotationType":"ink","lastModifiedBy":"170d915c-5741-4e0b-b03f-deaeedae27bd","rowSessionId":"469faae5-0c3c-4d7b-86ee-13dd34480132","currentSessionId":"469faae5-0c3c-4d7b-86ee-13dd34480132","reason":"same-session"}
[CloudSync][realtime] echo-filtered UPDATE {"highlightId":"ink-1777154251770-gt0eystjt","annotationType":"ink","lastModifiedBy":"170d915c-5741-4e0b-b03f-deaeedae27bd","rowSessionId":"469faae5-0c3c-4d7b-86ee-13dd34480132","currentSessionId":"469faae5-0c3c-4d7b-86ee-13dd34480132","reason":"same-session"}
[CloudSync][realtime] echo-filtered UPDATE {"highlightId":"counter-1777154230798-urnt7nv4l","annotationType":"counter","lastModifiedBy":"170d915c-5741-4e0b-b03f-deaeedae27bd","rowSessionId":"469faae5-0c3c-4d7b-86ee-13dd34480132","currentSessionId":"469faae5-0c3c-4d7b-86ee-13dd34480132","reason":"same-session"}
[CloudSync][realtime] echo-filtered UPDATE {"highlightId":"counter-1777154257028-4lzcyilih","annotationType":"counter","lastModifiedBy":"170d915c-5741-4e0b-b03f-deaeedae27bd","rowSessionId":"469faae5-0c3c-4d7b-86ee-13dd34480132","currentSessionId":"469faae5-0c3c-4d7b-86ee-13dd34480132","reason":"same-session"}
[CloudSync][realtime] echo-filtered UPDATE {"highlightId":"ink-1777154331610-zhh0qv6dq","annotationType":"ink","lastModifiedBy":"170d915c-5741-4e0b-b03f-deaeedae27bd","rowSessionId":"469faae5-0c3c-4d7b-86ee-13dd34480132","currentSessionId":"469faae5-0c3c-4d7b-86ee-13dd34480132","reason":"same-session"}
[CloudSync][realtime] echo-filtered UPDATE {"highlightId":"counter-1777154230798-nmohcwpuv","annotationType":"counter","lastModifiedBy":"170d915c-5741-4e0b-b03f-deaeedae27bd","rowSessionId":"469faae5-0c3c-4d7b-86ee-13dd34480132","currentSessionId":"469faae5-0c3c-4d7b-86ee-13dd34480132","reason":"same-session"}
[CloudSync][realtime] echo-filtered UPDATE {"highlightId":"ink-1777163522964-jr3bi28ts","annotationType":"ink","lastModifiedBy":"170d915c-5741-4e0b-b03f-deaeedae27bd","rowSessionId":"469faae5-0c3c-4d7b-86ee-13dd34480132","currentSessionId":"469faae5-0c3c-4d7b-86ee-13dd34480132","reason":"same-session"}
[CloudSync][realtime] echo-filtered UPDATE {"highlightId":"ink-1777163518081-6zmfu762z","annotationType":"ink","lastModifiedBy":"170d915c-5741-4e0b-b03f-deaeedae27bd","rowSessionId":"469faae5-0c3c-4d7b-86ee-13dd34480132","currentSessionId":"469faae5-0c3c-4d7b-86ee-13dd34480132","reason":"same-session"}
[CloudSync][realtime] echo-filtered UPDATE {"highlightId":"ink-1777163527474-ta82g0v74","annotationType":"ink","lastModifiedBy":"170d915c-5741-4e0b-b03f-deaeedae27bd","rowSessionId":"469faae5-0c3c-4d7b-86ee-13dd34480132","currentSessionId":"469faae5-0c3c-4d7b-86ee-13dd34480132","reason":"same-session"}
[CloudSync][realtime] echo-filtered INSERT {"highlightId":"ink-1777164362924-d206c8xme","annotationType":"ink","lastModifiedBy":"170d915c-5741-4e0b-b03f-deaeedae27bd","rowSessionId":"469faae5-0c3c-4d7b-86ee-13dd34480132","currentSessionId":"469faae5-0c3c-4d7b-86ee-13dd34480132","reason":"same-session"}
[App-Debug p1] PAL render — pageSize={w:612, h:792}, layerScale=0.89379, measuredPageScale=0.89379, committedPageScale=0.89379, legacyCommitCompensationPending=false, legacyCommitCompensationScale=1, overlayContentTransformScale=0.750552, storedOverlayTransformScale=1, syncfusionViewerScale=0.67, overlayDiv=true, overlayDivW=547, overlayDivH=708, overlayDivTransform=none, overlayContentTransform=scale(0.750552)
[SVG p1] render — 34 objs, viewBox=612x792
console.warn @ [LineBboxDiag] getLineBBox log failed {}
console.warn @ [LineBboxDiag] getLineBBox log failed {}
console.warn @ [LineBboxDiag] getLineBBox log failed {}
console.warn @ [LineBboxDiag] getLineBBox log failed {}
console.warn @ [LineBboxDiag] getLineBBox log failed {}
console.warn @ [LineBboxDiag] getLineBBox log failed {}
[App-Debug p1] PAL render — pageSize={w:612, h:792}, layerScale=0.89379, measuredPageScale=0.89379, committedPageScale=0.89379, legacyCommitCompensationPending=false, legacyCommitCompensationScale=1, overlayContentTransformScale=0.750552, storedOverlayTransformScale=1, syncfusionViewerScale=0.67, overlayDiv=true, overlayDivW=547, overlayDivH=708, overlayDivTransform=none, overlayContentTransform=scale(0.750552)
[App-Debug p1] PAL render — pageSize={w:612, h:792}, layerScale=0.89379, measuredPageScale=0.89379, committedPageScale=0.89379, legacyCommitCompensationPending=false, legacyCommitCompensationScale=1, overlayContentTransformScale=0.750552, storedOverlayTransformScale=1, syncfusionViewerScale=0.67, overlayDiv=true, overlayDivW=547, overlayDivH=708, overlayDivTransform=none, overlayContentTransform=scale(0.750552)
[SVG p1] render — 34 objs, viewBox=612x792
console.warn @ [LineBboxDiag] getLineBBox log failed {}
console.warn @ [LineBboxDiag] getLineBBox log failed {}
console.warn @ [LineBboxDiag] getLineBBox log failed {}
console.warn @ [LineBboxDiag] getLineBBox log failed {}
console.warn @ [LineBboxDiag] getLineBBox log failed {}
console.warn @ [LineBboxDiag] getLineBBox log failed {}
[App-Debug p1] PAL render — pageSize={w:612, h:792}, layerScale=0.89379, measuredPageScale=0.89379, committedPageScale=0.89379, legacyCommitCompensationPending=false, legacyCommitCompensationScale=1, overlayContentTransformScale=0.750552, storedOverlayTransformScale=1, syncfusionViewerScale=0.67, overlayDiv=true, overlayDivW=547, overlayDivH=708, overlayDivTransform=none, overlayContentTransform=scale(0.750552)
[SVG p1] render — 34 objs, viewBox=612x792
[App-Debug p1] PAL render — pageSize={w:612, h:792}, layerScale=0.89379, measuredPageScale=0.89379, committedPageScale=0.89379, legacyCommitCompensationPending=false, legacyCommitCompensationScale=1, overlayContentTransformScale=0.750552, storedOverlayTransformScale=1, syncfusionViewerScale=0.67, overlayDiv=true, overlayDivW=547, overlayDivH=708, overlayDivTransform=none, overlayContentTransform=scale(0.750552)
[App-Debug p1] PAL render — pageSize={w:612, h:792}, layerScale=0.89379, measuredPageScale=0.89379, committedPageScale=0.89379, legacyCommitCompensationPending=false, legacyCommitCompensationScale=1, overlayContentTransformScale=0.750552, storedOverlayTransformScale=1, syncfusionViewerScale=0.67, overlayDiv=true, overlayDivW=547, overlayDivH=708, overlayDivTransform=none, overlayContentTransform=scale(0.750552)
[SVG p1] render — 34 objs, viewBox=612x792
[App-Debug p1] PAL render — pageSize={w:612, h:792}, layerScale=0.89379, measuredPageScale=0.89379, committedPageScale=0.89379, legacyCommitCompensationPending=false, legacyCommitCompensationScale=1, overlayContentTransformScale=0.750552, storedOverlayTransformScale=1, syncfusionViewerScale=0.67, overlayDiv=true, overlayDivW=547, overlayDivH=708, overlayDivTransform=none, overlayContentTransform=scale(0.750552)
[App-Debug p1] PAL render — pageSize={w:612, h:792}, layerScale=0.89379, measuredPageScale=0.89379, committedPageScale=0.89379, legacyCommitCompensationPending=false, legacyCommitCompensationScale=1, overlayContentTransformScale=0.750552, storedOverlayTransformScale=1, syncfusionViewerScale=0.67, overlayDiv=true, overlayDivW=547, overlayDivH=708, overlayDivTransform=none, overlayContentTransform=scale(0.750552)
[SVG p1] render — 34 objs, viewBox=612x792
[App-Debug p1] PAL render — pageSize={w:612, h:792}, layerScale=0.89379, measuredPageScale=0.89379, committedPageScale=0.89379, legacyCommitCompensationPending=false, legacyCommitCompensationScale=1, overlayContentTransformScale=0.750552, storedOverlayTransformScale=1, syncfusionViewerScale=0.67, overlayDiv=true, overlayDivW=547, overlayDivH=708, overlayDivTransform=none, overlayContentTransform=scale(0.750552)
[CloudSync][realtime] applying UPDATE fabric {"highlightId":"ink-1777164362923-5zadylw42","annotationType":"ink","pageNumber":1,"lastModifiedBy":"170d915c-5741-4e0b-b03f-deaeedae27bd"}
[CloudSync][realtime] applying UPDATE fabric {"highlightId":"square-1777164362923-kzh8lbkqh","annotationType":"square","pageNumber":1,"lastModifiedBy":"170d915c-5741-4e0b-b03f-deaeedae27bd"}
[CloudSync][realtime] applying UPDATE fabric {"highlightId":"circle-1777164362923-kxcxk6rxt","annotationType":"circle","pageNumber":1,"lastModifiedBy":"170d915c-5741-4e0b-b03f-deaeedae27bd"}
[CloudSync][realtime] applying UPDATE fabric {"highlightId":"line-1777164362923-sorc6abtw","annotationType":"line","pageNumber":1,"lastModifiedBy":"170d915c-5741-4e0b-b03f-deaeedae27bd"}
[CloudSync][realtime] applying UPDATE fabric {"highlightId":"freetext-1777164362923-aourg59ke","annotationType":"freetext","pageNumber":1,"lastModifiedBy":"170d915c-5741-4e0b-b03f-deaeedae27bd"}
[App-Debug p1] PAL render — pageSize={w:612, h:792}, layerScale=0.89379, measuredPageScale=0.89379, committedPageScale=0.89379, legacyCommitCompensationPending=false, legacyCommitCompensationScale=1, overlayContentTransformScale=0.750552, storedOverlayTransformScale=1, syncfusionViewerScale=0.67, overlayDiv=true, overlayDivW=547, overlayDivH=708, overlayDivTransform=none, overlayContentTransform=scale(0.750552)
[LineBboxDiag] renderLine {"ts":"2026-04-26T00:46:18.363Z","objId":null,"index":3,"objType":"line","tool":"line","isArrow":false,"angle":0,"hasMidpoint":false,"dataMidpoint":null,"storageSnapshot":{"left":67.79,"top":356.69,"width":102.19,"height":83.1,"x1":-51.09357798165138,"y1":-41.54862385321101,"x2":51.09357798165138,"y2":41.54862385321101},"specKind":"straight","specLine":{"x1":67.79142201834863,"y1":356.691376146789,"x2":169.97857798165137,"y2":439.788623853211},"specArrowheadKind":"none","rotationApplied":false,"pivotDiag":null}
[LineBboxDiag] renderLine {"ts":"2026-04-26T00:46:18.364Z","objId":null,"index":4,"objType":"line","tool":"arrow","isArrow":true,"angle":0,"hasMidpoint":false,"dataMidpoint":null,"storageSnapshot":{"left":204.79,"top":362.3,"width":101.06,"height":83.1,"x1":-50.53211009174312,"y1":-41.54862385321101,"x2":50.53211009174312,"y2":41.54862385321101},"specKind":"straight","specLine":{"x1":204.7878899082569,"y1":362.30137614678904,"x2":303.7923087957672,"y2":443.7050094542975},"specArrowheadKind":"solidTriangle","rotationApplied":false,"pivotDiag":null}
[Counter SVG p1] dispatching renderCounter — i=9, displayNumber=1, fill=#ef4444, numberColor=unset, left=469.29, top=462.37, radius=14
[LineBboxDiag] renderLine {"ts":"2026-04-26T00:46:18.365Z","objId":null,"index":14,"objType":"line","tool":"line","isArrow":false,"angle":0,"hasMidpoint":false,"dataMidpoint":null,"storageSnapshot":{"left":67.79,"top":356.69,"width":102.19,"height":83.1,"x1":-51.09357798165138,"y1":-41.54862385321101,"x2":51.09357798165138,"y2":41.54862385321101},"specKind":"straight","specLine":{"x1":67.79142201834863,"y1":356.691376146789,"x2":169.97857798165137,"y2":439.788623853211},"specArrowheadKind":"none","rotationApplied":false,"pivotDiag":null}
[LineBboxDiag] renderLine {"ts":"2026-04-26T00:46:18.366Z","objId":null,"index":17,"objType":"line","tool":"line","isArrow":false,"angle":0,"hasMidpoint":false,"dataMidpoint":null,"storageSnapshot":{"left":67.79,"top":356.69,"width":102.19,"height":83.1,"x1":-51.09357798165138,"y1":-41.54862385321101,"x2":51.09357798165138,"y2":41.54862385321101},"specKind":"straight","specLine":{"x1":67.79142201834863,"y1":356.691376146789,"x2":169.97857798165137,"y2":439.788623853211},"specArrowheadKind":"none","rotationApplied":false,"pivotDiag":null}
[LineBboxDiag] renderLine {"ts":"2026-04-26T00:46:18.366Z","objId":null,"index":21,"objType":"line","tool":"arrow","isArrow":true,"angle":0,"hasMidpoint":false,"dataMidpoint":null,"storageSnapshot":{"left":204.79,"top":362.3,"width":101.06,"height":83.1,"x1":-50.53211009174312,"y1":-41.54862385321101,"x2":50.53211009174312,"y2":41.54862385321101},"specKind":"straight","specLine":{"x1":204.7878899082569,"y1":362.30137614678904,"x2":303.7923087957672,"y2":443.7050094542975},"specArrowheadKind":"solidTriangle","rotationApplied":false,"pivotDiag":null}
[LineBboxDiag] renderLine {"ts":"2026-04-26T00:46:18.366Z","objId":null,"index":22,"objType":"line","tool":"arrow","isArrow":true,"angle":0,"hasMidpoint":false,"dataMidpoint":null,"storageSnapshot":{"left":204.79,"top":362.3,"width":101.06,"height":83.1,"x1":-50.53211009174312,"y1":-41.54862385321101,"x2":50.53211009174312,"y2":41.54862385321101},"specKind":"straight","specLine":{"x1":204.7878899082569,"y1":362.30137614678904,"x2":303.7923087957672,"y2":443.7050094542975},"specArrowheadKind":"solidTriangle","rotationApplied":false,"pivotDiag":null}
[Counter SVG p1] dispatching renderCounter — i=26, displayNumber=2, fill=#ef4444, numberColor=unset, left=470.05, top=499.76, radius=14
[Counter SVG p1] dispatching renderCounter — i=27, displayNumber=1, fill=#ef4444, numberColor=unset, left=389.68, top=661.32, radius=14
[Counter SVG p1] dispatching renderCounter — i=29, displayNumber=3, fill=#ef4444, numberColor=unset, left=470.94, top=558.85, radius=14
[SVG p1] render — 34 objs, viewBox=612x792
console.warn @ [LineBboxDiag] getLineBBox log failed {}
console.warn @ [LineBboxDiag] getLineBBox log failed {}
console.warn @ [LineBboxDiag] getLineBBox log failed {}
console.warn @ [LineBboxDiag] getLineBBox log failed {}
console.warn @ [LineBboxDiag] getLineBBox log failed {}
console.warn @ [LineBboxDiag] getLineBBox log failed {}
[CloudSync][realtime] applying UPDATE fabric {"highlightId":"line-1777164362923-z8g2un7f5","annotationType":"line","pageNumber":1,"lastModifiedBy":"170d915c-5741-4e0b-b03f-deaeedae27bd"}
[App-Debug p1] PAL render — pageSize={w:612, h:792}, layerScale=0.89379, measuredPageScale=0.89379, committedPageScale=0.89379, legacyCommitCompensationPending=false, legacyCommitCompensationScale=1, overlayContentTransformScale=0.750552, storedOverlayTransformScale=1, syncfusionViewerScale=0.67, overlayDiv=true, overlayDivW=547, overlayDivH=708, overlayDivTransform=none, overlayContentTransform=scale(0.750552)
[LineBboxDiag] renderLine {"ts":"2026-04-26T00:46:18.385Z","objId":null,"index":4,"objType":"line","tool":"arrow","isArrow":true,"angle":0,"hasMidpoint":false,"dataMidpoint":null,"storageSnapshot":{"left":204.79,"top":362.3,"width":101.06,"height":83.1,"x1":-50.53211009174312,"y1":-41.54862385321101,"x2":50.53211009174312,"y2":41.54862385321101},"specKind":"straight","specLine":{"x1":204.7878899082569,"y1":362.30137614678904,"x2":303.7923087957672,"y2":443.7050094542975},"specArrowheadKind":"solidTriangle","rotationApplied":false,"pivotDiag":null}
[Counter SVG p1] dispatching renderCounter — i=9, displayNumber=1, fill=#ef4444, numberColor=unset, left=469.29, top=462.37, radius=14
[Counter SVG p1] dispatching renderCounter — i=26, displayNumber=2, fill=#ef4444, numberColor=unset, left=470.05, top=499.76, radius=14
[Counter SVG p1] dispatching renderCounter — i=27, displayNumber=1, fill=#ef4444, numberColor=unset, left=389.68, top=661.32, radius=14
[Counter SVG p1] dispatching renderCounter — i=29, displayNumber=3, fill=#ef4444, numberColor=unset, left=470.94, top=558.85, radius=14
[SVG p1] render — 34 objs, viewBox=612x792
console.warn @ [LineBboxDiag] getLineBBox log failed {}
[CloudSync][realtime] applying UPDATE fabric {"highlightId":"ink-1777164362923-jgf69uhc9","annotationType":"ink","pageNumber":1,"lastModifiedBy":"170d915c-5741-4e0b-b03f-deaeedae27bd"}
[CloudSync][realtime] applying UPDATE fabric {"highlightId":"ink-1777154208694-6nt53ec1s","annotationType":"ink","pageNumber":1,"lastModifiedBy":"170d915c-5741-4e0b-b03f-deaeedae27bd"}
[CloudSync][realtime] applying UPDATE fabric {"highlightId":"ink-1777154230798-9atm1sswo","annotationType":"ink","pageNumber":1,"lastModifiedBy":"170d915c-5741-4e0b-b03f-deaeedae27bd"}
[CloudSync][realtime] applying UPDATE fabric {"highlightId":"counter-1777154230798-18ml7yaxg","annotationType":"counter","pageNumber":1,"lastModifiedBy":"170d915c-5741-4e0b-b03f-deaeedae27bd"}
[CloudSync][realtime] applying UPDATE fabric {"highlightId":"ink-1777154208694-xthxr426i","annotationType":"ink","pageNumber":1,"lastModifiedBy":"170d915c-5741-4e0b-b03f-deaeedae27bd"}
[App-Debug p1] PAL render — pageSize={w:612, h:792}, layerScale=0.89379, measuredPageScale=0.89379, committedPageScale=0.89379, legacyCommitCompensationPending=false, legacyCommitCompensationScale=1, overlayContentTransformScale=0.750552, storedOverlayTransformScale=1, syncfusionViewerScale=0.67, overlayDiv=true, overlayDivW=547, overlayDivH=708, overlayDivTransform=none, overlayContentTransform=scale(0.750552)
[Counter SVG p1] dispatching renderCounter — i=9, displayNumber=1, fill=#ef4444, numberColor=unset, left=469.29, top=462.37, radius=14
[Counter SVG p1] dispatching renderCounter — i=26, displayNumber=2, fill=#ef4444, numberColor=unset, left=470.05, top=499.76, radius=14
[Counter SVG p1] dispatching renderCounter — i=27, displayNumber=1, fill=#ef4444, numberColor=unset, left=389.68, top=661.32, radius=14
[Counter SVG p1] dispatching renderCounter — i=29, displayNumber=3, fill=#ef4444, numberColor=unset, left=470.94, top=558.85, radius=14
[SVG p1] render — 34 objs, viewBox=612x792
[CloudSync][realtime] applying UPDATE fabric {"highlightId":"ink-1777154230798-wujyh5siz","annotationType":"ink","pageNumber":1,"lastModifiedBy":"170d915c-5741-4e0b-b03f-deaeedae27bd"}
[CloudSync][realtime] applying UPDATE fabric {"highlightId":"circle-1777154230798-a26ltt27n","annotationType":"circle","pageNumber":1,"lastModifiedBy":"170d915c-5741-4e0b-b03f-deaeedae27bd"}
[CloudSync][realtime] applying UPDATE fabric {"highlightId":"square-1777154230798-qzf2ufdic","annotationType":"square","pageNumber":1,"lastModifiedBy":"170d915c-5741-4e0b-b03f-deaeedae27bd"}
[CloudSync][realtime] applying UPDATE fabric {"highlightId":"line-1777154208694-2baibnmma","annotationType":"line","pageNumber":1,"lastModifiedBy":"170d915c-5741-4e0b-b03f-deaeedae27bd"}
[CloudSync][realtime] applying UPDATE fabric {"highlightId":"freetext-1777154208694-9d7dw6tq3","annotationType":"freetext","pageNumber":1,"lastModifiedBy":"170d915c-5741-4e0b-b03f-deaeedae27bd"}
[CloudSync][realtime] applying UPDATE fabric {"highlightId":"square-1777154208694-qs29kbc66","annotationType":"square","pageNumber":1,"lastModifiedBy":"170d915c-5741-4e0b-b03f-deaeedae27bd"}
[CloudSync][realtime] applying UPDATE fabric {"highlightId":"line-1777154230798-7e76o6gij","annotationType":"line","pageNumber":1,"lastModifiedBy":"170d915c-5741-4e0b-b03f-deaeedae27bd"}
[CloudSync][realtime] applying UPDATE fabric {"highlightId":"freetext-1777154230798-q9h8hus6e","annotationType":"freetext","pageNumber":1,"lastModifiedBy":"170d915c-5741-4e0b-b03f-deaeedae27bd"}
[CloudSync][realtime] applying UPDATE fabric {"highlightId":"ink-1777154245506-t9p2evaxo","annotationType":"ink","pageNumber":1,"lastModifiedBy":"170d915c-5741-4e0b-b03f-deaeedae27bd"}
[CloudSync][realtime] applying UPDATE fabric {"highlightId":"circle-1777154208694-frp9tlhqd","annotationType":"circle","pageNumber":1,"lastModifiedBy":"170d915c-5741-4e0b-b03f-deaeedae27bd"}
[CloudSync][realtime] applying UPDATE fabric {"highlightId":"line-1777154208694-nke7ofswa","annotationType":"line","pageNumber":1,"lastModifiedBy":"170d915c-5741-4e0b-b03f-deaeedae27bd"}
[CloudSync][realtime] applying UPDATE fabric {"highlightId":"ink-1777154309060-ppce21fbp","annotationType":"ink","pageNumber":1,"lastModifiedBy":"170d915c-5741-4e0b-b03f-deaeedae27bd"}
[CloudSync][realtime] applying UPDATE fabric {"highlightId":"ink-1777154240981-5a7zpfdm9","annotationType":"ink","pageNumber":1,"lastModifiedBy":"170d915c-5741-4e0b-b03f-deaeedae27bd"}
[CloudSync][realtime] applying UPDATE fabric {"highlightId":"line-1777154230798-v8xzwcc23","annotationType":"line","pageNumber":1,"lastModifiedBy":"170d915c-5741-4e0b-b03f-deaeedae27bd"}
[CloudSync][realtime] applying UPDATE fabric {"highlightId":"ink-1777154251770-gt0eystjt","annotationType":"ink","pageNumber":1,"lastModifiedBy":"170d915c-5741-4e0b-b03f-deaeedae27bd"}
[CloudSync][realtime] applying UPDATE fabric {"highlightId":"counter-1777154230798-urnt7nv4l","annotationType":"counter","pageNumber":1,"lastModifiedBy":"170d915c-5741-4e0b-b03f-deaeedae27bd"}
[App-Debug p1] PAL render — pageSize={w:612, h:792}, layerScale=0.89379, measuredPageScale=0.89379, committedPageScale=0.89379, legacyCommitCompensationPending=false, legacyCommitCompensationScale=1, overlayContentTransformScale=0.750552, storedOverlayTransformScale=1, syncfusionViewerScale=0.67, overlayDiv=true, overlayDivW=547, overlayDivH=708, overlayDivTransform=none, overlayContentTransform=scale(0.750552)
[Counter SVG p1] dispatching renderCounter — i=9, displayNumber=1, fill=#ef4444, numberColor=unset, left=469.29, top=462.37, radius=14
[LineBboxDiag] renderLine {"ts":"2026-04-26T00:46:18.413Z","objId":null,"index":14,"objType":"line","tool":"line","isArrow":false,"angle":0,"hasMidpoint":false,"dataMidpoint":null,"storageSnapshot":{"left":67.79,"top":356.69,"width":102.19,"height":83.1,"x1":-51.09357798165138,"y1":-41.54862385321101,"x2":51.09357798165138,"y2":41.54862385321101},"specKind":"straight","specLine":{"x1":67.79142201834863,"y1":356.691376146789,"x2":169.97857798165137,"y2":439.788623853211},"specArrowheadKind":"none","rotationApplied":false,"pivotDiag":null}
[LineBboxDiag] renderLine {"ts":"2026-04-26T00:46:18.414Z","objId":null,"index":17,"objType":"line","tool":"line","isArrow":false,"angle":0,"hasMidpoint":false,"dataMidpoint":null,"storageSnapshot":{"left":67.79,"top":356.69,"width":102.19,"height":83.1,"x1":-51.09357798165138,"y1":-41.54862385321101,"x2":51.09357798165138,"y2":41.54862385321101},"specKind":"straight","specLine":{"x1":67.79142201834863,"y1":356.691376146789,"x2":169.97857798165137,"y2":439.788623853211},"specArrowheadKind":"none","rotationApplied":false,"pivotDiag":null}
[LineBboxDiag] renderLine {"ts":"2026-04-26T00:46:18.414Z","objId":null,"index":21,"objType":"line","tool":"arrow","isArrow":true,"angle":0,"hasMidpoint":false,"dataMidpoint":null,"storageSnapshot":{"left":204.79,"top":362.3,"width":101.06,"height":83.1,"x1":-50.53211009174312,"y1":-41.54862385321101,"x2":50.53211009174312,"y2":41.54862385321101},"specKind":"straight","specLine":{"x1":204.7878899082569,"y1":362.30137614678904,"x2":303.7923087957672,"y2":443.7050094542975},"specArrowheadKind":"solidTriangle","rotationApplied":false,"pivotDiag":null}
[LineBboxDiag] renderLine {"ts":"2026-04-26T00:46:18.414Z","objId":null,"index":22,"objType":"line","tool":"arrow","isArrow":true,"angle":0,"hasMidpoint":false,"dataMidpoint":null,"storageSnapshot":{"left":204.79,"top":362.3,"width":101.06,"height":83.1,"x1":-50.53211009174312,"y1":-41.54862385321101,"x2":50.53211009174312,"y2":41.54862385321101},"specKind":"straight","specLine":{"x1":204.7878899082569,"y1":362.30137614678904,"x2":303.7923087957672,"y2":443.7050094542975},"specArrowheadKind":"solidTriangle","rotationApplied":false,"pivotDiag":null}
[Counter SVG p1] dispatching renderCounter — i=26, displayNumber=2, fill=#ef4444, numberColor=unset, left=470.05, top=499.76, radius=14
[Counter SVG p1] dispatching renderCounter — i=27, displayNumber=1, fill=#ef4444, numberColor=unset, left=389.68, top=661.32, radius=14
[Counter SVG p1] dispatching renderCounter — i=29, displayNumber=3, fill=#ef4444, numberColor=unset, left=470.94, top=558.85, radius=14
[SVG p1] render — 34 objs, viewBox=612x792
console.warn @ [LineBboxDiag] getLineBBox log failed {}
console.warn @ [LineBboxDiag] getLineBBox log failed {}
console.warn @ [LineBboxDiag] getLineBBox log failed {}
console.warn @ [LineBboxDiag] getLineBBox log failed {}
[CloudSync][realtime] applying UPDATE fabric {"highlightId":"counter-1777154257028-4lzcyilih","annotationType":"counter","pageNumber":1,"lastModifiedBy":"170d915c-5741-4e0b-b03f-deaeedae27bd"}
[CloudSync][realtime] applying UPDATE fabric {"highlightId":"ink-1777154331610-zhh0qv6dq","annotationType":"ink","pageNumber":1,"lastModifiedBy":"170d915c-5741-4e0b-b03f-deaeedae27bd"}
[CloudSync][realtime] applying UPDATE fabric {"highlightId":"counter-1777154230798-nmohcwpuv","annotationType":"counter","pageNumber":1,"lastModifiedBy":"170d915c-5741-4e0b-b03f-deaeedae27bd"}
[CloudSync][realtime] applying UPDATE fabric {"highlightId":"ink-1777163522964-jr3bi28ts","annotationType":"ink","pageNumber":1,"lastModifiedBy":"170d915c-5741-4e0b-b03f-deaeedae27bd"}
[CloudSync][realtime] applying UPDATE fabric {"highlightId":"ink-1777163518081-6zmfu762z","annotationType":"ink","pageNumber":1,"lastModifiedBy":"170d915c-5741-4e0b-b03f-deaeedae27bd"}
[CloudSync][realtime] applying UPDATE fabric {"highlightId":"ink-1777163527474-ta82g0v74","annotationType":"ink","pageNumber":1,"lastModifiedBy":"170d915c-5741-4e0b-b03f-deaeedae27bd"}
[CloudSync][realtime] applying UPDATE fabric {"highlightId":"ink-1777164362924-d206c8xme","annotationType":"ink","pageNumber":1,"lastModifiedBy":"170d915c-5741-4e0b-b03f-deaeedae27bd"}
[CloudSync][realtime] applying INSERT fabric {"highlightId":"ink-1777164378080-7pijeup7z","annotationType":"ink","pageNumber":1,"lastModifiedBy":"170d915c-5741-4e0b-b03f-deaeedae27bd"}
[App-Debug p1] PAL render — pageSize={w:612, h:792}, layerScale=0.89379, measuredPageScale=0.89379, committedPageScale=0.89379, legacyCommitCompensationPending=false, legacyCommitCompensationScale=1, overlayContentTransformScale=0.750552, storedOverlayTransformScale=1, syncfusionViewerScale=0.67, overlayDiv=true, overlayDivW=547, overlayDivH=708, overlayDivTransform=none, overlayContentTransform=scale(0.750552)
[Counter SVG p1] dispatching renderCounter — i=9, displayNumber=1, fill=#ef4444, numberColor=unset, left=469.29, top=462.37, radius=14
[Counter SVG p1] dispatching renderCounter — i=26, displayNumber=2, fill=#ef4444, numberColor=unset, left=470.05, top=499.76, radius=14
[Counter SVG p1] dispatching renderCounter — i=27, displayNumber=1, fill=#ef4444, numberColor=unset, left=389.68, top=661.32, radius=14
[Counter SVG p1] dispatching renderCounter — i=29, displayNumber=3, fill=#ef4444, numberColor=unset, left=470.94, top=558.85, radius=14
[SVG p1] render — 35 objs, viewBox=612x792
[SVG p1] MOUNT — 35 annotations, 0 callouts, viewBox=612x792
[App-Debug p1] PAL render — pageSize={w:612, h:792}, layerScale=0.89379, measuredPageScale=0.89379, committedPageScale=0.89379, legacyCommitCompensationPending=false, legacyCommitCompensationScale=1, overlayContentTransformScale=0.750552, storedOverlayTransformScale=1, syncfusionViewerScale=0.67, overlayDiv=true, overlayDivW=547, overlayDivH=708, overlayDivTransform=none, overlayContentTransform=scale(0.750552)
[SVG p1] render — 35 objs, viewBox=612x792
[App-Debug p1] PAL render — pageSize={w:612, h:792}, layerScale=0.89379, measuredPageScale=0.89379, committedPageScale=0.89379, legacyCommitCompensationPending=false, legacyCommitCompensationScale=1, overlayContentTransformScale=0.750552, storedOverlayTransformScale=1, syncfusionViewerScale=0.67, overlayDiv=true, overlayDivW=547, overlayDivH=708, overlayDivTransform=none, overlayContentTransform=scale(0.750552)