===== SurveyApp Save Log =====
version:   0.1.45
runtime:   dev-server
platform:  desktop
device:    Mac
os:        macOS 10.15.7
screen:    1512x982 @2x
viewport:  1203x826
locale:    en-US
timestamp: 2026-05-07T03:05:10.292Z (5/6/2026, 11:05:10 PM)
==============================
[dev-auto-login] boot {"hasDevEmail":true,"devEmailHint":"isai***","hasDevPassword":true,"hasCachedSession":true,"cachedSessionEmail":"isaiahcalvo123@gmail.com","cachedSessionExpiresAt":1778123585}
[dev-auto-login] cached session matches dev email, keeping it
[dev-auto-login] decision {"needsAutoLogin":false,"willAttemptSignIn":false}
[CloudSync][hook] session id minted {"sessionId":"3fc29f1d-b66f-486b-88e0-a07f6e0e4c92"}
[CloudSync][hook][state-obs] annotationsByPage initial {"currentCount":0,"pages":0,"hydrated":false}
[CloudSync][hook][state-obs] callouts initial {"currentCount":0,"hydrated":false}
[CloudSync][hook] hydrate effect fired {"enabled":false,"documentId":"d30ac66b-5d2e-4a93-aab3-8fdd84a0af86","userId":"170d915c-5741-4e0b-b03f-deaeedae27bd","pdfId":null}
[CloudSync][hook] hydrate skipped — missing prerequisite {"enabled":false,"hasDocumentId":true,"hasUserId":true,"hasPdfId":false}
[Cloud render cache] doc=Package 2 - Rev 4 -- IC.pdf-6291605 painting verified cloud snapshot immediately — count=2867.
[CSeries wipe] doc=Package 2 - Rev 4 -- IC.pdf-6291605 totalCounters=0 legacyRemoved=0 — nothing to wipe.
[Phase31 UAT] backfill:effect {"hasYdoc":true,"docId":"d30ac66b-5d2e-4a93-aab3-8fdd84a0af86","userId":null,"alreadyRanFor":null,"willRun":false}
[CloudSync][hook][state-obs] change {"prevCount":0,"currentCount":2867,"delta":2867,"hydrated":false,"sameRefAsLastByPage":false}
[CloudSync][hook][state-obs] callout change {"prevCount":0,"currentCount":0,"delta":0,"hydrated":false,"sameRefAsLastCallouts":false}
[CloudSync][hook] hydrate effect fired {"enabled":false,"documentId":"d30ac66b-5d2e-4a93-aab3-8fdd84a0af86","userId":"170d915c-5741-4e0b-b03f-deaeedae27bd","pdfId":"Package 2 - Rev 4 -- IC.pdf-6291605"}
[CloudSync][hook] hydrate skipped — missing prerequisite {"enabled":false,"hasDocumentId":true,"hasUserId":true,"hasPdfId":true}
[Phase31 UAT] backfill:effect {"hasYdoc":true,"docId":"d30ac66b-5d2e-4a93-aab3-8fdd84a0af86","userId":"170d915c-5741-4e0b-b03f-deaeedae27bd","alreadyRanFor":null,"willRun":true}
[Phase31 UAT] backfill:start {"hasYdoc":true,"hasSupabase":true,"documentId":"d30ac66b-5d2e-4a93-aab3-8fdd84a0af86","userId":"170d915c-5741-4e0b-b03f-deaeedae27bd","markCutoverComplete":true}
[HIGHLIGHT-SYNC][load.legacy][pdf=Package 2 - Rev 4 -- IC.pdf] {"documentId":"d30ac66b-5d2e-4a93-aab3-8fdd84a0af86","totalRows":0,"fabricCarryingDropped":0,"keptCount":0,"keptIds":[]}
[CloudSync][hook] hydrate effect fired {"enabled":true,"documentId":"d30ac66b-5d2e-4a93-aab3-8fdd84a0af86","userId":"170d915c-5741-4e0b-b03f-deaeedae27bd","pdfId":"Package 2 - Rev 4 -- IC.pdf-6291605"}
[CloudSync][hook] stage=hydrating
[CloudSync][hook] fabric push skipped — not hydrated yet
[CloudSync][hook] callout push skipped — not hydrated yet
[CloudSync][realtime] subscribing {"documentId":"d30ac66b-5d2e-4a93-aab3-8fdd84a0af86","currentUserId":"170d915c-5741-4e0b-b03f-deaeedae27bd","currentSessionId":"3fc29f1d-b66f-486b-88e0-a07f6e0e4c92","hasFabricInsert":true,"hasFabricUpdate":true,"hasFabricDelete":true,"hasCalloutInsert":true,"hasCalloutUpdate":true,"hasCalloutDelete":true}
[CloudSync][realtime] subscribe status {"status":"SUBSCRIBED","error":null}
[CloudSync][hook] post-subscribe catch-up skipped — startup sync already in flight
[CloudSync][hook] cutover-complete hydrate — reading from Y.Doc {"documentId":"d30ac66b-5d2e-4a93-aab3-8fdd84a0af86","cutoverTs":"2026-05-05T16:30:00.778+00:00"}
[Phase31 UAT] hydrate:cutover-sealed {"documentId":"d30ac66b-5d2e-4a93-aab3-8fdd84a0af86","pdfId":"Package 2 - Rev 4 -- IC.pdf-6291605","cutoverTs":"2026-05-05T16:30:00.778+00:00","yMapSize":2867,"materializedTotal":2867,"materializedDrawnByMe":2867,"materializedDrawnByOthers":0,"materializedImported":0,"pages":6,"perPage":{"6":359,"7":146,"8":393,"9":1382,"10":330,"11":257},"currentStateCount":2867,"ydocLooksDegenerate":false}
[Phase31 UAT] hydrate:cutover-sealed:by-type {"documentId":"d30ac66b-5d2e-4a93-aab3-8fdd84a0af86","pdfFile":"Package 2 - Rev 4 -- IC.pdf-6291605","viewerUserId":"170d915c-5741-4e0b-b03f-deaeedae27bd","yMapTotal":2867,"yMapByType":{"path":2860,"rect":6,"textbox":1},"yMapByAuthor":{"byMe":2867,"byOthers":0,"anonymous":0},"yMapByTypeByAuthor":{"path":{"byMe":2860,"byOthers":0,"anonymous":0},"rect":{"byMe":6,"byOthers":0,"anonymous":0},"textbox":{"byMe":1,"byOthers":0,"anonymous":0}},"yMapPerTypePerPage":{"path":{"6":357,"7":145,"8":392,"9":1381,"10":329,"11":256},"rect":{"6":1,"7":1,"8":1,"9":1,"10":1,"11":1},"textbox":{"6":1}},"byPageTotal":2867,"byPageByType":{"path":2860,"rect":6,"textbox":1},"byPagePerPagePerType":{"6":{"path":357,"rect":1,"textbox":1},"7":{"path":145,"rect":1},"8":{"path":392,"rect":1},"9":{"path":1381,"rect":1},"10":{"rect":1,"path":329},"11":{"path":256,"rect":1}}}
[CloudSync][hook][state-obs] change {"prevCount":2867,"currentCount":2867,"delta":0,"hydrated":true,"sameRefAsLastByPage":true}
[PDFImport] skipped embedded PDF annotation import — cloud/Y.Doc is authoritative {"documentId":"d30ac66b-5d2e-4a93-aab3-8fdd84a0af86"}
[PrintPanel] RENDER — panel closed
[DebugBridge +4597.3ms] zoom_start {"scale":0.91993,"targetScale":0.9,"source":"zoomChange"}
[SVGAnnotationLayer] setRotInputVisible(false) reason=selectedIds.size !== 1
[SVGAnnotationLayer] setRotInputVisible(false) reason=selectedIds.size !== 1
[SVGAnnotationLayer] setRotInputVisible(false) reason=selectedIds.size !== 1
[SVGAnnotationLayer] setRotInputVisible(false) reason=selectedIds.size !== 1
[SVGAnnotationLayer] setRotInputVisible(false) reason=selectedIds.size !== 1
[DebugBridge +5026.8ms] pdf_loaded {"pageCount":36,"currentPage":1}
[Phase31 UAT] backfill:cutover-dedupe-anchor-skip {"documentId":"d30ac66b-5d2e-4a93-aab3-8fdd84a0af86","userId":"170d915c-5741-4e0b-b03f-deaeedae27bd","yMapSize":2867,"lastGoodSize":2867}
[DebugBridge +5715.8ms] wheel_scroll_motion {"eventCount":1,"rawAbsX":0,"rawAbsY":2,"rawX":0,"rawY":2,"clippedAbsX":0,"clippedAbsY":2,"clippedX":0,"clippedY":2,"requestedAppliedX":0,"requestedAppliedY":1.64,"appliedX":0,"appliedY":1.64,"actualX":0,"actualY":1.5,"sensitivity":0.82,"currentZoomForScroll":1,"maxScrollStepX":22,"maxScrollStepY":22,"diagonalEvents":0,"clippedEvents":0}
[DebugBridge +5717.4ms] wheel_scroll_motion {"eventCount":1,"rawAbsX":6,"rawAbsY":20,"rawX":-6,"rawY":20,"clippedAbsX":6,"clippedAbsY":20,"clippedX":-6,"clippedY":20,"requestedAppliedX":-4.428,"requestedAppliedY":14.76,"appliedX":-4.428,"appliedY":14.76,"actualX":0,"actualY":14.5,"sensitivity":0.738,"currentZoomForScroll":1,"maxScrollStepX":22,"maxScrollStepY":22,"diagonalEvents":1,"clippedEvents":0}
[DebugBridge +5730.1ms] wheel_scroll_motion {"eventCount":2,"rawAbsX":4,"rawAbsY":28,"rawX":-4,"rawY":28,"clippedAbsX":4,"clippedAbsY":28,"clippedX":-4,"clippedY":28,"requestedAppliedX":-2.952,"requestedAppliedY":20.664,"appliedX":-2.952,"appliedY":20.664,"actualX":0,"actualY":20.5,"sensitivity":0.738,"currentZoomForScroll":1,"maxScrollStepX":22,"maxScrollStepY":22,"diagonalEvents":2,"clippedEvents":0}
[DebugBridge +5799.0ms] wheel_scroll_motion {"eventCount":2,"rawAbsX":2,"rawAbsY":42,"rawX":-2,"rawY":42,"clippedAbsX":2,"clippedAbsY":42,"clippedX":-2,"clippedY":42,"requestedAppliedX":-1.476,"requestedAppliedY":33.292,"appliedX":-1.476,"appliedY":22,"actualX":0,"actualY":22,"sensitivity":0.82,"currentZoomForScroll":1,"maxScrollStepX":22,"maxScrollStepY":22,"diagonalEvents":1,"clippedEvents":0}
[DebugBridge +5801.3ms] wheel_scroll_motion {"eventCount":1,"rawAbsX":12,"rawAbsY":496,"rawX":12,"rawY":496,"clippedAbsX":12,"clippedAbsY":48,"clippedX":12,"clippedY":48,"requestedAppliedX":7.9704,"requestedAppliedY":31.8816,"appliedX":7.9704,"appliedY":22,"actualX":0,"actualY":22,"sensitivity":0.6642,"currentZoomForScroll":1,"maxScrollStepX":22,"maxScrollStepY":22,"diagonalEvents":1,"clippedEvents":1}
[DebugBridge +5802.6ms] wheel_scroll_motion {"eventCount":1,"rawAbsX":0,"rawAbsY":58,"rawX":0,"rawY":58,"clippedAbsX":0,"clippedAbsY":48,"clippedX":0,"clippedY":48,"requestedAppliedX":0,"requestedAppliedY":35.424,"appliedX":0,"appliedY":22,"actualX":0,"actualY":22,"sensitivity":0.738,"currentZoomForScroll":1,"maxScrollStepX":22,"maxScrollStepY":22,"diagonalEvents":0,"clippedEvents":1}
[DebugBridge +5847.7ms] wheel_scroll_motion {"eventCount":1,"rawAbsX":0,"rawAbsY":102,"rawX":0,"rawY":102,"clippedAbsX":0,"clippedAbsY":48,"clippedX":0,"clippedY":48,"requestedAppliedX":0,"requestedAppliedY":35.424,"appliedX":0,"appliedY":22,"actualX":0,"actualY":22,"sensitivity":0.738,"currentZoomForScroll":1,"maxScrollStepX":22,"maxScrollStepY":22,"diagonalEvents":0,"clippedEvents":1}
[DebugBridge +5854.8ms] wheel_scroll_motion {"eventCount":1,"rawAbsX":0,"rawAbsY":592,"rawX":0,"rawY":592,"clippedAbsX":0,"clippedAbsY":48,"clippedX":0,"clippedY":48,"requestedAppliedX":0,"requestedAppliedY":35.424,"appliedX":0,"appliedY":22,"actualX":0,"actualY":22,"sensitivity":0.738,"currentZoomForScroll":1,"maxScrollStepX":22,"maxScrollStepY":22,"diagonalEvents":0,"clippedEvents":1}
[DebugBridge +5862.5ms] wheel_scroll_motion {"eventCount":1,"rawAbsX":0,"rawAbsY":112,"rawX":0,"rawY":112,"clippedAbsX":0,"clippedAbsY":48,"clippedX":0,"clippedY":48,"requestedAppliedX":0,"requestedAppliedY":35.424,"appliedX":0,"appliedY":22,"actualX":0,"actualY":22,"sensitivity":0.738,"currentZoomForScroll":1,"maxScrollStepX":22,"maxScrollStepY":22,"diagonalEvents":0,"clippedEvents":1}
[HyperlinkDiag] post-load scan {"hyperlinkCount":0,"samples":[]}
[HyperlinkDiag] page 1 layers {"hyperlinkChildren":0,"layerClasses":["DIV","e-spinner-pane e-spin-show","e-pv-page-canvas","e-pv-annotation-canvas","DIV","e-pv-text-layer"]}
[HyperlinkDiag] page 2 layers {"hyperlinkChildren":0,"layerClasses":["DIV","e-spinner-pane e-spin-show","e-pv-page-canvas","e-pv-annotation-canvas","DIV","e-pv-text-layer"]}
[HyperlinkDiag] page 3 layers {"hyperlinkChildren":0,"layerClasses":["DIV","e-spinner-pane e-spin-hide","e-pv-page-canvas","e-pv-annotation-canvas","DIV","IMG","IMG","IMG","IMG","e-pv-text-layer"]}
[HyperlinkDiag] page 4 layers {"hyperlinkChildren":0,"layerClasses":["DIV","e-spinner-pane e-spin-hide","e-pv-page-canvas","e-pv-annotation-canvas","DIV","IMG","IMG","IMG","IMG"]}
[HyperlinkDiag] page 5 layers {"hyperlinkChildren":0,"layerClasses":["DIV","e-spinner-pane e-spin-hide","e-pv-page-canvas","e-pv-annotation-canvas","DIV","IMG","e-pv-text-layer","IMG"]}
[HyperlinkDiag] page 6 layers {"hyperlinkChildren":0,"layerClasses":["DIV","e-spinner-pane e-spin-show","e-pv-page-canvas","e-pv-annotation-canvas","DIV"]}
[HyperlinkDiag] page 7 layers {"hyperlinkChildren":0,"layerClasses":["DIV","e-spinner-pane e-spin-show","e-pv-page-canvas","e-pv-annotation-canvas","DIV"]}
[HyperlinkDiag] page 8 layers {"hyperlinkChildren":0,"layerClasses":["DIV","e-spinner-pane e-spin-show","e-pv-page-canvas","e-pv-annotation-canvas","DIV"]}
[HyperlinkDiag] page 9 layers {"hyperlinkChildren":0,"layerClasses":["DIV","e-spinner-pane e-spin-show","e-pv-page-canvas","e-pv-annotation-canvas","DIV"]}
[HyperlinkDiag] page 10 layers {"hyperlinkChildren":0,"layerClasses":["DIV","e-spinner-pane e-spin-show","e-pv-page-canvas","e-pv-annotation-canvas","DIV"]}
[DebugBridge +5899.1ms] wheel_scroll_motion {"eventCount":2,"rawAbsX":0,"rawAbsY":214,"rawX":0,"rawY":214,"clippedAbsX":0,"clippedAbsY":96,"clippedX":0,"clippedY":96,"requestedAppliedX":0,"requestedAppliedY":70.848,"appliedX":0,"appliedY":22,"actualX":0,"actualY":22,"sensitivity":0.738,"currentZoomForScroll":1,"maxScrollStepX":22,"maxScrollStepY":22,"diagonalEvents":0,"clippedEvents":2}
[DebugBridge +5903.1ms] wheel_scroll_motion {"eventCount":1,"rawAbsX":0,"rawAbsY":306,"rawX":0,"rawY":306,"clippedAbsX":0,"clippedAbsY":48,"clippedX":0,"clippedY":48,"requestedAppliedX":0,"requestedAppliedY":35.424,"appliedX":0,"appliedY":22,"actualX":0,"actualY":22,"sensitivity":0.738,"currentZoomForScroll":1,"maxScrollStepX":22,"maxScrollStepY":22,"diagonalEvents":0,"clippedEvents":1}
[DebugBridge +5933.8ms] wheel_scroll_motion {"eventCount":2,"rawAbsX":0,"rawAbsY":192,"rawX":0,"rawY":192,"clippedAbsX":0,"clippedAbsY":96,"clippedX":0,"clippedY":96,"requestedAppliedX":0,"requestedAppliedY":70.848,"appliedX":0,"appliedY":22,"actualX":0,"actualY":22,"sensitivity":0.738,"currentZoomForScroll":1,"maxScrollStepX":22,"maxScrollStepY":22,"diagonalEvents":0,"clippedEvents":2}
[DebugBridge +5936.0ms] wheel_scroll_motion {"eventCount":1,"rawAbsX":0,"rawAbsY":182,"rawX":0,"rawY":182,"clippedAbsX":0,"clippedAbsY":48,"clippedX":0,"clippedY":48,"requestedAppliedX":0,"requestedAppliedY":35.424,"appliedX":0,"appliedY":22,"actualX":0,"actualY":22,"sensitivity":0.738,"currentZoomForScroll":1,"maxScrollStepX":22,"maxScrollStepY":22,"diagonalEvents":0,"clippedEvents":1}
[DebugBridge +5952.2ms] wheel_scroll_motion {"eventCount":2,"rawAbsX":0,"rawAbsY":176,"rawX":0,"rawY":176,"clippedAbsX":0,"clippedAbsY":96,"clippedX":0,"clippedY":96,"requestedAppliedX":0,"requestedAppliedY":70.848,"appliedX":0,"appliedY":22,"actualX":0,"actualY":22,"sensitivity":0.738,"currentZoomForScroll":1,"maxScrollStepX":22,"maxScrollStepY":22,"diagonalEvents":0,"clippedEvents":2}
[DebugBridge +5962.9ms] wheel_scroll_motion {"eventCount":1,"rawAbsX":0,"rawAbsY":82,"rawX":0,"rawY":82,"clippedAbsX":0,"clippedAbsY":48,"clippedX":0,"clippedY":48,"requestedAppliedX":0,"requestedAppliedY":35.424,"appliedX":0,"appliedY":22,"actualX":0,"actualY":22,"sensitivity":0.738,"currentZoomForScroll":1,"maxScrollStepX":22,"maxScrollStepY":22,"diagonalEvents":0,"clippedEvents":1}
[DebugBridge +5976.1ms] wheel_scroll_motion {"eventCount":1,"rawAbsX":0,"rawAbsY":80,"rawX":0,"rawY":80,"clippedAbsX":0,"clippedAbsY":48,"clippedX":0,"clippedY":48,"requestedAppliedX":0,"requestedAppliedY":35.424,"appliedX":0,"appliedY":22,"actualX":0,"actualY":22,"sensitivity":0.738,"currentZoomForScroll":1,"maxScrollStepX":22,"maxScrollStepY":22,"diagonalEvents":0,"clippedEvents":1}
[DebugBridge +5979.1ms] wheel_scroll_motion {"eventCount":1,"rawAbsX":0,"rawAbsY":80,"rawX":0,"rawY":80,"clippedAbsX":0,"clippedAbsY":48,"clippedX":0,"clippedY":48,"requestedAppliedX":0,"requestedAppliedY":35.424,"appliedX":0,"appliedY":22,"actualX":0,"actualY":22,"sensitivity":0.738,"currentZoomForScroll":1,"maxScrollStepX":22,"maxScrollStepY":22,"diagonalEvents":0,"clippedEvents":1}
[DebugBridge +5987.6ms] wheel_scroll_motion {"eventCount":1,"rawAbsX":0,"rawAbsY":76,"rawX":0,"rawY":76,"clippedAbsX":0,"clippedAbsY":48,"clippedX":0,"clippedY":48,"requestedAppliedX":0,"requestedAppliedY":35.424,"appliedX":0,"appliedY":22,"actualX":0,"actualY":22,"sensitivity":0.738,"currentZoomForScroll":1,"maxScrollStepX":22,"maxScrollStepY":22,"diagonalEvents":0,"clippedEvents":1}
[DebugBridge +5996.3ms] wheel_scroll_motion {"eventCount":1,"rawAbsX":0,"rawAbsY":72,"rawX":0,"rawY":72,"clippedAbsX":0,"clippedAbsY":48,"clippedX":0,"clippedY":48,"requestedAppliedX":0,"requestedAppliedY":35.424,"appliedX":0,"appliedY":22,"actualX":0,"actualY":22,"sensitivity":0.738,"currentZoomForScroll":1,"maxScrollStepX":22,"maxScrollStepY":22,"diagonalEvents":0,"clippedEvents":1}
[DebugBridge +6002.3ms] wheel_scroll_motion {"eventCount":1,"rawAbsX":0,"rawAbsY":72,"rawX":0,"rawY":72,"clippedAbsX":0,"clippedAbsY":48,"clippedX":0,"clippedY":48,"requestedAppliedX":0,"requestedAppliedY":35.424,"appliedX":0,"appliedY":22,"actualX":0,"actualY":22,"sensitivity":0.738,"currentZoomForScroll":1,"maxScrollStepX":22,"maxScrollStepY":22,"diagonalEvents":0,"clippedEvents":1}
[DebugBridge +6012.0ms] wheel_scroll_motion {"eventCount":1,"rawAbsX":0,"rawAbsY":68,"rawX":0,"rawY":68,"clippedAbsX":0,"clippedAbsY":48,"clippedX":0,"clippedY":48,"requestedAppliedX":0,"requestedAppliedY":35.424,"appliedX":0,"appliedY":22,"actualX":0,"actualY":22,"sensitivity":0.738,"currentZoomForScroll":1,"maxScrollStepX":22,"maxScrollStepY":22,"diagonalEvents":0,"clippedEvents":1}
[DebugBridge +6021.1ms] page_visit_start {"page":2,"pageCount":36,"revisited":false,"hasContainer":true,"hasPdfSurface":true,"spinnerVisible":true,"hasAnnotationOverlay":false,"ready":true}
[DebugBridge +6022.7ms] wheel_scroll_motion {"eventCount":1,"rawAbsX":0,"rawAbsY":68,"rawX":0,"rawY":68,"clippedAbsX":0,"clippedAbsY":48,"clippedX":0,"clippedY":48,"requestedAppliedX":0,"requestedAppliedY":35.424,"appliedX":0,"appliedY":22,"actualX":0,"actualY":22,"sensitivity":0.738,"currentZoomForScroll":1,"maxScrollStepX":22,"maxScrollStepY":22,"diagonalEvents":0,"clippedEvents":1}
[DebugBridge +6023.2ms] page_visit_ready {"page":2,"pageCount":36,"revisited":false,"waitMs":2,"hasContainer":true,"hasPdfSurface":true,"spinnerVisible":true,"hasAnnotationOverlay":false,"ready":true}
[DebugBridge +6031.2ms] wheel_scroll_motion {"eventCount":1,"rawAbsX":0,"rawAbsY":64,"rawX":0,"rawY":64,"clippedAbsX":0,"clippedAbsY":48,"clippedX":0,"clippedY":48,"requestedAppliedX":0,"requestedAppliedY":35.424,"appliedX":0,"appliedY":22,"actualX":0,"actualY":22,"sensitivity":0.738,"currentZoomForScroll":1,"maxScrollStepX":22,"maxScrollStepY":22,"diagonalEvents":0,"clippedEvents":1}
[DebugBridge +6143.3ms] wheel_scroll_motion {"eventCount":2,"rawAbsX":0,"rawAbsY":124,"rawX":0,"rawY":124,"clippedAbsX":0,"clippedAbsY":96,"clippedX":0,"clippedY":96,"requestedAppliedX":0,"requestedAppliedY":70.848,"appliedX":0,"appliedY":22,"actualX":0,"actualY":22,"sensitivity":0.738,"currentZoomForScroll":1,"maxScrollStepX":22,"maxScrollStepY":22,"diagonalEvents":0,"clippedEvents":2}
[DebugBridge +6147.2ms] wheel_scroll_motion {"eventCount":1,"rawAbsX":0,"rawAbsY":412,"rawX":0,"rawY":412,"clippedAbsX":0,"clippedAbsY":48,"clippedX":0,"clippedY":48,"requestedAppliedX":0,"requestedAppliedY":35.424,"appliedX":0,"appliedY":22,"actualX":0,"actualY":22,"sensitivity":0.738,"currentZoomForScroll":1,"maxScrollStepX":22,"maxScrollStepY":22,"diagonalEvents":0,"clippedEvents":1}
[DebugBridge +6188.2ms] wheel_scroll_motion {"eventCount":1,"rawAbsX":0,"rawAbsY":6,"rawX":0,"rawY":6,"clippedAbsX":0,"clippedAbsY":6,"clippedX":0,"clippedY":6,"requestedAppliedX":0,"requestedAppliedY":4.92,"appliedX":0,"appliedY":4.92,"actualX":0,"actualY":4.5,"sensitivity":0.82,"currentZoomForScroll":1,"maxScrollStepX":22,"maxScrollStepY":22,"diagonalEvents":0,"clippedEvents":0}
[DebugBridge +6195.9ms] wheel_scroll_motion {"eventCount":2,"rawAbsX":4,"rawAbsY":20,"rawX":-4,"rawY":20,"clippedAbsX":4,"clippedAbsY":20,"clippedX":-4,"clippedY":20,"requestedAppliedX":-2.952,"requestedAppliedY":14.76,"appliedX":-2.952,"appliedY":14.76,"actualX":0,"actualY":14.5,"sensitivity":0.738,"currentZoomForScroll":1,"maxScrollStepX":22,"maxScrollStepY":22,"diagonalEvents":2,"clippedEvents":0}
[DebugBridge +6204.1ms] wheel_scroll_motion {"eventCount":1,"rawAbsX":0,"rawAbsY":8,"rawX":0,"rawY":8,"clippedAbsX":0,"clippedAbsY":8,"clippedX":0,"clippedY":8,"requestedAppliedX":0,"requestedAppliedY":6.56,"appliedX":0,"appliedY":6.56,"actualX":0,"actualY":6.5,"sensitivity":0.82,"currentZoomForScroll":1,"maxScrollStepX":22,"maxScrollStepY":22,"diagonalEvents":0,"clippedEvents":0}
[DebugBridge +6210.7ms] wheel_scroll_motion {"eventCount":1,"rawAbsX":0,"rawAbsY":30,"rawX":0,"rawY":30,"clippedAbsX":0,"clippedAbsY":30,"clippedX":0,"clippedY":30,"requestedAppliedX":0,"requestedAppliedY":24.599999999999998,"appliedX":0,"appliedY":22,"actualX":0,"actualY":22,"sensitivity":0.82,"currentZoomForScroll":1,"maxScrollStepX":22,"maxScrollStepY":22,"diagonalEvents":0,"clippedEvents":0}
[DebugBridge +6221.4ms] wheel_scroll_motion {"eventCount":1,"rawAbsX":4,"rawAbsY":46,"rawX":4,"rawY":46,"clippedAbsX":4,"clippedAbsY":46,"clippedX":4,"clippedY":46,"requestedAppliedX":2.952,"requestedAppliedY":33.948,"appliedX":2.952,"appliedY":22,"actualX":0,"actualY":22,"sensitivity":0.738,"currentZoomForScroll":1,"maxScrollStepX":22,"maxScrollStepY":22,"diagonalEvents":1,"clippedEvents":0}
[DebugBridge +6229.0ms] wheel_scroll_motion {"eventCount":2,"rawAbsX":4,"rawAbsY":150,"rawX":4,"rawY":150,"clippedAbsX":4,"clippedAbsY":96,"clippedX":4,"clippedY":96,"requestedAppliedX":2.6568,"requestedAppliedY":63.7632,"appliedX":2.6568,"appliedY":22,"actualX":0,"actualY":22,"sensitivity":0.6642,"currentZoomForScroll":1,"maxScrollStepX":22,"maxScrollStepY":22,"diagonalEvents":2,"clippedEvents":2}
[DebugBridge +6230.6ms] zoom_end {"source":"zoomChange_settle"}
[DebugBridge +6237.3ms] wheel_scroll_motion {"eventCount":2,"rawAbsX":6,"rawAbsY":144,"rawX":6,"rawY":144,"clippedAbsX":6,"clippedAbsY":96,"clippedX":6,"clippedY":96,"requestedAppliedX":3.9852,"requestedAppliedY":63.7632,"appliedX":3.9852,"appliedY":22,"actualX":0,"actualY":22,"sensitivity":0.6642,"currentZoomForScroll":1,"maxScrollStepX":22,"maxScrollStepY":22,"diagonalEvents":2,"clippedEvents":2}
[DebugBridge +6247.1ms] wheel_scroll_motion {"eventCount":1,"rawAbsX":2,"rawAbsY":62,"rawX":2,"rawY":62,"clippedAbsX":2,"clippedAbsY":48,"clippedX":2,"clippedY":48,"requestedAppliedX":1.3284,"requestedAppliedY":31.8816,"appliedX":1.3284,"appliedY":22,"actualX":0,"actualY":22,"sensitivity":0.6642,"currentZoomForScroll":1,"maxScrollStepX":22,"maxScrollStepY":22,"diagonalEvents":1,"clippedEvents":1}
[DebugBridge +6279.9ms] wheel_scroll_motion {"eventCount":2,"rawAbsX":6,"rawAbsY":148,"rawX":6,"rawY":148,"clippedAbsX":6,"clippedAbsY":96,"clippedX":6,"clippedY":96,"requestedAppliedX":4.1328,"requestedAppliedY":67.3056,"appliedX":4.1328,"appliedY":22,"actualX":0,"actualY":22,"sensitivity":0.6642,"currentZoomForScroll":1,"maxScrollStepX":22,"maxScrollStepY":22,"diagonalEvents":2,"clippedEvents":1}
[DebugBridge +6282.8ms] wheel_scroll_motion {"eventCount":1,"rawAbsX":6,"rawAbsY":278,"rawX":6,"rawY":278,"clippedAbsX":6,"clippedAbsY":48,"clippedX":6,"clippedY":48,"requestedAppliedX":3.9852,"requestedAppliedY":31.8816,"appliedX":3.9852,"appliedY":22,"actualX":0,"actualY":22,"sensitivity":0.6642,"currentZoomForScroll":1,"maxScrollStepX":22,"maxScrollStepY":22,"diagonalEvents":1,"clippedEvents":1}
[DebugBridge +6285.5ms] wheel_scroll_motion {"eventCount":2,"rawAbsX":0,"rawAbsY":104,"rawX":0,"rawY":104,"clippedAbsX":0,"clippedAbsY":70,"clippedX":0,"clippedY":70,"requestedAppliedX":0,"requestedAppliedY":53.464,"appliedX":0,"appliedY":22,"actualX":0,"actualY":22,"sensitivity":0.738,"currentZoomForScroll":1,"maxScrollStepX":22,"maxScrollStepY":22,"diagonalEvents":0,"clippedEvents":1}
[DebugBridge +6295.3ms] wheel_scroll_motion {"eventCount":1,"rawAbsX":0,"rawAbsY":154,"rawX":0,"rawY":154,"clippedAbsX":0,"clippedAbsY":48,"clippedX":0,"clippedY":48,"requestedAppliedX":0,"requestedAppliedY":35.424,"appliedX":0,"appliedY":22,"actualX":0,"actualY":22,"sensitivity":0.738,"currentZoomForScroll":1,"maxScrollStepX":22,"maxScrollStepY":22,"diagonalEvents":0,"clippedEvents":1}
[DebugBridge +6307.1ms] wheel_scroll_motion {"eventCount":2,"rawAbsX":0,"rawAbsY":332,"rawX":0,"rawY":332,"clippedAbsX":0,"clippedAbsY":96,"clippedX":0,"clippedY":96,"requestedAppliedX":0,"requestedAppliedY":70.848,"appliedX":0,"appliedY":22,"actualX":0,"actualY":22,"sensitivity":0.738,"currentZoomForScroll":1,"maxScrollStepX":22,"maxScrollStepY":22,"diagonalEvents":0,"clippedEvents":2}
[DebugBridge +6319.7ms] wheel_scroll_motion {"eventCount":1,"rawAbsX":0,"rawAbsY":158,"rawX":0,"rawY":158,"clippedAbsX":0,"clippedAbsY":48,"clippedX":0,"clippedY":48,"requestedAppliedX":0,"requestedAppliedY":35.424,"appliedX":0,"appliedY":22,"actualX":0,"actualY":22,"sensitivity":0.738,"currentZoomForScroll":1,"maxScrollStepX":22,"maxScrollStepY":22,"diagonalEvents":0,"clippedEvents":1}
[DebugBridge +6328.7ms] wheel_scroll_motion {"eventCount":1,"rawAbsX":0,"rawAbsY":154,"rawX":0,"rawY":154,"clippedAbsX":0,"clippedAbsY":48,"clippedX":0,"clippedY":48,"requestedAppliedX":0,"requestedAppliedY":35.424,"appliedX":0,"appliedY":22,"actualX":0,"actualY":22,"sensitivity":0.738,"currentZoomForScroll":1,"maxScrollStepX":22,"maxScrollStepY":22,"diagonalEvents":0,"clippedEvents":1}
[DebugBridge +6335.6ms] wheel_scroll_motion {"eventCount":1,"rawAbsX":0,"rawAbsY":148,"rawX":0,"rawY":148,"clippedAbsX":0,"clippedAbsY":48,"clippedX":0,"clippedY":48,"requestedAppliedX":0,"requestedAppliedY":35.424,"appliedX":0,"appliedY":22,"actualX":0,"actualY":22,"sensitivity":0.738,"currentZoomForScroll":1,"maxScrollStepX":22,"maxScrollStepY":22,"diagonalEvents":0,"clippedEvents":1}
[DebugBridge +6346.5ms] wheel_scroll_motion {"eventCount":1,"rawAbsX":0,"rawAbsY":138,"rawX":0,"rawY":138,"clippedAbsX":0,"clippedAbsY":48,"clippedX":0,"clippedY":48,"requestedAppliedX":0,"requestedAppliedY":35.424,"appliedX":0,"appliedY":22,"actualX":0,"actualY":22,"sensitivity":0.738,"currentZoomForScroll":1,"maxScrollStepX":22,"maxScrollStepY":22,"diagonalEvents":0,"clippedEvents":1}
[DebugBridge +6352.8ms] wheel_scroll_motion {"eventCount":1,"rawAbsX":0,"rawAbsY":134,"rawX":0,"rawY":134,"clippedAbsX":0,"clippedAbsY":48,"clippedX":0,"clippedY":48,"requestedAppliedX":0,"requestedAppliedY":35.424,"appliedX":0,"appliedY":22,"actualX":0,"actualY":22,"sensitivity":0.738,"currentZoomForScroll":1,"maxScrollStepX":22,"maxScrollStepY":22,"diagonalEvents":0,"clippedEvents":1}
[DebugBridge +6362.6ms] wheel_scroll_motion {"eventCount":1,"rawAbsX":0,"rawAbsY":128,"rawX":0,"rawY":128,"clippedAbsX":0,"clippedAbsY":48,"clippedX":0,"clippedY":48,"requestedAppliedX":0,"requestedAppliedY":35.424,"appliedX":0,"appliedY":22,"actualX":0,"actualY":22,"sensitivity":0.738,"currentZoomForScroll":1,"maxScrollStepX":22,"maxScrollStepY":22,"diagonalEvents":0,"clippedEvents":1}
[DebugBridge +6369.2ms] wheel_scroll_motion {"eventCount":1,"rawAbsX":0,"rawAbsY":130,"rawX":0,"rawY":130,"clippedAbsX":0,"clippedAbsY":48,"clippedX":0,"clippedY":48,"requestedAppliedX":0,"requestedAppliedY":35.424,"appliedX":0,"appliedY":22,"actualX":0,"actualY":22,"sensitivity":0.738,"currentZoomForScroll":1,"maxScrollStepX":22,"maxScrollStepY":22,"diagonalEvents":0,"clippedEvents":1}
[DebugBridge +6378.6ms] wheel_scroll_motion {"eventCount":1,"rawAbsX":0,"rawAbsY":124,"rawX":0,"rawY":124,"clippedAbsX":0,"clippedAbsY":48,"clippedX":0,"clippedY":48,"requestedAppliedX":0,"requestedAppliedY":35.424,"appliedX":0,"appliedY":22,"actualX":0,"actualY":22,"sensitivity":0.738,"currentZoomForScroll":1,"maxScrollStepX":22,"maxScrollStepY":22,"diagonalEvents":0,"clippedEvents":1}
[DebugBridge +6386.7ms] wheel_scroll_motion {"eventCount":1,"rawAbsX":0,"rawAbsY":126,"rawX":0,"rawY":126,"clippedAbsX":0,"clippedAbsY":48,"clippedX":0,"clippedY":48,"requestedAppliedX":0,"requestedAppliedY":35.424,"appliedX":0,"appliedY":22,"actualX":0,"actualY":22,"sensitivity":0.738,"currentZoomForScroll":1,"maxScrollStepX":22,"maxScrollStepY":22,"diagonalEvents":0,"clippedEvents":1}
[DebugBridge +6421.4ms] wheel_scroll_motion {"eventCount":2,"rawAbsX":0,"rawAbsY":238,"rawX":0,"rawY":238,"clippedAbsX":0,"clippedAbsY":96,"clippedX":0,"clippedY":96,"requestedAppliedX":0,"requestedAppliedY":70.848,"appliedX":0,"appliedY":22,"actualX":0,"actualY":22,"sensitivity":0.738,"currentZoomForScroll":1,"maxScrollStepX":22,"maxScrollStepY":22,"diagonalEvents":0,"clippedEvents":2}
[DebugBridge +6422.8ms] wheel_scroll_motion {"eventCount":1,"rawAbsX":0,"rawAbsY":230,"rawX":0,"rawY":230,"clippedAbsX":0,"clippedAbsY":48,"clippedX":0,"clippedY":48,"requestedAppliedX":0,"requestedAppliedY":35.424,"appliedX":0,"appliedY":22,"actualX":0,"actualY":22,"sensitivity":0.738,"currentZoomForScroll":1,"maxScrollStepX":22,"maxScrollStepY":22,"diagonalEvents":0,"clippedEvents":1}
[DebugBridge +6428.5ms] wheel_scroll_motion {"eventCount":1,"rawAbsX":0,"rawAbsY":110,"rawX":0,"rawY":110,"clippedAbsX":0,"clippedAbsY":48,"clippedX":0,"clippedY":48,"requestedAppliedX":0,"requestedAppliedY":35.424,"appliedX":0,"appliedY":22,"actualX":0,"actualY":22,"sensitivity":0.738,"currentZoomForScroll":1,"maxScrollStepX":22,"maxScrollStepY":22,"diagonalEvents":0,"clippedEvents":1}
[DebugBridge +6435.6ms] wheel_scroll_motion {"eventCount":1,"rawAbsX":0,"rawAbsY":108,"rawX":0,"rawY":108,"clippedAbsX":0,"clippedAbsY":48,"clippedX":0,"clippedY":48,"requestedAppliedX":0,"requestedAppliedY":35.424,"appliedX":0,"appliedY":22,"actualX":0,"actualY":22,"sensitivity":0.738,"currentZoomForScroll":1,"maxScrollStepX":22,"maxScrollStepY":22,"diagonalEvents":0,"clippedEvents":1}
[DebugBridge +6444.3ms] wheel_scroll_motion {"eventCount":1,"rawAbsX":0,"rawAbsY":106,"rawX":0,"rawY":106,"clippedAbsX":0,"clippedAbsY":48,"clippedX":0,"clippedY":48,"requestedAppliedX":0,"requestedAppliedY":35.424,"appliedX":0,"appliedY":22,"actualX":0,"actualY":22,"sensitivity":0.738,"currentZoomForScroll":1,"maxScrollStepX":22,"maxScrollStepY":22,"diagonalEvents":0,"clippedEvents":1}
[DebugBridge +6452.4ms] wheel_scroll_motion {"eventCount":1,"rawAbsX":0,"rawAbsY":106,"rawX":0,"rawY":106,"clippedAbsX":0,"clippedAbsY":48,"clippedX":0,"clippedY":48,"requestedAppliedX":0,"requestedAppliedY":35.424,"appliedX":0,"appliedY":22,"actualX":0,"actualY":22,"sensitivity":0.738,"currentZoomForScroll":1,"maxScrollStepX":22,"maxScrollStepY":22,"diagonalEvents":0,"clippedEvents":1}
[DebugBridge +6463.2ms] wheel_scroll_motion {"eventCount":1,"rawAbsX":0,"rawAbsY":100,"rawX":0,"rawY":100,"clippedAbsX":0,"clippedAbsY":48,"clippedX":0,"clippedY":48,"requestedAppliedX":0,"requestedAppliedY":35.424,"appliedX":0,"appliedY":22,"actualX":0,"actualY":22,"sensitivity":0.738,"currentZoomForScroll":1,"maxScrollStepX":22,"maxScrollStepY":22,"diagonalEvents":0,"clippedEvents":1}
[DebugBridge +6520.9ms] wheel_scroll_motion {"eventCount":2,"rawAbsX":0,"rawAbsY":196,"rawX":0,"rawY":196,"clippedAbsX":0,"clippedAbsY":96,"clippedX":0,"clippedY":96,"requestedAppliedX":0,"requestedAppliedY":70.848,"appliedX":0,"appliedY":22,"actualX":0,"actualY":22,"sensitivity":0.738,"currentZoomForScroll":1,"maxScrollStepX":22,"maxScrollStepY":22,"diagonalEvents":0,"clippedEvents":2}
[DebugBridge +6525.6ms] page_visit_start {"page":3,"pageCount":36,"revisited":false,"hasContainer":true,"hasPdfSurface":true,"spinnerVisible":false,"hasAnnotationOverlay":false,"ready":true}
[DebugBridge +6526.3ms] wheel_scroll_motion {"eventCount":1,"rawAbsX":0,"rawAbsY":452,"rawX":0,"rawY":452,"clippedAbsX":0,"clippedAbsY":48,"clippedX":0,"clippedY":48,"requestedAppliedX":0,"requestedAppliedY":35.424,"appliedX":0,"appliedY":22,"actualX":0,"actualY":22,"sensitivity":0.738,"currentZoomForScroll":1,"maxScrollStepX":22,"maxScrollStepY":22,"diagonalEvents":0,"clippedEvents":1}
[DebugBridge +6526.4ms] page_visit_ready {"page":3,"pageCount":36,"revisited":false,"waitMs":1,"hasContainer":true,"hasPdfSurface":true,"spinnerVisible":false,"hasAnnotationOverlay":false,"ready":true}
[DebugBridge +6527.7ms] wheel_scroll_motion {"eventCount":1,"rawAbsX":0,"rawAbsY":82,"rawX":0,"rawY":82,"clippedAbsX":0,"clippedAbsY":48,"clippedX":0,"clippedY":48,"requestedAppliedX":0,"requestedAppliedY":35.424,"appliedX":0,"appliedY":22,"actualX":0,"actualY":22,"sensitivity":0.738,"currentZoomForScroll":1,"maxScrollStepX":22,"maxScrollStepY":22,"diagonalEvents":0,"clippedEvents":1}
[DebugBridge +6542.1ms] wheel_scroll_motion {"eventCount":2,"rawAbsX":0,"rawAbsY":160,"rawX":0,"rawY":160,"clippedAbsX":0,"clippedAbsY":96,"clippedX":0,"clippedY":96,"requestedAppliedX":0,"requestedAppliedY":70.848,"appliedX":0,"appliedY":22,"actualX":0,"actualY":22,"sensitivity":0.738,"currentZoomForScroll":1,"maxScrollStepX":22,"maxScrollStepY":22,"diagonalEvents":0,"clippedEvents":2}
[DebugBridge +6552.6ms] wheel_scroll_motion {"eventCount":1,"rawAbsX":0,"rawAbsY":76,"rawX":0,"rawY":76,"clippedAbsX":0,"clippedAbsY":48,"clippedX":0,"clippedY":48,"requestedAppliedX":0,"requestedAppliedY":35.424,"appliedX":0,"appliedY":22,"actualX":0,"actualY":22,"sensitivity":0.738,"currentZoomForScroll":1,"maxScrollStepX":22,"maxScrollStepY":22,"diagonalEvents":0,"clippedEvents":1}
[DebugBridge +6562.8ms] wheel_scroll_motion {"eventCount":1,"rawAbsX":0,"rawAbsY":72,"rawX":0,"rawY":72,"clippedAbsX":0,"clippedAbsY":48,"clippedX":0,"clippedY":48,"requestedAppliedX":0,"requestedAppliedY":35.424,"appliedX":0,"appliedY":22,"actualX":0,"actualY":22,"sensitivity":0.738,"currentZoomForScroll":1,"maxScrollStepX":22,"maxScrollStepY":22,"diagonalEvents":0,"clippedEvents":1}
[DebugBridge +6595.8ms] wheel_scroll_motion {"eventCount":2,"rawAbsX":0,"rawAbsY":140,"rawX":0,"rawY":140,"clippedAbsX":0,"clippedAbsY":96,"clippedX":0,"clippedY":96,"requestedAppliedX":0,"requestedAppliedY":70.848,"appliedX":0,"appliedY":22,"actualX":0,"actualY":22,"sensitivity":0.738,"currentZoomForScroll":1,"maxScrollStepX":22,"maxScrollStepY":22,"diagonalEvents":0,"clippedEvents":2}
[DebugBridge +6597.5ms] wheel_scroll_motion {"eventCount":1,"rawAbsX":0,"rawAbsY":128,"rawX":0,"rawY":128,"clippedAbsX":0,"clippedAbsY":48,"clippedX":0,"clippedY":48,"requestedAppliedX":0,"requestedAppliedY":35.424,"appliedX":0,"appliedY":22,"actualX":0,"actualY":22,"sensitivity":0.738,"currentZoomForScroll":1,"maxScrollStepX":22,"maxScrollStepY":22,"diagonalEvents":0,"clippedEvents":1}
[DebugBridge +6603.0ms] wheel_scroll_motion {"eventCount":1,"rawAbsX":0,"rawAbsY":64,"rawX":0,"rawY":64,"clippedAbsX":0,"clippedAbsY":48,"clippedX":0,"clippedY":48,"requestedAppliedX":0,"requestedAppliedY":35.424,"appliedX":0,"appliedY":22,"actualX":0,"actualY":22,"sensitivity":0.738,"currentZoomForScroll":1,"maxScrollStepX":22,"maxScrollStepY":22,"diagonalEvents":0,"clippedEvents":1}
[DebugBridge +6628.9ms] wheel_scroll_motion {"eventCount":1,"rawAbsX":0,"rawAbsY":4,"rawX":0,"rawY":4,"clippedAbsX":0,"clippedAbsY":4,"clippedX":0,"clippedY":4,"requestedAppliedX":0,"requestedAppliedY":3.28,"appliedX":0,"appliedY":3.28,"actualX":0,"actualY":3,"sensitivity":0.82,"currentZoomForScroll":1,"maxScrollStepX":22,"maxScrollStepY":22,"diagonalEvents":0,"clippedEvents":0}
[DebugBridge +6637.6ms] wheel_scroll_motion {"eventCount":1,"rawAbsX":2,"rawAbsY":8,"rawX":2,"rawY":8,"clippedAbsX":2,"clippedAbsY":8,"clippedX":2,"clippedY":8,"requestedAppliedX":1.476,"requestedAppliedY":5.904,"appliedX":1.476,"appliedY":5.904,"actualX":0,"actualY":5.5,"sensitivity":0.738,"currentZoomForScroll":1,"maxScrollStepX":22,"maxScrollStepY":22,"diagonalEvents":1,"clippedEvents":0}
[DebugBridge +6645.6ms] wheel_scroll_motion {"eventCount":1,"rawAbsX":2,"rawAbsY":2,"rawX":2,"rawY":2,"clippedAbsX":2,"clippedAbsY":2,"clippedX":2,"clippedY":2,"requestedAppliedX":1.476,"requestedAppliedY":1.476,"appliedX":1.476,"appliedY":1.476,"actualX":0,"actualY":1,"sensitivity":0.738,"currentZoomForScroll":1,"maxScrollStepX":22,"maxScrollStepY":22,"diagonalEvents":1,"clippedEvents":0}
[DebugBridge +6653.4ms] wheel_scroll_motion {"eventCount":2,"rawAbsX":4,"rawAbsY":18,"rawX":4,"rawY":18,"clippedAbsX":4,"clippedAbsY":18,"clippedX":4,"clippedY":18,"requestedAppliedX":2.952,"requestedAppliedY":13.283999999999999,"appliedX":2.952,"appliedY":13.283999999999999,"actualX":0,"actualY":13,"sensitivity":0.738,"currentZoomForScroll":1,"maxScrollStepX":22,"maxScrollStepY":22,"diagonalEvents":2,"clippedEvents":0}
[DebugBridge +6663.1ms] wheel_scroll_motion {"eventCount":2,"rawAbsX":4,"rawAbsY":22,"rawX":4,"rawY":22,"clippedAbsX":4,"clippedAbsY":22,"clippedX":4,"clippedY":22,"requestedAppliedX":2.952,"requestedAppliedY":16.236,"appliedX":2.952,"appliedY":16.236,"actualX":0,"actualY":16,"sensitivity":0.738,"currentZoomForScroll":1,"maxScrollStepX":22,"maxScrollStepY":22,"diagonalEvents":2,"clippedEvents":0}
[DebugBridge +6669.1ms] wheel_scroll_motion {"eventCount":2,"rawAbsX":4,"rawAbsY":28,"rawX":4,"rawY":28,"clippedAbsX":4,"clippedAbsY":28,"clippedX":4,"clippedY":28,"requestedAppliedX":2.952,"requestedAppliedY":20.664,"appliedX":2.952,"appliedY":20.664,"actualX":0,"actualY":20.5,"sensitivity":0.738,"currentZoomForScroll":1,"maxScrollStepX":22,"maxScrollStepY":22,"diagonalEvents":2,"clippedEvents":0}
[DebugBridge +6784.4ms] wheel_scroll_motion {"eventCount":2,"rawAbsX":4,"rawAbsY":54,"rawX":4,"rawY":54,"clippedAbsX":4,"clippedAbsY":54,"clippedX":4,"clippedY":54,"requestedAppliedX":2.952,"requestedAppliedY":39.852,"appliedX":2.952,"appliedY":22,"actualX":0,"actualY":22,"sensitivity":0.738,"currentZoomForScroll":1,"maxScrollStepX":22,"maxScrollStepY":22,"diagonalEvents":2,"clippedEvents":0}
[DebugBridge +6786.9ms] wheel_scroll_motion {"eventCount":1,"rawAbsX":22,"rawAbsY":688,"rawX":22,"rawY":688,"clippedAbsX":22,"clippedAbsY":48,"clippedX":22,"clippedY":48,"requestedAppliedX":14.612400000000001,"requestedAppliedY":31.8816,"appliedX":14.612400000000001,"appliedY":22,"actualX":0,"actualY":22,"sensitivity":0.6642,"currentZoomForScroll":1,"maxScrollStepX":22,"maxScrollStepY":22,"diagonalEvents":1,"clippedEvents":1}
[DebugBridge +6799.4ms] wheel_scroll_motion {"eventCount":3,"rawAbsX":0,"rawAbsY":1066,"rawX":0,"rawY":1066,"clippedAbsX":0,"clippedAbsY":144,"clippedX":0,"clippedY":144,"requestedAppliedX":0,"requestedAppliedY":106.27199999999999,"appliedX":0,"appliedY":22,"actualX":0,"actualY":22,"sensitivity":0.738,"currentZoomForScroll":1,"maxScrollStepX":22,"maxScrollStepY":22,"diagonalEvents":0,"clippedEvents":3}
[DebugBridge +6807.2ms] wheel_scroll_motion {"eventCount":1,"rawAbsX":0,"rawAbsY":130,"rawX":0,"rawY":130,"clippedAbsX":0,"clippedAbsY":48,"clippedX":0,"clippedY":48,"requestedAppliedX":0,"requestedAppliedY":35.424,"appliedX":0,"appliedY":22,"actualX":0,"actualY":22,"sensitivity":0.738,"currentZoomForScroll":1,"maxScrollStepX":22,"maxScrollStepY":22,"diagonalEvents":0,"clippedEvents":1}
[DebugBridge +6811.5ms] wheel_scroll_motion {"eventCount":1,"rawAbsX":0,"rawAbsY":128,"rawX":0,"rawY":128,"clippedAbsX":0,"clippedAbsY":48,"clippedX":0,"clippedY":48,"requestedAppliedX":0,"requestedAppliedY":35.424,"appliedX":0,"appliedY":22,"actualX":0,"actualY":22,"sensitivity":0.738,"currentZoomForScroll":1,"maxScrollStepX":22,"maxScrollStepY":22,"diagonalEvents":0,"clippedEvents":1}
[DebugBridge +6820.2ms] wheel_scroll_motion {"eventCount":1,"rawAbsX":0,"rawAbsY":126,"rawX":0,"rawY":126,"clippedAbsX":0,"clippedAbsY":48,"clippedX":0,"clippedY":48,"requestedAppliedX":0,"requestedAppliedY":35.424,"appliedX":0,"appliedY":22,"actualX":0,"actualY":22,"sensitivity":0.738,"currentZoomForScroll":1,"maxScrollStepX":22,"maxScrollStepY":22,"diagonalEvents":0,"clippedEvents":1}
[DebugBridge +6829.6ms] wheel_scroll_motion {"eventCount":1,"rawAbsX":0,"rawAbsY":122,"rawX":0,"rawY":122,"clippedAbsX":0,"clippedAbsY":48,"clippedX":0,"clippedY":48,"requestedAppliedX":0,"requestedAppliedY":35.424,"appliedX":0,"appliedY":22,"actualX":0,"actualY":22,"sensitivity":0.738,"currentZoomForScroll":1,"maxScrollStepX":22,"maxScrollStepY":22,"diagonalEvents":0,"clippedEvents":1}
[DebugBridge +6836.1ms] wheel_scroll_motion {"eventCount":1,"rawAbsX":0,"rawAbsY":122,"rawX":0,"rawY":122,"clippedAbsX":0,"clippedAbsY":48,"clippedX":0,"clippedY":48,"requestedAppliedX":0,"requestedAppliedY":35.424,"appliedX":0,"appliedY":22,"actualX":0,"actualY":22,"sensitivity":0.738,"currentZoomForScroll":1,"maxScrollStepX":22,"maxScrollStepY":22,"diagonalEvents":0,"clippedEvents":1}
[DebugBridge +6845.4ms] wheel_scroll_motion {"eventCount":1,"rawAbsX":0,"rawAbsY":120,"rawX":0,"rawY":120,"clippedAbsX":0,"clippedAbsY":48,"clippedX":0,"clippedY":48,"requestedAppliedX":0,"requestedAppliedY":35.424,"appliedX":0,"appliedY":22,"actualX":0,"actualY":22,"sensitivity":0.738,"currentZoomForScroll":1,"maxScrollStepX":22,"maxScrollStepY":22,"diagonalEvents":0,"clippedEvents":1}
[DebugBridge +6852.2ms] wheel_scroll_motion {"eventCount":1,"rawAbsX":0,"rawAbsY":116,"rawX":0,"rawY":116,"clippedAbsX":0,"clippedAbsY":48,"clippedX":0,"clippedY":48,"requestedAppliedX":0,"requestedAppliedY":35.424,"appliedX":0,"appliedY":22,"actualX":0,"actualY":22,"sensitivity":0.738,"currentZoomForScroll":1,"maxScrollStepX":22,"maxScrollStepY":22,"diagonalEvents":0,"clippedEvents":1}
[DebugBridge +6862.3ms] wheel_scroll_motion {"eventCount":1,"rawAbsX":0,"rawAbsY":116,"rawX":0,"rawY":116,"clippedAbsX":0,"clippedAbsY":48,"clippedX":0,"clippedY":48,"requestedAppliedX":0,"requestedAppliedY":35.424,"appliedX":0,"appliedY":22,"actualX":0,"actualY":22,"sensitivity":0.738,"currentZoomForScroll":1,"maxScrollStepX":22,"maxScrollStepY":22,"diagonalEvents":0,"clippedEvents":1}
[DebugBridge +6869.8ms] wheel_scroll_motion {"eventCount":1,"rawAbsX":0,"rawAbsY":110,"rawX":0,"rawY":110,"clippedAbsX":0,"clippedAbsY":48,"clippedX":0,"clippedY":48,"requestedAppliedX":0,"requestedAppliedY":35.424,"appliedX":0,"appliedY":22,"actualX":0,"actualY":22,"sensitivity":0.738,"currentZoomForScroll":1,"maxScrollStepX":22,"maxScrollStepY":22,"diagonalEvents":0,"clippedEvents":1}
[DebugBridge +6879.2ms] wheel_scroll_motion {"eventCount":1,"rawAbsX":0,"rawAbsY":110,"rawX":0,"rawY":110,"clippedAbsX":0,"clippedAbsY":48,"clippedX":0,"clippedY":48,"requestedAppliedX":0,"requestedAppliedY":35.424,"appliedX":0,"appliedY":22,"actualX":0,"actualY":22,"sensitivity":0.738,"currentZoomForScroll":1,"maxScrollStepX":22,"maxScrollStepY":22,"diagonalEvents":0,"clippedEvents":1}
[DebugBridge +6887.0ms] wheel_scroll_motion {"eventCount":1,"rawAbsX":0,"rawAbsY":108,"rawX":0,"rawY":108,"clippedAbsX":0,"clippedAbsY":48,"clippedX":0,"clippedY":48,"requestedAppliedX":0,"requestedAppliedY":35.424,"appliedX":0,"appliedY":22,"actualX":0,"actualY":22,"sensitivity":0.738,"currentZoomForScroll":1,"maxScrollStepX":22,"maxScrollStepY":22,"diagonalEvents":0,"clippedEvents":1}
[DebugBridge +6895.3ms] wheel_scroll_motion {"eventCount":1,"rawAbsX":0,"rawAbsY":102,"rawX":0,"rawY":102,"clippedAbsX":0,"clippedAbsY":48,"clippedX":0,"clippedY":48,"requestedAppliedX":0,"requestedAppliedY":35.424,"appliedX":0,"appliedY":22,"actualX":0,"actualY":22,"sensitivity":0.738,"currentZoomForScroll":1,"maxScrollStepX":22,"maxScrollStepY":22,"diagonalEvents":0,"clippedEvents":1}
[DebugBridge +6926.6ms] wheel_scroll_motion {"eventCount":2,"rawAbsX":0,"rawAbsY":202,"rawX":0,"rawY":202,"clippedAbsX":0,"clippedAbsY":96,"clippedX":0,"clippedY":96,"requestedAppliedX":0,"requestedAppliedY":70.848,"appliedX":0,"appliedY":22,"actualX":0,"actualY":22,"sensitivity":0.738,"currentZoomForScroll":1,"maxScrollStepX":22,"maxScrollStepY":22,"diagonalEvents":0,"clippedEvents":2}
[DebugBridge +6928.3ms] wheel_scroll_motion {"eventCount":1,"rawAbsX":0,"rawAbsY":192,"rawX":0,"rawY":192,"clippedAbsX":0,"clippedAbsY":48,"clippedX":0,"clippedY":48,"requestedAppliedX":0,"requestedAppliedY":35.424,"appliedX":0,"appliedY":22,"actualX":0,"actualY":22,"sensitivity":0.738,"currentZoomForScroll":1,"maxScrollStepX":22,"maxScrollStepY":22,"diagonalEvents":0,"clippedEvents":1}
[DebugBridge +6937.8ms] wheel_scroll_motion {"eventCount":1,"rawAbsX":0,"rawAbsY":96,"rawX":0,"rawY":96,"clippedAbsX":0,"clippedAbsY":48,"clippedX":0,"clippedY":48,"requestedAppliedX":0,"requestedAppliedY":35.424,"appliedX":0,"appliedY":22,"actualX":0,"actualY":22,"sensitivity":0.738,"currentZoomForScroll":1,"maxScrollStepX":22,"maxScrollStepY":22,"diagonalEvents":0,"clippedEvents":1}
[DebugBridge +6946.5ms] wheel_scroll_motion {"eventCount":1,"rawAbsX":0,"rawAbsY":90,"rawX":0,"rawY":90,"clippedAbsX":0,"clippedAbsY":48,"clippedX":0,"clippedY":48,"requestedAppliedX":0,"requestedAppliedY":35.424,"appliedX":0,"appliedY":22,"actualX":0,"actualY":22,"sensitivity":0.738,"currentZoomForScroll":1,"maxScrollStepX":22,"maxScrollStepY":22,"diagonalEvents":0,"clippedEvents":1}
[DebugBridge +6954.5ms] wheel_scroll_motion {"eventCount":1,"rawAbsX":0,"rawAbsY":90,"rawX":0,"rawY":90,"clippedAbsX":0,"clippedAbsY":48,"clippedX":0,"clippedY":48,"requestedAppliedX":0,"requestedAppliedY":35.424,"appliedX":0,"appliedY":22,"actualX":0,"actualY":22,"sensitivity":0.738,"currentZoomForScroll":1,"maxScrollStepX":22,"maxScrollStepY":22,"diagonalEvents":0,"clippedEvents":1}
[DebugBridge +6962.6ms] wheel_scroll_motion {"eventCount":1,"rawAbsX":0,"rawAbsY":86,"rawX":0,"rawY":86,"clippedAbsX":0,"clippedAbsY":48,"clippedX":0,"clippedY":48,"requestedAppliedX":0,"requestedAppliedY":35.424,"appliedX":0,"appliedY":22,"actualX":0,"actualY":22,"sensitivity":0.738,"currentZoomForScroll":1,"maxScrollStepX":22,"maxScrollStepY":22,"diagonalEvents":0,"clippedEvents":1}
[DebugBridge +7007.1ms] wheel_scroll_motion {"eventCount":1,"rawAbsX":0,"rawAbsY":322,"rawX":0,"rawY":322,"clippedAbsX":0,"clippedAbsY":48,"clippedX":0,"clippedY":48,"requestedAppliedX":0,"requestedAppliedY":35.424,"appliedX":0,"appliedY":22,"actualX":0,"actualY":22,"sensitivity":0.738,"currentZoomForScroll":1,"maxScrollStepX":22,"maxScrollStepY":22,"diagonalEvents":0,"clippedEvents":1}
[DebugBridge +7008.4ms] page_visit_start {"page":4,"pageCount":36,"revisited":false,"hasContainer":true,"hasPdfSurface":true,"spinnerVisible":false,"hasAnnotationOverlay":false,"ready":true}
[DebugBridge +7009.3ms] wheel_scroll_motion {"eventCount":1,"rawAbsX":0,"rawAbsY":76,"rawX":0,"rawY":76,"clippedAbsX":0,"clippedAbsY":48,"clippedX":0,"clippedY":48,"requestedAppliedX":0,"requestedAppliedY":35.424,"appliedX":0,"appliedY":22,"actualX":0,"actualY":22,"sensitivity":0.738,"currentZoomForScroll":1,"maxScrollStepX":22,"maxScrollStepY":22,"diagonalEvents":0,"clippedEvents":1}
[DebugBridge +7009.5ms] page_visit_ready {"page":4,"pageCount":36,"revisited":false,"waitMs":1,"hasContainer":true,"hasPdfSurface":true,"spinnerVisible":false,"hasAnnotationOverlay":false,"ready":true}
[DebugBridge +7011.0ms] wheel_scroll_motion {"eventCount":1,"rawAbsX":0,"rawAbsY":72,"rawX":0,"rawY":72,"clippedAbsX":0,"clippedAbsY":48,"clippedX":0,"clippedY":48,"requestedAppliedX":0,"requestedAppliedY":35.424,"appliedX":0,"appliedY":22,"actualX":0,"actualY":22,"sensitivity":0.738,"currentZoomForScroll":1,"maxScrollStepX":22,"maxScrollStepY":22,"diagonalEvents":0,"clippedEvents":1}
[DebugBridge +7089.1ms] wheel_scroll_motion {"eventCount":1,"rawAbsX":0,"rawAbsY":72,"rawX":0,"rawY":72,"clippedAbsX":0,"clippedAbsY":48,"clippedX":0,"clippedY":48,"requestedAppliedX":0,"requestedAppliedY":35.424,"appliedX":0,"appliedY":22,"actualX":0,"actualY":22,"sensitivity":0.738,"currentZoomForScroll":1,"maxScrollStepX":22,"maxScrollStepY":22,"diagonalEvents":0,"clippedEvents":1}
[DebugBridge +7096.1ms] wheel_scroll_motion {"eventCount":1,"rawAbsX":0,"rawAbsY":254,"rawX":0,"rawY":254,"clippedAbsX":0,"clippedAbsY":48,"clippedX":0,"clippedY":48,"requestedAppliedX":0,"requestedAppliedY":35.424,"appliedX":0,"appliedY":22,"actualX":0,"actualY":22,"sensitivity":0.738,"currentZoomForScroll":1,"maxScrollStepX":22,"maxScrollStepY":22,"diagonalEvents":0,"clippedEvents":1}
[DebugBridge +7117.8ms] wheel_scroll_motion {"eventCount":3,"rawAbsX":2,"rawAbsY":38,"rawX":2,"rawY":38,"clippedAbsX":2,"clippedAbsY":38,"clippedX":2,"clippedY":38,"requestedAppliedX":1.476,"requestedAppliedY":30.012,"appliedX":1.476,"appliedY":22,"actualX":0,"actualY":22,"sensitivity":0.82,"currentZoomForScroll":1,"maxScrollStepX":22,"maxScrollStepY":22,"diagonalEvents":1,"clippedEvents":0}
[DebugBridge +7120.3ms] wheel_scroll_motion {"eventCount":1,"rawAbsX":2,"rawAbsY":24,"rawX":2,"rawY":24,"clippedAbsX":2,"clippedAbsY":24,"clippedX":2,"clippedY":24,"requestedAppliedX":1.476,"requestedAppliedY":17.712,"appliedX":1.476,"appliedY":17.712,"actualX":0,"actualY":17.5,"sensitivity":0.738,"currentZoomForScroll":1,"maxScrollStepX":22,"maxScrollStepY":22,"diagonalEvents":1,"clippedEvents":0}
[DebugBridge +7141.2ms] wheel_scroll_motion {"eventCount":2,"rawAbsX":4,"rawAbsY":56,"rawX":4,"rawY":56,"clippedAbsX":4,"clippedAbsY":56,"clippedX":4,"clippedY":56,"requestedAppliedX":2.952,"requestedAppliedY":41.328,"appliedX":2.952,"appliedY":22,"actualX":0,"actualY":22,"sensitivity":0.738,"currentZoomForScroll":1,"maxScrollStepX":22,"maxScrollStepY":22,"diagonalEvents":2,"clippedEvents":0}
[DebugBridge +7143.7ms] wheel_scroll_motion {"eventCount":1,"rawAbsX":8,"rawAbsY":148,"rawX":8,"rawY":148,"clippedAbsX":8,"clippedAbsY":48,"clippedX":8,"clippedY":48,"requestedAppliedX":5.3136,"requestedAppliedY":31.8816,"appliedX":5.3136,"appliedY":22,"actualX":0,"actualY":22,"sensitivity":0.6642,"currentZoomForScroll":1,"maxScrollStepX":22,"maxScrollStepY":22,"diagonalEvents":1,"clippedEvents":1}
[DebugBridge +7145.4ms] wheel_scroll_motion {"eventCount":1,"rawAbsX":2,"rawAbsY":40,"rawX":2,"rawY":40,"clippedAbsX":2,"clippedAbsY":40,"clippedX":2,"clippedY":40,"requestedAppliedX":1.476,"requestedAppliedY":29.52,"appliedX":1.476,"appliedY":22,"actualX":0,"actualY":22,"sensitivity":0.738,"currentZoomForScroll":1,"maxScrollStepX":22,"maxScrollStepY":22,"diagonalEvents":1,"clippedEvents":0}
[DebugBridge +7155.3ms] wheel_scroll_motion {"eventCount":2,"rawAbsX":4,"rawAbsY":144,"rawX":4,"rawY":144,"clippedAbsX":4,"clippedAbsY":96,"clippedX":4,"clippedY":96,"requestedAppliedX":2.6568,"requestedAppliedY":63.7632,"appliedX":2.6568,"appliedY":22,"actualX":0,"actualY":22,"sensitivity":0.6642,"currentZoomForScroll":1,"maxScrollStepX":22,"maxScrollStepY":22,"diagonalEvents":2,"clippedEvents":2}
[DebugBridge +7173.3ms] wheel_scroll_motion {"eventCount":1,"rawAbsX":4,"rawAbsY":106,"rawX":4,"rawY":106,"clippedAbsX":4,"clippedAbsY":48,"clippedX":4,"clippedY":48,"requestedAppliedX":2.6568,"requestedAppliedY":31.8816,"appliedX":2.6568,"appliedY":22,"actualX":0,"actualY":22,"sensitivity":0.6642,"currentZoomForScroll":1,"maxScrollStepX":22,"maxScrollStepY":22,"diagonalEvents":1,"clippedEvents":1}
[DebugBridge +7178.4ms] wheel_scroll_motion {"eventCount":1,"rawAbsX":6,"rawAbsY":234,"rawX":6,"rawY":234,"clippedAbsX":6,"clippedAbsY":48,"clippedX":6,"clippedY":48,"requestedAppliedX":3.9852,"requestedAppliedY":31.8816,"appliedX":3.9852,"appliedY":22,"actualX":0,"actualY":22,"sensitivity":0.6642,"currentZoomForScroll":1,"maxScrollStepX":22,"maxScrollStepY":22,"diagonalEvents":1,"clippedEvents":1}
[DebugBridge +7181.5ms] wheel_scroll_motion {"eventCount":1,"rawAbsX":2,"rawAbsY":38,"rawX":2,"rawY":38,"clippedAbsX":2,"clippedAbsY":38,"clippedX":2,"clippedY":38,"requestedAppliedX":1.476,"requestedAppliedY":28.044,"appliedX":1.476,"appliedY":22,"actualX":0,"actualY":22,"sensitivity":0.738,"currentZoomForScroll":1,"maxScrollStepX":22,"maxScrollStepY":22,"diagonalEvents":1,"clippedEvents":0}
[DebugBridge +7186.3ms] wheel_scroll_motion {"eventCount":2,"rawAbsX":0,"rawAbsY":180,"rawX":0,"rawY":180,"clippedAbsX":0,"clippedAbsY":90,"clippedX":0,"clippedY":90,"requestedAppliedX":0,"requestedAppliedY":69.864,"appliedX":0,"appliedY":22,"actualX":0,"actualY":22,"sensitivity":0.82,"currentZoomForScroll":1,"maxScrollStepX":22,"maxScrollStepY":22,"diagonalEvents":0,"clippedEvents":1}
[DebugBridge +7206.7ms] wheel_scroll_motion {"eventCount":1,"rawAbsX":2,"rawAbsY":80,"rawX":-2,"rawY":80,"clippedAbsX":2,"clippedAbsY":48,"clippedX":-2,"clippedY":48,"requestedAppliedX":-1.3284,"requestedAppliedY":31.8816,"appliedX":-1.3284,"appliedY":22,"actualX":0,"actualY":22,"sensitivity":0.6642,"currentZoomForScroll":1,"maxScrollStepX":22,"maxScrollStepY":22,"diagonalEvents":1,"clippedEvents":1}
[DebugBridge +7209.0ms] wheel_scroll_motion {"eventCount":1,"rawAbsX":2,"rawAbsY":136,"rawX":-2,"rawY":136,"clippedAbsX":2,"clippedAbsY":48,"clippedX":-2,"clippedY":48,"requestedAppliedX":-1.3284,"requestedAppliedY":31.8816,"appliedX":-1.3284,"appliedY":22,"actualX":0,"actualY":22,"sensitivity":0.6642,"currentZoomForScroll":1,"maxScrollStepX":22,"maxScrollStepY":22,"diagonalEvents":1,"clippedEvents":1}
[DebugBridge +7333.7ms] wheel_scroll_motion {"eventCount":1,"rawAbsX":0,"rawAbsY":200,"rawX":0,"rawY":200,"clippedAbsX":0,"clippedAbsY":48,"clippedX":0,"clippedY":48,"requestedAppliedX":0,"requestedAppliedY":35.424,"appliedX":0,"appliedY":22,"actualX":0,"actualY":22,"sensitivity":0.738,"currentZoomForScroll":1,"maxScrollStepX":22,"maxScrollStepY":22,"diagonalEvents":0,"clippedEvents":1}
[DebugBridge +7344.6ms] wheel_scroll_motion {"eventCount":1,"rawAbsX":0,"rawAbsY":2394,"rawX":0,"rawY":2394,"clippedAbsX":0,"clippedAbsY":48,"clippedX":0,"clippedY":48,"requestedAppliedX":0,"requestedAppliedY":35.424,"appliedX":0,"appliedY":22,"actualX":0,"actualY":22,"sensitivity":0.738,"currentZoomForScroll":1,"maxScrollStepX":22,"maxScrollStepY":22,"diagonalEvents":0,"clippedEvents":1}
[DebugBridge +7349.1ms] wheel_scroll_motion {"eventCount":1,"rawAbsX":0,"rawAbsY":132,"rawX":0,"rawY":132,"clippedAbsX":0,"clippedAbsY":48,"clippedX":0,"clippedY":48,"requestedAppliedX":0,"requestedAppliedY":35.424,"appliedX":0,"appliedY":22,"actualX":0,"actualY":22,"sensitivity":0.738,"currentZoomForScroll":1,"maxScrollStepX":22,"maxScrollStepY":22,"diagonalEvents":0,"clippedEvents":1}
[DebugBridge +7352.9ms] wheel_scroll_motion {"eventCount":2,"rawAbsX":0,"rawAbsY":250,"rawX":0,"rawY":250,"clippedAbsX":0,"clippedAbsY":96,"clippedX":0,"clippedY":96,"requestedAppliedX":0,"requestedAppliedY":70.848,"appliedX":0,"appliedY":22,"actualX":0,"actualY":22,"sensitivity":0.738,"currentZoomForScroll":1,"maxScrollStepX":22,"maxScrollStepY":22,"diagonalEvents":0,"clippedEvents":2}
[DebugBridge +7367.0ms] wheel_scroll_motion {"eventCount":1,"rawAbsX":0,"rawAbsY":126,"rawX":0,"rawY":126,"clippedAbsX":0,"clippedAbsY":48,"clippedX":0,"clippedY":48,"requestedAppliedX":0,"requestedAppliedY":35.424,"appliedX":0,"appliedY":22,"actualX":0,"actualY":22,"sensitivity":0.738,"currentZoomForScroll":1,"maxScrollStepX":22,"maxScrollStepY":22,"diagonalEvents":0,"clippedEvents":1}
[DebugBridge +7377.9ms] wheel_scroll_motion {"eventCount":2,"rawAbsX":0,"rawAbsY":238,"rawX":0,"rawY":238,"clippedAbsX":0,"clippedAbsY":96,"clippedX":0,"clippedY":96,"requestedAppliedX":0,"requestedAppliedY":70.848,"appliedX":0,"appliedY":22,"actualX":0,"actualY":22,"sensitivity":0.738,"currentZoomForScroll":1,"maxScrollStepX":22,"maxScrollStepY":22,"diagonalEvents":0,"clippedEvents":2}
[DebugBridge +7416.0ms] wheel_scroll_motion {"eventCount":1,"rawAbsX":0,"rawAbsY":112,"rawX":0,"rawY":112,"clippedAbsX":0,"clippedAbsY":48,"clippedX":0,"clippedY":48,"requestedAppliedX":0,"requestedAppliedY":35.424,"appliedX":0,"appliedY":22,"actualX":0,"actualY":22,"sensitivity":0.738,"currentZoomForScroll":1,"maxScrollStepX":22,"maxScrollStepY":22,"diagonalEvents":0,"clippedEvents":1}
[DebugBridge +7421.5ms] wheel_scroll_motion {"eventCount":1,"rawAbsX":0,"rawAbsY":332,"rawX":0,"rawY":332,"clippedAbsX":0,"clippedAbsY":48,"clippedX":0,"clippedY":48,"requestedAppliedX":0,"requestedAppliedY":35.424,"appliedX":0,"appliedY":22,"actualX":0,"actualY":22,"sensitivity":0.738,"currentZoomForScroll":1,"maxScrollStepX":22,"maxScrollStepY":22,"diagonalEvents":0,"clippedEvents":1}
[DebugBridge +7433.4ms] wheel_scroll_motion {"eventCount":2,"rawAbsX":0,"rawAbsY":210,"rawX":0,"rawY":210,"clippedAbsX":0,"clippedAbsY":96,"clippedX":0,"clippedY":96,"requestedAppliedX":0,"requestedAppliedY":70.848,"appliedX":0,"appliedY":22,"actualX":0,"actualY":22,"sensitivity":0.738,"currentZoomForScroll":1,"maxScrollStepX":22,"maxScrollStepY":22,"diagonalEvents":0,"clippedEvents":2}
[DebugBridge +7437.9ms] wheel_scroll_motion {"eventCount":1,"rawAbsX":0,"rawAbsY":100,"rawX":0,"rawY":100,"clippedAbsX":0,"clippedAbsY":48,"clippedX":0,"clippedY":48,"requestedAppliedX":0,"requestedAppliedY":35.424,"appliedX":0,"appliedY":22,"actualX":0,"actualY":22,"sensitivity":0.738,"currentZoomForScroll":1,"maxScrollStepX":22,"maxScrollStepY":22,"diagonalEvents":0,"clippedEvents":1}
[DebugBridge +7446.1ms] wheel_scroll_motion {"eventCount":1,"rawAbsX":0,"rawAbsY":98,"rawX":0,"rawY":98,"clippedAbsX":0,"clippedAbsY":48,"clippedX":0,"clippedY":48,"requestedAppliedX":0,"requestedAppliedY":35.424,"appliedX":0,"appliedY":22,"actualX":0,"actualY":22,"sensitivity":0.738,"currentZoomForScroll":1,"maxScrollStepX":22,"maxScrollStepY":22,"diagonalEvents":0,"clippedEvents":1}
[DebugBridge +7454.0ms] wheel_scroll_motion {"eventCount":1,"rawAbsX":0,"rawAbsY":98,"rawX":0,"rawY":98,"clippedAbsX":0,"clippedAbsY":48,"clippedX":0,"clippedY":48,"requestedAppliedX":0,"requestedAppliedY":35.424,"appliedX":0,"appliedY":22,"actualX":0,"actualY":22,"sensitivity":0.738,"currentZoomForScroll":1,"maxScrollStepX":22,"maxScrollStepY":22,"diagonalEvents":0,"clippedEvents":1}
[DebugBridge +7462.9ms] wheel_scroll_motion {"eventCount":1,"rawAbsX":0,"rawAbsY":94,"rawX":0,"rawY":94,"clippedAbsX":0,"clippedAbsY":48,"clippedX":0,"clippedY":48,"requestedAppliedX":0,"requestedAppliedY":35.424,"appliedX":0,"appliedY":22,"actualX":0,"actualY":22,"sensitivity":0.738,"currentZoomForScroll":1,"maxScrollStepX":22,"maxScrollStepY":22,"diagonalEvents":0,"clippedEvents":1}
[DebugBridge +7523.3ms] wheel_scroll_motion {"eventCount":1,"rawAbsX":0,"rawAbsY":266,"rawX":0,"rawY":266,"clippedAbsX":0,"clippedAbsY":48,"clippedX":0,"clippedY":48,"requestedAppliedX":0,"requestedAppliedY":35.424,"appliedX":0,"appliedY":22,"actualX":0,"actualY":22,"sensitivity":0.738,"currentZoomForScroll":1,"maxScrollStepX":22,"maxScrollStepY":22,"diagonalEvents":0,"clippedEvents":1}
[DebugBridge +7528.4ms] wheel_scroll_motion {"eventCount":1,"rawAbsX":0,"rawAbsY":4,"rawX":0,"rawY":4,"clippedAbsX":0,"clippedAbsY":4,"clippedX":0,"clippedY":4,"requestedAppliedX":0,"requestedAppliedY":3.28,"appliedX":0,"appliedY":3.28,"actualX":0,"actualY":3,"sensitivity":0.82,"currentZoomForScroll":1,"maxScrollStepX":22,"maxScrollStepY":22,"diagonalEvents":0,"clippedEvents":0}
[DebugBridge +7545.6ms] wheel_scroll_motion {"eventCount":2,"rawAbsX":0,"rawAbsY":30,"rawX":0,"rawY":30,"clippedAbsX":0,"clippedAbsY":30,"clippedX":0,"clippedY":30,"requestedAppliedX":0,"requestedAppliedY":24.599999999999998,"appliedX":0,"appliedY":22,"actualX":0,"actualY":22,"sensitivity":0.82,"currentZoomForScroll":1,"maxScrollStepX":22,"maxScrollStepY":22,"diagonalEvents":0,"clippedEvents":0}
[DebugBridge +7555.4ms] wheel_scroll_motion {"eventCount":2,"rawAbsX":0,"rawAbsY":26,"rawX":0,"rawY":26,"clippedAbsX":0,"clippedAbsY":26,"clippedX":0,"clippedY":26,"requestedAppliedX":0,"requestedAppliedY":21.32,"appliedX":0,"appliedY":21.32,"actualX":0,"actualY":21,"sensitivity":0.82,"currentZoomForScroll":1,"maxScrollStepX":22,"maxScrollStepY":22,"diagonalEvents":0,"clippedEvents":0}
[DebugBridge +7561.3ms] page_visit_start {"page":5,"pageCount":36,"revisited":false,"hasContainer":true,"hasPdfSurface":true,"spinnerVisible":false,"hasAnnotationOverlay":false,"ready":true}
[DebugBridge +7562.5ms] wheel_scroll_motion {"eventCount":2,"rawAbsX":2,"rawAbsY":40,"rawX":2,"rawY":40,"clippedAbsX":2,"clippedAbsY":40,"clippedX":2,"clippedY":40,"requestedAppliedX":1.476,"requestedAppliedY":30.176,"appliedX":1.476,"appliedY":22,"actualX":0,"actualY":22,"sensitivity":0.738,"currentZoomForScroll":1,"maxScrollStepX":22,"maxScrollStepY":22,"diagonalEvents":1,"clippedEvents":0}
[DebugBridge +7562.7ms] page_visit_ready {"page":5,"pageCount":36,"revisited":false,"waitMs":1,"hasContainer":true,"hasPdfSurface":true,"spinnerVisible":false,"hasAnnotationOverlay":false,"ready":true}
[DebugBridge +7619.2ms] wheel_scroll_motion {"eventCount":1,"rawAbsX":4,"rawAbsY":76,"rawX":4,"rawY":76,"clippedAbsX":4,"clippedAbsY":48,"clippedX":4,"clippedY":48,"requestedAppliedX":2.6568,"requestedAppliedY":31.8816,"appliedX":2.6568,"appliedY":22,"actualX":0,"actualY":22,"sensitivity":0.6642,"currentZoomForScroll":1,"maxScrollStepX":22,"maxScrollStepY":22,"diagonalEvents":1,"clippedEvents":1}
[DebugBridge +7624.7ms] wheel_scroll_motion {"eventCount":1,"rawAbsX":8,"rawAbsY":892,"rawX":8,"rawY":892,"clippedAbsX":8,"clippedAbsY":48,"clippedX":8,"clippedY":48,"requestedAppliedX":5.3136,"requestedAppliedY":31.8816,"appliedX":5.3136,"appliedY":22,"actualX":0,"actualY":22,"sensitivity":0.6642,"currentZoomForScroll":1,"maxScrollStepX":22,"maxScrollStepY":22,"diagonalEvents":1,"clippedEvents":1}
[DebugBridge +7656.0ms] wheel_scroll_motion {"eventCount":1,"rawAbsX":0,"rawAbsY":216,"rawX":0,"rawY":216,"clippedAbsX":0,"clippedAbsY":48,"clippedX":0,"clippedY":48,"requestedAppliedX":0,"requestedAppliedY":35.424,"appliedX":0,"appliedY":22,"actualX":0,"actualY":22,"sensitivity":0.738,"currentZoomForScroll":1,"maxScrollStepX":22,"maxScrollStepY":22,"diagonalEvents":0,"clippedEvents":1}
[DebugBridge +7659.6ms] wheel_scroll_motion {"eventCount":1,"rawAbsX":0,"rawAbsY":612,"rawX":0,"rawY":612,"clippedAbsX":0,"clippedAbsY":48,"clippedX":0,"clippedY":48,"requestedAppliedX":0,"requestedAppliedY":35.424,"appliedX":0,"appliedY":22,"actualX":0,"actualY":22,"sensitivity":0.738,"currentZoomForScroll":1,"maxScrollStepX":22,"maxScrollStepY":22,"diagonalEvents":0,"clippedEvents":1}
[DebugBridge +7686.6ms] wheel_scroll_motion {"eventCount":1,"rawAbsX":0,"rawAbsY":188,"rawX":0,"rawY":188,"clippedAbsX":0,"clippedAbsY":48,"clippedX":0,"clippedY":48,"requestedAppliedX":0,"requestedAppliedY":35.424,"appliedX":0,"appliedY":22,"actualX":0,"actualY":22,"sensitivity":0.738,"currentZoomForScroll":1,"maxScrollStepX":22,"maxScrollStepY":22,"diagonalEvents":0,"clippedEvents":1}
[DebugBridge +7689.6ms] wheel_scroll_motion {"eventCount":1,"rawAbsX":0,"rawAbsY":342,"rawX":0,"rawY":342,"clippedAbsX":0,"clippedAbsY":48,"clippedX":0,"clippedY":48,"requestedAppliedX":0,"requestedAppliedY":35.424,"appliedX":0,"appliedY":22,"actualX":0,"actualY":22,"sensitivity":0.738,"currentZoomForScroll":1,"maxScrollStepX":22,"maxScrollStepY":22,"diagonalEvents":0,"clippedEvents":1}
[DebugBridge +7696.7ms] wheel_scroll_motion {"eventCount":1,"rawAbsX":0,"rawAbsY":160,"rawX":0,"rawY":160,"clippedAbsX":0,"clippedAbsY":48,"clippedX":0,"clippedY":48,"requestedAppliedX":0,"requestedAppliedY":35.424,"appliedX":0,"appliedY":22,"actualX":0,"actualY":22,"sensitivity":0.738,"currentZoomForScroll":1,"maxScrollStepX":22,"maxScrollStepY":22,"diagonalEvents":0,"clippedEvents":1}
[DebugBridge +7705.0ms] wheel_scroll_motion {"eventCount":1,"rawAbsX":0,"rawAbsY":154,"rawX":0,"rawY":154,"clippedAbsX":0,"clippedAbsY":48,"clippedX":0,"clippedY":48,"requestedAppliedX":0,"requestedAppliedY":35.424,"appliedX":0,"appliedY":22,"actualX":0,"actualY":22,"sensitivity":0.738,"currentZoomForScroll":1,"maxScrollStepX":22,"maxScrollStepY":22,"diagonalEvents":0,"clippedEvents":1}
[DebugBridge +7844.3ms] wheel_scroll_motion {"eventCount":1,"rawAbsX":0,"rawAbsY":734,"rawX":0,"rawY":734,"clippedAbsX":0,"clippedAbsY":48,"clippedX":0,"clippedY":48,"requestedAppliedX":0,"requestedAppliedY":35.424,"appliedX":0,"appliedY":22,"actualX":0,"actualY":22,"sensitivity":0.738,"currentZoomForScroll":1,"maxScrollStepX":22,"maxScrollStepY":22,"diagonalEvents":0,"clippedEvents":1}
[DebugBridge +7849.4ms] wheel_scroll_motion {"eventCount":1,"rawAbsX":0,"rawAbsY":1506,"rawX":0,"rawY":1506,"clippedAbsX":0,"clippedAbsY":48,"clippedX":0,"clippedY":48,"requestedAppliedX":0,"requestedAppliedY":35.424,"appliedX":0,"appliedY":22,"actualX":0,"actualY":22,"sensitivity":0.738,"currentZoomForScroll":1,"maxScrollStepX":22,"maxScrollStepY":22,"diagonalEvents":0,"clippedEvents":1}
[DebugBridge +7862.2ms] wheel_scroll_motion {"eventCount":2,"rawAbsX":0,"rawAbsY":216,"rawX":0,"rawY":216,"clippedAbsX":0,"clippedAbsY":96,"clippedX":0,"clippedY":96,"requestedAppliedX":0,"requestedAppliedY":70.848,"appliedX":0,"appliedY":22,"actualX":0,"actualY":22,"sensitivity":0.738,"currentZoomForScroll":1,"maxScrollStepX":22,"maxScrollStepY":22,"diagonalEvents":0,"clippedEvents":2}
[DebugBridge +7870.6ms] wheel_scroll_motion {"eventCount":1,"rawAbsX":0,"rawAbsY":106,"rawX":0,"rawY":106,"clippedAbsX":0,"clippedAbsY":48,"clippedX":0,"clippedY":48,"requestedAppliedX":0,"requestedAppliedY":35.424,"appliedX":0,"appliedY":22,"actualX":0,"actualY":22,"sensitivity":0.738,"currentZoomForScroll":1,"maxScrollStepX":22,"maxScrollStepY":22,"diagonalEvents":0,"clippedEvents":1}
[DebugBridge +7880.3ms] wheel_scroll_motion {"eventCount":1,"rawAbsX":0,"rawAbsY":100,"rawX":0,"rawY":100,"clippedAbsX":0,"clippedAbsY":48,"clippedX":0,"clippedY":48,"requestedAppliedX":0,"requestedAppliedY":35.424,"appliedX":0,"appliedY":22,"actualX":0,"actualY":22,"sensitivity":0.738,"currentZoomForScroll":1,"maxScrollStepX":22,"maxScrollStepY":22,"diagonalEvents":0,"clippedEvents":1}
[DebugBridge +7902.3ms] wheel_scroll_motion {"eventCount":2,"rawAbsX":0,"rawAbsY":198,"rawX":0,"rawY":198,"clippedAbsX":0,"clippedAbsY":96,"clippedX":0,"clippedY":96,"requestedAppliedX":0,"requestedAppliedY":70.848,"appliedX":0,"appliedY":22,"actualX":0,"actualY":22,"sensitivity":0.738,"currentZoomForScroll":1,"maxScrollStepX":22,"maxScrollStepY":22,"diagonalEvents":0,"clippedEvents":2}
[DebugBridge +7905.5ms] wheel_scroll_motion {"eventCount":1,"rawAbsX":0,"rawAbsY":94,"rawX":0,"rawY":94,"clippedAbsX":0,"clippedAbsY":48,"clippedX":0,"clippedY":48,"requestedAppliedX":0,"requestedAppliedY":35.424,"appliedX":0,"appliedY":22,"actualX":0,"actualY":22,"sensitivity":0.738,"currentZoomForScroll":1,"maxScrollStepX":22,"maxScrollStepY":22,"diagonalEvents":0,"clippedEvents":1}
[DebugBridge +7940.4ms] wheel_scroll_motion {"eventCount":2,"rawAbsX":0,"rawAbsY":186,"rawX":0,"rawY":186,"clippedAbsX":0,"clippedAbsY":96,"clippedX":0,"clippedY":96,"requestedAppliedX":0,"requestedAppliedY":70.848,"appliedX":0,"appliedY":22,"actualX":0,"actualY":22,"sensitivity":0.738,"currentZoomForScroll":1,"maxScrollStepX":22,"maxScrollStepY":22,"diagonalEvents":0,"clippedEvents":2}
[DebugBridge +7942.9ms] wheel_scroll_motion {"eventCount":1,"rawAbsX":0,"rawAbsY":262,"rawX":0,"rawY":262,"clippedAbsX":0,"clippedAbsY":48,"clippedX":0,"clippedY":48,"requestedAppliedX":0,"requestedAppliedY":35.424,"appliedX":0,"appliedY":22,"actualX":0,"actualY":22,"sensitivity":0.738,"currentZoomForScroll":1,"maxScrollStepX":22,"maxScrollStepY":22,"diagonalEvents":0,"clippedEvents":1}
[DebugBridge +7955.8ms] wheel_scroll_motion {"eventCount":1,"rawAbsX":0,"rawAbsY":80,"rawX":0,"rawY":80,"clippedAbsX":0,"clippedAbsY":48,"clippedX":0,"clippedY":48,"requestedAppliedX":0,"requestedAppliedY":35.424,"appliedX":0,"appliedY":22,"actualX":0,"actualY":22,"sensitivity":0.738,"currentZoomForScroll":1,"maxScrollStepX":22,"maxScrollStepY":22,"diagonalEvents":0,"clippedEvents":1}
[DebugBridge +7962.5ms] wheel_scroll_motion {"eventCount":1,"rawAbsX":0,"rawAbsY":80,"rawX":0,"rawY":80,"clippedAbsX":0,"clippedAbsY":48,"clippedX":0,"clippedY":48,"requestedAppliedX":0,"requestedAppliedY":35.424,"appliedX":0,"appliedY":22,"actualX":0,"actualY":22,"sensitivity":0.738,"currentZoomForScroll":1,"maxScrollStepX":22,"maxScrollStepY":22,"diagonalEvents":0,"clippedEvents":1}
[DebugBridge +8049.8ms] wheel_scroll_motion {"eventCount":2,"rawAbsX":0,"rawAbsY":94,"rawX":0,"rawY":94,"clippedAbsX":0,"clippedAbsY":66,"clippedX":0,"clippedY":66,"requestedAppliedX":0,"requestedAppliedY":50.184,"appliedX":0,"appliedY":22,"actualX":0,"actualY":22,"sensitivity":0.82,"currentZoomForScroll":1,"maxScrollStepX":22,"maxScrollStepY":22,"diagonalEvents":0,"clippedEvents":1}
[DebugBridge +8052.9ms] wheel_scroll_motion {"eventCount":1,"rawAbsX":22,"rawAbsY":362,"rawX":22,"rawY":362,"clippedAbsX":22,"clippedAbsY":48,"clippedX":22,"clippedY":48,"requestedAppliedX":14.612400000000001,"requestedAppliedY":31.8816,"appliedX":14.612400000000001,"appliedY":22,"actualX":0,"actualY":22,"sensitivity":0.6642,"currentZoomForScroll":1,"maxScrollStepX":22,"maxScrollStepY":22,"diagonalEvents":1,"clippedEvents":1}
[DebugBridge +8063.2ms] wheel_scroll_motion {"eventCount":2,"rawAbsX":4,"rawAbsY":116,"rawX":4,"rawY":116,"clippedAbsX":4,"clippedAbsY":88,"clippedX":4,"clippedY":88,"requestedAppliedX":2.8044000000000002,"requestedAppliedY":61.4016,"appliedX":2.8044000000000002,"appliedY":22,"actualX":0,"actualY":22,"sensitivity":0.6642,"currentZoomForScroll":1,"maxScrollStepX":22,"maxScrollStepY":22,"diagonalEvents":2,"clippedEvents":1}
[DebugBridge +8071.6ms] wheel_scroll_motion {"eventCount":2,"rawAbsX":4,"rawAbsY":122,"rawX":4,"rawY":122,"clippedAbsX":4,"clippedAbsY":86,"clippedX":4,"clippedY":86,"requestedAppliedX":2.8044000000000002,"requestedAppliedY":59.9256,"appliedX":2.8044000000000002,"appliedY":22,"actualX":0,"actualY":22,"sensitivity":0.6642,"currentZoomForScroll":1,"maxScrollStepX":22,"maxScrollStepY":22,"diagonalEvents":2,"clippedEvents":1}
[DebugBridge +8079.7ms] wheel_scroll_motion {"eventCount":2,"rawAbsX":4,"rawAbsY":128,"rawX":0,"rawY":128,"clippedAbsX":4,"clippedAbsY":84,"clippedX":0,"clippedY":84,"requestedAppliedX":0.14759999999999995,"requestedAppliedY":58.4496,"appliedX":0.14759999999999995,"appliedY":22,"actualX":0,"actualY":22,"sensitivity":0.6642,"currentZoomForScroll":1,"maxScrollStepX":22,"maxScrollStepY":22,"diagonalEvents":2,"clippedEvents":1}
[DebugBridge +8087.6ms] wheel_scroll_motion {"eventCount":2,"rawAbsX":4,"rawAbsY":108,"rawX":-4,"rawY":108,"clippedAbsX":4,"clippedAbsY":82,"clippedX":-4,"clippedY":82,"requestedAppliedX":-2.8044000000000002,"requestedAppliedY":56.9736,"appliedX":-2.8044000000000002,"appliedY":22,"actualX":0,"actualY":22,"sensitivity":0.6642,"currentZoomForScroll":1,"maxScrollStepX":22,"maxScrollStepY":22,"diagonalEvents":2,"clippedEvents":1}
[DebugBridge +8096.6ms] wheel_scroll_motion {"eventCount":2,"rawAbsX":2,"rawAbsY":110,"rawX":-2,"rawY":110,"clippedAbsX":2,"clippedAbsY":70,"clippedX":-2,"clippedY":70,"requestedAppliedX":-1.476,"requestedAppliedY":51.66,"appliedX":-1.476,"appliedY":22,"actualX":0,"actualY":22,"sensitivity":0.738,"currentZoomForScroll":1,"maxScrollStepX":22,"maxScrollStepY":22,"diagonalEvents":1,"clippedEvents":1}
[DebugBridge +8122.6ms] wheel_scroll_motion {"eventCount":2,"rawAbsX":0,"rawAbsY":340,"rawX":0,"rawY":340,"clippedAbsX":0,"clippedAbsY":96,"clippedX":0,"clippedY":96,"requestedAppliedX":0,"requestedAppliedY":70.848,"appliedX":0,"appliedY":22,"actualX":0,"actualY":22,"sensitivity":0.738,"currentZoomForScroll":1,"maxScrollStepX":22,"maxScrollStepY":22,"diagonalEvents":0,"clippedEvents":2}
[DebugBridge +8125.1ms] wheel_scroll_motion {"eventCount":1,"rawAbsX":0,"rawAbsY":170,"rawX":0,"rawY":170,"clippedAbsX":0,"clippedAbsY":48,"clippedX":0,"clippedY":48,"requestedAppliedX":0,"requestedAppliedY":35.424,"appliedX":0,"appliedY":22,"actualX":0,"actualY":22,"sensitivity":0.738,"currentZoomForScroll":1,"maxScrollStepX":22,"maxScrollStepY":22,"diagonalEvents":0,"clippedEvents":1}
[DebugBridge +8128.6ms] wheel_scroll_motion {"eventCount":1,"rawAbsX":0,"rawAbsY":166,"rawX":0,"rawY":166,"clippedAbsX":0,"clippedAbsY":48,"clippedX":0,"clippedY":48,"requestedAppliedX":0,"requestedAppliedY":35.424,"appliedX":0,"appliedY":22,"actualX":0,"actualY":22,"sensitivity":0.738,"currentZoomForScroll":1,"maxScrollStepX":22,"maxScrollStepY":22,"diagonalEvents":0,"clippedEvents":1}
[DebugBridge +8137.4ms] wheel_scroll_motion {"eventCount":1,"rawAbsX":0,"rawAbsY":162,"rawX":0,"rawY":162,"clippedAbsX":0,"clippedAbsY":48,"clippedX":0,"clippedY":48,"requestedAppliedX":0,"requestedAppliedY":35.424,"appliedX":0,"appliedY":22,"actualX":0,"actualY":22,"sensitivity":0.738,"currentZoomForScroll":1,"maxScrollStepX":22,"maxScrollStepY":22,"diagonalEvents":0,"clippedEvents":1}
[DebugBridge +8146.8ms] wheel_scroll_motion {"eventCount":1,"rawAbsX":0,"rawAbsY":156,"rawX":0,"rawY":156,"clippedAbsX":0,"clippedAbsY":48,"clippedX":0,"clippedY":48,"requestedAppliedX":0,"requestedAppliedY":35.424,"appliedX":0,"appliedY":22,"actualX":0,"actualY":22,"sensitivity":0.738,"currentZoomForScroll":1,"maxScrollStepX":22,"maxScrollStepY":22,"diagonalEvents":0,"clippedEvents":1}
[DebugBridge +8174.5ms] page_visit_start {"page":6,"pageCount":36,"revisited":false,"hasContainer":true,"hasPdfSurface":true,"spinnerVisible":false,"hasAnnotationOverlay":true,"ready":true}
[DebugBridge +8175.9ms] wheel_scroll_motion {"eventCount":2,"rawAbsX":0,"rawAbsY":282,"rawX":0,"rawY":282,"clippedAbsX":0,"clippedAbsY":96,"clippedX":0,"clippedY":96,"requestedAppliedX":0,"requestedAppliedY":70.848,"appliedX":0,"appliedY":22,"actualX":0,"actualY":22,"sensitivity":0.738,"currentZoomForScroll":1,"maxScrollStepX":22,"maxScrollStepY":22,"diagonalEvents":0,"clippedEvents":2}
[DebugBridge +8176.0ms] page_visit_ready {"page":6,"pageCount":36,"revisited":false,"waitMs":2,"hasContainer":true,"hasPdfSurface":true,"spinnerVisible":false,"hasAnnotationOverlay":true,"ready":true}
[DebugBridge +8178.7ms] wheel_scroll_motion {"eventCount":1,"rawAbsX":0,"rawAbsY":264,"rawX":0,"rawY":264,"clippedAbsX":0,"clippedAbsY":48,"clippedX":0,"clippedY":48,"requestedAppliedX":0,"requestedAppliedY":35.424,"appliedX":0,"appliedY":22,"actualX":0,"actualY":22,"sensitivity":0.738,"currentZoomForScroll":1,"maxScrollStepX":22,"maxScrollStepY":22,"diagonalEvents":0,"clippedEvents":1}
[DebugBridge +8277.4ms] wheel_scroll_motion {"eventCount":1,"rawAbsX":0,"rawAbsY":132,"rawX":0,"rawY":132,"clippedAbsX":0,"clippedAbsY":48,"clippedX":0,"clippedY":48,"requestedAppliedX":0,"requestedAppliedY":35.424,"appliedX":0,"appliedY":22,"actualX":0,"actualY":22,"sensitivity":0.738,"currentZoomForScroll":1,"maxScrollStepX":22,"maxScrollStepY":22,"diagonalEvents":0,"clippedEvents":1}
[DebugBridge +8287.2ms] wheel_scroll_motion {"eventCount":1,"rawAbsX":0,"rawAbsY":1270,"rawX":0,"rawY":1270,"clippedAbsX":0,"clippedAbsY":48,"clippedX":0,"clippedY":48,"requestedAppliedX":0,"requestedAppliedY":35.424,"appliedX":0,"appliedY":22,"actualX":0,"actualY":22,"sensitivity":0.738,"currentZoomForScroll":1,"maxScrollStepX":22,"maxScrollStepY":22,"diagonalEvents":0,"clippedEvents":1}
[DebugBridge +8291.0ms] wheel_scroll_motion {"eventCount":1,"rawAbsX":0,"rawAbsY":104,"rawX":0,"rawY":104,"clippedAbsX":0,"clippedAbsY":48,"clippedX":0,"clippedY":48,"requestedAppliedX":0,"requestedAppliedY":35.424,"appliedX":0,"appliedY":22,"actualX":0,"actualY":22,"sensitivity":0.738,"currentZoomForScroll":1,"maxScrollStepX":22,"maxScrollStepY":22,"diagonalEvents":0,"clippedEvents":1}
[DebugBridge +8389.2ms] wheel_scroll_motion {"eventCount":2,"rawAbsX":0,"rawAbsY":196,"rawX":0,"rawY":196,"clippedAbsX":0,"clippedAbsY":96,"clippedX":0,"clippedY":96,"requestedAppliedX":0,"requestedAppliedY":70.848,"appliedX":0,"appliedY":22,"actualX":0,"actualY":22,"sensitivity":0.738,"currentZoomForScroll":1,"maxScrollStepX":22,"maxScrollStepY":22,"diagonalEvents":0,"clippedEvents":2}
[DebugBridge +8395.3ms] wheel_scroll_motion {"eventCount":1,"rawAbsX":0,"rawAbsY":842,"rawX":0,"rawY":842,"clippedAbsX":0,"clippedAbsY":48,"clippedX":0,"clippedY":48,"requestedAppliedX":0,"requestedAppliedY":35.424,"appliedX":0,"appliedY":22,"actualX":0,"actualY":22,"sensitivity":0.738,"currentZoomForScroll":1,"maxScrollStepX":22,"maxScrollStepY":22,"diagonalEvents":0,"clippedEvents":1}
[DebugBridge +8399.2ms] wheel_scroll_motion {"eventCount":1,"rawAbsX":0,"rawAbsY":70,"rawX":0,"rawY":70,"clippedAbsX":0,"clippedAbsY":48,"clippedX":0,"clippedY":48,"requestedAppliedX":0,"requestedAppliedY":35.424,"appliedX":0,"appliedY":22,"actualX":0,"actualY":22,"sensitivity":0.738,"currentZoomForScroll":1,"maxScrollStepX":22,"maxScrollStepY":22,"diagonalEvents":0,"clippedEvents":1}
[DebugBridge +8439.3ms] wheel_scroll_motion {"eventCount":1,"rawAbsX":0,"rawAbsY":10,"rawX":0,"rawY":10,"clippedAbsX":0,"clippedAbsY":10,"clippedX":0,"clippedY":10,"requestedAppliedX":0,"requestedAppliedY":8.2,"appliedX":0,"appliedY":8.2,"actualX":0,"actualY":8,"sensitivity":0.82,"currentZoomForScroll":1,"maxScrollStepX":22,"maxScrollStepY":22,"diagonalEvents":0,"clippedEvents":0}
[DebugBridge +8442.9ms] wheel_scroll_motion {"eventCount":1,"rawAbsX":6,"rawAbsY":40,"rawX":6,"rawY":40,"clippedAbsX":6,"clippedAbsY":40,"clippedX":6,"clippedY":40,"requestedAppliedX":4.428,"requestedAppliedY":29.52,"appliedX":4.428,"appliedY":22,"actualX":0,"actualY":22,"sensitivity":0.738,"currentZoomForScroll":1,"maxScrollStepX":22,"maxScrollStepY":22,"diagonalEvents":1,"clippedEvents":0}
[DebugBridge +8446.1ms] wheel_scroll_motion {"eventCount":1,"rawAbsX":2,"rawAbsY":12,"rawX":2,"rawY":12,"clippedAbsX":2,"clippedAbsY":12,"clippedX":2,"clippedY":12,"requestedAppliedX":1.476,"requestedAppliedY":8.856,"appliedX":1.476,"appliedY":8.856,"actualX":0,"actualY":8.5,"sensitivity":0.738,"currentZoomForScroll":1,"maxScrollStepX":22,"maxScrollStepY":22,"diagonalEvents":1,"clippedEvents":0}
[DebugBridge +8464.7ms] wheel_scroll_motion {"eventCount":1,"rawAbsX":4,"rawAbsY":40,"rawX":4,"rawY":40,"clippedAbsX":4,"clippedAbsY":40,"clippedX":4,"clippedY":40,"requestedAppliedX":2.952,"requestedAppliedY":29.52,"appliedX":2.952,"appliedY":22,"actualX":0,"actualY":22,"sensitivity":0.738,"currentZoomForScroll":1,"maxScrollStepX":22,"maxScrollStepY":22,"diagonalEvents":1,"clippedEvents":0}
[DebugBridge +8516.3ms] wheel_scroll_motion {"eventCount":1,"rawAbsX":4,"rawAbsY":46,"rawX":4,"rawY":46,"clippedAbsX":4,"clippedAbsY":46,"clippedX":4,"clippedY":46,"requestedAppliedX":2.952,"requestedAppliedY":33.948,"appliedX":2.952,"appliedY":22,"actualX":0,"actualY":22,"sensitivity":0.738,"currentZoomForScroll":1,"maxScrollStepX":22,"maxScrollStepY":22,"diagonalEvents":1,"clippedEvents":0}
[DebugBridge +8520.5ms] wheel_scroll_motion {"eventCount":1,"rawAbsX":2,"rawAbsY":968,"rawX":-2,"rawY":968,"clippedAbsX":2,"clippedAbsY":48,"clippedX":-2,"clippedY":48,"requestedAppliedX":-1.3284,"requestedAppliedY":31.8816,"appliedX":-1.3284,"appliedY":22,"actualX":0,"actualY":22,"sensitivity":0.6642,"currentZoomForScroll":1,"maxScrollStepX":22,"maxScrollStepY":22,"diagonalEvents":1,"clippedEvents":1}
[DebugBridge +8528.1ms] wheel_scroll_motion {"eventCount":1,"rawAbsX":4,"rawAbsY":58,"rawX":-4,"rawY":58,"clippedAbsX":4,"clippedAbsY":48,"clippedX":-4,"clippedY":48,"requestedAppliedX":-2.6568,"requestedAppliedY":31.8816,"appliedX":-2.6568,"appliedY":22,"actualX":0,"actualY":22,"sensitivity":0.6642,"currentZoomForScroll":1,"maxScrollStepX":22,"maxScrollStepY":22,"diagonalEvents":1,"clippedEvents":1}
[DebugBridge +8536.7ms] wheel_scroll_motion {"eventCount":1,"rawAbsX":0,"rawAbsY":170,"rawX":0,"rawY":170,"clippedAbsX":0,"clippedAbsY":48,"clippedX":0,"clippedY":48,"requestedAppliedX":0,"requestedAppliedY":35.424,"appliedX":0,"appliedY":22,"actualX":0,"actualY":22,"sensitivity":0.738,"currentZoomForScroll":1,"maxScrollStepX":22,"maxScrollStepY":22,"diagonalEvents":0,"clippedEvents":1}
[DebugBridge +8575.5ms] wheel_scroll_motion {"eventCount":2,"rawAbsX":0,"rawAbsY":364,"rawX":0,"rawY":364,"clippedAbsX":0,"clippedAbsY":96,"clippedX":0,"clippedY":96,"requestedAppliedX":0,"requestedAppliedY":70.848,"appliedX":0,"appliedY":22,"actualX":0,"actualY":22,"sensitivity":0.738,"currentZoomForScroll":1,"maxScrollStepX":22,"maxScrollStepY":22,"diagonalEvents":0,"clippedEvents":2}
[DebugBridge +8580.9ms] wheel_scroll_motion {"eventCount":1,"rawAbsX":0,"rawAbsY":504,"rawX":0,"rawY":504,"clippedAbsX":0,"clippedAbsY":48,"clippedX":0,"clippedY":48,"requestedAppliedX":0,"requestedAppliedY":35.424,"appliedX":0,"appliedY":22,"actualX":0,"actualY":22,"sensitivity":0.738,"currentZoomForScroll":1,"maxScrollStepX":22,"maxScrollStepY":22,"diagonalEvents":0,"clippedEvents":1}
[DebugBridge +8587.1ms] wheel_scroll_motion {"eventCount":1,"rawAbsX":0,"rawAbsY":148,"rawX":0,"rawY":148,"clippedAbsX":0,"clippedAbsY":48,"clippedX":0,"clippedY":48,"requestedAppliedX":0,"requestedAppliedY":35.424,"appliedX":0,"appliedY":22,"actualX":0,"actualY":22,"sensitivity":0.738,"currentZoomForScroll":1,"maxScrollStepX":22,"maxScrollStepY":22,"diagonalEvents":0,"clippedEvents":1}
[DebugBridge +8596.6ms] wheel_scroll_motion {"eventCount":1,"rawAbsX":0,"rawAbsY":142,"rawX":0,"rawY":142,"clippedAbsX":0,"clippedAbsY":48,"clippedX":0,"clippedY":48,"requestedAppliedX":0,"requestedAppliedY":35.424,"appliedX":0,"appliedY":22,"actualX":0,"actualY":22,"sensitivity":0.738,"currentZoomForScroll":1,"maxScrollStepX":22,"maxScrollStepY":22,"diagonalEvents":0,"clippedEvents":1}
[DebugBridge +8604.9ms] wheel_scroll_motion {"eventCount":1,"rawAbsX":0,"rawAbsY":142,"rawX":0,"rawY":142,"clippedAbsX":0,"clippedAbsY":48,"clippedX":0,"clippedY":48,"requestedAppliedX":0,"requestedAppliedY":35.424,"appliedX":0,"appliedY":22,"actualX":0,"actualY":22,"sensitivity":0.738,"currentZoomForScroll":1,"maxScrollStepX":22,"maxScrollStepY":22,"diagonalEvents":0,"clippedEvents":1}
[DebugBridge +8611.8ms] wheel_scroll_motion {"eventCount":1,"rawAbsX":0,"rawAbsY":136,"rawX":0,"rawY":136,"clippedAbsX":0,"clippedAbsY":48,"clippedX":0,"clippedY":48,"requestedAppliedX":0,"requestedAppliedY":35.424,"appliedX":0,"appliedY":22,"actualX":0,"actualY":22,"sensitivity":0.738,"currentZoomForScroll":1,"maxScrollStepX":22,"maxScrollStepY":22,"diagonalEvents":0,"clippedEvents":1}
[DebugBridge +8648.0ms] wheel_scroll_motion {"eventCount":1,"rawAbsX":0,"rawAbsY":136,"rawX":0,"rawY":136,"clippedAbsX":0,"clippedAbsY":48,"clippedX":0,"clippedY":48,"requestedAppliedX":0,"requestedAppliedY":35.424,"appliedX":0,"appliedY":22,"actualX":0,"actualY":22,"sensitivity":0.738,"currentZoomForScroll":1,"maxScrollStepX":22,"maxScrollStepY":22,"diagonalEvents":0,"clippedEvents":1}
[DebugBridge +8653.1ms] wheel_scroll_motion {"eventCount":1,"rawAbsX":0,"rawAbsY":392,"rawX":0,"rawY":392,"clippedAbsX":0,"clippedAbsY":48,"clippedX":0,"clippedY":48,"requestedAppliedX":0,"requestedAppliedY":35.424,"appliedX":0,"appliedY":22,"actualX":0,"actualY":22,"sensitivity":0.738,"currentZoomForScroll":1,"maxScrollStepX":22,"maxScrollStepY":22,"diagonalEvents":0,"clippedEvents":1}
[DebugBridge +8655.6ms] wheel_scroll_motion {"eventCount":1,"rawAbsX":0,"rawAbsY":124,"rawX":0,"rawY":124,"clippedAbsX":0,"clippedAbsY":48,"clippedX":0,"clippedY":48,"requestedAppliedX":0,"requestedAppliedY":35.424,"appliedX":0,"appliedY":22,"actualX":0,"actualY":22,"sensitivity":0.738,"currentZoomForScroll":1,"maxScrollStepX":22,"maxScrollStepY":22,"diagonalEvents":0,"clippedEvents":1}
[DebugBridge +8662.2ms] wheel_scroll_motion {"eventCount":1,"rawAbsX":0,"rawAbsY":122,"rawX":0,"rawY":122,"clippedAbsX":0,"clippedAbsY":48,"clippedX":0,"clippedY":48,"requestedAppliedX":0,"requestedAppliedY":35.424,"appliedX":0,"appliedY":22,"actualX":0,"actualY":22,"sensitivity":0.738,"currentZoomForScroll":1,"maxScrollStepX":22,"maxScrollStepY":22,"diagonalEvents":0,"clippedEvents":1}
[DebugBridge +8670.5ms] wheel_scroll_motion {"eventCount":1,"rawAbsX":0,"rawAbsY":120,"rawX":0,"rawY":120,"clippedAbsX":0,"clippedAbsY":48,"clippedX":0,"clippedY":48,"requestedAppliedX":0,"requestedAppliedY":35.424,"appliedX":0,"appliedY":22,"actualX":0,"actualY":22,"sensitivity":0.738,"currentZoomForScroll":1,"maxScrollStepX":22,"maxScrollStepY":22,"diagonalEvents":0,"clippedEvents":1}
[DebugBridge +8679.9ms] wheel_scroll_motion {"eventCount":1,"rawAbsX":0,"rawAbsY":118,"rawX":0,"rawY":118,"clippedAbsX":0,"clippedAbsY":48,"clippedX":0,"clippedY":48,"requestedAppliedX":0,"requestedAppliedY":35.424,"appliedX":0,"appliedY":22,"actualX":0,"actualY":22,"sensitivity":0.738,"currentZoomForScroll":1,"maxScrollStepX":22,"maxScrollStepY":22,"diagonalEvents":0,"clippedEvents":1}
[DebugBridge +8688.0ms] wheel_scroll_motion {"eventCount":1,"rawAbsX":0,"rawAbsY":116,"rawX":0,"rawY":116,"clippedAbsX":0,"clippedAbsY":48,"clippedX":0,"clippedY":48,"requestedAppliedX":0,"requestedAppliedY":35.424,"appliedX":0,"appliedY":22,"actualX":0,"actualY":22,"sensitivity":0.738,"currentZoomForScroll":1,"maxScrollStepX":22,"maxScrollStepY":22,"diagonalEvents":0,"clippedEvents":1}
[DebugBridge +8697.6ms] wheel_scroll_motion {"eventCount":1,"rawAbsX":0,"rawAbsY":110,"rawX":0,"rawY":110,"clippedAbsX":0,"clippedAbsY":48,"clippedX":0,"clippedY":48,"requestedAppliedX":0,"requestedAppliedY":35.424,"appliedX":0,"appliedY":22,"actualX":0,"actualY":22,"sensitivity":0.738,"currentZoomForScroll":1,"maxScrollStepX":22,"maxScrollStepY":22,"diagonalEvents":0,"clippedEvents":1}
[DebugBridge +8771.8ms] wheel_scroll_motion {"eventCount":1,"rawAbsX":0,"rawAbsY":528,"rawX":0,"rawY":528,"clippedAbsX":0,"clippedAbsY":48,"clippedX":0,"clippedY":48,"requestedAppliedX":0,"requestedAppliedY":35.424,"appliedX":0,"appliedY":22,"actualX":0,"actualY":22,"sensitivity":0.738,"currentZoomForScroll":1,"maxScrollStepX":22,"maxScrollStepY":22,"diagonalEvents":0,"clippedEvents":1}
[DebugBridge +8776.4ms] wheel_scroll_motion {"eventCount":1,"rawAbsX":0,"rawAbsY":100,"rawX":0,"rawY":100,"clippedAbsX":0,"clippedAbsY":48,"clippedX":0,"clippedY":48,"requestedAppliedX":0,"requestedAppliedY":35.424,"appliedX":0,"appliedY":22,"actualX":0,"actualY":22,"sensitivity":0.738,"currentZoomForScroll":1,"maxScrollStepX":22,"maxScrollStepY":22,"diagonalEvents":0,"clippedEvents":1}
[DebugBridge +9011.1ms] wheel_scroll_motion {"eventCount":1,"rawAbsX":0,"rawAbsY":2,"rawX":0,"rawY":-2,"clippedAbsX":0,"clippedAbsY":2,"clippedX":0,"clippedY":-2,"requestedAppliedX":0,"requestedAppliedY":-1.64,"appliedX":0,"appliedY":-1.64,"actualX":0,"actualY":-2,"sensitivity":0.82,"currentZoomForScroll":1,"maxScrollStepX":22,"maxScrollStepY":22,"diagonalEvents":0,"clippedEvents":0}
[DebugBridge +9021.0ms] wheel_scroll_motion {"eventCount":2,"rawAbsX":4,"rawAbsY":10,"rawX":-4,"rawY":-10,"clippedAbsX":4,"clippedAbsY":10,"clippedX":-4,"clippedY":-10,"requestedAppliedX":-2.952,"requestedAppliedY":-7.38,"appliedX":-2.952,"appliedY":-7.38,"actualX":0,"actualY":-7.5,"sensitivity":0.738,"currentZoomForScroll":1,"maxScrollStepX":22,"maxScrollStepY":22,"diagonalEvents":2,"clippedEvents":0}
[DebugBridge +9028.3ms] wheel_scroll_motion {"eventCount":2,"rawAbsX":4,"rawAbsY":32,"rawX":-4,"rawY":-32,"clippedAbsX":4,"clippedAbsY":32,"clippedX":-4,"clippedY":-32,"requestedAppliedX":-2.952,"requestedAppliedY":-23.616,"appliedX":-2.952,"appliedY":-22,"actualX":0,"actualY":-22,"sensitivity":0.738,"currentZoomForScroll":1,"maxScrollStepX":22,"maxScrollStepY":22,"diagonalEvents":2,"clippedEvents":0}
[DebugBridge +9037.4ms] wheel_scroll_motion {"eventCount":1,"rawAbsX":2,"rawAbsY":20,"rawX":-2,"rawY":-20,"clippedAbsX":2,"clippedAbsY":20,"clippedX":-2,"clippedY":-20,"requestedAppliedX":-1.476,"requestedAppliedY":-14.76,"appliedX":-1.476,"appliedY":-14.76,"actualX":0,"actualY":-15,"sensitivity":0.738,"currentZoomForScroll":1,"maxScrollStepX":22,"maxScrollStepY":22,"diagonalEvents":1,"clippedEvents":0}
[DebugBridge +9046.1ms] wheel_scroll_motion {"eventCount":1,"rawAbsX":6,"rawAbsY":34,"rawX":-6,"rawY":-34,"clippedAbsX":6,"clippedAbsY":34,"clippedX":-6,"clippedY":-34,"requestedAppliedX":-4.428,"requestedAppliedY":-25.092,"appliedX":-4.428,"appliedY":-22,"actualX":0,"actualY":-22,"sensitivity":0.738,"currentZoomForScroll":1,"maxScrollStepX":22,"maxScrollStepY":22,"diagonalEvents":1,"clippedEvents":0}
[DebugBridge +9053.7ms] wheel_scroll_motion {"eventCount":1,"rawAbsX":8,"rawAbsY":42,"rawX":-8,"rawY":-42,"clippedAbsX":8,"clippedAbsY":42,"clippedX":-8,"clippedY":-42,"requestedAppliedX":-5.904,"requestedAppliedY":-30.996,"appliedX":-5.904,"appliedY":-22,"actualX":0,"actualY":-22,"sensitivity":0.738,"currentZoomForScroll":1,"maxScrollStepX":22,"maxScrollStepY":22,"diagonalEvents":1,"clippedEvents":0}
[DebugBridge +9062.3ms] wheel_scroll_motion {"eventCount":2,"rawAbsX":18,"rawAbsY":78,"rawX":-18,"rawY":-78,"clippedAbsX":18,"clippedAbsY":78,"clippedX":-18,"clippedY":-78,"requestedAppliedX":-13.283999999999999,"requestedAppliedY":-57.564,"appliedX":-13.283999999999999,"appliedY":-22,"actualX":0,"actualY":-22,"sensitivity":0.738,"currentZoomForScroll":1,"maxScrollStepX":22,"maxScrollStepY":22,"diagonalEvents":2,"clippedEvents":0}
[DebugBridge +9070.2ms] wheel_scroll_motion {"eventCount":2,"rawAbsX":12,"rawAbsY":48,"rawX":-12,"rawY":-48,"clippedAbsX":12,"clippedAbsY":48,"clippedX":-12,"clippedY":-48,"requestedAppliedX":-8.856,"requestedAppliedY":-35.424,"appliedX":-8.856,"appliedY":-22,"actualX":0,"actualY":-22,"sensitivity":0.738,"currentZoomForScroll":1,"maxScrollStepX":22,"maxScrollStepY":22,"diagonalEvents":2,"clippedEvents":0}
[DebugBridge +9079.2ms] wheel_scroll_motion {"eventCount":2,"rawAbsX":12,"rawAbsY":50,"rawX":-12,"rawY":-50,"clippedAbsX":12,"clippedAbsY":50,"clippedX":-12,"clippedY":-50,"requestedAppliedX":-8.856,"requestedAppliedY":-36.9,"appliedX":-8.856,"appliedY":-22,"actualX":0,"actualY":-22,"sensitivity":0.738,"currentZoomForScroll":1,"maxScrollStepX":22,"maxScrollStepY":22,"diagonalEvents":2,"clippedEvents":0}
[DebugBridge +9087.5ms] wheel_scroll_motion {"eventCount":2,"rawAbsX":10,"rawAbsY":44,"rawX":-10,"rawY":-44,"clippedAbsX":10,"clippedAbsY":44,"clippedX":-10,"clippedY":-44,"requestedAppliedX":-7.38,"requestedAppliedY":-32.472,"appliedX":-7.38,"appliedY":-22,"actualX":0,"actualY":-22,"sensitivity":0.738,"currentZoomForScroll":1,"maxScrollStepX":22,"maxScrollStepY":22,"diagonalEvents":2,"clippedEvents":0}
[DebugBridge +9095.7ms] wheel_scroll_motion {"eventCount":2,"rawAbsX":10,"rawAbsY":40,"rawX":-10,"rawY":-40,"clippedAbsX":10,"clippedAbsY":40,"clippedX":-10,"clippedY":-40,"requestedAppliedX":-7.38,"requestedAppliedY":-29.520000000000003,"appliedX":-7.38,"appliedY":-22,"actualX":0,"actualY":-22,"sensitivity":0.738,"currentZoomForScroll":1,"maxScrollStepX":22,"maxScrollStepY":22,"diagonalEvents":2,"clippedEvents":0}
[DebugBridge +9103.2ms] wheel_scroll_motion {"eventCount":1,"rawAbsX":12,"rawAbsY":62,"rawX":-12,"rawY":-62,"clippedAbsX":12,"clippedAbsY":48,"clippedX":-12,"clippedY":-48,"requestedAppliedX":-7.9704,"requestedAppliedY":-31.8816,"appliedX":-7.9704,"appliedY":-22,"actualX":0,"actualY":-22,"sensitivity":0.6642,"currentZoomForScroll":1,"maxScrollStepX":22,"maxScrollStepY":22,"diagonalEvents":1,"clippedEvents":1}
[DebugBridge +9112.3ms] wheel_scroll_motion {"eventCount":1,"rawAbsX":14,"rawAbsY":76,"rawX":-14,"rawY":-76,"clippedAbsX":14,"clippedAbsY":48,"clippedX":-14,"clippedY":-48,"requestedAppliedX":-9.2988,"requestedAppliedY":-31.8816,"appliedX":-9.2988,"appliedY":-22,"actualX":0,"actualY":-22,"sensitivity":0.6642,"currentZoomForScroll":1,"maxScrollStepX":22,"maxScrollStepY":22,"diagonalEvents":1,"clippedEvents":1}
[DebugBridge +9120.5ms] wheel_scroll_motion {"eventCount":1,"rawAbsX":14,"rawAbsY":82,"rawX":-14,"rawY":-82,"clippedAbsX":14,"clippedAbsY":48,"clippedX":-14,"clippedY":-48,"requestedAppliedX":-9.2988,"requestedAppliedY":-31.8816,"appliedX":-9.2988,"appliedY":-22,"actualX":0,"actualY":-22,"sensitivity":0.6642,"currentZoomForScroll":1,"maxScrollStepX":22,"maxScrollStepY":22,"diagonalEvents":1,"clippedEvents":1}
[DebugBridge +9129.1ms] wheel_scroll_motion {"eventCount":1,"rawAbsX":14,"rawAbsY":84,"rawX":-14,"rawY":-84,"clippedAbsX":14,"clippedAbsY":48,"clippedX":-14,"clippedY":-48,"requestedAppliedX":-9.2988,"requestedAppliedY":-31.8816,"appliedX":-9.2988,"appliedY":-22,"actualX":0,"actualY":-22,"sensitivity":0.6642,"currentZoomForScroll":1,"maxScrollStepX":22,"maxScrollStepY":22,"diagonalEvents":1,"clippedEvents":1}
[DebugBridge +9136.4ms] wheel_scroll_motion {"eventCount":1,"rawAbsX":14,"rawAbsY":80,"rawX":-14,"rawY":-80,"clippedAbsX":14,"clippedAbsY":48,"clippedX":-14,"clippedY":-48,"requestedAppliedX":-9.2988,"requestedAppliedY":-31.8816,"appliedX":-9.2988,"appliedY":-22,"actualX":0,"actualY":-22,"sensitivity":0.6642,"currentZoomForScroll":1,"maxScrollStepX":22,"maxScrollStepY":22,"diagonalEvents":1,"clippedEvents":1}
[DebugBridge +9144.8ms] wheel_scroll_motion {"eventCount":1,"rawAbsX":14,"rawAbsY":82,"rawX":-14,"rawY":-82,"clippedAbsX":14,"clippedAbsY":48,"clippedX":-14,"clippedY":-48,"requestedAppliedX":-9.2988,"requestedAppliedY":-31.8816,"appliedX":-9.2988,"appliedY":-22,"actualX":0,"actualY":-22,"sensitivity":0.6642,"currentZoomForScroll":1,"maxScrollStepX":22,"maxScrollStepY":22,"diagonalEvents":1,"clippedEvents":1}
[DebugBridge +9154.4ms] wheel_scroll_motion {"eventCount":1,"rawAbsX":16,"rawAbsY":86,"rawX":-16,"rawY":-86,"clippedAbsX":16,"clippedAbsY":48,"clippedX":-16,"clippedY":-48,"requestedAppliedX":-10.6272,"requestedAppliedY":-31.8816,"appliedX":-10.6272,"appliedY":-22,"actualX":0,"actualY":-22,"sensitivity":0.6642,"currentZoomForScroll":1,"maxScrollStepX":22,"maxScrollStepY":22,"diagonalEvents":1,"clippedEvents":1}
[DebugBridge +9162.7ms] wheel_scroll_motion {"eventCount":1,"rawAbsX":16,"rawAbsY":82,"rawX":-16,"rawY":-82,"clippedAbsX":16,"clippedAbsY":48,"clippedX":-16,"clippedY":-48,"requestedAppliedX":-10.6272,"requestedAppliedY":-31.8816,"appliedX":-10.6272,"appliedY":-22,"actualX":0,"actualY":-22,"sensitivity":0.6642,"currentZoomForScroll":1,"maxScrollStepX":22,"maxScrollStepY":22,"diagonalEvents":1,"clippedEvents":1}
[DebugBridge +9169.9ms] wheel_scroll_motion {"eventCount":1,"rawAbsX":16,"rawAbsY":82,"rawX":-16,"rawY":-82,"clippedAbsX":16,"clippedAbsY":48,"clippedX":-16,"clippedY":-48,"requestedAppliedX":-10.6272,"requestedAppliedY":-31.8816,"appliedX":-10.6272,"appliedY":-22,"actualX":0,"actualY":-22,"sensitivity":0.6642,"currentZoomForScroll":1,"maxScrollStepX":22,"maxScrollStepY":22,"diagonalEvents":1,"clippedEvents":1}
[DebugBridge +9206.9ms] wheel_scroll_motion {"eventCount":1,"rawAbsX":60,"rawAbsY":300,"rawX":-60,"rawY":-300,"clippedAbsX":48,"clippedAbsY":48,"clippedX":-48,"clippedY":-48,"requestedAppliedX":-31.8816,"requestedAppliedY":-31.8816,"appliedX":-22,"appliedY":-22,"actualX":0,"actualY":-22,"sensitivity":0.6642,"currentZoomForScroll":1,"maxScrollStepX":22,"maxScrollStepY":22,"diagonalEvents":1,"clippedEvents":1}
[DebugBridge +9209.4ms] wheel_scroll_motion {"eventCount":1,"rawAbsX":14,"rawAbsY":68,"rawX":-14,"rawY":-68,"clippedAbsX":14,"clippedAbsY":48,"clippedX":-14,"clippedY":-48,"requestedAppliedX":-9.2988,"requestedAppliedY":-31.8816,"appliedX":-9.2988,"appliedY":-22,"actualX":0,"actualY":-22,"sensitivity":0.6642,"currentZoomForScroll":1,"maxScrollStepX":22,"maxScrollStepY":22,"diagonalEvents":1,"clippedEvents":1}
[DebugBridge +9221.0ms] wheel_scroll_motion {"eventCount":1,"rawAbsX":12,"rawAbsY":68,"rawX":-12,"rawY":-68,"clippedAbsX":12,"clippedAbsY":48,"clippedX":-12,"clippedY":-48,"requestedAppliedX":-7.9704,"requestedAppliedY":-31.8816,"appliedX":-7.9704,"appliedY":-22,"actualX":0,"actualY":-22,"sensitivity":0.6642,"currentZoomForScroll":1,"maxScrollStepX":22,"maxScrollStepY":22,"diagonalEvents":1,"clippedEvents":1}
[DebugBridge +9228.8ms] wheel_scroll_motion {"eventCount":1,"rawAbsX":12,"rawAbsY":64,"rawX":-12,"rawY":-64,"clippedAbsX":12,"clippedAbsY":48,"clippedX":-12,"clippedY":-48,"requestedAppliedX":-7.9704,"requestedAppliedY":-31.8816,"appliedX":-7.9704,"appliedY":-22,"actualX":0,"actualY":-22,"sensitivity":0.6642,"currentZoomForScroll":1,"maxScrollStepX":22,"maxScrollStepY":22,"diagonalEvents":1,"clippedEvents":1}
[DebugBridge +9237.1ms] wheel_scroll_motion {"eventCount":1,"rawAbsX":10,"rawAbsY":64,"rawX":-10,"rawY":-64,"clippedAbsX":10,"clippedAbsY":48,"clippedX":-10,"clippedY":-48,"requestedAppliedX":-6.642,"requestedAppliedY":-31.8816,"appliedX":-6.642,"appliedY":-22,"actualX":0,"actualY":-22,"sensitivity":0.6642,"currentZoomForScroll":1,"maxScrollStepX":22,"maxScrollStepY":22,"diagonalEvents":1,"clippedEvents":1}
[DebugBridge +9243.8ms] wheel_scroll_motion {"eventCount":1,"rawAbsX":10,"rawAbsY":60,"rawX":-10,"rawY":-60,"clippedAbsX":10,"clippedAbsY":48,"clippedX":-10,"clippedY":-48,"requestedAppliedX":-6.642,"requestedAppliedY":-31.8816,"appliedX":-6.642,"appliedY":-22,"actualX":0,"actualY":-22,"sensitivity":0.6642,"currentZoomForScroll":1,"maxScrollStepX":22,"maxScrollStepY":22,"diagonalEvents":1,"clippedEvents":1}
[DebugBridge +9395.9ms] wheel_scroll_motion {"eventCount":1,"rawAbsX":2,"rawAbsY":0,"rawX":-2,"rawY":0,"clippedAbsX":2,"clippedAbsY":0,"clippedX":-2,"clippedY":0,"requestedAppliedX":-1.64,"requestedAppliedY":0,"appliedX":-1.64,"appliedY":0,"actualX":0,"actualY":0,"sensitivity":0.82,"currentZoomForScroll":1,"maxScrollStepX":22,"maxScrollStepY":22,"diagonalEvents":0,"clippedEvents":0}
[DebugBridge +9402.9ms] wheel_scroll_motion {"eventCount":1,"rawAbsX":2,"rawAbsY":4,"rawX":-2,"rawY":4,"clippedAbsX":2,"clippedAbsY":4,"clippedX":-2,"clippedY":4,"requestedAppliedX":-1.476,"requestedAppliedY":2.952,"appliedX":-1.476,"appliedY":2.952,"actualX":0,"actualY":2.5,"sensitivity":0.738,"currentZoomForScroll":1,"maxScrollStepX":22,"maxScrollStepY":22,"diagonalEvents":1,"clippedEvents":0}
[DebugBridge +9413.3ms] wheel_scroll_motion {"eventCount":2,"rawAbsX":4,"rawAbsY":10,"rawX":-4,"rawY":10,"clippedAbsX":4,"clippedAbsY":10,"clippedX":-4,"clippedY":10,"requestedAppliedX":-2.952,"requestedAppliedY":7.38,"appliedX":-2.952,"appliedY":7.38,"actualX":0,"actualY":7,"sensitivity":0.738,"currentZoomForScroll":1,"maxScrollStepX":22,"maxScrollStepY":22,"diagonalEvents":2,"clippedEvents":0}
[DebugBridge +9420.9ms] wheel_scroll_motion {"eventCount":2,"rawAbsX":4,"rawAbsY":4,"rawX":-4,"rawY":4,"clippedAbsX":4,"clippedAbsY":4,"clippedX":-4,"clippedY":4,"requestedAppliedX":-2.952,"requestedAppliedY":2.952,"appliedX":-2.952,"appliedY":2.952,"actualX":0,"actualY":2.5,"sensitivity":0.738,"currentZoomForScroll":1,"maxScrollStepX":22,"maxScrollStepY":22,"diagonalEvents":2,"clippedEvents":0}
[DebugBridge +9464.9ms] wheel_scroll_motion {"eventCount":1,"rawAbsX":10,"rawAbsY":24,"rawX":-10,"rawY":24,"clippedAbsX":10,"clippedAbsY":24,"clippedX":-10,"clippedY":24,"requestedAppliedX":-7.38,"requestedAppliedY":17.712,"appliedX":-7.38,"appliedY":17.712,"actualX":0,"actualY":17.5,"sensitivity":0.738,"currentZoomForScroll":1,"maxScrollStepX":22,"maxScrollStepY":22,"diagonalEvents":1,"clippedEvents":0}
[DebugBridge +9467.1ms] wheel_scroll_motion {"eventCount":1,"rawAbsX":6,"rawAbsY":10,"rawX":-6,"rawY":10,"clippedAbsX":6,"clippedAbsY":10,"clippedX":-6,"clippedY":10,"requestedAppliedX":-4.428,"requestedAppliedY":7.38,"appliedX":-4.428,"appliedY":7.38,"actualX":0,"actualY":7,"sensitivity":0.738,"currentZoomForScroll":1,"maxScrollStepX":22,"maxScrollStepY":22,"diagonalEvents":1,"clippedEvents":0}
[DebugBridge +9468.7ms] wheel_scroll_motion {"eventCount":1,"rawAbsX":2,"rawAbsY":2,"rawX":-2,"rawY":2,"clippedAbsX":2,"clippedAbsY":2,"clippedX":-2,"clippedY":2,"requestedAppliedX":-1.476,"requestedAppliedY":1.476,"appliedX":-1.476,"appliedY":1.476,"actualX":0,"actualY":1,"sensitivity":0.738,"currentZoomForScroll":1,"maxScrollStepX":22,"maxScrollStepY":22,"diagonalEvents":1,"clippedEvents":0}
[DebugBridge +9479.7ms] wheel_scroll_motion {"eventCount":3,"rawAbsX":6,"rawAbsY":10,"rawX":-6,"rawY":10,"clippedAbsX":6,"clippedAbsY":10,"clippedX":-6,"clippedY":10,"requestedAppliedX":-4.428,"requestedAppliedY":7.38,"appliedX":-4.428,"appliedY":7.38,"actualX":0,"actualY":7,"sensitivity":0.738,"currentZoomForScroll":1,"maxScrollStepX":22,"maxScrollStepY":22,"diagonalEvents":3,"clippedEvents":0}
[DebugBridge +9486.5ms] wheel_scroll_motion {"eventCount":1,"rawAbsX":2,"rawAbsY":2,"rawX":-2,"rawY":2,"clippedAbsX":2,"clippedAbsY":2,"clippedX":-2,"clippedY":2,"requestedAppliedX":-1.476,"requestedAppliedY":1.476,"appliedX":-1.476,"appliedY":1.476,"actualX":0,"actualY":1,"sensitivity":0.738,"currentZoomForScroll":1,"maxScrollStepX":22,"maxScrollStepY":22,"diagonalEvents":1,"clippedEvents":0}
[DebugBridge +9496.9ms] wheel_scroll_motion {"eventCount":3,"rawAbsX":2,"rawAbsY":10,"rawX":-2,"rawY":10,"clippedAbsX":2,"clippedAbsY":10,"clippedX":-2,"clippedY":10,"requestedAppliedX":-1.476,"requestedAppliedY":7.872,"appliedX":-1.476,"appliedY":7.872,"actualX":0,"actualY":7.5,"sensitivity":0.738,"currentZoomForScroll":1,"maxScrollStepX":22,"maxScrollStepY":22,"diagonalEvents":1,"clippedEvents":0}
[DebugBridge +9504.8ms] wheel_scroll_motion {"eventCount":2,"rawAbsX":2,"rawAbsY":6,"rawX":-2,"rawY":6,"clippedAbsX":2,"clippedAbsY":6,"clippedX":-2,"clippedY":6,"requestedAppliedX":-1.476,"requestedAppliedY":4.756,"appliedX":-1.476,"appliedY":4.756,"actualX":0,"actualY":4.5,"sensitivity":0.82,"currentZoomForScroll":1,"maxScrollStepX":22,"maxScrollStepY":22,"diagonalEvents":1,"clippedEvents":0}
[DebugBridge +9518.5ms] wheel_scroll_motion {"eventCount":1,"rawAbsX":0,"rawAbsY":2,"rawX":0,"rawY":2,"clippedAbsX":0,"clippedAbsY":2,"clippedX":0,"clippedY":2,"requestedAppliedX":0,"requestedAppliedY":1.64,"appliedX":0,"appliedY":1.64,"actualX":0,"actualY":1.5,"sensitivity":0.82,"currentZoomForScroll":1,"maxScrollStepX":22,"maxScrollStepY":22,"diagonalEvents":0,"clippedEvents":0}
[DebugBridge +9529.5ms] wheel_scroll_motion {"eventCount":1,"rawAbsX":2,"rawAbsY":6,"rawX":-2,"rawY":6,"clippedAbsX":2,"clippedAbsY":6,"clippedX":-2,"clippedY":6,"requestedAppliedX":-1.476,"requestedAppliedY":4.428,"appliedX":-1.476,"appliedY":4.428,"actualX":0,"actualY":4,"sensitivity":0.738,"currentZoomForScroll":1,"maxScrollStepX":22,"maxScrollStepY":22,"diagonalEvents":1,"clippedEvents":0}
[DebugBridge +9537.6ms] wheel_scroll_motion {"eventCount":2,"rawAbsX":0,"rawAbsY":8,"rawX":0,"rawY":8,"clippedAbsX":0,"clippedAbsY":8,"clippedX":0,"clippedY":8,"requestedAppliedX":0,"requestedAppliedY":6.56,"appliedX":0,"appliedY":6.56,"actualX":0,"actualY":6.5,"sensitivity":0.82,"currentZoomForScroll":1,"maxScrollStepX":22,"maxScrollStepY":22,"diagonalEvents":0,"clippedEvents":0}
[DebugBridge +9545.3ms] wheel_scroll_motion {"eventCount":1,"rawAbsX":2,"rawAbsY":4,"rawX":2,"rawY":4,"clippedAbsX":2,"clippedAbsY":4,"clippedX":2,"clippedY":4,"requestedAppliedX":1.476,"requestedAppliedY":2.952,"appliedX":1.476,"appliedY":2.952,"actualX":0,"actualY":2.5,"sensitivity":0.738,"currentZoomForScroll":1,"maxScrollStepX":22,"maxScrollStepY":22,"diagonalEvents":1,"clippedEvents":0}
[DebugBridge +9554.4ms] wheel_scroll_motion {"eventCount":2,"rawAbsX":4,"rawAbsY":4,"rawX":4,"rawY":4,"clippedAbsX":4,"clippedAbsY":4,"clippedX":4,"clippedY":4,"requestedAppliedX":2.952,"requestedAppliedY":2.952,"appliedX":2.952,"appliedY":2.952,"actualX":0,"actualY":2.5,"sensitivity":0.738,"currentZoomForScroll":1,"maxScrollStepX":22,"maxScrollStepY":22,"diagonalEvents":2,"clippedEvents":0}
[DebugBridge +9561.7ms] wheel_scroll_motion {"eventCount":1,"rawAbsX":2,"rawAbsY":2,"rawX":2,"rawY":2,"clippedAbsX":2,"clippedAbsY":2,"clippedX":2,"clippedY":2,"requestedAppliedX":1.476,"requestedAppliedY":1.476,"appliedX":1.476,"appliedY":1.476,"actualX":0,"actualY":1,"sensitivity":0.738,"currentZoomForScroll":1,"maxScrollStepX":22,"maxScrollStepY":22,"diagonalEvents":1,"clippedEvents":0}
[DebugBridge +9870.7ms] zoom_wheel_request {"rawDeltaY":4.546918869018555,"reportedZoom":67,"trustedReactZoom":67,"currentZoom":67,"reportedCurrentZoom":67,"nextZoom":67.67357920552482,"requestedDeltaAbs":0.6735792055248169,"reportedLagAbs":0,"rawGetZoomValue":67,"rawViewerZoomValue":67,"rawMagnificationZoom":null,"correctedSuspiciousZoom":false}
[DebugBridge +9870.9ms] zoom_start {"scale":0.67,"source":"overlay_wheel_zoom_pre","reportedScale":0.67,"correctedSuspiciousZoom":false}
[DebugBridge +9922.2ms] zoom_wheel_request {"rawDeltaY":8.226889610290527,"reportedZoom":67,"trustedReactZoom":67.67357920552482,"currentZoom":67.67357920552482,"reportedCurrentZoom":67,"nextZoom":68.90956536369656,"requestedDeltaAbs":1.235986158171741,"reportedLagAbs":0.6735792055248169,"rawGetZoomValue":67,"rawViewerZoomValue":67,"rawMagnificationZoom":null,"correctedSuspiciousZoom":false}
[DebugBridge +9948.7ms] zoom_wheel_request {"rawDeltaY":66.58816528320312,"reportedZoom":68,"trustedReactZoom":68.90956536369656,"currentZoom":68.90956536369656,"reportedCurrentZoom":68,"nextZoom":79.78128568031597,"requestedDeltaAbs":10.871720316619417,"reportedLagAbs":0.9095653636965579,"rawGetZoomValue":68,"rawViewerZoomValue":68,"rawMagnificationZoom":null,"correctedSuspiciousZoom":false}
[DebugBridge +9975.9ms] zoom_wheel_request {"rawDeltaY":38.06862258911133,"reportedZoom":79,"trustedReactZoom":79.78128568031597,"currentZoom":79.78128568031597,"reportedCurrentZoom":79,"nextZoom":86.75082521655908,"requestedDeltaAbs":6.969539536243104,"reportedLagAbs":0.7812856803159747,"rawGetZoomValue":79,"rawViewerZoomValue":79,"rawMagnificationZoom":null,"correctedSuspiciousZoom":false}
[DebugBridge +10006.7ms] zoom_wheel_request {"rawDeltaY":34.9404182434082,"reportedZoom":86,"trustedReactZoom":86.75082521655908,"currentZoom":86.75082521655908,"reportedCurrentZoom":86,"nextZoom":93.6822607327647,"requestedDeltaAbs":6.9314355162056245,"reportedLagAbs":0.750825216559079,"rawGetZoomValue":86,"rawViewerZoomValue":86,"rawMagnificationZoom":null,"correctedSuspiciousZoom":false}
[DebugBridge +10037.9ms] zoom_wheel_request {"rawDeltaY":19.65614128112793,"reportedZoom":93,"trustedReactZoom":93.6822607327647,"currentZoom":93.6822607327647,"reportedCurrentZoom":93,"nextZoom":97.82227993758808,"requestedDeltaAbs":4.140019204823375,"reportedLagAbs":0.6822607327647034,"rawGetZoomValue":93,"rawViewerZoomValue":93,"rawMagnificationZoom":null,"correctedSuspiciousZoom":false}
[DebugBridge +10067.0ms] zoom_wheel_request {"rawDeltaY":25.82781982421875,"reportedZoom":97,"trustedReactZoom":97.82227993758808,"currentZoom":97.82227993758808,"reportedCurrentZoom":97,"nextZoom":103.54161052111117,"requestedDeltaAbs":5.719330583523089,"reportedLagAbs":0.8222799375880783,"rawGetZoomValue":97,"rawViewerZoomValue":97,"rawMagnificationZoom":null,"correctedSuspiciousZoom":false}
[DebugBridge +10134.5ms] zoom_wheel_request {"rawDeltaY":4.433526992797852,"reportedZoom":103,"trustedReactZoom":103.54161052111117,"currentZoom":103.54161052111117,"reportedCurrentZoom":103,"nextZoom":104.55647178688702,"requestedDeltaAbs":1.0148612657758491,"reportedLagAbs":0.541610521111167,"rawGetZoomValue":103,"rawViewerZoomValue":103,"rawMagnificationZoom":null,"correctedSuspiciousZoom":false}
[DebugBridge +10355.1ms] zoom_wheel_request {"rawDeltaY":5.32698392868042,"reportedZoom":104,"trustedReactZoom":104.556471786887,"currentZoom":104.556471786887,"reportedCurrentZoom":104,"nextZoom":105.78901541285906,"requestedDeltaAbs":1.2325436259720561,"reportedLagAbs":0.5564717868870019,"rawGetZoomValue":104,"rawViewerZoomValue":104,"rawMagnificationZoom":null,"correctedSuspiciousZoom":false}
[DebugBridge +10389.6ms] zoom_wheel_request {"rawDeltaY":23.496835708618164,"reportedZoom":105,"trustedReactZoom":105.78901541285906,"currentZoom":105.78901541285906,"reportedCurrentZoom":105,"nextZoom":111.4013814827316,"requestedDeltaAbs":5.612366069872536,"reportedLagAbs":0.7890154128590581,"rawGetZoomValue":105,"rawViewerZoomValue":105,"rawMagnificationZoom":null,"correctedSuspiciousZoom":false}
[DebugBridge +10419.7ms] zoom_wheel_request {"rawDeltaY":7.396324634552002,"reportedZoom":111,"trustedReactZoom":111.4013814827316,"currentZoom":111.4013814827316,"reportedCurrentZoom":111,"nextZoom":113.22892368467747,"requestedDeltaAbs":1.8275422019458745,"reportedLagAbs":0.401381482731594,"rawGetZoomValue":111,"rawViewerZoomValue":111,"rawMagnificationZoom":null,"correctedSuspiciousZoom":false}
[DebugBridge +10449.9ms] zoom_wheel_request {"rawDeltaY":94.61784362792969,"reportedZoom":113,"trustedReactZoom":113.22892368467747,"currentZoom":113.22892368467747,"reportedCurrentZoom":113,"nextZoom":137.22892368467745,"requestedDeltaAbs":23.999999999999986,"reportedLagAbs":0.2289236846774685,"rawGetZoomValue":113,"rawViewerZoomValue":113,"rawMagnificationZoom":null,"correctedSuspiciousZoom":false}
[DebugBridge +10472.6ms] zoom_wheel_request {"rawDeltaY":43.840606689453125,"reportedZoom":137,"trustedReactZoom":137.22892368467745,"currentZoom":137.22892368467745,"reportedCurrentZoom":137,"nextZoom":151.12387153626713,"requestedDeltaAbs":13.894947851589677,"reportedLagAbs":0.22892368467745428,"rawGetZoomValue":137,"rawViewerZoomValue":137,"rawMagnificationZoom":null,"correctedSuspiciousZoom":false}
[DebugBridge +10494.4ms] zoom_wheel_request {"rawDeltaY":15.03557300567627,"reportedZoom":151,"trustedReactZoom":151.12387153626713,"currentZoom":151.12387153626713,"reportedCurrentZoom":151,"nextZoom":156.20638324742214,"requestedDeltaAbs":5.082511711155007,"reportedLagAbs":0.12387153626713143,"rawGetZoomValue":151,"rawViewerZoomValue":151,"rawMagnificationZoom":null,"correctedSuspiciousZoom":false}
[DebugBridge +10516.1ms] zoom_wheel_request {"rawDeltaY":6.926459789276123,"reportedZoom":156,"trustedReactZoom":156.20638324742214,"currentZoom":156.20638324742214,"reportedCurrentZoom":156,"nextZoom":158.6049174322517,"requestedDeltaAbs":2.398534184829572,"reportedLagAbs":0.20638324742213854,"rawGetZoomValue":156,"rawViewerZoomValue":156,"rawMagnificationZoom":null,"correctedSuspiciousZoom":false}
[DebugBridge +10536.0ms] zoom_wheel_request {"rawDeltaY":3.813279151916504,"reportedZoom":158,"trustedReactZoom":158.6049174322517,"currentZoom":158.6049174322517,"reportedCurrentZoom":158,"nextZoom":159.94108490837664,"requestedDeltaAbs":1.3361674761249276,"reportedLagAbs":0.6049174322517104,"rawGetZoomValue":158,"rawViewerZoomValue":158,"rawMagnificationZoom":null,"correctedSuspiciousZoom":false}
[DebugBridge +10554.7ms] zoom_wheel_request {"rawDeltaY":0.4450610876083374,"reportedZoom":159,"trustedReactZoom":159.94108490837664,"currentZoom":159.94108490837664,"reportedCurrentZoom":159,"nextZoom":160.0977654185429,"requestedDeltaAbs":0.15668051016626805,"reportedLagAbs":0.9410849083766379,"rawGetZoomValue":159,"rawViewerZoomValue":159,"rawMagnificationZoom":null,"correctedSuspiciousZoom":false}
[DebugBridge +10996.4ms] wheel_scroll_motion {"eventCount":2,"rawAbsX":10,"rawAbsY":6,"rawX":10,"rawY":6,"clippedAbsX":10,"clippedAbsY":6,"clippedX":10,"clippedY":6,"requestedAppliedX":7.38,"requestedAppliedY":4.428,"appliedX":7.38,"appliedY":4.428,"actualX":7,"actualY":4,"sensitivity":0.738,"currentZoomForScroll":1.600977654185429,"maxScrollStepX":22,"maxScrollStepY":22,"diagonalEvents":2,"clippedEvents":0}
[DebugBridge +11004.8ms] wheel_scroll_motion {"eventCount":1,"rawAbsX":6,"rawAbsY":4,"rawX":6,"rawY":4,"clippedAbsX":6,"clippedAbsY":4,"clippedX":6,"clippedY":4,"requestedAppliedX":4.428,"requestedAppliedY":2.952,"appliedX":4.428,"appliedY":2.952,"actualX":4,"actualY":2.5,"sensitivity":0.738,"currentZoomForScroll":1.600977654185429,"maxScrollStepX":22,"maxScrollStepY":22,"diagonalEvents":1,"clippedEvents":0}
[DebugBridge +11014.9ms] wheel_scroll_motion {"eventCount":2,"rawAbsX":20,"rawAbsY":10,"rawX":20,"rawY":10,"clippedAbsX":20,"clippedAbsY":10,"clippedX":20,"clippedY":10,"requestedAppliedX":14.76,"requestedAppliedY":7.38,"appliedX":14.76,"appliedY":7.38,"actualX":14.5,"actualY":7,"sensitivity":0.738,"currentZoomForScroll":1.600977654185429,"maxScrollStepX":22,"maxScrollStepY":22,"diagonalEvents":2,"clippedEvents":0}
[DebugBridge +11021.4ms] wheel_scroll_motion {"eventCount":1,"rawAbsX":14,"rawAbsY":6,"rawX":14,"rawY":6,"clippedAbsX":14,"clippedAbsY":6,"clippedX":14,"clippedY":6,"requestedAppliedX":10.332,"requestedAppliedY":4.428,"appliedX":10.332,"appliedY":4.428,"actualX":10,"actualY":4,"sensitivity":0.738,"currentZoomForScroll":1.600977654185429,"maxScrollStepX":22,"maxScrollStepY":22,"diagonalEvents":1,"clippedEvents":0}
[DebugBridge +11029.2ms] wheel_scroll_motion {"eventCount":1,"rawAbsX":8,"rawAbsY":4,"rawX":8,"rawY":4,"clippedAbsX":8,"clippedAbsY":4,"clippedX":8,"clippedY":4,"requestedAppliedX":5.904,"requestedAppliedY":2.952,"appliedX":5.904,"appliedY":2.952,"actualX":5.5,"actualY":2.5,"sensitivity":0.738,"currentZoomForScroll":1.600977654185429,"maxScrollStepX":22,"maxScrollStepY":22,"diagonalEvents":1,"clippedEvents":0}
[DebugBridge +11070.0ms] wheel_scroll_motion {"eventCount":3,"rawAbsX":48,"rawAbsY":14,"rawX":48,"rawY":14,"clippedAbsX":48,"clippedAbsY":14,"clippedX":48,"clippedY":14,"requestedAppliedX":35.424,"requestedAppliedY":10.332,"appliedX":22,"appliedY":10.332,"actualX":22,"actualY":10,"sensitivity":0.738,"currentZoomForScroll":1.600977654185429,"maxScrollStepX":22,"maxScrollStepY":22,"diagonalEvents":3,"clippedEvents":0}
[DebugBridge +11073.5ms] wheel_scroll_motion {"eventCount":1,"rawAbsX":176,"rawAbsY":14,"rawX":176,"rawY":14,"clippedAbsX":37.935743679894195,"clippedAbsY":14,"clippedX":37.935743679894195,"clippedY":14,"requestedAppliedX":25.196920952185724,"requestedAppliedY":9.2988,"appliedX":22,"appliedY":9.2988,"actualX":22,"actualY":9,"sensitivity":0.6642,"currentZoomForScroll":1.600977654185429,"maxScrollStepX":22,"maxScrollStepY":22,"diagonalEvents":1,"clippedEvents":1}
[DebugBridge +11079.8ms] wheel_scroll_motion {"eventCount":3,"rawAbsX":72,"rawAbsY":12,"rawX":72,"rawY":-12,"clippedAbsX":72,"clippedAbsY":12,"clippedX":72,"clippedY":-12,"requestedAppliedX":53.135999999999996,"requestedAppliedY":-8.856,"appliedX":22,"appliedY":-8.856,"actualX":22,"actualY":-9,"sensitivity":0.738,"currentZoomForScroll":1.600977654185429,"maxScrollStepX":22,"maxScrollStepY":22,"diagonalEvents":3,"clippedEvents":0}
[DebugBridge +11088.2ms] wheel_scroll_motion {"eventCount":1,"rawAbsX":2,"rawAbsY":2,"rawX":2,"rawY":-2,"clippedAbsX":2,"clippedAbsY":2,"clippedX":2,"clippedY":-2,"requestedAppliedX":1.476,"requestedAppliedY":-1.476,"appliedX":1.476,"appliedY":-1.476,"actualX":1,"actualY":-1.5,"sensitivity":0.738,"currentZoomForScroll":1.600977654185429,"maxScrollStepX":22,"maxScrollStepY":22,"diagonalEvents":1,"clippedEvents":0}
[DebugBridge +11096.5ms] wheel_scroll_motion {"eventCount":2,"rawAbsX":36,"rawAbsY":18,"rawX":36,"rawY":-18,"clippedAbsX":36,"clippedAbsY":18,"clippedX":36,"clippedY":-18,"requestedAppliedX":26.568,"requestedAppliedY":-13.283999999999999,"appliedX":22,"appliedY":-13.283999999999999,"actualX":22,"actualY":-13.5,"sensitivity":0.738,"currentZoomForScroll":1.600977654185429,"maxScrollStepX":22,"maxScrollStepY":22,"diagonalEvents":2,"clippedEvents":0}
[DebugBridge +11104.7ms] wheel_scroll_motion {"eventCount":1,"rawAbsX":8,"rawAbsY":8,"rawX":8,"rawY":-8,"clippedAbsX":8,"clippedAbsY":8,"clippedX":8,"clippedY":-8,"requestedAppliedX":5.904,"requestedAppliedY":-5.904,"appliedX":5.904,"appliedY":-5.904,"actualX":5.5,"actualY":-6,"sensitivity":0.738,"currentZoomForScroll":1.600977654185429,"maxScrollStepX":22,"maxScrollStepY":22,"diagonalEvents":1,"clippedEvents":0}
[DebugBridge +11113.6ms] wheel_scroll_motion {"eventCount":1,"rawAbsX":14,"rawAbsY":18,"rawX":14,"rawY":-18,"clippedAbsX":14,"clippedAbsY":18,"clippedX":14,"clippedY":-18,"requestedAppliedX":10.332,"requestedAppliedY":-13.283999999999999,"appliedX":10.332,"appliedY":-13.283999999999999,"actualX":10,"actualY":-13.5,"sensitivity":0.738,"currentZoomForScroll":1.600977654185429,"maxScrollStepX":22,"maxScrollStepY":22,"diagonalEvents":1,"clippedEvents":0}
[DebugBridge +11122.2ms] wheel_scroll_motion {"eventCount":2,"rawAbsX":14,"rawAbsY":42,"rawX":14,"rawY":-42,"clippedAbsX":14,"clippedAbsY":42,"clippedX":14,"clippedY":-42,"requestedAppliedX":10.332,"requestedAppliedY":-30.996000000000002,"appliedX":10.332,"appliedY":-22,"actualX":10,"actualY":-22,"sensitivity":0.738,"currentZoomForScroll":1.600977654185429,"maxScrollStepX":22,"maxScrollStepY":22,"diagonalEvents":2,"clippedEvents":0}
[DebugBridge +11137.7ms] wheel_scroll_motion {"eventCount":3,"rawAbsX":6,"rawAbsY":30,"rawX":2,"rawY":-30,"clippedAbsX":6,"clippedAbsY":30,"clippedX":2,"clippedY":-30,"requestedAppliedX":1.476,"requestedAppliedY":-22.14,"appliedX":1.476,"appliedY":-22,"actualX":1,"actualY":-22,"sensitivity":0.738,"currentZoomForScroll":1.600977654185429,"maxScrollStepX":22,"maxScrollStepY":22,"diagonalEvents":3,"clippedEvents":0}
[DebugBridge +11146.9ms] wheel_scroll_motion {"eventCount":3,"rawAbsX":6,"rawAbsY":26,"rawX":-6,"rawY":-26,"clippedAbsX":6,"clippedAbsY":26,"clippedX":-6,"clippedY":-26,"requestedAppliedX":-4.428,"requestedAppliedY":-19.188,"appliedX":-4.428,"appliedY":-19.188,"actualX":-4.5,"actualY":-19.5,"sensitivity":0.738,"currentZoomForScroll":1.600977654185429,"maxScrollStepX":22,"maxScrollStepY":22,"diagonalEvents":3,"clippedEvents":0}
[DebugBridge +11155.1ms] wheel_scroll_motion {"eventCount":2,"rawAbsX":10,"rawAbsY":16,"rawX":-10,"rawY":-16,"clippedAbsX":10,"clippedAbsY":16,"clippedX":-10,"clippedY":-16,"requestedAppliedX":-7.38,"requestedAppliedY":-11.808,"appliedX":-7.38,"appliedY":-11.808,"actualX":-7.5,"actualY":-12,"sensitivity":0.738,"currentZoomForScroll":1.600977654185429,"maxScrollStepX":22,"maxScrollStepY":22,"diagonalEvents":2,"clippedEvents":0}
[DebugBridge +11163.4ms] wheel_scroll_motion {"eventCount":2,"rawAbsX":12,"rawAbsY":12,"rawX":-12,"rawY":-12,"clippedAbsX":12,"clippedAbsY":12,"clippedX":-12,"clippedY":-12,"requestedAppliedX":-8.856,"requestedAppliedY":-8.856,"appliedX":-8.856,"appliedY":-8.856,"actualX":-9,"actualY":-9,"sensitivity":0.738,"currentZoomForScroll":1.600977654185429,"maxScrollStepX":22,"maxScrollStepY":22,"diagonalEvents":2,"clippedEvents":0}
[DebugBridge +11170.9ms] wheel_scroll_motion {"eventCount":1,"rawAbsX":14,"rawAbsY":6,"rawX":-14,"rawY":-6,"clippedAbsX":14,"clippedAbsY":6,"clippedX":-14,"clippedY":-6,"requestedAppliedX":-10.332,"requestedAppliedY":-4.428,"appliedX":-10.332,"appliedY":-4.428,"actualX":-10.5,"actualY":-4.5,"sensitivity":0.738,"currentZoomForScroll":1.600977654185429,"maxScrollStepX":22,"maxScrollStepY":22,"diagonalEvents":1,"clippedEvents":0}
[DebugBridge +11179.4ms] wheel_scroll_motion {"eventCount":2,"rawAbsX":26,"rawAbsY":8,"rawX":-26,"rawY":-8,"clippedAbsX":26,"clippedAbsY":8,"clippedX":-26,"clippedY":-8,"requestedAppliedX":-19.188,"requestedAppliedY":-5.904,"appliedX":-19.188,"appliedY":-5.904,"actualX":-19.5,"actualY":-6,"sensitivity":0.738,"currentZoomForScroll":1.600977654185429,"maxScrollStepX":22,"maxScrollStepY":22,"diagonalEvents":2,"clippedEvents":0}
[DebugBridge +11187.8ms] wheel_scroll_motion {"eventCount":2,"rawAbsX":20,"rawAbsY":2,"rawX":-20,"rawY":-2,"clippedAbsX":20,"clippedAbsY":2,"clippedX":-20,"clippedY":-2,"requestedAppliedX":-15.907999999999998,"requestedAppliedY":-1.476,"appliedX":-15.907999999999998,"appliedY":-1.476,"actualX":-16,"actualY":-1.5,"sensitivity":0.82,"currentZoomForScroll":1.600977654185429,"maxScrollStepX":22,"maxScrollStepY":22,"diagonalEvents":1,"clippedEvents":0}
[DebugBridge +11195.4ms] wheel_scroll_motion {"eventCount":1,"rawAbsX":4,"rawAbsY":0,"rawX":-4,"rawY":0,"clippedAbsX":4,"clippedAbsY":0,"clippedX":-4,"clippedY":0,"requestedAppliedX":-3.28,"requestedAppliedY":0,"appliedX":-3.28,"appliedY":0,"actualX":-3.5,"actualY":0,"sensitivity":0.82,"currentZoomForScroll":1.600977654185429,"maxScrollStepX":22,"maxScrollStepY":22,"diagonalEvents":0,"clippedEvents":0}
[DebugBridge +11204.4ms] wheel_scroll_motion {"eventCount":3,"rawAbsX":52,"rawAbsY":8,"rawX":-52,"rawY":8,"clippedAbsX":52,"clippedAbsY":8,"clippedX":-52,"clippedY":8,"requestedAppliedX":-38.376000000000005,"requestedAppliedY":5.904,"appliedX":-22,"appliedY":5.904,"actualX":-22,"actualY":5.5,"sensitivity":0.738,"currentZoomForScroll":1.600977654185429,"maxScrollStepX":22,"maxScrollStepY":22,"diagonalEvents":3,"clippedEvents":0}
[DebugBridge +11212.7ms] wheel_scroll_motion {"eventCount":2,"rawAbsX":18,"rawAbsY":10,"rawX":-18,"rawY":10,"clippedAbsX":18,"clippedAbsY":10,"clippedX":-18,"clippedY":10,"requestedAppliedX":-13.284,"requestedAppliedY":7.38,"appliedX":-13.284,"appliedY":7.38,"actualX":-13.5,"actualY":7,"sensitivity":0.738,"currentZoomForScroll":1.600977654185429,"maxScrollStepX":22,"maxScrollStepY":22,"diagonalEvents":2,"clippedEvents":0}
[DebugBridge +11220.3ms] wheel_scroll_motion {"eventCount":2,"rawAbsX":20,"rawAbsY":14,"rawX":-20,"rawY":14,"clippedAbsX":20,"clippedAbsY":14,"clippedX":-20,"clippedY":14,"requestedAppliedX":-14.759999999999998,"requestedAppliedY":10.332,"appliedX":-14.759999999999998,"appliedY":10.332,"actualX":-15,"actualY":10,"sensitivity":0.738,"currentZoomForScroll":1.600977654185429,"maxScrollStepX":22,"maxScrollStepY":22,"diagonalEvents":2,"clippedEvents":0}
[DebugBridge +11228.9ms] wheel_scroll_motion {"eventCount":2,"rawAbsX":16,"rawAbsY":16,"rawX":-16,"rawY":16,"clippedAbsX":16,"clippedAbsY":16,"clippedX":-16,"clippedY":16,"requestedAppliedX":-11.808,"requestedAppliedY":11.808,"appliedX":-11.808,"appliedY":11.808,"actualX":-12,"actualY":11.5,"sensitivity":0.738,"currentZoomForScroll":1.600977654185429,"maxScrollStepX":22,"maxScrollStepY":22,"diagonalEvents":2,"clippedEvents":0}
[DebugBridge +11272.4ms] wheel_scroll_motion {"eventCount":2,"rawAbsX":18,"rawAbsY":102,"rawX":-14,"rawY":102,"clippedAbsX":18,"clippedAbsY":45.935743679894195,"clippedX":-14,"clippedY":45.935743679894195,"requestedAppliedX":-9.1512,"requestedAppliedY":31.100920952185724,"appliedX":-9.1512,"appliedY":22,"actualX":-9.5,"actualY":22,"sensitivity":0.738,"currentZoomForScroll":1.600977654185429,"maxScrollStepX":22,"maxScrollStepY":22,"diagonalEvents":2,"clippedEvents":1}
[DebugBridge +11278.1ms] wheel_scroll_motion {"eventCount":2,"rawAbsX":6,"rawAbsY":18,"rawX":6,"rawY":18,"clippedAbsX":6,"clippedAbsY":18,"clippedX":6,"clippedY":18,"requestedAppliedX":4.428,"requestedAppliedY":13.283999999999999,"appliedX":4.428,"appliedY":13.283999999999999,"actualX":4,"actualY":13,"sensitivity":0.738,"currentZoomForScroll":1.600977654185429,"maxScrollStepX":22,"maxScrollStepY":22,"diagonalEvents":2,"clippedEvents":0}
[DebugBridge +11286.9ms] wheel_scroll_motion {"eventCount":2,"rawAbsX":12,"rawAbsY":22,"rawX":12,"rawY":22,"clippedAbsX":12,"clippedAbsY":22,"clippedX":12,"clippedY":22,"requestedAppliedX":8.856,"requestedAppliedY":16.236,"appliedX":8.856,"appliedY":16.236,"actualX":8.5,"actualY":16,"sensitivity":0.738,"currentZoomForScroll":1.600977654185429,"maxScrollStepX":22,"maxScrollStepY":22,"diagonalEvents":2,"clippedEvents":0}
[DebugBridge +11295.9ms] wheel_scroll_motion {"eventCount":3,"rawAbsX":30,"rawAbsY":20,"rawX":30,"rawY":20,"clippedAbsX":30,"clippedAbsY":20,"clippedX":30,"clippedY":20,"requestedAppliedX":22.14,"requestedAppliedY":14.76,"appliedX":22,"appliedY":14.76,"actualX":22,"actualY":14.5,"sensitivity":0.738,"currentZoomForScroll":1.600977654185429,"maxScrollStepX":22,"maxScrollStepY":22,"diagonalEvents":3,"clippedEvents":0}
[DebugBridge +11304.1ms] wheel_scroll_motion {"eventCount":2,"rawAbsX":18,"rawAbsY":8,"rawX":18,"rawY":8,"clippedAbsX":18,"clippedAbsY":8,"clippedX":18,"clippedY":8,"requestedAppliedX":13.283999999999999,"requestedAppliedY":5.904,"appliedX":13.283999999999999,"appliedY":5.904,"actualX":13,"actualY":5.5,"sensitivity":0.738,"currentZoomForScroll":1.600977654185429,"maxScrollStepX":22,"maxScrollStepY":22,"diagonalEvents":2,"clippedEvents":0}
[DebugBridge +11311.8ms] wheel_scroll_motion {"eventCount":1,"rawAbsX":4,"rawAbsY":2,"rawX":4,"rawY":2,"clippedAbsX":4,"clippedAbsY":2,"clippedX":4,"clippedY":2,"requestedAppliedX":2.952,"requestedAppliedY":1.476,"appliedX":2.952,"appliedY":1.476,"actualX":2.5,"actualY":1,"sensitivity":0.738,"currentZoomForScroll":1.600977654185429,"maxScrollStepX":22,"maxScrollStepY":22,"diagonalEvents":1,"clippedEvents":0}
[DebugBridge +11320.0ms] wheel_scroll_motion {"eventCount":2,"rawAbsX":30,"rawAbsY":6,"rawX":30,"rawY":6,"clippedAbsX":30,"clippedAbsY":6,"clippedX":30,"clippedY":6,"requestedAppliedX":22.14,"requestedAppliedY":4.428,"appliedX":22,"appliedY":4.428,"actualX":22,"actualY":4,"sensitivity":0.738,"currentZoomForScroll":1.600977654185429,"maxScrollStepX":22,"maxScrollStepY":22,"diagonalEvents":2,"clippedEvents":0}
[DebugBridge +11329.4ms] wheel_scroll_motion {"eventCount":3,"rawAbsX":44,"rawAbsY":6,"rawX":44,"rawY":-6,"clippedAbsX":44,"clippedAbsY":6,"clippedX":44,"clippedY":-6,"requestedAppliedX":34.44,"requestedAppliedY":-4.428,"appliedX":22,"appliedY":-4.428,"actualX":22,"actualY":-4.5,"sensitivity":0.738,"currentZoomForScroll":1.600977654185429,"maxScrollStepX":22,"maxScrollStepY":22,"diagonalEvents":1,"clippedEvents":0}
[DebugBridge +11336.8ms] wheel_scroll_motion {"eventCount":1,"rawAbsX":4,"rawAbsY":2,"rawX":4,"rawY":-2,"clippedAbsX":4,"clippedAbsY":2,"clippedX":4,"clippedY":-2,"requestedAppliedX":2.952,"requestedAppliedY":-1.476,"appliedX":2.952,"appliedY":-1.476,"actualX":2.5,"actualY":-1.5,"sensitivity":0.738,"currentZoomForScroll":1.600977654185429,"maxScrollStepX":22,"maxScrollStepY":22,"diagonalEvents":1,"clippedEvents":0}
[DebugBridge +11345.3ms] wheel_scroll_motion {"eventCount":1,"rawAbsX":20,"rawAbsY":8,"rawX":20,"rawY":-8,"clippedAbsX":20,"clippedAbsY":8,"clippedX":20,"clippedY":-8,"requestedAppliedX":14.76,"requestedAppliedY":-5.904,"appliedX":14.76,"appliedY":-5.904,"actualX":14.5,"actualY":-6,"sensitivity":0.738,"currentZoomForScroll":1.600977654185429,"maxScrollStepX":22,"maxScrollStepY":22,"diagonalEvents":1,"clippedEvents":0}
[DebugBridge +11353.7ms] wheel_scroll_motion {"eventCount":2,"rawAbsX":28,"rawAbsY":22,"rawX":28,"rawY":-22,"clippedAbsX":28,"clippedAbsY":22,"clippedX":28,"clippedY":-22,"requestedAppliedX":20.664,"requestedAppliedY":-16.236,"appliedX":20.664,"appliedY":-16.236,"actualX":20.5,"actualY":-16.5,"sensitivity":0.738,"currentZoomForScroll":1.600977654185429,"maxScrollStepX":22,"maxScrollStepY":22,"diagonalEvents":2,"clippedEvents":0}
[DebugBridge +11361.8ms] wheel_scroll_motion {"eventCount":1,"rawAbsX":6,"rawAbsY":8,"rawX":6,"rawY":-8,"clippedAbsX":6,"clippedAbsY":8,"clippedX":6,"clippedY":-8,"requestedAppliedX":4.428,"requestedAppliedY":-5.904,"appliedX":4.428,"appliedY":-5.904,"actualX":4,"actualY":-6,"sensitivity":0.738,"currentZoomForScroll":1.600977654185429,"maxScrollStepX":22,"maxScrollStepY":22,"diagonalEvents":1,"clippedEvents":0}
[DebugBridge +11370.7ms] wheel_scroll_motion {"eventCount":1,"rawAbsX":10,"rawAbsY":16,"rawX":10,"rawY":-16,"clippedAbsX":10,"clippedAbsY":16,"clippedX":10,"clippedY":-16,"requestedAppliedX":7.38,"requestedAppliedY":-11.808,"appliedX":7.38,"appliedY":-11.808,"actualX":7,"actualY":-12,"sensitivity":0.738,"currentZoomForScroll":1.600977654185429,"maxScrollStepX":22,"maxScrollStepY":22,"diagonalEvents":1,"clippedEvents":0}
[DebugBridge +11405.0ms] wheel_scroll_motion {"eventCount":2,"rawAbsX":14,"rawAbsY":40,"rawX":14,"rawY":-40,"clippedAbsX":14,"clippedAbsY":40,"clippedX":14,"clippedY":-40,"requestedAppliedX":10.332,"requestedAppliedY":-29.52,"appliedX":10.332,"appliedY":-22,"actualX":10,"actualY":-22,"sensitivity":0.738,"currentZoomForScroll":1.600977654185429,"maxScrollStepX":22,"maxScrollStepY":22,"diagonalEvents":2,"clippedEvents":0}
[DebugBridge +11407.3ms] wheel_scroll_motion {"eventCount":1,"rawAbsX":0,"rawAbsY":62,"rawX":0,"rawY":-62,"clippedAbsX":0,"clippedAbsY":37.935743679894195,"clippedX":0,"clippedY":-37.935743679894195,"requestedAppliedX":0,"requestedAppliedY":-27.996578835761916,"appliedX":0,"appliedY":-22,"actualX":0,"actualY":-22,"sensitivity":0.738,"currentZoomForScroll":1.600977654185429,"maxScrollStepX":22,"maxScrollStepY":22,"diagonalEvents":0,"clippedEvents":1}
[DebugBridge +11411.7ms] wheel_scroll_motion {"eventCount":1,"rawAbsX":4,"rawAbsY":10,"rawX":-4,"rawY":-10,"clippedAbsX":4,"clippedAbsY":10,"clippedX":-4,"clippedY":-10,"requestedAppliedX":-2.952,"requestedAppliedY":-7.38,"appliedX":-2.952,"appliedY":-7.38,"actualX":-3,"actualY":-7.5,"sensitivity":0.738,"currentZoomForScroll":1.600977654185429,"maxScrollStepX":22,"maxScrollStepY":22,"diagonalEvents":1,"clippedEvents":0}
[DebugBridge +11421.0ms] wheel_scroll_motion {"eventCount":2,"rawAbsX":10,"rawAbsY":14,"rawX":-10,"rawY":-14,"clippedAbsX":10,"clippedAbsY":14,"clippedX":-10,"clippedY":-14,"requestedAppliedX":-7.38,"requestedAppliedY":-10.332,"appliedX":-7.38,"appliedY":-10.332,"actualX":-7.5,"actualY":-10.5,"sensitivity":0.738,"currentZoomForScroll":1.600977654185429,"maxScrollStepX":22,"maxScrollStepY":22,"diagonalEvents":2,"clippedEvents":0}
[DebugBridge +11428.1ms] wheel_scroll_motion {"eventCount":2,"rawAbsX":14,"rawAbsY":8,"rawX":-14,"rawY":-8,"clippedAbsX":14,"clippedAbsY":8,"clippedX":-14,"clippedY":-8,"requestedAppliedX":-10.332,"requestedAppliedY":-5.904,"appliedX":-10.332,"appliedY":-5.904,"actualX":-10.5,"actualY":-6,"sensitivity":0.738,"currentZoomForScroll":1.600977654185429,"maxScrollStepX":22,"maxScrollStepY":22,"diagonalEvents":2,"clippedEvents":0}
[DebugBridge +11436.0ms] wheel_scroll_motion {"eventCount":2,"rawAbsX":20,"rawAbsY":6,"rawX":-20,"rawY":-6,"clippedAbsX":20,"clippedAbsY":6,"clippedX":-20,"clippedY":-6,"requestedAppliedX":-14.76,"requestedAppliedY":-4.428,"appliedX":-14.76,"appliedY":-4.428,"actualX":-15,"actualY":-4.5,"sensitivity":0.738,"currentZoomForScroll":1.600977654185429,"maxScrollStepX":22,"maxScrollStepY":22,"diagonalEvents":2,"clippedEvents":0}
[DebugBridge +11446.1ms] wheel_scroll_motion {"eventCount":3,"rawAbsX":26,"rawAbsY":2,"rawX":-26,"rawY":-2,"clippedAbsX":26,"clippedAbsY":2,"clippedX":-26,"clippedY":-2,"requestedAppliedX":-20.828,"requestedAppliedY":-1.476,"appliedX":-20.828,"appliedY":-1.476,"actualX":-21,"actualY":-1.5,"sensitivity":0.82,"currentZoomForScroll":1.600977654185429,"maxScrollStepX":22,"maxScrollStepY":22,"diagonalEvents":1,"clippedEvents":0}
[DebugBridge +11453.9ms] wheel_scroll_motion {"eventCount":1,"rawAbsX":20,"rawAbsY":2,"rawX":-20,"rawY":2,"clippedAbsX":20,"clippedAbsY":2,"clippedX":-20,"clippedY":2,"requestedAppliedX":-14.76,"requestedAppliedY":1.476,"appliedX":-14.76,"appliedY":1.476,"actualX":-15,"actualY":1,"sensitivity":0.738,"currentZoomForScroll":1.600977654185429,"maxScrollStepX":22,"maxScrollStepY":22,"diagonalEvents":1,"clippedEvents":0}
[DebugBridge +11462.4ms] wheel_scroll_motion {"eventCount":2,"rawAbsX":22,"rawAbsY":10,"rawX":-22,"rawY":10,"clippedAbsX":22,"clippedAbsY":10,"clippedX":-22,"clippedY":10,"requestedAppliedX":-16.235999999999997,"requestedAppliedY":7.38,"appliedX":-16.235999999999997,"appliedY":7.38,"actualX":-16.5,"actualY":7,"sensitivity":0.738,"currentZoomForScroll":1.600977654185429,"maxScrollStepX":22,"maxScrollStepY":22,"diagonalEvents":2,"clippedEvents":0}
[DebugBridge +11470.6ms] wheel_scroll_motion {"eventCount":2,"rawAbsX":14,"rawAbsY":12,"rawX":-14,"rawY":12,"clippedAbsX":14,"clippedAbsY":12,"clippedX":-14,"clippedY":12,"requestedAppliedX":-10.332,"requestedAppliedY":8.856,"appliedX":-10.332,"appliedY":8.856,"actualX":-10.5,"actualY":8.5,"sensitivity":0.738,"currentZoomForScroll":1.600977654185429,"maxScrollStepX":22,"maxScrollStepY":22,"diagonalEvents":2,"clippedEvents":0}
[DebugBridge +11479.2ms] wheel_scroll_motion {"eventCount":1,"rawAbsX":8,"rawAbsY":14,"rawX":-8,"rawY":14,"clippedAbsX":8,"clippedAbsY":14,"clippedX":-8,"clippedY":14,"requestedAppliedX":-5.904,"requestedAppliedY":10.332,"appliedX":-5.904,"appliedY":10.332,"actualX":-6,"actualY":10,"sensitivity":0.738,"currentZoomForScroll":1.600977654185429,"maxScrollStepX":22,"maxScrollStepY":22,"diagonalEvents":1,"clippedEvents":0}
[DebugBridge +11760.2ms] wheel_scroll_motion {"eventCount":1,"rawAbsX":14,"rawAbsY":118,"rawX":-14,"rawY":118,"clippedAbsX":14,"clippedAbsY":37.935743679894195,"clippedX":-14,"clippedY":37.935743679894195,"requestedAppliedX":-9.2988,"requestedAppliedY":25.196920952185724,"appliedX":-9.2988,"appliedY":22,"actualX":-9.5,"actualY":22,"sensitivity":0.6642,"currentZoomForScroll":1.600977654185429,"maxScrollStepX":22,"maxScrollStepY":22,"diagonalEvents":1,"clippedEvents":1}
[DebugBridge +11773.8ms] wheel_scroll_motion {"eventCount":1,"rawAbsX":114,"rawAbsY":36,"rawX":114,"rawY":36,"clippedAbsX":37.935743679894195,"clippedAbsY":36,"clippedX":37.935743679894195,"clippedY":36,"requestedAppliedX":25.196920952185724,"requestedAppliedY":23.9112,"appliedX":22,"appliedY":22,"actualX":22,"actualY":22,"sensitivity":0.6642,"currentZoomForScroll":1.600977654185429,"maxScrollStepX":22,"maxScrollStepY":22,"diagonalEvents":1,"clippedEvents":1}
[DebugBridge +11786.2ms] wheel_scroll_motion {"eventCount":2,"rawAbsX":20,"rawAbsY":46,"rawX":-20,"rawY":46,"clippedAbsX":20,"clippedAbsY":41.935743679894195,"clippedX":-20,"clippedY":41.935743679894195,"requestedAppliedX":-13.4316,"requestedAppliedY":28.148920952185726,"appliedX":-13.4316,"appliedY":22,"actualX":-13.5,"actualY":22,"sensitivity":0.738,"currentZoomForScroll":1.600977654185429,"maxScrollStepX":22,"maxScrollStepY":22,"diagonalEvents":2,"clippedEvents":1}
[DebugBridge +11790.1ms] wheel_scroll_motion {"eventCount":1,"rawAbsX":0,"rawAbsY":4,"rawX":0,"rawY":4,"clippedAbsX":0,"clippedAbsY":4,"clippedX":0,"clippedY":4,"requestedAppliedX":0,"requestedAppliedY":3.28,"appliedX":0,"appliedY":3.28,"actualX":0,"actualY":3,"sensitivity":0.82,"currentZoomForScroll":1.600977654185429,"maxScrollStepX":22,"maxScrollStepY":22,"diagonalEvents":0,"clippedEvents":0}
[DebugBridge +11791.8ms] zoom_end {"source":"zoomChange_settle"}
[DebugBridge +11797.6ms] wheel_scroll_motion {"eventCount":3,"rawAbsX":0,"rawAbsY":12,"rawX":0,"rawY":12,"clippedAbsX":0,"clippedAbsY":12,"clippedX":0,"clippedY":12,"requestedAppliedX":0,"requestedAppliedY":9.84,"appliedX":0,"appliedY":9.84,"actualX":0,"actualY":9.5,"sensitivity":0.82,"currentZoomForScroll":1.600977654185429,"maxScrollStepX":22,"maxScrollStepY":22,"diagonalEvents":0,"clippedEvents":0}
[DebugBridge +11808.9ms] wheel_scroll_motion {"eventCount":1,"rawAbsX":0,"rawAbsY":2,"rawX":0,"rawY":2,"clippedAbsX":0,"clippedAbsY":2,"clippedX":0,"clippedY":2,"requestedAppliedX":0,"requestedAppliedY":1.64,"appliedX":0,"appliedY":1.64,"actualX":0,"actualY":1.5,"sensitivity":0.82,"currentZoomForScroll":1.600977654185429,"maxScrollStepX":22,"maxScrollStepY":22,"diagonalEvents":0,"clippedEvents":0}
[DebugBridge +11850.4ms] wheel_scroll_motion {"eventCount":1,"rawAbsX":2,"rawAbsY":2,"rawX":2,"rawY":2,"clippedAbsX":2,"clippedAbsY":2,"clippedX":2,"clippedY":2,"requestedAppliedX":1.476,"requestedAppliedY":1.476,"appliedX":1.476,"appliedY":1.476,"actualX":1,"actualY":1,"sensitivity":0.738,"currentZoomForScroll":1.600977654185429,"maxScrollStepX":22,"maxScrollStepY":22,"diagonalEvents":1,"clippedEvents":0}
[DebugBridge +11853.8ms] wheel_scroll_motion {"eventCount":1,"rawAbsX":20,"rawAbsY":2,"rawX":20,"rawY":-2,"clippedAbsX":20,"clippedAbsY":2,"clippedX":20,"clippedY":-2,"requestedAppliedX":14.76,"requestedAppliedY":-1.476,"appliedX":14.76,"appliedY":-1.476,"actualX":14.5,"actualY":-1.5,"sensitivity":0.738,"currentZoomForScroll":1.600977654185429,"maxScrollStepX":22,"maxScrollStepY":22,"diagonalEvents":1,"clippedEvents":0}
[DebugBridge +11894.0ms] wheel_scroll_motion {"eventCount":1,"rawAbsX":4,"rawAbsY":4,"rawX":4,"rawY":-4,"clippedAbsX":4,"clippedAbsY":4,"clippedX":4,"clippedY":-4,"requestedAppliedX":2.952,"requestedAppliedY":-2.952,"appliedX":2.952,"appliedY":-2.952,"actualX":2.5,"actualY":-3,"sensitivity":0.738,"currentZoomForScroll":1.600977654185429,"maxScrollStepX":22,"maxScrollStepY":22,"diagonalEvents":1,"clippedEvents":0}
[DebugBridge +12268.2ms] wheel_scroll_motion {"eventCount":1,"rawAbsX":2,"rawAbsY":0,"rawX":2,"rawY":0,"clippedAbsX":2,"clippedAbsY":0,"clippedX":2,"clippedY":0,"requestedAppliedX":1.64,"requestedAppliedY":0,"appliedX":1.64,"appliedY":0,"actualX":1.5,"actualY":0,"sensitivity":0.82,"currentZoomForScroll":1.600977654185429,"maxScrollStepX":22,"maxScrollStepY":22,"diagonalEvents":0,"clippedEvents":0}
[DebugBridge +12271.0ms] wheel_scroll_motion {"eventCount":1,"rawAbsX":142,"rawAbsY":96,"rawX":142,"rawY":96,"clippedAbsX":37.935743679894195,"clippedAbsY":37.935743679894195,"clippedX":37.935743679894195,"clippedY":37.935743679894195,"requestedAppliedX":25.196920952185724,"requestedAppliedY":25.196920952185724,"appliedX":22,"appliedY":22,"actualX":22,"actualY":22,"sensitivity":0.6642,"currentZoomForScroll":1.600977654185429,"maxScrollStepX":22,"maxScrollStepY":22,"diagonalEvents":1,"clippedEvents":1}
[DebugBridge +12278.9ms] wheel_scroll_motion {"eventCount":1,"rawAbsX":28,"rawAbsY":40,"rawX":28,"rawY":40,"clippedAbsX":28,"clippedAbsY":37.935743679894195,"clippedX":28,"clippedY":37.935743679894195,"requestedAppliedX":18.5976,"requestedAppliedY":25.196920952185724,"appliedX":18.5976,"appliedY":22,"actualX":18.5,"actualY":22,"sensitivity":0.6642,"currentZoomForScroll":1.600977654185429,"maxScrollStepX":22,"maxScrollStepY":22,"diagonalEvents":1,"clippedEvents":1}
[DebugBridge +12315.6ms] wheel_scroll_motion {"eventCount":2,"rawAbsX":24,"rawAbsY":42,"rawX":24,"rawY":42,"clippedAbsX":24,"clippedAbsY":42,"clippedX":24,"clippedY":42,"requestedAppliedX":17.712,"requestedAppliedY":30.996,"appliedX":17.712,"appliedY":22,"actualX":17.5,"actualY":22,"sensitivity":0.738,"currentZoomForScroll":1.600977654185429,"maxScrollStepX":22,"maxScrollStepY":22,"diagonalEvents":2,"clippedEvents":0}
[DebugBridge +12319.2ms] wheel_scroll_motion {"eventCount":1,"rawAbsX":34,"rawAbsY":122,"rawX":34,"rawY":122,"clippedAbsX":34,"clippedAbsY":37.935743679894195,"clippedX":34,"clippedY":37.935743679894195,"requestedAppliedX":22.5828,"requestedAppliedY":25.196920952185724,"appliedX":22,"appliedY":22,"actualX":22,"actualY":22,"sensitivity":0.6642,"currentZoomForScroll":1.600977654185429,"maxScrollStepX":22,"maxScrollStepY":22,"diagonalEvents":1,"clippedEvents":1}
[DebugBridge +12321.4ms] wheel_scroll_motion {"eventCount":1,"rawAbsX":2,"rawAbsY":8,"rawX":2,"rawY":8,"clippedAbsX":2,"clippedAbsY":8,"clippedX":2,"clippedY":8,"requestedAppliedX":1.476,"requestedAppliedY":5.904,"appliedX":1.476,"appliedY":5.904,"actualX":1,"actualY":5.5,"sensitivity":0.738,"currentZoomForScroll":1.600977654185429,"maxScrollStepX":22,"maxScrollStepY":22,"diagonalEvents":1,"clippedEvents":0}
[DebugBridge +12328.4ms] wheel_scroll_motion {"eventCount":2,"rawAbsX":4,"rawAbsY":20,"rawX":4,"rawY":20,"clippedAbsX":4,"clippedAbsY":20,"clippedX":4,"clippedY":20,"requestedAppliedX":2.952,"requestedAppliedY":14.760000000000002,"appliedX":2.952,"appliedY":14.760000000000002,"actualX":2.5,"actualY":14.5,"sensitivity":0.738,"currentZoomForScroll":1.600977654185429,"maxScrollStepX":22,"maxScrollStepY":22,"diagonalEvents":2,"clippedEvents":0}
[DebugBridge +12337.7ms] wheel_scroll_motion {"eventCount":3,"rawAbsX":2,"rawAbsY":28,"rawX":2,"rawY":28,"clippedAbsX":2,"clippedAbsY":28,"clippedX":2,"clippedY":28,"requestedAppliedX":1.476,"requestedAppliedY":21.648,"appliedX":1.476,"appliedY":21.648,"actualX":1,"actualY":21.5,"sensitivity":0.738,"currentZoomForScroll":1.600977654185429,"maxScrollStepX":22,"maxScrollStepY":22,"diagonalEvents":1,"clippedEvents":0}
[DebugBridge +12345.9ms] wheel_scroll_motion {"eventCount":2,"rawAbsX":2,"rawAbsY":16,"rawX":2,"rawY":16,"clippedAbsX":2,"clippedAbsY":16,"clippedX":2,"clippedY":16,"requestedAppliedX":1.476,"requestedAppliedY":12.628,"appliedX":1.476,"appliedY":12.628,"actualX":1,"actualY":12.5,"sensitivity":0.82,"currentZoomForScroll":1.600977654185429,"maxScrollStepX":22,"maxScrollStepY":22,"diagonalEvents":1,"clippedEvents":0}
[DebugBridge +12353.9ms] wheel_scroll_motion {"eventCount":1,"rawAbsX":0,"rawAbsY":4,"rawX":0,"rawY":4,"clippedAbsX":0,"clippedAbsY":4,"clippedX":0,"clippedY":4,"requestedAppliedX":0,"requestedAppliedY":3.28,"appliedX":0,"appliedY":3.28,"actualX":0,"actualY":3,"sensitivity":0.82,"currentZoomForScroll":1.600977654185429,"maxScrollStepX":22,"maxScrollStepY":22,"diagonalEvents":0,"clippedEvents":0}
[DebugBridge +12363.1ms] wheel_scroll_motion {"eventCount":3,"rawAbsX":10,"rawAbsY":18,"rawX":-10,"rawY":18,"clippedAbsX":10,"clippedAbsY":18,"clippedX":-10,"clippedY":18,"requestedAppliedX":-7.38,"requestedAppliedY":13.283999999999999,"appliedX":-7.38,"appliedY":13.283999999999999,"actualX":-7.5,"actualY":13,"sensitivity":0.738,"currentZoomForScroll":1.600977654185429,"maxScrollStepX":22,"maxScrollStepY":22,"diagonalEvents":3,"clippedEvents":0}
[DebugBridge +12370.9ms] wheel_scroll_motion {"eventCount":2,"rawAbsX":10,"rawAbsY":6,"rawX":-10,"rawY":6,"clippedAbsX":10,"clippedAbsY":6,"clippedX":-10,"clippedY":6,"requestedAppliedX":-7.38,"requestedAppliedY":4.428,"appliedX":-7.38,"appliedY":4.428,"actualX":-7.5,"actualY":4,"sensitivity":0.738,"currentZoomForScroll":1.600977654185429,"maxScrollStepX":22,"maxScrollStepY":22,"diagonalEvents":2,"clippedEvents":0}
[DebugBridge +12379.2ms] wheel_scroll_motion {"eventCount":1,"rawAbsX":6,"rawAbsY":2,"rawX":-6,"rawY":2,"clippedAbsX":6,"clippedAbsY":2,"clippedX":-6,"clippedY":2,"requestedAppliedX":-4.428,"requestedAppliedY":1.476,"appliedX":-4.428,"appliedY":1.476,"actualX":-4.5,"actualY":1,"sensitivity":0.738,"currentZoomForScroll":1.600977654185429,"maxScrollStepX":22,"maxScrollStepY":22,"diagonalEvents":1,"clippedEvents":0}
[DebugBridge +12386.7ms] wheel_scroll_motion {"eventCount":1,"rawAbsX":6,"rawAbsY":2,"rawX":-6,"rawY":2,"clippedAbsX":6,"clippedAbsY":2,"clippedX":-6,"clippedY":2,"requestedAppliedX":-4.428,"requestedAppliedY":1.476,"appliedX":-4.428,"appliedY":1.476,"actualX":-4.5,"actualY":1,"sensitivity":0.738,"currentZoomForScroll":1.600977654185429,"maxScrollStepX":22,"maxScrollStepY":22,"diagonalEvents":1,"clippedEvents":0}
[DebugBridge +12395.5ms] wheel_scroll_motion {"eventCount":1,"rawAbsX":14,"rawAbsY":2,"rawX":-14,"rawY":2,"clippedAbsX":14,"clippedAbsY":2,"clippedX":-14,"clippedY":2,"requestedAppliedX":-10.332,"requestedAppliedY":1.476,"appliedX":-10.332,"appliedY":1.476,"actualX":-10.5,"actualY":1,"sensitivity":0.738,"currentZoomForScroll":1.600977654185429,"maxScrollStepX":22,"maxScrollStepY":22,"diagonalEvents":1,"clippedEvents":0}
[DebugBridge +12404.2ms] wheel_scroll_motion {"eventCount":1,"rawAbsX":18,"rawAbsY":0,"rawX":-18,"rawY":0,"clippedAbsX":18,"clippedAbsY":0,"clippedX":-18,"clippedY":0,"requestedAppliedX":-14.76,"requestedAppliedY":0,"appliedX":-14.76,"appliedY":0,"actualX":-15,"actualY":0,"sensitivity":0.82,"currentZoomForScroll":1.600977654185429,"maxScrollStepX":22,"maxScrollStepY":22,"diagonalEvents":0,"clippedEvents":0}
[DebugBridge +12412.7ms] wheel_scroll_motion {"eventCount":3,"rawAbsX":40,"rawAbsY":6,"rawX":-40,"rawY":-6,"clippedAbsX":40,"clippedAbsY":6,"clippedX":-40,"clippedY":-6,"requestedAppliedX":-29.52,"requestedAppliedY":-4.428,"appliedX":-22,"appliedY":-4.428,"actualX":-22,"actualY":-4.5,"sensitivity":0.738,"currentZoomForScroll":1.600977654185429,"maxScrollStepX":22,"maxScrollStepY":22,"diagonalEvents":3,"clippedEvents":0}
[DebugBridge +12420.7ms] wheel_scroll_motion {"eventCount":1,"rawAbsX":16,"rawAbsY":2,"rawX":-16,"rawY":-2,"clippedAbsX":16,"clippedAbsY":2,"clippedX":-16,"clippedY":-2,"requestedAppliedX":-11.808,"requestedAppliedY":-1.476,"appliedX":-11.808,"appliedY":-1.476,"actualX":-12,"actualY":-1.5,"sensitivity":0.738,"currentZoomForScroll":1.600977654185429,"maxScrollStepX":22,"maxScrollStepY":22,"diagonalEvents":1,"clippedEvents":0}
[DebugBridge +12544.1ms] wheel_scroll_motion {"eventCount":2,"rawAbsX":30,"rawAbsY":6,"rawX":-30,"rawY":-6,"clippedAbsX":30,"clippedAbsY":6,"clippedX":-30,"clippedY":-6,"requestedAppliedX":-22.14,"requestedAppliedY":-4.428,"appliedX":-22,"appliedY":-4.428,"actualX":-22,"actualY":-4.5,"sensitivity":0.738,"currentZoomForScroll":1.600977654185429,"maxScrollStepX":22,"maxScrollStepY":22,"diagonalEvents":2,"clippedEvents":0}
[DebugBridge +12553.3ms] wheel_scroll_motion {"eventCount":2,"rawAbsX":68,"rawAbsY":140,"rawX":-40,"rawY":-140,"clippedAbsX":51.935743679894195,"clippedAbsY":41.935743679894195,"clippedX":-23.935743679894195,"clippedY":-41.935743679894195,"requestedAppliedX":-14.864920952185724,"requestedAppliedY":-28.148920952185726,"appliedX":-14.864920952185724,"appliedY":-22,"actualX":-15,"actualY":-22,"sensitivity":0.738,"currentZoomForScroll":1.600977654185429,"maxScrollStepX":22,"maxScrollStepY":22,"diagonalEvents":2,"clippedEvents":1}
[DebugBridge +12568.2ms] wheel_scroll_motion {"eventCount":4,"rawAbsX":102,"rawAbsY":16,"rawX":102,"rawY":-16,"clippedAbsX":101.93574367989419,"clippedAbsY":16,"clippedX":101.93574367989419,"clippedY":-16,"requestedAppliedX":72.42892095218572,"requestedAppliedY":-11.217599999999997,"appliedX":22,"appliedY":-11.217599999999997,"actualX":22,"actualY":-11.5,"sensitivity":0.738,"currentZoomForScroll":1.600977654185429,"maxScrollStepX":22,"maxScrollStepY":22,"diagonalEvents":4,"clippedEvents":1}
[DebugBridge +12801.5ms] wheel_scroll_motion {"eventCount":2,"rawAbsX":38,"rawAbsY":4,"rawX":38,"rawY":-4,"clippedAbsX":38,"clippedAbsY":4,"clippedX":38,"clippedY":-4,"requestedAppliedX":28.043999999999997,"requestedAppliedY":-2.952,"appliedX":22,"appliedY":-2.952,"actualX":22,"actualY":-3,"sensitivity":0.738,"currentZoomForScroll":1.600977654185429,"maxScrollStepX":22,"maxScrollStepY":22,"diagonalEvents":2,"clippedEvents":0}
[DebugBridge +12810.8ms] wheel_scroll_motion {"eventCount":1,"rawAbsX":88,"rawAbsY":168,"rawX":-88,"rawY":168,"clippedAbsX":37.935743679894195,"clippedAbsY":37.935743679894195,"clippedX":-37.935743679894195,"clippedY":37.935743679894195,"requestedAppliedX":-25.196920952185724,"requestedAppliedY":25.196920952185724,"appliedX":-22,"appliedY":22,"actualX":-22,"actualY":22,"sensitivity":0.6642,"currentZoomForScroll":1.600977654185429,"maxScrollStepX":22,"maxScrollStepY":22,"diagonalEvents":1,"clippedEvents":1}
[DebugBridge +12813.3ms] wheel_scroll_motion {"eventCount":1,"rawAbsX":4,"rawAbsY":6,"rawX":-4,"rawY":-6,"clippedAbsX":4,"clippedAbsY":6,"clippedX":-4,"clippedY":-6,"requestedAppliedX":-2.952,"requestedAppliedY":-4.428,"appliedX":-2.952,"appliedY":-4.428,"actualX":-3,"actualY":-4.5,"sensitivity":0.738,"currentZoomForScroll":1.600977654185429,"maxScrollStepX":22,"maxScrollStepY":22,"diagonalEvents":1,"clippedEvents":0}
[DebugBridge +12815.7ms] wheel_scroll_motion {"eventCount":1,"rawAbsX":10,"rawAbsY":10,"rawX":-10,"rawY":-10,"clippedAbsX":10,"clippedAbsY":10,"clippedX":-10,"clippedY":-10,"requestedAppliedX":-7.38,"requestedAppliedY":-7.38,"appliedX":-7.38,"appliedY":-7.38,"actualX":-7.5,"actualY":-7.5,"sensitivity":0.738,"currentZoomForScroll":1.600977654185429,"maxScrollStepX":22,"maxScrollStepY":22,"diagonalEvents":1,"clippedEvents":0}
[DebugBridge +12894.2ms] wheel_scroll_motion {"eventCount":2,"rawAbsX":8,"rawAbsY":10,"rawX":-8,"rawY":-10,"clippedAbsX":8,"clippedAbsY":10,"clippedX":-8,"clippedY":-10,"requestedAppliedX":-5.904,"requestedAppliedY":-7.38,"appliedX":-5.904,"appliedY":-7.38,"actualX":-6,"actualY":-7.5,"sensitivity":0.738,"currentZoomForScroll":1.600977654185429,"maxScrollStepX":22,"maxScrollStepY":22,"diagonalEvents":2,"clippedEvents":0}
[DebugBridge +12897.9ms] wheel_scroll_motion {"eventCount":1,"rawAbsX":30,"rawAbsY":78,"rawX":30,"rawY":-78,"clippedAbsX":30,"clippedAbsY":37.935743679894195,"clippedX":30,"clippedY":-37.935743679894195,"requestedAppliedX":19.926000000000002,"requestedAppliedY":-25.196920952185724,"appliedX":19.926000000000002,"appliedY":-22,"actualX":19.5,"actualY":-22,"sensitivity":0.6642,"currentZoomForScroll":1.600977654185429,"maxScrollStepX":22,"maxScrollStepY":22,"diagonalEvents":1,"clippedEvents":1}
[DebugBridge +12901.9ms] wheel_scroll_motion {"eventCount":1,"rawAbsX":6,"rawAbsY":4,"rawX":6,"rawY":-4,"clippedAbsX":6,"clippedAbsY":4,"clippedX":6,"clippedY":-4,"requestedAppliedX":4.428,"requestedAppliedY":-2.952,"appliedX":4.428,"appliedY":-2.952,"actualX":4,"actualY":-3,"sensitivity":0.738,"currentZoomForScroll":1.600977654185429,"maxScrollStepX":22,"maxScrollStepY":22,"diagonalEvents":1,"clippedEvents":0}
[DebugBridge +13012.0ms] wheel_scroll_motion {"eventCount":2,"rawAbsX":26,"rawAbsY":10,"rawX":26,"rawY":-10,"clippedAbsX":26,"clippedAbsY":10,"clippedX":26,"clippedY":-10,"requestedAppliedX":19.188000000000002,"requestedAppliedY":-7.38,"appliedX":19.188000000000002,"appliedY":-7.38,"actualX":19,"actualY":-7.5,"sensitivity":0.738,"currentZoomForScroll":1.600977654185429,"maxScrollStepX":22,"maxScrollStepY":22,"diagonalEvents":2,"clippedEvents":0}
[DebugBridge +13015.7ms] wheel_scroll_motion {"eventCount":1,"rawAbsX":126,"rawAbsY":24,"rawX":126,"rawY":24,"clippedAbsX":37.935743679894195,"clippedAbsY":24,"clippedX":37.935743679894195,"clippedY":24,"requestedAppliedX":25.196920952185724,"requestedAppliedY":15.9408,"appliedX":22,"appliedY":15.9408,"actualX":22,"actualY":15.5,"sensitivity":0.6642,"currentZoomForScroll":1.600977654185429,"maxScrollStepX":22,"maxScrollStepY":22,"diagonalEvents":1,"clippedEvents":1}
[DebugBridge +13034.4ms] wheel_scroll_motion {"eventCount":3,"rawAbsX":6,"rawAbsY":8,"rawX":6,"rawY":8,"clippedAbsX":6,"clippedAbsY":8,"clippedX":6,"clippedY":8,"requestedAppliedX":4.428,"requestedAppliedY":5.904,"appliedX":4.428,"appliedY":5.904,"actualX":4,"actualY":5.5,"sensitivity":0.738,"currentZoomForScroll":1.600977654185429,"maxScrollStepX":22,"maxScrollStepY":22,"diagonalEvents":3,"clippedEvents":0}
[DebugBridge +13037.3ms] wheel_scroll_motion {"eventCount":1,"rawAbsX":0,"rawAbsY":4,"rawX":0,"rawY":4,"clippedAbsX":0,"clippedAbsY":4,"clippedX":0,"clippedY":4,"requestedAppliedX":0,"requestedAppliedY":3.28,"appliedX":0,"appliedY":3.28,"actualX":0,"actualY":3,"sensitivity":0.82,"currentZoomForScroll":1.600977654185429,"maxScrollStepX":22,"maxScrollStepY":22,"diagonalEvents":0,"clippedEvents":0}
[DebugBridge +13110.2ms] wheel_scroll_motion {"eventCount":1,"rawAbsX":0,"rawAbsY":4,"rawX":0,"rawY":4,"clippedAbsX":0,"clippedAbsY":4,"clippedX":0,"clippedY":4,"requestedAppliedX":0,"requestedAppliedY":3.28,"appliedX":0,"appliedY":3.28,"actualX":0,"actualY":3,"sensitivity":0.82,"currentZoomForScroll":1.600977654185429,"maxScrollStepX":22,"maxScrollStepY":22,"diagonalEvents":0,"clippedEvents":0}
[DebugBridge +13113.0ms] wheel_scroll_motion {"eventCount":1,"rawAbsX":126,"rawAbsY":14,"rawX":-126,"rawY":14,"clippedAbsX":37.935743679894195,"clippedAbsY":14,"clippedX":-37.935743679894195,"clippedY":14,"requestedAppliedX":-25.196920952185724,"requestedAppliedY":9.2988,"appliedX":-22,"appliedY":9.2988,"actualX":-22,"actualY":9,"sensitivity":0.6642,"currentZoomForScroll":1.600977654185429,"maxScrollStepX":22,"maxScrollStepY":22,"diagonalEvents":1,"clippedEvents":1}
[DebugBridge +13115.2ms] wheel_scroll_motion {"eventCount":1,"rawAbsX":22,"rawAbsY":4,"rawX":-22,"rawY":-4,"clippedAbsX":22,"clippedAbsY":4,"clippedX":-22,"clippedY":-4,"requestedAppliedX":-16.236,"requestedAppliedY":-2.952,"appliedX":-16.236,"appliedY":-2.952,"actualX":-16.5,"actualY":-3,"sensitivity":0.738,"currentZoomForScroll":1.600977654185429,"maxScrollStepX":22,"maxScrollStepY":22,"diagonalEvents":1,"clippedEvents":0}
[DebugBridge +13125.4ms] wheel_scroll_motion {"eventCount":2,"rawAbsX":26,"rawAbsY":4,"rawX":-26,"rawY":-4,"clippedAbsX":26,"clippedAbsY":4,"clippedX":-26,"clippedY":-4,"requestedAppliedX":-19.188000000000002,"requestedAppliedY":-2.952,"appliedX":-19.188000000000002,"appliedY":-2.952,"actualX":-19.5,"actualY":-3,"sensitivity":0.738,"currentZoomForScroll":1.600977654185429,"maxScrollStepX":22,"maxScrollStepY":22,"diagonalEvents":2,"clippedEvents":0}
[DebugBridge +13133.6ms] wheel_scroll_motion {"eventCount":2,"rawAbsX":24,"rawAbsY":4,"rawX":-24,"rawY":-4,"clippedAbsX":24,"clippedAbsY":4,"clippedX":-24,"clippedY":-4,"requestedAppliedX":-17.712,"requestedAppliedY":-2.952,"appliedX":-17.712,"appliedY":-2.952,"actualX":-18,"actualY":-3,"sensitivity":0.738,"currentZoomForScroll":1.600977654185429,"maxScrollStepX":22,"maxScrollStepY":22,"diagonalEvents":2,"clippedEvents":0}
[DebugBridge +13141.4ms] wheel_scroll_motion {"eventCount":2,"rawAbsX":24,"rawAbsY":4,"rawX":-24,"rawY":-4,"clippedAbsX":24,"clippedAbsY":4,"clippedX":-24,"clippedY":-4,"requestedAppliedX":-17.712,"requestedAppliedY":-2.952,"appliedX":-17.712,"appliedY":-2.952,"actualX":-18,"actualY":-3,"sensitivity":0.738,"currentZoomForScroll":1.600977654185429,"maxScrollStepX":22,"maxScrollStepY":22,"diagonalEvents":2,"clippedEvents":0}
[DebugBridge +13151.0ms] wheel_scroll_motion {"eventCount":2,"rawAbsX":18,"rawAbsY":2,"rawX":-18,"rawY":-2,"clippedAbsX":18,"clippedAbsY":2,"clippedX":-18,"clippedY":-2,"requestedAppliedX":-14.596,"requestedAppliedY":-1.476,"appliedX":-14.596,"appliedY":-1.476,"actualX":-15,"actualY":-1.5,"sensitivity":0.82,"currentZoomForScroll":1.600977654185429,"maxScrollStepX":22,"maxScrollStepY":22,"diagonalEvents":1,"clippedEvents":0}
[DebugBridge +13159.1ms] wheel_scroll_motion {"eventCount":2,"rawAbsX":20,"rawAbsY":0,"rawX":-20,"rawY":0,"clippedAbsX":20,"clippedAbsY":0,"clippedX":-20,"clippedY":0,"requestedAppliedX":-16.4,"requestedAppliedY":0,"appliedX":-16.4,"appliedY":0,"actualX":-16.5,"actualY":0,"sensitivity":0.82,"currentZoomForScroll":1.600977654185429,"maxScrollStepX":22,"maxScrollStepY":22,"diagonalEvents":0,"clippedEvents":0}
[DebugBridge +13165.1ms] wheel_scroll_motion {"eventCount":1,"rawAbsX":12,"rawAbsY":2,"rawX":-12,"rawY":2,"clippedAbsX":12,"clippedAbsY":2,"clippedX":-12,"clippedY":2,"requestedAppliedX":-8.856,"requestedAppliedY":1.476,"appliedX":-8.856,"appliedY":1.476,"actualX":-9,"actualY":1,"sensitivity":0.738,"currentZoomForScroll":1.600977654185429,"maxScrollStepX":22,"maxScrollStepY":22,"diagonalEvents":1,"clippedEvents":0}
[DebugBridge +13176.4ms] wheel_scroll_motion {"eventCount":1,"rawAbsX":12,"rawAbsY":2,"rawX":-12,"rawY":2,"clippedAbsX":12,"clippedAbsY":2,"clippedX":-12,"clippedY":2,"requestedAppliedX":-8.856,"requestedAppliedY":1.476,"appliedX":-8.856,"appliedY":1.476,"actualX":-9,"actualY":1,"sensitivity":0.738,"currentZoomForScroll":1.600977654185429,"maxScrollStepX":22,"maxScrollStepY":22,"diagonalEvents":1,"clippedEvents":0}
[DebugBridge +13182.8ms] wheel_scroll_motion {"eventCount":1,"rawAbsX":10,"rawAbsY":2,"rawX":-10,"rawY":2,"clippedAbsX":10,"clippedAbsY":2,"clippedX":-10,"clippedY":2,"requestedAppliedX":-7.38,"requestedAppliedY":1.476,"appliedX":-7.38,"appliedY":1.476,"actualX":-7.5,"actualY":1,"sensitivity":0.738,"currentZoomForScroll":1.600977654185429,"maxScrollStepX":22,"maxScrollStepY":22,"diagonalEvents":1,"clippedEvents":0}
[DebugBridge +13191.3ms] wheel_scroll_motion {"eventCount":2,"rawAbsX":8,"rawAbsY":4,"rawX":-8,"rawY":4,"clippedAbsX":8,"clippedAbsY":4,"clippedX":-8,"clippedY":4,"requestedAppliedX":-5.904,"requestedAppliedY":2.952,"appliedX":-5.904,"appliedY":2.952,"actualX":-6,"actualY":2.5,"sensitivity":0.738,"currentZoomForScroll":1.600977654185429,"maxScrollStepX":22,"maxScrollStepY":22,"diagonalEvents":2,"clippedEvents":0}
[DebugBridge +13200.5ms] wheel_scroll_motion {"eventCount":2,"rawAbsX":6,"rawAbsY":6,"rawX":-6,"rawY":6,"clippedAbsX":6,"clippedAbsY":6,"clippedX":-6,"clippedY":6,"requestedAppliedX":-4.428,"requestedAppliedY":4.428,"appliedX":-4.428,"appliedY":4.428,"actualX":-4.5,"actualY":4,"sensitivity":0.738,"currentZoomForScroll":1.600977654185429,"maxScrollStepX":22,"maxScrollStepY":22,"diagonalEvents":2,"clippedEvents":0}
[DebugBridge +13442.5ms] wheel_scroll_motion {"eventCount":3,"rawAbsX":6,"rawAbsY":10,"rawX":-6,"rawY":10,"clippedAbsX":6,"clippedAbsY":10,"clippedX":-6,"clippedY":10,"requestedAppliedX":-4.428,"requestedAppliedY":7.38,"appliedX":-4.428,"appliedY":7.38,"actualX":-4.5,"actualY":7,"sensitivity":0.738,"currentZoomForScroll":1.600977654185429,"maxScrollStepX":22,"maxScrollStepY":22,"diagonalEvents":3,"clippedEvents":0}
[DebugBridge +13453.7ms] wheel_scroll_motion {"eventCount":1,"rawAbsX":414,"rawAbsY":260,"rawX":414,"rawY":-260,"clippedAbsX":37.935743679894195,"clippedAbsY":37.935743679894195,"clippedX":37.935743679894195,"clippedY":-37.935743679894195,"requestedAppliedX":25.196920952185724,"requestedAppliedY":-25.196920952185724,"appliedX":22,"appliedY":-22,"actualX":22,"actualY":-22,"sensitivity":0.6642,"currentZoomForScroll":1.600977654185429,"maxScrollStepX":22,"maxScrollStepY":22,"diagonalEvents":1,"clippedEvents":1}
[DebugBridge +13456.0ms] wheel_scroll_motion {"eventCount":1,"rawAbsX":60,"rawAbsY":10,"rawX":-60,"rawY":-10,"clippedAbsX":37.935743679894195,"clippedAbsY":10,"clippedX":-37.935743679894195,"clippedY":-10,"requestedAppliedX":-25.196920952185724,"requestedAppliedY":-6.642,"appliedX":-22,"appliedY":-6.642,"actualX":-22,"actualY":-7,"sensitivity":0.6642,"currentZoomForScroll":1.600977654185429,"maxScrollStepX":22,"maxScrollStepY":22,"diagonalEvents":1,"clippedEvents":1}
[DebugBridge +13458.6ms] wheel_scroll_motion {"eventCount":1,"rawAbsX":16,"rawAbsY":2,"rawX":-16,"rawY":-2,"clippedAbsX":16,"clippedAbsY":2,"clippedX":-16,"clippedY":-2,"requestedAppliedX":-11.808,"requestedAppliedY":-1.476,"appliedX":-11.808,"appliedY":-1.476,"actualX":-12,"actualY":-1.5,"sensitivity":0.738,"currentZoomForScroll":1.600977654185429,"maxScrollStepX":22,"maxScrollStepY":22,"diagonalEvents":1,"clippedEvents":0}
[DebugBridge +13474.9ms] wheel_scroll_motion {"eventCount":3,"rawAbsX":74,"rawAbsY":6,"rawX":-74,"rawY":-2,"clippedAbsX":74,"clippedAbsY":6,"clippedX":-74,"clippedY":-2,"requestedAppliedX":-54.612,"requestedAppliedY":-1.476,"appliedX":-22,"appliedY":-1.476,"actualX":-22,"actualY":-1.5,"sensitivity":0.738,"currentZoomForScroll":1.600977654185429,"maxScrollStepX":22,"maxScrollStepY":22,"diagonalEvents":3,"clippedEvents":0}
[DebugBridge +13479.2ms] wheel_scroll_motion {"eventCount":1,"rawAbsX":16,"rawAbsY":2,"rawX":-16,"rawY":2,"clippedAbsX":16,"clippedAbsY":2,"clippedX":-16,"clippedY":2,"requestedAppliedX":-11.808,"requestedAppliedY":1.476,"appliedX":-11.808,"appliedY":1.476,"actualX":-12,"actualY":1,"sensitivity":0.738,"currentZoomForScroll":1.600977654185429,"maxScrollStepX":22,"maxScrollStepY":22,"diagonalEvents":1,"clippedEvents":0}
[DebugBridge +13483.4ms] wheel_scroll_motion {"eventCount":1,"rawAbsX":34,"rawAbsY":4,"rawX":-34,"rawY":4,"clippedAbsX":34,"clippedAbsY":4,"clippedX":-34,"clippedY":4,"requestedAppliedX":-25.092,"requestedAppliedY":2.952,"appliedX":-22,"appliedY":2.952,"actualX":-22,"actualY":2.5,"sensitivity":0.738,"currentZoomForScroll":1.600977654185429,"maxScrollStepX":22,"maxScrollStepY":22,"diagonalEvents":1,"clippedEvents":0}
[DebugBridge +13492.8ms] wheel_scroll_motion {"eventCount":2,"rawAbsX":36,"rawAbsY":6,"rawX":-36,"rawY":6,"clippedAbsX":36,"clippedAbsY":6,"clippedX":-36,"clippedY":6,"requestedAppliedX":-26.567999999999998,"requestedAppliedY":4.428,"appliedX":-22,"appliedY":4.428,"actualX":-22,"actualY":4,"sensitivity":0.738,"currentZoomForScroll":1.600977654185429,"maxScrollStepX":22,"maxScrollStepY":22,"diagonalEvents":2,"clippedEvents":0}
[DebugBridge +13499.0ms] wheel_scroll_motion {"eventCount":2,"rawAbsX":28,"rawAbsY":6,"rawX":-28,"rawY":6,"clippedAbsX":28,"clippedAbsY":6,"clippedX":-28,"clippedY":6,"requestedAppliedX":-20.664,"requestedAppliedY":4.428,"appliedX":-20.664,"appliedY":4.428,"actualX":-21,"actualY":4,"sensitivity":0.738,"currentZoomForScroll":1.600977654185429,"maxScrollStepX":22,"maxScrollStepY":22,"diagonalEvents":2,"clippedEvents":0}
[DebugBridge +13508.4ms] wheel_scroll_motion {"eventCount":2,"rawAbsX":22,"rawAbsY":8,"rawX":-22,"rawY":8,"clippedAbsX":22,"clippedAbsY":8,"clippedX":-22,"clippedY":8,"requestedAppliedX":-16.236,"requestedAppliedY":5.904,"appliedX":-16.236,"appliedY":5.904,"actualX":-16.5,"actualY":5.5,"sensitivity":0.738,"currentZoomForScroll":1.600977654185429,"maxScrollStepX":22,"maxScrollStepY":22,"diagonalEvents":2,"clippedEvents":0}
[DebugBridge +13515.9ms] wheel_scroll_motion {"eventCount":2,"rawAbsX":22,"rawAbsY":10,"rawX":-22,"rawY":10,"clippedAbsX":22,"clippedAbsY":10,"clippedX":-22,"clippedY":10,"requestedAppliedX":-16.235999999999997,"requestedAppliedY":7.38,"appliedX":-16.235999999999997,"appliedY":7.38,"actualX":-16.5,"actualY":7,"sensitivity":0.738,"currentZoomForScroll":1.600977654185429,"maxScrollStepX":22,"maxScrollStepY":22,"diagonalEvents":2,"clippedEvents":0}
[DebugBridge +13559.1ms] wheel_scroll_motion {"eventCount":2,"rawAbsX":46,"rawAbsY":62,"rawX":-46,"rawY":62,"clippedAbsX":41.935743679894195,"clippedAbsY":49.935743679894195,"clippedX":-41.935743679894195,"clippedY":49.935743679894195,"requestedAppliedX":-28.148920952185726,"requestedAppliedY":34.05292095218572,"appliedX":-22,"appliedY":22,"actualX":-22,"actualY":22,"sensitivity":0.738,"currentZoomForScroll":1.600977654185429,"maxScrollStepX":22,"maxScrollStepY":22,"diagonalEvents":2,"clippedEvents":1}
[DebugBridge +13565.3ms] wheel_scroll_motion {"eventCount":1,"rawAbsX":2,"rawAbsY":12,"rawX":-2,"rawY":12,"clippedAbsX":2,"clippedAbsY":12,"clippedX":-2,"clippedY":12,"requestedAppliedX":-1.476,"requestedAppliedY":8.856,"appliedX":-1.476,"appliedY":8.856,"actualX":-1.5,"actualY":8.5,"sensitivity":0.738,"currentZoomForScroll":1.600977654185429,"maxScrollStepX":22,"maxScrollStepY":22,"diagonalEvents":1,"clippedEvents":0}
[DebugBridge +13575.7ms] wheel_scroll_motion {"eventCount":2,"rawAbsX":4,"rawAbsY":16,"rawX":0,"rawY":16,"clippedAbsX":4,"clippedAbsY":16,"clippedX":0,"clippedY":16,"requestedAppliedX":0,"requestedAppliedY":11.808,"appliedX":0,"appliedY":11.808,"actualX":0,"actualY":11.5,"sensitivity":0.738,"currentZoomForScroll":1.600977654185429,"maxScrollStepX":22,"maxScrollStepY":22,"diagonalEvents":2,"clippedEvents":0}
[DebugBridge +13582.7ms] wheel_scroll_motion {"eventCount":2,"rawAbsX":4,"rawAbsY":8,"rawX":4,"rawY":8,"clippedAbsX":4,"clippedAbsY":8,"clippedX":4,"clippedY":8,"requestedAppliedX":2.952,"requestedAppliedY":5.904,"appliedX":2.952,"appliedY":5.904,"actualX":2.5,"actualY":5.5,"sensitivity":0.738,"currentZoomForScroll":1.600977654185429,"maxScrollStepX":22,"maxScrollStepY":22,"diagonalEvents":2,"clippedEvents":0}
[DebugBridge +13592.6ms] wheel_scroll_motion {"eventCount":2,"rawAbsX":6,"rawAbsY":8,"rawX":6,"rawY":8,"clippedAbsX":6,"clippedAbsY":8,"clippedX":6,"clippedY":8,"requestedAppliedX":4.428,"requestedAppliedY":5.904,"appliedX":4.428,"appliedY":5.904,"actualX":4,"actualY":5.5,"sensitivity":0.738,"currentZoomForScroll":1.600977654185429,"maxScrollStepX":22,"maxScrollStepY":22,"diagonalEvents":2,"clippedEvents":0}
[DebugBridge +13601.1ms] wheel_scroll_motion {"eventCount":2,"rawAbsX":8,"rawAbsY":4,"rawX":8,"rawY":4,"clippedAbsX":8,"clippedAbsY":4,"clippedX":8,"clippedY":4,"requestedAppliedX":5.904,"requestedAppliedY":2.952,"appliedX":5.904,"appliedY":2.952,"actualX":5.5,"actualY":2.5,"sensitivity":0.738,"currentZoomForScroll":1.600977654185429,"maxScrollStepX":22,"maxScrollStepY":22,"diagonalEvents":2,"clippedEvents":0}
[DebugBridge +13700.5ms] wheel_scroll_motion {"eventCount":3,"rawAbsX":16,"rawAbsY":6,"rawX":16,"rawY":6,"clippedAbsX":16,"clippedAbsY":6,"clippedX":16,"clippedY":6,"requestedAppliedX":11.808,"requestedAppliedY":4.428,"appliedX":11.808,"appliedY":4.428,"actualX":11.5,"actualY":4,"sensitivity":0.738,"currentZoomForScroll":1.600977654185429,"maxScrollStepX":22,"maxScrollStepY":22,"diagonalEvents":3,"clippedEvents":0}
[DebugBridge +13704.0ms] wheel_scroll_motion {"eventCount":1,"rawAbsX":182,"rawAbsY":28,"rawX":182,"rawY":-28,"clippedAbsX":37.935743679894195,"clippedAbsY":28,"clippedX":37.935743679894195,"clippedY":-28,"requestedAppliedX":25.196920952185724,"requestedAppliedY":-18.5976,"appliedX":22,"appliedY":-18.5976,"actualX":22,"actualY":-19,"sensitivity":0.6642,"currentZoomForScroll":1.600977654185429,"maxScrollStepX":22,"maxScrollStepY":22,"diagonalEvents":1,"clippedEvents":1}
[DebugBridge +13708.7ms] wheel_scroll_motion {"eventCount":1,"rawAbsX":24,"rawAbsY":4,"rawX":24,"rawY":-4,"clippedAbsX":24,"clippedAbsY":4,"clippedX":24,"clippedY":-4,"requestedAppliedX":17.712,"requestedAppliedY":-2.952,"appliedX":17.712,"appliedY":-2.952,"actualX":17.5,"actualY":-3,"sensitivity":0.738,"currentZoomForScroll":1.600977654185429,"maxScrollStepX":22,"maxScrollStepY":22,"diagonalEvents":1,"clippedEvents":0}
[DebugBridge +13717.9ms] wheel_scroll_motion {"eventCount":2,"rawAbsX":24,"rawAbsY":4,"rawX":24,"rawY":-4,"clippedAbsX":24,"clippedAbsY":4,"clippedX":24,"clippedY":-4,"requestedAppliedX":17.712,"requestedAppliedY":-2.952,"appliedX":17.712,"appliedY":-2.952,"actualX":17.5,"actualY":-3,"sensitivity":0.738,"currentZoomForScroll":1.600977654185429,"maxScrollStepX":22,"maxScrollStepY":22,"diagonalEvents":2,"clippedEvents":0}
[DebugBridge +13724.5ms] wheel_scroll_motion {"eventCount":2,"rawAbsX":20,"rawAbsY":4,"rawX":20,"rawY":-4,"clippedAbsX":20,"clippedAbsY":4,"clippedX":20,"clippedY":-4,"requestedAppliedX":14.76,"requestedAppliedY":-2.952,"appliedX":14.76,"appliedY":-2.952,"actualX":14.5,"actualY":-3,"sensitivity":0.738,"currentZoomForScroll":1.600977654185429,"maxScrollStepX":22,"maxScrollStepY":22,"diagonalEvents":2,"clippedEvents":0}
[DebugBridge +13732.7ms] wheel_scroll_motion {"eventCount":2,"rawAbsX":16,"rawAbsY":4,"rawX":16,"rawY":-4,"clippedAbsX":16,"clippedAbsY":4,"clippedX":16,"clippedY":-4,"requestedAppliedX":11.808,"requestedAppliedY":-2.952,"appliedX":11.808,"appliedY":-2.952,"actualX":11.5,"actualY":-3,"sensitivity":0.738,"currentZoomForScroll":1.600977654185429,"maxScrollStepX":22,"maxScrollStepY":22,"diagonalEvents":2,"clippedEvents":0}
[DebugBridge +13743.2ms] wheel_scroll_motion {"eventCount":2,"rawAbsX":14,"rawAbsY":0,"rawX":14,"rawY":0,"clippedAbsX":14,"clippedAbsY":0,"clippedX":14,"clippedY":0,"requestedAppliedX":11.479999999999999,"requestedAppliedY":0,"appliedX":11.479999999999999,"appliedY":0,"actualX":11,"actualY":0,"sensitivity":0.82,"currentZoomForScroll":1.600977654185429,"maxScrollStepX":22,"maxScrollStepY":22,"diagonalEvents":0,"clippedEvents":0}
[DebugBridge +13750.0ms] wheel_scroll_motion {"eventCount":2,"rawAbsX":14,"rawAbsY":4,"rawX":14,"rawY":-4,"clippedAbsX":14,"clippedAbsY":4,"clippedX":14,"clippedY":-4,"requestedAppliedX":10.332,"requestedAppliedY":-2.952,"appliedX":10.332,"appliedY":-2.952,"actualX":10,"actualY":-3,"sensitivity":0.738,"currentZoomForScroll":1.600977654185429,"maxScrollStepX":22,"maxScrollStepY":22,"diagonalEvents":2,"clippedEvents":0}
[DebugBridge +13759.9ms] wheel_scroll_motion {"eventCount":2,"rawAbsX":8,"rawAbsY":0,"rawX":8,"rawY":0,"clippedAbsX":8,"clippedAbsY":0,"clippedX":8,"clippedY":0,"requestedAppliedX":6.56,"requestedAppliedY":0,"appliedX":6.56,"appliedY":0,"actualX":6.5,"actualY":0,"sensitivity":0.82,"currentZoomForScroll":1.600977654185429,"maxScrollStepX":22,"maxScrollStepY":22,"diagonalEvents":0,"clippedEvents":0}
[DebugBridge +13863.1ms] wheel_scroll_motion {"eventCount":2,"rawAbsX":10,"rawAbsY":4,"rawX":10,"rawY":-4,"clippedAbsX":10,"clippedAbsY":4,"clippedX":10,"clippedY":-4,"requestedAppliedX":7.38,"requestedAppliedY":-2.952,"appliedX":7.38,"appliedY":-2.952,"actualX":7,"actualY":-3,"sensitivity":0.738,"currentZoomForScroll":1.600977654185429,"maxScrollStepX":22,"maxScrollStepY":22,"diagonalEvents":2,"clippedEvents":0}
[DebugBridge +13867.2ms] wheel_scroll_motion {"eventCount":1,"rawAbsX":84,"rawAbsY":48,"rawX":-84,"rawY":-48,"clippedAbsX":37.935743679894195,"clippedAbsY":37.935743679894195,"clippedX":-37.935743679894195,"clippedY":-37.935743679894195,"requestedAppliedX":-25.196920952185724,"requestedAppliedY":-25.196920952185724,"appliedX":-22,"appliedY":-22,"actualX":-22,"actualY":-22,"sensitivity":0.6642,"currentZoomForScroll":1.600977654185429,"maxScrollStepX":22,"maxScrollStepY":22,"diagonalEvents":1,"clippedEvents":1}
[DebugBridge +13875.6ms] wheel_scroll_motion {"eventCount":2,"rawAbsX":22,"rawAbsY":4,"rawX":-22,"rawY":-4,"clippedAbsX":22,"clippedAbsY":4,"clippedX":-22,"clippedY":-4,"requestedAppliedX":-16.236,"requestedAppliedY":-2.952,"appliedX":-16.236,"appliedY":-2.952,"actualX":-16.5,"actualY":-3,"sensitivity":0.738,"currentZoomForScroll":1.600977654185429,"maxScrollStepX":22,"maxScrollStepY":22,"diagonalEvents":2,"clippedEvents":0}
[DebugBridge +13883.2ms] wheel_scroll_motion {"eventCount":2,"rawAbsX":24,"rawAbsY":2,"rawX":-24,"rawY":-2,"clippedAbsX":24,"clippedAbsY":2,"clippedX":-24,"clippedY":-2,"requestedAppliedX":-19.188,"requestedAppliedY":-1.476,"appliedX":-19.188,"appliedY":-1.476,"actualX":-19.5,"actualY":-1.5,"sensitivity":0.82,"currentZoomForScroll":1.600977654185429,"maxScrollStepX":22,"maxScrollStepY":22,"diagonalEvents":1,"clippedEvents":0}
[DebugBridge +13892.6ms] wheel_scroll_motion {"eventCount":2,"rawAbsX":20,"rawAbsY":2,"rawX":-20,"rawY":2,"clippedAbsX":20,"clippedAbsY":2,"clippedX":-20,"clippedY":2,"requestedAppliedX":-15.252,"requestedAppliedY":1.476,"appliedX":-15.252,"appliedY":1.476,"actualX":-15.5,"actualY":1,"sensitivity":0.738,"currentZoomForScroll":1.600977654185429,"maxScrollStepX":22,"maxScrollStepY":22,"diagonalEvents":1,"clippedEvents":0}
[DebugBridge +13898.9ms] wheel_scroll_motion {"eventCount":2,"rawAbsX":14,"rawAbsY":4,"rawX":-14,"rawY":4,"clippedAbsX":14,"clippedAbsY":4,"clippedX":-14,"clippedY":4,"requestedAppliedX":-10.332,"requestedAppliedY":2.952,"appliedX":-10.332,"appliedY":2.952,"actualX":-10.5,"actualY":2.5,"sensitivity":0.738,"currentZoomForScroll":1.600977654185429,"maxScrollStepX":22,"maxScrollStepY":22,"diagonalEvents":2,"clippedEvents":0}
[DebugBridge +13909.4ms] wheel_scroll_motion {"eventCount":2,"rawAbsX":10,"rawAbsY":4,"rawX":-10,"rawY":4,"clippedAbsX":10,"clippedAbsY":4,"clippedX":-10,"clippedY":4,"requestedAppliedX":-7.38,"requestedAppliedY":2.952,"appliedX":-7.38,"appliedY":2.952,"actualX":-7.5,"actualY":2.5,"sensitivity":0.738,"currentZoomForScroll":1.600977654185429,"maxScrollStepX":22,"maxScrollStepY":22,"diagonalEvents":2,"clippedEvents":0}
[DebugBridge +13916.3ms] wheel_scroll_motion {"eventCount":2,"rawAbsX":12,"rawAbsY":4,"rawX":-12,"rawY":4,"clippedAbsX":12,"clippedAbsY":4,"clippedX":-12,"clippedY":4,"requestedAppliedX":-8.856,"requestedAppliedY":2.952,"appliedX":-8.856,"appliedY":2.952,"actualX":-9,"actualY":2.5,"sensitivity":0.738,"currentZoomForScroll":1.600977654185429,"maxScrollStepX":22,"maxScrollStepY":22,"diagonalEvents":2,"clippedEvents":0}
[DebugBridge +13999.4ms] wheel_scroll_motion {"eventCount":1,"rawAbsX":2,"rawAbsY":2,"rawX":-2,"rawY":2,"clippedAbsX":2,"clippedAbsY":2,"clippedX":-2,"clippedY":2,"requestedAppliedX":-1.476,"requestedAppliedY":1.476,"appliedX":-1.476,"appliedY":1.476,"actualX":-1.5,"actualY":1,"sensitivity":0.738,"currentZoomForScroll":1.600977654185429,"maxScrollStepX":22,"maxScrollStepY":22,"diagonalEvents":1,"clippedEvents":0}
[DebugBridge +14003.2ms] wheel_scroll_motion {"eventCount":1,"rawAbsX":118,"rawAbsY":24,"rawX":118,"rawY":24,"clippedAbsX":37.935743679894195,"clippedAbsY":24,"clippedX":37.935743679894195,"clippedY":24,"requestedAppliedX":25.196920952185724,"requestedAppliedY":15.9408,"appliedX":22,"appliedY":15.9408,"actualX":22,"actualY":15.5,"sensitivity":0.6642,"currentZoomForScroll":1.600977654185429,"maxScrollStepX":22,"maxScrollStepY":22,"diagonalEvents":1,"clippedEvents":1}
[DebugBridge +14006.7ms] wheel_scroll_motion {"eventCount":2,"rawAbsX":34,"rawAbsY":4,"rawX":34,"rawY":-4,"clippedAbsX":34,"clippedAbsY":4,"clippedX":34,"clippedY":-4,"requestedAppliedX":25.092,"requestedAppliedY":-2.952,"appliedX":22,"appliedY":-2.952,"actualX":22,"actualY":-3,"sensitivity":0.738,"currentZoomForScroll":1.600977654185429,"maxScrollStepX":22,"maxScrollStepY":22,"diagonalEvents":2,"clippedEvents":0}
[DebugBridge +14018.7ms] wheel_scroll_motion {"eventCount":2,"rawAbsX":20,"rawAbsY":4,"rawX":20,"rawY":-4,"clippedAbsX":20,"clippedAbsY":4,"clippedX":20,"clippedY":-4,"requestedAppliedX":14.760000000000002,"requestedAppliedY":-2.952,"appliedX":14.760000000000002,"appliedY":-2.952,"actualX":14.5,"actualY":-3,"sensitivity":0.738,"currentZoomForScroll":1.600977654185429,"maxScrollStepX":22,"maxScrollStepY":22,"diagonalEvents":2,"clippedEvents":0}
[DebugBridge +14027.2ms] wheel_scroll_motion {"eventCount":2,"rawAbsX":26,"rawAbsY":6,"rawX":26,"rawY":-6,"clippedAbsX":26,"clippedAbsY":6,"clippedX":26,"clippedY":-6,"requestedAppliedX":19.188,"requestedAppliedY":-4.428,"appliedX":19.188,"appliedY":-4.428,"actualX":19,"actualY":-4.5,"sensitivity":0.738,"currentZoomForScroll":1.600977654185429,"maxScrollStepX":22,"maxScrollStepY":22,"diagonalEvents":2,"clippedEvents":0}
[DebugBridge +14033.2ms] wheel_scroll_motion {"eventCount":2,"rawAbsX":28,"rawAbsY":6,"rawX":28,"rawY":-6,"clippedAbsX":28,"clippedAbsY":6,"clippedX":28,"clippedY":-6,"requestedAppliedX":20.664,"requestedAppliedY":-4.428,"appliedX":20.664,"appliedY":-4.428,"actualX":20.5,"actualY":-4.5,"sensitivity":0.738,"currentZoomForScroll":1.600977654185429,"maxScrollStepX":22,"maxScrollStepY":22,"diagonalEvents":2,"clippedEvents":0}
[DebugBridge +14041.2ms] wheel_scroll_motion {"eventCount":2,"rawAbsX":18,"rawAbsY":6,"rawX":18,"rawY":-6,"clippedAbsX":18,"clippedAbsY":6,"clippedX":18,"clippedY":-6,"requestedAppliedX":13.283999999999999,"requestedAppliedY":-4.428,"appliedX":13.283999999999999,"appliedY":-4.428,"actualX":13,"actualY":-4.5,"sensitivity":0.738,"currentZoomForScroll":1.600977654185429,"maxScrollStepX":22,"maxScrollStepY":22,"diagonalEvents":2,"clippedEvents":0}
[DebugBridge +14075.1ms] wheel_scroll_motion {"eventCount":1,"rawAbsX":44,"rawAbsY":24,"rawX":44,"rawY":-24,"clippedAbsX":37.935743679894195,"clippedAbsY":24,"clippedX":37.935743679894195,"clippedY":-24,"requestedAppliedX":25.196920952185724,"requestedAppliedY":-15.9408,"appliedX":22,"appliedY":-15.9408,"actualX":22,"actualY":-16,"sensitivity":0.6642,"currentZoomForScroll":1.600977654185429,"maxScrollStepX":22,"maxScrollStepY":22,"diagonalEvents":1,"clippedEvents":1}
[DebugBridge +14083.7ms] wheel_scroll_motion {"eventCount":2,"rawAbsX":10,"rawAbsY":10,"rawX":10,"rawY":-10,"clippedAbsX":10,"clippedAbsY":10,"clippedX":10,"clippedY":-10,"requestedAppliedX":7.38,"requestedAppliedY":-7.38,"appliedX":7.38,"appliedY":-7.38,"actualX":7,"actualY":-7.5,"sensitivity":0.738,"currentZoomForScroll":1.600977654185429,"maxScrollStepX":22,"maxScrollStepY":22,"diagonalEvents":2,"clippedEvents":0}
[DebugBridge +14090.4ms] wheel_scroll_motion {"eventCount":1,"rawAbsX":6,"rawAbsY":2,"rawX":6,"rawY":-2,"clippedAbsX":6,"clippedAbsY":2,"clippedX":6,"clippedY":-2,"requestedAppliedX":4.428,"requestedAppliedY":-1.476,"appliedX":4.428,"appliedY":-1.476,"actualX":4,"actualY":-1.5,"sensitivity":0.738,"currentZoomForScroll":1.600977654185429,"maxScrollStepX":22,"maxScrollStepY":22,"diagonalEvents":1,"clippedEvents":0}
[DebugBridge +14100.1ms] wheel_scroll_motion {"eventCount":1,"rawAbsX":14,"rawAbsY":4,"rawX":14,"rawY":-4,"clippedAbsX":14,"clippedAbsY":4,"clippedX":14,"clippedY":-4,"requestedAppliedX":10.332,"requestedAppliedY":-2.952,"appliedX":10.332,"appliedY":-2.952,"actualX":10,"actualY":-3,"sensitivity":0.738,"currentZoomForScroll":1.600977654185429,"maxScrollStepX":22,"maxScrollStepY":22,"diagonalEvents":1,"clippedEvents":0}
[DebugBridge +14107.0ms] wheel_scroll_motion {"eventCount":1,"rawAbsX":16,"rawAbsY":4,"rawX":16,"rawY":-4,"clippedAbsX":16,"clippedAbsY":4,"clippedX":16,"clippedY":-4,"requestedAppliedX":11.808,"requestedAppliedY":-2.952,"appliedX":11.808,"appliedY":-2.952,"actualX":11.5,"actualY":-3,"sensitivity":0.738,"currentZoomForScroll":1.600977654185429,"maxScrollStepX":22,"maxScrollStepY":22,"diagonalEvents":1,"clippedEvents":0}
[DebugBridge +14117.7ms] wheel_scroll_motion {"eventCount":1,"rawAbsX":16,"rawAbsY":6,"rawX":16,"rawY":-6,"clippedAbsX":16,"clippedAbsY":6,"clippedX":16,"clippedY":-6,"requestedAppliedX":11.808,"requestedAppliedY":-4.428,"appliedX":11.808,"appliedY":-4.428,"actualX":11.5,"actualY":-4.5,"sensitivity":0.738,"currentZoomForScroll":1.600977654185429,"maxScrollStepX":22,"maxScrollStepY":22,"diagonalEvents":1,"clippedEvents":0}
[DebugBridge +14124.1ms] wheel_scroll_motion {"eventCount":1,"rawAbsX":18,"rawAbsY":6,"rawX":18,"rawY":-6,"clippedAbsX":18,"clippedAbsY":6,"clippedX":18,"clippedY":-6,"requestedAppliedX":13.283999999999999,"requestedAppliedY":-4.428,"appliedX":13.283999999999999,"appliedY":-4.428,"actualX":13,"actualY":-4.5,"sensitivity":0.738,"currentZoomForScroll":1.600977654185429,"maxScrollStepX":22,"maxScrollStepY":22,"diagonalEvents":1,"clippedEvents":0}
[DebugBridge +14133.9ms] wheel_scroll_motion {"eventCount":1,"rawAbsX":16,"rawAbsY":4,"rawX":16,"rawY":-4,"clippedAbsX":16,"clippedAbsY":4,"clippedX":16,"clippedY":-4,"requestedAppliedX":11.808,"requestedAppliedY":-2.952,"appliedX":11.808,"appliedY":-2.952,"actualX":11.5,"actualY":-3,"sensitivity":0.738,"currentZoomForScroll":1.600977654185429,"maxScrollStepX":22,"maxScrollStepY":22,"diagonalEvents":1,"clippedEvents":0}
[DebugBridge +14140.0ms] wheel_scroll_motion {"eventCount":1,"rawAbsX":18,"rawAbsY":4,"rawX":18,"rawY":-4,"clippedAbsX":18,"clippedAbsY":4,"clippedX":18,"clippedY":-4,"requestedAppliedX":13.283999999999999,"requestedAppliedY":-2.952,"appliedX":13.283999999999999,"appliedY":-2.952,"actualX":13,"actualY":-3,"sensitivity":0.738,"currentZoomForScroll":1.600977654185429,"maxScrollStepX":22,"maxScrollStepY":22,"diagonalEvents":1,"clippedEvents":0}
[DebugBridge +14151.2ms] wheel_scroll_motion {"eventCount":1,"rawAbsX":22,"rawAbsY":4,"rawX":22,"rawY":-4,"clippedAbsX":22,"clippedAbsY":4,"clippedX":22,"clippedY":-4,"requestedAppliedX":16.236,"requestedAppliedY":-2.952,"appliedX":16.236,"appliedY":-2.952,"actualX":16,"actualY":-3,"sensitivity":0.738,"currentZoomForScroll":1.600977654185429,"maxScrollStepX":22,"maxScrollStepY":22,"diagonalEvents":1,"clippedEvents":0}
[DebugBridge +14157.3ms] wheel_scroll_motion {"eventCount":1,"rawAbsX":22,"rawAbsY":6,"rawX":22,"rawY":-6,"clippedAbsX":22,"clippedAbsY":6,"clippedX":22,"clippedY":-6,"requestedAppliedX":16.236,"requestedAppliedY":-4.428,"appliedX":16.236,"appliedY":-4.428,"actualX":16,"actualY":-4.5,"sensitivity":0.738,"currentZoomForScroll":1.600977654185429,"maxScrollStepX":22,"maxScrollStepY":22,"diagonalEvents":1,"clippedEvents":0}
[DebugBridge +14166.1ms] wheel_scroll_motion {"eventCount":1,"rawAbsX":22,"rawAbsY":4,"rawX":22,"rawY":-4,"clippedAbsX":22,"clippedAbsY":4,"clippedX":22,"clippedY":-4,"requestedAppliedX":16.236,"requestedAppliedY":-2.952,"appliedX":16.236,"appliedY":-2.952,"actualX":16,"actualY":-3,"sensitivity":0.738,"currentZoomForScroll":1.600977654185429,"maxScrollStepX":22,"maxScrollStepY":22,"diagonalEvents":1,"clippedEvents":0}
[DebugBridge +14173.8ms] wheel_scroll_motion {"eventCount":1,"rawAbsX":20,"rawAbsY":4,"rawX":20,"rawY":-4,"clippedAbsX":20,"clippedAbsY":4,"clippedX":20,"clippedY":-4,"requestedAppliedX":14.76,"requestedAppliedY":-2.952,"appliedX":14.76,"appliedY":-2.952,"actualX":14.5,"actualY":-3,"sensitivity":0.738,"currentZoomForScroll":1.600977654185429,"maxScrollStepX":22,"maxScrollStepY":22,"diagonalEvents":1,"clippedEvents":0}
[DebugBridge +14182.1ms] wheel_scroll_motion {"eventCount":1,"rawAbsX":20,"rawAbsY":4,"rawX":20,"rawY":-4,"clippedAbsX":20,"clippedAbsY":4,"clippedX":20,"clippedY":-4,"requestedAppliedX":14.76,"requestedAppliedY":-2.952,"appliedX":14.76,"appliedY":-2.952,"actualX":14.5,"actualY":-3,"sensitivity":0.738,"currentZoomForScroll":1.600977654185429,"maxScrollStepX":22,"maxScrollStepY":22,"diagonalEvents":1,"clippedEvents":0}
[DebugBridge +14193.0ms] wheel_scroll_motion {"eventCount":1,"rawAbsX":18,"rawAbsY":4,"rawX":18,"rawY":-4,"clippedAbsX":18,"clippedAbsY":4,"clippedX":18,"clippedY":-4,"requestedAppliedX":13.283999999999999,"requestedAppliedY":-2.952,"appliedX":13.283999999999999,"appliedY":-2.952,"actualX":13,"actualY":-3,"sensitivity":0.738,"currentZoomForScroll":1.600977654185429,"maxScrollStepX":22,"maxScrollStepY":22,"diagonalEvents":1,"clippedEvents":0}
[DebugBridge +14200.8ms] wheel_scroll_motion {"eventCount":1,"rawAbsX":16,"rawAbsY":4,"rawX":16,"rawY":-4,"clippedAbsX":16,"clippedAbsY":4,"clippedX":16,"clippedY":-4,"requestedAppliedX":11.808,"requestedAppliedY":-2.952,"appliedX":11.808,"appliedY":-2.952,"actualX":11.5,"actualY":-3,"sensitivity":0.738,"currentZoomForScroll":1.600977654185429,"maxScrollStepX":22,"maxScrollStepY":22,"diagonalEvents":1,"clippedEvents":0}
[DebugBridge +14208.6ms] wheel_scroll_motion {"eventCount":1,"rawAbsX":16,"rawAbsY":4,"rawX":16,"rawY":-4,"clippedAbsX":16,"clippedAbsY":4,"clippedX":16,"clippedY":-4,"requestedAppliedX":11.808,"requestedAppliedY":-2.952,"appliedX":11.808,"appliedY":-2.952,"actualX":11.5,"actualY":-3,"sensitivity":0.738,"currentZoomForScroll":1.600977654185429,"maxScrollStepX":22,"maxScrollStepY":22,"diagonalEvents":1,"clippedEvents":0}
[DebugBridge +14215.5ms] wheel_scroll_motion {"eventCount":1,"rawAbsX":16,"rawAbsY":4,"rawX":16,"rawY":-4,"clippedAbsX":16,"clippedAbsY":4,"clippedX":16,"clippedY":-4,"requestedAppliedX":11.808,"requestedAppliedY":-2.952,"appliedX":11.808,"appliedY":-2.952,"actualX":11.5,"actualY":-3,"sensitivity":0.738,"currentZoomForScroll":1.600977654185429,"maxScrollStepX":22,"maxScrollStepY":22,"diagonalEvents":1,"clippedEvents":0}
[DebugBridge +14224.1ms] wheel_scroll_motion {"eventCount":1,"rawAbsX":16,"rawAbsY":4,"rawX":16,"rawY":-4,"clippedAbsX":16,"clippedAbsY":4,"clippedX":16,"clippedY":-4,"requestedAppliedX":11.808,"requestedAppliedY":-2.952,"appliedX":11.808,"appliedY":-2.952,"actualX":11.5,"actualY":-3,"sensitivity":0.738,"currentZoomForScroll":1.600977654185429,"maxScrollStepX":22,"maxScrollStepY":22,"diagonalEvents":1,"clippedEvents":0}
[DebugBridge +14231.9ms] wheel_scroll_motion {"eventCount":1,"rawAbsX":16,"rawAbsY":4,"rawX":16,"rawY":-4,"clippedAbsX":16,"clippedAbsY":4,"clippedX":16,"clippedY":-4,"requestedAppliedX":11.808,"requestedAppliedY":-2.952,"appliedX":11.808,"appliedY":-2.952,"actualX":11.5,"actualY":-3,"sensitivity":0.738,"currentZoomForScroll":1.600977654185429,"maxScrollStepX":22,"maxScrollStepY":22,"diagonalEvents":1,"clippedEvents":0}
[DebugBridge +14241.5ms] wheel_scroll_motion {"eventCount":1,"rawAbsX":14,"rawAbsY":4,"rawX":14,"rawY":-4,"clippedAbsX":14,"clippedAbsY":4,"clippedX":14,"clippedY":-4,"requestedAppliedX":10.332,"requestedAppliedY":-2.952,"appliedX":10.332,"appliedY":-2.952,"actualX":10,"actualY":-3,"sensitivity":0.738,"currentZoomForScroll":1.600977654185429,"maxScrollStepX":22,"maxScrollStepY":22,"diagonalEvents":1,"clippedEvents":0}
[DebugBridge +14250.6ms] wheel_scroll_motion {"eventCount":1,"rawAbsX":14,"rawAbsY":4,"rawX":14,"rawY":-4,"clippedAbsX":14,"clippedAbsY":4,"clippedX":14,"clippedY":-4,"requestedAppliedX":10.332,"requestedAppliedY":-2.952,"appliedX":10.332,"appliedY":-2.952,"actualX":10,"actualY":-3,"sensitivity":0.738,"currentZoomForScroll":1.600977654185429,"maxScrollStepX":22,"maxScrollStepY":22,"diagonalEvents":1,"clippedEvents":0}
[DebugBridge +14258.8ms] wheel_scroll_motion {"eventCount":1,"rawAbsX":14,"rawAbsY":4,"rawX":14,"rawY":-4,"clippedAbsX":14,"clippedAbsY":4,"clippedX":14,"clippedY":-4,"requestedAppliedX":10.332,"requestedAppliedY":-2.952,"appliedX":10.332,"appliedY":-2.952,"actualX":10,"actualY":-3,"sensitivity":0.738,"currentZoomForScroll":1.600977654185429,"maxScrollStepX":22,"maxScrollStepY":22,"diagonalEvents":1,"clippedEvents":0}
[DebugBridge +14265.7ms] wheel_scroll_motion {"eventCount":1,"rawAbsX":14,"rawAbsY":4,"rawX":14,"rawY":-4,"clippedAbsX":14,"clippedAbsY":4,"clippedX":14,"clippedY":-4,"requestedAppliedX":10.332,"requestedAppliedY":-2.952,"appliedX":10.332,"appliedY":-2.952,"actualX":10,"actualY":-3,"sensitivity":0.738,"currentZoomForScroll":1.600977654185429,"maxScrollStepX":22,"maxScrollStepY":22,"diagonalEvents":1,"clippedEvents":0}
[DebugBridge +14275.7ms] wheel_scroll_motion {"eventCount":1,"rawAbsX":12,"rawAbsY":4,"rawX":12,"rawY":-4,"clippedAbsX":12,"clippedAbsY":4,"clippedX":12,"clippedY":-4,"requestedAppliedX":8.856,"requestedAppliedY":-2.952,"appliedX":8.856,"appliedY":-2.952,"actualX":8.5,"actualY":-3,"sensitivity":0.738,"currentZoomForScroll":1.600977654185429,"maxScrollStepX":22,"maxScrollStepY":22,"diagonalEvents":1,"clippedEvents":0}
[DebugBridge +14283.9ms] wheel_scroll_motion {"eventCount":1,"rawAbsX":12,"rawAbsY":4,"rawX":12,"rawY":-4,"clippedAbsX":12,"clippedAbsY":4,"clippedX":12,"clippedY":-4,"requestedAppliedX":8.856,"requestedAppliedY":-2.952,"appliedX":8.856,"appliedY":-2.952,"actualX":8.5,"actualY":-3,"sensitivity":0.738,"currentZoomForScroll":1.600977654185429,"maxScrollStepX":22,"maxScrollStepY":22,"diagonalEvents":1,"clippedEvents":0}
[DebugBridge +14316.3ms] wheel_scroll_motion {"eventCount":1,"rawAbsX":40,"rawAbsY":16,"rawX":40,"rawY":-16,"clippedAbsX":37.935743679894195,"clippedAbsY":16,"clippedX":37.935743679894195,"clippedY":-16,"requestedAppliedX":25.196920952185724,"requestedAppliedY":-10.6272,"appliedX":22,"appliedY":-10.6272,"actualX":22,"actualY":-11,"sensitivity":0.6642,"currentZoomForScroll":1.600977654185429,"maxScrollStepX":22,"maxScrollStepY":22,"diagonalEvents":1,"clippedEvents":1}
[DebugBridge +14325.0ms] wheel_scroll_motion {"eventCount":1,"rawAbsX":8,"rawAbsY":2,"rawX":8,"rawY":-2,"clippedAbsX":8,"clippedAbsY":2,"clippedX":8,"clippedY":-2,"requestedAppliedX":5.904,"requestedAppliedY":-1.476,"appliedX":5.904,"appliedY":-1.476,"actualX":5.5,"actualY":-1.5,"sensitivity":0.738,"currentZoomForScroll":1.600977654185429,"maxScrollStepX":22,"maxScrollStepY":22,"diagonalEvents":1,"clippedEvents":0}
[DebugBridge +14333.2ms] wheel_scroll_motion {"eventCount":1,"rawAbsX":8,"rawAbsY":2,"rawX":8,"rawY":-2,"clippedAbsX":8,"clippedAbsY":2,"clippedX":8,"clippedY":-2,"requestedAppliedX":5.904,"requestedAppliedY":-1.476,"appliedX":5.904,"appliedY":-1.476,"actualX":5.5,"actualY":-1.5,"sensitivity":0.738,"currentZoomForScroll":1.600977654185429,"maxScrollStepX":22,"maxScrollStepY":22,"diagonalEvents":1,"clippedEvents":0}
[DebugBridge +14341.5ms] wheel_scroll_motion {"eventCount":1,"rawAbsX":8,"rawAbsY":2,"rawX":8,"rawY":-2,"clippedAbsX":8,"clippedAbsY":2,"clippedX":8,"clippedY":-2,"requestedAppliedX":5.904,"requestedAppliedY":-1.476,"appliedX":5.904,"appliedY":-1.476,"actualX":5.5,"actualY":-1.5,"sensitivity":0.738,"currentZoomForScroll":1.600977654185429,"maxScrollStepX":22,"maxScrollStepY":22,"diagonalEvents":1,"clippedEvents":0}
[DebugBridge +14349.7ms] wheel_scroll_motion {"eventCount":1,"rawAbsX":8,"rawAbsY":2,"rawX":8,"rawY":-2,"clippedAbsX":8,"clippedAbsY":2,"clippedX":8,"clippedY":-2,"requestedAppliedX":5.904,"requestedAppliedY":-1.476,"appliedX":5.904,"appliedY":-1.476,"actualX":5.5,"actualY":-1.5,"sensitivity":0.738,"currentZoomForScroll":1.600977654185429,"maxScrollStepX":22,"maxScrollStepY":22,"diagonalEvents":1,"clippedEvents":0}
[DebugBridge +14407.2ms] wheel_scroll_motion {"eventCount":1,"rawAbsX":2,"rawAbsY":2,"rawX":2,"rawY":2,"clippedAbsX":2,"clippedAbsY":2,"clippedX":2,"clippedY":2,"requestedAppliedX":1.476,"requestedAppliedY":1.476,"appliedX":1.476,"appliedY":1.476,"actualX":1,"actualY":1,"sensitivity":0.738,"currentZoomForScroll":1.600977654185429,"maxScrollStepX":22,"maxScrollStepY":22,"diagonalEvents":1,"clippedEvents":0}
[DebugBridge +14417.3ms] wheel_scroll_motion {"eventCount":1,"rawAbsX":6,"rawAbsY":10,"rawX":6,"rawY":10,"clippedAbsX":6,"clippedAbsY":10,"clippedX":6,"clippedY":10,"requestedAppliedX":4.428,"requestedAppliedY":7.38,"appliedX":4.428,"appliedY":7.38,"actualX":4,"actualY":7,"sensitivity":0.738,"currentZoomForScroll":1.600977654185429,"maxScrollStepX":22,"maxScrollStepY":22,"diagonalEvents":1,"clippedEvents":0}
[DebugBridge +14425.9ms] wheel_scroll_motion {"eventCount":2,"rawAbsX":8,"rawAbsY":16,"rawX":8,"rawY":16,"clippedAbsX":8,"clippedAbsY":16,"clippedX":8,"clippedY":16,"requestedAppliedX":5.904,"requestedAppliedY":11.808,"appliedX":5.904,"appliedY":11.808,"actualX":5.5,"actualY":11.5,"sensitivity":0.738,"currentZoomForScroll":1.600977654185429,"maxScrollStepX":22,"maxScrollStepY":22,"diagonalEvents":2,"clippedEvents":0}
[DebugBridge +14432.1ms] wheel_scroll_motion {"eventCount":2,"rawAbsX":12,"rawAbsY":28,"rawX":12,"rawY":28,"clippedAbsX":12,"clippedAbsY":28,"clippedX":12,"clippedY":28,"requestedAppliedX":8.856,"requestedAppliedY":20.663999999999998,"appliedX":8.856,"appliedY":20.663999999999998,"actualX":8.5,"actualY":20.5,"sensitivity":0.738,"currentZoomForScroll":1.600977654185429,"maxScrollStepX":22,"maxScrollStepY":22,"diagonalEvents":2,"clippedEvents":0}
[DebugBridge +14443.2ms] wheel_scroll_motion {"eventCount":2,"rawAbsX":14,"rawAbsY":44,"rawX":14,"rawY":44,"clippedAbsX":14,"clippedAbsY":41.935743679894195,"clippedX":14,"clippedY":41.935743679894195,"requestedAppliedX":9.4464,"requestedAppliedY":28.148920952185726,"appliedX":9.4464,"appliedY":22,"actualX":9,"actualY":22,"sensitivity":0.6642,"currentZoomForScroll":1.600977654185429,"maxScrollStepX":22,"maxScrollStepY":22,"diagonalEvents":2,"clippedEvents":1}
[DebugBridge +14449.7ms] wheel_scroll_motion {"eventCount":2,"rawAbsX":16,"rawAbsY":68,"rawX":16,"rawY":68,"clippedAbsX":16,"clippedAbsY":68,"clippedX":16,"clippedY":68,"requestedAppliedX":11.808,"requestedAppliedY":50.184,"appliedX":11.808,"appliedY":22,"actualX":11.5,"actualY":22,"sensitivity":0.738,"currentZoomForScroll":1.600977654185429,"maxScrollStepX":22,"maxScrollStepY":22,"diagonalEvents":2,"clippedEvents":0}
[DebugBridge +14459.7ms] wheel_scroll_motion {"eventCount":1,"rawAbsX":14,"rawAbsY":74,"rawX":14,"rawY":74,"clippedAbsX":14,"clippedAbsY":37.935743679894195,"clippedX":14,"clippedY":37.935743679894195,"requestedAppliedX":9.2988,"requestedAppliedY":25.196920952185724,"appliedX":9.2988,"appliedY":22,"actualX":9,"actualY":22,"sensitivity":0.6642,"currentZoomForScroll":1.600977654185429,"maxScrollStepX":22,"maxScrollStepY":22,"diagonalEvents":1,"clippedEvents":1}
[DebugBridge +14468.0ms] wheel_scroll_motion {"eventCount":1,"rawAbsX":10,"rawAbsY":56,"rawX":10,"rawY":56,"clippedAbsX":10,"clippedAbsY":37.935743679894195,"clippedX":10,"clippedY":37.935743679894195,"requestedAppliedX":6.642,"requestedAppliedY":25.196920952185724,"appliedX":6.642,"appliedY":22,"actualX":6.5,"actualY":22,"sensitivity":0.6642,"currentZoomForScroll":1.600977654185429,"maxScrollStepX":22,"maxScrollStepY":22,"diagonalEvents":1,"clippedEvents":1}
[DebugBridge +14476.3ms] wheel_scroll_motion {"eventCount":1,"rawAbsX":10,"rawAbsY":68,"rawX":10,"rawY":68,"clippedAbsX":10,"clippedAbsY":37.935743679894195,"clippedX":10,"clippedY":37.935743679894195,"requestedAppliedX":6.642,"requestedAppliedY":25.196920952185724,"appliedX":6.642,"appliedY":22,"actualX":6.5,"actualY":22,"sensitivity":0.6642,"currentZoomForScroll":1.600977654185429,"maxScrollStepX":22,"maxScrollStepY":22,"diagonalEvents":1,"clippedEvents":1}
[DebugBridge +14483.9ms] wheel_scroll_motion {"eventCount":2,"rawAbsX":10,"rawAbsY":76,"rawX":10,"rawY":76,"clippedAbsX":10,"clippedAbsY":69.93574367989419,"clippedX":10,"clippedY":69.93574367989419,"requestedAppliedX":6.9372,"requestedAppliedY":48.81292095218572,"appliedX":6.9372,"appliedY":22,"actualX":6.5,"actualY":22,"sensitivity":0.738,"currentZoomForScroll":1.600977654185429,"maxScrollStepX":22,"maxScrollStepY":22,"diagonalEvents":2,"clippedEvents":1}
[DebugBridge +14492.3ms] wheel_scroll_motion {"eventCount":1,"rawAbsX":0,"rawAbsY":44,"rawX":0,"rawY":44,"clippedAbsX":0,"clippedAbsY":37.935743679894195,"clippedX":0,"clippedY":37.935743679894195,"requestedAppliedX":0,"requestedAppliedY":27.996578835761916,"appliedX":0,"appliedY":22,"actualX":0,"actualY":22,"sensitivity":0.738,"currentZoomForScroll":1.600977654185429,"maxScrollStepX":22,"maxScrollStepY":22,"diagonalEvents":0,"clippedEvents":1}
[DebugBridge +14500.9ms] wheel_scroll_motion {"eventCount":1,"rawAbsX":0,"rawAbsY":110,"rawX":0,"rawY":110,"clippedAbsX":0,"clippedAbsY":37.935743679894195,"clippedX":0,"clippedY":37.935743679894195,"requestedAppliedX":0,"requestedAppliedY":27.996578835761916,"appliedX":0,"appliedY":22,"actualX":0,"actualY":22,"sensitivity":0.738,"currentZoomForScroll":1.600977654185429,"maxScrollStepX":22,"maxScrollStepY":22,"diagonalEvents":0,"clippedEvents":1}
[DebugBridge +14509.0ms] wheel_scroll_motion {"eventCount":1,"rawAbsX":0,"rawAbsY":124,"rawX":0,"rawY":124,"clippedAbsX":0,"clippedAbsY":37.935743679894195,"clippedX":0,"clippedY":37.935743679894195,"requestedAppliedX":0,"requestedAppliedY":27.996578835761916,"appliedX":0,"appliedY":22,"actualX":0,"actualY":22,"sensitivity":0.738,"currentZoomForScroll":1.600977654185429,"maxScrollStepX":22,"maxScrollStepY":22,"diagonalEvents":0,"clippedEvents":1}
[DebugBridge +14517.0ms] wheel_scroll_motion {"eventCount":1,"rawAbsX":0,"rawAbsY":124,"rawX":0,"rawY":124,"clippedAbsX":0,"clippedAbsY":37.935743679894195,"clippedX":0,"clippedY":37.935743679894195,"requestedAppliedX":0,"requestedAppliedY":27.996578835761916,"appliedX":0,"appliedY":22,"actualX":0,"actualY":22,"sensitivity":0.738,"currentZoomForScroll":1.600977654185429,"maxScrollStepX":22,"maxScrollStepY":22,"diagonalEvents":0,"clippedEvents":1}
[DebugBridge +14527.0ms] wheel_scroll_motion {"eventCount":1,"rawAbsX":0,"rawAbsY":124,"rawX":0,"rawY":124,"clippedAbsX":0,"clippedAbsY":37.935743679894195,"clippedX":0,"clippedY":37.935743679894195,"requestedAppliedX":0,"requestedAppliedY":27.996578835761916,"appliedX":0,"appliedY":22,"actualX":0,"actualY":22,"sensitivity":0.738,"currentZoomForScroll":1.600977654185429,"maxScrollStepX":22,"maxScrollStepY":22,"diagonalEvents":0,"clippedEvents":1}
[DebugBridge +14565.6ms] wheel_scroll_motion {"eventCount":1,"rawAbsX":0,"rawAbsY":574,"rawX":0,"rawY":574,"clippedAbsX":0,"clippedAbsY":37.935743679894195,"clippedX":0,"clippedY":37.935743679894195,"requestedAppliedX":0,"requestedAppliedY":27.996578835761916,"appliedX":0,"appliedY":22,"actualX":0,"actualY":22,"sensitivity":0.738,"currentZoomForScroll":1.600977654185429,"maxScrollStepX":22,"maxScrollStepY":22,"diagonalEvents":0,"clippedEvents":1}
[DebugBridge +14575.7ms] wheel_scroll_motion {"eventCount":2,"rawAbsX":0,"rawAbsY":210,"rawX":0,"rawY":210,"clippedAbsX":0,"clippedAbsY":75.87148735978839,"clippedX":0,"clippedY":75.87148735978839,"requestedAppliedX":0,"requestedAppliedY":55.99315767152383,"appliedX":0,"appliedY":22,"actualX":0,"actualY":22,"sensitivity":0.738,"currentZoomForScroll":1.600977654185429,"maxScrollStepX":22,"maxScrollStepY":22,"diagonalEvents":0,"clippedEvents":2}
[DebugBridge +14591.5ms] wheel_scroll_motion {"eventCount":1,"rawAbsX":0,"rawAbsY":100,"rawX":0,"rawY":100,"clippedAbsX":0,"clippedAbsY":37.935743679894195,"clippedX":0,"clippedY":37.935743679894195,"requestedAppliedX":0,"requestedAppliedY":27.996578835761916,"appliedX":0,"appliedY":22,"actualX":0,"actualY":22,"sensitivity":0.738,"currentZoomForScroll":1.600977654185429,"maxScrollStepX":22,"maxScrollStepY":22,"diagonalEvents":0,"clippedEvents":1}
[DebugBridge +14600.4ms] wheel_scroll_motion {"eventCount":2,"rawAbsX":0,"rawAbsY":198,"rawX":0,"rawY":198,"clippedAbsX":0,"clippedAbsY":75.87148735978839,"clippedX":0,"clippedY":75.87148735978839,"requestedAppliedX":0,"requestedAppliedY":55.99315767152383,"appliedX":0,"appliedY":22,"actualX":0,"actualY":22,"sensitivity":0.738,"currentZoomForScroll":1.600977654185429,"maxScrollStepX":22,"maxScrollStepY":22,"diagonalEvents":0,"clippedEvents":2}
[DebugBridge +14616.0ms] wheel_scroll_motion {"eventCount":1,"rawAbsX":0,"rawAbsY":92,"rawX":0,"rawY":92,"clippedAbsX":0,"clippedAbsY":37.935743679894195,"clippedX":0,"clippedY":37.935743679894195,"requestedAppliedX":0,"requestedAppliedY":27.996578835761916,"appliedX":0,"appliedY":22,"actualX":0,"actualY":22,"sensitivity":0.738,"currentZoomForScroll":1.600977654185429,"maxScrollStepX":22,"maxScrollStepY":22,"diagonalEvents":0,"clippedEvents":1}
[DebugBridge +14625.2ms] wheel_scroll_motion {"eventCount":2,"rawAbsX":0,"rawAbsY":182,"rawX":0,"rawY":182,"clippedAbsX":0,"clippedAbsY":75.87148735978839,"clippedX":0,"clippedY":75.87148735978839,"requestedAppliedX":0,"requestedAppliedY":55.99315767152383,"appliedX":0,"appliedY":22,"actualX":0,"actualY":22,"sensitivity":0.738,"currentZoomForScroll":1.600977654185429,"maxScrollStepX":22,"maxScrollStepY":22,"diagonalEvents":0,"clippedEvents":2}
[DebugBridge +14640.9ms] wheel_scroll_motion {"eventCount":1,"rawAbsX":0,"rawAbsY":86,"rawX":0,"rawY":86,"clippedAbsX":0,"clippedAbsY":37.935743679894195,"clippedX":0,"clippedY":37.935743679894195,"requestedAppliedX":0,"requestedAppliedY":27.996578835761916,"appliedX":0,"appliedY":22,"actualX":0,"actualY":22,"sensitivity":0.738,"currentZoomForScroll":1.600977654185429,"maxScrollStepX":22,"maxScrollStepY":22,"diagonalEvents":0,"clippedEvents":1}
[DebugBridge +14649.5ms] wheel_scroll_motion {"eventCount":2,"rawAbsX":0,"rawAbsY":168,"rawX":0,"rawY":168,"clippedAbsX":0,"clippedAbsY":75.87148735978839,"clippedX":0,"clippedY":75.87148735978839,"requestedAppliedX":0,"requestedAppliedY":55.99315767152383,"appliedX":0,"appliedY":22,"actualX":0,"actualY":22,"sensitivity":0.738,"currentZoomForScroll":1.600977654185429,"maxScrollStepX":22,"maxScrollStepY":22,"diagonalEvents":0,"clippedEvents":2}
[DebugBridge +14665.1ms] wheel_scroll_motion {"eventCount":1,"rawAbsX":0,"rawAbsY":80,"rawX":0,"rawY":80,"clippedAbsX":0,"clippedAbsY":37.935743679894195,"clippedX":0,"clippedY":37.935743679894195,"requestedAppliedX":0,"requestedAppliedY":27.996578835761916,"appliedX":0,"appliedY":22,"actualX":0,"actualY":22,"sensitivity":0.738,"currentZoomForScroll":1.600977654185429,"maxScrollStepX":22,"maxScrollStepY":22,"diagonalEvents":0,"clippedEvents":1}
[DebugBridge +14675.5ms] wheel_scroll_motion {"eventCount":2,"rawAbsX":0,"rawAbsY":156,"rawX":0,"rawY":156,"clippedAbsX":0,"clippedAbsY":75.87148735978839,"clippedX":0,"clippedY":75.87148735978839,"requestedAppliedX":0,"requestedAppliedY":55.99315767152383,"appliedX":0,"appliedY":22,"actualX":0,"actualY":22,"sensitivity":0.738,"currentZoomForScroll":1.600977654185429,"maxScrollStepX":22,"maxScrollStepY":22,"diagonalEvents":0,"clippedEvents":2}
[DebugBridge +14691.1ms] wheel_scroll_motion {"eventCount":1,"rawAbsX":0,"rawAbsY":72,"rawX":0,"rawY":72,"clippedAbsX":0,"clippedAbsY":37.935743679894195,"clippedX":0,"clippedY":37.935743679894195,"requestedAppliedX":0,"requestedAppliedY":27.996578835761916,"appliedX":0,"appliedY":22,"actualX":0,"actualY":22,"sensitivity":0.738,"currentZoomForScroll":1.600977654185429,"maxScrollStepX":22,"maxScrollStepY":22,"diagonalEvents":0,"clippedEvents":1}
[DebugBridge +14700.1ms] wheel_scroll_motion {"eventCount":2,"rawAbsX":0,"rawAbsY":140,"rawX":0,"rawY":140,"clippedAbsX":0,"clippedAbsY":75.87148735978839,"clippedX":0,"clippedY":75.87148735978839,"requestedAppliedX":0,"requestedAppliedY":55.99315767152383,"appliedX":0,"appliedY":22,"actualX":0,"actualY":22,"sensitivity":0.738,"currentZoomForScroll":1.600977654185429,"maxScrollStepX":22,"maxScrollStepY":22,"diagonalEvents":0,"clippedEvents":2}
[DebugBridge +14715.6ms] wheel_scroll_motion {"eventCount":1,"rawAbsX":0,"rawAbsY":64,"rawX":0,"rawY":64,"clippedAbsX":0,"clippedAbsY":37.935743679894195,"clippedX":0,"clippedY":37.935743679894195,"requestedAppliedX":0,"requestedAppliedY":27.996578835761916,"appliedX":0,"appliedY":22,"actualX":0,"actualY":22,"sensitivity":0.738,"currentZoomForScroll":1.600977654185429,"maxScrollStepX":22,"maxScrollStepY":22,"diagonalEvents":0,"clippedEvents":1}
[DebugBridge +14724.2ms] wheel_scroll_motion {"eventCount":2,"rawAbsX":0,"rawAbsY":124,"rawX":0,"rawY":124,"clippedAbsX":0,"clippedAbsY":75.87148735978839,"clippedX":0,"clippedY":75.87148735978839,"requestedAppliedX":0,"requestedAppliedY":55.99315767152383,"appliedX":0,"appliedY":22,"actualX":0,"actualY":22,"sensitivity":0.738,"currentZoomForScroll":1.600977654185429,"maxScrollStepX":22,"maxScrollStepY":22,"diagonalEvents":0,"clippedEvents":2}
[DebugBridge +14733.2ms] wheel_scroll_motion {"eventCount":1,"rawAbsX":0,"rawAbsY":60,"rawX":0,"rawY":60,"clippedAbsX":0,"clippedAbsY":37.935743679894195,"clippedX":0,"clippedY":37.935743679894195,"requestedAppliedX":0,"requestedAppliedY":27.996578835761916,"appliedX":0,"appliedY":22,"actualX":0,"actualY":22,"sensitivity":0.738,"currentZoomForScroll":1.600977654185429,"maxScrollStepX":22,"maxScrollStepY":22,"diagonalEvents":0,"clippedEvents":1}
[DebugBridge +14776.2ms] wheel_scroll_motion {"eventCount":1,"rawAbsX":0,"rawAbsY":4,"rawX":0,"rawY":4,"clippedAbsX":0,"clippedAbsY":4,"clippedX":0,"clippedY":4,"requestedAppliedX":0,"requestedAppliedY":3.28,"appliedX":0,"appliedY":3.28,"actualX":0,"actualY":3,"sensitivity":0.82,"currentZoomForScroll":1.600977654185429,"maxScrollStepX":22,"maxScrollStepY":22,"diagonalEvents":0,"clippedEvents":0}
[DebugBridge +14815.4ms] wheel_scroll_motion {"eventCount":3,"rawAbsX":12,"rawAbsY":132,"rawX":-12,"rawY":132,"clippedAbsX":12,"clippedAbsY":83.87148735978839,"clippedX":-12,"clippedY":83.87148735978839,"requestedAppliedX":-8.118,"requestedAppliedY":56.29784190437145,"appliedX":-8.118,"appliedY":22,"actualX":-8.5,"actualY":22,"sensitivity":0.738,"currentZoomForScroll":1.600977654185429,"maxScrollStepX":22,"maxScrollStepY":22,"diagonalEvents":3,"clippedEvents":2}
[DebugBridge +14825.3ms] wheel_scroll_motion {"eventCount":2,"rawAbsX":4,"rawAbsY":84,"rawX":-4,"rawY":84,"clippedAbsX":4,"clippedAbsY":45.935743679894195,"clippedX":-4,"clippedY":45.935743679894195,"requestedAppliedX":-2.8044000000000002,"requestedAppliedY":31.100920952185724,"appliedX":-2.8044000000000002,"appliedY":22,"actualX":-3,"actualY":22,"sensitivity":0.738,"currentZoomForScroll":1.600977654185429,"maxScrollStepX":22,"maxScrollStepY":22,"diagonalEvents":2,"clippedEvents":1}
[DebugBridge +14833.3ms] wheel_scroll_motion {"eventCount":2,"rawAbsX":4,"rawAbsY":248,"rawX":-4,"rawY":248,"clippedAbsX":4,"clippedAbsY":75.87148735978839,"clippedX":-4,"clippedY":75.87148735978839,"requestedAppliedX":-2.6568,"requestedAppliedY":50.39384190437145,"appliedX":-2.6568,"appliedY":22,"actualX":-3,"actualY":22,"sensitivity":0.6642,"currentZoomForScroll":1.600977654185429,"maxScrollStepX":22,"maxScrollStepY":22,"diagonalEvents":2,"clippedEvents":2}
[DebugBridge +14842.7ms] wheel_scroll_motion {"eventCount":1,"rawAbsX":2,"rawAbsY":78,"rawX":-2,"rawY":78,"clippedAbsX":2,"clippedAbsY":37.935743679894195,"clippedX":-2,"clippedY":37.935743679894195,"requestedAppliedX":-1.3284,"requestedAppliedY":25.196920952185724,"appliedX":-1.3284,"appliedY":22,"actualX":-1.5,"actualY":22,"sensitivity":0.6642,"currentZoomForScroll":1.600977654185429,"maxScrollStepX":22,"maxScrollStepY":22,"diagonalEvents":1,"clippedEvents":1}
[DebugBridge +14848.6ms] wheel_scroll_motion {"eventCount":1,"rawAbsX":2,"rawAbsY":160,"rawX":-2,"rawY":160,"clippedAbsX":2,"clippedAbsY":37.935743679894195,"clippedX":-2,"clippedY":37.935743679894195,"requestedAppliedX":-1.3284,"requestedAppliedY":25.196920952185724,"appliedX":-1.3284,"appliedY":22,"actualX":-1.5,"actualY":22,"sensitivity":0.6642,"currentZoomForScroll":1.600977654185429,"maxScrollStepX":22,"maxScrollStepY":22,"diagonalEvents":1,"clippedEvents":1}
[DebugBridge +14857.7ms] wheel_scroll_motion {"eventCount":1,"rawAbsX":4,"rawAbsY":166,"rawX":-4,"rawY":166,"clippedAbsX":4,"clippedAbsY":37.935743679894195,"clippedX":-4,"clippedY":37.935743679894195,"requestedAppliedX":-2.6568,"requestedAppliedY":25.196920952185724,"appliedX":-2.6568,"appliedY":22,"actualX":-3,"actualY":22,"sensitivity":0.6642,"currentZoomForScroll":1.600977654185429,"maxScrollStepX":22,"maxScrollStepY":22,"diagonalEvents":1,"clippedEvents":1}
[DebugBridge +14868.0ms] wheel_scroll_motion {"eventCount":2,"rawAbsX":10,"rawAbsY":196,"rawX":-10,"rawY":196,"clippedAbsX":10,"clippedAbsY":75.87148735978839,"clippedX":-10,"clippedY":75.87148735978839,"requestedAppliedX":-6.6419999999999995,"requestedAppliedY":50.39384190437145,"appliedX":-6.6419999999999995,"appliedY":22,"actualX":-7,"actualY":22,"sensitivity":0.6642,"currentZoomForScroll":1.600977654185429,"maxScrollStepX":22,"maxScrollStepY":22,"diagonalEvents":2,"clippedEvents":2}
[DebugBridge +14906.2ms] wheel_scroll_motion {"eventCount":3,"rawAbsX":4,"rawAbsY":332,"rawX":-4,"rawY":332,"clippedAbsX":4,"clippedAbsY":113.80723103968259,"clippedX":-4,"clippedY":113.80723103968259,"requestedAppliedX":-2.6568,"requestedAppliedY":81.19007862370955,"appliedX":-2.6568,"appliedY":22,"actualX":-3,"actualY":22,"sensitivity":0.738,"currentZoomForScroll":1.600977654185429,"maxScrollStepX":22,"maxScrollStepY":22,"diagonalEvents":1,"clippedEvents":3}
[DebugBridge +14909.2ms] wheel_scroll_motion {"eventCount":1,"rawAbsX":0,"rawAbsY":584,"rawX":0,"rawY":584,"clippedAbsX":0,"clippedAbsY":37.935743679894195,"clippedX":0,"clippedY":37.935743679894195,"requestedAppliedX":0,"requestedAppliedY":27.996578835761916,"appliedX":0,"appliedY":22,"actualX":0,"actualY":22,"sensitivity":0.738,"currentZoomForScroll":1.600977654185429,"maxScrollStepX":22,"maxScrollStepY":22,"diagonalEvents":0,"clippedEvents":1}
[DebugBridge +14917.0ms] wheel_scroll_motion {"eventCount":1,"rawAbsX":0,"rawAbsY":178,"rawX":0,"rawY":178,"clippedAbsX":0,"clippedAbsY":37.935743679894195,"clippedX":0,"clippedY":37.935743679894195,"requestedAppliedX":0,"requestedAppliedY":27.996578835761916,"appliedX":0,"appliedY":22,"actualX":0,"actualY":22,"sensitivity":0.738,"currentZoomForScroll":1.600977654185429,"maxScrollStepX":22,"maxScrollStepY":22,"diagonalEvents":0,"clippedEvents":1}
[DebugBridge +14924.0ms] wheel_scroll_motion {"eventCount":1,"rawAbsX":0,"rawAbsY":174,"rawX":0,"rawY":174,"clippedAbsX":0,"clippedAbsY":37.935743679894195,"clippedX":0,"clippedY":37.935743679894195,"requestedAppliedX":0,"requestedAppliedY":27.996578835761916,"appliedX":0,"appliedY":22,"actualX":0,"actualY":22,"sensitivity":0.738,"currentZoomForScroll":1.600977654185429,"maxScrollStepX":22,"maxScrollStepY":22,"diagonalEvents":0,"clippedEvents":1}
[DebugBridge +14932.7ms] wheel_scroll_motion {"eventCount":1,"rawAbsX":0,"rawAbsY":158,"rawX":0,"rawY":158,"clippedAbsX":0,"clippedAbsY":37.935743679894195,"clippedX":0,"clippedY":37.935743679894195,"requestedAppliedX":0,"requestedAppliedY":27.996578835761916,"appliedX":0,"appliedY":22,"actualX":0,"actualY":22,"sensitivity":0.738,"currentZoomForScroll":1.600977654185429,"maxScrollStepX":22,"maxScrollStepY":22,"diagonalEvents":0,"clippedEvents":1}
[DebugBridge +14941.2ms] wheel_scroll_motion {"eventCount":1,"rawAbsX":0,"rawAbsY":152,"rawX":0,"rawY":152,"clippedAbsX":0,"clippedAbsY":37.935743679894195,"clippedX":0,"clippedY":37.935743679894195,"requestedAppliedX":0,"requestedAppliedY":27.996578835761916,"appliedX":0,"appliedY":22,"actualX":0,"actualY":22,"sensitivity":0.738,"currentZoomForScroll":1.600977654185429,"maxScrollStepX":22,"maxScrollStepY":22,"diagonalEvents":0,"clippedEvents":1}
[DebugBridge +14949.2ms] wheel_scroll_motion {"eventCount":1,"rawAbsX":0,"rawAbsY":148,"rawX":0,"rawY":148,"clippedAbsX":0,"clippedAbsY":37.935743679894195,"clippedX":0,"clippedY":37.935743679894195,"requestedAppliedX":0,"requestedAppliedY":27.996578835761916,"appliedX":0,"appliedY":22,"actualX":0,"actualY":22,"sensitivity":0.738,"currentZoomForScroll":1.600977654185429,"maxScrollStepX":22,"maxScrollStepY":22,"diagonalEvents":0,"clippedEvents":1}
[DebugBridge +14958.0ms] wheel_scroll_motion {"eventCount":1,"rawAbsX":0,"rawAbsY":146,"rawX":0,"rawY":146,"clippedAbsX":0,"clippedAbsY":37.935743679894195,"clippedX":0,"clippedY":37.935743679894195,"requestedAppliedX":0,"requestedAppliedY":27.996578835761916,"appliedX":0,"appliedY":22,"actualX":0,"actualY":22,"sensitivity":0.738,"currentZoomForScroll":1.600977654185429,"maxScrollStepX":22,"maxScrollStepY":22,"diagonalEvents":0,"clippedEvents":1}
[DebugBridge +14967.3ms] wheel_scroll_motion {"eventCount":1,"rawAbsX":0,"rawAbsY":142,"rawX":0,"rawY":142,"clippedAbsX":0,"clippedAbsY":37.935743679894195,"clippedX":0,"clippedY":37.935743679894195,"requestedAppliedX":0,"requestedAppliedY":27.996578835761916,"appliedX":0,"appliedY":22,"actualX":0,"actualY":22,"sensitivity":0.738,"currentZoomForScroll":1.600977654185429,"maxScrollStepX":22,"maxScrollStepY":22,"diagonalEvents":0,"clippedEvents":1}
[DebugBridge +14975.4ms] wheel_scroll_motion {"eventCount":1,"rawAbsX":0,"rawAbsY":140,"rawX":0,"rawY":140,"clippedAbsX":0,"clippedAbsY":37.935743679894195,"clippedX":0,"clippedY":37.935743679894195,"requestedAppliedX":0,"requestedAppliedY":27.996578835761916,"appliedX":0,"appliedY":22,"actualX":0,"actualY":22,"sensitivity":0.738,"currentZoomForScroll":1.600977654185429,"maxScrollStepX":22,"maxScrollStepY":22,"diagonalEvents":0,"clippedEvents":1}
[DebugBridge +14982.0ms] wheel_scroll_motion {"eventCount":1,"rawAbsX":0,"rawAbsY":140,"rawX":0,"rawY":140,"clippedAbsX":0,"clippedAbsY":37.935743679894195,"clippedX":0,"clippedY":37.935743679894195,"requestedAppliedX":0,"requestedAppliedY":27.996578835761916,"appliedX":0,"appliedY":22,"actualX":0,"actualY":22,"sensitivity":0.738,"currentZoomForScroll":1.600977654185429,"maxScrollStepX":22,"maxScrollStepY":22,"diagonalEvents":0,"clippedEvents":1}
[DebugBridge +14990.8ms] wheel_scroll_motion {"eventCount":1,"rawAbsX":0,"rawAbsY":134,"rawX":0,"rawY":134,"clippedAbsX":0,"clippedAbsY":37.935743679894195,"clippedX":0,"clippedY":37.935743679894195,"requestedAppliedX":0,"requestedAppliedY":27.996578835761916,"appliedX":0,"appliedY":22,"actualX":0,"actualY":22,"sensitivity":0.738,"currentZoomForScroll":1.600977654185429,"maxScrollStepX":22,"maxScrollStepY":22,"diagonalEvents":0,"clippedEvents":1}
[DebugBridge +15001.3ms] wheel_scroll_motion {"eventCount":1,"rawAbsX":0,"rawAbsY":132,"rawX":0,"rawY":132,"clippedAbsX":0,"clippedAbsY":37.935743679894195,"clippedX":0,"clippedY":37.935743679894195,"requestedAppliedX":0,"requestedAppliedY":27.996578835761916,"appliedX":0,"appliedY":22,"actualX":0,"actualY":22,"sensitivity":0.738,"currentZoomForScroll":1.600977654185429,"maxScrollStepX":22,"maxScrollStepY":22,"diagonalEvents":0,"clippedEvents":1}
[DebugBridge +15007.2ms] wheel_scroll_motion {"eventCount":1,"rawAbsX":0,"rawAbsY":130,"rawX":0,"rawY":130,"clippedAbsX":0,"clippedAbsY":37.935743679894195,"clippedX":0,"clippedY":37.935743679894195,"requestedAppliedX":0,"requestedAppliedY":27.996578835761916,"appliedX":0,"appliedY":22,"actualX":0,"actualY":22,"sensitivity":0.738,"currentZoomForScroll":1.600977654185429,"maxScrollStepX":22,"maxScrollStepY":22,"diagonalEvents":0,"clippedEvents":1}
[DebugBridge +15015.9ms] wheel_scroll_motion {"eventCount":1,"rawAbsX":0,"rawAbsY":128,"rawX":0,"rawY":128,"clippedAbsX":0,"clippedAbsY":37.935743679894195,"clippedX":0,"clippedY":37.935743679894195,"requestedAppliedX":0,"requestedAppliedY":27.996578835761916,"appliedX":0,"appliedY":22,"actualX":0,"actualY":22,"sensitivity":0.738,"currentZoomForScroll":1.600977654185429,"maxScrollStepX":22,"maxScrollStepY":22,"diagonalEvents":0,"clippedEvents":1}
[DebugBridge +15025.7ms] page_visit_start {"page":7,"pageCount":36,"revisited":false,"hasContainer":true,"hasPdfSurface":true,"spinnerVisible":false,"hasAnnotationOverlay":true,"ready":true}
[DebugBridge +15026.9ms] page_visit_ready {"page":7,"pageCount":36,"revisited":false,"waitMs":1,"hasContainer":true,"hasPdfSurface":true,"spinnerVisible":false,"hasAnnotationOverlay":true,"ready":true}
[DebugBridge +15306.5ms] wheel_scroll_motion {"eventCount":1,"rawAbsX":0,"rawAbsY":604,"rawX":0,"rawY":604,"clippedAbsX":0,"clippedAbsY":37.935743679894195,"clippedX":0,"clippedY":37.935743679894195,"requestedAppliedX":0,"requestedAppliedY":27.996578835761916,"appliedX":0,"appliedY":22,"actualX":0,"actualY":22,"sensitivity":0.738,"currentZoomForScroll":1.600977654185429,"maxScrollStepX":22,"maxScrollStepY":22,"diagonalEvents":0,"clippedEvents":1}
[DebugBridge +15336.6ms] wheel_scroll_motion {"eventCount":1,"rawAbsX":0,"rawAbsY":1544,"rawX":0,"rawY":1544,"clippedAbsX":0,"clippedAbsY":37.935743679894195,"clippedX":0,"clippedY":37.935743679894195,"requestedAppliedX":0,"requestedAppliedY":27.996578835761916,"appliedX":0,"appliedY":22,"actualX":0,"actualY":22,"sensitivity":0.738,"currentZoomForScroll":1.600977654185429,"maxScrollStepX":22,"maxScrollStepY":22,"diagonalEvents":0,"clippedEvents":1}
[DebugBridge +15340.6ms] wheel_scroll_motion {"eventCount":1,"rawAbsX":0,"rawAbsY":6,"rawX":0,"rawY":6,"clippedAbsX":0,"clippedAbsY":6,"clippedX":0,"clippedY":6,"requestedAppliedX":0,"requestedAppliedY":4.92,"appliedX":0,"appliedY":4.92,"actualX":0,"actualY":4.5,"sensitivity":0.82,"currentZoomForScroll":1.600977654185429,"maxScrollStepX":22,"maxScrollStepY":22,"diagonalEvents":0,"clippedEvents":0}
[DebugBridge +15413.9ms] wheel_scroll_motion {"eventCount":2,"rawAbsX":16,"rawAbsY":478,"rawX":16,"rawY":478,"clippedAbsX":16,"clippedAbsY":75.87148735978839,"clippedX":16,"clippedY":75.87148735978839,"requestedAppliedX":10.6272,"requestedAppliedY":53.193499787947644,"appliedX":10.6272,"appliedY":22,"actualX":10.5,"actualY":22,"sensitivity":0.738,"currentZoomForScroll":1.600977654185429,"maxScrollStepX":22,"maxScrollStepY":22,"diagonalEvents":1,"clippedEvents":2}
[DebugBridge +15417.5ms] wheel_scroll_motion {"eventCount":1,"rawAbsX":6,"rawAbsY":136,"rawX":-6,"rawY":136,"clippedAbsX":6,"clippedAbsY":37.935743679894195,"clippedX":-6,"clippedY":37.935743679894195,"requestedAppliedX":-3.9852,"requestedAppliedY":25.196920952185724,"appliedX":-3.9852,"appliedY":22,"actualX":-4,"actualY":22,"sensitivity":0.6642,"currentZoomForScroll":1.600977654185429,"maxScrollStepX":22,"maxScrollStepY":22,"diagonalEvents":1,"clippedEvents":1}
[DebugBridge +15438.8ms] wheel_scroll_motion {"eventCount":2,"rawAbsX":0,"rawAbsY":356,"rawX":0,"rawY":356,"clippedAbsX":0,"clippedAbsY":75.87148735978839,"clippedX":0,"clippedY":75.87148735978839,"requestedAppliedX":0,"requestedAppliedY":55.99315767152383,"appliedX":0,"appliedY":22,"actualX":0,"actualY":22,"sensitivity":0.738,"currentZoomForScroll":1.600977654185429,"maxScrollStepX":22,"maxScrollStepY":22,"diagonalEvents":0,"clippedEvents":2}
[DebugBridge +15442.4ms] wheel_scroll_motion {"eventCount":1,"rawAbsX":0,"rawAbsY":160,"rawX":0,"rawY":160,"clippedAbsX":0,"clippedAbsY":37.935743679894195,"clippedX":0,"clippedY":37.935743679894195,"requestedAppliedX":0,"requestedAppliedY":27.996578835761916,"appliedX":0,"appliedY":22,"actualX":0,"actualY":22,"sensitivity":0.738,"currentZoomForScroll":1.600977654185429,"maxScrollStepX":22,"maxScrollStepY":22,"diagonalEvents":0,"clippedEvents":1}
[DebugBridge +15552.9ms] wheel_scroll_motion {"eventCount":1,"rawAbsX":0,"rawAbsY":160,"rawX":0,"rawY":160,"clippedAbsX":0,"clippedAbsY":37.935743679894195,"clippedX":0,"clippedY":37.935743679894195,"requestedAppliedX":0,"requestedAppliedY":27.996578835761916,"appliedX":0,"appliedY":22,"actualX":0,"actualY":22,"sensitivity":0.738,"currentZoomForScroll":1.600977654185429,"maxScrollStepX":22,"maxScrollStepY":22,"diagonalEvents":0,"clippedEvents":1}
[DebugBridge +15558.9ms] wheel_scroll_motion {"eventCount":1,"rawAbsX":0,"rawAbsY":420,"rawX":0,"rawY":420,"clippedAbsX":0,"clippedAbsY":37.935743679894195,"clippedX":0,"clippedY":37.935743679894195,"requestedAppliedX":0,"requestedAppliedY":27.996578835761916,"appliedX":0,"appliedY":22,"actualX":0,"actualY":22,"sensitivity":0.738,"currentZoomForScroll":1.600977654185429,"maxScrollStepX":22,"maxScrollStepY":22,"diagonalEvents":0,"clippedEvents":1}
[DebugBridge +15567.5ms] wheel_scroll_motion {"eventCount":2,"rawAbsX":0,"rawAbsY":390,"rawX":0,"rawY":390,"clippedAbsX":0,"clippedAbsY":75.87148735978839,"clippedX":0,"clippedY":75.87148735978839,"requestedAppliedX":0,"requestedAppliedY":55.99315767152383,"appliedX":0,"appliedY":22,"actualX":0,"actualY":22,"sensitivity":0.738,"currentZoomForScroll":1.600977654185429,"maxScrollStepX":22,"maxScrollStepY":22,"diagonalEvents":0,"clippedEvents":2}
[DebugBridge +15612.5ms] wheel_scroll_motion {"eventCount":2,"rawAbsX":0,"rawAbsY":94,"rawX":0,"rawY":94,"clippedAbsX":0,"clippedAbsY":75.87148735978839,"clippedX":0,"clippedY":75.87148735978839,"requestedAppliedX":0,"requestedAppliedY":55.99315767152383,"appliedX":0,"appliedY":22,"actualX":0,"actualY":22,"sensitivity":0.738,"currentZoomForScroll":1.600977654185429,"maxScrollStepX":22,"maxScrollStepY":22,"diagonalEvents":0,"clippedEvents":2}
[DebugBridge +15618.4ms] wheel_scroll_motion {"eventCount":1,"rawAbsX":0,"rawAbsY":88,"rawX":0,"rawY":88,"clippedAbsX":0,"clippedAbsY":37.935743679894195,"clippedX":0,"clippedY":37.935743679894195,"requestedAppliedX":0,"requestedAppliedY":27.996578835761916,"appliedX":0,"appliedY":22,"actualX":0,"actualY":22,"sensitivity":0.738,"currentZoomForScroll":1.600977654185429,"maxScrollStepX":22,"maxScrollStepY":22,"diagonalEvents":0,"clippedEvents":1}
[DebugBridge +15670.4ms] wheel_scroll_motion {"eventCount":1,"rawAbsX":0,"rawAbsY":4,"rawX":0,"rawY":4,"clippedAbsX":0,"clippedAbsY":4,"clippedX":0,"clippedY":4,"requestedAppliedX":0,"requestedAppliedY":3.28,"appliedX":0,"appliedY":3.28,"actualX":0,"actualY":3,"sensitivity":0.82,"currentZoomForScroll":1.600977654185429,"maxScrollStepX":22,"maxScrollStepY":22,"diagonalEvents":0,"clippedEvents":0}
[DebugBridge +15674.9ms] wheel_scroll_motion {"eventCount":1,"rawAbsX":14,"rawAbsY":64,"rawX":-14,"rawY":64,"clippedAbsX":14,"clippedAbsY":37.935743679894195,"clippedX":-14,"clippedY":37.935743679894195,"requestedAppliedX":-9.2988,"requestedAppliedY":25.196920952185724,"appliedX":-9.2988,"appliedY":22,"actualX":-9.5,"actualY":22,"sensitivity":0.6642,"currentZoomForScroll":1.600977654185429,"maxScrollStepX":22,"maxScrollStepY":22,"diagonalEvents":1,"clippedEvents":1}
[DebugBridge +15685.1ms] wheel_scroll_motion {"eventCount":2,"rawAbsX":6,"rawAbsY":40,"rawX":-6,"rawY":40,"clippedAbsX":6,"clippedAbsY":40,"clippedX":-6,"clippedY":40,"requestedAppliedX":-4.428,"requestedAppliedY":29.52,"appliedX":-4.428,"appliedY":22,"actualX":-4.5,"actualY":22,"sensitivity":0.738,"currentZoomForScroll":1.600977654185429,"maxScrollStepX":22,"maxScrollStepY":22,"diagonalEvents":2,"clippedEvents":0}
[DebugBridge +15748.2ms] wheel_scroll_motion {"eventCount":2,"rawAbsX":6,"rawAbsY":52,"rawX":-6,"rawY":52,"clippedAbsX":6,"clippedAbsY":49.935743679894195,"clippedX":-6,"clippedY":49.935743679894195,"requestedAppliedX":-4.1328,"requestedAppliedY":34.05292095218572,"appliedX":-4.1328,"appliedY":22,"actualX":-4.5,"actualY":22,"sensitivity":0.6642,"currentZoomForScroll":1.600977654185429,"maxScrollStepX":22,"maxScrollStepY":22,"diagonalEvents":2,"clippedEvents":1}
[DebugBridge +15756.7ms] wheel_scroll_motion {"eventCount":1,"rawAbsX":60,"rawAbsY":628,"rawX":-60,"rawY":628,"clippedAbsX":37.935743679894195,"clippedAbsY":37.935743679894195,"clippedX":-37.935743679894195,"clippedY":37.935743679894195,"requestedAppliedX":-25.196920952185724,"requestedAppliedY":25.196920952185724,"appliedX":-22,"appliedY":22,"actualX":-22,"actualY":22,"sensitivity":0.6642,"currentZoomForScroll":1.600977654185429,"maxScrollStepX":22,"maxScrollStepY":22,"diagonalEvents":1,"clippedEvents":1}
[DebugBridge +15771.5ms] wheel_scroll_motion {"eventCount":2,"rawAbsX":0,"rawAbsY":300,"rawX":0,"rawY":300,"clippedAbsX":0,"clippedAbsY":75.87148735978839,"clippedX":0,"clippedY":75.87148735978839,"requestedAppliedX":0,"requestedAppliedY":55.99315767152383,"appliedX":0,"appliedY":22,"actualX":0,"actualY":22,"sensitivity":0.738,"currentZoomForScroll":1.600977654185429,"maxScrollStepX":22,"maxScrollStepY":22,"diagonalEvents":0,"clippedEvents":2}
[DebugBridge +15776.3ms] wheel_scroll_motion {"eventCount":1,"rawAbsX":0,"rawAbsY":152,"rawX":0,"rawY":152,"clippedAbsX":0,"clippedAbsY":37.935743679894195,"clippedX":0,"clippedY":37.935743679894195,"requestedAppliedX":0,"requestedAppliedY":27.996578835761916,"appliedX":0,"appliedY":22,"actualX":0,"actualY":22,"sensitivity":0.738,"currentZoomForScroll":1.600977654185429,"maxScrollStepX":22,"maxScrollStepY":22,"diagonalEvents":0,"clippedEvents":1}
[DebugBridge +15817.0ms] wheel_scroll_motion {"eventCount":2,"rawAbsX":0,"rawAbsY":698,"rawX":0,"rawY":698,"clippedAbsX":0,"clippedAbsY":75.87148735978839,"clippedX":0,"clippedY":75.87148735978839,"requestedAppliedX":0,"requestedAppliedY":55.99315767152383,"appliedX":0,"appliedY":22,"actualX":0,"actualY":22,"sensitivity":0.738,"currentZoomForScroll":1.600977654185429,"maxScrollStepX":22,"maxScrollStepY":22,"diagonalEvents":0,"clippedEvents":2}
[DebugBridge +15824.8ms] wheel_scroll_motion {"eventCount":1,"rawAbsX":0,"rawAbsY":124,"rawX":0,"rawY":124,"clippedAbsX":0,"clippedAbsY":37.935743679894195,"clippedX":0,"clippedY":37.935743679894195,"requestedAppliedX":0,"requestedAppliedY":27.996578835761916,"appliedX":0,"appliedY":22,"actualX":0,"actualY":22,"sensitivity":0.738,"currentZoomForScroll":1.600977654185429,"maxScrollStepX":22,"maxScrollStepY":22,"diagonalEvents":0,"clippedEvents":1}
[DebugBridge +15842.5ms] wheel_scroll_motion {"eventCount":1,"rawAbsX":0,"rawAbsY":122,"rawX":0,"rawY":122,"clippedAbsX":0,"clippedAbsY":37.935743679894195,"clippedX":0,"clippedY":37.935743679894195,"requestedAppliedX":0,"requestedAppliedY":27.996578835761916,"appliedX":0,"appliedY":22,"actualX":0,"actualY":22,"sensitivity":0.738,"currentZoomForScroll":1.600977654185429,"maxScrollStepX":22,"maxScrollStepY":22,"diagonalEvents":0,"clippedEvents":1}
[DebugBridge +15849.7ms] wheel_scroll_motion {"eventCount":1,"rawAbsX":0,"rawAbsY":120,"rawX":0,"rawY":120,"clippedAbsX":0,"clippedAbsY":37.935743679894195,"clippedX":0,"clippedY":37.935743679894195,"requestedAppliedX":0,"requestedAppliedY":27.996578835761916,"appliedX":0,"appliedY":22,"actualX":0,"actualY":22,"sensitivity":0.738,"currentZoomForScroll":1.600977654185429,"maxScrollStepX":22,"maxScrollStepY":22,"diagonalEvents":0,"clippedEvents":1}
[DebugBridge +15859.4ms] wheel_scroll_motion {"eventCount":1,"rawAbsX":0,"rawAbsY":118,"rawX":0,"rawY":118,"clippedAbsX":0,"clippedAbsY":37.935743679894195,"clippedX":0,"clippedY":37.935743679894195,"requestedAppliedX":0,"requestedAppliedY":27.996578835761916,"appliedX":0,"appliedY":22,"actualX":0,"actualY":22,"sensitivity":0.738,"currentZoomForScroll":1.600977654185429,"maxScrollStepX":22,"maxScrollStepY":22,"diagonalEvents":0,"clippedEvents":1}
[DebugBridge +15867.1ms] wheel_scroll_motion {"eventCount":1,"rawAbsX":0,"rawAbsY":116,"rawX":0,"rawY":116,"clippedAbsX":0,"clippedAbsY":37.935743679894195,"clippedX":0,"clippedY":37.935743679894195,"requestedAppliedX":0,"requestedAppliedY":27.996578835761916,"appliedX":0,"appliedY":22,"actualX":0,"actualY":22,"sensitivity":0.738,"currentZoomForScroll":1.600977654185429,"maxScrollStepX":22,"maxScrollStepY":22,"diagonalEvents":0,"clippedEvents":1}
[DebugBridge +15874.6ms] wheel_scroll_motion {"eventCount":1,"rawAbsX":0,"rawAbsY":114,"rawX":0,"rawY":114,"clippedAbsX":0,"clippedAbsY":37.935743679894195,"clippedX":0,"clippedY":37.935743679894195,"requestedAppliedX":0,"requestedAppliedY":27.996578835761916,"appliedX":0,"appliedY":22,"actualX":0,"actualY":22,"sensitivity":0.738,"currentZoomForScroll":1.600977654185429,"maxScrollStepX":22,"maxScrollStepY":22,"diagonalEvents":0,"clippedEvents":1}
[DebugBridge +15883.8ms] wheel_scroll_motion {"eventCount":1,"rawAbsX":0,"rawAbsY":114,"rawX":0,"rawY":114,"clippedAbsX":0,"clippedAbsY":37.935743679894195,"clippedX":0,"clippedY":37.935743679894195,"requestedAppliedX":0,"requestedAppliedY":27.996578835761916,"appliedX":0,"appliedY":22,"actualX":0,"actualY":22,"sensitivity":0.738,"currentZoomForScroll":1.600977654185429,"maxScrollStepX":22,"maxScrollStepY":22,"diagonalEvents":0,"clippedEvents":1}
[DebugBridge +15892.9ms] wheel_scroll_motion {"eventCount":1,"rawAbsX":0,"rawAbsY":108,"rawX":0,"rawY":108,"clippedAbsX":0,"clippedAbsY":37.935743679894195,"clippedX":0,"clippedY":37.935743679894195,"requestedAppliedX":0,"requestedAppliedY":27.996578835761916,"appliedX":0,"appliedY":22,"actualX":0,"actualY":22,"sensitivity":0.738,"currentZoomForScroll":1.600977654185429,"maxScrollStepX":22,"maxScrollStepY":22,"diagonalEvents":0,"clippedEvents":1}
[DebugBridge +15901.3ms] wheel_scroll_motion {"eventCount":1,"rawAbsX":0,"rawAbsY":106,"rawX":0,"rawY":106,"clippedAbsX":0,"clippedAbsY":37.935743679894195,"clippedX":0,"clippedY":37.935743679894195,"requestedAppliedX":0,"requestedAppliedY":27.996578835761916,"appliedX":0,"appliedY":22,"actualX":0,"actualY":22,"sensitivity":0.738,"currentZoomForScroll":1.600977654185429,"maxScrollStepX":22,"maxScrollStepY":22,"diagonalEvents":0,"clippedEvents":1}
[DebugBridge +16089.2ms] wheel_scroll_motion {"eventCount":1,"rawAbsX":0,"rawAbsY":104,"rawX":0,"rawY":104,"clippedAbsX":0,"clippedAbsY":37.935743679894195,"clippedX":0,"clippedY":37.935743679894195,"requestedAppliedX":0,"requestedAppliedY":27.996578835761916,"appliedX":0,"appliedY":22,"actualX":0,"actualY":22,"sensitivity":0.738,"currentZoomForScroll":1.600977654185429,"maxScrollStepX":22,"maxScrollStepY":22,"diagonalEvents":0,"clippedEvents":1}
[DebugBridge +16103.1ms] wheel_scroll_motion {"eventCount":1,"rawAbsX":0,"rawAbsY":1278,"rawX":0,"rawY":1278,"clippedAbsX":0,"clippedAbsY":37.935743679894195,"clippedX":0,"clippedY":37.935743679894195,"requestedAppliedX":0,"requestedAppliedY":27.996578835761916,"appliedX":0,"appliedY":22,"actualX":0,"actualY":22,"sensitivity":0.738,"currentZoomForScroll":1.600977654185429,"maxScrollStepX":22,"maxScrollStepY":22,"diagonalEvents":0,"clippedEvents":1}
[DebugBridge +16109.1ms] wheel_scroll_motion {"eventCount":1,"rawAbsX":2,"rawAbsY":0,"rawX":-2,"rawY":0,"clippedAbsX":2,"clippedAbsY":0,"clippedX":-2,"clippedY":0,"requestedAppliedX":-1.64,"requestedAppliedY":0,"appliedX":-1.64,"appliedY":0,"actualX":-2,"actualY":0,"sensitivity":0.82,"currentZoomForScroll":1.600977654185429,"maxScrollStepX":22,"maxScrollStepY":22,"diagonalEvents":0,"clippedEvents":0}
[DebugBridge +16124.2ms] wheel_scroll_motion {"eventCount":3,"rawAbsX":274,"rawAbsY":66,"rawX":-274,"rawY":66,"clippedAbsX":81.87148735978839,"clippedAbsY":49.935743679894195,"clippedX":-81.87148735978839,"clippedY":49.935743679894195,"requestedAppliedX":-54.82184190437145,"requestedAppliedY":33.31492095218572,"appliedX":-22,"appliedY":22,"actualX":-22,"actualY":22,"sensitivity":0.6642,"currentZoomForScroll":1.600977654185429,"maxScrollStepX":22,"maxScrollStepY":22,"diagonalEvents":3,"clippedEvents":2}
[DebugBridge +16129.1ms] wheel_scroll_motion {"eventCount":1,"rawAbsX":36,"rawAbsY":6,"rawX":-36,"rawY":6,"clippedAbsX":36,"clippedAbsY":6,"clippedX":-36,"clippedY":6,"requestedAppliedX":-26.567999999999998,"requestedAppliedY":4.428,"appliedX":-22,"appliedY":4.428,"actualX":-22,"actualY":4,"sensitivity":0.738,"currentZoomForScroll":1.600977654185429,"maxScrollStepX":22,"maxScrollStepY":22,"diagonalEvents":1,"clippedEvents":0}
[DebugBridge +16214.7ms] wheel_scroll_motion {"eventCount":2,"rawAbsX":124,"rawAbsY":22,"rawX":-124,"rawY":22,"clippedAbsX":69.93574367989419,"clippedAbsY":22,"clippedX":-69.93574367989419,"clippedY":22,"requestedAppliedX":-48.81292095218572,"requestedAppliedY":15.0552,"appliedX":-22,"appliedY":15.0552,"actualX":-22,"actualY":15,"sensitivity":0.6642,"currentZoomForScroll":1.600977654185429,"maxScrollStepX":22,"maxScrollStepY":22,"diagonalEvents":2,"clippedEvents":1}
[DebugBridge +16218.5ms] wheel_scroll_motion {"eventCount":1,"rawAbsX":224,"rawAbsY":44,"rawX":-224,"rawY":44,"clippedAbsX":37.935743679894195,"clippedAbsY":37.935743679894195,"clippedX":-37.935743679894195,"clippedY":37.935743679894195,"requestedAppliedX":-25.196920952185724,"requestedAppliedY":25.196920952185724,"appliedX":-22,"appliedY":22,"actualX":-22,"actualY":22,"sensitivity":0.6642,"currentZoomForScroll":1.600977654185429,"maxScrollStepX":22,"maxScrollStepY":22,"diagonalEvents":1,"clippedEvents":1}
[DebugBridge +16309.2ms] wheel_scroll_motion {"eventCount":2,"rawAbsX":694,"rawAbsY":0,"rawX":-694,"rawY":0,"clippedAbsX":75.87148735978839,"clippedAbsY":0,"clippedX":-75.87148735978839,"clippedY":0,"requestedAppliedX":-55.99315767152383,"requestedAppliedY":0,"appliedX":-22,"appliedY":0,"actualX":-22,"actualY":0,"sensitivity":0.738,"currentZoomForScroll":1.600977654185429,"maxScrollStepX":22,"maxScrollStepY":22,"diagonalEvents":0,"clippedEvents":2}
[DebugBridge +16312.6ms] wheel_scroll_motion {"eventCount":1,"rawAbsX":1006,"rawAbsY":0,"rawX":-1006,"rawY":0,"clippedAbsX":37.935743679894195,"clippedAbsY":0,"clippedX":-37.935743679894195,"clippedY":0,"requestedAppliedX":-27.996578835761916,"requestedAppliedY":0,"appliedX":-22,"appliedY":0,"actualX":-22,"actualY":0,"sensitivity":0.738,"currentZoomForScroll":1.600977654185429,"maxScrollStepX":22,"maxScrollStepY":22,"diagonalEvents":0,"clippedEvents":1}
[DebugBridge +16414.4ms] wheel_scroll_motion {"eventCount":2,"rawAbsX":176,"rawAbsY":0,"rawX":-176,"rawY":0,"clippedAbsX":75.87148735978839,"clippedAbsY":0,"clippedX":-75.87148735978839,"clippedY":0,"requestedAppliedX":-55.99315767152383,"requestedAppliedY":0,"appliedX":-22,"appliedY":0,"actualX":-22,"actualY":0,"sensitivity":0.738,"currentZoomForScroll":1.600977654185429,"maxScrollStepX":22,"maxScrollStepY":22,"diagonalEvents":0,"clippedEvents":2}
[DebugBridge +16418.4ms] wheel_scroll_motion {"eventCount":1,"rawAbsX":786,"rawAbsY":0,"rawX":-786,"rawY":0,"clippedAbsX":37.935743679894195,"clippedAbsY":0,"clippedX":-37.935743679894195,"clippedY":0,"requestedAppliedX":-27.996578835761916,"requestedAppliedY":0,"appliedX":-22,"appliedY":0,"actualX":-22,"actualY":0,"sensitivity":0.738,"currentZoomForScroll":1.600977654185429,"maxScrollStepX":22,"maxScrollStepY":22,"diagonalEvents":0,"clippedEvents":1}
[DebugBridge +16430.3ms] wheel_scroll_motion {"eventCount":2,"rawAbsX":114,"rawAbsY":0,"rawX":-114,"rawY":0,"clippedAbsX":75.87148735978839,"clippedAbsY":0,"clippedX":-75.87148735978839,"clippedY":0,"requestedAppliedX":-55.99315767152383,"requestedAppliedY":0,"appliedX":-22,"appliedY":0,"actualX":-22,"actualY":0,"sensitivity":0.738,"currentZoomForScroll":1.600977654185429,"maxScrollStepX":22,"maxScrollStepY":22,"diagonalEvents":0,"clippedEvents":2}
[DebugBridge +16440.6ms] wheel_scroll_motion {"eventCount":1,"rawAbsX":54,"rawAbsY":0,"rawX":-54,"rawY":0,"clippedAbsX":37.935743679894195,"clippedAbsY":0,"clippedX":-37.935743679894195,"clippedY":0,"requestedAppliedX":-27.996578835761916,"requestedAppliedY":0,"appliedX":-22,"appliedY":0,"actualX":-22,"actualY":0,"sensitivity":0.738,"currentZoomForScroll":1.600977654185429,"maxScrollStepX":22,"maxScrollStepY":22,"diagonalEvents":0,"clippedEvents":1}
[DebugBridge +16450.9ms] wheel_scroll_motion {"eventCount":1,"rawAbsX":52,"rawAbsY":0,"rawX":-52,"rawY":0,"clippedAbsX":37.935743679894195,"clippedAbsY":0,"clippedX":-37.935743679894195,"clippedY":0,"requestedAppliedX":-27.996578835761916,"requestedAppliedY":0,"appliedX":-22,"appliedY":0,"actualX":-22,"actualY":0,"sensitivity":0.738,"currentZoomForScroll":1.600977654185429,"maxScrollStepX":22,"maxScrollStepY":22,"diagonalEvents":0,"clippedEvents":1}
[DebugBridge +16459.7ms] wheel_scroll_motion {"eventCount":1,"rawAbsX":50,"rawAbsY":0,"rawX":-50,"rawY":0,"clippedAbsX":37.935743679894195,"clippedAbsY":0,"clippedX":-37.935743679894195,"clippedY":0,"requestedAppliedX":-27.996578835761916,"requestedAppliedY":0,"appliedX":-22,"appliedY":0,"actualX":-22,"actualY":0,"sensitivity":0.738,"currentZoomForScroll":1.600977654185429,"maxScrollStepX":22,"maxScrollStepY":22,"diagonalEvents":0,"clippedEvents":1}
[DebugBridge +16467.8ms] wheel_scroll_motion {"eventCount":1,"rawAbsX":48,"rawAbsY":0,"rawX":-48,"rawY":0,"clippedAbsX":37.935743679894195,"clippedAbsY":0,"clippedX":-37.935743679894195,"clippedY":0,"requestedAppliedX":-27.996578835761916,"requestedAppliedY":0,"appliedX":-22,"appliedY":0,"actualX":-22,"actualY":0,"sensitivity":0.738,"currentZoomForScroll":1.600977654185429,"maxScrollStepX":22,"maxScrollStepY":22,"diagonalEvents":0,"clippedEvents":1}
[DebugBridge +16563.5ms] wheel_scroll_motion {"eventCount":1,"rawAbsX":46,"rawAbsY":0,"rawX":-46,"rawY":0,"clippedAbsX":37.935743679894195,"clippedAbsY":0,"clippedX":-37.935743679894195,"clippedY":0,"requestedAppliedX":-27.996578835761916,"requestedAppliedY":0,"appliedX":-22,"appliedY":0,"actualX":-22,"actualY":0,"sensitivity":0.738,"currentZoomForScroll":1.600977654185429,"maxScrollStepX":22,"maxScrollStepY":22,"diagonalEvents":0,"clippedEvents":1}
[DebugBridge +16567.4ms] wheel_scroll_motion {"eventCount":1,"rawAbsX":10,"rawAbsY":2,"rawX":-10,"rawY":2,"clippedAbsX":10,"clippedAbsY":2,"clippedX":-10,"clippedY":2,"requestedAppliedX":-7.38,"requestedAppliedY":1.476,"appliedX":-7.38,"appliedY":1.476,"actualX":-7.5,"actualY":1,"sensitivity":0.738,"currentZoomForScroll":1.600977654185429,"maxScrollStepX":22,"maxScrollStepY":22,"diagonalEvents":1,"clippedEvents":0}
[DebugBridge +16576.1ms] wheel_scroll_motion {"eventCount":2,"rawAbsX":388,"rawAbsY":78,"rawX":-388,"rawY":78,"clippedAbsX":55.935743679894195,"clippedAbsY":39.935743679894195,"clippedX":-55.935743679894195,"clippedY":39.935743679894195,"requestedAppliedX":-38.48092095218573,"requestedAppliedY":26.672920952185724,"appliedX":-22,"appliedY":22,"actualX":-22,"actualY":22,"sensitivity":0.738,"currentZoomForScroll":1.600977654185429,"maxScrollStepX":22,"maxScrollStepY":22,"diagonalEvents":2,"clippedEvents":1}
[DebugBridge +16584.2ms] wheel_scroll_motion {"eventCount":2,"rawAbsX":72,"rawAbsY":10,"rawX":-72,"rawY":10,"clippedAbsX":59.935743679894195,"clippedAbsY":10,"clippedX":-59.935743679894195,"clippedY":10,"requestedAppliedX":-41.432920952185725,"requestedAppliedY":6.9372,"appliedX":-22,"appliedY":6.9372,"actualX":-22,"actualY":6.5,"sensitivity":0.738,"currentZoomForScroll":1.600977654185429,"maxScrollStepX":22,"maxScrollStepY":22,"diagonalEvents":2,"clippedEvents":1}
[DebugBridge +16592.8ms] wheel_scroll_motion {"eventCount":2,"rawAbsX":58,"rawAbsY":10,"rawX":-58,"rawY":10,"clippedAbsX":53.935743679894195,"clippedAbsY":10,"clippedX":-53.935743679894195,"clippedY":10,"requestedAppliedX":-37.00492095218573,"requestedAppliedY":6.9372,"appliedX":-22,"appliedY":6.9372,"actualX":-22,"actualY":6.5,"sensitivity":0.738,"currentZoomForScroll":1.600977654185429,"maxScrollStepX":22,"maxScrollStepY":22,"diagonalEvents":2,"clippedEvents":1}
[DebugBridge +16601.5ms] wheel_scroll_motion {"eventCount":2,"rawAbsX":46,"rawAbsY":8,"rawX":-46,"rawY":8,"clippedAbsX":46,"clippedAbsY":8,"clippedX":-46,"clippedY":8,"requestedAppliedX":-33.948,"requestedAppliedY":5.904,"appliedX":-22,"appliedY":5.904,"actualX":-22,"actualY":5.5,"sensitivity":0.738,"currentZoomForScroll":1.600977654185429,"maxScrollStepX":22,"maxScrollStepY":22,"diagonalEvents":2,"clippedEvents":0}
[DebugBridge +16607.4ms] wheel_scroll_motion {"eventCount":2,"rawAbsX":152,"rawAbsY":0,"rawX":-152,"rawY":0,"clippedAbsX":75.87148735978839,"clippedAbsY":0,"clippedX":-75.87148735978839,"clippedY":0,"requestedAppliedX":-55.99315767152383,"requestedAppliedY":0,"appliedX":-22,"appliedY":0,"actualX":-22,"actualY":0,"sensitivity":0.738,"currentZoomForScroll":1.600977654185429,"maxScrollStepX":22,"maxScrollStepY":22,"diagonalEvents":0,"clippedEvents":2}
[DebugBridge +16616.3ms] wheel_scroll_motion {"eventCount":1,"rawAbsX":118,"rawAbsY":0,"rawX":-118,"rawY":0,"clippedAbsX":37.935743679894195,"clippedAbsY":0,"clippedX":-37.935743679894195,"clippedY":0,"requestedAppliedX":-27.996578835761916,"requestedAppliedY":0,"appliedX":-22,"appliedY":0,"actualX":-22,"actualY":0,"sensitivity":0.738,"currentZoomForScroll":1.600977654185429,"maxScrollStepX":22,"maxScrollStepY":22,"diagonalEvents":0,"clippedEvents":1}
[DebugBridge +16624.4ms] wheel_scroll_motion {"eventCount":1,"rawAbsX":120,"rawAbsY":0,"rawX":-120,"rawY":0,"clippedAbsX":37.935743679894195,"clippedAbsY":0,"clippedX":-37.935743679894195,"clippedY":0,"requestedAppliedX":-27.996578835761916,"requestedAppliedY":0,"appliedX":-22,"appliedY":0,"actualX":-22,"actualY":0,"sensitivity":0.738,"currentZoomForScroll":1.600977654185429,"maxScrollStepX":22,"maxScrollStepY":22,"diagonalEvents":0,"clippedEvents":1}
[DebugBridge +16634.7ms] wheel_scroll_motion {"eventCount":1,"rawAbsX":120,"rawAbsY":0,"rawX":-120,"rawY":0,"clippedAbsX":37.935743679894195,"clippedAbsY":0,"clippedX":-37.935743679894195,"clippedY":0,"requestedAppliedX":-27.996578835761916,"requestedAppliedY":0,"appliedX":-22,"appliedY":0,"actualX":-22,"actualY":0,"sensitivity":0.738,"currentZoomForScroll":1.600977654185429,"maxScrollStepX":22,"maxScrollStepY":22,"diagonalEvents":0,"clippedEvents":1}
[DebugBridge +16642.2ms] wheel_scroll_motion {"eventCount":1,"rawAbsX":118,"rawAbsY":0,"rawX":-118,"rawY":0,"clippedAbsX":37.935743679894195,"clippedAbsY":0,"clippedX":-37.935743679894195,"clippedY":0,"requestedAppliedX":-27.996578835761916,"requestedAppliedY":0,"appliedX":-22,"appliedY":0,"actualX":-22,"actualY":0,"sensitivity":0.738,"currentZoomForScroll":1.600977654185429,"maxScrollStepX":22,"maxScrollStepY":22,"diagonalEvents":0,"clippedEvents":1}
[DebugBridge +16650.6ms] wheel_scroll_motion {"eventCount":1,"rawAbsX":116,"rawAbsY":0,"rawX":-116,"rawY":0,"clippedAbsX":37.935743679894195,"clippedAbsY":0,"clippedX":-37.935743679894195,"clippedY":0,"requestedAppliedX":-27.996578835761916,"requestedAppliedY":0,"appliedX":-22,"appliedY":0,"actualX":-22,"actualY":0,"sensitivity":0.738,"currentZoomForScroll":1.600977654185429,"maxScrollStepX":22,"maxScrollStepY":22,"diagonalEvents":0,"clippedEvents":1}
[DebugBridge +16657.9ms] wheel_scroll_motion {"eventCount":1,"rawAbsX":112,"rawAbsY":0,"rawX":-112,"rawY":0,"clippedAbsX":37.935743679894195,"clippedAbsY":0,"clippedX":-37.935743679894195,"clippedY":0,"requestedAppliedX":-27.996578835761916,"requestedAppliedY":0,"appliedX":-22,"appliedY":0,"actualX":-22,"actualY":0,"sensitivity":0.738,"currentZoomForScroll":1.600977654185429,"maxScrollStepX":22,"maxScrollStepY":22,"diagonalEvents":0,"clippedEvents":1}
[DebugBridge +16668.3ms] wheel_scroll_motion {"eventCount":1,"rawAbsX":108,"rawAbsY":0,"rawX":-108,"rawY":0,"clippedAbsX":37.935743679894195,"clippedAbsY":0,"clippedX":-37.935743679894195,"clippedY":0,"requestedAppliedX":-27.996578835761916,"requestedAppliedY":0,"appliedX":-22,"appliedY":0,"actualX":-22,"actualY":0,"sensitivity":0.738,"currentZoomForScroll":1.600977654185429,"maxScrollStepX":22,"maxScrollStepY":22,"diagonalEvents":0,"clippedEvents":1}
[DebugBridge +16675.9ms] wheel_scroll_motion {"eventCount":1,"rawAbsX":106,"rawAbsY":0,"rawX":-106,"rawY":0,"clippedAbsX":37.935743679894195,"clippedAbsY":0,"clippedX":-37.935743679894195,"clippedY":0,"requestedAppliedX":-27.996578835761916,"requestedAppliedY":0,"appliedX":-22,"appliedY":0,"actualX":-22,"actualY":0,"sensitivity":0.738,"currentZoomForScroll":1.600977654185429,"maxScrollStepX":22,"maxScrollStepY":22,"diagonalEvents":0,"clippedEvents":1}
[DebugBridge +16684.4ms] wheel_scroll_motion {"eventCount":1,"rawAbsX":104,"rawAbsY":0,"rawX":-104,"rawY":0,"clippedAbsX":37.935743679894195,"clippedAbsY":0,"clippedX":-37.935743679894195,"clippedY":0,"requestedAppliedX":-27.996578835761916,"requestedAppliedY":0,"appliedX":-22,"appliedY":0,"actualX":-22,"actualY":0,"sensitivity":0.738,"currentZoomForScroll":1.600977654185429,"maxScrollStepX":22,"maxScrollStepY":22,"diagonalEvents":0,"clippedEvents":1}
[DebugBridge +16692.9ms] wheel_scroll_motion {"eventCount":1,"rawAbsX":104,"rawAbsY":0,"rawX":-104,"rawY":0,"clippedAbsX":37.935743679894195,"clippedAbsY":0,"clippedX":-37.935743679894195,"clippedY":0,"requestedAppliedX":-27.996578835761916,"requestedAppliedY":0,"appliedX":-22,"appliedY":0,"actualX":-22,"actualY":0,"sensitivity":0.738,"currentZoomForScroll":1.600977654185429,"maxScrollStepX":22,"maxScrollStepY":22,"diagonalEvents":0,"clippedEvents":1}
[DebugBridge +16701.7ms] wheel_scroll_motion {"eventCount":1,"rawAbsX":98,"rawAbsY":0,"rawX":-98,"rawY":0,"clippedAbsX":37.935743679894195,"clippedAbsY":0,"clippedX":-37.935743679894195,"clippedY":0,"requestedAppliedX":-27.996578835761916,"requestedAppliedY":0,"appliedX":-22,"appliedY":0,"actualX":-22,"actualY":0,"sensitivity":0.738,"currentZoomForScroll":1.600977654185429,"maxScrollStepX":22,"maxScrollStepY":22,"diagonalEvents":0,"clippedEvents":1}
[DebugBridge +16710.7ms] wheel_scroll_motion {"eventCount":1,"rawAbsX":98,"rawAbsY":0,"rawX":-98,"rawY":0,"clippedAbsX":37.935743679894195,"clippedAbsY":0,"clippedX":-37.935743679894195,"clippedY":0,"requestedAppliedX":-27.996578835761916,"requestedAppliedY":0,"appliedX":-22,"appliedY":0,"actualX":-22,"actualY":0,"sensitivity":0.738,"currentZoomForScroll":1.600977654185429,"maxScrollStepX":22,"maxScrollStepY":22,"diagonalEvents":0,"clippedEvents":1}
[DebugBridge +16718.0ms] wheel_scroll_motion {"eventCount":1,"rawAbsX":94,"rawAbsY":0,"rawX":-94,"rawY":0,"clippedAbsX":37.935743679894195,"clippedAbsY":0,"clippedX":-37.935743679894195,"clippedY":0,"requestedAppliedX":-27.996578835761916,"requestedAppliedY":0,"appliedX":-22,"appliedY":0,"actualX":-22,"actualY":0,"sensitivity":0.738,"currentZoomForScroll":1.600977654185429,"maxScrollStepX":22,"maxScrollStepY":22,"diagonalEvents":0,"clippedEvents":1}
[DebugBridge +16725.4ms] wheel_scroll_motion {"eventCount":1,"rawAbsX":92,"rawAbsY":0,"rawX":-92,"rawY":0,"clippedAbsX":37.935743679894195,"clippedAbsY":0,"clippedX":-37.935743679894195,"clippedY":0,"requestedAppliedX":-27.996578835761916,"requestedAppliedY":0,"appliedX":-22,"appliedY":0,"actualX":-22,"actualY":0,"sensitivity":0.738,"currentZoomForScroll":1.600977654185429,"maxScrollStepX":22,"maxScrollStepY":22,"diagonalEvents":0,"clippedEvents":1}
[DebugBridge +16733.8ms] wheel_scroll_motion {"eventCount":1,"rawAbsX":90,"rawAbsY":0,"rawX":-90,"rawY":0,"clippedAbsX":37.935743679894195,"clippedAbsY":0,"clippedX":-37.935743679894195,"clippedY":0,"requestedAppliedX":-27.996578835761916,"requestedAppliedY":0,"appliedX":-22,"appliedY":0,"actualX":-22,"actualY":0,"sensitivity":0.738,"currentZoomForScroll":1.600977654185429,"maxScrollStepX":22,"maxScrollStepY":22,"diagonalEvents":0,"clippedEvents":1}
[DebugBridge +16741.3ms] wheel_scroll_motion {"eventCount":1,"rawAbsX":90,"rawAbsY":0,"rawX":-90,"rawY":0,"clippedAbsX":37.935743679894195,"clippedAbsY":0,"clippedX":-37.935743679894195,"clippedY":0,"requestedAppliedX":-27.996578835761916,"requestedAppliedY":0,"appliedX":-22,"appliedY":0,"actualX":-22,"actualY":0,"sensitivity":0.738,"currentZoomForScroll":1.600977654185429,"maxScrollStepX":22,"maxScrollStepY":22,"diagonalEvents":0,"clippedEvents":1}
[DebugBridge +16749.4ms] wheel_scroll_motion {"eventCount":1,"rawAbsX":86,"rawAbsY":0,"rawX":-86,"rawY":0,"clippedAbsX":37.935743679894195,"clippedAbsY":0,"clippedX":-37.935743679894195,"clippedY":0,"requestedAppliedX":-27.996578835761916,"requestedAppliedY":0,"appliedX":-22,"appliedY":0,"actualX":-22,"actualY":0,"sensitivity":0.738,"currentZoomForScroll":1.600977654185429,"maxScrollStepX":22,"maxScrollStepY":22,"diagonalEvents":0,"clippedEvents":1}
[DebugBridge +16759.9ms] wheel_scroll_motion {"eventCount":1,"rawAbsX":82,"rawAbsY":0,"rawX":-82,"rawY":0,"clippedAbsX":37.935743679894195,"clippedAbsY":0,"clippedX":-37.935743679894195,"clippedY":0,"requestedAppliedX":-27.996578835761916,"requestedAppliedY":0,"appliedX":-22,"appliedY":0,"actualX":-22,"actualY":0,"sensitivity":0.738,"currentZoomForScroll":1.600977654185429,"maxScrollStepX":22,"maxScrollStepY":22,"diagonalEvents":0,"clippedEvents":1}
[DebugBridge +16800.0ms] wheel_scroll_motion {"eventCount":1,"rawAbsX":380,"rawAbsY":0,"rawX":-380,"rawY":0,"clippedAbsX":37.935743679894195,"clippedAbsY":0,"clippedX":-37.935743679894195,"clippedY":0,"requestedAppliedX":-27.996578835761916,"requestedAppliedY":0,"appliedX":-22,"appliedY":0,"actualX":-22,"actualY":0,"sensitivity":0.738,"currentZoomForScroll":1.600977654185429,"maxScrollStepX":22,"maxScrollStepY":22,"diagonalEvents":0,"clippedEvents":1}
[DebugBridge +16808.9ms] wheel_scroll_motion {"eventCount":1,"rawAbsX":68,"rawAbsY":0,"rawX":-68,"rawY":0,"clippedAbsX":37.935743679894195,"clippedAbsY":0,"clippedX":-37.935743679894195,"clippedY":0,"requestedAppliedX":-27.996578835761916,"requestedAppliedY":0,"appliedX":-22,"appliedY":0,"actualX":-22,"actualY":0,"sensitivity":0.738,"currentZoomForScroll":1.600977654185429,"maxScrollStepX":22,"maxScrollStepY":22,"diagonalEvents":0,"clippedEvents":1}
[DebugBridge +16815.8ms] wheel_scroll_motion {"eventCount":1,"rawAbsX":68,"rawAbsY":0,"rawX":-68,"rawY":0,"clippedAbsX":37.935743679894195,"clippedAbsY":0,"clippedX":-37.935743679894195,"clippedY":0,"requestedAppliedX":-27.996578835761916,"requestedAppliedY":0,"appliedX":-22,"appliedY":0,"actualX":-19,"actualY":0,"sensitivity":0.738,"currentZoomForScroll":1.600977654185429,"maxScrollStepX":22,"maxScrollStepY":22,"diagonalEvents":0,"clippedEvents":1}
[DebugBridge +16826.7ms] wheel_scroll_motion {"eventCount":1,"rawAbsX":64,"rawAbsY":0,"rawX":-64,"rawY":0,"clippedAbsX":37.935743679894195,"clippedAbsY":0,"clippedX":-37.935743679894195,"clippedY":0,"requestedAppliedX":-27.996578835761916,"requestedAppliedY":0,"appliedX":-22,"appliedY":0,"actualX":0,"actualY":0,"sensitivity":0.738,"currentZoomForScroll":1.600977654185429,"maxScrollStepX":22,"maxScrollStepY":22,"diagonalEvents":0,"clippedEvents":1}
[DebugBridge +16832.8ms] wheel_scroll_motion {"eventCount":1,"rawAbsX":64,"rawAbsY":0,"rawX":-64,"rawY":0,"clippedAbsX":37.935743679894195,"clippedAbsY":0,"clippedX":-37.935743679894195,"clippedY":0,"requestedAppliedX":-27.996578835761916,"requestedAppliedY":0,"appliedX":-22,"appliedY":0,"actualX":0,"actualY":0,"sensitivity":0.738,"currentZoomForScroll":1.600977654185429,"maxScrollStepX":22,"maxScrollStepY":22,"diagonalEvents":0,"clippedEvents":1}
[DebugBridge +16840.9ms] wheel_scroll_motion {"eventCount":1,"rawAbsX":60,"rawAbsY":0,"rawX":-60,"rawY":0,"clippedAbsX":37.935743679894195,"clippedAbsY":0,"clippedX":-37.935743679894195,"clippedY":0,"requestedAppliedX":-27.996578835761916,"requestedAppliedY":0,"appliedX":-22,"appliedY":0,"actualX":0,"actualY":0,"sensitivity":0.738,"currentZoomForScroll":1.600977654185429,"maxScrollStepX":22,"maxScrollStepY":22,"diagonalEvents":0,"clippedEvents":1}
[DebugBridge +16850.4ms] wheel_scroll_motion {"eventCount":1,"rawAbsX":58,"rawAbsY":0,"rawX":-58,"rawY":0,"clippedAbsX":37.935743679894195,"clippedAbsY":0,"clippedX":-37.935743679894195,"clippedY":0,"requestedAppliedX":-27.996578835761916,"requestedAppliedY":0,"appliedX":-22,"appliedY":0,"actualX":0,"actualY":0,"sensitivity":0.738,"currentZoomForScroll":1.600977654185429,"maxScrollStepX":22,"maxScrollStepY":22,"diagonalEvents":0,"clippedEvents":1}
[DebugBridge +16857.2ms] wheel_scroll_motion {"eventCount":1,"rawAbsX":56,"rawAbsY":0,"rawX":-56,"rawY":0,"clippedAbsX":37.935743679894195,"clippedAbsY":0,"clippedX":-37.935743679894195,"clippedY":0,"requestedAppliedX":-27.996578835761916,"requestedAppliedY":0,"appliedX":-22,"appliedY":0,"actualX":0,"actualY":0,"sensitivity":0.738,"currentZoomForScroll":1.600977654185429,"maxScrollStepX":22,"maxScrollStepY":22,"diagonalEvents":0,"clippedEvents":1}
[DebugBridge +16865.1ms] wheel_scroll_motion {"eventCount":1,"rawAbsX":54,"rawAbsY":0,"rawX":-54,"rawY":0,"clippedAbsX":37.935743679894195,"clippedAbsY":0,"clippedX":-37.935743679894195,"clippedY":0,"requestedAppliedX":-27.996578835761916,"requestedAppliedY":0,"appliedX":-22,"appliedY":0,"actualX":0,"actualY":0,"sensitivity":0.738,"currentZoomForScroll":1.600977654185429,"maxScrollStepX":22,"maxScrollStepY":22,"diagonalEvents":0,"clippedEvents":1}
[DebugBridge +16875.4ms] wheel_scroll_motion {"eventCount":1,"rawAbsX":52,"rawAbsY":0,"rawX":-52,"rawY":0,"clippedAbsX":37.935743679894195,"clippedAbsY":0,"clippedX":-37.935743679894195,"clippedY":0,"requestedAppliedX":-27.996578835761916,"requestedAppliedY":0,"appliedX":-22,"appliedY":0,"actualX":0,"actualY":0,"sensitivity":0.738,"currentZoomForScroll":1.600977654185429,"maxScrollStepX":22,"maxScrollStepY":22,"diagonalEvents":0,"clippedEvents":1}
[DebugBridge +16883.4ms] wheel_scroll_motion {"eventCount":1,"rawAbsX":50,"rawAbsY":0,"rawX":-50,"rawY":0,"clippedAbsX":37.935743679894195,"clippedAbsY":0,"clippedX":-37.935743679894195,"clippedY":0,"requestedAppliedX":-27.996578835761916,"requestedAppliedY":0,"appliedX":-22,"appliedY":0,"actualX":0,"actualY":0,"sensitivity":0.738,"currentZoomForScroll":1.600977654185429,"maxScrollStepX":22,"maxScrollStepY":22,"diagonalEvents":0,"clippedEvents":1}
[DebugBridge +16942.3ms] wheel_scroll_motion {"eventCount":1,"rawAbsX":0,"rawAbsY":2,"rawX":0,"rawY":2,"clippedAbsX":0,"clippedAbsY":2,"clippedX":0,"clippedY":2,"requestedAppliedX":0,"requestedAppliedY":1.64,"appliedX":0,"appliedY":1.64,"actualX":0,"actualY":1.5,"sensitivity":0.82,"currentZoomForScroll":1.600977654185429,"maxScrollStepX":22,"maxScrollStepY":22,"diagonalEvents":0,"clippedEvents":0}
[DebugBridge +16951.4ms] wheel_scroll_motion {"eventCount":1,"rawAbsX":6,"rawAbsY":10,"rawX":-6,"rawY":10,"clippedAbsX":6,"clippedAbsY":10,"clippedX":-6,"clippedY":10,"requestedAppliedX":-4.428,"requestedAppliedY":7.38,"appliedX":-4.428,"appliedY":7.38,"actualX":0,"actualY":7,"sensitivity":0.738,"currentZoomForScroll":1.600977654185429,"maxScrollStepX":22,"maxScrollStepY":22,"diagonalEvents":1,"clippedEvents":0}
[DebugBridge +16959.0ms] wheel_scroll_motion {"eventCount":2,"rawAbsX":2,"rawAbsY":24,"rawX":-2,"rawY":24,"clippedAbsX":2,"clippedAbsY":24,"clippedX":-2,"clippedY":24,"requestedAppliedX":-1.476,"requestedAppliedY":18.695999999999998,"appliedX":-1.476,"appliedY":18.695999999999998,"actualX":0,"actualY":18.5,"sensitivity":0.82,"currentZoomForScroll":1.600977654185429,"maxScrollStepX":22,"maxScrollStepY":22,"diagonalEvents":1,"clippedEvents":0}
[DebugBridge +16968.3ms] wheel_scroll_motion {"eventCount":2,"rawAbsX":0,"rawAbsY":18,"rawX":0,"rawY":18,"clippedAbsX":0,"clippedAbsY":18,"clippedX":0,"clippedY":18,"requestedAppliedX":0,"requestedAppliedY":14.76,"appliedX":0,"appliedY":14.76,"actualX":0,"actualY":14.5,"sensitivity":0.82,"currentZoomForScroll":1.600977654185429,"maxScrollStepX":22,"maxScrollStepY":22,"diagonalEvents":0,"clippedEvents":0}
[DebugBridge +16977.0ms] wheel_scroll_motion {"eventCount":1,"rawAbsX":0,"rawAbsY":6,"rawX":0,"rawY":6,"clippedAbsX":0,"clippedAbsY":6,"clippedX":0,"clippedY":6,"requestedAppliedX":0,"requestedAppliedY":4.92,"appliedX":0,"appliedY":4.92,"actualX":0,"actualY":4.5,"sensitivity":0.82,"currentZoomForScroll":1.600977654185429,"maxScrollStepX":22,"maxScrollStepY":22,"diagonalEvents":0,"clippedEvents":0}
[DebugBridge +16985.3ms] wheel_scroll_motion {"eventCount":2,"rawAbsX":4,"rawAbsY":46,"rawX":4,"rawY":46,"clippedAbsX":4,"clippedAbsY":46,"clippedX":4,"clippedY":46,"requestedAppliedX":2.952,"requestedAppliedY":35.751999999999995,"appliedX":2.952,"appliedY":22,"actualX":2.5,"actualY":22,"sensitivity":0.738,"currentZoomForScroll":1.600977654185429,"maxScrollStepX":22,"maxScrollStepY":22,"diagonalEvents":1,"clippedEvents":0}
[DebugBridge +16993.5ms] wheel_scroll_motion {"eventCount":2,"rawAbsX":6,"rawAbsY":46,"rawX":6,"rawY":46,"clippedAbsX":6,"clippedAbsY":45.935743679894195,"clippedX":6,"clippedY":45.935743679894195,"requestedAppliedX":4.1328,"requestedAppliedY":31.100920952185724,"appliedX":4.1328,"appliedY":22,"actualX":4,"actualY":22,"sensitivity":0.6642,"currentZoomForScroll":1.600977654185429,"maxScrollStepX":22,"maxScrollStepY":22,"diagonalEvents":2,"clippedEvents":1}
[DebugBridge +17002.0ms] wheel_scroll_motion {"eventCount":2,"rawAbsX":10,"rawAbsY":48,"rawX":10,"rawY":48,"clippedAbsX":10,"clippedAbsY":47.935743679894195,"clippedX":10,"clippedY":47.935743679894195,"requestedAppliedX":6.7896,"requestedAppliedY":32.57692095218572,"appliedX":6.7896,"appliedY":22,"actualX":6.5,"actualY":22,"sensitivity":0.6642,"currentZoomForScroll":1.600977654185429,"maxScrollStepX":22,"maxScrollStepY":22,"diagonalEvents":2,"clippedEvents":1}
[DebugBridge +17009.3ms] wheel_scroll_motion {"eventCount":2,"rawAbsX":10,"rawAbsY":36,"rawX":10,"rawY":36,"clippedAbsX":10,"clippedAbsY":36,"clippedX":10,"clippedY":36,"requestedAppliedX":7.38,"requestedAppliedY":26.568,"appliedX":7.38,"appliedY":22,"actualX":7,"actualY":22,"sensitivity":0.738,"currentZoomForScroll":1.600977654185429,"maxScrollStepX":22,"maxScrollStepY":22,"diagonalEvents":2,"clippedEvents":0}
[DebugBridge +17049.9ms] wheel_scroll_motion {"eventCount":1,"rawAbsX":82,"rawAbsY":152,"rawX":82,"rawY":152,"clippedAbsX":37.935743679894195,"clippedAbsY":37.935743679894195,"clippedX":37.935743679894195,"clippedY":37.935743679894195,"requestedAppliedX":25.196920952185724,"requestedAppliedY":25.196920952185724,"appliedX":22,"appliedY":22,"actualX":22,"actualY":22,"sensitivity":0.6642,"currentZoomForScroll":1.600977654185429,"maxScrollStepX":22,"maxScrollStepY":22,"diagonalEvents":1,"clippedEvents":1}
[DebugBridge +17060.1ms] wheel_scroll_motion {"eventCount":2,"rawAbsX":24,"rawAbsY":14,"rawX":24,"rawY":14,"clippedAbsX":24,"clippedAbsY":14,"clippedX":24,"clippedY":14,"requestedAppliedX":17.712,"requestedAppliedY":10.332,"appliedX":17.712,"appliedY":10.332,"actualX":17.5,"actualY":10,"sensitivity":0.738,"currentZoomForScroll":1.600977654185429,"maxScrollStepX":22,"maxScrollStepY":22,"diagonalEvents":2,"clippedEvents":0}
[DebugBridge +17066.5ms] wheel_scroll_motion {"eventCount":2,"rawAbsX":24,"rawAbsY":8,"rawX":24,"rawY":8,"clippedAbsX":24,"clippedAbsY":8,"clippedX":24,"clippedY":8,"requestedAppliedX":17.712,"requestedAppliedY":5.904,"appliedX":17.712,"appliedY":5.904,"actualX":17.5,"actualY":5.5,"sensitivity":0.738,"currentZoomForScroll":1.600977654185429,"maxScrollStepX":22,"maxScrollStepY":22,"diagonalEvents":2,"clippedEvents":0}
[DebugBridge +17075.0ms] wheel_scroll_motion {"eventCount":2,"rawAbsX":26,"rawAbsY":4,"rawX":26,"rawY":4,"clippedAbsX":26,"clippedAbsY":4,"clippedX":26,"clippedY":4,"requestedAppliedX":19.188,"requestedAppliedY":2.952,"appliedX":19.188,"appliedY":2.952,"actualX":19,"actualY":2.5,"sensitivity":0.738,"currentZoomForScroll":1.600977654185429,"maxScrollStepX":22,"maxScrollStepY":22,"diagonalEvents":2,"clippedEvents":0}
[DebugBridge +17084.0ms] wheel_scroll_motion {"eventCount":2,"rawAbsX":26,"rawAbsY":4,"rawX":26,"rawY":-4,"clippedAbsX":26,"clippedAbsY":4,"clippedX":26,"clippedY":-4,"requestedAppliedX":19.188,"requestedAppliedY":-2.952,"appliedX":19.188,"appliedY":-2.952,"actualX":19,"actualY":-3,"sensitivity":0.738,"currentZoomForScroll":1.600977654185429,"maxScrollStepX":22,"maxScrollStepY":22,"diagonalEvents":2,"clippedEvents":0}
[DebugBridge +17091.6ms] wheel_scroll_motion {"eventCount":2,"rawAbsX":28,"rawAbsY":12,"rawX":28,"rawY":-12,"clippedAbsX":28,"clippedAbsY":12,"clippedX":28,"clippedY":-12,"requestedAppliedX":20.663999999999998,"requestedAppliedY":-8.856,"appliedX":20.663999999999998,"appliedY":-8.856,"actualX":20.5,"actualY":-9,"sensitivity":0.738,"currentZoomForScroll":1.600977654185429,"maxScrollStepX":22,"maxScrollStepY":22,"diagonalEvents":2,"clippedEvents":0}
[DebugBridge +17101.1ms] wheel_scroll_motion {"eventCount":2,"rawAbsX":26,"rawAbsY":26,"rawX":26,"rawY":-26,"clippedAbsX":26,"clippedAbsY":26,"clippedX":26,"clippedY":-26,"requestedAppliedX":19.188,"requestedAppliedY":-19.188,"appliedX":19.188,"appliedY":-19.188,"actualX":19,"actualY":-19.5,"sensitivity":0.738,"currentZoomForScroll":1.600977654185429,"maxScrollStepX":22,"maxScrollStepY":22,"diagonalEvents":2,"clippedEvents":0}
[DebugBridge +17109.2ms] wheel_scroll_motion {"eventCount":2,"rawAbsX":20,"rawAbsY":34,"rawX":20,"rawY":-34,"clippedAbsX":20,"clippedAbsY":34,"clippedX":20,"clippedY":-34,"requestedAppliedX":14.760000000000002,"requestedAppliedY":-25.092,"appliedX":14.760000000000002,"appliedY":-22,"actualX":14.5,"actualY":-22,"sensitivity":0.738,"currentZoomForScroll":1.600977654185429,"maxScrollStepX":22,"maxScrollStepY":22,"diagonalEvents":2,"clippedEvents":0}
[DebugBridge +17117.4ms] wheel_scroll_motion {"eventCount":2,"rawAbsX":18,"rawAbsY":42,"rawX":18,"rawY":-42,"clippedAbsX":18,"clippedAbsY":42,"clippedX":18,"clippedY":-42,"requestedAppliedX":13.284,"requestedAppliedY":-30.996,"appliedX":13.284,"appliedY":-22,"actualX":13,"actualY":-22,"sensitivity":0.738,"currentZoomForScroll":1.600977654185429,"maxScrollStepX":22,"maxScrollStepY":22,"diagonalEvents":2,"clippedEvents":0}
[DebugBridge +17126.5ms] wheel_scroll_motion {"eventCount":2,"rawAbsX":10,"rawAbsY":30,"rawX":10,"rawY":-30,"clippedAbsX":10,"clippedAbsY":30,"clippedX":10,"clippedY":-30,"requestedAppliedX":7.38,"requestedAppliedY":-22.14,"appliedX":7.38,"appliedY":-22,"actualX":7,"actualY":-22,"sensitivity":0.738,"currentZoomForScroll":1.600977654185429,"maxScrollStepX":22,"maxScrollStepY":22,"diagonalEvents":2,"clippedEvents":0}
[DebugBridge +17133.0ms] wheel_scroll_motion {"eventCount":2,"rawAbsX":12,"rawAbsY":40,"rawX":12,"rawY":-40,"clippedAbsX":12,"clippedAbsY":40,"clippedX":12,"clippedY":-40,"requestedAppliedX":8.856,"requestedAppliedY":-29.52,"appliedX":8.856,"appliedY":-22,"actualX":8.5,"actualY":-22,"sensitivity":0.738,"currentZoomForScroll":1.600977654185429,"maxScrollStepX":22,"maxScrollStepY":22,"diagonalEvents":2,"clippedEvents":0}
[DebugBridge +17140.9ms] wheel_scroll_motion {"eventCount":2,"rawAbsX":10,"rawAbsY":42,"rawX":10,"rawY":-42,"clippedAbsX":10,"clippedAbsY":41.935743679894195,"clippedX":10,"clippedY":-41.935743679894195,"requestedAppliedX":6.7896,"requestedAppliedY":-28.148920952185726,"appliedX":6.7896,"appliedY":-22,"actualX":6.5,"actualY":-22,"sensitivity":0.738,"currentZoomForScroll":1.600977654185429,"maxScrollStepX":22,"maxScrollStepY":22,"diagonalEvents":2,"clippedEvents":1}
[DebugBridge +17149.6ms] wheel_scroll_motion {"eventCount":2,"rawAbsX":4,"rawAbsY":38,"rawX":4,"rawY":-38,"clippedAbsX":4,"clippedAbsY":38,"clippedX":4,"clippedY":-38,"requestedAppliedX":2.952,"requestedAppliedY":-28.044,"appliedX":2.952,"appliedY":-22,"actualX":2.5,"actualY":-22,"sensitivity":0.738,"currentZoomForScroll":1.600977654185429,"maxScrollStepX":22,"maxScrollStepY":22,"diagonalEvents":2,"clippedEvents":0}
[DebugBridge +17160.5ms] wheel_scroll_motion {"eventCount":1,"rawAbsX":2,"rawAbsY":16,"rawX":2,"rawY":-16,"clippedAbsX":2,"clippedAbsY":16,"clippedX":2,"clippedY":-16,"requestedAppliedX":1.476,"requestedAppliedY":-11.808,"appliedX":1.476,"appliedY":-11.808,"actualX":1,"actualY":-12,"sensitivity":0.738,"currentZoomForScroll":1.600977654185429,"maxScrollStepX":22,"maxScrollStepY":22,"diagonalEvents":1,"clippedEvents":0}
[DebugBridge +17166.9ms] wheel_scroll_motion {"eventCount":1,"rawAbsX":2,"rawAbsY":28,"rawX":2,"rawY":-28,"clippedAbsX":2,"clippedAbsY":28,"clippedX":2,"clippedY":-28,"requestedAppliedX":1.476,"requestedAppliedY":-20.664,"appliedX":1.476,"appliedY":-20.664,"actualX":1,"actualY":-21,"sensitivity":0.738,"currentZoomForScroll":1.600977654185429,"maxScrollStepX":22,"maxScrollStepY":22,"diagonalEvents":1,"clippedEvents":0}
[DebugBridge +17176.2ms] wheel_scroll_motion {"eventCount":1,"rawAbsX":2,"rawAbsY":24,"rawX":-2,"rawY":-24,"clippedAbsX":2,"clippedAbsY":24,"clippedX":-2,"clippedY":-24,"requestedAppliedX":-1.476,"requestedAppliedY":-17.712,"appliedX":-1.476,"appliedY":-17.712,"actualX":-1.5,"actualY":-18,"sensitivity":0.738,"currentZoomForScroll":1.600977654185429,"maxScrollStepX":22,"maxScrollStepY":22,"diagonalEvents":1,"clippedEvents":0}
[DebugBridge +17183.5ms] wheel_scroll_motion {"eventCount":2,"rawAbsX":14,"rawAbsY":34,"rawX":-14,"rawY":-34,"clippedAbsX":14,"clippedAbsY":34,"clippedX":-14,"clippedY":-34,"requestedAppliedX":-10.332,"requestedAppliedY":-25.092,"appliedX":-10.332,"appliedY":-22,"actualX":-10.5,"actualY":-22,"sensitivity":0.738,"currentZoomForScroll":1.600977654185429,"maxScrollStepX":22,"maxScrollStepY":22,"diagonalEvents":2,"clippedEvents":0}
[DebugBridge +17193.4ms] wheel_scroll_motion {"eventCount":2,"rawAbsX":16,"rawAbsY":18,"rawX":-16,"rawY":-18,"clippedAbsX":16,"clippedAbsY":18,"clippedX":-16,"clippedY":-18,"requestedAppliedX":-11.808,"requestedAppliedY":-13.283999999999999,"appliedX":-11.808,"appliedY":-13.283999999999999,"actualX":-12,"actualY":-13.5,"sensitivity":0.738,"currentZoomForScroll":1.600977654185429,"maxScrollStepX":22,"maxScrollStepY":22,"diagonalEvents":2,"clippedEvents":0}
[DebugBridge +17199.9ms] wheel_scroll_motion {"eventCount":2,"rawAbsX":22,"rawAbsY":10,"rawX":-22,"rawY":-10,"clippedAbsX":22,"clippedAbsY":10,"clippedX":-22,"clippedY":-10,"requestedAppliedX":-16.236,"requestedAppliedY":-7.38,"appliedX":-16.236,"appliedY":-7.38,"actualX":-16.5,"actualY":-7.5,"sensitivity":0.738,"currentZoomForScroll":1.600977654185429,"maxScrollStepX":22,"maxScrollStepY":22,"diagonalEvents":2,"clippedEvents":0}
[DebugBridge +17208.1ms] wheel_scroll_motion {"eventCount":2,"rawAbsX":34,"rawAbsY":6,"rawX":-34,"rawY":-6,"clippedAbsX":34,"clippedAbsY":6,"clippedX":-34,"clippedY":-6,"requestedAppliedX":-25.092,"requestedAppliedY":-4.428,"appliedX":-22,"appliedY":-4.428,"actualX":-22,"actualY":-4.5,"sensitivity":0.738,"currentZoomForScroll":1.600977654185429,"maxScrollStepX":22,"maxScrollStepY":22,"diagonalEvents":2,"clippedEvents":0}
[DebugBridge +17218.9ms] wheel_scroll_motion {"eventCount":2,"rawAbsX":40,"rawAbsY":4,"rawX":-40,"rawY":-4,"clippedAbsX":40,"clippedAbsY":4,"clippedX":-40,"clippedY":-4,"requestedAppliedX":-29.52,"requestedAppliedY":-2.952,"appliedX":-22,"appliedY":-2.952,"actualX":-22,"actualY":-3,"sensitivity":0.738,"currentZoomForScroll":1.600977654185429,"maxScrollStepX":22,"maxScrollStepY":22,"diagonalEvents":2,"clippedEvents":0}
[DebugBridge +17225.6ms] wheel_scroll_motion {"eventCount":2,"rawAbsX":40,"rawAbsY":4,"rawX":-40,"rawY":0,"clippedAbsX":40,"clippedAbsY":4,"clippedX":-40,"clippedY":0,"requestedAppliedX":-29.520000000000003,"requestedAppliedY":0,"appliedX":-22,"appliedY":0,"actualX":-22,"actualY":0,"sensitivity":0.738,"currentZoomForScroll":1.600977654185429,"maxScrollStepX":22,"maxScrollStepY":22,"diagonalEvents":2,"clippedEvents":0}
[DebugBridge +17235.1ms] wheel_scroll_motion {"eventCount":2,"rawAbsX":36,"rawAbsY":4,"rawX":-36,"rawY":4,"clippedAbsX":36,"clippedAbsY":4,"clippedX":-36,"clippedY":4,"requestedAppliedX":-26.567999999999998,"requestedAppliedY":2.952,"appliedX":-22,"appliedY":2.952,"actualX":-22,"actualY":2.5,"sensitivity":0.738,"currentZoomForScroll":1.600977654185429,"maxScrollStepX":22,"maxScrollStepY":22,"diagonalEvents":2,"clippedEvents":0}
[DebugBridge +17241.8ms] wheel_scroll_motion {"eventCount":2,"rawAbsX":36,"rawAbsY":8,"rawX":-36,"rawY":8,"clippedAbsX":36,"clippedAbsY":8,"clippedX":-36,"clippedY":8,"requestedAppliedX":-26.568,"requestedAppliedY":5.904,"appliedX":-22,"appliedY":5.904,"actualX":-22,"actualY":5.5,"sensitivity":0.738,"currentZoomForScroll":1.600977654185429,"maxScrollStepX":22,"maxScrollStepY":22,"diagonalEvents":2,"clippedEvents":0}
[DebugBridge +17252.9ms] wheel_scroll_motion {"eventCount":2,"rawAbsX":36,"rawAbsY":10,"rawX":-36,"rawY":10,"clippedAbsX":36,"clippedAbsY":10,"clippedX":-36,"clippedY":10,"requestedAppliedX":-26.568,"requestedAppliedY":7.38,"appliedX":-22,"appliedY":7.38,"actualX":-22,"actualY":7,"sensitivity":0.738,"currentZoomForScroll":1.600977654185429,"maxScrollStepX":22,"maxScrollStepY":22,"diagonalEvents":2,"clippedEvents":0}
[DebugBridge +17262.1ms] wheel_scroll_motion {"eventCount":1,"rawAbsX":6,"rawAbsY":2,"rawX":-6,"rawY":2,"clippedAbsX":6,"clippedAbsY":2,"clippedX":-6,"clippedY":2,"requestedAppliedX":-4.428,"requestedAppliedY":1.476,"appliedX":-4.428,"appliedY":1.476,"actualX":-4.5,"actualY":1,"sensitivity":0.738,"currentZoomForScroll":1.600977654185429,"maxScrollStepX":22,"maxScrollStepY":22,"diagonalEvents":1,"clippedEvents":0}
[DebugBridge +17366.2ms] wheel_scroll_motion {"eventCount":1,"rawAbsX":82,"rawAbsY":96,"rawX":-82,"rawY":96,"clippedAbsX":37.935743679894195,"clippedAbsY":37.935743679894195,"clippedX":-37.935743679894195,"clippedY":37.935743679894195,"requestedAppliedX":-25.196920952185724,"requestedAppliedY":25.196920952185724,"appliedX":-22,"appliedY":22,"actualX":-22,"actualY":22,"sensitivity":0.6642,"currentZoomForScroll":1.600977654185429,"maxScrollStepX":22,"maxScrollStepY":22,"diagonalEvents":1,"clippedEvents":1}
[DebugBridge +17370.5ms] wheel_scroll_motion {"eventCount":1,"rawAbsX":136,"rawAbsY":198,"rawX":136,"rawY":198,"clippedAbsX":37.935743679894195,"clippedAbsY":37.935743679894195,"clippedX":37.935743679894195,"clippedY":37.935743679894195,"requestedAppliedX":25.196920952185724,"requestedAppliedY":25.196920952185724,"appliedX":22,"appliedY":22,"actualX":22,"actualY":22,"sensitivity":0.6642,"currentZoomForScroll":1.600977654185429,"maxScrollStepX":22,"maxScrollStepY":22,"diagonalEvents":1,"clippedEvents":1}
[DebugBridge +17375.6ms] wheel_scroll_motion {"eventCount":2,"rawAbsX":36,"rawAbsY":6,"rawX":36,"rawY":6,"clippedAbsX":36,"clippedAbsY":6,"clippedX":36,"clippedY":6,"requestedAppliedX":26.568,"requestedAppliedY":4.428,"appliedX":22,"appliedY":4.428,"actualX":22,"actualY":4,"sensitivity":0.738,"currentZoomForScroll":1.600977654185429,"maxScrollStepX":22,"maxScrollStepY":22,"diagonalEvents":2,"clippedEvents":0}
[DebugBridge +17384.5ms] wheel_scroll_motion {"eventCount":2,"rawAbsX":38,"rawAbsY":4,"rawX":38,"rawY":4,"clippedAbsX":38,"clippedAbsY":4,"clippedX":38,"clippedY":4,"requestedAppliedX":28.044,"requestedAppliedY":2.952,"appliedX":22,"appliedY":2.952,"actualX":22,"actualY":2.5,"sensitivity":0.738,"currentZoomForScroll":1.600977654185429,"maxScrollStepX":22,"maxScrollStepY":22,"diagonalEvents":2,"clippedEvents":0}
[DebugBridge +17394.3ms] wheel_scroll_motion {"eventCount":2,"rawAbsX":38,"rawAbsY":0,"rawX":38,"rawY":0,"clippedAbsX":38,"clippedAbsY":0,"clippedX":38,"clippedY":0,"requestedAppliedX":31.159999999999997,"requestedAppliedY":0,"appliedX":22,"appliedY":0,"actualX":22,"actualY":0,"sensitivity":0.82,"currentZoomForScroll":1.600977654185429,"maxScrollStepX":22,"maxScrollStepY":22,"diagonalEvents":0,"clippedEvents":0}
[DebugBridge +17401.1ms] wheel_scroll_motion {"eventCount":2,"rawAbsX":36,"rawAbsY":6,"rawX":36,"rawY":-6,"clippedAbsX":36,"clippedAbsY":6,"clippedX":36,"clippedY":-6,"requestedAppliedX":26.567999999999998,"requestedAppliedY":-4.428,"appliedX":22,"appliedY":-4.428,"actualX":22,"actualY":-4.5,"sensitivity":0.738,"currentZoomForScroll":1.600977654185429,"maxScrollStepX":22,"maxScrollStepY":22,"diagonalEvents":2,"clippedEvents":0}
[DebugBridge +17409.5ms] wheel_scroll_motion {"eventCount":2,"rawAbsX":52,"rawAbsY":18,"rawX":52,"rawY":-18,"clippedAbsX":52,"clippedAbsY":18,"clippedX":52,"clippedY":-18,"requestedAppliedX":38.376,"requestedAppliedY":-13.283999999999999,"appliedX":22,"appliedY":-13.283999999999999,"actualX":22,"actualY":-13.5,"sensitivity":0.738,"currentZoomForScroll":1.600977654185429,"maxScrollStepX":22,"maxScrollStepY":22,"diagonalEvents":2,"clippedEvents":0}
[DebugBridge +17417.2ms] wheel_scroll_motion {"eventCount":1,"rawAbsX":20,"rawAbsY":10,"rawX":20,"rawY":-10,"clippedAbsX":20,"clippedAbsY":10,"clippedX":20,"clippedY":-10,"requestedAppliedX":14.76,"requestedAppliedY":-7.38,"appliedX":14.76,"appliedY":-7.38,"actualX":14.5,"actualY":-7.5,"sensitivity":0.738,"currentZoomForScroll":1.600977654185429,"maxScrollStepX":22,"maxScrollStepY":22,"diagonalEvents":1,"clippedEvents":0}
[DebugBridge +17426.8ms] wheel_scroll_motion {"eventCount":1,"rawAbsX":26,"rawAbsY":24,"rawX":26,"rawY":-24,"clippedAbsX":26,"clippedAbsY":24,"clippedX":26,"clippedY":-24,"requestedAppliedX":19.188,"requestedAppliedY":-17.712,"appliedX":19.188,"appliedY":-17.712,"actualX":19,"actualY":-18,"sensitivity":0.738,"currentZoomForScroll":1.600977654185429,"maxScrollStepX":22,"maxScrollStepY":22,"diagonalEvents":1,"clippedEvents":0}
[DebugBridge +17434.0ms] wheel_scroll_motion {"eventCount":1,"rawAbsX":24,"rawAbsY":36,"rawX":24,"rawY":-36,"clippedAbsX":24,"clippedAbsY":36,"clippedX":24,"clippedY":-36,"requestedAppliedX":17.712,"requestedAppliedY":-26.567999999999998,"appliedX":17.712,"appliedY":-22,"actualX":17.5,"actualY":-22,"sensitivity":0.738,"currentZoomForScroll":1.600977654185429,"maxScrollStepX":22,"maxScrollStepY":22,"diagonalEvents":1,"clippedEvents":0}
[DebugBridge +17445.8ms] wheel_scroll_motion {"eventCount":2,"rawAbsX":16,"rawAbsY":44,"rawX":16,"rawY":-44,"clippedAbsX":16,"clippedAbsY":44,"clippedX":16,"clippedY":-44,"requestedAppliedX":11.808,"requestedAppliedY":-32.472,"appliedX":11.808,"appliedY":-22,"actualX":11.5,"actualY":-22,"sensitivity":0.738,"currentZoomForScroll":1.600977654185429,"maxScrollStepX":22,"maxScrollStepY":22,"diagonalEvents":2,"clippedEvents":0}
[DebugBridge +17452.2ms] wheel_scroll_motion {"eventCount":1,"rawAbsX":4,"rawAbsY":14,"rawX":4,"rawY":-14,"clippedAbsX":4,"clippedAbsY":14,"clippedX":4,"clippedY":-14,"requestedAppliedX":2.952,"requestedAppliedY":-10.332,"appliedX":2.952,"appliedY":-10.332,"actualX":2.5,"actualY":-10.5,"sensitivity":0.738,"currentZoomForScroll":1.600977654185429,"maxScrollStepX":22,"maxScrollStepY":22,"diagonalEvents":1,"clippedEvents":0}
[DebugBridge +17459.0ms] wheel_scroll_motion {"eventCount":2,"rawAbsX":10,"rawAbsY":64,"rawX":10,"rawY":-64,"clippedAbsX":10,"clippedAbsY":61.935743679894195,"clippedX":10,"clippedY":-61.935743679894195,"requestedAppliedX":6.9372,"requestedAppliedY":-42.908920952185724,"appliedX":6.9372,"appliedY":-22,"actualX":6.5,"actualY":-22,"sensitivity":0.6642,"currentZoomForScroll":1.600977654185429,"maxScrollStepX":22,"maxScrollStepY":22,"diagonalEvents":2,"clippedEvents":1}
[DebugBridge +17469.7ms] wheel_scroll_motion {"eventCount":2,"rawAbsX":4,"rawAbsY":38,"rawX":4,"rawY":-38,"clippedAbsX":4,"clippedAbsY":38,"clippedX":4,"clippedY":-38,"requestedAppliedX":2.952,"requestedAppliedY":-28.044,"appliedX":2.952,"appliedY":-22,"actualX":2.5,"actualY":-22,"sensitivity":0.738,"currentZoomForScroll":1.600977654185429,"maxScrollStepX":22,"maxScrollStepY":22,"diagonalEvents":2,"clippedEvents":0}
[DebugBridge +17477.8ms] wheel_scroll_motion {"eventCount":2,"rawAbsX":4,"rawAbsY":32,"rawX":0,"rawY":-32,"clippedAbsX":4,"clippedAbsY":32,"clippedX":0,"clippedY":-32,"requestedAppliedX":0,"requestedAppliedY":-23.616,"appliedX":0,"appliedY":-22,"actualX":0,"actualY":-22,"sensitivity":0.738,"currentZoomForScroll":1.600977654185429,"maxScrollStepX":22,"maxScrollStepY":22,"diagonalEvents":2,"clippedEvents":0}
[DebugBridge +17485.5ms] wheel_scroll_motion {"eventCount":2,"rawAbsX":6,"rawAbsY":20,"rawX":-6,"rawY":-20,"clippedAbsX":6,"clippedAbsY":20,"clippedX":-6,"clippedY":-20,"requestedAppliedX":-4.428,"requestedAppliedY":-14.76,"appliedX":-4.428,"appliedY":-14.76,"actualX":-4.5,"actualY":-15,"sensitivity":0.738,"currentZoomForScroll":1.600977654185429,"maxScrollStepX":22,"maxScrollStepY":22,"diagonalEvents":2,"clippedEvents":0}
[DebugBridge +17492.7ms] wheel_scroll_motion {"eventCount":2,"rawAbsX":10,"rawAbsY":20,"rawX":-10,"rawY":-20,"clippedAbsX":10,"clippedAbsY":20,"clippedX":-10,"clippedY":-20,"requestedAppliedX":-7.38,"requestedAppliedY":-14.76,"appliedX":-7.38,"appliedY":-14.76,"actualX":-7.5,"actualY":-15,"sensitivity":0.738,"currentZoomForScroll":1.600977654185429,"maxScrollStepX":22,"maxScrollStepY":22,"diagonalEvents":2,"clippedEvents":0}
[DebugBridge +17501.5ms] wheel_scroll_motion {"eventCount":2,"rawAbsX":18,"rawAbsY":20,"rawX":-18,"rawY":-20,"clippedAbsX":18,"clippedAbsY":20,"clippedX":-18,"clippedY":-20,"requestedAppliedX":-13.284,"requestedAppliedY":-14.760000000000002,"appliedX":-13.284,"appliedY":-14.760000000000002,"actualX":-13.5,"actualY":-15,"sensitivity":0.738,"currentZoomForScroll":1.600977654185429,"maxScrollStepX":22,"maxScrollStepY":22,"diagonalEvents":2,"clippedEvents":0}
[DebugBridge +17510.6ms] wheel_scroll_motion {"eventCount":2,"rawAbsX":22,"rawAbsY":10,"rawX":-22,"rawY":-10,"clippedAbsX":22,"clippedAbsY":10,"clippedX":-22,"clippedY":-10,"requestedAppliedX":-16.235999999999997,"requestedAppliedY":-7.38,"appliedX":-16.235999999999997,"appliedY":-7.38,"actualX":-16.5,"actualY":-7.5,"sensitivity":0.738,"currentZoomForScroll":1.600977654185429,"maxScrollStepX":22,"maxScrollStepY":22,"diagonalEvents":2,"clippedEvents":0}
[DebugBridge +17517.4ms] wheel_scroll_motion {"eventCount":2,"rawAbsX":24,"rawAbsY":6,"rawX":-24,"rawY":-6,"clippedAbsX":24,"clippedAbsY":6,"clippedX":-24,"clippedY":-6,"requestedAppliedX":-17.712,"requestedAppliedY":-4.428,"appliedX":-17.712,"appliedY":-4.428,"actualX":-18,"actualY":-4.5,"sensitivity":0.738,"currentZoomForScroll":1.600977654185429,"maxScrollStepX":22,"maxScrollStepY":22,"diagonalEvents":2,"clippedEvents":0}
[DebugBridge +17526.8ms] wheel_scroll_motion {"eventCount":1,"rawAbsX":4,"rawAbsY":2,"rawX":-4,"rawY":-2,"clippedAbsX":4,"clippedAbsY":2,"clippedX":-4,"clippedY":-2,"requestedAppliedX":-2.952,"requestedAppliedY":-1.476,"appliedX":-2.952,"appliedY":-1.476,"actualX":-3,"actualY":-1.5,"sensitivity":0.738,"currentZoomForScroll":1.600977654185429,"maxScrollStepX":22,"maxScrollStepY":22,"diagonalEvents":1,"clippedEvents":0}
[DebugBridge +17566.1ms] wheel_scroll_motion {"eventCount":2,"rawAbsX":126,"rawAbsY":36,"rawX":-126,"rawY":36,"clippedAbsX":51.935743679894195,"clippedAbsY":36,"clippedX":-51.935743679894195,"clippedY":36,"requestedAppliedX":-35.52892095218573,"requestedAppliedY":24.9444,"appliedX":-22,"appliedY":22,"actualX":-22,"actualY":22,"sensitivity":0.738,"currentZoomForScroll":1.600977654185429,"maxScrollStepX":22,"maxScrollStepY":22,"diagonalEvents":2,"clippedEvents":1}
[DebugBridge +17575.5ms] wheel_scroll_motion {"eventCount":2,"rawAbsX":14,"rawAbsY":18,"rawX":-14,"rawY":18,"clippedAbsX":14,"clippedAbsY":18,"clippedX":-14,"clippedY":18,"requestedAppliedX":-10.332,"requestedAppliedY":13.283999999999999,"appliedX":-10.332,"appliedY":13.283999999999999,"actualX":-10.5,"actualY":13,"sensitivity":0.738,"currentZoomForScroll":1.600977654185429,"maxScrollStepX":22,"maxScrollStepY":22,"diagonalEvents":2,"clippedEvents":0}
[DebugBridge +17584.5ms] wheel_scroll_motion {"eventCount":2,"rawAbsX":10,"rawAbsY":20,"rawX":-10,"rawY":20,"clippedAbsX":10,"clippedAbsY":20,"clippedX":-10,"clippedY":20,"requestedAppliedX":-7.38,"requestedAppliedY":14.76,"appliedX":-7.38,"appliedY":14.76,"actualX":-7.5,"actualY":14.5,"sensitivity":0.738,"currentZoomForScroll":1.600977654185429,"maxScrollStepX":22,"maxScrollStepY":22,"diagonalEvents":2,"clippedEvents":0}
[DebugBridge +17591.7ms] wheel_scroll_motion {"eventCount":2,"rawAbsX":8,"rawAbsY":20,"rawX":-8,"rawY":20,"clippedAbsX":8,"clippedAbsY":20,"clippedX":-8,"clippedY":20,"requestedAppliedX":-5.904,"requestedAppliedY":14.76,"appliedX":-5.904,"appliedY":14.76,"actualX":-6,"actualY":14.5,"sensitivity":0.738,"currentZoomForScroll":1.600977654185429,"maxScrollStepX":22,"maxScrollStepY":22,"diagonalEvents":2,"clippedEvents":0}
[DebugBridge +17601.5ms] wheel_scroll_motion {"eventCount":2,"rawAbsX":6,"rawAbsY":22,"rawX":-6,"rawY":22,"clippedAbsX":6,"clippedAbsY":22,"clippedX":-6,"clippedY":22,"requestedAppliedX":-4.428,"requestedAppliedY":16.236,"appliedX":-4.428,"appliedY":16.236,"actualX":-4.5,"actualY":16,"sensitivity":0.738,"currentZoomForScroll":1.600977654185429,"maxScrollStepX":22,"maxScrollStepY":22,"diagonalEvents":2,"clippedEvents":0}
[DebugBridge +17608.7ms] wheel_scroll_motion {"eventCount":2,"rawAbsX":4,"rawAbsY":22,"rawX":-4,"rawY":22,"clippedAbsX":4,"clippedAbsY":22,"clippedX":-4,"clippedY":22,"requestedAppliedX":-2.952,"requestedAppliedY":16.236,"appliedX":-2.952,"appliedY":16.236,"actualX":-3,"actualY":16,"sensitivity":0.738,"currentZoomForScroll":1.600977654185429,"maxScrollStepX":22,"maxScrollStepY":22,"diagonalEvents":2,"clippedEvents":0}
[DebugBridge +17616.7ms] wheel_scroll_motion {"eventCount":2,"rawAbsX":0,"rawAbsY":32,"rawX":0,"rawY":32,"clippedAbsX":0,"clippedAbsY":32,"clippedX":0,"clippedY":32,"requestedAppliedX":0,"requestedAppliedY":26.24,"appliedX":0,"appliedY":22,"actualX":0,"actualY":22,"sensitivity":0.82,"currentZoomForScroll":1.600977654185429,"maxScrollStepX":22,"maxScrollStepY":22,"diagonalEvents":0,"clippedEvents":0}
[DebugBridge +17624.1ms] wheel_scroll_motion {"eventCount":2,"rawAbsX":4,"rawAbsY":24,"rawX":4,"rawY":24,"clippedAbsX":4,"clippedAbsY":24,"clippedX":4,"clippedY":24,"requestedAppliedX":2.952,"requestedAppliedY":17.712,"appliedX":2.952,"appliedY":17.712,"actualX":2.5,"actualY":17.5,"sensitivity":0.738,"currentZoomForScroll":1.600977654185429,"maxScrollStepX":22,"maxScrollStepY":22,"diagonalEvents":2,"clippedEvents":0}
[DebugBridge +17633.7ms] wheel_scroll_motion {"eventCount":2,"rawAbsX":8,"rawAbsY":22,"rawX":8,"rawY":22,"clippedAbsX":8,"clippedAbsY":22,"clippedX":8,"clippedY":22,"requestedAppliedX":5.904,"requestedAppliedY":16.236,"appliedX":5.904,"appliedY":16.236,"actualX":5.5,"actualY":16,"sensitivity":0.738,"currentZoomForScroll":1.600977654185429,"maxScrollStepX":22,"maxScrollStepY":22,"diagonalEvents":2,"clippedEvents":0}
[DebugBridge +17641.6ms] wheel_scroll_motion {"eventCount":2,"rawAbsX":14,"rawAbsY":20,"rawX":14,"rawY":20,"clippedAbsX":14,"clippedAbsY":20,"clippedX":14,"clippedY":20,"requestedAppliedX":10.332,"requestedAppliedY":14.76,"appliedX":10.332,"appliedY":14.76,"actualX":10,"actualY":14.5,"sensitivity":0.738,"currentZoomForScroll":1.600977654185429,"maxScrollStepX":22,"maxScrollStepY":22,"diagonalEvents":2,"clippedEvents":0}
[DebugBridge +17649.4ms] wheel_scroll_motion {"eventCount":2,"rawAbsX":18,"rawAbsY":20,"rawX":18,"rawY":20,"clippedAbsX":18,"clippedAbsY":20,"clippedX":18,"clippedY":20,"requestedAppliedX":13.284,"requestedAppliedY":14.76,"appliedX":13.284,"appliedY":14.76,"actualX":13,"actualY":14.5,"sensitivity":0.738,"currentZoomForScroll":1.600977654185429,"maxScrollStepX":22,"maxScrollStepY":22,"diagonalEvents":2,"clippedEvents":0}
[DebugBridge +17658.4ms] wheel_scroll_motion {"eventCount":2,"rawAbsX":20,"rawAbsY":16,"rawX":20,"rawY":16,"clippedAbsX":20,"clippedAbsY":16,"clippedX":20,"clippedY":16,"requestedAppliedX":14.759999999999998,"requestedAppliedY":11.808,"appliedX":14.759999999999998,"appliedY":11.808,"actualX":14.5,"actualY":11.5,"sensitivity":0.738,"currentZoomForScroll":1.600977654185429,"maxScrollStepX":22,"maxScrollStepY":22,"diagonalEvents":2,"clippedEvents":0}
[DebugBridge +17667.1ms] wheel_scroll_motion {"eventCount":2,"rawAbsX":36,"rawAbsY":18,"rawX":36,"rawY":18,"clippedAbsX":36,"clippedAbsY":18,"clippedX":36,"clippedY":18,"requestedAppliedX":26.568,"requestedAppliedY":13.283999999999999,"appliedX":22,"appliedY":13.283999999999999,"actualX":22,"actualY":13,"sensitivity":0.738,"currentZoomForScroll":1.600977654185429,"maxScrollStepX":22,"maxScrollStepY":22,"diagonalEvents":2,"clippedEvents":0}
[DebugBridge +17675.0ms] wheel_scroll_motion {"eventCount":1,"rawAbsX":12,"rawAbsY":6,"rawX":12,"rawY":6,"clippedAbsX":12,"clippedAbsY":6,"clippedX":12,"clippedY":6,"requestedAppliedX":8.856,"requestedAppliedY":4.428,"appliedX":8.856,"appliedY":4.428,"actualX":8.5,"actualY":4,"sensitivity":0.738,"currentZoomForScroll":1.600977654185429,"maxScrollStepX":22,"maxScrollStepY":22,"diagonalEvents":1,"clippedEvents":0}
[DebugBridge +17682.7ms] wheel_scroll_motion {"eventCount":1,"rawAbsX":20,"rawAbsY":4,"rawX":20,"rawY":4,"clippedAbsX":20,"clippedAbsY":4,"clippedX":20,"clippedY":4,"requestedAppliedX":14.76,"requestedAppliedY":2.952,"appliedX":14.76,"appliedY":2.952,"actualX":14.5,"actualY":2.5,"sensitivity":0.738,"currentZoomForScroll":1.600977654185429,"maxScrollStepX":22,"maxScrollStepY":22,"diagonalEvents":1,"clippedEvents":0}
[DebugBridge +17691.7ms] wheel_scroll_motion {"eventCount":1,"rawAbsX":18,"rawAbsY":4,"rawX":18,"rawY":4,"clippedAbsX":18,"clippedAbsY":4,"clippedX":18,"clippedY":4,"requestedAppliedX":13.283999999999999,"requestedAppliedY":2.952,"appliedX":13.283999999999999,"appliedY":2.952,"actualX":13,"actualY":2.5,"sensitivity":0.738,"currentZoomForScroll":1.600977654185429,"maxScrollStepX":22,"maxScrollStepY":22,"diagonalEvents":1,"clippedEvents":0}
[DebugBridge +17701.3ms] wheel_scroll_motion {"eventCount":2,"rawAbsX":42,"rawAbsY":4,"rawX":42,"rawY":0,"clippedAbsX":42,"clippedAbsY":4,"clippedX":42,"clippedY":0,"requestedAppliedX":30.996000000000002,"requestedAppliedY":0,"appliedX":22,"appliedY":0,"actualX":22,"actualY":0,"sensitivity":0.738,"currentZoomForScroll":1.600977654185429,"maxScrollStepX":22,"maxScrollStepY":22,"diagonalEvents":2,"clippedEvents":0}
[DebugBridge +17708.5ms] wheel_scroll_motion {"eventCount":2,"rawAbsX":20,"rawAbsY":4,"rawX":20,"rawY":-4,"clippedAbsX":20,"clippedAbsY":4,"clippedX":20,"clippedY":-4,"requestedAppliedX":14.76,"requestedAppliedY":-2.952,"appliedX":14.76,"appliedY":-2.952,"actualX":14.5,"actualY":-3,"sensitivity":0.738,"currentZoomForScroll":1.600977654185429,"maxScrollStepX":22,"maxScrollStepY":22,"diagonalEvents":2,"clippedEvents":0}
[DebugBridge +17717.7ms] wheel_scroll_motion {"eventCount":2,"rawAbsX":20,"rawAbsY":6,"rawX":20,"rawY":-6,"clippedAbsX":20,"clippedAbsY":6,"clippedX":20,"clippedY":-6,"requestedAppliedX":14.76,"requestedAppliedY":-4.428,"appliedX":14.76,"appliedY":-4.428,"actualX":14.5,"actualY":-4.5,"sensitivity":0.738,"currentZoomForScroll":1.600977654185429,"maxScrollStepX":22,"maxScrollStepY":22,"diagonalEvents":2,"clippedEvents":0}
[DebugBridge +17724.9ms] wheel_scroll_motion {"eventCount":2,"rawAbsX":20,"rawAbsY":10,"rawX":20,"rawY":-10,"clippedAbsX":20,"clippedAbsY":10,"clippedX":20,"clippedY":-10,"requestedAppliedX":14.76,"requestedAppliedY":-7.38,"appliedX":14.76,"appliedY":-7.38,"actualX":14.5,"actualY":-7.5,"sensitivity":0.738,"currentZoomForScroll":1.600977654185429,"maxScrollStepX":22,"maxScrollStepY":22,"diagonalEvents":2,"clippedEvents":0}
[DebugBridge +17733.2ms] wheel_scroll_motion {"eventCount":2,"rawAbsX":16,"rawAbsY":12,"rawX":16,"rawY":-12,"clippedAbsX":16,"clippedAbsY":12,"clippedX":16,"clippedY":-12,"requestedAppliedX":11.808,"requestedAppliedY":-8.856,"appliedX":11.808,"appliedY":-8.856,"actualX":11.5,"actualY":-9,"sensitivity":0.738,"currentZoomForScroll":1.600977654185429,"maxScrollStepX":22,"maxScrollStepY":22,"diagonalEvents":2,"clippedEvents":0}
[DebugBridge +17742.2ms] wheel_scroll_motion {"eventCount":2,"rawAbsX":14,"rawAbsY":14,"rawX":14,"rawY":-14,"clippedAbsX":14,"clippedAbsY":14,"clippedX":14,"clippedY":-14,"requestedAppliedX":10.332,"requestedAppliedY":-10.332,"appliedX":10.332,"appliedY":-10.332,"actualX":10,"actualY":-10.5,"sensitivity":0.738,"currentZoomForScroll":1.600977654185429,"maxScrollStepX":22,"maxScrollStepY":22,"diagonalEvents":2,"clippedEvents":0}
[DebugBridge +17750.2ms] wheel_scroll_motion {"eventCount":2,"rawAbsX":8,"rawAbsY":10,"rawX":8,"rawY":-10,"clippedAbsX":8,"clippedAbsY":10,"clippedX":8,"clippedY":-10,"requestedAppliedX":5.904,"requestedAppliedY":-7.38,"appliedX":5.904,"appliedY":-7.38,"actualX":5.5,"actualY":-7.5,"sensitivity":0.738,"currentZoomForScroll":1.600977654185429,"maxScrollStepX":22,"maxScrollStepY":22,"diagonalEvents":2,"clippedEvents":0}
[DebugBridge +17760.0ms] wheel_scroll_motion {"eventCount":2,"rawAbsX":4,"rawAbsY":8,"rawX":4,"rawY":-8,"clippedAbsX":4,"clippedAbsY":8,"clippedX":4,"clippedY":-8,"requestedAppliedX":2.952,"requestedAppliedY":-5.904,"appliedX":2.952,"appliedY":-5.904,"actualX":2.5,"actualY":-6,"sensitivity":0.738,"currentZoomForScroll":1.600977654185429,"maxScrollStepX":22,"maxScrollStepY":22,"diagonalEvents":2,"clippedEvents":0}
[DebugBridge +17768.2ms] wheel_scroll_motion {"eventCount":2,"rawAbsX":6,"rawAbsY":8,"rawX":6,"rawY":-8,"clippedAbsX":6,"clippedAbsY":8,"clippedX":6,"clippedY":-8,"requestedAppliedX":4.428,"requestedAppliedY":-5.904,"appliedX":4.428,"appliedY":-5.904,"actualX":4,"actualY":-6,"sensitivity":0.738,"currentZoomForScroll":1.600977654185429,"maxScrollStepX":22,"maxScrollStepY":22,"diagonalEvents":2,"clippedEvents":0}
[DebugBridge +17776.9ms] wheel_scroll_motion {"eventCount":2,"rawAbsX":6,"rawAbsY":8,"rawX":6,"rawY":-8,"clippedAbsX":6,"clippedAbsY":8,"clippedX":6,"clippedY":-8,"requestedAppliedX":4.428,"requestedAppliedY":-5.904,"appliedX":4.428,"appliedY":-5.904,"actualX":4,"actualY":-6,"sensitivity":0.738,"currentZoomForScroll":1.600977654185429,"maxScrollStepX":22,"maxScrollStepY":22,"diagonalEvents":2,"clippedEvents":0}
[DebugBridge +17783.2ms] wheel_scroll_motion {"eventCount":2,"rawAbsX":4,"rawAbsY":8,"rawX":4,"rawY":-8,"clippedAbsX":4,"clippedAbsY":8,"clippedX":4,"clippedY":-8,"requestedAppliedX":2.952,"requestedAppliedY":-5.904,"appliedX":2.952,"appliedY":-5.904,"actualX":2.5,"actualY":-6,"sensitivity":0.738,"currentZoomForScroll":1.600977654185429,"maxScrollStepX":22,"maxScrollStepY":22,"diagonalEvents":2,"clippedEvents":0}
[DebugBridge +17824.8ms] wheel_scroll_motion {"eventCount":2,"rawAbsX":34,"rawAbsY":10,"rawX":-34,"rawY":10,"clippedAbsX":34,"clippedAbsY":10,"clippedX":-34,"clippedY":10,"requestedAppliedX":-26.732,"requestedAppliedY":7.38,"appliedX":-22,"appliedY":7.38,"actualX":-22,"actualY":7,"sensitivity":0.738,"currentZoomForScroll":1.600977654185429,"maxScrollStepX":22,"maxScrollStepY":22,"diagonalEvents":1,"clippedEvents":0}
[DebugBridge +17834.1ms] wheel_scroll_motion {"eventCount":2,"rawAbsX":18,"rawAbsY":14,"rawX":-18,"rawY":14,"clippedAbsX":18,"clippedAbsY":14,"clippedX":-18,"clippedY":14,"requestedAppliedX":-13.283999999999999,"requestedAppliedY":10.332,"appliedX":-13.283999999999999,"appliedY":10.332,"actualX":-13.5,"actualY":10,"sensitivity":0.738,"currentZoomForScroll":1.600977654185429,"maxScrollStepX":22,"maxScrollStepY":22,"diagonalEvents":2,"clippedEvents":0}
[DebugBridge +17842.0ms] wheel_scroll_motion {"eventCount":1,"rawAbsX":6,"rawAbsY":4,"rawX":-6,"rawY":4,"clippedAbsX":6,"clippedAbsY":4,"clippedX":-6,"clippedY":4,"requestedAppliedX":-4.428,"requestedAppliedY":2.952,"appliedX":-4.428,"appliedY":2.952,"actualX":-4.5,"actualY":2.5,"sensitivity":0.738,"currentZoomForScroll":1.600977654185429,"maxScrollStepX":22,"maxScrollStepY":22,"diagonalEvents":1,"clippedEvents":0}
[DebugBridge +17849.4ms] wheel_scroll_motion {"eventCount":1,"rawAbsX":10,"rawAbsY":6,"rawX":-10,"rawY":6,"clippedAbsX":10,"clippedAbsY":6,"clippedX":-10,"clippedY":6,"requestedAppliedX":-7.38,"requestedAppliedY":4.428,"appliedX":-7.38,"appliedY":4.428,"actualX":-7.5,"actualY":4,"sensitivity":0.738,"currentZoomForScroll":1.600977654185429,"maxScrollStepX":22,"maxScrollStepY":22,"diagonalEvents":1,"clippedEvents":0}
[DebugBridge +17859.0ms] wheel_scroll_motion {"eventCount":1,"rawAbsX":10,"rawAbsY":6,"rawX":-10,"rawY":6,"clippedAbsX":10,"clippedAbsY":6,"clippedX":-10,"clippedY":6,"requestedAppliedX":-7.38,"requestedAppliedY":4.428,"appliedX":-7.38,"appliedY":4.428,"actualX":-7.5,"actualY":4,"sensitivity":0.738,"currentZoomForScroll":1.600977654185429,"maxScrollStepX":22,"maxScrollStepY":22,"diagonalEvents":1,"clippedEvents":0}
[DebugBridge +17867.0ms] wheel_scroll_motion {"eventCount":1,"rawAbsX":12,"rawAbsY":6,"rawX":-12,"rawY":6,"clippedAbsX":12,"clippedAbsY":6,"clippedX":-12,"clippedY":6,"requestedAppliedX":-8.856,"requestedAppliedY":4.428,"appliedX":-8.856,"appliedY":4.428,"actualX":-9,"actualY":4,"sensitivity":0.738,"currentZoomForScroll":1.600977654185429,"maxScrollStepX":22,"maxScrollStepY":22,"diagonalEvents":1,"clippedEvents":0}
[DebugBridge +17876.5ms] wheel_scroll_motion {"eventCount":1,"rawAbsX":10,"rawAbsY":6,"rawX":-10,"rawY":6,"clippedAbsX":10,"clippedAbsY":6,"clippedX":-10,"clippedY":6,"requestedAppliedX":-7.38,"requestedAppliedY":4.428,"appliedX":-7.38,"appliedY":4.428,"actualX":-7.5,"actualY":4,"sensitivity":0.738,"currentZoomForScroll":1.600977654185429,"maxScrollStepX":22,"maxScrollStepY":22,"diagonalEvents":1,"clippedEvents":0}
[DebugBridge +17883.1ms] wheel_scroll_motion {"eventCount":1,"rawAbsX":12,"rawAbsY":6,"rawX":-12,"rawY":6,"clippedAbsX":12,"clippedAbsY":6,"clippedX":-12,"clippedY":6,"requestedAppliedX":-8.856,"requestedAppliedY":4.428,"appliedX":-8.856,"appliedY":4.428,"actualX":-9,"actualY":4,"sensitivity":0.738,"currentZoomForScroll":1.600977654185429,"maxScrollStepX":22,"maxScrollStepY":22,"diagonalEvents":1,"clippedEvents":0}
[DebugBridge +17892.4ms] wheel_scroll_motion {"eventCount":1,"rawAbsX":12,"rawAbsY":6,"rawX":-12,"rawY":6,"clippedAbsX":12,"clippedAbsY":6,"clippedX":-12,"clippedY":6,"requestedAppliedX":-8.856,"requestedAppliedY":4.428,"appliedX":-8.856,"appliedY":4.428,"actualX":-9,"actualY":4,"sensitivity":0.738,"currentZoomForScroll":1.600977654185429,"maxScrollStepX":22,"maxScrollStepY":22,"diagonalEvents":1,"clippedEvents":0}
[DebugBridge +17899.5ms] wheel_scroll_motion {"eventCount":1,"rawAbsX":10,"rawAbsY":6,"rawX":-10,"rawY":6,"clippedAbsX":10,"clippedAbsY":6,"clippedX":-10,"clippedY":6,"requestedAppliedX":-7.38,"requestedAppliedY":4.428,"appliedX":-7.38,"appliedY":4.428,"actualX":-7.5,"actualY":4,"sensitivity":0.738,"currentZoomForScroll":1.600977654185429,"maxScrollStepX":22,"maxScrollStepY":22,"diagonalEvents":1,"clippedEvents":0}
[DebugBridge +17908.3ms] wheel_scroll_motion {"eventCount":1,"rawAbsX":12,"rawAbsY":6,"rawX":-12,"rawY":6,"clippedAbsX":12,"clippedAbsY":6,"clippedX":-12,"clippedY":6,"requestedAppliedX":-8.856,"requestedAppliedY":4.428,"appliedX":-8.856,"appliedY":4.428,"actualX":-9,"actualY":4,"sensitivity":0.738,"currentZoomForScroll":1.600977654185429,"maxScrollStepX":22,"maxScrollStepY":22,"diagonalEvents":1,"clippedEvents":0}
[DebugBridge +17917.8ms] wheel_scroll_motion {"eventCount":1,"rawAbsX":10,"rawAbsY":6,"rawX":-10,"rawY":6,"clippedAbsX":10,"clippedAbsY":6,"clippedX":-10,"clippedY":6,"requestedAppliedX":-7.38,"requestedAppliedY":4.428,"appliedX":-7.38,"appliedY":4.428,"actualX":-7.5,"actualY":4,"sensitivity":0.738,"currentZoomForScroll":1.600977654185429,"maxScrollStepX":22,"maxScrollStepY":22,"diagonalEvents":1,"clippedEvents":0}
[DebugBridge +17925.7ms] wheel_scroll_motion {"eventCount":1,"rawAbsX":10,"rawAbsY":6,"rawX":-10,"rawY":6,"clippedAbsX":10,"clippedAbsY":6,"clippedX":-10,"clippedY":6,"requestedAppliedX":-7.38,"requestedAppliedY":4.428,"appliedX":-7.38,"appliedY":4.428,"actualX":-7.5,"actualY":4,"sensitivity":0.738,"currentZoomForScroll":1.600977654185429,"maxScrollStepX":22,"maxScrollStepY":22,"diagonalEvents":1,"clippedEvents":0}
[DebugBridge +17933.5ms] wheel_scroll_motion {"eventCount":1,"rawAbsX":10,"rawAbsY":6,"rawX":-10,"rawY":6,"clippedAbsX":10,"clippedAbsY":6,"clippedX":-10,"clippedY":6,"requestedAppliedX":-7.38,"requestedAppliedY":4.428,"appliedX":-7.38,"appliedY":4.428,"actualX":-7.5,"actualY":4,"sensitivity":0.738,"currentZoomForScroll":1.600977654185429,"maxScrollStepX":22,"maxScrollStepY":22,"diagonalEvents":1,"clippedEvents":0}
[DebugBridge +17943.3ms] wheel_scroll_motion {"eventCount":1,"rawAbsX":10,"rawAbsY":6,"rawX":-10,"rawY":6,"clippedAbsX":10,"clippedAbsY":6,"clippedX":-10,"clippedY":6,"requestedAppliedX":-7.38,"requestedAppliedY":4.428,"appliedX":-7.38,"appliedY":4.428,"actualX":-7.5,"actualY":4,"sensitivity":0.738,"currentZoomForScroll":1.600977654185429,"maxScrollStepX":22,"maxScrollStepY":22,"diagonalEvents":1,"clippedEvents":0}
[DebugBridge +17951.6ms] wheel_scroll_motion {"eventCount":1,"rawAbsX":10,"rawAbsY":6,"rawX":-10,"rawY":6,"clippedAbsX":10,"clippedAbsY":6,"clippedX":-10,"clippedY":6,"requestedAppliedX":-7.38,"requestedAppliedY":4.428,"appliedX":-7.38,"appliedY":4.428,"actualX":-7.5,"actualY":4,"sensitivity":0.738,"currentZoomForScroll":1.600977654185429,"maxScrollStepX":22,"maxScrollStepY":22,"diagonalEvents":1,"clippedEvents":0}
[DebugBridge +17959.3ms] wheel_scroll_motion {"eventCount":1,"rawAbsX":8,"rawAbsY":6,"rawX":-8,"rawY":6,"clippedAbsX":8,"clippedAbsY":6,"clippedX":-8,"clippedY":6,"requestedAppliedX":-5.904,"requestedAppliedY":4.428,"appliedX":-5.904,"appliedY":4.428,"actualX":-6,"actualY":4,"sensitivity":0.738,"currentZoomForScroll":1.600977654185429,"maxScrollStepX":22,"maxScrollStepY":22,"diagonalEvents":1,"clippedEvents":0}
[DebugBridge +17966.9ms] wheel_scroll_motion {"eventCount":1,"rawAbsX":8,"rawAbsY":6,"rawX":-8,"rawY":6,"clippedAbsX":8,"clippedAbsY":6,"clippedX":-8,"clippedY":6,"requestedAppliedX":-5.904,"requestedAppliedY":4.428,"appliedX":-5.904,"appliedY":4.428,"actualX":-6,"actualY":4,"sensitivity":0.738,"currentZoomForScroll":1.600977654185429,"maxScrollStepX":22,"maxScrollStepY":22,"diagonalEvents":1,"clippedEvents":0}
[DebugBridge +17975.6ms] wheel_scroll_motion {"eventCount":1,"rawAbsX":8,"rawAbsY":4,"rawX":-8,"rawY":4,"clippedAbsX":8,"clippedAbsY":4,"clippedX":-8,"clippedY":4,"requestedAppliedX":-5.904,"requestedAppliedY":2.952,"appliedX":-5.904,"appliedY":2.952,"actualX":-6,"actualY":2.5,"sensitivity":0.738,"currentZoomForScroll":1.600977654185429,"maxScrollStepX":22,"maxScrollStepY":22,"diagonalEvents":1,"clippedEvents":0}
[DebugBridge +17984.7ms] wheel_scroll_motion {"eventCount":1,"rawAbsX":8,"rawAbsY":4,"rawX":-8,"rawY":4,"clippedAbsX":8,"clippedAbsY":4,"clippedX":-8,"clippedY":4,"requestedAppliedX":-5.904,"requestedAppliedY":2.952,"appliedX":-5.904,"appliedY":2.952,"actualX":-6,"actualY":2.5,"sensitivity":0.738,"currentZoomForScroll":1.600977654185429,"maxScrollStepX":22,"maxScrollStepY":22,"diagonalEvents":1,"clippedEvents":0}
[DebugBridge +17992.7ms] wheel_scroll_motion {"eventCount":2,"rawAbsX":16,"rawAbsY":8,"rawX":-16,"rawY":8,"clippedAbsX":16,"clippedAbsY":8,"clippedX":-16,"clippedY":8,"requestedAppliedX":-11.808,"requestedAppliedY":5.904,"appliedX":-11.808,"appliedY":5.904,"actualX":-12,"actualY":5.5,"sensitivity":0.738,"currentZoomForScroll":1.600977654185429,"maxScrollStepX":22,"maxScrollStepY":22,"diagonalEvents":2,"clippedEvents":0}
[DebugBridge +18008.4ms] wheel_scroll_motion {"eventCount":1,"rawAbsX":6,"rawAbsY":4,"rawX":-6,"rawY":4,"clippedAbsX":6,"clippedAbsY":4,"clippedX":-6,"clippedY":4,"requestedAppliedX":-4.428,"requestedAppliedY":2.952,"appliedX":-4.428,"appliedY":2.952,"actualX":-4.5,"actualY":2.5,"sensitivity":0.738,"currentZoomForScroll":1.600977654185429,"maxScrollStepX":22,"maxScrollStepY":22,"diagonalEvents":1,"clippedEvents":0}
[DebugBridge +18016.3ms] wheel_scroll_motion {"eventCount":1,"rawAbsX":6,"rawAbsY":4,"rawX":-6,"rawY":4,"clippedAbsX":6,"clippedAbsY":4,"clippedX":-6,"clippedY":4,"requestedAppliedX":-4.428,"requestedAppliedY":2.952,"appliedX":-4.428,"appliedY":2.952,"actualX":-4.5,"actualY":2.5,"sensitivity":0.738,"currentZoomForScroll":1.600977654185429,"maxScrollStepX":22,"maxScrollStepY":22,"diagonalEvents":1,"clippedEvents":0}
[DebugBridge +18026.4ms] wheel_scroll_motion {"eventCount":1,"rawAbsX":6,"rawAbsY":4,"rawX":-6,"rawY":4,"clippedAbsX":6,"clippedAbsY":4,"clippedX":-6,"clippedY":4,"requestedAppliedX":-4.428,"requestedAppliedY":2.952,"appliedX":-4.428,"appliedY":2.952,"actualX":-4.5,"actualY":2.5,"sensitivity":0.738,"currentZoomForScroll":1.600977654185429,"maxScrollStepX":22,"maxScrollStepY":22,"diagonalEvents":1,"clippedEvents":0}
[DebugBridge +18059.6ms] wheel_scroll_motion {"eventCount":1,"rawAbsX":24,"rawAbsY":16,"rawX":-24,"rawY":16,"clippedAbsX":24,"clippedAbsY":16,"clippedX":-24,"clippedY":16,"requestedAppliedX":-17.712,"requestedAppliedY":11.808,"appliedX":-17.712,"appliedY":11.808,"actualX":-18,"actualY":11.5,"sensitivity":0.738,"currentZoomForScroll":1.600977654185429,"maxScrollStepX":22,"maxScrollStepY":22,"diagonalEvents":1,"clippedEvents":0}
[DebugBridge +18098.7ms] wheel_scroll_motion {"eventCount":1,"rawAbsX":2,"rawAbsY":2,"rawX":2,"rawY":2,"clippedAbsX":2,"clippedAbsY":2,"clippedX":2,"clippedY":2,"requestedAppliedX":1.476,"requestedAppliedY":1.476,"appliedX":1.476,"appliedY":1.476,"actualX":1,"actualY":1,"sensitivity":0.738,"currentZoomForScroll":1.600977654185429,"maxScrollStepX":22,"maxScrollStepY":22,"diagonalEvents":1,"clippedEvents":0}
[DebugBridge +18107.9ms] wheel_scroll_motion {"eventCount":2,"rawAbsX":12,"rawAbsY":12,"rawX":12,"rawY":12,"clippedAbsX":12,"clippedAbsY":12,"clippedX":12,"clippedY":12,"requestedAppliedX":8.856,"requestedAppliedY":8.856,"appliedX":8.856,"appliedY":8.856,"actualX":8.5,"actualY":8.5,"sensitivity":0.738,"currentZoomForScroll":1.600977654185429,"maxScrollStepX":22,"maxScrollStepY":22,"diagonalEvents":2,"clippedEvents":0}
[DebugBridge +18115.7ms] wheel_scroll_motion {"eventCount":2,"rawAbsX":14,"rawAbsY":18,"rawX":14,"rawY":18,"clippedAbsX":14,"clippedAbsY":18,"clippedX":14,"clippedY":18,"requestedAppliedX":10.332,"requestedAppliedY":13.283999999999999,"appliedX":10.332,"appliedY":13.283999999999999,"actualX":10,"actualY":13,"sensitivity":0.738,"currentZoomForScroll":1.600977654185429,"maxScrollStepX":22,"maxScrollStepY":22,"diagonalEvents":2,"clippedEvents":0}
[DebugBridge +18125.7ms] wheel_scroll_motion {"eventCount":2,"rawAbsX":16,"rawAbsY":24,"rawX":16,"rawY":24,"clippedAbsX":16,"clippedAbsY":24,"clippedX":16,"clippedY":24,"requestedAppliedX":11.808,"requestedAppliedY":17.712,"appliedX":11.808,"appliedY":17.712,"actualX":11.5,"actualY":17.5,"sensitivity":0.738,"currentZoomForScroll":1.600977654185429,"maxScrollStepX":22,"maxScrollStepY":22,"diagonalEvents":2,"clippedEvents":0}
[DebugBridge +18133.1ms] wheel_scroll_motion {"eventCount":2,"rawAbsX":22,"rawAbsY":36,"rawX":22,"rawY":36,"clippedAbsX":22,"clippedAbsY":36,"clippedX":22,"clippedY":36,"requestedAppliedX":16.236,"requestedAppliedY":26.567999999999998,"appliedX":16.236,"appliedY":22,"actualX":16,"actualY":22,"sensitivity":0.738,"currentZoomForScroll":1.600977654185429,"maxScrollStepX":22,"maxScrollStepY":22,"diagonalEvents":2,"clippedEvents":0}
[DebugBridge +18141.6ms] wheel_scroll_motion {"eventCount":2,"rawAbsX":32,"rawAbsY":58,"rawX":32,"rawY":58,"clippedAbsX":32,"clippedAbsY":51.935743679894195,"clippedX":32,"clippedY":51.935743679894195,"requestedAppliedX":21.8448,"requestedAppliedY":35.52892095218573,"appliedX":21.8448,"appliedY":22,"actualX":21.5,"actualY":22,"sensitivity":0.738,"currentZoomForScroll":1.600977654185429,"maxScrollStepX":22,"maxScrollStepY":22,"diagonalEvents":2,"clippedEvents":1}
[DebugBridge +18150.4ms] wheel_scroll_motion {"eventCount":2,"rawAbsX":34,"rawAbsY":74,"rawX":34,"rawY":74,"clippedAbsX":34,"clippedAbsY":53.935743679894195,"clippedX":34,"clippedY":53.935743679894195,"requestedAppliedX":23.1732,"requestedAppliedY":37.00492095218573,"appliedX":22,"appliedY":22,"actualX":22,"actualY":22,"sensitivity":0.738,"currentZoomForScroll":1.600977654185429,"maxScrollStepX":22,"maxScrollStepY":22,"diagonalEvents":2,"clippedEvents":1}
[DebugBridge +18160.1ms] wheel_scroll_motion {"eventCount":2,"rawAbsX":32,"rawAbsY":88,"rawX":32,"rawY":88,"clippedAbsX":32,"clippedAbsY":53.935743679894195,"clippedX":32,"clippedY":53.935743679894195,"requestedAppliedX":21.697200000000002,"requestedAppliedY":37.00492095218573,"appliedX":21.697200000000002,"appliedY":22,"actualX":21.5,"actualY":22,"sensitivity":0.738,"currentZoomForScroll":1.600977654185429,"maxScrollStepX":22,"maxScrollStepY":22,"diagonalEvents":2,"clippedEvents":1}
[DebugBridge +18167.9ms] wheel_scroll_motion {"eventCount":2,"rawAbsX":28,"rawAbsY":94,"rawX":28,"rawY":94,"clippedAbsX":28,"clippedAbsY":51.935743679894195,"clippedX":28,"clippedY":51.935743679894195,"requestedAppliedX":18.8928,"requestedAppliedY":35.52892095218573,"appliedX":18.8928,"appliedY":22,"actualX":18.5,"actualY":22,"sensitivity":0.738,"currentZoomForScroll":1.600977654185429,"maxScrollStepX":22,"maxScrollStepY":22,"diagonalEvents":2,"clippedEvents":1}
[DebugBridge +18175.6ms] wheel_scroll_motion {"eventCount":2,"rawAbsX":16,"rawAbsY":76,"rawX":16,"rawY":76,"clippedAbsX":16,"clippedAbsY":45.935743679894195,"clippedX":16,"clippedY":45.935743679894195,"requestedAppliedX":10.774799999999999,"requestedAppliedY":31.100920952185724,"appliedX":10.774799999999999,"appliedY":22,"actualX":10.5,"actualY":22,"sensitivity":0.738,"currentZoomForScroll":1.600977654185429,"maxScrollStepX":22,"maxScrollStepY":22,"diagonalEvents":2,"clippedEvents":1}
[DebugBridge +18183.3ms] wheel_scroll_motion {"eventCount":2,"rawAbsX":20,"rawAbsY":88,"rawX":20,"rawY":88,"clippedAbsX":20,"clippedAbsY":65.93574367989419,"clippedX":20,"clippedY":65.93574367989419,"requestedAppliedX":13.7268,"requestedAppliedY":45.86092095218572,"appliedX":13.7268,"appliedY":22,"actualX":13.5,"actualY":22,"sensitivity":0.738,"currentZoomForScroll":1.600977654185429,"maxScrollStepX":22,"maxScrollStepY":22,"diagonalEvents":2,"clippedEvents":1}
[DebugBridge +18191.3ms] wheel_scroll_motion {"eventCount":1,"rawAbsX":6,"rawAbsY":28,"rawX":6,"rawY":28,"clippedAbsX":6,"clippedAbsY":28,"clippedX":6,"clippedY":28,"requestedAppliedX":4.428,"requestedAppliedY":20.664,"appliedX":4.428,"appliedY":20.664,"actualX":4,"actualY":20.5,"sensitivity":0.738,"currentZoomForScroll":1.600977654185429,"maxScrollStepX":22,"maxScrollStepY":22,"diagonalEvents":1,"clippedEvents":0}
[DebugBridge +18200.3ms] wheel_scroll_motion {"eventCount":1,"rawAbsX":6,"rawAbsY":28,"rawX":6,"rawY":28,"clippedAbsX":6,"clippedAbsY":28,"clippedX":6,"clippedY":28,"requestedAppliedX":4.428,"requestedAppliedY":20.664,"appliedX":4.428,"appliedY":20.664,"actualX":4,"actualY":20.5,"sensitivity":0.738,"currentZoomForScroll":1.600977654185429,"maxScrollStepX":22,"maxScrollStepY":22,"diagonalEvents":1,"clippedEvents":0}
[DebugBridge +18208.8ms] wheel_scroll_motion {"eventCount":1,"rawAbsX":6,"rawAbsY":18,"rawX":6,"rawY":18,"clippedAbsX":6,"clippedAbsY":18,"clippedX":6,"clippedY":18,"requestedAppliedX":4.428,"requestedAppliedY":13.283999999999999,"appliedX":4.428,"appliedY":13.283999999999999,"actualX":4,"actualY":13,"sensitivity":0.738,"currentZoomForScroll":1.600977654185429,"maxScrollStepX":22,"maxScrollStepY":22,"diagonalEvents":1,"clippedEvents":0}
[DebugBridge +18217.4ms] wheel_scroll_motion {"eventCount":1,"rawAbsX":20,"rawAbsY":78,"rawX":20,"rawY":78,"clippedAbsX":20,"clippedAbsY":37.935743679894195,"clippedX":20,"clippedY":37.935743679894195,"requestedAppliedX":13.284,"requestedAppliedY":25.196920952185724,"appliedX":13.284,"appliedY":22,"actualX":13,"actualY":22,"sensitivity":0.6642,"currentZoomForScroll":1.600977654185429,"maxScrollStepX":22,"maxScrollStepY":22,"diagonalEvents":1,"clippedEvents":1}
[DebugBridge +18227.1ms] wheel_scroll_motion {"eventCount":1,"rawAbsX":24,"rawAbsY":96,"rawX":24,"rawY":96,"clippedAbsX":24,"clippedAbsY":37.935743679894195,"clippedX":24,"clippedY":37.935743679894195,"requestedAppliedX":15.9408,"requestedAppliedY":25.196920952185724,"appliedX":15.9408,"appliedY":22,"actualX":15.5,"actualY":22,"sensitivity":0.6642,"currentZoomForScroll":1.600977654185429,"maxScrollStepX":22,"maxScrollStepY":22,"diagonalEvents":1,"clippedEvents":1}
[DebugBridge +18233.6ms] wheel_scroll_motion {"eventCount":1,"rawAbsX":26,"rawAbsY":102,"rawX":26,"rawY":102,"clippedAbsX":26,"clippedAbsY":37.935743679894195,"clippedX":26,"clippedY":37.935743679894195,"requestedAppliedX":17.2692,"requestedAppliedY":25.196920952185724,"appliedX":17.2692,"appliedY":22,"actualX":17,"actualY":22,"sensitivity":0.6642,"currentZoomForScroll":1.600977654185429,"maxScrollStepX":22,"maxScrollStepY":22,"diagonalEvents":1,"clippedEvents":1}
[DebugBridge +18243.3ms] wheel_scroll_motion {"eventCount":1,"rawAbsX":26,"rawAbsY":100,"rawX":26,"rawY":100,"clippedAbsX":26,"clippedAbsY":37.935743679894195,"clippedX":26,"clippedY":37.935743679894195,"requestedAppliedX":17.2692,"requestedAppliedY":25.196920952185724,"appliedX":17.2692,"appliedY":22,"actualX":17,"actualY":22,"sensitivity":0.6642,"currentZoomForScroll":1.600977654185429,"maxScrollStepX":22,"maxScrollStepY":22,"diagonalEvents":1,"clippedEvents":1}
[DebugBridge +18251.6ms] wheel_scroll_motion {"eventCount":1,"rawAbsX":28,"rawAbsY":102,"rawX":28,"rawY":102,"clippedAbsX":28,"clippedAbsY":37.935743679894195,"clippedX":28,"clippedY":37.935743679894195,"requestedAppliedX":18.5976,"requestedAppliedY":25.196920952185724,"appliedX":18.5976,"appliedY":22,"actualX":18.5,"actualY":22,"sensitivity":0.6642,"currentZoomForScroll":1.600977654185429,"maxScrollStepX":22,"maxScrollStepY":22,"diagonalEvents":1,"clippedEvents":1}
[DebugBridge +18259.9ms] wheel_scroll_motion {"eventCount":1,"rawAbsX":28,"rawAbsY":98,"rawX":28,"rawY":98,"clippedAbsX":28,"clippedAbsY":37.935743679894195,"clippedX":28,"clippedY":37.935743679894195,"requestedAppliedX":18.5976,"requestedAppliedY":25.196920952185724,"appliedX":18.5976,"appliedY":22,"actualX":18.5,"actualY":22,"sensitivity":0.6642,"currentZoomForScroll":1.600977654185429,"maxScrollStepX":22,"maxScrollStepY":22,"diagonalEvents":1,"clippedEvents":1}
[DebugBridge +18299.8ms] wheel_scroll_motion {"eventCount":2,"rawAbsX":160,"rawAbsY":480,"rawX":160,"rawY":480,"clippedAbsX":67.93574367989419,"clippedAbsY":75.87148735978839,"clippedX":67.93574367989419,"clippedY":75.87148735978839,"requestedAppliedX":45.12292095218572,"requestedAppliedY":50.39384190437145,"appliedX":22,"appliedY":22,"actualX":22,"actualY":22,"sensitivity":0.6642,"currentZoomForScroll":1.600977654185429,"maxScrollStepX":22,"maxScrollStepY":22,"diagonalEvents":2,"clippedEvents":2}
[DebugBridge +18308.4ms] wheel_scroll_motion {"eventCount":1,"rawAbsX":30,"rawAbsY":90,"rawX":30,"rawY":90,"clippedAbsX":30,"clippedAbsY":37.935743679894195,"clippedX":30,"clippedY":37.935743679894195,"requestedAppliedX":19.926000000000002,"requestedAppliedY":25.196920952185724,"appliedX":19.926000000000002,"appliedY":22,"actualX":19.5,"actualY":22,"sensitivity":0.6642,"currentZoomForScroll":1.600977654185429,"maxScrollStepX":22,"maxScrollStepY":22,"diagonalEvents":1,"clippedEvents":1}
[DebugBridge +18317.9ms] wheel_scroll_motion {"eventCount":1,"rawAbsX":26,"rawAbsY":86,"rawX":26,"rawY":86,"clippedAbsX":26,"clippedAbsY":37.935743679894195,"clippedX":26,"clippedY":37.935743679894195,"requestedAppliedX":17.2692,"requestedAppliedY":25.196920952185724,"appliedX":17.2692,"appliedY":22,"actualX":17,"actualY":22,"sensitivity":0.6642,"currentZoomForScroll":1.600977654185429,"maxScrollStepX":22,"maxScrollStepY":22,"diagonalEvents":1,"clippedEvents":1}
[DebugBridge +18325.8ms] wheel_scroll_motion {"eventCount":1,"rawAbsX":26,"rawAbsY":86,"rawX":26,"rawY":86,"clippedAbsX":26,"clippedAbsY":37.935743679894195,"clippedX":26,"clippedY":37.935743679894195,"requestedAppliedX":17.2692,"requestedAppliedY":25.196920952185724,"appliedX":17.2692,"appliedY":22,"actualX":17,"actualY":22,"sensitivity":0.6642,"currentZoomForScroll":1.600977654185429,"maxScrollStepX":22,"maxScrollStepY":22,"diagonalEvents":1,"clippedEvents":1}
[DebugBridge +18332.6ms] wheel_scroll_motion {"eventCount":1,"rawAbsX":24,"rawAbsY":80,"rawX":24,"rawY":80,"clippedAbsX":24,"clippedAbsY":37.935743679894195,"clippedX":24,"clippedY":37.935743679894195,"requestedAppliedX":15.9408,"requestedAppliedY":25.196920952185724,"appliedX":15.9408,"appliedY":22,"actualX":15.5,"actualY":22,"sensitivity":0.6642,"currentZoomForScroll":1.600977654185429,"maxScrollStepX":22,"maxScrollStepY":22,"diagonalEvents":1,"clippedEvents":1}
[DebugBridge +18342.9ms] wheel_scroll_motion {"eventCount":1,"rawAbsX":22,"rawAbsY":80,"rawX":22,"rawY":80,"clippedAbsX":22,"clippedAbsY":37.935743679894195,"clippedX":22,"clippedY":37.935743679894195,"requestedAppliedX":14.612400000000001,"requestedAppliedY":25.196920952185724,"appliedX":14.612400000000001,"appliedY":22,"actualX":14.5,"actualY":22,"sensitivity":0.6642,"currentZoomForScroll":1.600977654185429,"maxScrollStepX":22,"maxScrollStepY":22,"diagonalEvents":1,"clippedEvents":1}
[DebugBridge +18351.4ms] wheel_scroll_motion {"eventCount":1,"rawAbsX":22,"rawAbsY":80,"rawX":22,"rawY":80,"clippedAbsX":22,"clippedAbsY":37.935743679894195,"clippedX":22,"clippedY":37.935743679894195,"requestedAppliedX":14.612400000000001,"requestedAppliedY":25.196920952185724,"appliedX":14.612400000000001,"appliedY":22,"actualX":14.5,"actualY":22,"sensitivity":0.6642,"currentZoomForScroll":1.600977654185429,"maxScrollStepX":22,"maxScrollStepY":22,"diagonalEvents":1,"clippedEvents":1}
[DebugBridge +18359.3ms] wheel_scroll_motion {"eventCount":1,"rawAbsX":22,"rawAbsY":76,"rawX":22,"rawY":76,"clippedAbsX":22,"clippedAbsY":37.935743679894195,"clippedX":22,"clippedY":37.935743679894195,"requestedAppliedX":14.612400000000001,"requestedAppliedY":25.196920952185724,"appliedX":14.612400000000001,"appliedY":22,"actualX":14.5,"actualY":22,"sensitivity":0.6642,"currentZoomForScroll":1.600977654185429,"maxScrollStepX":22,"maxScrollStepY":22,"diagonalEvents":1,"clippedEvents":1}
[DebugBridge +18367.6ms] wheel_scroll_motion {"eventCount":1,"rawAbsX":22,"rawAbsY":72,"rawX":22,"rawY":72,"clippedAbsX":22,"clippedAbsY":37.935743679894195,"clippedX":22,"clippedY":37.935743679894195,"requestedAppliedX":14.612400000000001,"requestedAppliedY":25.196920952185724,"appliedX":14.612400000000001,"appliedY":22,"actualX":14.5,"actualY":22,"sensitivity":0.6642,"currentZoomForScroll":1.600977654185429,"maxScrollStepX":22,"maxScrollStepY":22,"diagonalEvents":1,"clippedEvents":1}
[DebugBridge +18375.3ms] wheel_scroll_motion {"eventCount":1,"rawAbsX":20,"rawAbsY":68,"rawX":20,"rawY":68,"clippedAbsX":20,"clippedAbsY":37.935743679894195,"clippedX":20,"clippedY":37.935743679894195,"requestedAppliedX":13.284,"requestedAppliedY":25.196920952185724,"appliedX":13.284,"appliedY":22,"actualX":13,"actualY":22,"sensitivity":0.6642,"currentZoomForScroll":1.600977654185429,"maxScrollStepX":22,"maxScrollStepY":22,"diagonalEvents":1,"clippedEvents":1}
[DebugBridge +18384.5ms] wheel_scroll_motion {"eventCount":1,"rawAbsX":20,"rawAbsY":68,"rawX":20,"rawY":68,"clippedAbsX":20,"clippedAbsY":37.935743679894195,"clippedX":20,"clippedY":37.935743679894195,"requestedAppliedX":13.284,"requestedAppliedY":25.196920952185724,"appliedX":13.284,"appliedY":22,"actualX":13,"actualY":22,"sensitivity":0.6642,"currentZoomForScroll":1.600977654185429,"maxScrollStepX":22,"maxScrollStepY":22,"diagonalEvents":1,"clippedEvents":1}
[DebugBridge +18391.8ms] wheel_scroll_motion {"eventCount":1,"rawAbsX":18,"rawAbsY":64,"rawX":18,"rawY":64,"clippedAbsX":18,"clippedAbsY":37.935743679894195,"clippedX":18,"clippedY":37.935743679894195,"requestedAppliedX":11.9556,"requestedAppliedY":25.196920952185724,"appliedX":11.9556,"appliedY":22,"actualX":11.5,"actualY":22,"sensitivity":0.6642,"currentZoomForScroll":1.600977654185429,"maxScrollStepX":22,"maxScrollStepY":22,"diagonalEvents":1,"clippedEvents":1}
[DebugBridge +18399.2ms] wheel_scroll_motion {"eventCount":1,"rawAbsX":18,"rawAbsY":62,"rawX":18,"rawY":62,"clippedAbsX":18,"clippedAbsY":37.935743679894195,"clippedX":18,"clippedY":37.935743679894195,"requestedAppliedX":11.9556,"requestedAppliedY":25.196920952185724,"appliedX":11.9556,"appliedY":22,"actualX":11.5,"actualY":22,"sensitivity":0.6642,"currentZoomForScroll":1.600977654185429,"maxScrollStepX":22,"maxScrollStepY":22,"diagonalEvents":1,"clippedEvents":1}
[DebugBridge +18408.9ms] wheel_scroll_motion {"eventCount":1,"rawAbsX":16,"rawAbsY":60,"rawX":16,"rawY":60,"clippedAbsX":16,"clippedAbsY":37.935743679894195,"clippedX":16,"clippedY":37.935743679894195,"requestedAppliedX":10.6272,"requestedAppliedY":25.196920952185724,"appliedX":10.6272,"appliedY":22,"actualX":10.5,"actualY":22,"sensitivity":0.6642,"currentZoomForScroll":1.600977654185429,"maxScrollStepX":22,"maxScrollStepY":22,"diagonalEvents":1,"clippedEvents":1}
[DebugBridge +18419.0ms] wheel_scroll_motion {"eventCount":1,"rawAbsX":16,"rawAbsY":60,"rawX":16,"rawY":60,"clippedAbsX":16,"clippedAbsY":37.935743679894195,"clippedX":16,"clippedY":37.935743679894195,"requestedAppliedX":10.6272,"requestedAppliedY":25.196920952185724,"appliedX":10.6272,"appliedY":22,"actualX":10.5,"actualY":22,"sensitivity":0.6642,"currentZoomForScroll":1.600977654185429,"maxScrollStepX":22,"maxScrollStepY":22,"diagonalEvents":1,"clippedEvents":1}
[DebugBridge +18425.0ms] wheel_scroll_motion {"eventCount":1,"rawAbsX":16,"rawAbsY":56,"rawX":16,"rawY":56,"clippedAbsX":16,"clippedAbsY":37.935743679894195,"clippedX":16,"clippedY":37.935743679894195,"requestedAppliedX":10.6272,"requestedAppliedY":25.196920952185724,"appliedX":10.6272,"appliedY":22,"actualX":10.5,"actualY":22,"sensitivity":0.6642,"currentZoomForScroll":1.600977654185429,"maxScrollStepX":22,"maxScrollStepY":22,"diagonalEvents":1,"clippedEvents":1}
[DebugBridge +18434.3ms] wheel_scroll_motion {"eventCount":1,"rawAbsX":14,"rawAbsY":56,"rawX":14,"rawY":56,"clippedAbsX":14,"clippedAbsY":37.935743679894195,"clippedX":14,"clippedY":37.935743679894195,"requestedAppliedX":9.2988,"requestedAppliedY":25.196920952185724,"appliedX":9.2988,"appliedY":22,"actualX":9,"actualY":22,"sensitivity":0.6642,"currentZoomForScroll":1.600977654185429,"maxScrollStepX":22,"maxScrollStepY":22,"diagonalEvents":1,"clippedEvents":1}
[DebugBridge +18441.8ms] wheel_scroll_motion {"eventCount":1,"rawAbsX":14,"rawAbsY":54,"rawX":14,"rawY":54,"clippedAbsX":14,"clippedAbsY":37.935743679894195,"clippedX":14,"clippedY":37.935743679894195,"requestedAppliedX":9.2988,"requestedAppliedY":25.196920952185724,"appliedX":9.2988,"appliedY":22,"actualX":9,"actualY":22,"sensitivity":0.6642,"currentZoomForScroll":1.600977654185429,"maxScrollStepX":22,"maxScrollStepY":22,"diagonalEvents":1,"clippedEvents":1}
[DebugBridge +18449.8ms] wheel_scroll_motion {"eventCount":1,"rawAbsX":14,"rawAbsY":50,"rawX":14,"rawY":50,"clippedAbsX":14,"clippedAbsY":37.935743679894195,"clippedX":14,"clippedY":37.935743679894195,"requestedAppliedX":9.2988,"requestedAppliedY":25.196920952185724,"appliedX":9.2988,"appliedY":22,"actualX":9,"actualY":22,"sensitivity":0.6642,"currentZoomForScroll":1.600977654185429,"maxScrollStepX":22,"maxScrollStepY":22,"diagonalEvents":1,"clippedEvents":1}
[DebugBridge +18545.6ms] wheel_scroll_motion {"eventCount":1,"rawAbsX":6,"rawAbsY":8,"rawX":6,"rawY":8,"clippedAbsX":6,"clippedAbsY":8,"clippedX":6,"clippedY":8,"requestedAppliedX":4.428,"requestedAppliedY":5.904,"appliedX":4.428,"appliedY":5.904,"actualX":4,"actualY":5.5,"sensitivity":0.738,"currentZoomForScroll":1.600977654185429,"maxScrollStepX":22,"maxScrollStepY":22,"diagonalEvents":1,"clippedEvents":0}
[DebugBridge +18548.7ms] wheel_scroll_motion {"eventCount":1,"rawAbsX":128,"rawAbsY":42,"rawX":128,"rawY":42,"clippedAbsX":37.935743679894195,"clippedAbsY":37.935743679894195,"clippedX":37.935743679894195,"clippedY":37.935743679894195,"requestedAppliedX":25.196920952185724,"requestedAppliedY":25.196920952185724,"appliedX":22,"appliedY":22,"actualX":22,"actualY":22,"sensitivity":0.6642,"currentZoomForScroll":1.600977654185429,"maxScrollStepX":22,"maxScrollStepY":22,"diagonalEvents":1,"clippedEvents":1}
[DebugBridge +18557.0ms] wheel_scroll_motion {"eventCount":3,"rawAbsX":60,"rawAbsY":8,"rawX":60,"rawY":-8,"clippedAbsX":60,"clippedAbsY":8,"clippedX":60,"clippedY":-8,"requestedAppliedX":44.28,"requestedAppliedY":-5.904,"appliedX":22,"appliedY":-5.904,"actualX":22,"actualY":-6,"sensitivity":0.738,"currentZoomForScroll":1.600977654185429,"maxScrollStepX":22,"maxScrollStepY":22,"diagonalEvents":3,"clippedEvents":0}
[DebugBridge +18568.2ms] wheel_scroll_motion {"eventCount":1,"rawAbsX":32,"rawAbsY":12,"rawX":32,"rawY":-12,"clippedAbsX":32,"clippedAbsY":12,"clippedX":32,"clippedY":-12,"requestedAppliedX":23.616,"requestedAppliedY":-8.856,"appliedX":22,"appliedY":-8.856,"actualX":22,"actualY":-9,"sensitivity":0.738,"currentZoomForScroll":1.600977654185429,"maxScrollStepX":22,"maxScrollStepY":22,"diagonalEvents":1,"clippedEvents":0}
[DebugBridge +18574.8ms] wheel_scroll_motion {"eventCount":1,"rawAbsX":32,"rawAbsY":20,"rawX":32,"rawY":-20,"clippedAbsX":32,"clippedAbsY":20,"clippedX":32,"clippedY":-20,"requestedAppliedX":23.616,"requestedAppliedY":-14.76,"appliedX":22,"appliedY":-14.76,"actualX":22,"actualY":-15,"sensitivity":0.738,"currentZoomForScroll":1.600977654185429,"maxScrollStepX":22,"maxScrollStepY":22,"diagonalEvents":1,"clippedEvents":0}
[DebugBridge +18582.7ms] wheel_scroll_motion {"eventCount":1,"rawAbsX":24,"rawAbsY":26,"rawX":24,"rawY":-26,"clippedAbsX":24,"clippedAbsY":26,"clippedX":24,"clippedY":-26,"requestedAppliedX":17.712,"requestedAppliedY":-19.188,"appliedX":17.712,"appliedY":-19.188,"actualX":17.5,"actualY":-19.5,"sensitivity":0.738,"currentZoomForScroll":1.600977654185429,"maxScrollStepX":22,"maxScrollStepY":22,"diagonalEvents":1,"clippedEvents":0}
[DebugBridge +18592.2ms] wheel_scroll_motion {"eventCount":1,"rawAbsX":14,"rawAbsY":24,"rawX":14,"rawY":-24,"clippedAbsX":14,"clippedAbsY":24,"clippedX":14,"clippedY":-24,"requestedAppliedX":10.332,"requestedAppliedY":-17.712,"appliedX":10.332,"appliedY":-17.712,"actualX":10,"actualY":-18,"sensitivity":0.738,"currentZoomForScroll":1.600977654185429,"maxScrollStepX":22,"maxScrollStepY":22,"diagonalEvents":1,"clippedEvents":0}
[DebugBridge +18600.4ms] wheel_scroll_motion {"eventCount":1,"rawAbsX":14,"rawAbsY":30,"rawX":14,"rawY":-30,"clippedAbsX":14,"clippedAbsY":30,"clippedX":14,"clippedY":-30,"requestedAppliedX":10.332,"requestedAppliedY":-22.14,"appliedX":10.332,"appliedY":-22,"actualX":10,"actualY":-22,"sensitivity":0.738,"currentZoomForScroll":1.600977654185429,"maxScrollStepX":22,"maxScrollStepY":22,"diagonalEvents":1,"clippedEvents":0}
[DebugBridge +18609.5ms] wheel_scroll_motion {"eventCount":2,"rawAbsX":10,"rawAbsY":38,"rawX":10,"rawY":-38,"clippedAbsX":10,"clippedAbsY":38,"clippedX":10,"clippedY":-38,"requestedAppliedX":7.38,"requestedAppliedY":-28.044,"appliedX":7.38,"appliedY":-22,"actualX":7,"actualY":-22,"sensitivity":0.738,"currentZoomForScroll":1.600977654185429,"maxScrollStepX":22,"maxScrollStepY":22,"diagonalEvents":2,"clippedEvents":0}
[DebugBridge +18616.2ms] wheel_scroll_motion {"eventCount":2,"rawAbsX":6,"rawAbsY":36,"rawX":6,"rawY":-36,"clippedAbsX":6,"clippedAbsY":36,"clippedX":6,"clippedY":-36,"requestedAppliedX":4.428,"requestedAppliedY":-26.568,"appliedX":4.428,"appliedY":-22,"actualX":4,"actualY":-22,"sensitivity":0.738,"currentZoomForScroll":1.600977654185429,"maxScrollStepX":22,"maxScrollStepY":22,"diagonalEvents":2,"clippedEvents":0}
[DebugBridge +18624.7ms] wheel_scroll_motion {"eventCount":2,"rawAbsX":4,"rawAbsY":34,"rawX":4,"rawY":-34,"clippedAbsX":4,"clippedAbsY":34,"clippedX":4,"clippedY":-34,"requestedAppliedX":2.952,"requestedAppliedY":-25.092,"appliedX":2.952,"appliedY":-22,"actualX":2.5,"actualY":-22,"sensitivity":0.738,"currentZoomForScroll":1.600977654185429,"maxScrollStepX":22,"maxScrollStepY":22,"diagonalEvents":2,"clippedEvents":0}
[DebugBridge +18632.9ms] wheel_scroll_motion {"eventCount":2,"rawAbsX":4,"rawAbsY":30,"rawX":-4,"rawY":-30,"clippedAbsX":4,"clippedAbsY":30,"clippedX":-4,"clippedY":-30,"requestedAppliedX":-2.952,"requestedAppliedY":-22.14,"appliedX":-2.952,"appliedY":-22,"actualX":-3,"actualY":-22,"sensitivity":0.738,"currentZoomForScroll":1.600977654185429,"maxScrollStepX":22,"maxScrollStepY":22,"diagonalEvents":2,"clippedEvents":0}
[DebugBridge +18643.1ms] wheel_scroll_motion {"eventCount":2,"rawAbsX":6,"rawAbsY":30,"rawX":-6,"rawY":-30,"clippedAbsX":6,"clippedAbsY":30,"clippedX":-6,"clippedY":-30,"requestedAppliedX":-4.428,"requestedAppliedY":-22.14,"appliedX":-4.428,"appliedY":-22,"actualX":-4.5,"actualY":-22,"sensitivity":0.738,"currentZoomForScroll":1.600977654185429,"maxScrollStepX":22,"maxScrollStepY":22,"diagonalEvents":2,"clippedEvents":0}
[DebugBridge +18651.0ms] wheel_scroll_motion {"eventCount":2,"rawAbsX":14,"rawAbsY":24,"rawX":-14,"rawY":-24,"clippedAbsX":14,"clippedAbsY":24,"clippedX":-14,"clippedY":-24,"requestedAppliedX":-10.332,"requestedAppliedY":-17.712,"appliedX":-10.332,"appliedY":-17.712,"actualX":-10.5,"actualY":-18,"sensitivity":0.738,"currentZoomForScroll":1.600977654185429,"maxScrollStepX":22,"maxScrollStepY":22,"diagonalEvents":2,"clippedEvents":0}
[DebugBridge +18658.6ms] wheel_scroll_motion {"eventCount":2,"rawAbsX":28,"rawAbsY":30,"rawX":-28,"rawY":-30,"clippedAbsX":28,"clippedAbsY":30,"clippedX":-28,"clippedY":-30,"requestedAppliedX":-20.664,"requestedAppliedY":-22.14,"appliedX":-20.664,"appliedY":-22,"actualX":-21,"actualY":-22,"sensitivity":0.738,"currentZoomForScroll":1.600977654185429,"maxScrollStepX":22,"maxScrollStepY":22,"diagonalEvents":2,"clippedEvents":0}
[DebugBridge +18667.3ms] wheel_scroll_motion {"eventCount":2,"rawAbsX":36,"rawAbsY":18,"rawX":-36,"rawY":-18,"clippedAbsX":36,"clippedAbsY":18,"clippedX":-36,"clippedY":-18,"requestedAppliedX":-26.568,"requestedAppliedY":-13.284,"appliedX":-22,"appliedY":-13.284,"actualX":-22,"actualY":-13.5,"sensitivity":0.738,"currentZoomForScroll":1.600977654185429,"maxScrollStepX":22,"maxScrollStepY":22,"diagonalEvents":2,"clippedEvents":0}
[DebugBridge +18675.7ms] wheel_scroll_motion {"eventCount":2,"rawAbsX":44,"rawAbsY":14,"rawX":-44,"rawY":-14,"clippedAbsX":44,"clippedAbsY":14,"clippedX":-44,"clippedY":-14,"requestedAppliedX":-32.471999999999994,"requestedAppliedY":-10.332,"appliedX":-22,"appliedY":-10.332,"actualX":-22,"actualY":-10.5,"sensitivity":0.738,"currentZoomForScroll":1.600977654185429,"maxScrollStepX":22,"maxScrollStepY":22,"diagonalEvents":2,"clippedEvents":0}
[DebugBridge +18684.6ms] wheel_scroll_motion {"eventCount":2,"rawAbsX":56,"rawAbsY":8,"rawX":-56,"rawY":-8,"clippedAbsX":45.935743679894195,"clippedAbsY":8,"clippedX":-45.935743679894195,"clippedY":-8,"requestedAppliedX":-31.100920952185724,"requestedAppliedY":-5.4612,"appliedX":-22,"appliedY":-5.4612,"actualX":-22,"actualY":-5.5,"sensitivity":0.738,"currentZoomForScroll":1.600977654185429,"maxScrollStepX":22,"maxScrollStepY":22,"diagonalEvents":2,"clippedEvents":1}
[DebugBridge +18692.0ms] wheel_scroll_motion {"eventCount":2,"rawAbsX":60,"rawAbsY":6,"rawX":-60,"rawY":-6,"clippedAbsX":43.935743679894195,"clippedAbsY":6,"clippedX":-43.935743679894195,"clippedY":-6,"requestedAppliedX":-29.624920952185725,"requestedAppliedY":-4.1328,"appliedX":-22,"appliedY":-4.1328,"actualX":-22,"actualY":-4.5,"sensitivity":0.738,"currentZoomForScroll":1.600977654185429,"maxScrollStepX":22,"maxScrollStepY":22,"diagonalEvents":2,"clippedEvents":1}
[DebugBridge +18700.6ms] wheel_scroll_motion {"eventCount":2,"rawAbsX":84,"rawAbsY":6,"rawX":-84,"rawY":-6,"clippedAbsX":73.93574367989419,"clippedAbsY":6,"clippedX":-73.93574367989419,"clippedY":-6,"requestedAppliedX":-51.76492095218572,"requestedAppliedY":-4.1328,"appliedX":-22,"appliedY":-4.1328,"actualX":-22,"actualY":-4.5,"sensitivity":0.738,"currentZoomForScroll":1.600977654185429,"maxScrollStepX":22,"maxScrollStepY":22,"diagonalEvents":2,"clippedEvents":1}
[DebugBridge +18710.1ms] wheel_scroll_motion {"eventCount":1,"rawAbsX":34,"rawAbsY":0,"rawX":-34,"rawY":0,"clippedAbsX":34,"clippedAbsY":0,"clippedX":-34,"clippedY":0,"requestedAppliedX":-27.88,"requestedAppliedY":0,"appliedX":-22,"appliedY":0,"actualX":-22,"actualY":0,"sensitivity":0.82,"currentZoomForScroll":1.600977654185429,"maxScrollStepX":22,"maxScrollStepY":22,"diagonalEvents":0,"clippedEvents":0}
[DebugBridge +18717.5ms] wheel_scroll_motion {"eventCount":1,"rawAbsX":34,"rawAbsY":4,"rawX":-34,"rawY":4,"clippedAbsX":34,"clippedAbsY":4,"clippedX":-34,"clippedY":4,"requestedAppliedX":-25.092,"requestedAppliedY":2.952,"appliedX":-22,"appliedY":2.952,"actualX":-22,"actualY":2.5,"sensitivity":0.738,"currentZoomForScroll":1.600977654185429,"maxScrollStepX":22,"maxScrollStepY":22,"diagonalEvents":1,"clippedEvents":0}
[DebugBridge +18725.8ms] wheel_scroll_motion {"eventCount":1,"rawAbsX":40,"rawAbsY":4,"rawX":-40,"rawY":4,"clippedAbsX":37.935743679894195,"clippedAbsY":4,"clippedX":-37.935743679894195,"clippedY":4,"requestedAppliedX":-25.196920952185724,"requestedAppliedY":2.6568,"appliedX":-22,"appliedY":2.6568,"actualX":-22,"actualY":2.5,"sensitivity":0.6642,"currentZoomForScroll":1.600977654185429,"maxScrollStepX":22,"maxScrollStepY":22,"diagonalEvents":1,"clippedEvents":1}
[DebugBridge +18732.6ms] wheel_scroll_motion {"eventCount":2,"rawAbsX":44,"rawAbsY":10,"rawX":-44,"rawY":10,"clippedAbsX":44,"clippedAbsY":10,"clippedX":-44,"clippedY":10,"requestedAppliedX":-32.472,"requestedAppliedY":7.38,"appliedX":-22,"appliedY":7.38,"actualX":-22,"actualY":7,"sensitivity":0.738,"currentZoomForScroll":1.600977654185429,"maxScrollStepX":22,"maxScrollStepY":22,"diagonalEvents":2,"clippedEvents":0}
[DebugBridge +18744.1ms] wheel_scroll_motion {"eventCount":2,"rawAbsX":26,"rawAbsY":10,"rawX":-26,"rawY":10,"clippedAbsX":26,"clippedAbsY":10,"clippedX":-26,"clippedY":10,"requestedAppliedX":-19.188,"requestedAppliedY":7.38,"appliedX":-19.188,"appliedY":7.38,"actualX":-19.5,"actualY":7,"sensitivity":0.738,"currentZoomForScroll":1.600977654185429,"maxScrollStepX":22,"maxScrollStepY":22,"diagonalEvents":2,"clippedEvents":0}
[DebugBridge +18749.5ms] wheel_scroll_motion {"eventCount":1,"rawAbsX":12,"rawAbsY":4,"rawX":-12,"rawY":4,"clippedAbsX":12,"clippedAbsY":4,"clippedX":-12,"clippedY":4,"requestedAppliedX":-8.856,"requestedAppliedY":2.952,"appliedX":-8.856,"appliedY":2.952,"actualX":-9,"actualY":2.5,"sensitivity":0.738,"currentZoomForScroll":1.600977654185429,"maxScrollStepX":22,"maxScrollStepY":22,"diagonalEvents":1,"clippedEvents":0}
[DebugBridge +18784.5ms] wheel_scroll_motion {"eventCount":1,"rawAbsX":52,"rawAbsY":24,"rawX":-52,"rawY":24,"clippedAbsX":37.935743679894195,"clippedAbsY":24,"clippedX":-37.935743679894195,"clippedY":24,"requestedAppliedX":-25.196920952185724,"requestedAppliedY":15.9408,"appliedX":-22,"appliedY":15.9408,"actualX":-22,"actualY":15.5,"sensitivity":0.6642,"currentZoomForScroll":1.600977654185429,"maxScrollStepX":22,"maxScrollStepY":22,"diagonalEvents":1,"clippedEvents":1}
[DebugBridge +18791.5ms] wheel_scroll_motion {"eventCount":2,"rawAbsX":6,"rawAbsY":4,"rawX":-6,"rawY":4,"clippedAbsX":6,"clippedAbsY":4,"clippedX":-6,"clippedY":4,"requestedAppliedX":-4.428,"requestedAppliedY":2.952,"appliedX":-4.428,"appliedY":2.952,"actualX":-4.5,"actualY":2.5,"sensitivity":0.738,"currentZoomForScroll":1.600977654185429,"maxScrollStepX":22,"maxScrollStepY":22,"diagonalEvents":2,"clippedEvents":0}
[DebugBridge +18800.0ms] wheel_scroll_motion {"eventCount":2,"rawAbsX":4,"rawAbsY":4,"rawX":-4,"rawY":4,"clippedAbsX":4,"clippedAbsY":4,"clippedX":-4,"clippedY":4,"requestedAppliedX":-2.952,"requestedAppliedY":2.952,"appliedX":-2.952,"appliedY":2.952,"actualX":-3,"actualY":2.5,"sensitivity":0.738,"currentZoomForScroll":1.600977654185429,"maxScrollStepX":22,"maxScrollStepY":22,"diagonalEvents":2,"clippedEvents":0}
[DebugBridge +18807.7ms] wheel_scroll_motion {"eventCount":1,"rawAbsX":2,"rawAbsY":2,"rawX":-2,"rawY":2,"clippedAbsX":2,"clippedAbsY":2,"clippedX":-2,"clippedY":2,"requestedAppliedX":-1.476,"requestedAppliedY":1.476,"appliedX":-1.476,"appliedY":1.476,"actualX":-1.5,"actualY":1,"sensitivity":0.738,"currentZoomForScroll":1.600977654185429,"maxScrollStepX":22,"maxScrollStepY":22,"diagonalEvents":1,"clippedEvents":0}
[DebugBridge +18816.8ms] wheel_scroll_motion {"eventCount":1,"rawAbsX":8,"rawAbsY":0,"rawX":8,"rawY":0,"clippedAbsX":8,"clippedAbsY":0,"clippedX":8,"clippedY":0,"requestedAppliedX":6.56,"requestedAppliedY":0,"appliedX":6.56,"appliedY":0,"actualX":6.5,"actualY":0,"sensitivity":0.82,"currentZoomForScroll":1.600977654185429,"maxScrollStepX":22,"maxScrollStepY":22,"diagonalEvents":0,"clippedEvents":0}
[DebugBridge +18826.1ms] wheel_scroll_motion {"eventCount":2,"rawAbsX":16,"rawAbsY":2,"rawX":16,"rawY":-2,"clippedAbsX":16,"clippedAbsY":2,"clippedX":16,"clippedY":-2,"requestedAppliedX":11.972000000000001,"requestedAppliedY":-1.476,"appliedX":11.972000000000001,"appliedY":-1.476,"actualX":11.5,"actualY":-1.5,"sensitivity":0.738,"currentZoomForScroll":1.600977654185429,"maxScrollStepX":22,"maxScrollStepY":22,"diagonalEvents":1,"clippedEvents":0}
[DebugBridge +18832.8ms] wheel_scroll_motion {"eventCount":2,"rawAbsX":20,"rawAbsY":4,"rawX":20,"rawY":-4,"clippedAbsX":20,"clippedAbsY":4,"clippedX":20,"clippedY":-4,"requestedAppliedX":14.76,"requestedAppliedY":-2.952,"appliedX":14.76,"appliedY":-2.952,"actualX":14.5,"actualY":-3,"sensitivity":0.738,"currentZoomForScroll":1.600977654185429,"maxScrollStepX":22,"maxScrollStepY":22,"diagonalEvents":2,"clippedEvents":0}
[DebugBridge +18842.1ms] wheel_scroll_motion {"eventCount":1,"rawAbsX":32,"rawAbsY":2,"rawX":32,"rawY":-2,"clippedAbsX":32,"clippedAbsY":2,"clippedX":32,"clippedY":-2,"requestedAppliedX":23.616,"requestedAppliedY":-1.476,"appliedX":22,"appliedY":-1.476,"actualX":22,"actualY":-1.5,"sensitivity":0.738,"currentZoomForScroll":1.600977654185429,"maxScrollStepX":22,"maxScrollStepY":22,"diagonalEvents":1,"clippedEvents":0}
[DebugBridge +18849.2ms] wheel_scroll_motion {"eventCount":1,"rawAbsX":46,"rawAbsY":2,"rawX":46,"rawY":-2,"clippedAbsX":37.935743679894195,"clippedAbsY":2,"clippedX":37.935743679894195,"clippedY":-2,"requestedAppliedX":25.196920952185724,"requestedAppliedY":-1.3284,"appliedX":22,"appliedY":-1.3284,"actualX":22,"actualY":-1.5,"sensitivity":0.6642,"currentZoomForScroll":1.600977654185429,"maxScrollStepX":22,"maxScrollStepY":22,"diagonalEvents":1,"clippedEvents":1}
[DebugBridge +18858.8ms] wheel_scroll_motion {"eventCount":1,"rawAbsX":46,"rawAbsY":0,"rawX":46,"rawY":0,"clippedAbsX":37.935743679894195,"clippedAbsY":0,"clippedX":37.935743679894195,"clippedY":0,"requestedAppliedX":27.996578835761916,"requestedAppliedY":0,"appliedX":22,"appliedY":0,"actualX":22,"actualY":0,"sensitivity":0.738,"currentZoomForScroll":1.600977654185429,"maxScrollStepX":22,"maxScrollStepY":22,"diagonalEvents":0,"clippedEvents":1}
[DebugBridge +18866.2ms] wheel_scroll_motion {"eventCount":2,"rawAbsX":52,"rawAbsY":4,"rawX":52,"rawY":-4,"clippedAbsX":52,"clippedAbsY":4,"clippedX":52,"clippedY":-4,"requestedAppliedX":38.376000000000005,"requestedAppliedY":-2.952,"appliedX":22,"appliedY":-2.952,"actualX":22,"actualY":-3,"sensitivity":0.738,"currentZoomForScroll":1.600977654185429,"maxScrollStepX":22,"maxScrollStepY":22,"diagonalEvents":2,"clippedEvents":0}
[DebugBridge +18875.0ms] wheel_scroll_motion {"eventCount":2,"rawAbsX":32,"rawAbsY":4,"rawX":32,"rawY":-4,"clippedAbsX":32,"clippedAbsY":4,"clippedX":32,"clippedY":-4,"requestedAppliedX":23.616,"requestedAppliedY":-2.952,"appliedX":22,"appliedY":-2.952,"actualX":22,"actualY":-3,"sensitivity":0.738,"currentZoomForScroll":1.600977654185429,"maxScrollStepX":22,"maxScrollStepY":22,"diagonalEvents":2,"clippedEvents":0}
[DebugBridge +18884.5ms] wheel_scroll_motion {"eventCount":2,"rawAbsX":42,"rawAbsY":4,"rawX":42,"rawY":-4,"clippedAbsX":42,"clippedAbsY":4,"clippedX":42,"clippedY":-4,"requestedAppliedX":30.996,"requestedAppliedY":-2.952,"appliedX":22,"appliedY":-2.952,"actualX":22,"actualY":-3,"sensitivity":0.738,"currentZoomForScroll":1.600977654185429,"maxScrollStepX":22,"maxScrollStepY":22,"diagonalEvents":2,"clippedEvents":0}
[DebugBridge +18891.7ms] wheel_scroll_motion {"eventCount":2,"rawAbsX":34,"rawAbsY":4,"rawX":34,"rawY":-4,"clippedAbsX":34,"clippedAbsY":4,"clippedX":34,"clippedY":-4,"requestedAppliedX":25.092,"requestedAppliedY":-2.952,"appliedX":22,"appliedY":-2.952,"actualX":22,"actualY":-3,"sensitivity":0.738,"currentZoomForScroll":1.600977654185429,"maxScrollStepX":22,"maxScrollStepY":22,"diagonalEvents":2,"clippedEvents":0}
[DebugBridge +18899.5ms] wheel_scroll_motion {"eventCount":2,"rawAbsX":26,"rawAbsY":4,"rawX":26,"rawY":-4,"clippedAbsX":26,"clippedAbsY":4,"clippedX":26,"clippedY":-4,"requestedAppliedX":19.188,"requestedAppliedY":-2.952,"appliedX":19.188,"appliedY":-2.952,"actualX":19,"actualY":-3,"sensitivity":0.738,"currentZoomForScroll":1.600977654185429,"maxScrollStepX":22,"maxScrollStepY":22,"diagonalEvents":2,"clippedEvents":0}
[DebugBridge +18908.3ms] wheel_scroll_motion {"eventCount":2,"rawAbsX":14,"rawAbsY":4,"rawX":14,"rawY":-4,"clippedAbsX":14,"clippedAbsY":4,"clippedX":14,"clippedY":-4,"requestedAppliedX":10.332,"requestedAppliedY":-2.952,"appliedX":10.332,"appliedY":-2.952,"actualX":10,"actualY":-3,"sensitivity":0.738,"currentZoomForScroll":1.600977654185429,"maxScrollStepX":22,"maxScrollStepY":22,"diagonalEvents":2,"clippedEvents":0}
[DebugBridge +18917.5ms] wheel_scroll_motion {"eventCount":2,"rawAbsX":20,"rawAbsY":6,"rawX":20,"rawY":-6,"clippedAbsX":20,"clippedAbsY":6,"clippedX":20,"clippedY":-6,"requestedAppliedX":14.760000000000002,"requestedAppliedY":-4.428,"appliedX":14.760000000000002,"appliedY":-4.428,"actualX":14.5,"actualY":-4.5,"sensitivity":0.738,"currentZoomForScroll":1.600977654185429,"maxScrollStepX":22,"maxScrollStepY":22,"diagonalEvents":2,"clippedEvents":0}
[DebugBridge +18924.1ms] wheel_scroll_motion {"eventCount":2,"rawAbsX":14,"rawAbsY":6,"rawX":14,"rawY":-6,"clippedAbsX":14,"clippedAbsY":6,"clippedX":14,"clippedY":-6,"requestedAppliedX":10.332,"requestedAppliedY":-4.428,"appliedX":10.332,"appliedY":-4.428,"actualX":10,"actualY":-4.5,"sensitivity":0.738,"currentZoomForScroll":1.600977654185429,"maxScrollStepX":22,"maxScrollStepY":22,"diagonalEvents":2,"clippedEvents":0}
[DebugBridge +18933.8ms] wheel_scroll_motion {"eventCount":2,"rawAbsX":10,"rawAbsY":8,"rawX":10,"rawY":-8,"clippedAbsX":10,"clippedAbsY":8,"clippedX":10,"clippedY":-8,"requestedAppliedX":7.38,"requestedAppliedY":-5.904,"appliedX":7.38,"appliedY":-5.904,"actualX":7,"actualY":-6,"sensitivity":0.738,"currentZoomForScroll":1.600977654185429,"maxScrollStepX":22,"maxScrollStepY":22,"diagonalEvents":2,"clippedEvents":0}
[DebugBridge +18942.0ms] wheel_scroll_motion {"eventCount":2,"rawAbsX":4,"rawAbsY":10,"rawX":4,"rawY":-10,"clippedAbsX":4,"clippedAbsY":10,"clippedX":4,"clippedY":-10,"requestedAppliedX":2.952,"requestedAppliedY":-7.38,"appliedX":2.952,"appliedY":-7.38,"actualX":2.5,"actualY":-7.5,"sensitivity":0.738,"currentZoomForScroll":1.600977654185429,"maxScrollStepX":22,"maxScrollStepY":22,"diagonalEvents":2,"clippedEvents":0}
[DebugBridge +18949.9ms] wheel_scroll_motion {"eventCount":2,"rawAbsX":4,"rawAbsY":10,"rawX":-4,"rawY":-10,"clippedAbsX":4,"clippedAbsY":10,"clippedX":-4,"clippedY":-10,"requestedAppliedX":-2.952,"requestedAppliedY":-7.38,"appliedX":-2.952,"appliedY":-7.38,"actualX":-3,"actualY":-7.5,"sensitivity":0.738,"currentZoomForScroll":1.600977654185429,"maxScrollStepX":22,"maxScrollStepY":22,"diagonalEvents":2,"clippedEvents":0}
[DebugBridge +18959.6ms] wheel_scroll_motion {"eventCount":2,"rawAbsX":22,"rawAbsY":12,"rawX":-22,"rawY":-12,"clippedAbsX":22,"clippedAbsY":12,"clippedX":-22,"clippedY":-12,"requestedAppliedX":-16.236,"requestedAppliedY":-8.856,"appliedX":-16.236,"appliedY":-8.856,"actualX":-16.5,"actualY":-9,"sensitivity":0.738,"currentZoomForScroll":1.600977654185429,"maxScrollStepX":22,"maxScrollStepY":22,"diagonalEvents":2,"clippedEvents":0}
[DebugBridge +18967.7ms] wheel_scroll_motion {"eventCount":1,"rawAbsX":12,"rawAbsY":4,"rawX":-12,"rawY":-4,"clippedAbsX":12,"clippedAbsY":4,"clippedX":-12,"clippedY":-4,"requestedAppliedX":-8.856,"requestedAppliedY":-2.952,"appliedX":-8.856,"appliedY":-2.952,"actualX":-9,"actualY":-3,"sensitivity":0.738,"currentZoomForScroll":1.600977654185429,"maxScrollStepX":22,"maxScrollStepY":22,"diagonalEvents":1,"clippedEvents":0}
[DebugBridge +18974.8ms] wheel_scroll_motion {"eventCount":1,"rawAbsX":40,"rawAbsY":8,"rawX":-40,"rawY":-8,"clippedAbsX":37.935743679894195,"clippedAbsY":8,"clippedX":-37.935743679894195,"clippedY":-8,"requestedAppliedX":-25.196920952185724,"requestedAppliedY":-5.3136,"appliedX":-22,"appliedY":-5.3136,"actualX":-22,"actualY":-5.5,"sensitivity":0.6642,"currentZoomForScroll":1.600977654185429,"maxScrollStepX":22,"maxScrollStepY":22,"diagonalEvents":1,"clippedEvents":1}
[DebugBridge +18984.0ms] wheel_scroll_motion {"eventCount":1,"rawAbsX":46,"rawAbsY":4,"rawX":-46,"rawY":-4,"clippedAbsX":37.935743679894195,"clippedAbsY":4,"clippedX":-37.935743679894195,"clippedY":-4,"requestedAppliedX":-25.196920952185724,"requestedAppliedY":-2.6568,"appliedX":-22,"appliedY":-2.6568,"actualX":-22,"actualY":-3,"sensitivity":0.6642,"currentZoomForScroll":1.600977654185429,"maxScrollStepX":22,"maxScrollStepY":22,"diagonalEvents":1,"clippedEvents":1}
[DebugBridge +18993.3ms] wheel_scroll_motion {"eventCount":1,"rawAbsX":66,"rawAbsY":6,"rawX":-66,"rawY":-6,"clippedAbsX":37.935743679894195,"clippedAbsY":6,"clippedX":-37.935743679894195,"clippedY":-6,"requestedAppliedX":-25.196920952185724,"requestedAppliedY":-3.9852,"appliedX":-22,"appliedY":-3.9852,"actualX":-22,"actualY":-4,"sensitivity":0.6642,"currentZoomForScroll":1.600977654185429,"maxScrollStepX":22,"maxScrollStepY":22,"diagonalEvents":1,"clippedEvents":1}
[DebugBridge +19024.7ms] wheel_scroll_motion {"eventCount":1,"rawAbsX":206,"rawAbsY":12,"rawX":-206,"rawY":-12,"clippedAbsX":37.935743679894195,"clippedAbsY":12,"clippedX":-37.935743679894195,"clippedY":-12,"requestedAppliedX":-25.196920952185724,"requestedAppliedY":-7.9704,"appliedX":-22,"appliedY":-7.9704,"actualX":-22,"actualY":-8,"sensitivity":0.6642,"currentZoomForScroll":1.600977654185429,"maxScrollStepX":22,"maxScrollStepY":22,"diagonalEvents":1,"clippedEvents":1}
[DebugBridge +19033.5ms] wheel_scroll_motion {"eventCount":3,"rawAbsX":42,"rawAbsY":4,"rawX":-42,"rawY":4,"clippedAbsX":42,"clippedAbsY":4,"clippedX":-42,"clippedY":4,"requestedAppliedX":-31.651999999999997,"requestedAppliedY":2.952,"appliedX":-22,"appliedY":2.952,"actualX":-22,"actualY":2.5,"sensitivity":0.738,"currentZoomForScroll":1.600977654185429,"maxScrollStepX":22,"maxScrollStepY":22,"diagonalEvents":2,"clippedEvents":0}
[DebugBridge +19043.0ms] wheel_scroll_motion {"eventCount":1,"rawAbsX":12,"rawAbsY":2,"rawX":-12,"rawY":2,"clippedAbsX":12,"clippedAbsY":2,"clippedX":-12,"clippedY":2,"requestedAppliedX":-8.856,"requestedAppliedY":1.476,"appliedX":-8.856,"appliedY":1.476,"actualX":-9,"actualY":1,"sensitivity":0.738,"currentZoomForScroll":1.600977654185429,"maxScrollStepX":22,"maxScrollStepY":22,"diagonalEvents":1,"clippedEvents":0}
[DebugBridge +19050.4ms] wheel_scroll_motion {"eventCount":2,"rawAbsX":24,"rawAbsY":2,"rawX":-24,"rawY":2,"clippedAbsX":24,"clippedAbsY":2,"clippedX":-24,"clippedY":2,"requestedAppliedX":-19.351999999999997,"requestedAppliedY":1.476,"appliedX":-19.351999999999997,"appliedY":1.476,"actualX":-19.5,"actualY":1,"sensitivity":0.82,"currentZoomForScroll":1.600977654185429,"maxScrollStepX":22,"maxScrollStepY":22,"diagonalEvents":1,"clippedEvents":0}
[DebugBridge +19060.2ms] wheel_scroll_motion {"eventCount":1,"rawAbsX":42,"rawAbsY":0,"rawX":-42,"rawY":0,"clippedAbsX":37.935743679894195,"clippedAbsY":0,"clippedX":-37.935743679894195,"clippedY":0,"requestedAppliedX":-27.996578835761916,"requestedAppliedY":0,"appliedX":-22,"appliedY":0,"actualX":-22,"actualY":0,"sensitivity":0.738,"currentZoomForScroll":1.600977654185429,"maxScrollStepX":22,"maxScrollStepY":22,"diagonalEvents":0,"clippedEvents":1}
[DebugBridge +19067.3ms] wheel_scroll_motion {"eventCount":1,"rawAbsX":50,"rawAbsY":0,"rawX":-50,"rawY":0,"clippedAbsX":37.935743679894195,"clippedAbsY":0,"clippedX":-37.935743679894195,"clippedY":0,"requestedAppliedX":-27.996578835761916,"requestedAppliedY":0,"appliedX":-22,"appliedY":0,"actualX":-22,"actualY":0,"sensitivity":0.738,"currentZoomForScroll":1.600977654185429,"maxScrollStepX":22,"maxScrollStepY":22,"diagonalEvents":0,"clippedEvents":1}
[DebugBridge +19075.6ms] wheel_scroll_motion {"eventCount":1,"rawAbsX":54,"rawAbsY":0,"rawX":-54,"rawY":0,"clippedAbsX":37.935743679894195,"clippedAbsY":0,"clippedX":-37.935743679894195,"clippedY":0,"requestedAppliedX":-27.996578835761916,"requestedAppliedY":0,"appliedX":-22,"appliedY":0,"actualX":-22,"actualY":0,"sensitivity":0.738,"currentZoomForScroll":1.600977654185429,"maxScrollStepX":22,"maxScrollStepY":22,"diagonalEvents":0,"clippedEvents":1}
[DebugBridge +19084.8ms] wheel_scroll_motion {"eventCount":1,"rawAbsX":58,"rawAbsY":0,"rawX":-58,"rawY":0,"clippedAbsX":37.935743679894195,"clippedAbsY":0,"clippedX":-37.935743679894195,"clippedY":0,"requestedAppliedX":-27.996578835761916,"requestedAppliedY":0,"appliedX":-22,"appliedY":0,"actualX":-22,"actualY":0,"sensitivity":0.738,"currentZoomForScroll":1.600977654185429,"maxScrollStepX":22,"maxScrollStepY":22,"diagonalEvents":0,"clippedEvents":1}
[DebugBridge +19092.8ms] wheel_scroll_motion {"eventCount":1,"rawAbsX":56,"rawAbsY":0,"rawX":-56,"rawY":0,"clippedAbsX":37.935743679894195,"clippedAbsY":0,"clippedX":-37.935743679894195,"clippedY":0,"requestedAppliedX":-27.996578835761916,"requestedAppliedY":0,"appliedX":-22,"appliedY":0,"actualX":-22,"actualY":0,"sensitivity":0.738,"currentZoomForScroll":1.600977654185429,"maxScrollStepX":22,"maxScrollStepY":22,"diagonalEvents":0,"clippedEvents":1}
[DebugBridge +19100.4ms] wheel_scroll_motion {"eventCount":1,"rawAbsX":56,"rawAbsY":0,"rawX":-56,"rawY":0,"clippedAbsX":37.935743679894195,"clippedAbsY":0,"clippedX":-37.935743679894195,"clippedY":0,"requestedAppliedX":-27.996578835761916,"requestedAppliedY":0,"appliedX":-22,"appliedY":0,"actualX":-22,"actualY":0,"sensitivity":0.738,"currentZoomForScroll":1.600977654185429,"maxScrollStepX":22,"maxScrollStepY":22,"diagonalEvents":0,"clippedEvents":1}
[DebugBridge +19108.5ms] wheel_scroll_motion {"eventCount":1,"rawAbsX":62,"rawAbsY":0,"rawX":-62,"rawY":0,"clippedAbsX":37.935743679894195,"clippedAbsY":0,"clippedX":-37.935743679894195,"clippedY":0,"requestedAppliedX":-27.996578835761916,"requestedAppliedY":0,"appliedX":-22,"appliedY":0,"actualX":-22,"actualY":0,"sensitivity":0.738,"currentZoomForScroll":1.600977654185429,"maxScrollStepX":22,"maxScrollStepY":22,"diagonalEvents":0,"clippedEvents":1}
[DebugBridge +19118.0ms] wheel_scroll_motion {"eventCount":1,"rawAbsX":64,"rawAbsY":0,"rawX":-64,"rawY":0,"clippedAbsX":37.935743679894195,"clippedAbsY":0,"clippedX":-37.935743679894195,"clippedY":0,"requestedAppliedX":-27.996578835761916,"requestedAppliedY":0,"appliedX":-22,"appliedY":0,"actualX":-22,"actualY":0,"sensitivity":0.738,"currentZoomForScroll":1.600977654185429,"maxScrollStepX":22,"maxScrollStepY":22,"diagonalEvents":0,"clippedEvents":1}
[DebugBridge +19124.9ms] wheel_scroll_motion {"eventCount":1,"rawAbsX":60,"rawAbsY":0,"rawX":-60,"rawY":0,"clippedAbsX":37.935743679894195,"clippedAbsY":0,"clippedX":-37.935743679894195,"clippedY":0,"requestedAppliedX":-27.996578835761916,"requestedAppliedY":0,"appliedX":-22,"appliedY":0,"actualX":-22,"actualY":0,"sensitivity":0.738,"currentZoomForScroll":1.600977654185429,"maxScrollStepX":22,"maxScrollStepY":22,"diagonalEvents":0,"clippedEvents":1}
[DebugBridge +19134.7ms] wheel_scroll_motion {"eventCount":1,"rawAbsX":58,"rawAbsY":0,"rawX":-58,"rawY":0,"clippedAbsX":37.935743679894195,"clippedAbsY":0,"clippedX":-37.935743679894195,"clippedY":0,"requestedAppliedX":-27.996578835761916,"requestedAppliedY":0,"appliedX":-22,"appliedY":0,"actualX":-22,"actualY":0,"sensitivity":0.738,"currentZoomForScroll":1.600977654185429,"maxScrollStepX":22,"maxScrollStepY":22,"diagonalEvents":0,"clippedEvents":1}
[DebugBridge +19143.0ms] wheel_scroll_motion {"eventCount":1,"rawAbsX":56,"rawAbsY":0,"rawX":-56,"rawY":0,"clippedAbsX":37.935743679894195,"clippedAbsY":0,"clippedX":-37.935743679894195,"clippedY":0,"requestedAppliedX":-27.996578835761916,"requestedAppliedY":0,"appliedX":-22,"appliedY":0,"actualX":-22,"actualY":0,"sensitivity":0.738,"currentZoomForScroll":1.600977654185429,"maxScrollStepX":22,"maxScrollStepY":22,"diagonalEvents":0,"clippedEvents":1}
[DebugBridge +19149.6ms] wheel_scroll_motion {"eventCount":1,"rawAbsX":54,"rawAbsY":0,"rawX":-54,"rawY":0,"clippedAbsX":37.935743679894195,"clippedAbsY":0,"clippedX":-37.935743679894195,"clippedY":0,"requestedAppliedX":-27.996578835761916,"requestedAppliedY":0,"appliedX":-22,"appliedY":0,"actualX":-22,"actualY":0,"sensitivity":0.738,"currentZoomForScroll":1.600977654185429,"maxScrollStepX":22,"maxScrollStepY":22,"diagonalEvents":0,"clippedEvents":1}
[DebugBridge +19158.4ms] wheel_scroll_motion {"eventCount":1,"rawAbsX":52,"rawAbsY":0,"rawX":-52,"rawY":0,"clippedAbsX":37.935743679894195,"clippedAbsY":0,"clippedX":-37.935743679894195,"clippedY":0,"requestedAppliedX":-27.996578835761916,"requestedAppliedY":0,"appliedX":-22,"appliedY":0,"actualX":-22,"actualY":0,"sensitivity":0.738,"currentZoomForScroll":1.600977654185429,"maxScrollStepX":22,"maxScrollStepY":22,"diagonalEvents":0,"clippedEvents":1}
[DebugBridge +19167.7ms] wheel_scroll_motion {"eventCount":1,"rawAbsX":50,"rawAbsY":0,"rawX":-50,"rawY":0,"clippedAbsX":37.935743679894195,"clippedAbsY":0,"clippedX":-37.935743679894195,"clippedY":0,"requestedAppliedX":-27.996578835761916,"requestedAppliedY":0,"appliedX":-22,"appliedY":0,"actualX":-22,"actualY":0,"sensitivity":0.738,"currentZoomForScroll":1.600977654185429,"maxScrollStepX":22,"maxScrollStepY":22,"diagonalEvents":0,"clippedEvents":1}
[DebugBridge +19176.1ms] wheel_scroll_motion {"eventCount":1,"rawAbsX":48,"rawAbsY":0,"rawX":-48,"rawY":0,"clippedAbsX":37.935743679894195,"clippedAbsY":0,"clippedX":-37.935743679894195,"clippedY":0,"requestedAppliedX":-27.996578835761916,"requestedAppliedY":0,"appliedX":-22,"appliedY":0,"actualX":-22,"actualY":0,"sensitivity":0.738,"currentZoomForScroll":1.600977654185429,"maxScrollStepX":22,"maxScrollStepY":22,"diagonalEvents":0,"clippedEvents":1}
[DebugBridge +19183.5ms] wheel_scroll_motion {"eventCount":1,"rawAbsX":46,"rawAbsY":0,"rawX":-46,"rawY":0,"clippedAbsX":37.935743679894195,"clippedAbsY":0,"clippedX":-37.935743679894195,"clippedY":0,"requestedAppliedX":-27.996578835761916,"requestedAppliedY":0,"appliedX":-22,"appliedY":0,"actualX":-22,"actualY":0,"sensitivity":0.738,"currentZoomForScroll":1.600977654185429,"maxScrollStepX":22,"maxScrollStepY":22,"diagonalEvents":0,"clippedEvents":1}
[DebugBridge +19193.7ms] wheel_scroll_motion {"eventCount":1,"rawAbsX":46,"rawAbsY":0,"rawX":-46,"rawY":0,"clippedAbsX":37.935743679894195,"clippedAbsY":0,"clippedX":-37.935743679894195,"clippedY":0,"requestedAppliedX":-27.996578835761916,"requestedAppliedY":0,"appliedX":-22,"appliedY":0,"actualX":-22,"actualY":0,"sensitivity":0.738,"currentZoomForScroll":1.600977654185429,"maxScrollStepX":22,"maxScrollStepY":22,"diagonalEvents":0,"clippedEvents":1}
[DebugBridge +19200.8ms] wheel_scroll_motion {"eventCount":1,"rawAbsX":44,"rawAbsY":0,"rawX":-44,"rawY":0,"clippedAbsX":37.935743679894195,"clippedAbsY":0,"clippedX":-37.935743679894195,"clippedY":0,"requestedAppliedX":-27.996578835761916,"requestedAppliedY":0,"appliedX":-22,"appliedY":0,"actualX":-22,"actualY":0,"sensitivity":0.738,"currentZoomForScroll":1.600977654185429,"maxScrollStepX":22,"maxScrollStepY":22,"diagonalEvents":0,"clippedEvents":1}
[DebugBridge +19209.9ms] wheel_scroll_motion {"eventCount":1,"rawAbsX":42,"rawAbsY":0,"rawX":-42,"rawY":0,"clippedAbsX":37.935743679894195,"clippedAbsY":0,"clippedX":-37.935743679894195,"clippedY":0,"requestedAppliedX":-27.996578835761916,"requestedAppliedY":0,"appliedX":-22,"appliedY":0,"actualX":-22,"actualY":0,"sensitivity":0.738,"currentZoomForScroll":1.600977654185429,"maxScrollStepX":22,"maxScrollStepY":22,"diagonalEvents":0,"clippedEvents":1}
[DebugBridge +19218.3ms] wheel_scroll_motion {"eventCount":1,"rawAbsX":42,"rawAbsY":0,"rawX":-42,"rawY":0,"clippedAbsX":37.935743679894195,"clippedAbsY":0,"clippedX":-37.935743679894195,"clippedY":0,"requestedAppliedX":-27.996578835761916,"requestedAppliedY":0,"appliedX":-22,"appliedY":0,"actualX":-22,"actualY":0,"sensitivity":0.738,"currentZoomForScroll":1.600977654185429,"maxScrollStepX":22,"maxScrollStepY":22,"diagonalEvents":0,"clippedEvents":1}
[DebugBridge +19224.7ms] wheel_scroll_motion {"eventCount":1,"rawAbsX":38,"rawAbsY":0,"rawX":-38,"rawY":0,"clippedAbsX":37.935743679894195,"clippedAbsY":0,"clippedX":-37.935743679894195,"clippedY":0,"requestedAppliedX":-27.996578835761916,"requestedAppliedY":0,"appliedX":-22,"appliedY":0,"actualX":-22,"actualY":0,"sensitivity":0.738,"currentZoomForScroll":1.600977654185429,"maxScrollStepX":22,"maxScrollStepY":22,"diagonalEvents":0,"clippedEvents":1}
[DebugBridge +19267.2ms] wheel_scroll_motion {"eventCount":2,"rawAbsX":170,"rawAbsY":0,"rawX":-170,"rawY":0,"clippedAbsX":67.93574367989419,"clippedAbsY":0,"clippedX":-67.93574367989419,"clippedY":0,"requestedAppliedX":-52.59657883576192,"requestedAppliedY":0,"appliedX":-22,"appliedY":0,"actualX":-22,"actualY":0,"sensitivity":0.82,"currentZoomForScroll":1.600977654185429,"maxScrollStepX":22,"maxScrollStepY":22,"diagonalEvents":0,"clippedEvents":1}
[DebugBridge +19275.6ms] wheel_scroll_motion {"eventCount":1,"rawAbsX":30,"rawAbsY":0,"rawX":-30,"rawY":0,"clippedAbsX":30,"clippedAbsY":0,"clippedX":-30,"clippedY":0,"requestedAppliedX":-24.599999999999998,"requestedAppliedY":0,"appliedX":-22,"appliedY":0,"actualX":-22,"actualY":0,"sensitivity":0.82,"currentZoomForScroll":1.600977654185429,"maxScrollStepX":22,"maxScrollStepY":22,"diagonalEvents":0,"clippedEvents":0}
[DebugBridge +19283.7ms] wheel_scroll_motion {"eventCount":1,"rawAbsX":30,"rawAbsY":0,"rawX":-30,"rawY":0,"clippedAbsX":30,"clippedAbsY":0,"clippedX":-30,"clippedY":0,"requestedAppliedX":-24.599999999999998,"requestedAppliedY":0,"appliedX":-22,"appliedY":0,"actualX":-22,"actualY":0,"sensitivity":0.82,"currentZoomForScroll":1.600977654185429,"maxScrollStepX":22,"maxScrollStepY":22,"diagonalEvents":0,"clippedEvents":0}
[DebugBridge +19292.9ms] wheel_scroll_motion {"eventCount":1,"rawAbsX":26,"rawAbsY":0,"rawX":-26,"rawY":0,"clippedAbsX":26,"clippedAbsY":0,"clippedX":-26,"clippedY":0,"requestedAppliedX":-21.32,"requestedAppliedY":0,"appliedX":-21.32,"appliedY":0,"actualX":-20.5,"actualY":0,"sensitivity":0.82,"currentZoomForScroll":1.600977654185429,"maxScrollStepX":22,"maxScrollStepY":22,"diagonalEvents":0,"clippedEvents":0}
[DebugBridge +19299.8ms] wheel_scroll_motion {"eventCount":1,"rawAbsX":26,"rawAbsY":0,"rawX":-26,"rawY":0,"clippedAbsX":26,"clippedAbsY":0,"clippedX":-26,"clippedY":0,"requestedAppliedX":-21.32,"requestedAppliedY":0,"appliedX":-21.32,"appliedY":0,"actualX":0,"actualY":0,"sensitivity":0.82,"currentZoomForScroll":1.600977654185429,"maxScrollStepX":22,"maxScrollStepY":22,"diagonalEvents":0,"clippedEvents":0}
[DebugBridge +19309.3ms] wheel_scroll_motion {"eventCount":1,"rawAbsX":26,"rawAbsY":0,"rawX":-26,"rawY":0,"clippedAbsX":26,"clippedAbsY":0,"clippedX":-26,"clippedY":0,"requestedAppliedX":-21.32,"requestedAppliedY":0,"appliedX":-21.32,"appliedY":0,"actualX":0,"actualY":0,"sensitivity":0.82,"currentZoomForScroll":1.600977654185429,"maxScrollStepX":22,"maxScrollStepY":22,"diagonalEvents":0,"clippedEvents":0}
[DebugBridge +19316.4ms] wheel_scroll_motion {"eventCount":1,"rawAbsX":24,"rawAbsY":0,"rawX":-24,"rawY":0,"clippedAbsX":24,"clippedAbsY":0,"clippedX":-24,"clippedY":0,"requestedAppliedX":-19.68,"requestedAppliedY":0,"appliedX":-19.68,"appliedY":0,"actualX":0,"actualY":0,"sensitivity":0.82,"currentZoomForScroll":1.600977654185429,"maxScrollStepX":22,"maxScrollStepY":22,"diagonalEvents":0,"clippedEvents":0}
[DebugBridge +19324.6ms] wheel_scroll_motion {"eventCount":1,"rawAbsX":22,"rawAbsY":0,"rawX":-22,"rawY":0,"clippedAbsX":22,"clippedAbsY":0,"clippedX":-22,"clippedY":0,"requestedAppliedX":-18.04,"requestedAppliedY":0,"appliedX":-18.04,"appliedY":0,"actualX":0,"actualY":0,"sensitivity":0.82,"currentZoomForScroll":1.600977654185429,"maxScrollStepX":22,"maxScrollStepY":22,"diagonalEvents":0,"clippedEvents":0}
[DebugBridge +19333.4ms] wheel_scroll_motion {"eventCount":1,"rawAbsX":22,"rawAbsY":0,"rawX":-22,"rawY":0,"clippedAbsX":22,"clippedAbsY":0,"clippedX":-22,"clippedY":0,"requestedAppliedX":-18.04,"requestedAppliedY":0,"appliedX":-18.04,"appliedY":0,"actualX":0,"actualY":0,"sensitivity":0.82,"currentZoomForScroll":1.600977654185429,"maxScrollStepX":22,"maxScrollStepY":22,"diagonalEvents":0,"clippedEvents":0}
[DebugBridge +19341.9ms] wheel_scroll_motion {"eventCount":1,"rawAbsX":22,"rawAbsY":0,"rawX":-22,"rawY":0,"clippedAbsX":22,"clippedAbsY":0,"clippedX":-22,"clippedY":0,"requestedAppliedX":-18.04,"requestedAppliedY":0,"appliedX":-18.04,"appliedY":0,"actualX":0,"actualY":0,"sensitivity":0.82,"currentZoomForScroll":1.600977654185429,"maxScrollStepX":22,"maxScrollStepY":22,"diagonalEvents":0,"clippedEvents":0}
[DebugBridge +19442.0ms] wheel_scroll_motion {"eventCount":1,"rawAbsX":0,"rawAbsY":2,"rawX":0,"rawY":-2,"clippedAbsX":0,"clippedAbsY":2,"clippedX":0,"clippedY":-2,"requestedAppliedX":0,"requestedAppliedY":-1.64,"appliedX":0,"appliedY":-1.64,"actualX":0,"actualY":-2,"sensitivity":0.82,"currentZoomForScroll":1.600977654185429,"maxScrollStepX":22,"maxScrollStepY":22,"diagonalEvents":0,"clippedEvents":0}
[DebugBridge +19457.6ms] wheel_scroll_motion {"eventCount":2,"rawAbsX":0,"rawAbsY":4,"rawX":0,"rawY":-4,"clippedAbsX":0,"clippedAbsY":4,"clippedX":0,"clippedY":-4,"requestedAppliedX":0,"requestedAppliedY":-3.28,"appliedX":0,"appliedY":-3.28,"actualX":0,"actualY":-3.5,"sensitivity":0.82,"currentZoomForScroll":1.600977654185429,"maxScrollStepX":22,"maxScrollStepY":22,"diagonalEvents":0,"clippedEvents":0}
[DebugBridge +19493.3ms] wheel_scroll_motion {"eventCount":1,"rawAbsX":6,"rawAbsY":14,"rawX":-6,"rawY":-14,"clippedAbsX":6,"clippedAbsY":14,"clippedX":-6,"clippedY":-14,"requestedAppliedX":-4.428,"requestedAppliedY":-10.332,"appliedX":-4.428,"appliedY":-10.332,"actualX":0,"actualY":-10.5,"sensitivity":0.738,"currentZoomForScroll":1.600977654185429,"maxScrollStepX":22,"maxScrollStepY":22,"diagonalEvents":1,"clippedEvents":0}
[DebugBridge +19508.2ms] wheel_scroll_motion {"eventCount":2,"rawAbsX":2,"rawAbsY":4,"rawX":-2,"rawY":-4,"clippedAbsX":2,"clippedAbsY":4,"clippedX":-2,"clippedY":-4,"requestedAppliedX":-1.476,"requestedAppliedY":-3.1159999999999997,"appliedX":-1.476,"appliedY":-3.1159999999999997,"actualX":0,"actualY":-3.5,"sensitivity":0.738,"currentZoomForScroll":1.600977654185429,"maxScrollStepX":22,"maxScrollStepY":22,"diagonalEvents":1,"clippedEvents":0}
[DebugBridge +19517.8ms] wheel_scroll_motion {"eventCount":3,"rawAbsX":2,"rawAbsY":6,"rawX":-2,"rawY":-6,"clippedAbsX":2,"clippedAbsY":6,"clippedX":-2,"clippedY":-6,"requestedAppliedX":-1.476,"requestedAppliedY":-4.755999999999999,"appliedX":-1.476,"appliedY":-4.755999999999999,"actualX":0,"actualY":-5,"sensitivity":0.82,"currentZoomForScroll":1.600977654185429,"maxScrollStepX":22,"maxScrollStepY":22,"diagonalEvents":1,"clippedEvents":0}
[DebugBridge +19526.1ms] wheel_scroll_motion {"eventCount":1,"rawAbsX":0,"rawAbsY":2,"rawX":0,"rawY":-2,"clippedAbsX":0,"clippedAbsY":2,"clippedX":0,"clippedY":-2,"requestedAppliedX":0,"requestedAppliedY":-1.64,"appliedX":0,"appliedY":-1.64,"actualX":0,"actualY":-2,"sensitivity":0.82,"currentZoomForScroll":1.600977654185429,"maxScrollStepX":22,"maxScrollStepY":22,"diagonalEvents":0,"clippedEvents":0}
[DebugBridge +19534.0ms] wheel_scroll_motion {"eventCount":2,"rawAbsX":0,"rawAbsY":4,"rawX":0,"rawY":-4,"clippedAbsX":0,"clippedAbsY":4,"clippedX":0,"clippedY":-4,"requestedAppliedX":0,"requestedAppliedY":-3.28,"appliedX":0,"appliedY":-3.28,"actualX":0,"actualY":-3.5,"sensitivity":0.82,"currentZoomForScroll":1.600977654185429,"maxScrollStepX":22,"maxScrollStepY":22,"diagonalEvents":0,"clippedEvents":0}
[DebugBridge +19542.1ms] wheel_scroll_motion {"eventCount":2,"rawAbsX":0,"rawAbsY":4,"rawX":0,"rawY":-4,"clippedAbsX":0,"clippedAbsY":4,"clippedX":0,"clippedY":-4,"requestedAppliedX":0,"requestedAppliedY":-3.28,"appliedX":0,"appliedY":-3.28,"actualX":0,"actualY":-3.5,"sensitivity":0.82,"currentZoomForScroll":1.600977654185429,"maxScrollStepX":22,"maxScrollStepY":22,"diagonalEvents":0,"clippedEvents":0}
[DebugBridge +19550.2ms] wheel_scroll_motion {"eventCount":2,"rawAbsX":2,"rawAbsY":6,"rawX":2,"rawY":-6,"clippedAbsX":2,"clippedAbsY":6,"clippedX":2,"clippedY":-6,"requestedAppliedX":1.476,"requestedAppliedY":-4.592,"appliedX":1.476,"appliedY":-4.592,"actualX":1,"actualY":-5,"sensitivity":0.738,"currentZoomForScroll":1.600977654185429,"maxScrollStepX":22,"maxScrollStepY":22,"diagonalEvents":1,"clippedEvents":0}
[DebugBridge +19558.2ms] wheel_scroll_motion {"eventCount":2,"rawAbsX":4,"rawAbsY":6,"rawX":4,"rawY":-6,"clippedAbsX":4,"clippedAbsY":6,"clippedX":4,"clippedY":-6,"requestedAppliedX":2.952,"requestedAppliedY":-4.428,"appliedX":2.952,"appliedY":-4.428,"actualX":2.5,"actualY":-4.5,"sensitivity":0.738,"currentZoomForScroll":1.600977654185429,"maxScrollStepX":22,"maxScrollStepY":22,"diagonalEvents":2,"clippedEvents":0}
[DebugBridge +19566.5ms] wheel_scroll_motion {"eventCount":1,"rawAbsX":4,"rawAbsY":6,"rawX":4,"rawY":-6,"clippedAbsX":4,"clippedAbsY":6,"clippedX":4,"clippedY":-6,"requestedAppliedX":2.952,"requestedAppliedY":-4.428,"appliedX":2.952,"appliedY":-4.428,"actualX":2.5,"actualY":-4.5,"sensitivity":0.738,"currentZoomForScroll":1.600977654185429,"maxScrollStepX":22,"maxScrollStepY":22,"diagonalEvents":1,"clippedEvents":0}
[DebugBridge +19575.1ms] wheel_scroll_motion {"eventCount":1,"rawAbsX":4,"rawAbsY":6,"rawX":4,"rawY":-6,"clippedAbsX":4,"clippedAbsY":6,"clippedX":4,"clippedY":-6,"requestedAppliedX":2.952,"requestedAppliedY":-4.428,"appliedX":2.952,"appliedY":-4.428,"actualX":2.5,"actualY":-4.5,"sensitivity":0.738,"currentZoomForScroll":1.600977654185429,"maxScrollStepX":22,"maxScrollStepY":22,"diagonalEvents":1,"clippedEvents":0}
[DebugBridge +19583.1ms] wheel_scroll_motion {"eventCount":1,"rawAbsX":6,"rawAbsY":6,"rawX":6,"rawY":-6,"clippedAbsX":6,"clippedAbsY":6,"clippedX":6,"clippedY":-6,"requestedAppliedX":4.428,"requestedAppliedY":-4.428,"appliedX":4.428,"appliedY":-4.428,"actualX":4,"actualY":-4.5,"sensitivity":0.738,"currentZoomForScroll":1.600977654185429,"maxScrollStepX":22,"maxScrollStepY":22,"diagonalEvents":1,"clippedEvents":0}
[DebugBridge +19592.0ms] wheel_scroll_motion {"eventCount":1,"rawAbsX":6,"rawAbsY":8,"rawX":6,"rawY":-8,"clippedAbsX":6,"clippedAbsY":8,"clippedX":6,"clippedY":-8,"requestedAppliedX":4.428,"requestedAppliedY":-5.904,"appliedX":4.428,"appliedY":-5.904,"actualX":4,"actualY":-6,"sensitivity":0.738,"currentZoomForScroll":1.600977654185429,"maxScrollStepX":22,"maxScrollStepY":22,"diagonalEvents":1,"clippedEvents":0}
[DebugBridge +19600.3ms] wheel_scroll_motion {"eventCount":1,"rawAbsX":8,"rawAbsY":8,"rawX":8,"rawY":-8,"clippedAbsX":8,"clippedAbsY":8,"clippedX":8,"clippedY":-8,"requestedAppliedX":5.904,"requestedAppliedY":-5.904,"appliedX":5.904,"appliedY":-5.904,"actualX":5.5,"actualY":-6,"sensitivity":0.738,"currentZoomForScroll":1.600977654185429,"maxScrollStepX":22,"maxScrollStepY":22,"diagonalEvents":1,"clippedEvents":0}
[DebugBridge +19609.4ms] wheel_scroll_motion {"eventCount":2,"rawAbsX":8,"rawAbsY":8,"rawX":8,"rawY":-8,"clippedAbsX":8,"clippedAbsY":8,"clippedX":8,"clippedY":-8,"requestedAppliedX":5.904,"requestedAppliedY":-5.904,"appliedX":5.904,"appliedY":-5.904,"actualX":5.5,"actualY":-6,"sensitivity":0.738,"currentZoomForScroll":1.600977654185429,"maxScrollStepX":22,"maxScrollStepY":22,"diagonalEvents":2,"clippedEvents":0}
[DebugBridge +19617.4ms] wheel_scroll_motion {"eventCount":1,"rawAbsX":6,"rawAbsY":10,"rawX":6,"rawY":-10,"clippedAbsX":6,"clippedAbsY":10,"clippedX":6,"clippedY":-10,"requestedAppliedX":4.428,"requestedAppliedY":-7.38,"appliedX":4.428,"appliedY":-7.38,"actualX":4,"actualY":-7.5,"sensitivity":0.738,"currentZoomForScroll":1.600977654185429,"maxScrollStepX":22,"maxScrollStepY":22,"diagonalEvents":1,"clippedEvents":0}
[DebugBridge +19625.6ms] wheel_scroll_motion {"eventCount":1,"rawAbsX":6,"rawAbsY":8,"rawX":6,"rawY":-8,"clippedAbsX":6,"clippedAbsY":8,"clippedX":6,"clippedY":-8,"requestedAppliedX":4.428,"requestedAppliedY":-5.904,"appliedX":4.428,"appliedY":-5.904,"actualX":4,"actualY":-6,"sensitivity":0.738,"currentZoomForScroll":1.600977654185429,"maxScrollStepX":22,"maxScrollStepY":22,"diagonalEvents":1,"clippedEvents":0}
[DebugBridge +19633.8ms] wheel_scroll_motion {"eventCount":1,"rawAbsX":6,"rawAbsY":10,"rawX":6,"rawY":-10,"clippedAbsX":6,"clippedAbsY":10,"clippedX":6,"clippedY":-10,"requestedAppliedX":4.428,"requestedAppliedY":-7.38,"appliedX":4.428,"appliedY":-7.38,"actualX":4,"actualY":-7.5,"sensitivity":0.738,"currentZoomForScroll":1.600977654185429,"maxScrollStepX":22,"maxScrollStepY":22,"diagonalEvents":1,"clippedEvents":0}
[DebugBridge +19641.8ms] wheel_scroll_motion {"eventCount":2,"rawAbsX":8,"rawAbsY":14,"rawX":8,"rawY":-14,"clippedAbsX":8,"clippedAbsY":14,"clippedX":8,"clippedY":-14,"requestedAppliedX":5.904,"requestedAppliedY":-10.332,"appliedX":5.904,"appliedY":-10.332,"actualX":5.5,"actualY":-10.5,"sensitivity":0.738,"currentZoomForScroll":1.600977654185429,"maxScrollStepX":22,"maxScrollStepY":22,"diagonalEvents":2,"clippedEvents":0}
[DebugBridge +19650.2ms] wheel_scroll_motion {"eventCount":2,"rawAbsX":6,"rawAbsY":16,"rawX":6,"rawY":-16,"clippedAbsX":6,"clippedAbsY":16,"clippedX":6,"clippedY":-16,"requestedAppliedX":4.428,"requestedAppliedY":-11.808,"appliedX":4.428,"appliedY":-11.808,"actualX":4,"actualY":-12,"sensitivity":0.738,"currentZoomForScroll":1.600977654185429,"maxScrollStepX":22,"maxScrollStepY":22,"diagonalEvents":2,"clippedEvents":0}
[DebugBridge +19659.4ms] wheel_scroll_motion {"eventCount":2,"rawAbsX":6,"rawAbsY":16,"rawX":6,"rawY":-16,"clippedAbsX":6,"clippedAbsY":16,"clippedX":6,"clippedY":-16,"requestedAppliedX":4.428,"requestedAppliedY":-11.808,"appliedX":4.428,"appliedY":-11.808,"actualX":4,"actualY":-12,"sensitivity":0.738,"currentZoomForScroll":1.600977654185429,"maxScrollStepX":22,"maxScrollStepY":22,"diagonalEvents":2,"clippedEvents":0}
[DebugBridge +19667.4ms] wheel_scroll_motion {"eventCount":2,"rawAbsX":6,"rawAbsY":18,"rawX":6,"rawY":-18,"clippedAbsX":6,"clippedAbsY":18,"clippedX":6,"clippedY":-18,"requestedAppliedX":4.428,"requestedAppliedY":-13.283999999999999,"appliedX":4.428,"appliedY":-13.283999999999999,"actualX":4,"actualY":-13.5,"sensitivity":0.738,"currentZoomForScroll":1.600977654185429,"maxScrollStepX":22,"maxScrollStepY":22,"diagonalEvents":2,"clippedEvents":0}
[DebugBridge +19675.8ms] wheel_scroll_motion {"eventCount":2,"rawAbsX":6,"rawAbsY":18,"rawX":6,"rawY":-18,"clippedAbsX":6,"clippedAbsY":18,"clippedX":6,"clippedY":-18,"requestedAppliedX":4.428,"requestedAppliedY":-13.283999999999999,"appliedX":4.428,"appliedY":-13.283999999999999,"actualX":4,"actualY":-13.5,"sensitivity":0.738,"currentZoomForScroll":1.600977654185429,"maxScrollStepX":22,"maxScrollStepY":22,"diagonalEvents":2,"clippedEvents":0}
[DebugBridge +19683.7ms] wheel_scroll_motion {"eventCount":2,"rawAbsX":4,"rawAbsY":14,"rawX":4,"rawY":-14,"clippedAbsX":4,"clippedAbsY":14,"clippedX":4,"clippedY":-14,"requestedAppliedX":2.952,"requestedAppliedY":-10.332,"appliedX":2.952,"appliedY":-10.332,"actualX":2.5,"actualY":-10.5,"sensitivity":0.738,"currentZoomForScroll":1.600977654185429,"maxScrollStepX":22,"maxScrollStepY":22,"diagonalEvents":2,"clippedEvents":0}
[DebugBridge +19691.9ms] wheel_scroll_motion {"eventCount":2,"rawAbsX":4,"rawAbsY":14,"rawX":4,"rawY":-14,"clippedAbsX":4,"clippedAbsY":14,"clippedX":4,"clippedY":-14,"requestedAppliedX":2.952,"requestedAppliedY":-10.332,"appliedX":2.952,"appliedY":-10.332,"actualX":2.5,"actualY":-10.5,"sensitivity":0.738,"currentZoomForScroll":1.600977654185429,"maxScrollStepX":22,"maxScrollStepY":22,"diagonalEvents":2,"clippedEvents":0}
[DebugBridge +19734.1ms] wheel_scroll_motion {"eventCount":4,"rawAbsX":22,"rawAbsY":48,"rawX":22,"rawY":-48,"clippedAbsX":22,"clippedAbsY":47.935743679894195,"clippedX":22,"clippedY":-47.935743679894195,"requestedAppliedX":15.0552,"requestedAppliedY":-32.57692095218572,"appliedX":15.0552,"appliedY":-22,"actualX":15,"actualY":-22,"sensitivity":0.738,"currentZoomForScroll":1.600977654185429,"maxScrollStepX":22,"maxScrollStepY":22,"diagonalEvents":4,"clippedEvents":1}
[DebugBridge +19742.0ms] wheel_scroll_motion {"eventCount":1,"rawAbsX":0,"rawAbsY":4,"rawX":0,"rawY":-4,"clippedAbsX":0,"clippedAbsY":4,"clippedX":0,"clippedY":-4,"requestedAppliedX":0,"requestedAppliedY":-3.28,"appliedX":0,"appliedY":-3.28,"actualX":0,"actualY":-3.5,"sensitivity":0.82,"currentZoomForScroll":1.600977654185429,"maxScrollStepX":22,"maxScrollStepY":22,"diagonalEvents":0,"clippedEvents":0}
[DebugBridge +19758.8ms] wheel_scroll_motion {"eventCount":2,"rawAbsX":2,"rawAbsY":4,"rawX":2,"rawY":-4,"clippedAbsX":2,"clippedAbsY":4,"clippedX":2,"clippedY":-4,"requestedAppliedX":1.476,"requestedAppliedY":-3.1159999999999997,"appliedX":1.476,"appliedY":-3.1159999999999997,"actualX":1,"actualY":-3.5,"sensitivity":0.82,"currentZoomForScroll":1.600977654185429,"maxScrollStepX":22,"maxScrollStepY":22,"diagonalEvents":1,"clippedEvents":0}
[DebugBridge +19767.8ms] wheel_scroll_motion {"eventCount":1,"rawAbsX":0,"rawAbsY":2,"rawX":0,"rawY":-2,"clippedAbsX":0,"clippedAbsY":2,"clippedX":0,"clippedY":-2,"requestedAppliedX":0,"requestedAppliedY":-1.64,"appliedX":0,"appliedY":-1.64,"actualX":0,"actualY":-2,"sensitivity":0.82,"currentZoomForScroll":1.600977654185429,"maxScrollStepX":22,"maxScrollStepY":22,"diagonalEvents":0,"clippedEvents":0}
[DebugBridge +20758.6ms] zoom_wheel_request {"rawDeltaY":3.5660412311553955,"reportedZoom":160,"trustedReactZoom":160.0977654185429,"currentZoom":160.0977654185429,"reportedCurrentZoom":160,"nextZoom":161.35871873522441,"requestedDeltaAbs":1.2609533166815083,"reportedLagAbs":0.09776541854290599,"rawGetZoomValue":160,"rawViewerZoomValue":160,"rawMagnificationZoom":null,"correctedSuspiciousZoom":false}
[DebugBridge +20758.7ms] zoom_start {"scale":1.600977654185429,"source":"overlay_wheel_zoom_pre","reportedScale":1.6,"correctedSuspiciousZoom":false}
[DebugBridge +20814.5ms] zoom_wheel_request {"rawDeltaY":8.092120170593262,"reportedZoom":161,"trustedReactZoom":161.35871873522441,"currentZoom":161.35871873522441,"reportedCurrentZoom":161,"nextZoom":164.25705636666498,"requestedDeltaAbs":2.898337631440569,"reportedLagAbs":0.35871873522441433,"rawGetZoomValue":161,"rawViewerZoomValue":161,"rawMagnificationZoom":null,"correctedSuspiciousZoom":false}
[DebugBridge +20851.1ms] zoom_wheel_request {"rawDeltaY":65.88438415527344,"reportedZoom":164,"trustedReactZoom":164.25705636666498,"currentZoom":164.25705636666498,"reportedCurrentZoom":164,"nextZoom":188.25705636666498,"requestedDeltaAbs":24,"reportedLagAbs":0.2570563666649832,"rawGetZoomValue":164,"rawViewerZoomValue":164,"rawMagnificationZoom":null,"correctedSuspiciousZoom":false}
[DebugBridge +20888.0ms] zoom_wheel_request {"rawDeltaY":44.18485641479492,"reportedZoom":188,"trustedReactZoom":188.25705636666498,"currentZoom":188.25705636666498,"reportedCurrentZoom":188,"nextZoom":207.47586799941269,"requestedDeltaAbs":19.218811632747702,"reportedLagAbs":0.2570563666649832,"rawGetZoomValue":188,"rawViewerZoomValue":188,"rawMagnificationZoom":null,"correctedSuspiciousZoom":false}
[DebugBridge +20921.2ms] zoom_wheel_request {"rawDeltaY":39.66461944580078,"reportedZoom":207,"trustedReactZoom":207.47586799941269,"currentZoom":207.47586799941269,"reportedCurrentZoom":207,"nextZoom":226.39407984447084,"requestedDeltaAbs":18.918211845058153,"reportedLagAbs":0.4758679994126851,"rawGetZoomValue":207,"rawViewerZoomValue":207,"rawMagnificationZoom":null,"correctedSuspiciousZoom":false}
[DebugBridge +20955.1ms] zoom_wheel_request {"rawDeltaY":25.393108367919922,"reportedZoom":226,"trustedReactZoom":226.39407984447084,"currentZoom":226.39407984447084,"reportedCurrentZoom":226,"nextZoom":239.4014943815566,"requestedDeltaAbs":13.007414537085765,"reportedLagAbs":0.39407984447083777,"rawGetZoomValue":226,"rawViewerZoomValue":226,"rawMagnificationZoom":null,"correctedSuspiciousZoom":false}
[DebugBridge +21071.4ms] zoom_wheel_request {"rawDeltaY":33.938161849975586,"reportedZoom":239,"trustedReactZoom":239.4014943815566,"currentZoom":239.4014943815566,"reportedCurrentZoom":239,"nextZoom":257.9603759066714,"requestedDeltaAbs":18.5588815251148,"reportedLagAbs":0.4014943815566028,"rawGetZoomValue":239,"rawViewerZoomValue":239,"rawMagnificationZoom":null,"correctedSuspiciousZoom":false}
[DebugBridge +21749.6ms] wheel_scroll_motion {"eventCount":1,"rawAbsX":0,"rawAbsY":2,"rawX":0,"rawY":2,"clippedAbsX":0,"clippedAbsY":2,"clippedX":0,"clippedY":2,"requestedAppliedX":0,"requestedAppliedY":1.64,"appliedX":0,"appliedY":1.64,"actualX":0,"actualY":1.5,"sensitivity":0.82,"currentZoomForScroll":2.579603759066714,"maxScrollStepX":22,"maxScrollStepY":22,"diagonalEvents":0,"clippedEvents":0}
[DebugBridge +21760.1ms] wheel_scroll_motion {"eventCount":2,"rawAbsX":4,"rawAbsY":6,"rawX":4,"rawY":6,"clippedAbsX":4,"clippedAbsY":6,"clippedX":4,"clippedY":6,"requestedAppliedX":2.952,"requestedAppliedY":4.428,"appliedX":2.952,"appliedY":4.428,"actualX":2.5,"actualY":4,"sensitivity":0.738,"currentZoomForScroll":2.579603759066714,"maxScrollStepX":22,"maxScrollStepY":22,"diagonalEvents":2,"clippedEvents":0}
[DebugBridge +21768.6ms] wheel_scroll_motion {"eventCount":2,"rawAbsX":6,"rawAbsY":6,"rawX":6,"rawY":6,"clippedAbsX":6,"clippedAbsY":6,"clippedX":6,"clippedY":6,"requestedAppliedX":4.428,"requestedAppliedY":4.428,"appliedX":4.428,"appliedY":4.428,"actualX":4,"actualY":4,"sensitivity":0.738,"currentZoomForScroll":2.579603759066714,"maxScrollStepX":22,"maxScrollStepY":22,"diagonalEvents":2,"clippedEvents":0}
[DebugBridge +21777.0ms] wheel_scroll_motion {"eventCount":2,"rawAbsX":8,"rawAbsY":8,"rawX":8,"rawY":8,"clippedAbsX":8,"clippedAbsY":8,"clippedX":8,"clippedY":8,"requestedAppliedX":5.904,"requestedAppliedY":5.904,"appliedX":5.904,"appliedY":5.904,"actualX":5.5,"actualY":5.5,"sensitivity":0.738,"currentZoomForScroll":2.579603759066714,"maxScrollStepX":22,"maxScrollStepY":22,"diagonalEvents":2,"clippedEvents":0}
[DebugBridge +21783.2ms] wheel_scroll_motion {"eventCount":2,"rawAbsX":10,"rawAbsY":8,"rawX":10,"rawY":8,"clippedAbsX":10,"clippedAbsY":8,"clippedX":10,"clippedY":8,"requestedAppliedX":7.38,"requestedAppliedY":5.904,"appliedX":7.38,"appliedY":5.904,"actualX":7,"actualY":5.5,"sensitivity":0.738,"currentZoomForScroll":2.579603759066714,"maxScrollStepX":22,"maxScrollStepY":22,"diagonalEvents":2,"clippedEvents":0}
[DebugBridge +21793.5ms] wheel_scroll_motion {"eventCount":1,"rawAbsX":12,"rawAbsY":8,"rawX":12,"rawY":8,"clippedAbsX":12,"clippedAbsY":8,"clippedX":12,"clippedY":8,"requestedAppliedX":8.856,"requestedAppliedY":5.904,"appliedX":8.856,"appliedY":5.904,"actualX":8.5,"actualY":5.5,"sensitivity":0.738,"currentZoomForScroll":2.579603759066714,"maxScrollStepX":22,"maxScrollStepY":22,"diagonalEvents":1,"clippedEvents":0}
[DebugBridge +21800.2ms] wheel_scroll_motion {"eventCount":2,"rawAbsX":28,"rawAbsY":12,"rawX":28,"rawY":12,"clippedAbsX":28,"clippedAbsY":12,"clippedX":28,"clippedY":12,"requestedAppliedX":20.663999999999998,"requestedAppliedY":8.856,"appliedX":20.663999999999998,"appliedY":8.856,"actualX":20.5,"actualY":8.5,"sensitivity":0.738,"currentZoomForScroll":2.579603759066714,"maxScrollStepX":22,"maxScrollStepY":22,"diagonalEvents":2,"clippedEvents":0}
[DebugBridge +21809.1ms] wheel_scroll_motion {"eventCount":1,"rawAbsX":10,"rawAbsY":4,"rawX":10,"rawY":4,"clippedAbsX":10,"clippedAbsY":4,"clippedX":10,"clippedY":4,"requestedAppliedX":7.38,"requestedAppliedY":2.952,"appliedX":7.38,"appliedY":2.952,"actualX":7,"actualY":2.5,"sensitivity":0.738,"currentZoomForScroll":2.579603759066714,"maxScrollStepX":22,"maxScrollStepY":22,"diagonalEvents":1,"clippedEvents":0}
[DebugBridge +21818.4ms] wheel_scroll_motion {"eventCount":1,"rawAbsX":26,"rawAbsY":4,"rawX":26,"rawY":4,"clippedAbsX":26,"clippedAbsY":4,"clippedX":26,"clippedY":4,"requestedAppliedX":19.188,"requestedAppliedY":2.952,"appliedX":19.188,"appliedY":2.952,"actualX":19,"actualY":2.5,"sensitivity":0.738,"currentZoomForScroll":2.579603759066714,"maxScrollStepX":22,"maxScrollStepY":22,"diagonalEvents":1,"clippedEvents":0}
[DebugBridge +21827.0ms] wheel_scroll_motion {"eventCount":1,"rawAbsX":24,"rawAbsY":2,"rawX":24,"rawY":2,"clippedAbsX":24,"clippedAbsY":2,"clippedX":24,"clippedY":2,"requestedAppliedX":17.712,"requestedAppliedY":1.476,"appliedX":17.712,"appliedY":1.476,"actualX":17.5,"actualY":1,"sensitivity":0.738,"currentZoomForScroll":2.579603759066714,"maxScrollStepX":22,"maxScrollStepY":22,"diagonalEvents":1,"clippedEvents":0}
[DebugBridge +21835.0ms] wheel_scroll_motion {"eventCount":2,"rawAbsX":40,"rawAbsY":4,"rawX":40,"rawY":-4,"clippedAbsX":40,"clippedAbsY":4,"clippedX":40,"clippedY":-4,"requestedAppliedX":29.52,"requestedAppliedY":-2.952,"appliedX":22,"appliedY":-2.952,"actualX":22,"actualY":-3,"sensitivity":0.738,"currentZoomForScroll":2.579603759066714,"maxScrollStepX":22,"maxScrollStepY":22,"diagonalEvents":2,"clippedEvents":0}
[DebugBridge +21843.2ms] wheel_scroll_motion {"eventCount":2,"rawAbsX":26,"rawAbsY":8,"rawX":26,"rawY":-8,"clippedAbsX":26,"clippedAbsY":8,"clippedX":26,"clippedY":-8,"requestedAppliedX":19.188,"requestedAppliedY":-5.904,"appliedX":19.188,"appliedY":-5.904,"actualX":19,"actualY":-6,"sensitivity":0.738,"currentZoomForScroll":2.579603759066714,"maxScrollStepX":22,"maxScrollStepY":22,"diagonalEvents":2,"clippedEvents":0}
[DebugBridge +21851.3ms] wheel_scroll_motion {"eventCount":2,"rawAbsX":24,"rawAbsY":14,"rawX":24,"rawY":-14,"clippedAbsX":24,"clippedAbsY":14,"clippedX":24,"clippedY":-14,"requestedAppliedX":17.712,"requestedAppliedY":-10.332,"appliedX":17.712,"appliedY":-10.332,"actualX":17.5,"actualY":-10.5,"sensitivity":0.738,"currentZoomForScroll":2.579603759066714,"maxScrollStepX":22,"maxScrollStepY":22,"diagonalEvents":2,"clippedEvents":0}
[DebugBridge +21858.8ms] wheel_scroll_motion {"eventCount":2,"rawAbsX":22,"rawAbsY":20,"rawX":22,"rawY":-20,"clippedAbsX":22,"clippedAbsY":20,"clippedX":22,"clippedY":-20,"requestedAppliedX":16.236,"requestedAppliedY":-14.760000000000002,"appliedX":16.236,"appliedY":-14.760000000000002,"actualX":16,"actualY":-15,"sensitivity":0.738,"currentZoomForScroll":2.579603759066714,"maxScrollStepX":22,"maxScrollStepY":22,"diagonalEvents":2,"clippedEvents":0}
[DebugBridge +21868.7ms] wheel_scroll_motion {"eventCount":2,"rawAbsX":22,"rawAbsY":32,"rawX":22,"rawY":-32,"clippedAbsX":22,"clippedAbsY":32,"clippedX":22,"clippedY":-32,"requestedAppliedX":16.236,"requestedAppliedY":-23.616,"appliedX":16.236,"appliedY":-22,"actualX":16,"actualY":-22,"sensitivity":0.738,"currentZoomForScroll":2.579603759066714,"maxScrollStepX":22,"maxScrollStepY":22,"diagonalEvents":2,"clippedEvents":0}
[DebugBridge +21875.7ms] wheel_scroll_motion {"eventCount":2,"rawAbsX":12,"rawAbsY":32,"rawX":12,"rawY":-32,"clippedAbsX":12,"clippedAbsY":32,"clippedX":12,"clippedY":-32,"requestedAppliedX":8.856,"requestedAppliedY":-23.616,"appliedX":8.856,"appliedY":-22,"actualX":8.5,"actualY":-22,"sensitivity":0.738,"currentZoomForScroll":2.579603759066714,"maxScrollStepX":22,"maxScrollStepY":22,"diagonalEvents":2,"clippedEvents":0}
[DebugBridge +21883.5ms] wheel_scroll_motion {"eventCount":2,"rawAbsX":10,"rawAbsY":36,"rawX":10,"rawY":-36,"clippedAbsX":10,"clippedAbsY":36,"clippedX":10,"clippedY":-36,"requestedAppliedX":7.38,"requestedAppliedY":-26.568,"appliedX":7.38,"appliedY":-22,"actualX":7,"actualY":-22,"sensitivity":0.738,"currentZoomForScroll":2.579603759066714,"maxScrollStepX":22,"maxScrollStepY":22,"diagonalEvents":2,"clippedEvents":0}
[DebugBridge +21893.6ms] wheel_scroll_motion {"eventCount":2,"rawAbsX":6,"rawAbsY":42,"rawX":6,"rawY":-42,"clippedAbsX":6,"clippedAbsY":39.8857897496786,"clippedX":6,"clippedY":-39.8857897496786,"requestedAppliedX":4.1328,"requestedAppliedY":-27.230141551736526,"appliedX":4.1328,"appliedY":-22,"actualX":4,"actualY":-22,"sensitivity":0.6642,"currentZoomForScroll":2.579603759066714,"maxScrollStepX":22,"maxScrollStepY":22,"diagonalEvents":2,"clippedEvents":1}
[DebugBridge +21900.7ms] wheel_scroll_motion {"eventCount":2,"rawAbsX":4,"rawAbsY":42,"rawX":4,"rawY":-42,"clippedAbsX":4,"clippedAbsY":37.8857897496786,"clippedX":4,"clippedY":-37.8857897496786,"requestedAppliedX":2.8044000000000002,"requestedAppliedY":-25.754141551736527,"appliedX":2.8044000000000002,"appliedY":-22,"actualX":2.5,"actualY":-22,"sensitivity":0.6642,"currentZoomForScroll":2.579603759066714,"maxScrollStepX":22,"maxScrollStepY":22,"diagonalEvents":2,"clippedEvents":1}
[DebugBridge +21907.7ms] wheel_scroll_motion {"eventCount":2,"rawAbsX":2,"rawAbsY":32,"rawX":2,"rawY":-32,"clippedAbsX":2,"clippedAbsY":32,"clippedX":2,"clippedY":-32,"requestedAppliedX":1.476,"requestedAppliedY":-25.748,"appliedX":1.476,"appliedY":-22,"actualX":1,"actualY":-22,"sensitivity":0.82,"currentZoomForScroll":2.579603759066714,"maxScrollStepX":22,"maxScrollStepY":22,"diagonalEvents":1,"clippedEvents":0}
[DebugBridge +21918.8ms] wheel_scroll_motion {"eventCount":2,"rawAbsX":2,"rawAbsY":26,"rawX":-2,"rawY":-26,"clippedAbsX":2,"clippedAbsY":26,"clippedX":-2,"clippedY":-26,"requestedAppliedX":-1.476,"requestedAppliedY":-19.516000000000002,"appliedX":-1.476,"appliedY":-19.516000000000002,"actualX":-1.5,"actualY":-20,"sensitivity":0.738,"currentZoomForScroll":2.579603759066714,"maxScrollStepX":22,"maxScrollStepY":22,"diagonalEvents":1,"clippedEvents":0}
[DebugBridge +21925.9ms] wheel_scroll_motion {"eventCount":2,"rawAbsX":4,"rawAbsY":28,"rawX":-4,"rawY":-28,"clippedAbsX":4,"clippedAbsY":28,"clippedX":-4,"clippedY":-28,"requestedAppliedX":-2.952,"requestedAppliedY":-20.664,"appliedX":-2.952,"appliedY":-20.664,"actualX":-3,"actualY":-21,"sensitivity":0.738,"currentZoomForScroll":2.579603759066714,"maxScrollStepX":22,"maxScrollStepY":22,"diagonalEvents":2,"clippedEvents":0}
[DebugBridge +21934.2ms] wheel_scroll_motion {"eventCount":1,"rawAbsX":6,"rawAbsY":22,"rawX":-6,"rawY":-22,"clippedAbsX":6,"clippedAbsY":22,"clippedX":-6,"clippedY":-22,"requestedAppliedX":-4.428,"requestedAppliedY":-16.236,"appliedX":-4.428,"appliedY":-16.236,"actualX":-4.5,"actualY":-16.5,"sensitivity":0.738,"currentZoomForScroll":2.579603759066714,"maxScrollStepX":22,"maxScrollStepY":22,"diagonalEvents":1,"clippedEvents":0}
[DebugBridge +21943.1ms] wheel_scroll_motion {"eventCount":1,"rawAbsX":10,"rawAbsY":16,"rawX":-10,"rawY":-16,"clippedAbsX":10,"clippedAbsY":16,"clippedX":-10,"clippedY":-16,"requestedAppliedX":-7.38,"requestedAppliedY":-11.808,"appliedX":-7.38,"appliedY":-11.808,"actualX":-7.5,"actualY":-12,"sensitivity":0.738,"currentZoomForScroll":2.579603759066714,"maxScrollStepX":22,"maxScrollStepY":22,"diagonalEvents":1,"clippedEvents":0}
[DebugBridge +21951.1ms] wheel_scroll_motion {"eventCount":1,"rawAbsX":10,"rawAbsY":10,"rawX":-10,"rawY":-10,"clippedAbsX":10,"clippedAbsY":10,"clippedX":-10,"clippedY":-10,"requestedAppliedX":-7.38,"requestedAppliedY":-7.38,"appliedX":-7.38,"appliedY":-7.38,"actualX":-7.5,"actualY":-7.5,"sensitivity":0.738,"currentZoomForScroll":2.579603759066714,"maxScrollStepX":22,"maxScrollStepY":22,"diagonalEvents":1,"clippedEvents":0}
[DebugBridge +21959.7ms] wheel_scroll_motion {"eventCount":2,"rawAbsX":14,"rawAbsY":6,"rawX":-14,"rawY":-6,"clippedAbsX":14,"clippedAbsY":6,"clippedX":-14,"clippedY":-6,"requestedAppliedX":-10.332,"requestedAppliedY":-4.428,"appliedX":-10.332,"appliedY":-4.428,"actualX":-10.5,"actualY":-4.5,"sensitivity":0.738,"currentZoomForScroll":2.579603759066714,"maxScrollStepX":22,"maxScrollStepY":22,"diagonalEvents":2,"clippedEvents":0}
[DebugBridge +21967.9ms] wheel_scroll_motion {"eventCount":2,"rawAbsX":16,"rawAbsY":4,"rawX":-16,"rawY":-4,"clippedAbsX":16,"clippedAbsY":4,"clippedX":-16,"clippedY":-4,"requestedAppliedX":-11.808,"requestedAppliedY":-2.952,"appliedX":-11.808,"appliedY":-2.952,"actualX":-12,"actualY":-3,"sensitivity":0.738,"currentZoomForScroll":2.579603759066714,"maxScrollStepX":22,"maxScrollStepY":22,"diagonalEvents":2,"clippedEvents":0}
[DebugBridge +22008.2ms] wheel_scroll_motion {"eventCount":3,"rawAbsX":82,"rawAbsY":48,"rawX":-82,"rawY":48,"clippedAbsX":43.8857897496786,"clippedAbsY":48,"clippedX":-43.8857897496786,"clippedY":48,"requestedAppliedX":-30.182141551736528,"requestedAppliedY":33.3576,"appliedX":-22,"appliedY":22,"actualX":-22,"actualY":22,"sensitivity":0.738,"currentZoomForScroll":2.579603759066714,"maxScrollStepX":22,"maxScrollStepY":22,"diagonalEvents":3,"clippedEvents":1}
[DebugBridge +22017.2ms] wheel_scroll_motion {"eventCount":3,"rawAbsX":14,"rawAbsY":42,"rawX":-14,"rawY":42,"clippedAbsX":14,"clippedAbsY":42,"clippedX":-14,"clippedY":42,"requestedAppliedX":-10.332,"requestedAppliedY":30.996000000000002,"appliedX":-10.332,"appliedY":22,"actualX":-10.5,"actualY":22,"sensitivity":0.738,"currentZoomForScroll":2.579603759066714,"maxScrollStepX":22,"maxScrollStepY":22,"diagonalEvents":3,"clippedEvents":0}
[DebugBridge +22026.3ms] wheel_scroll_motion {"eventCount":1,"rawAbsX":2,"rawAbsY":6,"rawX":-2,"rawY":6,"clippedAbsX":2,"clippedAbsY":6,"clippedX":-2,"clippedY":6,"requestedAppliedX":-1.476,"requestedAppliedY":4.428,"appliedX":-1.476,"appliedY":4.428,"actualX":-1.5,"actualY":4,"sensitivity":0.738,"currentZoomForScroll":2.579603759066714,"maxScrollStepX":22,"maxScrollStepY":22,"diagonalEvents":1,"clippedEvents":0}
[DebugBridge +22033.9ms] wheel_scroll_motion {"eventCount":2,"rawAbsX":6,"rawAbsY":28,"rawX":-6,"rawY":28,"clippedAbsX":6,"clippedAbsY":28,"clippedX":-6,"clippedY":28,"requestedAppliedX":-4.428,"requestedAppliedY":20.664,"appliedX":-4.428,"appliedY":20.664,"actualX":-4.5,"actualY":20.5,"sensitivity":0.738,"currentZoomForScroll":2.579603759066714,"maxScrollStepX":22,"maxScrollStepY":22,"diagonalEvents":2,"clippedEvents":0}
[DebugBridge +22432.4ms] wheel_scroll_motion {"eventCount":3,"rawAbsX":6,"rawAbsY":60,"rawX":-6,"rawY":60,"clippedAbsX":6,"clippedAbsY":59.8857897496786,"clippedX":-6,"clippedY":59.8857897496786,"requestedAppliedX":-4.2804,"requestedAppliedY":41.99014155173653,"appliedX":-4.2804,"appliedY":22,"actualX":-4.5,"actualY":22,"sensitivity":0.6642,"currentZoomForScroll":2.579603759066714,"maxScrollStepX":22,"maxScrollStepY":22,"diagonalEvents":3,"clippedEvents":1}
[DebugBridge +22442.3ms] wheel_scroll_motion {"eventCount":1,"rawAbsX":138,"rawAbsY":140,"rawX":138,"rawY":140,"clippedAbsX":29.8857897496786,"clippedAbsY":29.8857897496786,"clippedX":29.8857897496786,"clippedY":29.8857897496786,"requestedAppliedX":19.850141551736527,"requestedAppliedY":19.850141551736527,"appliedX":19.850141551736527,"appliedY":19.850141551736527,"actualX":19.5,"actualY":19.5,"sensitivity":0.6642,"currentZoomForScroll":2.579603759066714,"maxScrollStepX":22,"maxScrollStepY":22,"diagonalEvents":1,"clippedEvents":1}
[DebugBridge +22455.2ms] wheel_scroll_motion {"eventCount":1,"rawAbsX":18,"rawAbsY":30,"rawX":18,"rawY":-30,"clippedAbsX":18,"clippedAbsY":29.8857897496786,"clippedX":18,"clippedY":-29.8857897496786,"requestedAppliedX":11.9556,"requestedAppliedY":-19.850141551736527,"appliedX":11.9556,"appliedY":-19.850141551736527,"actualX":11.5,"actualY":-20,"sensitivity":0.6642,"currentZoomForScroll":2.579603759066714,"maxScrollStepX":22,"maxScrollStepY":22,"diagonalEvents":1,"clippedEvents":1}
[DebugBridge +22457.0ms] zoom_end {"source":"zoomChange_settle"}
[DebugBridge +22472.9ms] wheel_scroll_motion {"eventCount":2,"rawAbsX":20,"rawAbsY":58,"rawX":20,"rawY":-58,"clippedAbsX":20,"clippedAbsY":55.8857897496786,"clippedX":20,"clippedY":-55.8857897496786,"requestedAppliedX":13.7268,"requestedAppliedY":-39.03814155173653,"appliedX":13.7268,"appliedY":-22,"actualX":13.5,"actualY":-22,"sensitivity":0.738,"currentZoomForScroll":2.579603759066714,"maxScrollStepX":22,"maxScrollStepY":22,"diagonalEvents":2,"clippedEvents":1}
[DebugBridge +22475.9ms] wheel_scroll_motion {"eventCount":1,"rawAbsX":4,"rawAbsY":28,"rawX":4,"rawY":-28,"clippedAbsX":4,"clippedAbsY":28,"clippedX":4,"clippedY":-28,"requestedAppliedX":2.952,"requestedAppliedY":-20.664,"appliedX":2.952,"appliedY":-20.664,"actualX":2.5,"actualY":-21,"sensitivity":0.738,"currentZoomForScroll":2.579603759066714,"maxScrollStepX":22,"maxScrollStepY":22,"diagonalEvents":1,"clippedEvents":0}
[DebugBridge +22559.4ms] wheel_scroll_motion {"eventCount":2,"rawAbsX":4,"rawAbsY":28,"rawX":4,"rawY":-28,"clippedAbsX":4,"clippedAbsY":28,"clippedX":4,"clippedY":-28,"requestedAppliedX":2.952,"requestedAppliedY":-20.664,"appliedX":2.952,"appliedY":-20.664,"actualX":2.5,"actualY":-21,"sensitivity":0.738,"currentZoomForScroll":2.579603759066714,"maxScrollStepX":22,"maxScrollStepY":22,"diagonalEvents":2,"clippedEvents":0}
[DebugBridge +22563.9ms] wheel_scroll_motion {"eventCount":1,"rawAbsX":128,"rawAbsY":134,"rawX":-128,"rawY":-134,"clippedAbsX":29.8857897496786,"clippedAbsY":29.8857897496786,"clippedX":-29.8857897496786,"clippedY":-29.8857897496786,"requestedAppliedX":-19.850141551736527,"requestedAppliedY":-19.850141551736527,"appliedX":-19.850141551736527,"appliedY":-19.850141551736527,"actualX":-20,"actualY":-20,"sensitivity":0.6642,"currentZoomForScroll":2.579603759066714,"maxScrollStepX":22,"maxScrollStepY":22,"diagonalEvents":1,"clippedEvents":1}
[DebugBridge +22566.3ms] wheel_scroll_motion {"eventCount":1,"rawAbsX":12,"rawAbsY":2,"rawX":-12,"rawY":2,"clippedAbsX":12,"clippedAbsY":2,"clippedX":-12,"clippedY":2,"requestedAppliedX":-8.856,"requestedAppliedY":1.476,"appliedX":-8.856,"appliedY":1.476,"actualX":-9,"actualY":1,"sensitivity":0.738,"currentZoomForScroll":2.579603759066714,"maxScrollStepX":22,"maxScrollStepY":22,"diagonalEvents":1,"clippedEvents":0}
[DebugBridge +22653.6ms] wheel_scroll_motion {"eventCount":2,"rawAbsX":38,"rawAbsY":10,"rawX":-38,"rawY":10,"clippedAbsX":38,"clippedAbsY":10,"clippedX":-38,"clippedY":10,"requestedAppliedX":-28.043999999999997,"requestedAppliedY":7.38,"appliedX":-22,"appliedY":7.38,"actualX":-22,"actualY":7,"sensitivity":0.738,"currentZoomForScroll":2.579603759066714,"maxScrollStepX":22,"maxScrollStepY":22,"diagonalEvents":2,"clippedEvents":0}
[DebugBridge +22658.6ms] wheel_scroll_motion {"eventCount":1,"rawAbsX":92,"rawAbsY":86,"rawX":-92,"rawY":86,"clippedAbsX":29.8857897496786,"clippedAbsY":29.8857897496786,"clippedX":-29.8857897496786,"clippedY":29.8857897496786,"requestedAppliedX":-19.850141551736527,"requestedAppliedY":19.850141551736527,"appliedX":-19.850141551736527,"appliedY":19.850141551736527,"actualX":-20,"actualY":19.5,"sensitivity":0.6642,"currentZoomForScroll":2.579603759066714,"maxScrollStepX":22,"maxScrollStepY":22,"diagonalEvents":1,"clippedEvents":1}
[DebugBridge +22842.1ms] wheel_scroll_motion {"eventCount":2,"rawAbsX":10,"rawAbsY":8,"rawX":-10,"rawY":8,"clippedAbsX":10,"clippedAbsY":8,"clippedX":-10,"clippedY":8,"requestedAppliedX":-7.38,"requestedAppliedY":5.904,"appliedX":-7.38,"appliedY":5.904,"actualX":-7.5,"actualY":5.5,"sensitivity":0.738,"currentZoomForScroll":2.579603759066714,"maxScrollStepX":22,"maxScrollStepY":22,"diagonalEvents":2,"clippedEvents":0}
[DebugBridge +22864.8ms] wheel_scroll_motion {"eventCount":1,"rawAbsX":262,"rawAbsY":68,"rawX":262,"rawY":-68,"clippedAbsX":29.8857897496786,"clippedAbsY":29.8857897496786,"clippedX":29.8857897496786,"clippedY":-29.8857897496786,"requestedAppliedX":19.850141551736527,"requestedAppliedY":-19.850141551736527,"appliedX":19.850141551736527,"appliedY":-19.850141551736527,"actualX":19.5,"actualY":-20,"sensitivity":0.6642,"currentZoomForScroll":2.579603759066714,"maxScrollStepX":22,"maxScrollStepY":22,"diagonalEvents":1,"clippedEvents":1}
[DebugBridge +22885.4ms] wheel_scroll_motion {"eventCount":4,"rawAbsX":52,"rawAbsY":116,"rawX":52,"rawY":116,"clippedAbsX":35.8857897496786,"clippedAbsY":65.8857897496786,"clippedX":35.8857897496786,"clippedY":65.8857897496786,"requestedAppliedX":24.278141551736525,"requestedAppliedY":46.41814155173653,"appliedX":22,"appliedY":22,"actualX":22,"actualY":22,"sensitivity":0.738,"currentZoomForScroll":2.579603759066714,"maxScrollStepX":22,"maxScrollStepY":22,"diagonalEvents":4,"clippedEvents":1}
[DebugBridge +22888.6ms] wheel_scroll_motion {"eventCount":1,"rawAbsX":2,"rawAbsY":16,"rawX":-2,"rawY":16,"clippedAbsX":2,"clippedAbsY":16,"clippedX":-2,"clippedY":16,"requestedAppliedX":-1.476,"requestedAppliedY":11.808,"appliedX":-1.476,"appliedY":11.808,"actualX":-1.5,"actualY":11.5,"sensitivity":0.738,"currentZoomForScroll":2.579603759066714,"maxScrollStepX":22,"maxScrollStepY":22,"diagonalEvents":1,"clippedEvents":0}
[DebugBridge +22891.4ms] wheel_scroll_motion {"eventCount":1,"rawAbsX":4,"rawAbsY":28,"rawX":-4,"rawY":28,"clippedAbsX":4,"clippedAbsY":28,"clippedX":-4,"clippedY":28,"requestedAppliedX":-2.952,"requestedAppliedY":20.664,"appliedX":-2.952,"appliedY":20.664,"actualX":-3,"actualY":20.5,"sensitivity":0.738,"currentZoomForScroll":2.579603759066714,"maxScrollStepX":22,"maxScrollStepY":22,"diagonalEvents":1,"clippedEvents":0}
[DebugBridge +22969.2ms] wheel_scroll_motion {"eventCount":2,"rawAbsX":6,"rawAbsY":24,"rawX":-6,"rawY":24,"clippedAbsX":6,"clippedAbsY":24,"clippedX":-6,"clippedY":24,"requestedAppliedX":-4.428,"requestedAppliedY":17.712,"appliedX":-4.428,"appliedY":17.712,"actualX":-4.5,"actualY":17.5,"sensitivity":0.738,"currentZoomForScroll":2.579603759066714,"maxScrollStepX":22,"maxScrollStepY":22,"diagonalEvents":2,"clippedEvents":0}
[DebugBridge +22971.6ms] wheel_scroll_motion {"eventCount":1,"rawAbsX":124,"rawAbsY":106,"rawX":-124,"rawY":106,"clippedAbsX":29.8857897496786,"clippedAbsY":29.8857897496786,"clippedX":-29.8857897496786,"clippedY":29.8857897496786,"requestedAppliedX":-19.850141551736527,"requestedAppliedY":19.850141551736527,"appliedX":-19.850141551736527,"appliedY":19.850141551736527,"actualX":-20,"actualY":19.5,"sensitivity":0.6642,"currentZoomForScroll":2.579603759066714,"maxScrollStepX":22,"maxScrollStepY":22,"diagonalEvents":1,"clippedEvents":1}
[DebugBridge +22973.9ms] wheel_scroll_motion {"eventCount":1,"rawAbsX":24,"rawAbsY":0,"rawX":-24,"rawY":0,"clippedAbsX":24,"clippedAbsY":0,"clippedX":-24,"clippedY":0,"requestedAppliedX":-19.68,"requestedAppliedY":0,"appliedX":-19.68,"appliedY":0,"actualX":-20,"actualY":0,"sensitivity":0.82,"currentZoomForScroll":2.579603759066714,"maxScrollStepX":22,"maxScrollStepY":22,"diagonalEvents":0,"clippedEvents":0}
[DebugBridge +23119.0ms] wheel_scroll_motion {"eventCount":1,"rawAbsX":26,"rawAbsY":2,"rawX":-26,"rawY":-2,"clippedAbsX":26,"clippedAbsY":2,"clippedX":-26,"clippedY":-2,"requestedAppliedX":-19.188,"requestedAppliedY":-1.476,"appliedX":-19.188,"appliedY":-1.476,"actualX":-19.5,"actualY":-1.5,"sensitivity":0.738,"currentZoomForScroll":2.579603759066714,"maxScrollStepX":22,"maxScrollStepY":22,"diagonalEvents":1,"clippedEvents":0}
[DebugBridge +23121.7ms] wheel_scroll_motion {"eventCount":1,"rawAbsX":214,"rawAbsY":152,"rawX":-214,"rawY":-152,"clippedAbsX":29.8857897496786,"clippedAbsY":29.8857897496786,"clippedX":-29.8857897496786,"clippedY":-29.8857897496786,"requestedAppliedX":-19.850141551736527,"requestedAppliedY":-19.850141551736527,"appliedX":-19.850141551736527,"appliedY":-19.850141551736527,"actualX":-20,"actualY":-20,"sensitivity":0.6642,"currentZoomForScroll":2.579603759066714,"maxScrollStepX":22,"maxScrollStepY":22,"diagonalEvents":1,"clippedEvents":1}
[DebugBridge +23124.4ms] wheel_scroll_motion {"eventCount":1,"rawAbsX":6,"rawAbsY":14,"rawX":6,"rawY":-14,"clippedAbsX":6,"clippedAbsY":14,"clippedX":6,"clippedY":-14,"requestedAppliedX":4.428,"requestedAppliedY":-10.332,"appliedX":4.428,"appliedY":-10.332,"actualX":4,"actualY":-10.5,"sensitivity":0.738,"currentZoomForScroll":2.579603759066714,"maxScrollStepX":22,"maxScrollStepY":22,"diagonalEvents":1,"clippedEvents":0}
[DebugBridge +23134.4ms] wheel_scroll_motion {"eventCount":3,"rawAbsX":16,"rawAbsY":22,"rawX":16,"rawY":-22,"clippedAbsX":16,"clippedAbsY":22,"clippedX":16,"clippedY":-22,"requestedAppliedX":11.808,"requestedAppliedY":-16.236,"appliedX":11.808,"appliedY":-16.236,"actualX":11.5,"actualY":-16.5,"sensitivity":0.738,"currentZoomForScroll":2.579603759066714,"maxScrollStepX":22,"maxScrollStepY":22,"diagonalEvents":3,"clippedEvents":0}
[DebugBridge +23141.3ms] wheel_scroll_motion {"eventCount":1,"rawAbsX":10,"rawAbsY":8,"rawX":10,"rawY":-8,"clippedAbsX":10,"clippedAbsY":8,"clippedX":10,"clippedY":-8,"requestedAppliedX":7.38,"requestedAppliedY":-5.904,"appliedX":7.38,"appliedY":-5.904,"actualX":7,"actualY":-6,"sensitivity":0.738,"currentZoomForScroll":2.579603759066714,"maxScrollStepX":22,"maxScrollStepY":22,"diagonalEvents":1,"clippedEvents":0}
[DebugBridge +23150.8ms] wheel_scroll_motion {"eventCount":2,"rawAbsX":20,"rawAbsY":14,"rawX":20,"rawY":-14,"clippedAbsX":20,"clippedAbsY":14,"clippedX":20,"clippedY":-14,"requestedAppliedX":14.760000000000002,"requestedAppliedY":-10.332,"appliedX":14.760000000000002,"appliedY":-10.332,"actualX":14.5,"actualY":-10.5,"sensitivity":0.738,"currentZoomForScroll":2.579603759066714,"maxScrollStepX":22,"maxScrollStepY":22,"diagonalEvents":2,"clippedEvents":0}
[DebugBridge +23158.5ms] wheel_scroll_motion {"eventCount":2,"rawAbsX":24,"rawAbsY":12,"rawX":24,"rawY":-12,"clippedAbsX":24,"clippedAbsY":12,"clippedX":24,"clippedY":-12,"requestedAppliedX":17.712,"requestedAppliedY":-8.856,"appliedX":17.712,"appliedY":-8.856,"actualX":17.5,"actualY":-9,"sensitivity":0.738,"currentZoomForScroll":2.579603759066714,"maxScrollStepX":22,"maxScrollStepY":22,"diagonalEvents":2,"clippedEvents":0}
[DebugBridge +23167.7ms] wheel_scroll_motion {"eventCount":3,"rawAbsX":36,"rawAbsY":12,"rawX":36,"rawY":-12,"clippedAbsX":36,"clippedAbsY":12,"clippedX":36,"clippedY":-12,"requestedAppliedX":26.568,"requestedAppliedY":-8.856,"appliedX":22,"appliedY":-8.856,"actualX":22,"actualY":-9,"sensitivity":0.738,"currentZoomForScroll":2.579603759066714,"maxScrollStepX":22,"maxScrollStepY":22,"diagonalEvents":3,"clippedEvents":0}
[DebugBridge +23174.1ms] wheel_scroll_motion {"eventCount":1,"rawAbsX":22,"rawAbsY":6,"rawX":22,"rawY":-6,"clippedAbsX":22,"clippedAbsY":6,"clippedX":22,"clippedY":-6,"requestedAppliedX":16.236,"requestedAppliedY":-4.428,"appliedX":16.236,"appliedY":-4.428,"actualX":16,"actualY":-4.5,"sensitivity":0.738,"currentZoomForScroll":2.579603759066714,"maxScrollStepX":22,"maxScrollStepY":22,"diagonalEvents":1,"clippedEvents":0}
[DebugBridge +23184.4ms] wheel_scroll_motion {"eventCount":3,"rawAbsX":36,"rawAbsY":8,"rawX":36,"rawY":-8,"clippedAbsX":36,"clippedAbsY":8,"clippedX":36,"clippedY":-8,"requestedAppliedX":26.568,"requestedAppliedY":-5.904,"appliedX":22,"appliedY":-5.904,"actualX":22,"actualY":-6,"sensitivity":0.738,"currentZoomForScroll":2.579603759066714,"maxScrollStepX":22,"maxScrollStepY":22,"diagonalEvents":3,"clippedEvents":0}
[DebugBridge +23327.5ms] wheel_scroll_motion {"eventCount":1,"rawAbsX":20,"rawAbsY":2,"rawX":20,"rawY":-2,"clippedAbsX":20,"clippedAbsY":2,"clippedX":20,"clippedY":-2,"requestedAppliedX":14.76,"requestedAppliedY":-1.476,"appliedX":14.76,"appliedY":-1.476,"actualX":14.5,"actualY":-1.5,"sensitivity":0.738,"currentZoomForScroll":2.579603759066714,"maxScrollStepX":22,"maxScrollStepY":22,"diagonalEvents":1,"clippedEvents":0}
[DebugBridge +23330.2ms] wheel_scroll_motion {"eventCount":1,"rawAbsX":178,"rawAbsY":220,"rawX":178,"rawY":220,"clippedAbsX":29.8857897496786,"clippedAbsY":29.8857897496786,"clippedX":29.8857897496786,"clippedY":29.8857897496786,"requestedAppliedX":19.850141551736527,"requestedAppliedY":19.850141551736527,"appliedX":19.850141551736527,"appliedY":19.850141551736527,"actualX":19.5,"actualY":19.5,"sensitivity":0.6642,"currentZoomForScroll":2.579603759066714,"maxScrollStepX":22,"maxScrollStepY":22,"diagonalEvents":1,"clippedEvents":1}
[DebugBridge +23333.7ms] wheel_scroll_motion {"eventCount":1,"rawAbsX":2,"rawAbsY":2,"rawX":-2,"rawY":2,"clippedAbsX":2,"clippedAbsY":2,"clippedX":-2,"clippedY":2,"requestedAppliedX":-1.476,"requestedAppliedY":1.476,"appliedX":-1.476,"appliedY":1.476,"actualX":-1.5,"actualY":1,"sensitivity":0.738,"currentZoomForScroll":2.579603759066714,"maxScrollStepX":22,"maxScrollStepY":22,"diagonalEvents":1,"clippedEvents":0}
[DebugBridge +23341.9ms] wheel_scroll_motion {"eventCount":2,"rawAbsX":8,"rawAbsY":24,"rawX":-8,"rawY":24,"clippedAbsX":8,"clippedAbsY":24,"clippedX":-8,"clippedY":24,"requestedAppliedX":-5.904,"requestedAppliedY":17.712,"appliedX":-5.904,"appliedY":17.712,"actualX":-6,"actualY":17.5,"sensitivity":0.738,"currentZoomForScroll":2.579603759066714,"maxScrollStepX":22,"maxScrollStepY":22,"diagonalEvents":2,"clippedEvents":0}
[DebugBridge +23350.4ms] wheel_scroll_motion {"eventCount":1,"rawAbsX":4,"rawAbsY":8,"rawX":-4,"rawY":8,"clippedAbsX":4,"clippedAbsY":8,"clippedX":-4,"clippedY":8,"requestedAppliedX":-2.952,"requestedAppliedY":5.904,"appliedX":-2.952,"appliedY":5.904,"actualX":-3,"actualY":5.5,"sensitivity":0.738,"currentZoomForScroll":2.579603759066714,"maxScrollStepX":22,"maxScrollStepY":22,"diagonalEvents":1,"clippedEvents":0}
[DebugBridge +23359.7ms] wheel_scroll_motion {"eventCount":1,"rawAbsX":6,"rawAbsY":14,"rawX":-6,"rawY":14,"clippedAbsX":6,"clippedAbsY":14,"clippedX":-6,"clippedY":14,"requestedAppliedX":-4.428,"requestedAppliedY":10.332,"appliedX":-4.428,"appliedY":10.332,"actualX":-4.5,"actualY":10,"sensitivity":0.738,"currentZoomForScroll":2.579603759066714,"maxScrollStepX":22,"maxScrollStepY":22,"diagonalEvents":1,"clippedEvents":0}
[DebugBridge +23367.1ms] wheel_scroll_motion {"eventCount":1,"rawAbsX":10,"rawAbsY":12,"rawX":-10,"rawY":12,"clippedAbsX":10,"clippedAbsY":12,"clippedX":-10,"clippedY":12,"requestedAppliedX":-7.38,"requestedAppliedY":8.856,"appliedX":-7.38,"appliedY":8.856,"actualX":-7.5,"actualY":8.5,"sensitivity":0.738,"currentZoomForScroll":2.579603759066714,"maxScrollStepX":22,"maxScrollStepY":22,"diagonalEvents":1,"clippedEvents":0}
[DebugBridge +23374.9ms] wheel_scroll_motion {"eventCount":2,"rawAbsX":18,"rawAbsY":14,"rawX":-18,"rawY":14,"clippedAbsX":18,"clippedAbsY":14,"clippedX":-18,"clippedY":14,"requestedAppliedX":-13.283999999999999,"requestedAppliedY":10.332,"appliedX":-13.283999999999999,"appliedY":10.332,"actualX":-13.5,"actualY":10,"sensitivity":0.738,"currentZoomForScroll":2.579603759066714,"maxScrollStepX":22,"maxScrollStepY":22,"diagonalEvents":2,"clippedEvents":0}
[DebugBridge +23382.4ms] wheel_scroll_motion {"eventCount":2,"rawAbsX":14,"rawAbsY":8,"rawX":-14,"rawY":8,"clippedAbsX":14,"clippedAbsY":8,"clippedX":-14,"clippedY":8,"requestedAppliedX":-10.332,"requestedAppliedY":5.904,"appliedX":-10.332,"appliedY":5.904,"actualX":-10.5,"actualY":5.5,"sensitivity":0.738,"currentZoomForScroll":2.579603759066714,"maxScrollStepX":22,"maxScrollStepY":22,"diagonalEvents":2,"clippedEvents":0}
[DebugBridge +23392.7ms] wheel_scroll_motion {"eventCount":3,"rawAbsX":22,"rawAbsY":6,"rawX":-22,"rawY":6,"clippedAbsX":22,"clippedAbsY":6,"clippedX":-22,"clippedY":6,"requestedAppliedX":-16.236,"requestedAppliedY":4.428,"appliedX":-16.236,"appliedY":4.428,"actualX":-16.5,"actualY":4,"sensitivity":0.738,"currentZoomForScroll":2.579603759066714,"maxScrollStepX":22,"maxScrollStepY":22,"diagonalEvents":3,"clippedEvents":0}
[DebugBridge +23409.2ms] wheel_scroll_motion {"eventCount":1,"rawAbsX":18,"rawAbsY":4,"rawX":-18,"rawY":4,"clippedAbsX":18,"clippedAbsY":4,"clippedX":-18,"clippedY":4,"requestedAppliedX":-13.283999999999999,"requestedAppliedY":2.952,"appliedX":-13.283999999999999,"appliedY":2.952,"actualX":-13.5,"actualY":2.5,"sensitivity":0.738,"currentZoomForScroll":2.579603759066714,"maxScrollStepX":22,"maxScrollStepY":22,"diagonalEvents":1,"clippedEvents":0}
[DebugBridge +23415.4ms] wheel_scroll_motion {"eventCount":3,"rawAbsX":38,"rawAbsY":4,"rawX":-38,"rawY":4,"clippedAbsX":38,"clippedAbsY":4,"clippedX":-38,"clippedY":4,"requestedAppliedX":-29.356,"requestedAppliedY":2.952,"appliedX":-22,"appliedY":2.952,"actualX":-22,"actualY":2.5,"sensitivity":0.82,"currentZoomForScroll":2.579603759066714,"maxScrollStepX":22,"maxScrollStepY":22,"diagonalEvents":2,"clippedEvents":0}
[DebugBridge +23425.3ms] wheel_scroll_motion {"eventCount":1,"rawAbsX":8,"rawAbsY":0,"rawX":-8,"rawY":0,"clippedAbsX":8,"clippedAbsY":0,"clippedX":-8,"clippedY":0,"requestedAppliedX":-6.56,"requestedAppliedY":0,"appliedX":-6.56,"appliedY":0,"actualX":-7,"actualY":0,"sensitivity":0.82,"currentZoomForScroll":2.579603759066714,"maxScrollStepX":22,"maxScrollStepY":22,"diagonalEvents":0,"clippedEvents":0}
[DebugBridge +23432.8ms] wheel_scroll_motion {"eventCount":2,"rawAbsX":40,"rawAbsY":8,"rawX":-40,"rawY":-8,"clippedAbsX":40,"clippedAbsY":8,"clippedX":-40,"clippedY":-8,"requestedAppliedX":-29.52,"requestedAppliedY":-5.904,"appliedX":-22,"appliedY":-5.904,"actualX":-22,"actualY":-6,"sensitivity":0.738,"currentZoomForScroll":2.579603759066714,"maxScrollStepX":22,"maxScrollStepY":22,"diagonalEvents":2,"clippedEvents":0}
[DebugBridge +23442.3ms] wheel_scroll_motion {"eventCount":3,"rawAbsX":28,"rawAbsY":8,"rawX":-28,"rawY":-8,"clippedAbsX":28,"clippedAbsY":8,"clippedX":-28,"clippedY":-8,"requestedAppliedX":-20.664,"requestedAppliedY":-5.904,"appliedX":-20.664,"appliedY":-5.904,"actualX":-21,"actualY":-6,"sensitivity":0.738,"currentZoomForScroll":2.579603759066714,"maxScrollStepX":22,"maxScrollStepY":22,"diagonalEvents":3,"clippedEvents":0}
[DebugBridge +23457.9ms] wheel_scroll_motion {"eventCount":3,"rawAbsX":36,"rawAbsY":12,"rawX":-36,"rawY":-12,"clippedAbsX":36,"clippedAbsY":12,"clippedX":-36,"clippedY":-12,"requestedAppliedX":-26.567999999999998,"requestedAppliedY":-8.856,"appliedX":-22,"appliedY":-8.856,"actualX":-22,"actualY":-9,"sensitivity":0.738,"currentZoomForScroll":2.579603759066714,"maxScrollStepX":22,"maxScrollStepY":22,"diagonalEvents":3,"clippedEvents":0}
[DebugBridge +23468.7ms] wheel_scroll_motion {"eventCount":3,"rawAbsX":24,"rawAbsY":12,"rawX":-24,"rawY":-12,"clippedAbsX":24,"clippedAbsY":12,"clippedX":-24,"clippedY":-12,"requestedAppliedX":-17.712,"requestedAppliedY":-8.856,"appliedX":-17.712,"appliedY":-8.856,"actualX":-18,"actualY":-9,"sensitivity":0.738,"currentZoomForScroll":2.579603759066714,"maxScrollStepX":22,"maxScrollStepY":22,"diagonalEvents":3,"clippedEvents":0}
[DebugBridge +23688.2ms] wheel_scroll_motion {"eventCount":2,"rawAbsX":20,"rawAbsY":8,"rawX":-20,"rawY":-8,"clippedAbsX":20,"clippedAbsY":8,"clippedX":-20,"clippedY":-8,"requestedAppliedX":-14.76,"requestedAppliedY":-5.904,"appliedX":-14.76,"appliedY":-5.904,"actualX":-15,"actualY":-6,"sensitivity":0.738,"currentZoomForScroll":2.579603759066714,"maxScrollStepX":22,"maxScrollStepY":22,"diagonalEvents":2,"clippedEvents":0}
[DebugBridge +23698.9ms] wheel_scroll_motion {"eventCount":1,"rawAbsX":398,"rawAbsY":96,"rawX":398,"rawY":-96,"clippedAbsX":29.8857897496786,"clippedAbsY":29.8857897496786,"clippedX":29.8857897496786,"clippedY":-29.8857897496786,"requestedAppliedX":19.850141551736527,"requestedAppliedY":-19.850141551736527,"appliedX":19.850141551736527,"appliedY":-19.850141551736527,"actualX":19.5,"actualY":-20,"sensitivity":0.6642,"currentZoomForScroll":2.579603759066714,"maxScrollStepX":22,"maxScrollStepY":22,"diagonalEvents":1,"clippedEvents":1}
[DebugBridge +23701.9ms] wheel_scroll_motion {"eventCount":1,"rawAbsX":4,"rawAbsY":6,"rawX":4,"rawY":-6,"clippedAbsX":4,"clippedAbsY":6,"clippedX":4,"clippedY":-6,"requestedAppliedX":2.952,"requestedAppliedY":-4.428,"appliedX":2.952,"appliedY":-4.428,"actualX":2.5,"actualY":-4.5,"sensitivity":0.738,"currentZoomForScroll":2.579603759066714,"maxScrollStepX":22,"maxScrollStepY":22,"diagonalEvents":1,"clippedEvents":0}
[DebugBridge +23714.3ms] wheel_scroll_motion {"eventCount":3,"rawAbsX":18,"rawAbsY":54,"rawX":18,"rawY":-54,"clippedAbsX":18,"clippedAbsY":54,"clippedX":18,"clippedY":-54,"requestedAppliedX":13.283999999999999,"requestedAppliedY":-39.852,"appliedX":13.283999999999999,"appliedY":-22,"actualX":13,"actualY":-22,"sensitivity":0.738,"currentZoomForScroll":2.579603759066714,"maxScrollStepX":22,"maxScrollStepY":22,"diagonalEvents":3,"clippedEvents":0}
[DebugBridge +23725.5ms] wheel_scroll_motion {"eventCount":2,"rawAbsX":4,"rawAbsY":44,"rawX":4,"rawY":-44,"clippedAbsX":4,"clippedAbsY":44,"clippedX":4,"clippedY":-44,"requestedAppliedX":2.952,"requestedAppliedY":-34.111999999999995,"appliedX":2.952,"appliedY":-22,"actualX":2.5,"actualY":-22,"sensitivity":0.82,"currentZoomForScroll":2.579603759066714,"maxScrollStepX":22,"maxScrollStepY":22,"diagonalEvents":1,"clippedEvents":0}
[DebugBridge +23733.7ms] wheel_scroll_motion {"eventCount":2,"rawAbsX":4,"rawAbsY":24,"rawX":-4,"rawY":-24,"clippedAbsX":4,"clippedAbsY":24,"clippedX":-4,"clippedY":-24,"requestedAppliedX":-2.952,"requestedAppliedY":-17.712,"appliedX":-2.952,"appliedY":-17.712,"actualX":-3,"actualY":-18,"sensitivity":0.738,"currentZoomForScroll":2.579603759066714,"maxScrollStepX":22,"maxScrollStepY":22,"diagonalEvents":2,"clippedEvents":0}
[DebugBridge +23742.2ms] wheel_scroll_motion {"eventCount":1,"rawAbsX":4,"rawAbsY":20,"rawX":-4,"rawY":-20,"clippedAbsX":4,"clippedAbsY":20,"clippedX":-4,"clippedY":-20,"requestedAppliedX":-2.952,"requestedAppliedY":-14.76,"appliedX":-2.952,"appliedY":-14.76,"actualX":-3,"actualY":-15,"sensitivity":0.738,"currentZoomForScroll":2.579603759066714,"maxScrollStepX":22,"maxScrollStepY":22,"diagonalEvents":1,"clippedEvents":0}
[DebugBridge +23784.0ms] wheel_scroll_motion {"eventCount":2,"rawAbsX":86,"rawAbsY":56,"rawX":-86,"rawY":-56,"clippedAbsX":39.8857897496786,"clippedAbsY":31.8857897496786,"clippedX":-39.8857897496786,"clippedY":-31.8857897496786,"requestedAppliedX":-27.230141551736526,"requestedAppliedY":-21.326141551736526,"appliedX":-22,"appliedY":-21.326141551736526,"actualX":-22,"actualY":-21.5,"sensitivity":0.738,"currentZoomForScroll":2.579603759066714,"maxScrollStepX":22,"maxScrollStepY":22,"diagonalEvents":2,"clippedEvents":1}
[DebugBridge +23792.0ms] wheel_scroll_motion {"eventCount":1,"rawAbsX":26,"rawAbsY":2,"rawX":-26,"rawY":-2,"clippedAbsX":26,"clippedAbsY":2,"clippedX":-26,"clippedY":-2,"requestedAppliedX":-19.188,"requestedAppliedY":-1.476,"appliedX":-19.188,"appliedY":-1.476,"actualX":-19.5,"actualY":-1.5,"sensitivity":0.738,"currentZoomForScroll":2.579603759066714,"maxScrollStepX":22,"maxScrollStepY":22,"diagonalEvents":1,"clippedEvents":0}
[DebugBridge +23800.1ms] wheel_scroll_motion {"eventCount":2,"rawAbsX":30,"rawAbsY":4,"rawX":-30,"rawY":4,"clippedAbsX":30,"clippedAbsY":4,"clippedX":-30,"clippedY":4,"requestedAppliedX":-22.14,"requestedAppliedY":2.952,"appliedX":-22,"appliedY":2.952,"actualX":-22,"actualY":2.5,"sensitivity":0.738,"currentZoomForScroll":2.579603759066714,"maxScrollStepX":22,"maxScrollStepY":22,"diagonalEvents":2,"clippedEvents":0}
[DebugBridge +23809.0ms] wheel_scroll_motion {"eventCount":3,"rawAbsX":54,"rawAbsY":8,"rawX":-54,"rawY":8,"clippedAbsX":54,"clippedAbsY":8,"clippedX":-54,"clippedY":8,"requestedAppliedX":-39.852000000000004,"requestedAppliedY":5.904,"appliedX":-22,"appliedY":5.904,"actualX":-22,"actualY":5.5,"sensitivity":0.738,"currentZoomForScroll":2.579603759066714,"maxScrollStepX":22,"maxScrollStepY":22,"diagonalEvents":3,"clippedEvents":0}
[DebugBridge +23817.4ms] wheel_scroll_motion {"eventCount":1,"rawAbsX":10,"rawAbsY":2,"rawX":-10,"rawY":2,"clippedAbsX":10,"clippedAbsY":2,"clippedX":-10,"clippedY":2,"requestedAppliedX":-7.38,"requestedAppliedY":1.476,"appliedX":-7.38,"appliedY":1.476,"actualX":-7.5,"actualY":1,"sensitivity":0.738,"currentZoomForScroll":2.579603759066714,"maxScrollStepX":22,"maxScrollStepY":22,"diagonalEvents":1,"clippedEvents":0}
[DebugBridge +23825.3ms] wheel_scroll_motion {"eventCount":2,"rawAbsX":32,"rawAbsY":8,"rawX":-32,"rawY":8,"clippedAbsX":32,"clippedAbsY":8,"clippedX":-32,"clippedY":8,"requestedAppliedX":-23.616,"requestedAppliedY":5.904,"appliedX":-22,"appliedY":5.904,"actualX":-22,"actualY":5.5,"sensitivity":0.738,"currentZoomForScroll":2.579603759066714,"maxScrollStepX":22,"maxScrollStepY":22,"diagonalEvents":2,"clippedEvents":0}
[DebugBridge +23832.7ms] wheel_scroll_motion {"eventCount":1,"rawAbsX":18,"rawAbsY":6,"rawX":-18,"rawY":6,"clippedAbsX":18,"clippedAbsY":6,"clippedX":-18,"clippedY":6,"requestedAppliedX":-13.283999999999999,"requestedAppliedY":4.428,"appliedX":-13.283999999999999,"appliedY":4.428,"actualX":-13.5,"actualY":4,"sensitivity":0.738,"currentZoomForScroll":2.579603759066714,"maxScrollStepX":22,"maxScrollStepY":22,"diagonalEvents":1,"clippedEvents":0}
[DebugBridge +23842.5ms] wheel_scroll_motion {"eventCount":1,"rawAbsX":4,"rawAbsY":2,"rawX":-4,"rawY":2,"clippedAbsX":4,"clippedAbsY":2,"clippedX":-4,"clippedY":2,"requestedAppliedX":-2.952,"requestedAppliedY":1.476,"appliedX":-2.952,"appliedY":1.476,"actualX":-3,"actualY":1,"sensitivity":0.738,"currentZoomForScroll":2.579603759066714,"maxScrollStepX":22,"maxScrollStepY":22,"diagonalEvents":1,"clippedEvents":0}
[DebugBridge +23850.5ms] wheel_scroll_motion {"eventCount":2,"rawAbsX":40,"rawAbsY":18,"rawX":-40,"rawY":18,"clippedAbsX":40,"clippedAbsY":18,"clippedX":-40,"clippedY":18,"requestedAppliedX":-29.52,"requestedAppliedY":13.283999999999999,"appliedX":-22,"appliedY":13.283999999999999,"actualX":-22,"actualY":13,"sensitivity":0.738,"currentZoomForScroll":2.579603759066714,"maxScrollStepX":22,"maxScrollStepY":22,"diagonalEvents":2,"clippedEvents":0}
[DebugBridge +23860.4ms] wheel_scroll_motion {"eventCount":3,"rawAbsX":34,"rawAbsY":26,"rawX":-34,"rawY":26,"clippedAbsX":34,"clippedAbsY":26,"clippedX":-34,"clippedY":26,"requestedAppliedX":-25.092,"requestedAppliedY":19.188,"appliedX":-22,"appliedY":19.188,"actualX":-22,"actualY":19,"sensitivity":0.738,"currentZoomForScroll":2.579603759066714,"maxScrollStepX":22,"maxScrollStepY":22,"diagonalEvents":3,"clippedEvents":0}
[DebugBridge +24002.1ms] wheel_scroll_motion {"eventCount":1,"rawAbsX":8,"rawAbsY":10,"rawX":-8,"rawY":10,"clippedAbsX":8,"clippedAbsY":10,"clippedX":-8,"clippedY":10,"requestedAppliedX":-5.904,"requestedAppliedY":7.38,"appliedX":-5.904,"appliedY":7.38,"actualX":-6,"actualY":7,"sensitivity":0.738,"currentZoomForScroll":2.579603759066714,"maxScrollStepX":22,"maxScrollStepY":22,"diagonalEvents":1,"clippedEvents":0}
[DebugBridge +24024.5ms] wheel_scroll_motion {"eventCount":2,"rawAbsX":306,"rawAbsY":208,"rawX":306,"rawY":120,"clippedAbsX":59.7715794993572,"clippedAbsY":59.7715794993572,"clippedX":59.7715794993572,"clippedY":0,"requestedAppliedX":39.700283103473055,"requestedAppliedY":0,"appliedX":22,"appliedY":0,"actualX":22,"actualY":0,"sensitivity":0.6642,"currentZoomForScroll":2.579603759066714,"maxScrollStepX":22,"maxScrollStepY":22,"diagonalEvents":2,"clippedEvents":2}
[DebugBridge +24033.6ms] wheel_scroll_motion {"eventCount":2,"rawAbsX":10,"rawAbsY":20,"rawX":10,"rawY":-20,"clippedAbsX":10,"clippedAbsY":20,"clippedX":10,"clippedY":-20,"requestedAppliedX":7.38,"requestedAppliedY":-14.76,"appliedX":7.38,"appliedY":-14.76,"actualX":7,"actualY":-15,"sensitivity":0.738,"currentZoomForScroll":2.579603759066714,"maxScrollStepX":22,"maxScrollStepY":22,"diagonalEvents":2,"clippedEvents":0}
[DebugBridge +24041.8ms] wheel_scroll_motion {"eventCount":2,"rawAbsX":10,"rawAbsY":20,"rawX":10,"rawY":-20,"clippedAbsX":10,"clippedAbsY":20,"clippedX":10,"clippedY":-20,"requestedAppliedX":7.38,"requestedAppliedY":-14.76,"appliedX":7.38,"appliedY":-14.76,"actualX":7,"actualY":-15,"sensitivity":0.738,"currentZoomForScroll":2.579603759066714,"maxScrollStepX":22,"maxScrollStepY":22,"diagonalEvents":2,"clippedEvents":0}
[DebugBridge +24050.9ms] wheel_scroll_motion {"eventCount":3,"rawAbsX":8,"rawAbsY":32,"rawX":8,"rawY":-32,"clippedAbsX":8,"clippedAbsY":32,"clippedX":8,"clippedY":-32,"requestedAppliedX":5.904,"requestedAppliedY":-23.616,"appliedX":5.904,"appliedY":-22,"actualX":5.5,"actualY":-22,"sensitivity":0.738,"currentZoomForScroll":2.579603759066714,"maxScrollStepX":22,"maxScrollStepY":22,"diagonalEvents":3,"clippedEvents":0}
[DebugBridge +24058.7ms] wheel_scroll_motion {"eventCount":1,"rawAbsX":2,"rawAbsY":6,"rawX":2,"rawY":-6,"clippedAbsX":2,"clippedAbsY":6,"clippedX":2,"clippedY":-6,"requestedAppliedX":1.476,"requestedAppliedY":-4.428,"appliedX":1.476,"appliedY":-4.428,"actualX":1,"actualY":-4.5,"sensitivity":0.738,"currentZoomForScroll":2.579603759066714,"maxScrollStepX":22,"maxScrollStepY":22,"diagonalEvents":1,"clippedEvents":0}
[DebugBridge +24066.5ms] wheel_scroll_motion {"eventCount":2,"rawAbsX":4,"rawAbsY":20,"rawX":4,"rawY":-20,"clippedAbsX":4,"clippedAbsY":20,"clippedX":4,"clippedY":-20,"requestedAppliedX":2.952,"requestedAppliedY":-14.760000000000002,"appliedX":2.952,"appliedY":-14.760000000000002,"actualX":2.5,"actualY":-15,"sensitivity":0.738,"currentZoomForScroll":2.579603759066714,"maxScrollStepX":22,"maxScrollStepY":22,"diagonalEvents":2,"clippedEvents":0}
[DebugBridge +24075.9ms] wheel_scroll_motion {"eventCount":3,"rawAbsX":4,"rawAbsY":30,"rawX":-4,"rawY":-30,"clippedAbsX":4,"clippedAbsY":30,"clippedX":-4,"clippedY":-30,"requestedAppliedX":-2.952,"requestedAppliedY":-23.616,"appliedX":-2.952,"appliedY":-22,"actualX":-3,"actualY":-22,"sensitivity":0.738,"currentZoomForScroll":2.579603759066714,"maxScrollStepX":22,"maxScrollStepY":22,"diagonalEvents":1,"clippedEvents":0}
[DebugBridge +24083.3ms] wheel_scroll_motion {"eventCount":1,"rawAbsX":2,"rawAbsY":6,"rawX":-2,"rawY":-6,"clippedAbsX":2,"clippedAbsY":6,"clippedX":-2,"clippedY":-6,"requestedAppliedX":-1.476,"requestedAppliedY":-4.428,"appliedX":-1.476,"appliedY":-4.428,"actualX":-1.5,"actualY":-4.5,"sensitivity":0.738,"currentZoomForScroll":2.579603759066714,"maxScrollStepX":22,"maxScrollStepY":22,"diagonalEvents":1,"clippedEvents":0}
[DebugBridge +24092.7ms] wheel_scroll_motion {"eventCount":3,"rawAbsX":16,"rawAbsY":28,"rawX":-16,"rawY":-28,"clippedAbsX":16,"clippedAbsY":28,"clippedX":-16,"clippedY":-28,"requestedAppliedX":-11.808,"requestedAppliedY":-20.664,"appliedX":-11.808,"appliedY":-20.664,"actualX":-12,"actualY":-21,"sensitivity":0.738,"currentZoomForScroll":2.579603759066714,"maxScrollStepX":22,"maxScrollStepY":22,"diagonalEvents":3,"clippedEvents":0}
[DebugBridge +24108.4ms] wheel_scroll_motion {"eventCount":2,"rawAbsX":20,"rawAbsY":20,"rawX":-20,"rawY":-20,"clippedAbsX":20,"clippedAbsY":20,"clippedX":-20,"clippedY":-20,"requestedAppliedX":-14.76,"requestedAppliedY":-14.760000000000002,"appliedX":-14.76,"appliedY":-14.760000000000002,"actualX":-15,"actualY":-15,"sensitivity":0.738,"currentZoomForScroll":2.579603759066714,"maxScrollStepX":22,"maxScrollStepY":22,"diagonalEvents":2,"clippedEvents":0}
[DebugBridge +24117.2ms] wheel_scroll_motion {"eventCount":3,"rawAbsX":46,"rawAbsY":18,"rawX":-46,"rawY":-18,"clippedAbsX":46,"clippedAbsY":18,"clippedX":-46,"clippedY":-18,"requestedAppliedX":-33.948,"requestedAppliedY":-13.284,"appliedX":-22,"appliedY":-13.284,"actualX":-22,"actualY":-13.5,"sensitivity":0.738,"currentZoomForScroll":2.579603759066714,"maxScrollStepX":22,"maxScrollStepY":22,"diagonalEvents":3,"clippedEvents":0}
[DebugBridge +24134.1ms] wheel_scroll_motion {"eventCount":2,"rawAbsX":50,"rawAbsY":4,"rawX":-50,"rawY":-4,"clippedAbsX":49.8857897496786,"clippedAbsY":4,"clippedX":-49.8857897496786,"clippedY":-4,"requestedAppliedX":-34.610141551736525,"requestedAppliedY":-2.8044000000000002,"appliedX":-22,"appliedY":-2.8044000000000002,"actualX":-22,"actualY":-3,"sensitivity":0.6642,"currentZoomForScroll":2.579603759066714,"maxScrollStepX":22,"maxScrollStepY":22,"diagonalEvents":2,"clippedEvents":1}
[DebugBridge +24149.9ms] wheel_scroll_motion {"eventCount":2,"rawAbsX":42,"rawAbsY":4,"rawX":-42,"rawY":4,"clippedAbsX":42,"clippedAbsY":4,"clippedX":-42,"clippedY":4,"requestedAppliedX":-30.996000000000002,"requestedAppliedY":2.952,"appliedX":-22,"appliedY":2.952,"actualX":-22,"actualY":2.5,"sensitivity":0.738,"currentZoomForScroll":2.579603759066714,"maxScrollStepX":22,"maxScrollStepY":22,"diagonalEvents":2,"clippedEvents":0}
[DebugBridge +24158.2ms] wheel_scroll_motion {"eventCount":2,"rawAbsX":26,"rawAbsY":6,"rawX":-26,"rawY":6,"clippedAbsX":26,"clippedAbsY":6,"clippedX":-26,"clippedY":6,"requestedAppliedX":-19.188,"requestedAppliedY":4.428,"appliedX":-19.188,"appliedY":4.428,"actualX":-19.5,"actualY":4,"sensitivity":0.738,"currentZoomForScroll":2.579603759066714,"maxScrollStepX":22,"maxScrollStepY":22,"diagonalEvents":2,"clippedEvents":0}
[DebugBridge +24166.1ms] wheel_scroll_motion {"eventCount":2,"rawAbsX":22,"rawAbsY":8,"rawX":-22,"rawY":8,"clippedAbsX":22,"clippedAbsY":8,"clippedX":-22,"clippedY":8,"requestedAppliedX":-16.236,"requestedAppliedY":5.904,"appliedX":-16.236,"appliedY":5.904,"actualX":-16.5,"actualY":5.5,"sensitivity":0.738,"currentZoomForScroll":2.579603759066714,"maxScrollStepX":22,"maxScrollStepY":22,"diagonalEvents":2,"clippedEvents":0}
[DebugBridge +24176.7ms] wheel_scroll_motion {"eventCount":3,"rawAbsX":30,"rawAbsY":16,"rawX":-30,"rawY":16,"clippedAbsX":30,"clippedAbsY":16,"clippedX":-30,"clippedY":16,"requestedAppliedX":-22.14,"requestedAppliedY":11.808,"appliedX":-22,"appliedY":11.808,"actualX":-22,"actualY":11.5,"sensitivity":0.738,"currentZoomForScroll":2.579603759066714,"maxScrollStepX":22,"maxScrollStepY":22,"diagonalEvents":3,"clippedEvents":0}
[DebugBridge +24183.5ms] wheel_scroll_motion {"eventCount":1,"rawAbsX":12,"rawAbsY":8,"rawX":-12,"rawY":8,"clippedAbsX":12,"clippedAbsY":8,"clippedX":-12,"clippedY":8,"requestedAppliedX":-8.856,"requestedAppliedY":5.904,"appliedX":-8.856,"appliedY":5.904,"actualX":-9,"actualY":5.5,"sensitivity":0.738,"currentZoomForScroll":2.579603759066714,"maxScrollStepX":22,"maxScrollStepY":22,"diagonalEvents":1,"clippedEvents":0}
[DebugBridge +24192.9ms] wheel_scroll_motion {"eventCount":3,"rawAbsX":20,"rawAbsY":18,"rawX":-20,"rawY":18,"clippedAbsX":20,"clippedAbsY":18,"clippedX":-20,"clippedY":18,"requestedAppliedX":-14.76,"requestedAppliedY":13.284,"appliedX":-14.76,"appliedY":13.284,"actualX":-15,"actualY":13,"sensitivity":0.738,"currentZoomForScroll":2.579603759066714,"maxScrollStepX":22,"maxScrollStepY":22,"diagonalEvents":3,"clippedEvents":0}
[DebugBridge +24208.9ms] wheel_scroll_motion {"eventCount":2,"rawAbsX":12,"rawAbsY":16,"rawX":-12,"rawY":16,"clippedAbsX":12,"clippedAbsY":16,"clippedX":-12,"clippedY":16,"requestedAppliedX":-8.856,"requestedAppliedY":11.808,"appliedX":-8.856,"appliedY":11.808,"actualX":-9,"actualY":11.5,"sensitivity":0.738,"currentZoomForScroll":2.579603759066714,"maxScrollStepX":22,"maxScrollStepY":22,"diagonalEvents":2,"clippedEvents":0}
[DebugBridge +24379.2ms] wheel_scroll_motion {"eventCount":1,"rawAbsX":22,"rawAbsY":82,"rawX":-22,"rawY":82,"clippedAbsX":22,"clippedAbsY":29.8857897496786,"clippedX":-22,"clippedY":29.8857897496786,"requestedAppliedX":-14.612400000000001,"requestedAppliedY":19.850141551736527,"appliedX":-14.612400000000001,"appliedY":19.850141551736527,"actualX":-15,"actualY":19.5,"sensitivity":0.6642,"currentZoomForScroll":2.579603759066714,"maxScrollStepX":22,"maxScrollStepY":22,"diagonalEvents":1,"clippedEvents":1}
[DebugBridge +24381.4ms] wheel_scroll_motion {"eventCount":1,"rawAbsX":322,"rawAbsY":26,"rawX":322,"rawY":26,"clippedAbsX":29.8857897496786,"clippedAbsY":26,"clippedX":29.8857897496786,"clippedY":26,"requestedAppliedX":19.850141551736527,"requestedAppliedY":17.2692,"appliedX":19.850141551736527,"appliedY":17.2692,"actualX":19.5,"actualY":17,"sensitivity":0.6642,"currentZoomForScroll":2.579603759066714,"maxScrollStepX":22,"maxScrollStepY":22,"diagonalEvents":1,"clippedEvents":1}
[DebugBridge +24392.6ms] wheel_scroll_motion {"eventCount":2,"rawAbsX":16,"rawAbsY":14,"rawX":16,"rawY":-14,"clippedAbsX":16,"clippedAbsY":14,"clippedX":16,"clippedY":-14,"requestedAppliedX":11.808,"requestedAppliedY":-10.332,"appliedX":11.808,"appliedY":-10.332,"actualX":11.5,"actualY":-10.5,"sensitivity":0.738,"currentZoomForScroll":2.579603759066714,"maxScrollStepX":22,"maxScrollStepY":22,"diagonalEvents":2,"clippedEvents":0}
[DebugBridge +24408.5ms] wheel_scroll_motion {"eventCount":2,"rawAbsX":12,"rawAbsY":10,"rawX":12,"rawY":-10,"clippedAbsX":12,"clippedAbsY":10,"clippedX":12,"clippedY":-10,"requestedAppliedX":8.856,"requestedAppliedY":-7.38,"appliedX":8.856,"appliedY":-7.38,"actualX":8.5,"actualY":-7.5,"sensitivity":0.738,"currentZoomForScroll":2.579603759066714,"maxScrollStepX":22,"maxScrollStepY":22,"diagonalEvents":2,"clippedEvents":0}
[DebugBridge +24416.6ms] wheel_scroll_motion {"eventCount":2,"rawAbsX":4,"rawAbsY":4,"rawX":4,"rawY":-4,"clippedAbsX":4,"clippedAbsY":4,"clippedX":4,"clippedY":-4,"requestedAppliedX":2.952,"requestedAppliedY":-2.952,"appliedX":2.952,"appliedY":-2.952,"actualX":2.5,"actualY":-3,"sensitivity":0.738,"currentZoomForScroll":2.579603759066714,"maxScrollStepX":22,"maxScrollStepY":22,"diagonalEvents":2,"clippedEvents":0}
[DebugBridge +24425.5ms] wheel_scroll_motion {"eventCount":2,"rawAbsX":4,"rawAbsY":4,"rawX":4,"rawY":-4,"clippedAbsX":4,"clippedAbsY":4,"clippedX":4,"clippedY":-4,"requestedAppliedX":2.952,"requestedAppliedY":-2.952,"appliedX":2.952,"appliedY":-2.952,"actualX":2.5,"actualY":-3,"sensitivity":0.738,"currentZoomForScroll":2.579603759066714,"maxScrollStepX":22,"maxScrollStepY":22,"diagonalEvents":2,"clippedEvents":0}
[DebugBridge +24434.9ms] wheel_scroll_motion {"eventCount":1,"rawAbsX":2,"rawAbsY":2,"rawX":2,"rawY":-2,"clippedAbsX":2,"clippedAbsY":2,"clippedX":2,"clippedY":-2,"requestedAppliedX":1.476,"requestedAppliedY":-1.476,"appliedX":1.476,"appliedY":-1.476,"actualX":1,"actualY":-1.5,"sensitivity":0.738,"currentZoomForScroll":2.579603759066714,"maxScrollStepX":22,"maxScrollStepY":22,"diagonalEvents":1,"clippedEvents":0}
[DebugBridge +24443.1ms] wheel_scroll_motion {"eventCount":2,"rawAbsX":4,"rawAbsY":6,"rawX":-4,"rawY":6,"clippedAbsX":4,"clippedAbsY":6,"clippedX":-4,"clippedY":6,"requestedAppliedX":-2.952,"requestedAppliedY":4.428,"appliedX":-2.952,"appliedY":4.428,"actualX":-3,"actualY":4,"sensitivity":0.738,"currentZoomForScroll":2.579603759066714,"maxScrollStepX":22,"maxScrollStepY":22,"diagonalEvents":2,"clippedEvents":0}
[DebugBridge +24483.4ms] wheel_scroll_motion {"eventCount":2,"rawAbsX":54,"rawAbsY":68,"rawX":-54,"rawY":68,"clippedAbsX":39.8857897496786,"clippedAbsY":39.8857897496786,"clippedX":-39.8857897496786,"clippedY":39.8857897496786,"requestedAppliedX":-27.230141551736526,"requestedAppliedY":27.230141551736526,"appliedX":-22,"appliedY":22,"actualX":-22,"actualY":22,"sensitivity":0.738,"currentZoomForScroll":2.579603759066714,"maxScrollStepX":22,"maxScrollStepY":22,"diagonalEvents":2,"clippedEvents":1}
[DebugBridge +24492.4ms] wheel_scroll_motion {"eventCount":2,"rawAbsX":18,"rawAbsY":16,"rawX":-18,"rawY":16,"clippedAbsX":18,"clippedAbsY":16,"clippedX":-18,"clippedY":16,"requestedAppliedX":-13.283999999999999,"requestedAppliedY":11.808,"appliedX":-13.283999999999999,"appliedY":11.808,"actualX":-13.5,"actualY":11.5,"sensitivity":0.738,"currentZoomForScroll":2.579603759066714,"maxScrollStepX":22,"maxScrollStepY":22,"diagonalEvents":2,"clippedEvents":0}
[DebugBridge +24500.5ms] wheel_scroll_motion {"eventCount":2,"rawAbsX":26,"rawAbsY":20,"rawX":-26,"rawY":20,"clippedAbsX":26,"clippedAbsY":20,"clippedX":-26,"clippedY":20,"requestedAppliedX":-19.188,"requestedAppliedY":14.760000000000002,"appliedX":-19.188,"appliedY":14.760000000000002,"actualX":-19.5,"actualY":14.5,"sensitivity":0.738,"currentZoomForScroll":2.579603759066714,"maxScrollStepX":22,"maxScrollStepY":22,"diagonalEvents":2,"clippedEvents":0}
[DebugBridge +24508.1ms] wheel_scroll_motion {"eventCount":1,"rawAbsX":8,"rawAbsY":6,"rawX":-8,"rawY":6,"clippedAbsX":8,"clippedAbsY":6,"clippedX":-8,"clippedY":6,"requestedAppliedX":-5.904,"requestedAppliedY":4.428,"appliedX":-5.904,"appliedY":4.428,"actualX":-6,"actualY":4,"sensitivity":0.738,"currentZoomForScroll":2.579603759066714,"maxScrollStepX":22,"maxScrollStepY":22,"diagonalEvents":1,"clippedEvents":0}
[DebugBridge +24524.9ms] wheel_scroll_motion {"eventCount":1,"rawAbsX":16,"rawAbsY":10,"rawX":-16,"rawY":10,"clippedAbsX":16,"clippedAbsY":10,"clippedX":-16,"clippedY":10,"requestedAppliedX":-11.808,"requestedAppliedY":7.38,"appliedX":-11.808,"appliedY":7.38,"actualX":-12,"actualY":7,"sensitivity":0.738,"currentZoomForScroll":2.579603759066714,"maxScrollStepX":22,"maxScrollStepY":22,"diagonalEvents":1,"clippedEvents":0}
[DebugBridge +24533.5ms] wheel_scroll_motion {"eventCount":2,"rawAbsX":34,"rawAbsY":18,"rawX":-34,"rawY":18,"clippedAbsX":34,"clippedAbsY":18,"clippedX":-34,"clippedY":18,"requestedAppliedX":-25.092,"requestedAppliedY":13.284,"appliedX":-22,"appliedY":13.284,"actualX":-22,"actualY":13,"sensitivity":0.738,"currentZoomForScroll":2.579603759066714,"maxScrollStepX":22,"maxScrollStepY":22,"diagonalEvents":2,"clippedEvents":0}
[DebugBridge +24542.0ms] wheel_scroll_motion {"eventCount":2,"rawAbsX":10,"rawAbsY":4,"rawX":-10,"rawY":4,"clippedAbsX":10,"clippedAbsY":4,"clippedX":-10,"clippedY":4,"requestedAppliedX":-7.38,"requestedAppliedY":2.952,"appliedX":-7.38,"appliedY":2.952,"actualX":-7.5,"actualY":2.5,"sensitivity":0.738,"currentZoomForScroll":2.579603759066714,"maxScrollStepX":22,"maxScrollStepY":22,"diagonalEvents":2,"clippedEvents":0}
[DebugBridge +24551.0ms] wheel_scroll_motion {"eventCount":3,"rawAbsX":22,"rawAbsY":8,"rawX":-22,"rawY":8,"clippedAbsX":22,"clippedAbsY":8,"clippedX":-22,"clippedY":8,"requestedAppliedX":-16.236,"requestedAppliedY":5.904,"appliedX":-16.236,"appliedY":5.904,"actualX":-16.5,"actualY":5.5,"sensitivity":0.738,"currentZoomForScroll":2.579603759066714,"maxScrollStepX":22,"maxScrollStepY":22,"diagonalEvents":3,"clippedEvents":0}
[DebugBridge +24558.5ms] wheel_scroll_motion {"eventCount":1,"rawAbsX":4,"rawAbsY":2,"rawX":-4,"rawY":2,"clippedAbsX":4,"clippedAbsY":2,"clippedX":-4,"clippedY":2,"requestedAppliedX":-2.952,"requestedAppliedY":1.476,"appliedX":-2.952,"appliedY":1.476,"actualX":-3,"actualY":1,"sensitivity":0.738,"currentZoomForScroll":2.579603759066714,"maxScrollStepX":22,"maxScrollStepY":22,"diagonalEvents":1,"clippedEvents":0}
[DebugBridge +24568.5ms] wheel_scroll_motion {"eventCount":2,"rawAbsX":12,"rawAbsY":4,"rawX":-12,"rawY":4,"clippedAbsX":12,"clippedAbsY":4,"clippedX":-12,"clippedY":4,"requestedAppliedX":-8.856,"requestedAppliedY":2.952,"appliedX":-8.856,"appliedY":2.952,"actualX":-9,"actualY":2.5,"sensitivity":0.738,"currentZoomForScroll":2.579603759066714,"maxScrollStepX":22,"maxScrollStepY":22,"diagonalEvents":2,"clippedEvents":0}
[DebugBridge +24575.8ms] wheel_scroll_motion {"eventCount":1,"rawAbsX":6,"rawAbsY":2,"rawX":-6,"rawY":2,"clippedAbsX":6,"clippedAbsY":2,"clippedX":-6,"clippedY":2,"requestedAppliedX":-4.428,"requestedAppliedY":1.476,"appliedX":-4.428,"appliedY":1.476,"actualX":-4.5,"actualY":1,"sensitivity":0.738,"currentZoomForScroll":2.579603759066714,"maxScrollStepX":22,"maxScrollStepY":22,"diagonalEvents":1,"clippedEvents":0}
[DebugBridge +24583.5ms] wheel_scroll_motion {"eventCount":2,"rawAbsX":8,"rawAbsY":4,"rawX":-8,"rawY":4,"clippedAbsX":8,"clippedAbsY":4,"clippedX":-8,"clippedY":4,"requestedAppliedX":-5.904,"requestedAppliedY":2.952,"appliedX":-5.904,"appliedY":2.952,"actualX":-0.5,"actualY":2.5,"sensitivity":0.738,"currentZoomForScroll":2.579603759066714,"maxScrollStepX":22,"maxScrollStepY":22,"diagonalEvents":2,"clippedEvents":0}
[DebugBridge +24590.8ms] wheel_scroll_motion {"eventCount":2,"rawAbsX":8,"rawAbsY":4,"rawX":-8,"rawY":4,"clippedAbsX":8,"clippedAbsY":4,"clippedX":-8,"clippedY":4,"requestedAppliedX":-5.904,"requestedAppliedY":2.952,"appliedX":-5.904,"appliedY":2.952,"actualX":0,"actualY":2.5,"sensitivity":0.738,"currentZoomForScroll":2.579603759066714,"maxScrollStepX":22,"maxScrollStepY":22,"diagonalEvents":2,"clippedEvents":0}
[DebugBridge +24601.0ms] wheel_scroll_motion {"eventCount":2,"rawAbsX":6,"rawAbsY":0,"rawX":-6,"rawY":0,"clippedAbsX":6,"clippedAbsY":0,"clippedX":-6,"clippedY":0,"requestedAppliedX":-4.92,"requestedAppliedY":0,"appliedX":-4.92,"appliedY":0,"actualX":0,"actualY":0,"sensitivity":0.82,"currentZoomForScroll":2.579603759066714,"maxScrollStepX":22,"maxScrollStepY":22,"diagonalEvents":0,"clippedEvents":0}
[DebugBridge +24608.8ms] wheel_scroll_motion {"eventCount":2,"rawAbsX":6,"rawAbsY":2,"rawX":-6,"rawY":2,"clippedAbsX":6,"clippedAbsY":2,"clippedX":-6,"clippedY":2,"requestedAppliedX":-4.592,"requestedAppliedY":1.476,"appliedX":-4.592,"appliedY":1.476,"actualX":0,"actualY":1,"sensitivity":0.82,"currentZoomForScroll":2.579603759066714,"maxScrollStepX":22,"maxScrollStepY":22,"diagonalEvents":1,"clippedEvents":0}
[DebugBridge +24617.2ms] wheel_scroll_motion {"eventCount":2,"rawAbsX":4,"rawAbsY":0,"rawX":-4,"rawY":0,"clippedAbsX":4,"clippedAbsY":0,"clippedX":-4,"clippedY":0,"requestedAppliedX":-3.28,"requestedAppliedY":0,"appliedX":-3.28,"appliedY":0,"actualX":0,"actualY":0,"sensitivity":0.82,"currentZoomForScroll":2.579603759066714,"maxScrollStepX":22,"maxScrollStepY":22,"diagonalEvents":0,"clippedEvents":0}
[DebugBridge +24633.5ms] wheel_scroll_motion {"eventCount":1,"rawAbsX":2,"rawAbsY":0,"rawX":-2,"rawY":0,"clippedAbsX":2,"clippedAbsY":0,"clippedX":-2,"clippedY":0,"requestedAppliedX":-1.64,"requestedAppliedY":0,"appliedX":-1.64,"appliedY":0,"actualX":0,"actualY":0,"sensitivity":0.82,"currentZoomForScroll":2.579603759066714,"maxScrollStepX":22,"maxScrollStepY":22,"diagonalEvents":0,"clippedEvents":0}
[DebugBridge +24641.2ms] wheel_scroll_motion {"eventCount":1,"rawAbsX":0,"rawAbsY":2,"rawX":0,"rawY":-2,"clippedAbsX":0,"clippedAbsY":2,"clippedX":0,"clippedY":-2,"requestedAppliedX":0,"requestedAppliedY":-1.64,"appliedX":0,"appliedY":-1.64,"actualX":0,"actualY":-2,"sensitivity":0.82,"currentZoomForScroll":2.579603759066714,"maxScrollStepX":22,"maxScrollStepY":22,"diagonalEvents":0,"clippedEvents":0}
[DebugBridge +24798.0ms] wheel_scroll_motion {"eventCount":2,"rawAbsX":6,"rawAbsY":6,"rawX":6,"rawY":-6,"clippedAbsX":6,"clippedAbsY":6,"clippedX":6,"clippedY":-6,"requestedAppliedX":4.428,"requestedAppliedY":-4.428,"appliedX":4.428,"appliedY":-4.428,"actualX":4,"actualY":-4.5,"sensitivity":0.738,"currentZoomForScroll":2.579603759066714,"maxScrollStepX":22,"maxScrollStepY":22,"diagonalEvents":2,"clippedEvents":0}
[DebugBridge +24801.0ms] wheel_scroll_motion {"eventCount":1,"rawAbsX":8,"rawAbsY":8,"rawX":8,"rawY":-8,"clippedAbsX":8,"clippedAbsY":8,"clippedX":8,"clippedY":-8,"requestedAppliedX":5.904,"requestedAppliedY":-5.904,"appliedX":5.904,"appliedY":-5.904,"actualX":5.5,"actualY":-6,"sensitivity":0.738,"currentZoomForScroll":2.579603759066714,"maxScrollStepX":22,"maxScrollStepY":22,"diagonalEvents":1,"clippedEvents":0}
[DebugBridge +25108.2ms] wheel_scroll_motion {"eventCount":1,"rawAbsX":4,"rawAbsY":2,"rawX":4,"rawY":2,"clippedAbsX":4,"clippedAbsY":2,"clippedX":4,"clippedY":2,"requestedAppliedX":2.952,"requestedAppliedY":1.476,"appliedX":2.952,"appliedY":1.476,"actualX":2.5,"actualY":1,"sensitivity":0.738,"currentZoomForScroll":2.579603759066714,"maxScrollStepX":22,"maxScrollStepY":22,"diagonalEvents":1,"clippedEvents":0}
[DebugBridge +25120.4ms] wheel_scroll_motion {"eventCount":1,"rawAbsX":676,"rawAbsY":70,"rawX":676,"rawY":70,"clippedAbsX":29.8857897496786,"clippedAbsY":29.8857897496786,"clippedX":29.8857897496786,"clippedY":29.8857897496786,"requestedAppliedX":19.850141551736527,"requestedAppliedY":19.850141551736527,"appliedX":19.850141551736527,"appliedY":19.850141551736527,"actualX":19.5,"actualY":19.5,"sensitivity":0.6642,"currentZoomForScroll":2.579603759066714,"maxScrollStepX":22,"maxScrollStepY":22,"diagonalEvents":1,"clippedEvents":1}
[DebugBridge +25123.8ms] wheel_scroll_motion {"eventCount":1,"rawAbsX":50,"rawAbsY":6,"rawX":50,"rawY":-6,"clippedAbsX":29.8857897496786,"clippedAbsY":6,"clippedX":29.8857897496786,"clippedY":-6,"requestedAppliedX":19.850141551736527,"requestedAppliedY":-3.9852,"appliedX":19.850141551736527,"appliedY":-3.9852,"actualX":19.5,"actualY":-4,"sensitivity":0.6642,"currentZoomForScroll":2.579603759066714,"maxScrollStepX":22,"maxScrollStepY":22,"diagonalEvents":1,"clippedEvents":1}
[DebugBridge +25127.3ms] wheel_scroll_motion {"eventCount":1,"rawAbsX":4,"rawAbsY":2,"rawX":4,"rawY":-2,"clippedAbsX":4,"clippedAbsY":2,"clippedX":4,"clippedY":-2,"requestedAppliedX":2.952,"requestedAppliedY":-1.476,"appliedX":2.952,"appliedY":-1.476,"actualX":2.5,"actualY":-1.5,"sensitivity":0.738,"currentZoomForScroll":2.579603759066714,"maxScrollStepX":22,"maxScrollStepY":22,"diagonalEvents":1,"clippedEvents":0}
[DebugBridge +25143.4ms] wheel_scroll_motion {"eventCount":3,"rawAbsX":36,"rawAbsY":6,"rawX":36,"rawY":-6,"clippedAbsX":36,"clippedAbsY":6,"clippedX":36,"clippedY":-6,"requestedAppliedX":26.567999999999998,"requestedAppliedY":-4.428,"appliedX":22,"appliedY":-4.428,"actualX":22,"actualY":-4.5,"sensitivity":0.738,"currentZoomForScroll":2.579603759066714,"maxScrollStepX":22,"maxScrollStepY":22,"diagonalEvents":3,"clippedEvents":0}
[DebugBridge +25147.4ms] wheel_scroll_motion {"eventCount":1,"rawAbsX":12,"rawAbsY":4,"rawX":12,"rawY":-4,"clippedAbsX":12,"clippedAbsY":4,"clippedX":12,"clippedY":-4,"requestedAppliedX":8.856,"requestedAppliedY":-2.952,"appliedX":8.856,"appliedY":-2.952,"actualX":8.5,"actualY":-3,"sensitivity":0.738,"currentZoomForScroll":2.579603759066714,"maxScrollStepX":22,"maxScrollStepY":22,"diagonalEvents":1,"clippedEvents":0}
[DebugBridge +25159.8ms] wheel_scroll_motion {"eventCount":2,"rawAbsX":18,"rawAbsY":6,"rawX":18,"rawY":-6,"clippedAbsX":18,"clippedAbsY":6,"clippedX":18,"clippedY":-6,"requestedAppliedX":13.283999999999999,"requestedAppliedY":-4.428,"appliedX":13.283999999999999,"appliedY":-4.428,"actualX":13,"actualY":-4.5,"sensitivity":0.738,"currentZoomForScroll":2.579603759066714,"maxScrollStepX":22,"maxScrollStepY":22,"diagonalEvents":2,"clippedEvents":0}
[DebugBridge +25295.4ms] wheel_scroll_motion {"eventCount":1,"rawAbsX":4,"rawAbsY":4,"rawX":4,"rawY":-4,"clippedAbsX":4,"clippedAbsY":4,"clippedX":4,"clippedY":-4,"requestedAppliedX":2.952,"requestedAppliedY":-2.952,"appliedX":2.952,"appliedY":-2.952,"actualX":2.5,"actualY":-3,"sensitivity":0.738,"currentZoomForScroll":2.579603759066714,"maxScrollStepX":22,"maxScrollStepY":22,"diagonalEvents":1,"clippedEvents":0}
[DebugBridge +25298.8ms] wheel_scroll_motion {"eventCount":1,"rawAbsX":74,"rawAbsY":8,"rawX":-74,"rawY":8,"clippedAbsX":29.8857897496786,"clippedAbsY":8,"clippedX":-29.8857897496786,"clippedY":8,"requestedAppliedX":-19.850141551736527,"requestedAppliedY":5.3136,"appliedX":-19.850141551736527,"appliedY":5.3136,"actualX":-20,"actualY":5,"sensitivity":0.6642,"currentZoomForScroll":2.579603759066714,"maxScrollStepX":22,"maxScrollStepY":22,"diagonalEvents":1,"clippedEvents":1}
[DebugBridge +25302.5ms] wheel_scroll_motion {"eventCount":1,"rawAbsX":4,"rawAbsY":4,"rawX":-4,"rawY":4,"clippedAbsX":4,"clippedAbsY":4,"clippedX":-4,"clippedY":4,"requestedAppliedX":-2.952,"requestedAppliedY":2.952,"appliedX":-2.952,"appliedY":2.952,"actualX":-3,"actualY":2.5,"sensitivity":0.738,"currentZoomForScroll":2.579603759066714,"maxScrollStepX":22,"maxScrollStepY":22,"diagonalEvents":1,"clippedEvents":0}
[DebugBridge +25310.5ms] wheel_scroll_motion {"eventCount":1,"rawAbsX":2,"rawAbsY":2,"rawX":-2,"rawY":2,"clippedAbsX":2,"clippedAbsY":2,"clippedX":-2,"clippedY":2,"requestedAppliedX":-1.476,"requestedAppliedY":1.476,"appliedX":-1.476,"appliedY":1.476,"actualX":-1.5,"actualY":1,"sensitivity":0.738,"currentZoomForScroll":2.579603759066714,"maxScrollStepX":22,"maxScrollStepY":22,"diagonalEvents":1,"clippedEvents":0}
[DebugBridge +25340.6ms] wheel_scroll_motion {"eventCount":1,"rawAbsX":16,"rawAbsY":16,"rawX":-16,"rawY":16,"clippedAbsX":16,"clippedAbsY":16,"clippedX":-16,"clippedY":16,"requestedAppliedX":-11.808,"requestedAppliedY":11.808,"appliedX":-11.808,"appliedY":11.808,"actualX":-12,"actualY":11.5,"sensitivity":0.738,"currentZoomForScroll":2.579603759066714,"maxScrollStepX":22,"maxScrollStepY":22,"diagonalEvents":1,"clippedEvents":0}
[DebugBridge +25350.9ms] wheel_scroll_motion {"eventCount":1,"rawAbsX":2,"rawAbsY":2,"rawX":-2,"rawY":2,"clippedAbsX":2,"clippedAbsY":2,"clippedX":-2,"clippedY":2,"requestedAppliedX":-1.476,"requestedAppliedY":1.476,"appliedX":-1.476,"appliedY":1.476,"actualX":-1.5,"actualY":1,"sensitivity":0.738,"currentZoomForScroll":2.579603759066714,"maxScrollStepX":22,"maxScrollStepY":22,"diagonalEvents":1,"clippedEvents":0}
[DebugBridge +25358.6ms] wheel_scroll_motion {"eventCount":2,"rawAbsX":4,"rawAbsY":2,"rawX":-4,"rawY":2,"clippedAbsX":4,"clippedAbsY":2,"clippedX":-4,"clippedY":2,"requestedAppliedX":-3.1159999999999997,"requestedAppliedY":1.476,"appliedX":-3.1159999999999997,"appliedY":1.476,"actualX":-3.5,"actualY":1,"sensitivity":0.82,"currentZoomForScroll":2.579603759066714,"maxScrollStepX":22,"maxScrollStepY":22,"diagonalEvents":1,"clippedEvents":0}
[DebugBridge +25366.7ms] wheel_scroll_motion {"eventCount":2,"rawAbsX":4,"rawAbsY":4,"rawX":-4,"rawY":4,"clippedAbsX":4,"clippedAbsY":4,"clippedX":-4,"clippedY":4,"requestedAppliedX":-2.952,"requestedAppliedY":2.952,"appliedX":-2.952,"appliedY":2.952,"actualX":-3,"actualY":2.5,"sensitivity":0.738,"currentZoomForScroll":2.579603759066714,"maxScrollStepX":22,"maxScrollStepY":22,"diagonalEvents":2,"clippedEvents":0}
[DebugBridge +25375.7ms] wheel_scroll_motion {"eventCount":2,"rawAbsX":4,"rawAbsY":4,"rawX":-4,"rawY":4,"clippedAbsX":4,"clippedAbsY":4,"clippedX":-4,"clippedY":4,"requestedAppliedX":-2.952,"requestedAppliedY":2.952,"appliedX":-2.952,"appliedY":2.952,"actualX":-3,"actualY":2.5,"sensitivity":0.738,"currentZoomForScroll":2.579603759066714,"maxScrollStepX":22,"maxScrollStepY":22,"diagonalEvents":2,"clippedEvents":0}
[DebugBridge +25383.8ms] wheel_scroll_motion {"eventCount":2,"rawAbsX":4,"rawAbsY":4,"rawX":-4,"rawY":4,"clippedAbsX":4,"clippedAbsY":4,"clippedX":-4,"clippedY":4,"requestedAppliedX":-2.952,"requestedAppliedY":2.952,"appliedX":-2.952,"appliedY":2.952,"actualX":-3,"actualY":2.5,"sensitivity":0.738,"currentZoomForScroll":2.579603759066714,"maxScrollStepX":22,"maxScrollStepY":22,"diagonalEvents":2,"clippedEvents":0}
[DebugBridge +25391.9ms] wheel_scroll_motion {"eventCount":1,"rawAbsX":2,"rawAbsY":2,"rawX":-2,"rawY":2,"clippedAbsX":2,"clippedAbsY":2,"clippedX":-2,"clippedY":2,"requestedAppliedX":-1.476,"requestedAppliedY":1.476,"appliedX":-1.476,"appliedY":1.476,"actualX":-1.5,"actualY":1,"sensitivity":0.738,"currentZoomForScroll":2.579603759066714,"maxScrollStepX":22,"maxScrollStepY":22,"diagonalEvents":1,"clippedEvents":0}
[DebugBridge +25400.1ms] wheel_scroll_motion {"eventCount":2,"rawAbsX":8,"rawAbsY":8,"rawX":-8,"rawY":8,"clippedAbsX":8,"clippedAbsY":8,"clippedX":-8,"clippedY":8,"requestedAppliedX":-5.904,"requestedAppliedY":5.904,"appliedX":-5.904,"appliedY":5.904,"actualX":-6,"actualY":5.5,"sensitivity":0.738,"currentZoomForScroll":2.579603759066714,"maxScrollStepX":22,"maxScrollStepY":22,"diagonalEvents":2,"clippedEvents":0}
[DebugBridge +25409.2ms] wheel_scroll_motion {"eventCount":1,"rawAbsX":4,"rawAbsY":4,"rawX":-4,"rawY":4,"clippedAbsX":4,"clippedAbsY":4,"clippedX":-4,"clippedY":4,"requestedAppliedX":-2.952,"requestedAppliedY":2.952,"appliedX":-2.952,"appliedY":2.952,"actualX":-3,"actualY":2.5,"sensitivity":0.738,"currentZoomForScroll":2.579603759066714,"maxScrollStepX":22,"maxScrollStepY":22,"diagonalEvents":1,"clippedEvents":0}
[DebugBridge +25577.9ms] wheel_scroll_motion {"eventCount":2,"rawAbsX":12,"rawAbsY":12,"rawX":-12,"rawY":12,"clippedAbsX":12,"clippedAbsY":12,"clippedX":-12,"clippedY":12,"requestedAppliedX":-8.856,"requestedAppliedY":8.856,"appliedX":-8.856,"appliedY":8.856,"actualX":-9,"actualY":8.5,"sensitivity":0.738,"currentZoomForScroll":2.579603759066714,"maxScrollStepX":22,"maxScrollStepY":22,"diagonalEvents":2,"clippedEvents":0}
[DebugBridge +25583.0ms] wheel_scroll_motion {"eventCount":1,"rawAbsX":24,"rawAbsY":110,"rawX":24,"rawY":110,"clippedAbsX":24,"clippedAbsY":29.8857897496786,"clippedX":24,"clippedY":29.8857897496786,"requestedAppliedX":15.9408,"requestedAppliedY":19.850141551736527,"appliedX":15.9408,"appliedY":19.850141551736527,"actualX":15.5,"actualY":19.5,"sensitivity":0.6642,"currentZoomForScroll":2.579603759066714,"maxScrollStepX":22,"maxScrollStepY":22,"diagonalEvents":1,"clippedEvents":1}
[DebugBridge +25593.4ms] wheel_scroll_motion {"eventCount":2,"rawAbsX":86,"rawAbsY":78,"rawX":86,"rawY":-78,"clippedAbsX":35.8857897496786,"clippedAbsY":39.8857897496786,"clippedX":35.8857897496786,"clippedY":-39.8857897496786,"requestedAppliedX":24.278141551736528,"requestedAppliedY":-27.230141551736526,"appliedX":22,"appliedY":-22,"actualX":22,"actualY":-22,"sensitivity":0.738,"currentZoomForScroll":2.579603759066714,"maxScrollStepX":22,"maxScrollStepY":22,"diagonalEvents":2,"clippedEvents":1}
[DebugBridge +25600.2ms] wheel_scroll_motion {"eventCount":2,"rawAbsX":12,"rawAbsY":28,"rawX":12,"rawY":-28,"clippedAbsX":12,"clippedAbsY":28,"clippedX":12,"clippedY":-28,"requestedAppliedX":8.856,"requestedAppliedY":-20.663999999999998,"appliedX":8.856,"appliedY":-20.663999999999998,"actualX":8.5,"actualY":-21,"sensitivity":0.738,"currentZoomForScroll":2.579603759066714,"maxScrollStepX":22,"maxScrollStepY":22,"diagonalEvents":2,"clippedEvents":0}
[DebugBridge +25610.4ms] wheel_scroll_motion {"eventCount":2,"rawAbsX":12,"rawAbsY":32,"rawX":12,"rawY":-32,"clippedAbsX":12,"clippedAbsY":32,"clippedX":12,"clippedY":-32,"requestedAppliedX":8.856,"requestedAppliedY":-23.616,"appliedX":8.856,"appliedY":-22,"actualX":8.5,"actualY":-22,"sensitivity":0.738,"currentZoomForScroll":2.579603759066714,"maxScrollStepX":22,"maxScrollStepY":22,"diagonalEvents":2,"clippedEvents":0}
[DebugBridge +25617.6ms] wheel_scroll_motion {"eventCount":2,"rawAbsX":10,"rawAbsY":34,"rawX":10,"rawY":-34,"clippedAbsX":10,"clippedAbsY":34,"clippedX":10,"clippedY":-34,"requestedAppliedX":7.38,"requestedAppliedY":-25.092,"appliedX":7.38,"appliedY":-22,"actualX":7,"actualY":-22,"sensitivity":0.738,"currentZoomForScroll":2.579603759066714,"maxScrollStepX":22,"maxScrollStepY":22,"diagonalEvents":2,"clippedEvents":0}
[DebugBridge +25625.0ms] wheel_scroll_motion {"eventCount":2,"rawAbsX":8,"rawAbsY":34,"rawX":8,"rawY":-34,"clippedAbsX":8,"clippedAbsY":34,"clippedX":8,"clippedY":-34,"requestedAppliedX":5.904,"requestedAppliedY":-25.092,"appliedX":5.904,"appliedY":-22,"actualX":5.5,"actualY":-22,"sensitivity":0.738,"currentZoomForScroll":2.579603759066714,"maxScrollStepX":22,"maxScrollStepY":22,"diagonalEvents":2,"clippedEvents":0}
[DebugBridge +25633.4ms] wheel_scroll_motion {"eventCount":2,"rawAbsX":4,"rawAbsY":32,"rawX":4,"rawY":-32,"clippedAbsX":4,"clippedAbsY":32,"clippedX":4,"clippedY":-32,"requestedAppliedX":2.952,"requestedAppliedY":-23.616,"appliedX":2.952,"appliedY":-22,"actualX":2.5,"actualY":-22,"sensitivity":0.738,"currentZoomForScroll":2.579603759066714,"maxScrollStepX":22,"maxScrollStepY":22,"diagonalEvents":2,"clippedEvents":0}
[DebugBridge +25642.1ms] wheel_scroll_motion {"eventCount":2,"rawAbsX":4,"rawAbsY":26,"rawX":4,"rawY":-26,"clippedAbsX":4,"clippedAbsY":26,"clippedX":4,"clippedY":-26,"requestedAppliedX":2.952,"requestedAppliedY":-19.188000000000002,"appliedX":2.952,"appliedY":-19.188000000000002,"actualX":2.5,"actualY":-19.5,"sensitivity":0.738,"currentZoomForScroll":2.579603759066714,"maxScrollStepX":22,"maxScrollStepY":22,"diagonalEvents":2,"clippedEvents":0}
[DebugBridge +25649.9ms] wheel_scroll_motion {"eventCount":1,"rawAbsX":0,"rawAbsY":36,"rawX":0,"rawY":-36,"clippedAbsX":0,"clippedAbsY":29.8857897496786,"clippedX":0,"clippedY":-29.8857897496786,"requestedAppliedX":0,"requestedAppliedY":-22.055712835262806,"appliedX":0,"appliedY":-22,"actualX":0,"actualY":-22,"sensitivity":0.738,"currentZoomForScroll":2.579603759066714,"maxScrollStepX":22,"maxScrollStepY":22,"diagonalEvents":0,"clippedEvents":1}
[DebugBridge +25800.6ms] wheel_scroll_motion {"eventCount":1,"rawAbsX":6,"rawAbsY":22,"rawX":-6,"rawY":-22,"clippedAbsX":6,"clippedAbsY":22,"clippedX":-6,"clippedY":-22,"requestedAppliedX":-4.428,"requestedAppliedY":-16.236,"appliedX":-4.428,"appliedY":-16.236,"actualX":-4.5,"actualY":-16.5,"sensitivity":0.738,"currentZoomForScroll":2.579603759066714,"maxScrollStepX":22,"maxScrollStepY":22,"diagonalEvents":1,"clippedEvents":0}
[DebugBridge +25814.4ms] wheel_scroll_motion {"eventCount":3,"rawAbsX":450,"rawAbsY":46,"rawX":-450,"rawY":-10,"clippedAbsX":65.7715794993572,"clippedAbsY":46,"clippedX":-65.7715794993572,"clippedY":-10,"requestedAppliedX":-44.62028310347306,"requestedAppliedY":-6.6419999999999995,"appliedX":-22,"appliedY":-6.6419999999999995,"actualX":-22,"actualY":-7,"sensitivity":0.82,"currentZoomForScroll":2.579603759066714,"maxScrollStepX":22,"maxScrollStepY":22,"diagonalEvents":2,"clippedEvents":2}
[DebugBridge +25817.2ms] wheel_scroll_motion {"eventCount":1,"rawAbsX":4,"rawAbsY":0,"rawX":-4,"rawY":0,"clippedAbsX":4,"clippedAbsY":0,"clippedX":-4,"clippedY":0,"requestedAppliedX":-3.28,"requestedAppliedY":0,"appliedX":-3.28,"appliedY":0,"actualX":-3.5,"actualY":0,"sensitivity":0.82,"currentZoomForScroll":2.579603759066714,"maxScrollStepX":22,"maxScrollStepY":22,"diagonalEvents":0,"clippedEvents":0}
[DebugBridge +25824.9ms] wheel_scroll_motion {"eventCount":1,"rawAbsX":2,"rawAbsY":0,"rawX":-2,"rawY":0,"clippedAbsX":2,"clippedAbsY":0,"clippedX":-2,"clippedY":0,"requestedAppliedX":-1.64,"requestedAppliedY":0,"appliedX":-1.64,"appliedY":0,"actualX":-2,"actualY":0,"sensitivity":0.82,"currentZoomForScroll":2.579603759066714,"maxScrollStepX":22,"maxScrollStepY":22,"diagonalEvents":0,"clippedEvents":0}
[DebugBridge +25833.2ms] wheel_scroll_motion {"eventCount":2,"rawAbsX":4,"rawAbsY":6,"rawX":-4,"rawY":-6,"clippedAbsX":4,"clippedAbsY":6,"clippedX":-4,"clippedY":-6,"requestedAppliedX":-2.952,"requestedAppliedY":-4.428,"appliedX":-2.952,"appliedY":-4.428,"actualX":-3,"actualY":-4.5,"sensitivity":0.738,"currentZoomForScroll":2.579603759066714,"maxScrollStepX":22,"maxScrollStepY":22,"diagonalEvents":2,"clippedEvents":0}
[DebugBridge +25843.8ms] wheel_scroll_motion {"eventCount":2,"rawAbsX":0,"rawAbsY":8,"rawX":0,"rawY":-8,"clippedAbsX":0,"clippedAbsY":8,"clippedX":0,"clippedY":-8,"requestedAppliedX":0,"requestedAppliedY":-6.56,"appliedX":0,"appliedY":-6.56,"actualX":0,"actualY":-7,"sensitivity":0.82,"currentZoomForScroll":2.579603759066714,"maxScrollStepX":22,"maxScrollStepY":22,"diagonalEvents":0,"clippedEvents":0}
[DebugBridge +25850.2ms] wheel_scroll_motion {"eventCount":2,"rawAbsX":8,"rawAbsY":12,"rawX":8,"rawY":-12,"clippedAbsX":8,"clippedAbsY":12,"clippedX":8,"clippedY":-12,"requestedAppliedX":5.904,"requestedAppliedY":-8.856,"appliedX":5.904,"appliedY":-8.856,"actualX":5.5,"actualY":-9,"sensitivity":0.738,"currentZoomForScroll":2.579603759066714,"maxScrollStepX":22,"maxScrollStepY":22,"diagonalEvents":2,"clippedEvents":0}
[DebugBridge +25857.0ms] wheel_scroll_motion {"eventCount":2,"rawAbsX":12,"rawAbsY":12,"rawX":12,"rawY":-12,"clippedAbsX":12,"clippedAbsY":12,"clippedX":12,"clippedY":-12,"requestedAppliedX":8.856,"requestedAppliedY":-8.856,"appliedX":8.856,"appliedY":-8.856,"actualX":8.5,"actualY":-9,"sensitivity":0.738,"currentZoomForScroll":2.579603759066714,"maxScrollStepX":22,"maxScrollStepY":22,"diagonalEvents":2,"clippedEvents":0}
[DebugBridge +25867.1ms] wheel_scroll_motion {"eventCount":1,"rawAbsX":24,"rawAbsY":12,"rawX":24,"rawY":-12,"clippedAbsX":24,"clippedAbsY":12,"clippedX":24,"clippedY":-12,"requestedAppliedX":17.712,"requestedAppliedY":-8.856,"appliedX":17.712,"appliedY":-8.856,"actualX":17.5,"actualY":-9,"sensitivity":0.738,"currentZoomForScroll":2.579603759066714,"maxScrollStepX":22,"maxScrollStepY":22,"diagonalEvents":1,"clippedEvents":0}
[DebugBridge +25874.6ms] wheel_scroll_motion {"eventCount":2,"rawAbsX":34,"rawAbsY":12,"rawX":34,"rawY":-12,"clippedAbsX":34,"clippedAbsY":12,"clippedX":34,"clippedY":-12,"requestedAppliedX":25.092,"requestedAppliedY":-8.856,"appliedX":22,"appliedY":-8.856,"actualX":22,"actualY":-9,"sensitivity":0.738,"currentZoomForScroll":2.579603759066714,"maxScrollStepX":22,"maxScrollStepY":22,"diagonalEvents":2,"clippedEvents":0}
[DebugBridge +25884.8ms] wheel_scroll_motion {"eventCount":1,"rawAbsX":40,"rawAbsY":8,"rawX":40,"rawY":-8,"clippedAbsX":29.8857897496786,"clippedAbsY":8,"clippedX":29.8857897496786,"clippedY":-8,"requestedAppliedX":19.850141551736527,"requestedAppliedY":-5.3136,"appliedX":19.850141551736527,"appliedY":-5.3136,"actualX":19.5,"actualY":-5.5,"sensitivity":0.6642,"currentZoomForScroll":2.579603759066714,"maxScrollStepX":22,"maxScrollStepY":22,"diagonalEvents":1,"clippedEvents":1}
[DebugBridge +25894.1ms] wheel_scroll_motion {"eventCount":1,"rawAbsX":48,"rawAbsY":8,"rawX":48,"rawY":-8,"clippedAbsX":29.8857897496786,"clippedAbsY":8,"clippedX":29.8857897496786,"clippedY":-8,"requestedAppliedX":19.850141551736527,"requestedAppliedY":-5.3136,"appliedX":19.850141551736527,"appliedY":-5.3136,"actualX":19.5,"actualY":-5.5,"sensitivity":0.6642,"currentZoomForScroll":2.579603759066714,"maxScrollStepX":22,"maxScrollStepY":22,"diagonalEvents":1,"clippedEvents":1}
[DebugBridge +25902.8ms] wheel_scroll_motion {"eventCount":2,"rawAbsX":50,"rawAbsY":6,"rawX":50,"rawY":-6,"clippedAbsX":37.8857897496786,"clippedAbsY":6,"clippedX":37.8857897496786,"clippedY":-6,"requestedAppliedX":25.754141551736527,"requestedAppliedY":-4.1328,"appliedX":22,"appliedY":-4.1328,"actualX":22,"actualY":-4.5,"sensitivity":0.738,"currentZoomForScroll":2.579603759066714,"maxScrollStepX":22,"maxScrollStepY":22,"diagonalEvents":2,"clippedEvents":1}
[DebugBridge +25910.2ms] wheel_scroll_motion {"eventCount":1,"rawAbsX":48,"rawAbsY":4,"rawX":48,"rawY":-4,"clippedAbsX":29.8857897496786,"clippedAbsY":4,"clippedX":29.8857897496786,"clippedY":-4,"requestedAppliedX":19.850141551736527,"requestedAppliedY":-2.6568,"appliedX":19.850141551736527,"appliedY":-2.6568,"actualX":19.5,"actualY":-3,"sensitivity":0.6642,"currentZoomForScroll":2.579603759066714,"maxScrollStepX":22,"maxScrollStepY":22,"diagonalEvents":1,"clippedEvents":1}
[DebugBridge +25920.9ms] wheel_scroll_motion {"eventCount":2,"rawAbsX":68,"rawAbsY":6,"rawX":68,"rawY":-6,"clippedAbsX":35.8857897496786,"clippedAbsY":6,"clippedX":35.8857897496786,"clippedY":-6,"requestedAppliedX":24.278141551736528,"requestedAppliedY":-4.1328,"appliedX":22,"appliedY":-4.1328,"actualX":22,"actualY":-4.5,"sensitivity":0.6642,"currentZoomForScroll":2.579603759066714,"maxScrollStepX":22,"maxScrollStepY":22,"diagonalEvents":2,"clippedEvents":1}
[DebugBridge +25928.1ms] wheel_scroll_motion {"eventCount":1,"rawAbsX":20,"rawAbsY":2,"rawX":20,"rawY":-2,"clippedAbsX":20,"clippedAbsY":2,"clippedX":20,"clippedY":-2,"requestedAppliedX":14.76,"requestedAppliedY":-1.476,"appliedX":14.76,"appliedY":-1.476,"actualX":14.5,"actualY":-1.5,"sensitivity":0.738,"currentZoomForScroll":2.579603759066714,"maxScrollStepX":22,"maxScrollStepY":22,"diagonalEvents":1,"clippedEvents":0}
[DebugBridge +25935.4ms] wheel_scroll_motion {"eventCount":1,"rawAbsX":44,"rawAbsY":2,"rawX":44,"rawY":2,"clippedAbsX":29.8857897496786,"clippedAbsY":2,"clippedX":29.8857897496786,"clippedY":2,"requestedAppliedX":19.850141551736527,"requestedAppliedY":1.3284,"appliedX":19.850141551736527,"appliedY":1.3284,"actualX":19.5,"actualY":1,"sensitivity":0.6642,"currentZoomForScroll":2.579603759066714,"maxScrollStepX":22,"maxScrollStepY":22,"diagonalEvents":1,"clippedEvents":1}
[DebugBridge +25943.6ms] wheel_scroll_motion {"eventCount":1,"rawAbsX":42,"rawAbsY":4,"rawX":42,"rawY":4,"clippedAbsX":29.8857897496786,"clippedAbsY":4,"clippedX":29.8857897496786,"clippedY":4,"requestedAppliedX":19.850141551736527,"requestedAppliedY":2.6568,"appliedX":19.850141551736527,"appliedY":2.6568,"actualX":19.5,"actualY":2.5,"sensitivity":0.6642,"currentZoomForScroll":2.579603759066714,"maxScrollStepX":22,"maxScrollStepY":22,"diagonalEvents":1,"clippedEvents":1}
[DebugBridge +25950.8ms] wheel_scroll_motion {"eventCount":2,"rawAbsX":36,"rawAbsY":6,"rawX":36,"rawY":6,"clippedAbsX":36,"clippedAbsY":6,"clippedX":36,"clippedY":6,"requestedAppliedX":26.567999999999998,"requestedAppliedY":4.428,"appliedX":22,"appliedY":4.428,"actualX":22,"actualY":4,"sensitivity":0.738,"currentZoomForScroll":2.579603759066714,"maxScrollStepX":22,"maxScrollStepY":22,"diagonalEvents":2,"clippedEvents":0}
[DebugBridge +25959.5ms] wheel_scroll_motion {"eventCount":2,"rawAbsX":26,"rawAbsY":8,"rawX":26,"rawY":8,"clippedAbsX":26,"clippedAbsY":8,"clippedX":26,"clippedY":8,"requestedAppliedX":19.188000000000002,"requestedAppliedY":5.904,"appliedX":19.188000000000002,"appliedY":5.904,"actualX":19,"actualY":5.5,"sensitivity":0.738,"currentZoomForScroll":2.579603759066714,"maxScrollStepX":22,"maxScrollStepY":22,"diagonalEvents":2,"clippedEvents":0}
[DebugBridge +25968.0ms] wheel_scroll_motion {"eventCount":2,"rawAbsX":22,"rawAbsY":10,"rawX":22,"rawY":10,"clippedAbsX":22,"clippedAbsY":10,"clippedX":22,"clippedY":10,"requestedAppliedX":16.236,"requestedAppliedY":7.38,"appliedX":16.236,"appliedY":7.38,"actualX":16,"actualY":7,"sensitivity":0.738,"currentZoomForScroll":2.579603759066714,"maxScrollStepX":22,"maxScrollStepY":22,"diagonalEvents":2,"clippedEvents":0}
[DebugBridge +25977.4ms] wheel_scroll_motion {"eventCount":2,"rawAbsX":18,"rawAbsY":12,"rawX":18,"rawY":12,"clippedAbsX":18,"clippedAbsY":12,"clippedX":18,"clippedY":12,"requestedAppliedX":13.283999999999999,"requestedAppliedY":8.856,"appliedX":13.283999999999999,"appliedY":8.856,"actualX":13,"actualY":8.5,"sensitivity":0.738,"currentZoomForScroll":2.579603759066714,"maxScrollStepX":22,"maxScrollStepY":22,"diagonalEvents":2,"clippedEvents":0}
[DebugBridge +25984.7ms] wheel_scroll_motion {"eventCount":2,"rawAbsX":12,"rawAbsY":14,"rawX":12,"rawY":14,"clippedAbsX":12,"clippedAbsY":14,"clippedX":12,"clippedY":14,"requestedAppliedX":8.856,"requestedAppliedY":10.332,"appliedX":8.856,"appliedY":10.332,"actualX":8.5,"actualY":10,"sensitivity":0.738,"currentZoomForScroll":2.579603759066714,"maxScrollStepX":22,"maxScrollStepY":22,"diagonalEvents":2,"clippedEvents":0}
[DebugBridge +25993.1ms] wheel_scroll_motion {"eventCount":2,"rawAbsX":8,"rawAbsY":16,"rawX":8,"rawY":16,"clippedAbsX":8,"clippedAbsY":16,"clippedX":8,"clippedY":16,"requestedAppliedX":5.904,"requestedAppliedY":11.808,"appliedX":5.904,"appliedY":11.808,"actualX":5.5,"actualY":11.5,"sensitivity":0.738,"currentZoomForScroll":2.579603759066714,"maxScrollStepX":22,"maxScrollStepY":22,"diagonalEvents":2,"clippedEvents":0}
[DebugBridge +26001.3ms] wheel_scroll_motion {"eventCount":2,"rawAbsX":4,"rawAbsY":16,"rawX":4,"rawY":16,"clippedAbsX":4,"clippedAbsY":16,"clippedX":4,"clippedY":16,"requestedAppliedX":2.952,"requestedAppliedY":11.808,"appliedX":2.952,"appliedY":11.808,"actualX":2.5,"actualY":11.5,"sensitivity":0.738,"currentZoomForScroll":2.579603759066714,"maxScrollStepX":22,"maxScrollStepY":22,"diagonalEvents":2,"clippedEvents":0}
[DebugBridge +26010.2ms] wheel_scroll_motion {"eventCount":2,"rawAbsX":4,"rawAbsY":18,"rawX":4,"rawY":18,"clippedAbsX":4,"clippedAbsY":18,"clippedX":4,"clippedY":18,"requestedAppliedX":2.952,"requestedAppliedY":13.283999999999999,"appliedX":2.952,"appliedY":13.283999999999999,"actualX":2.5,"actualY":13,"sensitivity":0.738,"currentZoomForScroll":2.579603759066714,"maxScrollStepX":22,"maxScrollStepY":22,"diagonalEvents":2,"clippedEvents":0}
[DebugBridge +26018.0ms] wheel_scroll_motion {"eventCount":2,"rawAbsX":2,"rawAbsY":26,"rawX":2,"rawY":26,"clippedAbsX":2,"clippedAbsY":26,"clippedX":2,"clippedY":26,"requestedAppliedX":1.476,"requestedAppliedY":20.828,"appliedX":1.476,"appliedY":20.828,"actualX":1,"actualY":20.5,"sensitivity":0.82,"currentZoomForScroll":2.579603759066714,"maxScrollStepX":22,"maxScrollStepY":22,"diagonalEvents":1,"clippedEvents":0}
[DebugBridge +26026.8ms] wheel_scroll_motion {"eventCount":2,"rawAbsX":2,"rawAbsY":16,"rawX":-2,"rawY":16,"clippedAbsX":2,"clippedAbsY":16,"clippedX":-2,"clippedY":16,"requestedAppliedX":-1.476,"requestedAppliedY":12.136,"appliedX":-1.476,"appliedY":12.136,"actualX":-1.5,"actualY":12,"sensitivity":0.738,"currentZoomForScroll":2.579603759066714,"maxScrollStepX":22,"maxScrollStepY":22,"diagonalEvents":1,"clippedEvents":0}
[DebugBridge +26066.9ms] wheel_scroll_motion {"eventCount":1,"rawAbsX":30,"rawAbsY":86,"rawX":-30,"rawY":86,"clippedAbsX":29.8857897496786,"clippedAbsY":29.8857897496786,"clippedX":-29.8857897496786,"clippedY":29.8857897496786,"requestedAppliedX":-19.850141551736527,"requestedAppliedY":19.850141551736527,"appliedX":-19.850141551736527,"appliedY":19.850141551736527,"actualX":-20,"actualY":19.5,"sensitivity":0.6642,"currentZoomForScroll":2.579603759066714,"maxScrollStepX":22,"maxScrollStepY":22,"diagonalEvents":1,"clippedEvents":1}
[DebugBridge +26075.9ms] wheel_scroll_motion {"eventCount":1,"rawAbsX":0,"rawAbsY":22,"rawX":0,"rawY":22,"clippedAbsX":0,"clippedAbsY":22,"clippedX":0,"clippedY":22,"requestedAppliedX":0,"requestedAppliedY":18.04,"appliedX":0,"appliedY":18.04,"actualX":0,"actualY":18,"sensitivity":0.82,"currentZoomForScroll":2.579603759066714,"maxScrollStepX":22,"maxScrollStepY":22,"diagonalEvents":0,"clippedEvents":0}
[DebugBridge +26083.9ms] wheel_scroll_motion {"eventCount":1,"rawAbsX":0,"rawAbsY":26,"rawX":0,"rawY":26,"clippedAbsX":0,"clippedAbsY":26,"clippedX":0,"clippedY":26,"requestedAppliedX":0,"requestedAppliedY":21.32,"appliedX":0,"appliedY":21.32,"actualX":0,"actualY":21,"sensitivity":0.82,"currentZoomForScroll":2.579603759066714,"maxScrollStepX":22,"maxScrollStepY":22,"diagonalEvents":0,"clippedEvents":0}
[DebugBridge +26091.6ms] wheel_scroll_motion {"eventCount":1,"rawAbsX":0,"rawAbsY":28,"rawX":0,"rawY":28,"clippedAbsX":0,"clippedAbsY":28,"clippedX":0,"clippedY":28,"requestedAppliedX":0,"requestedAppliedY":22.959999999999997,"appliedX":0,"appliedY":22,"actualX":0,"actualY":22,"sensitivity":0.82,"currentZoomForScroll":2.579603759066714,"maxScrollStepX":22,"maxScrollStepY":22,"diagonalEvents":0,"clippedEvents":0}
[DebugBridge +26101.1ms] wheel_scroll_motion {"eventCount":1,"rawAbsX":0,"rawAbsY":28,"rawX":0,"rawY":28,"clippedAbsX":0,"clippedAbsY":28,"clippedX":0,"clippedY":28,"requestedAppliedX":0,"requestedAppliedY":22.959999999999997,"appliedX":0,"appliedY":22,"actualX":0,"actualY":22,"sensitivity":0.82,"currentZoomForScroll":2.579603759066714,"maxScrollStepX":22,"maxScrollStepY":22,"diagonalEvents":0,"clippedEvents":0}
[DebugBridge +26108.9ms] wheel_scroll_motion {"eventCount":1,"rawAbsX":0,"rawAbsY":28,"rawX":0,"rawY":28,"clippedAbsX":0,"clippedAbsY":28,"clippedX":0,"clippedY":28,"requestedAppliedX":0,"requestedAppliedY":22.959999999999997,"appliedX":0,"appliedY":22,"actualX":0,"actualY":22,"sensitivity":0.82,"currentZoomForScroll":2.579603759066714,"maxScrollStepX":22,"maxScrollStepY":22,"diagonalEvents":0,"clippedEvents":0}
[DebugBridge +26116.8ms] wheel_scroll_motion {"eventCount":1,"rawAbsX":0,"rawAbsY":30,"rawX":0,"rawY":30,"clippedAbsX":0,"clippedAbsY":29.8857897496786,"clippedX":0,"clippedY":29.8857897496786,"requestedAppliedX":0,"requestedAppliedY":22.055712835262806,"appliedX":0,"appliedY":22,"actualX":0,"actualY":22,"sensitivity":0.738,"currentZoomForScroll":2.579603759066714,"maxScrollStepX":22,"maxScrollStepY":22,"diagonalEvents":0,"clippedEvents":1}
[DebugBridge +26125.7ms] wheel_scroll_motion {"eventCount":1,"rawAbsX":0,"rawAbsY":32,"rawX":0,"rawY":32,"clippedAbsX":0,"clippedAbsY":29.8857897496786,"clippedX":0,"clippedY":29.8857897496786,"requestedAppliedX":0,"requestedAppliedY":22.055712835262806,"appliedX":0,"appliedY":22,"actualX":0,"actualY":22,"sensitivity":0.738,"currentZoomForScroll":2.579603759066714,"maxScrollStepX":22,"maxScrollStepY":22,"diagonalEvents":0,"clippedEvents":1}
[DebugBridge +26133.9ms] wheel_scroll_motion {"eventCount":1,"rawAbsX":0,"rawAbsY":34,"rawX":0,"rawY":34,"clippedAbsX":0,"clippedAbsY":29.8857897496786,"clippedX":0,"clippedY":29.8857897496786,"requestedAppliedX":0,"requestedAppliedY":22.055712835262806,"appliedX":0,"appliedY":22,"actualX":0,"actualY":22,"sensitivity":0.738,"currentZoomForScroll":2.579603759066714,"maxScrollStepX":22,"maxScrollStepY":22,"diagonalEvents":0,"clippedEvents":1}
[DebugBridge +26142.0ms] wheel_scroll_motion {"eventCount":1,"rawAbsX":0,"rawAbsY":34,"rawX":0,"rawY":34,"clippedAbsX":0,"clippedAbsY":29.8857897496786,"clippedX":0,"clippedY":29.8857897496786,"requestedAppliedX":0,"requestedAppliedY":22.055712835262806,"appliedX":0,"appliedY":22,"actualX":0,"actualY":22,"sensitivity":0.738,"currentZoomForScroll":2.579603759066714,"maxScrollStepX":22,"maxScrollStepY":22,"diagonalEvents":0,"clippedEvents":1}
[DebugBridge +26150.3ms] wheel_scroll_motion {"eventCount":1,"rawAbsX":0,"rawAbsY":30,"rawX":0,"rawY":30,"clippedAbsX":0,"clippedAbsY":29.8857897496786,"clippedX":0,"clippedY":29.8857897496786,"requestedAppliedX":0,"requestedAppliedY":22.055712835262806,"appliedX":0,"appliedY":22,"actualX":0,"actualY":22,"sensitivity":0.738,"currentZoomForScroll":2.579603759066714,"maxScrollStepX":22,"maxScrollStepY":22,"diagonalEvents":0,"clippedEvents":1}
[DebugBridge +26158.5ms] wheel_scroll_motion {"eventCount":1,"rawAbsX":0,"rawAbsY":30,"rawX":0,"rawY":30,"clippedAbsX":0,"clippedAbsY":29.8857897496786,"clippedX":0,"clippedY":29.8857897496786,"requestedAppliedX":0,"requestedAppliedY":22.055712835262806,"appliedX":0,"appliedY":22,"actualX":0,"actualY":22,"sensitivity":0.738,"currentZoomForScroll":2.579603759066714,"maxScrollStepX":22,"maxScrollStepY":22,"diagonalEvents":0,"clippedEvents":1}
[DebugBridge +26166.4ms] wheel_scroll_motion {"eventCount":1,"rawAbsX":0,"rawAbsY":30,"rawX":0,"rawY":30,"clippedAbsX":0,"clippedAbsY":29.8857897496786,"clippedX":0,"clippedY":29.8857897496786,"requestedAppliedX":0,"requestedAppliedY":22.055712835262806,"appliedX":0,"appliedY":22,"actualX":0,"actualY":22,"sensitivity":0.738,"currentZoomForScroll":2.579603759066714,"maxScrollStepX":22,"maxScrollStepY":22,"diagonalEvents":0,"clippedEvents":1}
[DebugBridge +26175.3ms] wheel_scroll_motion {"eventCount":1,"rawAbsX":0,"rawAbsY":26,"rawX":0,"rawY":26,"clippedAbsX":0,"clippedAbsY":26,"clippedX":0,"clippedY":26,"requestedAppliedX":0,"requestedAppliedY":21.32,"appliedX":0,"appliedY":21.32,"actualX":0,"actualY":21,"sensitivity":0.82,"currentZoomForScroll":2.579603759066714,"maxScrollStepX":22,"maxScrollStepY":22,"diagonalEvents":0,"clippedEvents":0}
[DebugBridge +26252.5ms] wheel_scroll_motion {"eventCount":2,"rawAbsX":0,"rawAbsY":50,"rawX":0,"rawY":50,"clippedAbsX":0,"clippedAbsY":50,"clippedX":0,"clippedY":50,"requestedAppliedX":0,"requestedAppliedY":41,"appliedX":0,"appliedY":22,"actualX":0,"actualY":22,"sensitivity":0.82,"currentZoomForScroll":2.579603759066714,"maxScrollStepX":22,"maxScrollStepY":22,"diagonalEvents":0,"clippedEvents":0}
[DebugBridge +26255.2ms] wheel_scroll_motion {"eventCount":1,"rawAbsX":0,"rawAbsY":164,"rawX":0,"rawY":164,"clippedAbsX":0,"clippedAbsY":29.8857897496786,"clippedX":0,"clippedY":29.8857897496786,"requestedAppliedX":0,"requestedAppliedY":22.055712835262806,"appliedX":0,"appliedY":22,"actualX":0,"actualY":22,"sensitivity":0.738,"currentZoomForScroll":2.579603759066714,"maxScrollStepX":22,"maxScrollStepY":22,"diagonalEvents":0,"clippedEvents":1}
[DebugBridge +26268.1ms] wheel_scroll_motion {"eventCount":1,"rawAbsX":0,"rawAbsY":16,"rawX":0,"rawY":16,"clippedAbsX":0,"clippedAbsY":16,"clippedX":0,"clippedY":16,"requestedAppliedX":0,"requestedAppliedY":13.12,"appliedX":0,"appliedY":13.12,"actualX":0,"actualY":13,"sensitivity":0.82,"currentZoomForScroll":2.579603759066714,"maxScrollStepX":22,"maxScrollStepY":22,"diagonalEvents":0,"clippedEvents":0}
[DebugBridge +26275.7ms] wheel_scroll_motion {"eventCount":1,"rawAbsX":0,"rawAbsY":16,"rawX":0,"rawY":16,"clippedAbsX":0,"clippedAbsY":16,"clippedX":0,"clippedY":16,"requestedAppliedX":0,"requestedAppliedY":13.12,"appliedX":0,"appliedY":13.12,"actualX":0,"actualY":13,"sensitivity":0.82,"currentZoomForScroll":2.579603759066714,"maxScrollStepX":22,"maxScrollStepY":22,"diagonalEvents":0,"clippedEvents":0}
[DebugBridge +26284.0ms] wheel_scroll_motion {"eventCount":1,"rawAbsX":0,"rawAbsY":16,"rawX":0,"rawY":16,"clippedAbsX":0,"clippedAbsY":16,"clippedX":0,"clippedY":16,"requestedAppliedX":0,"requestedAppliedY":13.12,"appliedX":0,"appliedY":13.12,"actualX":0,"actualY":13,"sensitivity":0.82,"currentZoomForScroll":2.579603759066714,"maxScrollStepX":22,"maxScrollStepY":22,"diagonalEvents":0,"clippedEvents":0}
[DebugBridge +26323.7ms] wheel_scroll_motion {"eventCount":1,"rawAbsX":0,"rawAbsY":70,"rawX":0,"rawY":70,"clippedAbsX":0,"clippedAbsY":29.8857897496786,"clippedX":0,"clippedY":29.8857897496786,"requestedAppliedX":0,"requestedAppliedY":22.055712835262806,"appliedX":0,"appliedY":22,"actualX":0,"actualY":22,"sensitivity":0.738,"currentZoomForScroll":2.579603759066714,"maxScrollStepX":22,"maxScrollStepY":22,"diagonalEvents":0,"clippedEvents":1}
[DebugBridge +26332.4ms] wheel_scroll_motion {"eventCount":1,"rawAbsX":0,"rawAbsY":12,"rawX":0,"rawY":12,"clippedAbsX":0,"clippedAbsY":12,"clippedX":0,"clippedY":12,"requestedAppliedX":0,"requestedAppliedY":9.84,"appliedX":0,"appliedY":9.84,"actualX":0,"actualY":9.5,"sensitivity":0.82,"currentZoomForScroll":2.579603759066714,"maxScrollStepX":22,"maxScrollStepY":22,"diagonalEvents":0,"clippedEvents":0}
[DebugBridge +26367.1ms] wheel_scroll_motion {"eventCount":2,"rawAbsX":22,"rawAbsY":12,"rawX":22,"rawY":12,"clippedAbsX":22,"clippedAbsY":12,"clippedX":22,"clippedY":12,"requestedAppliedX":16.235999999999997,"requestedAppliedY":8.856,"appliedX":16.235999999999997,"appliedY":8.856,"actualX":16,"actualY":8.5,"sensitivity":0.738,"currentZoomForScroll":2.579603759066714,"maxScrollStepX":22,"maxScrollStepY":22,"diagonalEvents":2,"clippedEvents":0}
[DebugBridge +26374.8ms] wheel_scroll_motion {"eventCount":2,"rawAbsX":26,"rawAbsY":10,"rawX":26,"rawY":10,"clippedAbsX":26,"clippedAbsY":10,"clippedX":26,"clippedY":10,"requestedAppliedX":19.188000000000002,"requestedAppliedY":7.38,"appliedX":19.188000000000002,"appliedY":7.38,"actualX":19,"actualY":7,"sensitivity":0.738,"currentZoomForScroll":2.579603759066714,"maxScrollStepX":22,"maxScrollStepY":22,"diagonalEvents":2,"clippedEvents":0}
[DebugBridge +26382.5ms] wheel_scroll_motion {"eventCount":1,"rawAbsX":10,"rawAbsY":4,"rawX":10,"rawY":4,"clippedAbsX":10,"clippedAbsY":4,"clippedX":10,"clippedY":4,"requestedAppliedX":7.38,"requestedAppliedY":2.952,"appliedX":7.38,"appliedY":2.952,"actualX":7,"actualY":2.5,"sensitivity":0.738,"currentZoomForScroll":2.579603759066714,"maxScrollStepX":22,"maxScrollStepY":22,"diagonalEvents":1,"clippedEvents":0}
[DebugBridge +26392.3ms] wheel_scroll_motion {"eventCount":2,"rawAbsX":38,"rawAbsY":12,"rawX":38,"rawY":12,"clippedAbsX":38,"clippedAbsY":12,"clippedX":38,"clippedY":12,"requestedAppliedX":28.044,"requestedAppliedY":8.856,"appliedX":22,"appliedY":8.856,"actualX":22,"actualY":8.5,"sensitivity":0.738,"currentZoomForScroll":2.579603759066714,"maxScrollStepX":22,"maxScrollStepY":22,"diagonalEvents":2,"clippedEvents":0}
[DebugBridge +26399.7ms] wheel_scroll_motion {"eventCount":2,"rawAbsX":40,"rawAbsY":14,"rawX":40,"rawY":14,"clippedAbsX":39.8857897496786,"clippedAbsY":14,"clippedX":39.8857897496786,"clippedY":14,"requestedAppliedX":27.230141551736526,"requestedAppliedY":9.594000000000001,"appliedX":22,"appliedY":9.594000000000001,"actualX":22,"actualY":9.5,"sensitivity":0.738,"currentZoomForScroll":2.579603759066714,"maxScrollStepX":22,"maxScrollStepY":22,"diagonalEvents":2,"clippedEvents":1}
[DebugBridge +26409.8ms] wheel_scroll_motion {"eventCount":3,"rawAbsX":112,"rawAbsY":42,"rawX":112,"rawY":42,"clippedAbsX":69.7715794993572,"clippedAbsY":42,"clippedX":69.7715794993572,"clippedY":42,"requestedAppliedX":47.08028310347305,"requestedAppliedY":28.1916,"appliedX":22,"appliedY":22,"actualX":22,"actualY":22,"sensitivity":0.6642,"currentZoomForScroll":2.579603759066714,"maxScrollStepX":22,"maxScrollStepY":22,"diagonalEvents":3,"clippedEvents":2}
[DebugBridge +26416.7ms] wheel_scroll_motion {"eventCount":1,"rawAbsX":10,"rawAbsY":4,"rawX":10,"rawY":4,"clippedAbsX":10,"clippedAbsY":4,"clippedX":10,"clippedY":4,"requestedAppliedX":7.38,"requestedAppliedY":2.952,"appliedX":7.38,"appliedY":2.952,"actualX":7,"actualY":2.5,"sensitivity":0.738,"currentZoomForScroll":2.579603759066714,"maxScrollStepX":22,"maxScrollStepY":22,"diagonalEvents":1,"clippedEvents":0}
[DebugBridge +26426.4ms] wheel_scroll_motion {"eventCount":2,"rawAbsX":56,"rawAbsY":18,"rawX":56,"rawY":18,"clippedAbsX":35.8857897496786,"clippedAbsY":18,"clippedX":35.8857897496786,"clippedY":18,"requestedAppliedX":24.278141551736528,"requestedAppliedY":12.103200000000001,"appliedX":22,"appliedY":12.103200000000001,"actualX":22,"actualY":12,"sensitivity":0.738,"currentZoomForScroll":2.579603759066714,"maxScrollStepX":22,"maxScrollStepY":22,"diagonalEvents":2,"clippedEvents":1}
[DebugBridge +26434.8ms] wheel_scroll_motion {"eventCount":2,"rawAbsX":84,"rawAbsY":36,"rawX":84,"rawY":36,"clippedAbsX":53.8857897496786,"clippedAbsY":36,"clippedX":53.8857897496786,"clippedY":36,"requestedAppliedX":37.56214155173653,"requestedAppliedY":24.796799999999998,"appliedX":22,"appliedY":22,"actualX":22,"actualY":22,"sensitivity":0.738,"currentZoomForScroll":2.579603759066714,"maxScrollStepX":22,"maxScrollStepY":22,"diagonalEvents":2,"clippedEvents":1}
[DebugBridge +26442.8ms] wheel_scroll_motion {"eventCount":1,"rawAbsX":22,"rawAbsY":12,"rawX":22,"rawY":12,"clippedAbsX":22,"clippedAbsY":12,"clippedX":22,"clippedY":12,"requestedAppliedX":16.236,"requestedAppliedY":8.856,"appliedX":16.236,"appliedY":8.856,"actualX":16,"actualY":8.5,"sensitivity":0.738,"currentZoomForScroll":2.579603759066714,"maxScrollStepX":22,"maxScrollStepY":22,"diagonalEvents":1,"clippedEvents":0}
[DebugBridge +26449.9ms] wheel_scroll_motion {"eventCount":1,"rawAbsX":34,"rawAbsY":16,"rawX":34,"rawY":16,"clippedAbsX":29.8857897496786,"clippedAbsY":16,"clippedX":29.8857897496786,"clippedY":16,"requestedAppliedX":19.850141551736527,"requestedAppliedY":10.6272,"appliedX":19.850141551736527,"appliedY":10.6272,"actualX":19.5,"actualY":10.5,"sensitivity":0.6642,"currentZoomForScroll":2.579603759066714,"maxScrollStepX":22,"maxScrollStepY":22,"diagonalEvents":1,"clippedEvents":1}
[DebugBridge +26459.4ms] wheel_scroll_motion {"eventCount":1,"rawAbsX":38,"rawAbsY":22,"rawX":38,"rawY":22,"clippedAbsX":29.8857897496786,"clippedAbsY":22,"clippedX":29.8857897496786,"clippedY":22,"requestedAppliedX":19.850141551736527,"requestedAppliedY":14.612400000000001,"appliedX":19.850141551736527,"appliedY":14.612400000000001,"actualX":19.5,"actualY":14.5,"sensitivity":0.6642,"currentZoomForScroll":2.579603759066714,"maxScrollStepX":22,"maxScrollStepY":22,"diagonalEvents":1,"clippedEvents":1}
[DebugBridge +26466.1ms] wheel_scroll_motion {"eventCount":2,"rawAbsX":26,"rawAbsY":20,"rawX":26,"rawY":20,"clippedAbsX":26,"clippedAbsY":20,"clippedX":26,"clippedY":20,"requestedAppliedX":19.188,"requestedAppliedY":14.76,"appliedX":19.188,"appliedY":14.76,"actualX":19,"actualY":14.5,"sensitivity":0.738,"currentZoomForScroll":2.579603759066714,"maxScrollStepX":22,"maxScrollStepY":22,"diagonalEvents":2,"clippedEvents":0}
[DebugBridge +26475.3ms] wheel_scroll_motion {"eventCount":1,"rawAbsX":8,"rawAbsY":6,"rawX":8,"rawY":6,"clippedAbsX":8,"clippedAbsY":6,"clippedX":8,"clippedY":6,"requestedAppliedX":5.904,"requestedAppliedY":4.428,"appliedX":5.904,"appliedY":4.428,"actualX":5.5,"actualY":4,"sensitivity":0.738,"currentZoomForScroll":2.579603759066714,"maxScrollStepX":22,"maxScrollStepY":22,"diagonalEvents":1,"clippedEvents":0}
[DebugBridge +26483.8ms] wheel_scroll_motion {"eventCount":1,"rawAbsX":52,"rawAbsY":26,"rawX":52,"rawY":26,"clippedAbsX":29.8857897496786,"clippedAbsY":26,"clippedX":29.8857897496786,"clippedY":26,"requestedAppliedX":19.850141551736527,"requestedAppliedY":17.2692,"appliedX":19.850141551736527,"appliedY":17.2692,"actualX":19.5,"actualY":17,"sensitivity":0.6642,"currentZoomForScroll":2.579603759066714,"maxScrollStepX":22,"maxScrollStepY":22,"diagonalEvents":1,"clippedEvents":1}
[DebugBridge +26491.7ms] wheel_scroll_motion {"eventCount":1,"rawAbsX":68,"rawAbsY":32,"rawX":68,"rawY":32,"clippedAbsX":29.8857897496786,"clippedAbsY":29.8857897496786,"clippedX":29.8857897496786,"clippedY":29.8857897496786,"requestedAppliedX":19.850141551736527,"requestedAppliedY":19.850141551736527,"appliedX":19.850141551736527,"appliedY":19.850141551736527,"actualX":19.5,"actualY":19.5,"sensitivity":0.6642,"currentZoomForScroll":2.579603759066714,"maxScrollStepX":22,"maxScrollStepY":22,"diagonalEvents":1,"clippedEvents":1}
[DebugBridge +26501.7ms] wheel_scroll_motion {"eventCount":1,"rawAbsX":72,"rawAbsY":32,"rawX":72,"rawY":32,"clippedAbsX":29.8857897496786,"clippedAbsY":29.8857897496786,"clippedX":29.8857897496786,"clippedY":29.8857897496786,"requestedAppliedX":19.850141551736527,"requestedAppliedY":19.850141551736527,"appliedX":19.850141551736527,"appliedY":19.850141551736527,"actualX":19.5,"actualY":19.5,"sensitivity":0.6642,"currentZoomForScroll":2.579603759066714,"maxScrollStepX":22,"maxScrollStepY":22,"diagonalEvents":1,"clippedEvents":1}
[DebugBridge +26509.0ms] wheel_scroll_motion {"eventCount":1,"rawAbsX":76,"rawAbsY":34,"rawX":76,"rawY":34,"clippedAbsX":29.8857897496786,"clippedAbsY":29.8857897496786,"clippedX":29.8857897496786,"clippedY":29.8857897496786,"requestedAppliedX":19.850141551736527,"requestedAppliedY":19.850141551736527,"appliedX":19.850141551736527,"appliedY":19.850141551736527,"actualX":19.5,"actualY":19.5,"sensitivity":0.6642,"currentZoomForScroll":2.579603759066714,"maxScrollStepX":22,"maxScrollStepY":22,"diagonalEvents":1,"clippedEvents":1}
[DebugBridge +26516.1ms] wheel_scroll_motion {"eventCount":1,"rawAbsX":72,"rawAbsY":34,"rawX":72,"rawY":34,"clippedAbsX":29.8857897496786,"clippedAbsY":29.8857897496786,"clippedX":29.8857897496786,"clippedY":29.8857897496786,"requestedAppliedX":19.850141551736527,"requestedAppliedY":19.850141551736527,"appliedX":19.850141551736527,"appliedY":19.850141551736527,"actualX":19.5,"actualY":19.5,"sensitivity":0.6642,"currentZoomForScroll":2.579603759066714,"maxScrollStepX":22,"maxScrollStepY":22,"diagonalEvents":1,"clippedEvents":1}
[DebugBridge +26557.7ms] wheel_scroll_motion {"eventCount":2,"rawAbsX":380,"rawAbsY":190,"rawX":380,"rawY":190,"clippedAbsX":59.7715794993572,"clippedAbsY":59.7715794993572,"clippedX":59.7715794993572,"clippedY":59.7715794993572,"requestedAppliedX":39.700283103473055,"requestedAppliedY":39.700283103473055,"appliedX":22,"appliedY":22,"actualX":22,"actualY":22,"sensitivity":0.6642,"currentZoomForScroll":2.579603759066714,"maxScrollStepX":22,"maxScrollStepY":22,"diagonalEvents":2,"clippedEvents":2}
[DebugBridge +26565.8ms] wheel_scroll_motion {"eventCount":1,"rawAbsX":68,"rawAbsY":34,"rawX":68,"rawY":34,"clippedAbsX":29.8857897496786,"clippedAbsY":29.8857897496786,"clippedX":29.8857897496786,"clippedY":29.8857897496786,"requestedAppliedX":19.850141551736527,"requestedAppliedY":19.850141551736527,"appliedX":19.850141551736527,"appliedY":19.850141551736527,"actualX":19.5,"actualY":19.5,"sensitivity":0.6642,"currentZoomForScroll":2.579603759066714,"maxScrollStepX":22,"maxScrollStepY":22,"diagonalEvents":1,"clippedEvents":1}
[DebugBridge +26574.6ms] wheel_scroll_motion {"eventCount":1,"rawAbsX":68,"rawAbsY":34,"rawX":68,"rawY":34,"clippedAbsX":29.8857897496786,"clippedAbsY":29.8857897496786,"clippedX":29.8857897496786,"clippedY":29.8857897496786,"requestedAppliedX":19.850141551736527,"requestedAppliedY":19.850141551736527,"appliedX":19.850141551736527,"appliedY":19.850141551736527,"actualX":19.5,"actualY":19.5,"sensitivity":0.6642,"currentZoomForScroll":2.579603759066714,"maxScrollStepX":22,"maxScrollStepY":22,"diagonalEvents":1,"clippedEvents":1}
[DebugBridge +26584.5ms] wheel_scroll_motion {"eventCount":1,"rawAbsX":68,"rawAbsY":34,"rawX":68,"rawY":34,"clippedAbsX":29.8857897496786,"clippedAbsY":29.8857897496786,"clippedX":29.8857897496786,"clippedY":29.8857897496786,"requestedAppliedX":19.850141551736527,"requestedAppliedY":19.850141551736527,"appliedX":19.850141551736527,"appliedY":19.850141551736527,"actualX":19.5,"actualY":19.5,"sensitivity":0.6642,"currentZoomForScroll":2.579603759066714,"maxScrollStepX":22,"maxScrollStepY":22,"diagonalEvents":1,"clippedEvents":1}
[DebugBridge +26592.7ms] wheel_scroll_motion {"eventCount":1,"rawAbsX":64,"rawAbsY":30,"rawX":64,"rawY":30,"clippedAbsX":29.8857897496786,"clippedAbsY":29.8857897496786,"clippedX":29.8857897496786,"clippedY":29.8857897496786,"requestedAppliedX":19.850141551736527,"requestedAppliedY":19.850141551736527,"appliedX":19.850141551736527,"appliedY":19.850141551736527,"actualX":19.5,"actualY":19.5,"sensitivity":0.6642,"currentZoomForScroll":2.579603759066714,"maxScrollStepX":22,"maxScrollStepY":22,"diagonalEvents":1,"clippedEvents":1}
[DebugBridge +26600.4ms] wheel_scroll_motion {"eventCount":1,"rawAbsX":60,"rawAbsY":30,"rawX":60,"rawY":30,"clippedAbsX":29.8857897496786,"clippedAbsY":29.8857897496786,"clippedX":29.8857897496786,"clippedY":29.8857897496786,"requestedAppliedX":19.850141551736527,"requestedAppliedY":19.850141551736527,"appliedX":19.850141551736527,"appliedY":19.850141551736527,"actualX":19.5,"actualY":19.5,"sensitivity":0.6642,"currentZoomForScroll":2.579603759066714,"maxScrollStepX":22,"maxScrollStepY":22,"diagonalEvents":1,"clippedEvents":1}
[DebugBridge +26607.6ms] wheel_scroll_motion {"eventCount":1,"rawAbsX":58,"rawAbsY":30,"rawX":58,"rawY":30,"clippedAbsX":29.8857897496786,"clippedAbsY":29.8857897496786,"clippedX":29.8857897496786,"clippedY":29.8857897496786,"requestedAppliedX":19.850141551736527,"requestedAppliedY":19.850141551736527,"appliedX":19.850141551736527,"appliedY":19.850141551736527,"actualX":19.5,"actualY":19.5,"sensitivity":0.6642,"currentZoomForScroll":2.579603759066714,"maxScrollStepX":22,"maxScrollStepY":22,"diagonalEvents":1,"clippedEvents":1}
[DebugBridge +26617.2ms] wheel_scroll_motion {"eventCount":1,"rawAbsX":56,"rawAbsY":28,"rawX":56,"rawY":28,"clippedAbsX":29.8857897496786,"clippedAbsY":28,"clippedX":29.8857897496786,"clippedY":28,"requestedAppliedX":19.850141551736527,"requestedAppliedY":18.5976,"appliedX":19.850141551736527,"appliedY":18.5976,"actualX":19.5,"actualY":18.5,"sensitivity":0.6642,"currentZoomForScroll":2.579603759066714,"maxScrollStepX":22,"maxScrollStepY":22,"diagonalEvents":1,"clippedEvents":1}
[DebugBridge +26625.8ms] wheel_scroll_motion {"eventCount":1,"rawAbsX":56,"rawAbsY":26,"rawX":56,"rawY":26,"clippedAbsX":29.8857897496786,"clippedAbsY":26,"clippedX":29.8857897496786,"clippedY":26,"requestedAppliedX":19.850141551736527,"requestedAppliedY":17.2692,"appliedX":19.850141551736527,"appliedY":17.2692,"actualX":19.5,"actualY":17,"sensitivity":0.6642,"currentZoomForScroll":2.579603759066714,"maxScrollStepX":22,"maxScrollStepY":22,"diagonalEvents":1,"clippedEvents":1}
[DebugBridge +26633.2ms] wheel_scroll_motion {"eventCount":1,"rawAbsX":54,"rawAbsY":26,"rawX":54,"rawY":26,"clippedAbsX":29.8857897496786,"clippedAbsY":26,"clippedX":29.8857897496786,"clippedY":26,"requestedAppliedX":19.850141551736527,"requestedAppliedY":17.2692,"appliedX":19.850141551736527,"appliedY":17.2692,"actualX":19.5,"actualY":17,"sensitivity":0.6642,"currentZoomForScroll":2.579603759066714,"maxScrollStepX":22,"maxScrollStepY":22,"diagonalEvents":1,"clippedEvents":1}
[DebugBridge +26642.9ms] wheel_scroll_motion {"eventCount":1,"rawAbsX":52,"rawAbsY":24,"rawX":52,"rawY":24,"clippedAbsX":29.8857897496786,"clippedAbsY":24,"clippedX":29.8857897496786,"clippedY":24,"requestedAppliedX":19.850141551736527,"requestedAppliedY":15.9408,"appliedX":19.850141551736527,"appliedY":15.9408,"actualX":19.5,"actualY":15.5,"sensitivity":0.6642,"currentZoomForScroll":2.579603759066714,"maxScrollStepX":22,"maxScrollStepY":22,"diagonalEvents":1,"clippedEvents":1}
[DebugBridge +26650.2ms] wheel_scroll_motion {"eventCount":1,"rawAbsX":50,"rawAbsY":22,"rawX":50,"rawY":22,"clippedAbsX":29.8857897496786,"clippedAbsY":22,"clippedX":29.8857897496786,"clippedY":22,"requestedAppliedX":19.850141551736527,"requestedAppliedY":14.612400000000001,"appliedX":19.850141551736527,"appliedY":14.612400000000001,"actualX":19.5,"actualY":14.5,"sensitivity":0.6642,"currentZoomForScroll":2.579603759066714,"maxScrollStepX":22,"maxScrollStepY":22,"diagonalEvents":1,"clippedEvents":1}
[DebugBridge +26658.3ms] wheel_scroll_motion {"eventCount":1,"rawAbsX":46,"rawAbsY":22,"rawX":46,"rawY":22,"clippedAbsX":29.8857897496786,"clippedAbsY":22,"clippedX":29.8857897496786,"clippedY":22,"requestedAppliedX":19.850141551736527,"requestedAppliedY":14.612400000000001,"appliedX":19.850141551736527,"appliedY":14.612400000000001,"actualX":19.5,"actualY":14.5,"sensitivity":0.6642,"currentZoomForScroll":2.579603759066714,"maxScrollStepX":22,"maxScrollStepY":22,"diagonalEvents":1,"clippedEvents":1}
[DebugBridge +26667.2ms] wheel_scroll_motion {"eventCount":1,"rawAbsX":46,"rawAbsY":20,"rawX":46,"rawY":20,"clippedAbsX":29.8857897496786,"clippedAbsY":20,"clippedX":29.8857897496786,"clippedY":20,"requestedAppliedX":19.850141551736527,"requestedAppliedY":13.284,"appliedX":19.850141551736527,"appliedY":13.284,"actualX":19.5,"actualY":13,"sensitivity":0.6642,"currentZoomForScroll":2.579603759066714,"maxScrollStepX":22,"maxScrollStepY":22,"diagonalEvents":1,"clippedEvents":1}
[DebugBridge +26675.5ms] wheel_scroll_motion {"eventCount":1,"rawAbsX":44,"rawAbsY":20,"rawX":44,"rawY":20,"clippedAbsX":29.8857897496786,"clippedAbsY":20,"clippedX":29.8857897496786,"clippedY":20,"requestedAppliedX":19.850141551736527,"requestedAppliedY":13.284,"appliedX":19.850141551736527,"appliedY":13.284,"actualX":19.5,"actualY":13,"sensitivity":0.6642,"currentZoomForScroll":2.579603759066714,"maxScrollStepX":22,"maxScrollStepY":22,"diagonalEvents":1,"clippedEvents":1}
[DebugBridge +26685.2ms] wheel_scroll_motion {"eventCount":1,"rawAbsX":44,"rawAbsY":20,"rawX":44,"rawY":20,"clippedAbsX":29.8857897496786,"clippedAbsY":20,"clippedX":29.8857897496786,"clippedY":20,"requestedAppliedX":19.850141551736527,"requestedAppliedY":13.284,"appliedX":19.850141551736527,"appliedY":13.284,"actualX":19.5,"actualY":13,"sensitivity":0.6642,"currentZoomForScroll":2.579603759066714,"maxScrollStepX":22,"maxScrollStepY":22,"diagonalEvents":1,"clippedEvents":1}
[DebugBridge +26691.5ms] wheel_scroll_motion {"eventCount":1,"rawAbsX":42,"rawAbsY":18,"rawX":42,"rawY":18,"clippedAbsX":29.8857897496786,"clippedAbsY":18,"clippedX":29.8857897496786,"clippedY":18,"requestedAppliedX":19.850141551736527,"requestedAppliedY":11.9556,"appliedX":19.850141551736527,"appliedY":11.9556,"actualX":19.5,"actualY":11.5,"sensitivity":0.6642,"currentZoomForScroll":2.579603759066714,"maxScrollStepX":22,"maxScrollStepY":22,"diagonalEvents":1,"clippedEvents":1}
[DebugBridge +26699.1ms] wheel_scroll_motion {"eventCount":1,"rawAbsX":38,"rawAbsY":18,"rawX":38,"rawY":18,"clippedAbsX":29.8857897496786,"clippedAbsY":18,"clippedX":29.8857897496786,"clippedY":18,"requestedAppliedX":19.850141551736527,"requestedAppliedY":11.9556,"appliedX":19.850141551736527,"appliedY":11.9556,"actualX":19.5,"actualY":11.5,"sensitivity":0.6642,"currentZoomForScroll":2.579603759066714,"maxScrollStepX":22,"maxScrollStepY":22,"diagonalEvents":1,"clippedEvents":1}
[DebugBridge +26709.4ms] wheel_scroll_motion {"eventCount":1,"rawAbsX":38,"rawAbsY":16,"rawX":38,"rawY":16,"clippedAbsX":29.8857897496786,"clippedAbsY":16,"clippedX":29.8857897496786,"clippedY":16,"requestedAppliedX":19.850141551736527,"requestedAppliedY":10.6272,"appliedX":19.850141551736527,"appliedY":10.6272,"actualX":19.5,"actualY":10.5,"sensitivity":0.6642,"currentZoomForScroll":2.579603759066714,"maxScrollStepX":22,"maxScrollStepY":22,"diagonalEvents":1,"clippedEvents":1}
[DebugBridge +26717.8ms] wheel_scroll_motion {"eventCount":1,"rawAbsX":38,"rawAbsY":16,"rawX":38,"rawY":16,"clippedAbsX":29.8857897496786,"clippedAbsY":16,"clippedX":29.8857897496786,"clippedY":16,"requestedAppliedX":19.850141551736527,"requestedAppliedY":10.6272,"appliedX":19.850141551736527,"appliedY":10.6272,"actualX":19.5,"actualY":10.5,"sensitivity":0.6642,"currentZoomForScroll":2.579603759066714,"maxScrollStepX":22,"maxScrollStepY":22,"diagonalEvents":1,"clippedEvents":1}
[DebugBridge +26725.9ms] wheel_scroll_motion {"eventCount":1,"rawAbsX":34,"rawAbsY":16,"rawX":34,"rawY":16,"clippedAbsX":29.8857897496786,"clippedAbsY":16,"clippedX":29.8857897496786,"clippedY":16,"requestedAppliedX":19.850141551736527,"requestedAppliedY":10.6272,"appliedX":19.850141551736527,"appliedY":10.6272,"actualX":19.5,"actualY":10.5,"sensitivity":0.6642,"currentZoomForScroll":2.579603759066714,"maxScrollStepX":22,"maxScrollStepY":22,"diagonalEvents":1,"clippedEvents":1}
[DebugBridge +26732.6ms] wheel_scroll_motion {"eventCount":1,"rawAbsX":34,"rawAbsY":16,"rawX":34,"rawY":16,"clippedAbsX":29.8857897496786,"clippedAbsY":16,"clippedX":29.8857897496786,"clippedY":16,"requestedAppliedX":19.850141551736527,"requestedAppliedY":10.6272,"appliedX":19.850141551736527,"appliedY":10.6272,"actualX":19.5,"actualY":10.5,"sensitivity":0.6642,"currentZoomForScroll":2.579603759066714,"maxScrollStepX":22,"maxScrollStepY":22,"diagonalEvents":1,"clippedEvents":1}
[DebugBridge +26799.8ms] wheel_scroll_motion {"eventCount":2,"rawAbsX":0,"rawAbsY":12,"rawX":0,"rawY":12,"clippedAbsX":0,"clippedAbsY":12,"clippedX":0,"clippedY":12,"requestedAppliedX":0,"requestedAppliedY":9.84,"appliedX":0,"appliedY":9.84,"actualX":0,"actualY":9.5,"sensitivity":0.82,"currentZoomForScroll":2.579603759066714,"maxScrollStepX":22,"maxScrollStepY":22,"diagonalEvents":0,"clippedEvents":0}
[DebugBridge +26808.1ms] wheel_scroll_motion {"eventCount":3,"rawAbsX":4,"rawAbsY":20,"rawX":4,"rawY":20,"clippedAbsX":4,"clippedAbsY":20,"clippedX":4,"clippedY":20,"requestedAppliedX":2.952,"requestedAppliedY":14.924,"appliedX":2.952,"appliedY":14.924,"actualX":2.5,"actualY":14.5,"sensitivity":0.738,"currentZoomForScroll":2.579603759066714,"maxScrollStepX":22,"maxScrollStepY":22,"diagonalEvents":2,"clippedEvents":0}
[DebugBridge +26817.0ms] wheel_scroll_motion {"eventCount":1,"rawAbsX":2,"rawAbsY":28,"rawX":2,"rawY":28,"clippedAbsX":2,"clippedAbsY":28,"clippedX":2,"clippedY":28,"requestedAppliedX":1.476,"requestedAppliedY":20.664,"appliedX":1.476,"appliedY":20.664,"actualX":1,"actualY":20.5,"sensitivity":0.738,"currentZoomForScroll":2.579603759066714,"maxScrollStepX":22,"maxScrollStepY":22,"diagonalEvents":1,"clippedEvents":0}
[DebugBridge +26826.2ms] wheel_scroll_motion {"eventCount":2,"rawAbsX":4,"rawAbsY":52,"rawX":4,"rawY":52,"clippedAbsX":4,"clippedAbsY":52,"clippedX":4,"clippedY":52,"requestedAppliedX":2.952,"requestedAppliedY":38.376,"appliedX":2.952,"appliedY":22,"actualX":2.5,"actualY":22,"sensitivity":0.738,"currentZoomForScroll":2.579603759066714,"maxScrollStepX":22,"maxScrollStepY":22,"diagonalEvents":2,"clippedEvents":0}
[DebugBridge +26834.1ms] wheel_scroll_motion {"eventCount":1,"rawAbsX":2,"rawAbsY":56,"rawX":2,"rawY":56,"clippedAbsX":2,"clippedAbsY":29.8857897496786,"clippedX":2,"clippedY":29.8857897496786,"requestedAppliedX":1.3284,"requestedAppliedY":19.850141551736527,"appliedX":1.3284,"appliedY":19.850141551736527,"actualX":1,"actualY":19.5,"sensitivity":0.6642,"currentZoomForScroll":2.579603759066714,"maxScrollStepX":22,"maxScrollStepY":22,"diagonalEvents":1,"clippedEvents":1}
[DebugBridge +26841.9ms] wheel_scroll_motion {"eventCount":1,"rawAbsX":6,"rawAbsY":126,"rawX":6,"rawY":126,"clippedAbsX":6,"clippedAbsY":29.8857897496786,"clippedX":6,"clippedY":29.8857897496786,"requestedAppliedX":3.9852,"requestedAppliedY":19.850141551736527,"appliedX":3.9852,"appliedY":19.850141551736527,"actualX":3.5,"actualY":19.5,"sensitivity":0.6642,"currentZoomForScroll":2.579603759066714,"maxScrollStepX":22,"maxScrollStepY":22,"diagonalEvents":1,"clippedEvents":1}
[DebugBridge +26849.7ms] wheel_scroll_motion {"eventCount":1,"rawAbsX":6,"rawAbsY":128,"rawX":6,"rawY":128,"clippedAbsX":6,"clippedAbsY":29.8857897496786,"clippedX":6,"clippedY":29.8857897496786,"requestedAppliedX":3.9852,"requestedAppliedY":19.850141551736527,"appliedX":3.9852,"appliedY":19.850141551736527,"actualX":3.5,"actualY":19.5,"sensitivity":0.6642,"currentZoomForScroll":2.579603759066714,"maxScrollStepX":22,"maxScrollStepY":22,"diagonalEvents":1,"clippedEvents":1}
[DebugBridge +26858.2ms] wheel_scroll_motion {"eventCount":2,"rawAbsX":6,"rawAbsY":142,"rawX":6,"rawY":142,"clippedAbsX":6,"clippedAbsY":59.7715794993572,"clippedX":6,"clippedY":59.7715794993572,"requestedAppliedX":3.9852,"requestedAppliedY":39.700283103473055,"appliedX":3.9852,"appliedY":22,"actualX":3.5,"actualY":22,"sensitivity":0.6642,"currentZoomForScroll":2.579603759066714,"maxScrollStepX":22,"maxScrollStepY":22,"diagonalEvents":2,"clippedEvents":2}
[DebugBridge +26866.0ms] wheel_scroll_motion {"eventCount":1,"rawAbsX":6,"rawAbsY":154,"rawX":6,"rawY":154,"clippedAbsX":6,"clippedAbsY":29.8857897496786,"clippedX":6,"clippedY":29.8857897496786,"requestedAppliedX":3.9852,"requestedAppliedY":19.850141551736527,"appliedX":3.9852,"appliedY":19.850141551736527,"actualX":3.5,"actualY":19.5,"sensitivity":0.6642,"currentZoomForScroll":2.579603759066714,"maxScrollStepX":22,"maxScrollStepY":22,"diagonalEvents":1,"clippedEvents":1}
[DebugBridge +26875.0ms] wheel_scroll_motion {"eventCount":1,"rawAbsX":4,"rawAbsY":168,"rawX":4,"rawY":168,"clippedAbsX":4,"clippedAbsY":29.8857897496786,"clippedX":4,"clippedY":29.8857897496786,"requestedAppliedX":2.6568,"requestedAppliedY":19.850141551736527,"appliedX":2.6568,"appliedY":19.850141551736527,"actualX":2.5,"actualY":19.5,"sensitivity":0.6642,"currentZoomForScroll":2.579603759066714,"maxScrollStepX":22,"maxScrollStepY":22,"diagonalEvents":1,"clippedEvents":1}
[DebugBridge +26883.7ms] wheel_scroll_motion {"eventCount":1,"rawAbsX":4,"rawAbsY":120,"rawX":4,"rawY":120,"clippedAbsX":4,"clippedAbsY":29.8857897496786,"clippedX":4,"clippedY":29.8857897496786,"requestedAppliedX":2.6568,"requestedAppliedY":19.850141551736527,"appliedX":2.6568,"appliedY":19.850141551736527,"actualX":2.5,"actualY":19.5,"sensitivity":0.6642,"currentZoomForScroll":2.579603759066714,"maxScrollStepX":22,"maxScrollStepY":22,"diagonalEvents":1,"clippedEvents":1}
[DebugBridge +26892.5ms] wheel_scroll_motion {"eventCount":2,"rawAbsX":0,"rawAbsY":300,"rawX":0,"rawY":300,"clippedAbsX":0,"clippedAbsY":59.7715794993572,"clippedX":0,"clippedY":59.7715794993572,"requestedAppliedX":0,"requestedAppliedY":44.11142567052561,"appliedX":0,"appliedY":22,"actualX":0,"actualY":22,"sensitivity":0.738,"currentZoomForScroll":2.579603759066714,"maxScrollStepX":22,"maxScrollStepY":22,"diagonalEvents":0,"clippedEvents":2}
[DebugBridge +26901.5ms] wheel_scroll_motion {"eventCount":1,"rawAbsX":0,"rawAbsY":204,"rawX":0,"rawY":204,"clippedAbsX":0,"clippedAbsY":29.8857897496786,"clippedX":0,"clippedY":29.8857897496786,"requestedAppliedX":0,"requestedAppliedY":22.055712835262806,"appliedX":0,"appliedY":22,"actualX":0,"actualY":22,"sensitivity":0.738,"currentZoomForScroll":2.579603759066714,"maxScrollStepX":22,"maxScrollStepY":22,"diagonalEvents":0,"clippedEvents":1}
[DebugBridge +26908.2ms] wheel_scroll_motion {"eventCount":1,"rawAbsX":0,"rawAbsY":198,"rawX":0,"rawY":198,"clippedAbsX":0,"clippedAbsY":29.8857897496786,"clippedX":0,"clippedY":29.8857897496786,"requestedAppliedX":0,"requestedAppliedY":22.055712835262806,"appliedX":0,"appliedY":22,"actualX":0,"actualY":22,"sensitivity":0.738,"currentZoomForScroll":2.579603759066714,"maxScrollStepX":22,"maxScrollStepY":22,"diagonalEvents":0,"clippedEvents":1}
[DebugBridge +26918.1ms] wheel_scroll_motion {"eventCount":1,"rawAbsX":0,"rawAbsY":190,"rawX":0,"rawY":190,"clippedAbsX":0,"clippedAbsY":29.8857897496786,"clippedX":0,"clippedY":29.8857897496786,"requestedAppliedX":0,"requestedAppliedY":22.055712835262806,"appliedX":0,"appliedY":22,"actualX":0,"actualY":22,"sensitivity":0.738,"currentZoomForScroll":2.579603759066714,"maxScrollStepX":22,"maxScrollStepY":22,"diagonalEvents":0,"clippedEvents":1}
[DebugBridge +26926.6ms] wheel_scroll_motion {"eventCount":1,"rawAbsX":0,"rawAbsY":182,"rawX":0,"rawY":182,"clippedAbsX":0,"clippedAbsY":29.8857897496786,"clippedX":0,"clippedY":29.8857897496786,"requestedAppliedX":0,"requestedAppliedY":22.055712835262806,"appliedX":0,"appliedY":22,"actualX":0,"actualY":22,"sensitivity":0.738,"currentZoomForScroll":2.579603759066714,"maxScrollStepX":22,"maxScrollStepY":22,"diagonalEvents":0,"clippedEvents":1}
[DebugBridge +26933.6ms] page_visit_start {"page":8,"pageCount":36,"revisited":false,"hasContainer":true,"hasPdfSurface":true,"spinnerVisible":false,"hasAnnotationOverlay":true,"ready":true}
[DebugBridge +26935.0ms] wheel_scroll_motion {"eventCount":1,"rawAbsX":0,"rawAbsY":174,"rawX":0,"rawY":174,"clippedAbsX":0,"clippedAbsY":29.8857897496786,"clippedX":0,"clippedY":29.8857897496786,"requestedAppliedX":0,"requestedAppliedY":22.055712835262806,"appliedX":0,"appliedY":22,"actualX":0,"actualY":22,"sensitivity":0.738,"currentZoomForScroll":2.579603759066714,"maxScrollStepX":22,"maxScrollStepY":22,"diagonalEvents":0,"clippedEvents":1}
[DebugBridge +26935.3ms] page_visit_ready {"page":8,"pageCount":36,"revisited":false,"waitMs":2,"hasContainer":true,"hasPdfSurface":true,"spinnerVisible":false,"hasAnnotationOverlay":true,"ready":true}
[DebugBridge +26942.1ms] wheel_scroll_motion {"eventCount":1,"rawAbsX":0,"rawAbsY":160,"rawX":0,"rawY":160,"clippedAbsX":0,"clippedAbsY":29.8857897496786,"clippedX":0,"clippedY":29.8857897496786,"requestedAppliedX":0,"requestedAppliedY":22.055712835262806,"appliedX":0,"appliedY":22,"actualX":0,"actualY":22,"sensitivity":0.738,"currentZoomForScroll":2.579603759066714,"maxScrollStepX":22,"maxScrollStepY":22,"diagonalEvents":0,"clippedEvents":1}
[DebugBridge +27079.0ms] wheel_scroll_motion {"eventCount":1,"rawAbsX":0,"rawAbsY":154,"rawX":0,"rawY":154,"clippedAbsX":0,"clippedAbsY":29.8857897496786,"clippedX":0,"clippedY":29.8857897496786,"requestedAppliedX":0,"requestedAppliedY":22.055712835262806,"appliedX":0,"appliedY":22,"actualX":0,"actualY":22,"sensitivity":0.738,"currentZoomForScroll":2.579603759066714,"maxScrollStepX":22,"maxScrollStepY":22,"diagonalEvents":0,"clippedEvents":1}
[DebugBridge +27086.9ms] wheel_scroll_motion {"eventCount":1,"rawAbsX":0,"rawAbsY":1990,"rawX":0,"rawY":1990,"clippedAbsX":0,"clippedAbsY":29.8857897496786,"clippedX":0,"clippedY":29.8857897496786,"requestedAppliedX":0,"requestedAppliedY":22.055712835262806,"appliedX":0,"appliedY":22,"actualX":0,"actualY":22,"sensitivity":0.738,"currentZoomForScroll":2.579603759066714,"maxScrollStepX":22,"maxScrollStepY":22,"diagonalEvents":0,"clippedEvents":1}
[SVGAnnotationLayer] setRotInputVisible(false) reason=selectedIds.size !== 1
[DebugBridge +27175.1ms] wheel_scroll_motion {"eventCount":3,"rawAbsX":0,"rawAbsY":332,"rawX":0,"rawY":332,"clippedAbsX":0,"clippedAbsY":89.65736924903581,"clippedX":0,"clippedY":89.65736924903581,"requestedAppliedX":0,"requestedAppliedY":66.16713850578842,"appliedX":0,"appliedY":22,"actualX":0,"actualY":22,"sensitivity":0.738,"currentZoomForScroll":2.579603759066714,"maxScrollStepX":22,"maxScrollStepY":22,"diagonalEvents":0,"clippedEvents":3}
[DebugBridge +27178.8ms] wheel_scroll_motion {"eventCount":1,"rawAbsX":0,"rawAbsY":866,"rawX":0,"rawY":866,"clippedAbsX":0,"clippedAbsY":29.8857897496786,"clippedX":0,"clippedY":29.8857897496786,"requestedAppliedX":0,"requestedAppliedY":22.055712835262806,"appliedX":0,"appliedY":22,"actualX":0,"actualY":22,"sensitivity":0.738,"currentZoomForScroll":2.579603759066714,"maxScrollStepX":22,"maxScrollStepY":22,"diagonalEvents":0,"clippedEvents":1}
[DebugBridge +27259.4ms] wheel_scroll_motion {"eventCount":3,"rawAbsX":6,"rawAbsY":154,"rawX":-6,"rawY":154,"clippedAbsX":6,"clippedAbsY":81.7715794993572,"clippedX":-6,"clippedY":81.7715794993572,"requestedAppliedX":-3.9852,"requestedAppliedY":57.740283103473054,"appliedX":-3.9852,"appliedY":22,"actualX":-4,"actualY":22,"sensitivity":0.6642,"currentZoomForScroll":2.579603759066714,"maxScrollStepX":22,"maxScrollStepY":22,"diagonalEvents":2,"clippedEvents":2}
[DebugBridge +27268.1ms] wheel_scroll_motion {"eventCount":3,"rawAbsX":6,"rawAbsY":120,"rawX":-6,"rawY":120,"clippedAbsX":6,"clippedAbsY":85.7715794993572,"clippedX":-6,"clippedY":85.7715794993572,"requestedAppliedX":-4.1328000000000005,"requestedAppliedY":58.88828310347306,"appliedX":-4.1328000000000005,"appliedY":22,"actualX":-4.5,"actualY":22,"sensitivity":0.6642,"currentZoomForScroll":2.579603759066714,"maxScrollStepX":22,"maxScrollStepY":22,"diagonalEvents":3,"clippedEvents":2}
[DebugBridge +27276.2ms] wheel_scroll_motion {"eventCount":1,"rawAbsX":0,"rawAbsY":80,"rawX":0,"rawY":80,"clippedAbsX":0,"clippedAbsY":29.8857897496786,"clippedX":0,"clippedY":29.8857897496786,"requestedAppliedX":0,"requestedAppliedY":22.055712835262806,"appliedX":0,"appliedY":22,"actualX":0,"actualY":22,"sensitivity":0.738,"currentZoomForScroll":2.579603759066714,"maxScrollStepX":22,"maxScrollStepY":22,"diagonalEvents":0,"clippedEvents":1}
[DebugBridge +27285.0ms] wheel_scroll_motion {"eventCount":2,"rawAbsX":2,"rawAbsY":126,"rawX":-2,"rawY":126,"clippedAbsX":2,"clippedAbsY":59.7715794993572,"clippedX":-2,"clippedY":59.7715794993572,"requestedAppliedX":-1.3284,"requestedAppliedY":41.90585438699934,"appliedX":-1.3284,"appliedY":22,"actualX":-1.5,"actualY":22,"sensitivity":0.6642,"currentZoomForScroll":2.579603759066714,"maxScrollStepX":22,"maxScrollStepY":22,"diagonalEvents":1,"clippedEvents":2}
[DebugBridge +27293.3ms] wheel_scroll_motion {"eventCount":2,"rawAbsX":4,"rawAbsY":160,"rawX":-4,"rawY":160,"clippedAbsX":4,"clippedAbsY":59.7715794993572,"clippedX":-4,"clippedY":59.7715794993572,"requestedAppliedX":-2.6568,"requestedAppliedY":39.700283103473055,"appliedX":-2.6568,"appliedY":22,"actualX":-3,"actualY":22,"sensitivity":0.6642,"currentZoomForScroll":2.579603759066714,"maxScrollStepX":22,"maxScrollStepY":22,"diagonalEvents":2,"clippedEvents":2}
[DebugBridge +27302.1ms] wheel_scroll_motion {"eventCount":2,"rawAbsX":4,"rawAbsY":140,"rawX":-4,"rawY":140,"clippedAbsX":4,"clippedAbsY":59.7715794993572,"clippedX":-4,"clippedY":59.7715794993572,"requestedAppliedX":-2.6568,"requestedAppliedY":39.700283103473055,"appliedX":-2.6568,"appliedY":22,"actualX":-3,"actualY":22,"sensitivity":0.6642,"currentZoomForScroll":2.579603759066714,"maxScrollStepX":22,"maxScrollStepY":22,"diagonalEvents":2,"clippedEvents":2}
[DebugBridge +27309.6ms] wheel_scroll_motion {"eventCount":2,"rawAbsX":6,"rawAbsY":160,"rawX":-6,"rawY":160,"clippedAbsX":6,"clippedAbsY":59.7715794993572,"clippedX":-6,"clippedY":59.7715794993572,"requestedAppliedX":-3.9852,"requestedAppliedY":39.700283103473055,"appliedX":-3.9852,"appliedY":22,"actualX":-4,"actualY":22,"sensitivity":0.6642,"currentZoomForScroll":2.579603759066714,"maxScrollStepX":22,"maxScrollStepY":22,"diagonalEvents":2,"clippedEvents":2}
[DebugBridge +27317.6ms] wheel_scroll_motion {"eventCount":1,"rawAbsX":2,"rawAbsY":50,"rawX":-2,"rawY":50,"clippedAbsX":2,"clippedAbsY":29.8857897496786,"clippedX":-2,"clippedY":29.8857897496786,"requestedAppliedX":-1.3284,"requestedAppliedY":19.850141551736527,"appliedX":-1.3284,"appliedY":19.850141551736527,"actualX":-1.5,"actualY":19.5,"sensitivity":0.6642,"currentZoomForScroll":2.579603759066714,"maxScrollStepX":22,"maxScrollStepY":22,"diagonalEvents":1,"clippedEvents":1}
[DebugBridge +27325.3ms] wheel_scroll_motion {"eventCount":1,"rawAbsX":4,"rawAbsY":202,"rawX":-4,"rawY":202,"clippedAbsX":4,"clippedAbsY":29.8857897496786,"clippedX":-4,"clippedY":29.8857897496786,"requestedAppliedX":-2.6568,"requestedAppliedY":19.850141551736527,"appliedX":-2.6568,"appliedY":19.850141551736527,"actualX":-3,"actualY":19.5,"sensitivity":0.6642,"currentZoomForScroll":2.579603759066714,"maxScrollStepX":22,"maxScrollStepY":22,"diagonalEvents":1,"clippedEvents":1}
[DebugBridge +27335.3ms] wheel_scroll_motion {"eventCount":1,"rawAbsX":0,"rawAbsY":202,"rawX":0,"rawY":202,"clippedAbsX":0,"clippedAbsY":29.8857897496786,"clippedX":0,"clippedY":29.8857897496786,"requestedAppliedX":0,"requestedAppliedY":22.055712835262806,"appliedX":0,"appliedY":22,"actualX":0,"actualY":22,"sensitivity":0.738,"currentZoomForScroll":2.579603759066714,"maxScrollStepX":22,"maxScrollStepY":22,"diagonalEvents":0,"clippedEvents":1}
[DebugBridge +27343.7ms] wheel_scroll_motion {"eventCount":1,"rawAbsX":0,"rawAbsY":208,"rawX":0,"rawY":208,"clippedAbsX":0,"clippedAbsY":29.8857897496786,"clippedX":0,"clippedY":29.8857897496786,"requestedAppliedX":0,"requestedAppliedY":22.055712835262806,"appliedX":0,"appliedY":22,"actualX":0,"actualY":22,"sensitivity":0.738,"currentZoomForScroll":2.579603759066714,"maxScrollStepX":22,"maxScrollStepY":22,"diagonalEvents":0,"clippedEvents":1}
[DebugBridge +27630.1ms] wheel_scroll_motion {"eventCount":2,"rawAbsX":0,"rawAbsY":394,"rawX":0,"rawY":394,"clippedAbsX":0,"clippedAbsY":59.7715794993572,"clippedX":0,"clippedY":59.7715794993572,"requestedAppliedX":0,"requestedAppliedY":44.11142567052561,"appliedX":0,"appliedY":22,"actualX":0,"actualY":22,"sensitivity":0.738,"currentZoomForScroll":2.579603759066714,"maxScrollStepX":22,"maxScrollStepY":22,"diagonalEvents":0,"clippedEvents":2}
[DebugBridge +27643.3ms] wheel_scroll_motion {"eventCount":1,"rawAbsX":0,"rawAbsY":3722,"rawX":0,"rawY":3722,"clippedAbsX":0,"clippedAbsY":29.8857897496786,"clippedX":0,"clippedY":29.8857897496786,"requestedAppliedX":0,"requestedAppliedY":22.055712835262806,"appliedX":0,"appliedY":22,"actualX":0,"actualY":22,"sensitivity":0.738,"currentZoomForScroll":2.579603759066714,"maxScrollStepX":22,"maxScrollStepY":22,"diagonalEvents":0,"clippedEvents":1}
[DebugBridge +27649.4ms] wheel_scroll_motion {"eventCount":1,"rawAbsX":2,"rawAbsY":0,"rawX":-2,"rawY":0,"clippedAbsX":2,"clippedAbsY":0,"clippedX":-2,"clippedY":0,"requestedAppliedX":-1.64,"requestedAppliedY":0,"appliedX":-1.64,"appliedY":0,"actualX":-2,"actualY":0,"sensitivity":0.82,"currentZoomForScroll":2.579603759066714,"maxScrollStepX":22,"maxScrollStepY":22,"diagonalEvents":0,"clippedEvents":0}
[DebugBridge +27667.4ms] wheel_scroll_motion {"eventCount":3,"rawAbsX":16,"rawAbsY":52,"rawX":-16,"rawY":52,"clippedAbsX":16,"clippedAbsY":41.8857897496786,"clippedX":-16,"clippedY":41.8857897496786,"requestedAppliedX":-11.3652,"requestedAppliedY":28.70614155173653,"appliedX":-11.3652,"appliedY":22,"actualX":-11.5,"actualY":22,"sensitivity":0.738,"currentZoomForScroll":2.579603759066714,"maxScrollStepX":22,"maxScrollStepY":22,"diagonalEvents":3,"clippedEvents":1}
[DebugBridge +27671.8ms] wheel_scroll_motion {"eventCount":1,"rawAbsX":10,"rawAbsY":16,"rawX":-10,"rawY":16,"clippedAbsX":10,"clippedAbsY":16,"clippedX":-10,"clippedY":16,"requestedAppliedX":-7.38,"requestedAppliedY":11.808,"appliedX":-7.38,"appliedY":11.808,"actualX":-7.5,"actualY":11.5,"sensitivity":0.738,"currentZoomForScroll":2.579603759066714,"maxScrollStepX":22,"maxScrollStepY":22,"diagonalEvents":1,"clippedEvents":0}
[DebugBridge +27676.4ms] wheel_scroll_motion {"eventCount":1,"rawAbsX":8,"rawAbsY":18,"rawX":-8,"rawY":18,"clippedAbsX":8,"clippedAbsY":18,"clippedX":-8,"clippedY":18,"requestedAppliedX":-5.904,"requestedAppliedY":13.283999999999999,"appliedX":-5.904,"appliedY":13.283999999999999,"actualX":-6,"actualY":13,"sensitivity":0.738,"currentZoomForScroll":2.579603759066714,"maxScrollStepX":22,"maxScrollStepY":22,"diagonalEvents":1,"clippedEvents":0}
[DebugBridge +27684.1ms] wheel_scroll_motion {"eventCount":2,"rawAbsX":14,"rawAbsY":32,"rawX":-14,"rawY":32,"clippedAbsX":14,"clippedAbsY":32,"clippedX":-14,"clippedY":32,"requestedAppliedX":-10.332,"requestedAppliedY":23.616,"appliedX":-10.332,"appliedY":22,"actualX":-10.5,"actualY":22,"sensitivity":0.738,"currentZoomForScroll":2.579603759066714,"maxScrollStepX":22,"maxScrollStepY":22,"diagonalEvents":2,"clippedEvents":0}
[DebugBridge +27693.9ms] wheel_scroll_motion {"eventCount":2,"rawAbsX":16,"rawAbsY":46,"rawX":-16,"rawY":46,"clippedAbsX":16,"clippedAbsY":39.8857897496786,"clippedX":-16,"clippedY":39.8857897496786,"requestedAppliedX":-10.9224,"requestedAppliedY":27.230141551736526,"appliedX":-10.9224,"appliedY":22,"actualX":-11,"actualY":22,"sensitivity":0.738,"currentZoomForScroll":2.579603759066714,"maxScrollStepX":22,"maxScrollStepY":22,"diagonalEvents":2,"clippedEvents":1}
[DebugBridge +27705.3ms] wheel_scroll_motion {"eventCount":1,"rawAbsX":16,"rawAbsY":56,"rawX":-16,"rawY":56,"clippedAbsX":16,"clippedAbsY":29.8857897496786,"clippedX":-16,"clippedY":29.8857897496786,"requestedAppliedX":-10.6272,"requestedAppliedY":19.850141551736527,"appliedX":-10.6272,"appliedY":19.850141551736527,"actualX":-11,"actualY":19.5,"sensitivity":0.6642,"currentZoomForScroll":2.579603759066714,"maxScrollStepX":22,"maxScrollStepY":22,"diagonalEvents":1,"clippedEvents":1}
[DebugBridge +27710.5ms] wheel_scroll_motion {"eventCount":1,"rawAbsX":20,"rawAbsY":94,"rawX":-20,"rawY":94,"clippedAbsX":20,"clippedAbsY":29.8857897496786,"clippedX":-20,"clippedY":29.8857897496786,"requestedAppliedX":-13.284,"requestedAppliedY":19.850141551736527,"appliedX":-13.284,"appliedY":19.850141551736527,"actualX":-13.5,"actualY":19.5,"sensitivity":0.6642,"currentZoomForScroll":2.579603759066714,"maxScrollStepX":22,"maxScrollStepY":22,"diagonalEvents":1,"clippedEvents":1}
[DebugBridge +27717.9ms] wheel_scroll_motion {"eventCount":2,"rawAbsX":16,"rawAbsY":86,"rawX":-16,"rawY":86,"clippedAbsX":16,"clippedAbsY":37.8857897496786,"clippedX":-16,"clippedY":37.8857897496786,"requestedAppliedX":-10.774799999999999,"requestedAppliedY":25.754141551736527,"appliedX":-10.774799999999999,"appliedY":22,"actualX":-11,"actualY":22,"sensitivity":0.738,"currentZoomForScroll":2.579603759066714,"maxScrollStepX":22,"maxScrollStepY":22,"diagonalEvents":2,"clippedEvents":1}
[DebugBridge +27726.2ms] wheel_scroll_motion {"eventCount":1,"rawAbsX":16,"rawAbsY":82,"rawX":-16,"rawY":82,"clippedAbsX":16,"clippedAbsY":29.8857897496786,"clippedX":-16,"clippedY":29.8857897496786,"requestedAppliedX":-10.6272,"requestedAppliedY":19.850141551736527,"appliedX":-10.6272,"appliedY":19.850141551736527,"actualX":-11,"actualY":19.5,"sensitivity":0.6642,"currentZoomForScroll":2.579603759066714,"maxScrollStepX":22,"maxScrollStepY":22,"diagonalEvents":1,"clippedEvents":1}
[DebugBridge +27735.0ms] wheel_scroll_motion {"eventCount":2,"rawAbsX":20,"rawAbsY":96,"rawX":-20,"rawY":96,"clippedAbsX":20,"clippedAbsY":59.7715794993572,"clippedX":-20,"clippedY":59.7715794993572,"requestedAppliedX":-13.283999999999999,"requestedAppliedY":39.700283103473055,"appliedX":-13.283999999999999,"appliedY":22,"actualX":-13.5,"actualY":22,"sensitivity":0.6642,"currentZoomForScroll":2.579603759066714,"maxScrollStepX":22,"maxScrollStepY":22,"diagonalEvents":2,"clippedEvents":2}
[DebugBridge +27741.5ms] wheel_scroll_motion {"eventCount":1,"rawAbsX":8,"rawAbsY":26,"rawX":-8,"rawY":26,"clippedAbsX":8,"clippedAbsY":26,"clippedX":-8,"clippedY":26,"requestedAppliedX":-5.904,"requestedAppliedY":19.188,"appliedX":-5.904,"appliedY":19.188,"actualX":-6,"actualY":19,"sensitivity":0.738,"currentZoomForScroll":2.579603759066714,"maxScrollStepX":22,"maxScrollStepY":22,"diagonalEvents":1,"clippedEvents":0}
[DebugBridge +27929.0ms] wheel_scroll_motion {"eventCount":2,"rawAbsX":26,"rawAbsY":88,"rawX":-26,"rawY":88,"clippedAbsX":26,"clippedAbsY":55.8857897496786,"clippedX":-26,"clippedY":55.8857897496786,"requestedAppliedX":-17.8596,"requestedAppliedY":39.03814155173653,"appliedX":-17.8596,"appliedY":22,"actualX":-18,"actualY":22,"sensitivity":0.738,"currentZoomForScroll":2.579603759066714,"maxScrollStepX":22,"maxScrollStepY":22,"diagonalEvents":2,"clippedEvents":1}
[DebugBridge +27932.3ms] wheel_scroll_motion {"eventCount":1,"rawAbsX":68,"rawAbsY":176,"rawX":-68,"rawY":176,"clippedAbsX":29.8857897496786,"clippedAbsY":29.8857897496786,"clippedX":-29.8857897496786,"clippedY":29.8857897496786,"requestedAppliedX":-19.850141551736527,"requestedAppliedY":19.850141551736527,"appliedX":-19.850141551736527,"appliedY":19.850141551736527,"actualX":-20,"actualY":19.5,"sensitivity":0.6642,"currentZoomForScroll":2.579603759066714,"maxScrollStepX":22,"maxScrollStepY":22,"diagonalEvents":1,"clippedEvents":1}
[DebugBridge +27943.9ms] wheel_scroll_motion {"eventCount":3,"rawAbsX":400,"rawAbsY":1436,"rawX":-400,"rawY":1436,"clippedAbsX":63.8857897496786,"clippedAbsY":89.65736924903581,"clippedX":-63.8857897496786,"clippedY":89.65736924903581,"requestedAppliedX":-42.432941551736526,"requestedAppliedY":59.55042465520958,"appliedX":-22,"appliedY":22,"actualX":-22,"actualY":22,"sensitivity":0.6642,"currentZoomForScroll":2.579603759066714,"maxScrollStepX":22,"maxScrollStepY":22,"diagonalEvents":3,"clippedEvents":3}
[DebugBridge +27950.0ms] wheel_scroll_motion {"eventCount":1,"rawAbsX":16,"rawAbsY":64,"rawX":-16,"rawY":64,"clippedAbsX":16,"clippedAbsY":29.8857897496786,"clippedX":-16,"clippedY":29.8857897496786,"requestedAppliedX":-10.6272,"requestedAppliedY":19.850141551736527,"appliedX":-10.6272,"appliedY":19.850141551736527,"actualX":-11,"actualY":19.5,"sensitivity":0.6642,"currentZoomForScroll":2.579603759066714,"maxScrollStepX":22,"maxScrollStepY":22,"diagonalEvents":1,"clippedEvents":1}
[DebugBridge +27960.0ms] wheel_scroll_motion {"eventCount":1,"rawAbsX":16,"rawAbsY":60,"rawX":-16,"rawY":60,"clippedAbsX":16,"clippedAbsY":29.8857897496786,"clippedX":-16,"clippedY":29.8857897496786,"requestedAppliedX":-10.6272,"requestedAppliedY":19.850141551736527,"appliedX":-10.6272,"appliedY":19.850141551736527,"actualX":-11,"actualY":19.5,"sensitivity":0.6642,"currentZoomForScroll":2.579603759066714,"maxScrollStepX":22,"maxScrollStepY":22,"diagonalEvents":1,"clippedEvents":1}
[DebugBridge +27966.1ms] wheel_scroll_motion {"eventCount":1,"rawAbsX":16,"rawAbsY":60,"rawX":-16,"rawY":60,"clippedAbsX":16,"clippedAbsY":29.8857897496786,"clippedX":-16,"clippedY":29.8857897496786,"requestedAppliedX":-10.6272,"requestedAppliedY":19.850141551736527,"appliedX":-10.6272,"appliedY":19.850141551736527,"actualX":-11,"actualY":19.5,"sensitivity":0.6642,"currentZoomForScroll":2.579603759066714,"maxScrollStepX":22,"maxScrollStepY":22,"diagonalEvents":1,"clippedEvents":1}
[DebugBridge +27977.5ms] wheel_scroll_motion {"eventCount":1,"rawAbsX":16,"rawAbsY":56,"rawX":-16,"rawY":56,"clippedAbsX":16,"clippedAbsY":29.8857897496786,"clippedX":-16,"clippedY":29.8857897496786,"requestedAppliedX":-10.6272,"requestedAppliedY":19.850141551736527,"appliedX":-10.6272,"appliedY":19.850141551736527,"actualX":-11,"actualY":19.5,"sensitivity":0.6642,"currentZoomForScroll":2.579603759066714,"maxScrollStepX":22,"maxScrollStepY":22,"diagonalEvents":1,"clippedEvents":1}
[DebugBridge +27983.3ms] wheel_scroll_motion {"eventCount":1,"rawAbsX":14,"rawAbsY":54,"rawX":-14,"rawY":54,"clippedAbsX":14,"clippedAbsY":29.8857897496786,"clippedX":-14,"clippedY":29.8857897496786,"requestedAppliedX":-9.2988,"requestedAppliedY":19.850141551736527,"appliedX":-9.2988,"appliedY":19.850141551736527,"actualX":-9.5,"actualY":19.5,"sensitivity":0.6642,"currentZoomForScroll":2.579603759066714,"maxScrollStepX":22,"maxScrollStepY":22,"diagonalEvents":1,"clippedEvents":1}
[DebugBridge +27994.3ms] wheel_scroll_motion {"eventCount":1,"rawAbsX":14,"rawAbsY":52,"rawX":-14,"rawY":52,"clippedAbsX":14,"clippedAbsY":29.8857897496786,"clippedX":-14,"clippedY":29.8857897496786,"requestedAppliedX":-9.2988,"requestedAppliedY":19.850141551736527,"appliedX":-9.2988,"appliedY":19.850141551736527,"actualX":-9.5,"actualY":19.5,"sensitivity":0.6642,"currentZoomForScroll":2.579603759066714,"maxScrollStepX":22,"maxScrollStepY":22,"diagonalEvents":1,"clippedEvents":1}
[DebugBridge +28000.4ms] wheel_scroll_motion {"eventCount":1,"rawAbsX":14,"rawAbsY":52,"rawX":-14,"rawY":52,"clippedAbsX":14,"clippedAbsY":29.8857897496786,"clippedX":-14,"clippedY":29.8857897496786,"requestedAppliedX":-9.2988,"requestedAppliedY":19.850141551736527,"appliedX":-9.2988,"appliedY":19.850141551736527,"actualX":-9.5,"actualY":19.5,"sensitivity":0.6642,"currentZoomForScroll":2.579603759066714,"maxScrollStepX":22,"maxScrollStepY":22,"diagonalEvents":1,"clippedEvents":1}
[DebugBridge +28155.8ms] wheel_scroll_motion {"eventCount":1,"rawAbsX":14,"rawAbsY":50,"rawX":-14,"rawY":50,"clippedAbsX":14,"clippedAbsY":29.8857897496786,"clippedX":-14,"clippedY":29.8857897496786,"requestedAppliedX":-9.2988,"requestedAppliedY":19.850141551736527,"appliedX":-9.2988,"appliedY":19.850141551736527,"actualX":-9.5,"actualY":19.5,"sensitivity":0.6642,"currentZoomForScroll":2.579603759066714,"maxScrollStepX":22,"maxScrollStepY":22,"diagonalEvents":1,"clippedEvents":1}
[DebugBridge +28168.5ms] wheel_scroll_motion {"eventCount":1,"rawAbsX":2,"rawAbsY":2,"rawX":-2,"rawY":-2,"clippedAbsX":2,"clippedAbsY":2,"clippedX":-2,"clippedY":-2,"requestedAppliedX":-1.476,"requestedAppliedY":-1.476,"appliedX":-1.476,"appliedY":-1.476,"actualX":-1.5,"actualY":-1.5,"sensitivity":0.738,"currentZoomForScroll":2.579603759066714,"maxScrollStepX":22,"maxScrollStepY":22,"diagonalEvents":1,"clippedEvents":0}
[DebugBridge +28179.4ms] wheel_scroll_motion {"eventCount":3,"rawAbsX":366,"rawAbsY":18,"rawX":-366,"rawY":-6,"clippedAbsX":81.7715794993572,"clippedAbsY":18,"clippedX":-81.7715794993572,"clippedY":-6,"requestedAppliedX":-55.93628310347306,"requestedAppliedY":-3.8375999999999992,"appliedX":-22,"appliedY":-3.8375999999999992,"actualX":-22,"actualY":-4,"sensitivity":0.738,"currentZoomForScroll":2.579603759066714,"maxScrollStepX":22,"maxScrollStepY":22,"diagonalEvents":3,"clippedEvents":2}
[DebugBridge +28183.7ms] wheel_scroll_motion {"eventCount":1,"rawAbsX":10,"rawAbsY":2,"rawX":-10,"rawY":2,"clippedAbsX":10,"clippedAbsY":2,"clippedX":-10,"clippedY":2,"requestedAppliedX":-7.38,"requestedAppliedY":1.476,"appliedX":-7.38,"appliedY":1.476,"actualX":-7.5,"actualY":1,"sensitivity":0.738,"currentZoomForScroll":2.579603759066714,"maxScrollStepX":22,"maxScrollStepY":22,"diagonalEvents":1,"clippedEvents":0}
[DebugBridge +28193.3ms] wheel_scroll_motion {"eventCount":2,"rawAbsX":24,"rawAbsY":4,"rawX":-24,"rawY":4,"clippedAbsX":24,"clippedAbsY":4,"clippedX":-24,"clippedY":4,"requestedAppliedX":-17.712,"requestedAppliedY":2.952,"appliedX":-17.712,"appliedY":2.952,"actualX":-18,"actualY":2.5,"sensitivity":0.738,"currentZoomForScroll":2.579603759066714,"maxScrollStepX":22,"maxScrollStepY":22,"diagonalEvents":2,"clippedEvents":0}
[DebugBridge +28201.5ms] wheel_scroll_motion {"eventCount":2,"rawAbsX":26,"rawAbsY":4,"rawX":-26,"rawY":4,"clippedAbsX":26,"clippedAbsY":4,"clippedX":-26,"clippedY":4,"requestedAppliedX":-19.188,"requestedAppliedY":2.952,"appliedX":-19.188,"appliedY":2.952,"actualX":-19.5,"actualY":2.5,"sensitivity":0.738,"currentZoomForScroll":2.579603759066714,"maxScrollStepX":22,"maxScrollStepY":22,"diagonalEvents":2,"clippedEvents":0}
[DebugBridge +28209.8ms] wheel_scroll_motion {"eventCount":2,"rawAbsX":26,"rawAbsY":4,"rawX":-26,"rawY":4,"clippedAbsX":26,"clippedAbsY":4,"clippedX":-26,"clippedY":4,"requestedAppliedX":-19.188,"requestedAppliedY":2.952,"appliedX":-19.188,"appliedY":2.952,"actualX":-19.5,"actualY":2.5,"sensitivity":0.738,"currentZoomForScroll":2.579603759066714,"maxScrollStepX":22,"maxScrollStepY":22,"diagonalEvents":2,"clippedEvents":0}
[DebugBridge +28365.9ms] wheel_scroll_motion {"eventCount":3,"rawAbsX":26,"rawAbsY":8,"rawX":-26,"rawY":8,"clippedAbsX":26,"clippedAbsY":8,"clippedX":-26,"clippedY":8,"requestedAppliedX":-19.188000000000002,"requestedAppliedY":5.904,"appliedX":-19.188000000000002,"appliedY":5.904,"actualX":-19.5,"actualY":5.5,"sensitivity":0.738,"currentZoomForScroll":2.579603759066714,"maxScrollStepX":22,"maxScrollStepY":22,"diagonalEvents":3,"clippedEvents":0}
[DebugBridge +28369.2ms] wheel_scroll_motion {"eventCount":1,"rawAbsX":470,"rawAbsY":138,"rawX":470,"rawY":138,"clippedAbsX":29.8857897496786,"clippedAbsY":29.8857897496786,"clippedX":29.8857897496786,"clippedY":29.8857897496786,"requestedAppliedX":19.850141551736527,"requestedAppliedY":19.850141551736527,"appliedX":19.850141551736527,"appliedY":19.850141551736527,"actualX":19.5,"actualY":19.5,"sensitivity":0.6642,"currentZoomForScroll":2.579603759066714,"maxScrollStepX":22,"maxScrollStepY":22,"diagonalEvents":1,"clippedEvents":1}
[DebugBridge +28379.5ms] wheel_scroll_motion {"eventCount":1,"rawAbsX":32,"rawAbsY":12,"rawX":32,"rawY":-12,"clippedAbsX":29.8857897496786,"clippedAbsY":12,"clippedX":29.8857897496786,"clippedY":-12,"requestedAppliedX":19.850141551736527,"requestedAppliedY":-7.9704,"appliedX":19.850141551736527,"appliedY":-7.9704,"actualX":19.5,"actualY":-8,"sensitivity":0.6642,"currentZoomForScroll":2.579603759066714,"maxScrollStepX":22,"maxScrollStepY":22,"diagonalEvents":1,"clippedEvents":1}
[DebugBridge +28383.9ms] wheel_scroll_motion {"eventCount":1,"rawAbsX":34,"rawAbsY":22,"rawX":34,"rawY":-22,"clippedAbsX":29.8857897496786,"clippedAbsY":22,"clippedX":29.8857897496786,"clippedY":-22,"requestedAppliedX":19.850141551736527,"requestedAppliedY":-14.612400000000001,"appliedX":19.850141551736527,"appliedY":-14.612400000000001,"actualX":19.5,"actualY":-15,"sensitivity":0.6642,"currentZoomForScroll":2.579603759066714,"maxScrollStepX":22,"maxScrollStepY":22,"diagonalEvents":1,"clippedEvents":1}
[DebugBridge +28391.6ms] wheel_scroll_motion {"eventCount":1,"rawAbsX":16,"rawAbsY":22,"rawX":16,"rawY":-22,"clippedAbsX":16,"clippedAbsY":22,"clippedX":16,"clippedY":-22,"requestedAppliedX":11.808,"requestedAppliedY":-16.236,"appliedX":11.808,"appliedY":-16.236,"actualX":11.5,"actualY":-16.5,"sensitivity":0.738,"currentZoomForScroll":2.579603759066714,"maxScrollStepX":22,"maxScrollStepY":22,"diagonalEvents":1,"clippedEvents":0}
[DebugBridge +28402.0ms] wheel_scroll_motion {"eventCount":2,"rawAbsX":18,"rawAbsY":38,"rawX":18,"rawY":-38,"clippedAbsX":18,"clippedAbsY":38,"clippedX":18,"clippedY":-38,"requestedAppliedX":13.283999999999999,"requestedAppliedY":-28.044,"appliedX":13.283999999999999,"appliedY":-22,"actualX":13,"actualY":-22,"sensitivity":0.738,"currentZoomForScroll":2.579603759066714,"maxScrollStepX":22,"maxScrollStepY":22,"diagonalEvents":2,"clippedEvents":0}
[DebugBridge +28409.5ms] wheel_scroll_motion {"eventCount":2,"rawAbsX":10,"rawAbsY":32,"rawX":10,"rawY":-32,"clippedAbsX":10,"clippedAbsY":32,"clippedX":10,"clippedY":-32,"requestedAppliedX":7.38,"requestedAppliedY":-23.616,"appliedX":7.38,"appliedY":-22,"actualX":7,"actualY":-22,"sensitivity":0.738,"currentZoomForScroll":2.579603759066714,"maxScrollStepX":22,"maxScrollStepY":22,"diagonalEvents":2,"clippedEvents":0}
[DebugBridge +28417.1ms] wheel_scroll_motion {"eventCount":2,"rawAbsX":8,"rawAbsY":40,"rawX":8,"rawY":-40,"clippedAbsX":8,"clippedAbsY":40,"clippedX":8,"clippedY":-40,"requestedAppliedX":5.904,"requestedAppliedY":-29.52,"appliedX":5.904,"appliedY":-22,"actualX":5.5,"actualY":-22,"sensitivity":0.738,"currentZoomForScroll":2.579603759066714,"maxScrollStepX":22,"maxScrollStepY":22,"diagonalEvents":2,"clippedEvents":0}
[DebugBridge +28425.8ms] wheel_scroll_motion {"eventCount":2,"rawAbsX":4,"rawAbsY":44,"rawX":4,"rawY":-44,"clippedAbsX":4,"clippedAbsY":44,"clippedX":4,"clippedY":-44,"requestedAppliedX":2.952,"requestedAppliedY":-32.472,"appliedX":2.952,"appliedY":-22,"actualX":2.5,"actualY":-22,"sensitivity":0.738,"currentZoomForScroll":2.579603759066714,"maxScrollStepX":22,"maxScrollStepY":22,"diagonalEvents":2,"clippedEvents":0}
[DebugBridge +28433.1ms] wheel_scroll_motion {"eventCount":1,"rawAbsX":4,"rawAbsY":42,"rawX":4,"rawY":-42,"clippedAbsX":4,"clippedAbsY":29.8857897496786,"clippedX":4,"clippedY":-29.8857897496786,"requestedAppliedX":2.6568,"requestedAppliedY":-19.850141551736527,"appliedX":2.6568,"appliedY":-19.850141551736527,"actualX":2.5,"actualY":-20,"sensitivity":0.6642,"currentZoomForScroll":2.579603759066714,"maxScrollStepX":22,"maxScrollStepY":22,"diagonalEvents":1,"clippedEvents":1}
[DebugBridge +28442.6ms] wheel_scroll_motion {"eventCount":1,"rawAbsX":4,"rawAbsY":40,"rawX":-4,"rawY":-40,"clippedAbsX":4,"clippedAbsY":29.8857897496786,"clippedX":-4,"clippedY":-29.8857897496786,"requestedAppliedX":-2.6568,"requestedAppliedY":-19.850141551736527,"appliedX":-2.6568,"appliedY":-19.850141551736527,"actualX":-3,"actualY":-20,"sensitivity":0.6642,"currentZoomForScroll":2.579603759066714,"maxScrollStepX":22,"maxScrollStepY":22,"diagonalEvents":1,"clippedEvents":1}
[DebugBridge +28449.8ms] wheel_scroll_motion {"eventCount":1,"rawAbsX":6,"rawAbsY":34,"rawX":-6,"rawY":-34,"clippedAbsX":6,"clippedAbsY":29.8857897496786,"clippedX":-6,"clippedY":-29.8857897496786,"requestedAppliedX":-3.9852,"requestedAppliedY":-19.850141551736527,"appliedX":-3.9852,"appliedY":-19.850141551736527,"actualX":-4,"actualY":-20,"sensitivity":0.6642,"currentZoomForScroll":2.579603759066714,"maxScrollStepX":22,"maxScrollStepY":22,"diagonalEvents":1,"clippedEvents":1}
[DebugBridge +28458.7ms] wheel_scroll_motion {"eventCount":1,"rawAbsX":8,"rawAbsY":30,"rawX":-8,"rawY":-30,"clippedAbsX":8,"clippedAbsY":29.8857897496786,"clippedX":-8,"clippedY":-29.8857897496786,"requestedAppliedX":-5.3136,"requestedAppliedY":-19.850141551736527,"appliedX":-5.3136,"appliedY":-19.850141551736527,"actualX":-5.5,"actualY":-20,"sensitivity":0.6642,"currentZoomForScroll":2.579603759066714,"maxScrollStepX":22,"maxScrollStepY":22,"diagonalEvents":1,"clippedEvents":1}
[DebugBridge +28467.2ms] wheel_scroll_motion {"eventCount":2,"rawAbsX":14,"rawAbsY":26,"rawX":-14,"rawY":-26,"clippedAbsX":14,"clippedAbsY":26,"clippedX":-14,"clippedY":-26,"requestedAppliedX":-10.332,"requestedAppliedY":-19.188,"appliedX":-10.332,"appliedY":-19.188,"actualX":-10.5,"actualY":-19.5,"sensitivity":0.738,"currentZoomForScroll":2.579603759066714,"maxScrollStepX":22,"maxScrollStepY":22,"diagonalEvents":2,"clippedEvents":0}
[DebugBridge +28475.6ms] wheel_scroll_motion {"eventCount":2,"rawAbsX":14,"rawAbsY":14,"rawX":-14,"rawY":-14,"clippedAbsX":14,"clippedAbsY":14,"clippedX":-14,"clippedY":-14,"requestedAppliedX":-10.332,"requestedAppliedY":-10.332,"appliedX":-10.332,"appliedY":-10.332,"actualX":-10.5,"actualY":-10.5,"sensitivity":0.738,"currentZoomForScroll":2.579603759066714,"maxScrollStepX":22,"maxScrollStepY":22,"diagonalEvents":2,"clippedEvents":0}
[DebugBridge +28485.3ms] wheel_scroll_motion {"eventCount":2,"rawAbsX":24,"rawAbsY":18,"rawX":-24,"rawY":-18,"clippedAbsX":24,"clippedAbsY":18,"clippedX":-24,"clippedY":-18,"requestedAppliedX":-17.712,"requestedAppliedY":-13.283999999999999,"appliedX":-17.712,"appliedY":-13.283999999999999,"actualX":-18,"actualY":-13.5,"sensitivity":0.738,"currentZoomForScroll":2.579603759066714,"maxScrollStepX":22,"maxScrollStepY":22,"diagonalEvents":2,"clippedEvents":0}
[DebugBridge +28492.9ms] wheel_scroll_motion {"eventCount":2,"rawAbsX":38,"rawAbsY":14,"rawX":-38,"rawY":-14,"clippedAbsX":38,"clippedAbsY":14,"clippedX":-38,"clippedY":-14,"requestedAppliedX":-28.044,"requestedAppliedY":-10.332,"appliedX":-22,"appliedY":-10.332,"actualX":-22,"actualY":-10.5,"sensitivity":0.738,"currentZoomForScroll":2.579603759066714,"maxScrollStepX":22,"maxScrollStepY":22,"diagonalEvents":2,"clippedEvents":0}
[DebugBridge +28501.1ms] wheel_scroll_motion {"eventCount":1,"rawAbsX":14,"rawAbsY":2,"rawX":-14,"rawY":-2,"clippedAbsX":14,"clippedAbsY":2,"clippedX":-14,"clippedY":-2,"requestedAppliedX":-10.332,"requestedAppliedY":-1.476,"appliedX":-10.332,"appliedY":-1.476,"actualX":-10.5,"actualY":-1.5,"sensitivity":0.738,"currentZoomForScroll":2.579603759066714,"maxScrollStepX":22,"maxScrollStepY":22,"diagonalEvents":1,"clippedEvents":0}
[DebugBridge +28509.1ms] wheel_scroll_motion {"eventCount":1,"rawAbsX":30,"rawAbsY":2,"rawX":-30,"rawY":-2,"clippedAbsX":29.8857897496786,"clippedAbsY":2,"clippedX":-29.8857897496786,"clippedY":-2,"requestedAppliedX":-19.850141551736527,"requestedAppliedY":-1.3284,"appliedX":-19.850141551736527,"appliedY":-1.3284,"actualX":-20,"actualY":-1.5,"sensitivity":0.6642,"currentZoomForScroll":2.579603759066714,"maxScrollStepX":22,"maxScrollStepY":22,"diagonalEvents":1,"clippedEvents":1}
[DebugBridge +28519.4ms] wheel_scroll_motion {"eventCount":1,"rawAbsX":30,"rawAbsY":2,"rawX":-30,"rawY":2,"clippedAbsX":29.8857897496786,"clippedAbsY":2,"clippedX":-29.8857897496786,"clippedY":2,"requestedAppliedX":-19.850141551736527,"requestedAppliedY":1.3284,"appliedX":-19.850141551736527,"appliedY":1.3284,"actualX":-20,"actualY":1,"sensitivity":0.6642,"currentZoomForScroll":2.579603759066714,"maxScrollStepX":22,"maxScrollStepY":22,"diagonalEvents":1,"clippedEvents":1}
[DebugBridge +28525.9ms] wheel_scroll_motion {"eventCount":1,"rawAbsX":30,"rawAbsY":4,"rawX":-30,"rawY":4,"clippedAbsX":29.8857897496786,"clippedAbsY":4,"clippedX":-29.8857897496786,"clippedY":4,"requestedAppliedX":-19.850141551736527,"requestedAppliedY":2.6568,"appliedX":-19.850141551736527,"appliedY":2.6568,"actualX":-20,"actualY":2.5,"sensitivity":0.6642,"currentZoomForScroll":2.579603759066714,"maxScrollStepX":22,"maxScrollStepY":22,"diagonalEvents":1,"clippedEvents":1}
[DebugBridge +28558.8ms] wheel_scroll_motion {"eventCount":1,"rawAbsX":120,"rawAbsY":66,"rawX":-120,"rawY":66,"clippedAbsX":29.8857897496786,"clippedAbsY":29.8857897496786,"clippedX":-29.8857897496786,"clippedY":29.8857897496786,"requestedAppliedX":-19.850141551736527,"requestedAppliedY":19.850141551736527,"appliedX":-19.850141551736527,"appliedY":19.850141551736527,"actualX":-20,"actualY":19.5,"sensitivity":0.6642,"currentZoomForScroll":2.579603759066714,"maxScrollStepX":22,"maxScrollStepY":22,"diagonalEvents":1,"clippedEvents":1}
[DebugBridge +28567.5ms] wheel_scroll_motion {"eventCount":3,"rawAbsX":22,"rawAbsY":32,"rawX":-22,"rawY":32,"clippedAbsX":22,"clippedAbsY":32,"clippedX":-22,"clippedY":32,"requestedAppliedX":-16.236,"requestedAppliedY":23.616,"appliedX":-16.236,"appliedY":22,"actualX":-16.5,"actualY":22,"sensitivity":0.738,"currentZoomForScroll":2.579603759066714,"maxScrollStepX":22,"maxScrollStepY":22,"diagonalEvents":3,"clippedEvents":0}
[DebugBridge +28575.3ms] wheel_scroll_motion {"eventCount":1,"rawAbsX":6,"rawAbsY":14,"rawX":-6,"rawY":14,"clippedAbsX":6,"clippedAbsY":14,"clippedX":-6,"clippedY":14,"requestedAppliedX":-4.428,"requestedAppliedY":10.332,"appliedX":-4.428,"appliedY":10.332,"actualX":-4.5,"actualY":10,"sensitivity":0.738,"currentZoomForScroll":2.579603759066714,"maxScrollStepX":22,"maxScrollStepY":22,"diagonalEvents":1,"clippedEvents":0}
[DebugBridge +28583.5ms] wheel_scroll_motion {"eventCount":2,"rawAbsX":6,"rawAbsY":24,"rawX":-6,"rawY":24,"clippedAbsX":6,"clippedAbsY":24,"clippedX":-6,"clippedY":24,"requestedAppliedX":-4.428,"requestedAppliedY":17.712,"appliedX":-4.428,"appliedY":17.712,"actualX":-4.5,"actualY":17.5,"sensitivity":0.738,"currentZoomForScroll":2.579603759066714,"maxScrollStepX":22,"maxScrollStepY":22,"diagonalEvents":2,"clippedEvents":0}
[DebugBridge +28593.1ms] wheel_scroll_motion {"eventCount":2,"rawAbsX":4,"rawAbsY":30,"rawX":-4,"rawY":30,"clippedAbsX":4,"clippedAbsY":30,"clippedX":-4,"clippedY":30,"requestedAppliedX":-2.952,"requestedAppliedY":22.14,"appliedX":-2.952,"appliedY":22,"actualX":-3,"actualY":22,"sensitivity":0.738,"currentZoomForScroll":2.579603759066714,"maxScrollStepX":22,"maxScrollStepY":22,"diagonalEvents":2,"clippedEvents":0}
[DebugBridge +28601.1ms] wheel_scroll_motion {"eventCount":2,"rawAbsX":2,"rawAbsY":30,"rawX":-2,"rawY":30,"clippedAbsX":2,"clippedAbsY":30,"clippedX":-2,"clippedY":30,"requestedAppliedX":-1.476,"requestedAppliedY":24.108,"appliedX":-1.476,"appliedY":22,"actualX":-1.5,"actualY":22,"sensitivity":0.82,"currentZoomForScroll":2.579603759066714,"maxScrollStepX":22,"maxScrollStepY":22,"diagonalEvents":1,"clippedEvents":0}
[DebugBridge +28609.2ms] wheel_scroll_motion {"eventCount":2,"rawAbsX":4,"rawAbsY":28,"rawX":4,"rawY":28,"clippedAbsX":4,"clippedAbsY":28,"clippedX":4,"clippedY":28,"requestedAppliedX":2.952,"requestedAppliedY":20.992,"appliedX":2.952,"appliedY":20.992,"actualX":2.5,"actualY":20.5,"sensitivity":0.738,"currentZoomForScroll":2.579603759066714,"maxScrollStepX":22,"maxScrollStepY":22,"diagonalEvents":1,"clippedEvents":0}
[DebugBridge +28618.6ms] wheel_scroll_motion {"eventCount":2,"rawAbsX":10,"rawAbsY":32,"rawX":10,"rawY":32,"clippedAbsX":10,"clippedAbsY":32,"clippedX":10,"clippedY":32,"requestedAppliedX":7.38,"requestedAppliedY":23.616,"appliedX":7.38,"appliedY":22,"actualX":7,"actualY":22,"sensitivity":0.738,"currentZoomForScroll":2.579603759066714,"maxScrollStepX":22,"maxScrollStepY":22,"diagonalEvents":2,"clippedEvents":0}
[DebugBridge +28626.2ms] wheel_scroll_motion {"eventCount":1,"rawAbsX":12,"rawAbsY":30,"rawX":12,"rawY":30,"clippedAbsX":12,"clippedAbsY":29.8857897496786,"clippedX":12,"clippedY":29.8857897496786,"requestedAppliedX":7.9704,"requestedAppliedY":19.850141551736527,"appliedX":7.9704,"appliedY":19.850141551736527,"actualX":7.5,"actualY":19.5,"sensitivity":0.6642,"currentZoomForScroll":2.579603759066714,"maxScrollStepX":22,"maxScrollStepY":22,"diagonalEvents":1,"clippedEvents":1}
[DebugBridge +28634.4ms] wheel_scroll_motion {"eventCount":2,"rawAbsX":22,"rawAbsY":34,"rawX":22,"rawY":34,"clippedAbsX":22,"clippedAbsY":34,"clippedX":22,"clippedY":34,"requestedAppliedX":16.236,"requestedAppliedY":25.092,"appliedX":16.236,"appliedY":22,"actualX":16,"actualY":22,"sensitivity":0.738,"currentZoomForScroll":2.579603759066714,"maxScrollStepX":22,"maxScrollStepY":22,"diagonalEvents":2,"clippedEvents":0}
[DebugBridge +28641.6ms] wheel_scroll_motion {"eventCount":1,"rawAbsX":20,"rawAbsY":20,"rawX":20,"rawY":20,"clippedAbsX":20,"clippedAbsY":20,"clippedX":20,"clippedY":20,"requestedAppliedX":14.76,"requestedAppliedY":14.76,"appliedX":14.76,"appliedY":14.76,"actualX":14.5,"actualY":14.5,"sensitivity":0.738,"currentZoomForScroll":2.579603759066714,"maxScrollStepX":22,"maxScrollStepY":22,"diagonalEvents":1,"clippedEvents":0}
[DebugBridge +28651.3ms] wheel_scroll_motion {"eventCount":1,"rawAbsX":28,"rawAbsY":18,"rawX":28,"rawY":18,"clippedAbsX":28,"clippedAbsY":18,"clippedX":28,"clippedY":18,"requestedAppliedX":20.664,"requestedAppliedY":13.283999999999999,"appliedX":20.664,"appliedY":13.283999999999999,"actualX":20.5,"actualY":13,"sensitivity":0.738,"currentZoomForScroll":2.579603759066714,"maxScrollStepX":22,"maxScrollStepY":22,"diagonalEvents":1,"clippedEvents":0}
[DebugBridge +28659.2ms] wheel_scroll_motion {"eventCount":2,"rawAbsX":32,"rawAbsY":14,"rawX":32,"rawY":14,"clippedAbsX":32,"clippedAbsY":14,"clippedX":32,"clippedY":14,"requestedAppliedX":23.616,"requestedAppliedY":10.332,"appliedX":22,"appliedY":10.332,"actualX":22,"actualY":10,"sensitivity":0.738,"currentZoomForScroll":2.579603759066714,"maxScrollStepX":22,"maxScrollStepY":22,"diagonalEvents":2,"clippedEvents":0}
[DebugBridge +28668.6ms] wheel_scroll_motion {"eventCount":2,"rawAbsX":36,"rawAbsY":10,"rawX":36,"rawY":10,"clippedAbsX":36,"clippedAbsY":10,"clippedX":36,"clippedY":10,"requestedAppliedX":26.568,"requestedAppliedY":7.38,"appliedX":22,"appliedY":7.38,"actualX":22,"actualY":7,"sensitivity":0.738,"currentZoomForScroll":2.579603759066714,"maxScrollStepX":22,"maxScrollStepY":22,"diagonalEvents":2,"clippedEvents":0}
[DebugBridge +28676.5ms] wheel_scroll_motion {"eventCount":2,"rawAbsX":36,"rawAbsY":4,"rawX":36,"rawY":4,"clippedAbsX":36,"clippedAbsY":4,"clippedX":36,"clippedY":4,"requestedAppliedX":26.568,"requestedAppliedY":2.952,"appliedX":22,"appliedY":2.952,"actualX":22,"actualY":2.5,"sensitivity":0.738,"currentZoomForScroll":2.579603759066714,"maxScrollStepX":22,"maxScrollStepY":22,"diagonalEvents":2,"clippedEvents":0}
[DebugBridge +28684.7ms] wheel_scroll_motion {"eventCount":2,"rawAbsX":38,"rawAbsY":4,"rawX":38,"rawY":4,"clippedAbsX":38,"clippedAbsY":4,"clippedX":38,"clippedY":4,"requestedAppliedX":28.044,"requestedAppliedY":2.952,"appliedX":22,"appliedY":2.952,"actualX":22,"actualY":2.5,"sensitivity":0.738,"currentZoomForScroll":2.579603759066714,"maxScrollStepX":22,"maxScrollStepY":22,"diagonalEvents":2,"clippedEvents":0}
[DebugBridge +28692.4ms] wheel_scroll_motion {"eventCount":2,"rawAbsX":36,"rawAbsY":6,"rawX":36,"rawY":-6,"clippedAbsX":36,"clippedAbsY":6,"clippedX":36,"clippedY":-6,"requestedAppliedX":26.567999999999998,"requestedAppliedY":-4.428,"appliedX":22,"appliedY":-4.428,"actualX":22,"actualY":-4.5,"sensitivity":0.738,"currentZoomForScroll":2.579603759066714,"maxScrollStepX":22,"maxScrollStepY":22,"diagonalEvents":2,"clippedEvents":0}
[DebugBridge +28702.1ms] wheel_scroll_motion {"eventCount":2,"rawAbsX":34,"rawAbsY":10,"rawX":34,"rawY":-10,"clippedAbsX":34,"clippedAbsY":10,"clippedX":34,"clippedY":-10,"requestedAppliedX":25.092,"requestedAppliedY":-7.38,"appliedX":22,"appliedY":-7.38,"actualX":22,"actualY":-7.5,"sensitivity":0.738,"currentZoomForScroll":2.579603759066714,"maxScrollStepX":22,"maxScrollStepY":22,"diagonalEvents":2,"clippedEvents":0}
[DebugBridge +28708.6ms] wheel_scroll_motion {"eventCount":2,"rawAbsX":38,"rawAbsY":20,"rawX":38,"rawY":-20,"clippedAbsX":38,"clippedAbsY":20,"clippedX":38,"clippedY":-20,"requestedAppliedX":28.044,"requestedAppliedY":-14.760000000000002,"appliedX":22,"appliedY":-14.760000000000002,"actualX":22,"actualY":-15,"sensitivity":0.738,"currentZoomForScroll":2.579603759066714,"maxScrollStepX":22,"maxScrollStepY":22,"diagonalEvents":2,"clippedEvents":0}
[DebugBridge +28716.7ms] wheel_scroll_motion {"eventCount":2,"rawAbsX":22,"rawAbsY":22,"rawX":22,"rawY":-22,"clippedAbsX":22,"clippedAbsY":22,"clippedX":22,"clippedY":-22,"requestedAppliedX":16.236,"requestedAppliedY":-16.236,"appliedX":16.236,"appliedY":-16.236,"actualX":16,"actualY":-16.5,"sensitivity":0.738,"currentZoomForScroll":2.579603759066714,"maxScrollStepX":22,"maxScrollStepY":22,"diagonalEvents":2,"clippedEvents":0}
[DebugBridge +28727.2ms] wheel_scroll_motion {"eventCount":2,"rawAbsX":20,"rawAbsY":28,"rawX":20,"rawY":-28,"clippedAbsX":20,"clippedAbsY":28,"clippedX":20,"clippedY":-28,"requestedAppliedX":14.76,"requestedAppliedY":-20.664,"appliedX":14.76,"appliedY":-20.664,"actualX":14.5,"actualY":-21,"sensitivity":0.738,"currentZoomForScroll":2.579603759066714,"maxScrollStepX":22,"maxScrollStepY":22,"diagonalEvents":2,"clippedEvents":0}
[DebugBridge +28734.3ms] wheel_scroll_motion {"eventCount":2,"rawAbsX":20,"rawAbsY":42,"rawX":20,"rawY":-42,"clippedAbsX":20,"clippedAbsY":35.8857897496786,"clippedX":20,"clippedY":-35.8857897496786,"requestedAppliedX":13.5792,"requestedAppliedY":-24.278141551736528,"appliedX":13.5792,"appliedY":-22,"actualX":13.5,"actualY":-22,"sensitivity":0.738,"currentZoomForScroll":2.579603759066714,"maxScrollStepX":22,"maxScrollStepY":22,"diagonalEvents":2,"clippedEvents":1}
[DebugBridge +28743.9ms] wheel_scroll_motion {"eventCount":2,"rawAbsX":12,"rawAbsY":42,"rawX":12,"rawY":-42,"clippedAbsX":12,"clippedAbsY":33.8857897496786,"clippedX":12,"clippedY":-33.8857897496786,"requestedAppliedX":8.118,"requestedAppliedY":-22.802141551736526,"appliedX":8.118,"appliedY":-22,"actualX":8,"actualY":-22,"sensitivity":0.738,"currentZoomForScroll":2.579603759066714,"maxScrollStepX":22,"maxScrollStepY":22,"diagonalEvents":2,"clippedEvents":1}
[DebugBridge +28750.7ms] wheel_scroll_motion {"eventCount":2,"rawAbsX":6,"rawAbsY":52,"rawX":6,"rawY":-52,"clippedAbsX":6,"clippedAbsY":49.8857897496786,"clippedX":6,"clippedY":-49.8857897496786,"requestedAppliedX":4.1328,"requestedAppliedY":-34.610141551736525,"appliedX":4.1328,"appliedY":-22,"actualX":4,"actualY":-22,"sensitivity":0.738,"currentZoomForScroll":2.579603759066714,"maxScrollStepX":22,"maxScrollStepY":22,"diagonalEvents":2,"clippedEvents":1}
[DebugBridge +28757.8ms] wheel_scroll_motion {"eventCount":1,"rawAbsX":2,"rawAbsY":20,"rawX":2,"rawY":-20,"clippedAbsX":2,"clippedAbsY":20,"clippedX":2,"clippedY":-20,"requestedAppliedX":1.476,"requestedAppliedY":-14.76,"appliedX":1.476,"appliedY":-14.76,"actualX":1,"actualY":-15,"sensitivity":0.738,"currentZoomForScroll":2.579603759066714,"maxScrollStepX":22,"maxScrollStepY":22,"diagonalEvents":1,"clippedEvents":0}
[DebugBridge +28800.6ms] wheel_scroll_motion {"eventCount":3,"rawAbsX":72,"rawAbsY":178,"rawX":-72,"rawY":-178,"clippedAbsX":55.8857897496786,"clippedAbsY":45.8857897496786,"clippedX":-55.8857897496786,"clippedY":-45.8857897496786,"requestedAppliedX":-39.03814155173653,"requestedAppliedY":-31.658141551736527,"appliedX":-22,"appliedY":-22,"actualX":-22,"actualY":-22,"sensitivity":0.738,"currentZoomForScroll":2.579603759066714,"maxScrollStepX":22,"maxScrollStepY":22,"diagonalEvents":3,"clippedEvents":1}
[DebugBridge +28808.4ms] wheel_scroll_motion {"eventCount":1,"rawAbsX":24,"rawAbsY":10,"rawX":-24,"rawY":-10,"clippedAbsX":24,"clippedAbsY":10,"clippedX":-24,"clippedY":-10,"requestedAppliedX":-17.712,"requestedAppliedY":-7.38,"appliedX":-17.712,"appliedY":-7.38,"actualX":-18,"actualY":-7.5,"sensitivity":0.738,"currentZoomForScroll":2.579603759066714,"maxScrollStepX":22,"maxScrollStepY":22,"diagonalEvents":1,"clippedEvents":0}
[DebugBridge +28817.3ms] wheel_scroll_motion {"eventCount":2,"rawAbsX":38,"rawAbsY":10,"rawX":-38,"rawY":-10,"clippedAbsX":38,"clippedAbsY":10,"clippedX":-38,"clippedY":-10,"requestedAppliedX":-28.043999999999997,"requestedAppliedY":-7.38,"appliedX":-22,"appliedY":-7.38,"actualX":-22,"actualY":-7.5,"sensitivity":0.738,"currentZoomForScroll":2.579603759066714,"maxScrollStepX":22,"maxScrollStepY":22,"diagonalEvents":2,"clippedEvents":0}
[DebugBridge +28825.8ms] wheel_scroll_motion {"eventCount":2,"rawAbsX":42,"rawAbsY":4,"rawX":-42,"rawY":-4,"clippedAbsX":41.8857897496786,"clippedAbsY":4,"clippedX":-41.8857897496786,"clippedY":-4,"requestedAppliedX":-28.70614155173653,"requestedAppliedY":-2.8044000000000002,"appliedX":-22,"appliedY":-2.8044000000000002,"actualX":-22,"actualY":-3,"sensitivity":0.6642,"currentZoomForScroll":2.579603759066714,"maxScrollStepX":22,"maxScrollStepY":22,"diagonalEvents":2,"clippedEvents":1}
[DebugBridge +28834.5ms] wheel_scroll_motion {"eventCount":2,"rawAbsX":50,"rawAbsY":4,"rawX":-50,"rawY":-4,"clippedAbsX":41.8857897496786,"clippedAbsY":4,"clippedX":-41.8857897496786,"clippedY":-4,"requestedAppliedX":-28.70614155173653,"requestedAppliedY":-2.8044000000000002,"appliedX":-22,"appliedY":-2.8044000000000002,"actualX":-22,"actualY":-3,"sensitivity":0.6642,"currentZoomForScroll":2.579603759066714,"maxScrollStepX":22,"maxScrollStepY":22,"diagonalEvents":2,"clippedEvents":1}
[DebugBridge +28842.1ms] wheel_scroll_motion {"eventCount":2,"rawAbsX":44,"rawAbsY":4,"rawX":-44,"rawY":0,"clippedAbsX":44,"clippedAbsY":4,"clippedX":-44,"clippedY":0,"requestedAppliedX":-32.472,"requestedAppliedY":0,"appliedX":-22,"appliedY":0,"actualX":-22,"actualY":0,"sensitivity":0.738,"currentZoomForScroll":2.579603759066714,"maxScrollStepX":22,"maxScrollStepY":22,"diagonalEvents":2,"clippedEvents":0}
[DebugBridge +28851.2ms] wheel_scroll_motion {"eventCount":2,"rawAbsX":28,"rawAbsY":4,"rawX":-28,"rawY":4,"clippedAbsX":28,"clippedAbsY":4,"clippedX":-28,"clippedY":4,"requestedAppliedX":-20.664,"requestedAppliedY":2.952,"appliedX":-20.664,"appliedY":2.952,"actualX":-21,"actualY":2.5,"sensitivity":0.738,"currentZoomForScroll":2.579603759066714,"maxScrollStepX":22,"maxScrollStepY":22,"diagonalEvents":2,"clippedEvents":0}
[DebugBridge +28858.6ms] wheel_scroll_motion {"eventCount":2,"rawAbsX":38,"rawAbsY":6,"rawX":-38,"rawY":6,"clippedAbsX":37.8857897496786,"clippedAbsY":6,"clippedX":-37.8857897496786,"clippedY":6,"requestedAppliedX":-25.754141551736527,"requestedAppliedY":4.1328,"appliedX":-22,"appliedY":4.1328,"actualX":-22,"actualY":4,"sensitivity":0.6642,"currentZoomForScroll":2.579603759066714,"maxScrollStepX":22,"maxScrollStepY":22,"diagonalEvents":2,"clippedEvents":1}
[DebugBridge +28868.4ms] wheel_scroll_motion {"eventCount":2,"rawAbsX":30,"rawAbsY":6,"rawX":-30,"rawY":6,"clippedAbsX":30,"clippedAbsY":6,"clippedX":-30,"clippedY":6,"requestedAppliedX":-22.14,"requestedAppliedY":4.428,"appliedX":-22,"appliedY":4.428,"actualX":-22,"actualY":4,"sensitivity":0.738,"currentZoomForScroll":2.579603759066714,"maxScrollStepX":22,"maxScrollStepY":22,"diagonalEvents":2,"clippedEvents":0}
[DebugBridge +28875.0ms] wheel_scroll_motion {"eventCount":2,"rawAbsX":22,"rawAbsY":6,"rawX":-22,"rawY":6,"clippedAbsX":22,"clippedAbsY":6,"clippedX":-22,"clippedY":6,"requestedAppliedX":-16.236,"requestedAppliedY":4.428,"appliedX":-16.236,"appliedY":4.428,"actualX":-16.5,"actualY":4,"sensitivity":0.738,"currentZoomForScroll":2.579603759066714,"maxScrollStepX":22,"maxScrollStepY":22,"diagonalEvents":2,"clippedEvents":0}
[DebugBridge +28883.5ms] wheel_scroll_motion {"eventCount":2,"rawAbsX":22,"rawAbsY":4,"rawX":-22,"rawY":4,"clippedAbsX":22,"clippedAbsY":4,"clippedX":-22,"clippedY":4,"requestedAppliedX":-16.236,"requestedAppliedY":2.952,"appliedX":-16.236,"appliedY":2.952,"actualX":-16.5,"actualY":2.5,"sensitivity":0.738,"currentZoomForScroll":2.579603759066714,"maxScrollStepX":22,"maxScrollStepY":22,"diagonalEvents":2,"clippedEvents":0}
[DebugBridge +28892.9ms] wheel_scroll_motion {"eventCount":1,"rawAbsX":8,"rawAbsY":2,"rawX":-8,"rawY":2,"clippedAbsX":8,"clippedAbsY":2,"clippedX":-8,"clippedY":2,"requestedAppliedX":-5.904,"requestedAppliedY":1.476,"appliedX":-5.904,"appliedY":1.476,"actualX":-6,"actualY":1,"sensitivity":0.738,"currentZoomForScroll":2.579603759066714,"maxScrollStepX":22,"maxScrollStepY":22,"diagonalEvents":1,"clippedEvents":0}
[DebugBridge +28900.7ms] wheel_scroll_motion {"eventCount":1,"rawAbsX":12,"rawAbsY":4,"rawX":-12,"rawY":4,"clippedAbsX":12,"clippedAbsY":4,"clippedX":-12,"clippedY":4,"requestedAppliedX":-8.856,"requestedAppliedY":2.952,"appliedX":-8.856,"appliedY":2.952,"actualX":-9,"actualY":2.5,"sensitivity":0.738,"currentZoomForScroll":2.579603759066714,"maxScrollStepX":22,"maxScrollStepY":22,"diagonalEvents":1,"clippedEvents":0}
[DebugBridge +28909.1ms] wheel_scroll_motion {"eventCount":1,"rawAbsX":8,"rawAbsY":2,"rawX":-8,"rawY":2,"clippedAbsX":8,"clippedAbsY":2,"clippedX":-8,"clippedY":2,"requestedAppliedX":-5.904,"requestedAppliedY":1.476,"appliedX":-5.904,"appliedY":1.476,"actualX":-6,"actualY":1,"sensitivity":0.738,"currentZoomForScroll":2.579603759066714,"maxScrollStepX":22,"maxScrollStepY":22,"diagonalEvents":1,"clippedEvents":0}
[DebugBridge +28917.4ms] wheel_scroll_motion {"eventCount":2,"rawAbsX":10,"rawAbsY":4,"rawX":-10,"rawY":4,"clippedAbsX":10,"clippedAbsY":4,"clippedX":-10,"clippedY":4,"requestedAppliedX":-7.38,"requestedAppliedY":2.952,"appliedX":-7.38,"appliedY":2.952,"actualX":-7.5,"actualY":2.5,"sensitivity":0.738,"currentZoomForScroll":2.579603759066714,"maxScrollStepX":22,"maxScrollStepY":22,"diagonalEvents":2,"clippedEvents":0}
[DebugBridge +28925.5ms] wheel_scroll_motion {"eventCount":2,"rawAbsX":4,"rawAbsY":0,"rawX":-4,"rawY":0,"clippedAbsX":4,"clippedAbsY":0,"clippedX":-4,"clippedY":0,"requestedAppliedX":-3.28,"requestedAppliedY":0,"appliedX":-3.28,"appliedY":0,"actualX":-3.5,"actualY":0,"sensitivity":0.82,"currentZoomForScroll":2.579603759066714,"maxScrollStepX":22,"maxScrollStepY":22,"diagonalEvents":0,"clippedEvents":0}
[DebugBridge +28941.2ms] wheel_scroll_motion {"eventCount":1,"rawAbsX":2,"rawAbsY":0,"rawX":2,"rawY":0,"clippedAbsX":2,"clippedAbsY":0,"clippedX":2,"clippedY":0,"requestedAppliedX":1.64,"requestedAppliedY":0,"appliedX":1.64,"appliedY":0,"actualX":1.5,"actualY":0,"sensitivity":0.82,"currentZoomForScroll":2.579603759066714,"maxScrollStepX":22,"maxScrollStepY":22,"diagonalEvents":0,"clippedEvents":0}
[DebugBridge +28949.8ms] wheel_scroll_motion {"eventCount":2,"rawAbsX":16,"rawAbsY":6,"rawX":16,"rawY":-6,"clippedAbsX":16,"clippedAbsY":6,"clippedX":16,"clippedY":-6,"requestedAppliedX":11.808,"requestedAppliedY":-4.428,"appliedX":11.808,"appliedY":-4.428,"actualX":11.5,"actualY":-4.5,"sensitivity":0.738,"currentZoomForScroll":2.579603759066714,"maxScrollStepX":22,"maxScrollStepY":22,"diagonalEvents":2,"clippedEvents":0}
[DebugBridge +28960.2ms] wheel_scroll_motion {"eventCount":2,"rawAbsX":32,"rawAbsY":6,"rawX":32,"rawY":-6,"clippedAbsX":32,"clippedAbsY":6,"clippedX":32,"clippedY":-6,"requestedAppliedX":23.616,"requestedAppliedY":-4.428,"appliedX":22,"appliedY":-4.428,"actualX":22,"actualY":-4.5,"sensitivity":0.738,"currentZoomForScroll":2.579603759066714,"maxScrollStepX":22,"maxScrollStepY":22,"diagonalEvents":2,"clippedEvents":0}
[DebugBridge +28968.5ms] wheel_scroll_motion {"eventCount":2,"rawAbsX":44,"rawAbsY":6,"rawX":44,"rawY":-6,"clippedAbsX":41.8857897496786,"clippedAbsY":6,"clippedX":41.8857897496786,"clippedY":-6,"requestedAppliedX":28.70614155173653,"requestedAppliedY":-4.1328,"appliedX":22,"appliedY":-4.1328,"actualX":22,"actualY":-4.5,"sensitivity":0.738,"currentZoomForScroll":2.579603759066714,"maxScrollStepX":22,"maxScrollStepY":22,"diagonalEvents":2,"clippedEvents":1}
[DebugBridge +28976.7ms] wheel_scroll_motion {"eventCount":2,"rawAbsX":46,"rawAbsY":6,"rawX":46,"rawY":-6,"clippedAbsX":39.8857897496786,"clippedAbsY":6,"clippedX":39.8857897496786,"clippedY":-6,"requestedAppliedX":27.230141551736526,"requestedAppliedY":-4.1328,"appliedX":22,"appliedY":-4.1328,"actualX":22,"actualY":-4.5,"sensitivity":0.738,"currentZoomForScroll":2.579603759066714,"maxScrollStepX":22,"maxScrollStepY":22,"diagonalEvents":2,"clippedEvents":1}
[DebugBridge +28984.6ms] wheel_scroll_motion {"eventCount":2,"rawAbsX":40,"rawAbsY":4,"rawX":40,"rawY":-4,"clippedAbsX":37.8857897496786,"clippedAbsY":4,"clippedX":37.8857897496786,"clippedY":-4,"requestedAppliedX":25.754141551736527,"requestedAppliedY":-2.8044000000000002,"appliedX":22,"appliedY":-2.8044000000000002,"actualX":22,"actualY":-3,"sensitivity":0.738,"currentZoomForScroll":2.579603759066714,"maxScrollStepX":22,"maxScrollStepY":22,"diagonalEvents":2,"clippedEvents":1}
[DebugBridge +28994.3ms] wheel_scroll_motion {"eventCount":2,"rawAbsX":50,"rawAbsY":6,"rawX":50,"rawY":-6,"clippedAbsX":37.8857897496786,"clippedAbsY":6,"clippedX":37.8857897496786,"clippedY":-6,"requestedAppliedX":25.754141551736527,"requestedAppliedY":-4.1328,"appliedX":22,"appliedY":-4.1328,"actualX":22,"actualY":-4.5,"sensitivity":0.738,"currentZoomForScroll":2.579603759066714,"maxScrollStepX":22,"maxScrollStepY":22,"diagonalEvents":2,"clippedEvents":1}
[DebugBridge +29001.5ms] wheel_scroll_motion {"eventCount":1,"rawAbsX":46,"rawAbsY":2,"rawX":46,"rawY":-2,"clippedAbsX":29.8857897496786,"clippedAbsY":2,"clippedX":29.8857897496786,"clippedY":-2,"requestedAppliedX":19.850141551736527,"requestedAppliedY":-1.3284,"appliedX":19.850141551736527,"appliedY":-1.3284,"actualX":19.5,"actualY":-1.5,"sensitivity":0.6642,"currentZoomForScroll":2.579603759066714,"maxScrollStepX":22,"maxScrollStepY":22,"diagonalEvents":1,"clippedEvents":1}
[DebugBridge +29033.3ms] wheel_scroll_motion {"eventCount":1,"rawAbsX":152,"rawAbsY":10,"rawX":152,"rawY":10,"clippedAbsX":29.8857897496786,"clippedAbsY":10,"clippedX":29.8857897496786,"clippedY":10,"requestedAppliedX":19.850141551736527,"requestedAppliedY":6.642,"appliedX":19.850141551736527,"appliedY":6.642,"actualX":19.5,"actualY":6.5,"sensitivity":0.6642,"currentZoomForScroll":2.579603759066714,"maxScrollStepX":22,"maxScrollStepY":22,"diagonalEvents":1,"clippedEvents":1}
[DebugBridge +29117.6ms] wheel_scroll_motion {"eventCount":2,"rawAbsX":32,"rawAbsY":12,"rawX":32,"rawY":12,"clippedAbsX":32,"clippedAbsY":12,"clippedX":32,"clippedY":12,"requestedAppliedX":23.616,"requestedAppliedY":8.856,"appliedX":22,"appliedY":8.856,"actualX":22,"actualY":8.5,"sensitivity":0.738,"currentZoomForScroll":2.579603759066714,"maxScrollStepX":22,"maxScrollStepY":22,"diagonalEvents":2,"clippedEvents":0}
[DebugBridge +29121.0ms] wheel_scroll_motion {"eventCount":1,"rawAbsX":30,"rawAbsY":284,"rawX":30,"rawY":284,"clippedAbsX":29.8857897496786,"clippedAbsY":29.8857897496786,"clippedX":29.8857897496786,"clippedY":29.8857897496786,"requestedAppliedX":19.850141551736527,"requestedAppliedY":19.850141551736527,"appliedX":19.850141551736527,"appliedY":19.850141551736527,"actualX":19.5,"actualY":19.5,"sensitivity":0.6642,"currentZoomForScroll":2.579603759066714,"maxScrollStepX":22,"maxScrollStepY":22,"diagonalEvents":1,"clippedEvents":1}
[DebugBridge +29126.0ms] wheel_scroll_motion {"eventCount":1,"rawAbsX":10,"rawAbsY":36,"rawX":-10,"rawY":36,"clippedAbsX":10,"clippedAbsY":29.8857897496786,"clippedX":-10,"clippedY":29.8857897496786,"requestedAppliedX":-6.642,"requestedAppliedY":19.850141551736527,"appliedX":-6.642,"appliedY":19.850141551736527,"actualX":-7,"actualY":19.5,"sensitivity":0.6642,"currentZoomForScroll":2.579603759066714,"maxScrollStepX":22,"maxScrollStepY":22,"diagonalEvents":1,"clippedEvents":1}
[DebugBridge +29154.6ms] wheel_scroll_motion {"eventCount":3,"rawAbsX":22,"rawAbsY":56,"rawX":-22,"rawY":56,"clippedAbsX":22,"clippedAbsY":51.8857897496786,"clippedX":-22,"clippedY":51.8857897496786,"requestedAppliedX":-15.3504,"requestedAppliedY":36.086141551736524,"appliedX":-15.3504,"appliedY":22,"actualX":-15.5,"actualY":22,"sensitivity":0.738,"currentZoomForScroll":2.579603759066714,"maxScrollStepX":22,"maxScrollStepY":22,"diagonalEvents":3,"clippedEvents":1}
[DebugBridge +29162.8ms] wheel_scroll_motion {"eventCount":1,"rawAbsX":8,"rawAbsY":16,"rawX":-8,"rawY":16,"clippedAbsX":8,"clippedAbsY":16,"clippedX":-8,"clippedY":16,"requestedAppliedX":-5.904,"requestedAppliedY":11.808,"appliedX":-5.904,"appliedY":11.808,"actualX":-6,"actualY":11.5,"sensitivity":0.738,"currentZoomForScroll":2.579603759066714,"maxScrollStepX":22,"maxScrollStepY":22,"diagonalEvents":1,"clippedEvents":0}
[DebugBridge +29169.8ms] wheel_scroll_motion {"eventCount":1,"rawAbsX":34,"rawAbsY":52,"rawX":-34,"rawY":52,"clippedAbsX":29.8857897496786,"clippedAbsY":29.8857897496786,"clippedX":-29.8857897496786,"clippedY":29.8857897496786,"requestedAppliedX":-19.850141551736527,"requestedAppliedY":19.850141551736527,"appliedX":-19.850141551736527,"appliedY":19.850141551736527,"actualX":-20,"actualY":19.5,"sensitivity":0.6642,"currentZoomForScroll":2.579603759066714,"maxScrollStepX":22,"maxScrollStepY":22,"diagonalEvents":1,"clippedEvents":1}
[DebugBridge +29174.8ms] wheel_scroll_motion {"eventCount":2,"rawAbsX":38,"rawAbsY":42,"rawX":-38,"rawY":42,"clippedAbsX":38,"clippedAbsY":42,"clippedX":-38,"clippedY":42,"requestedAppliedX":-28.043999999999997,"requestedAppliedY":30.996000000000002,"appliedX":-22,"appliedY":22,"actualX":-22,"actualY":22,"sensitivity":0.738,"currentZoomForScroll":2.579603759066714,"maxScrollStepX":22,"maxScrollStepY":22,"diagonalEvents":2,"clippedEvents":0}
[DebugBridge +29184.7ms] wheel_scroll_motion {"eventCount":2,"rawAbsX":16,"rawAbsY":14,"rawX":-16,"rawY":14,"clippedAbsX":16,"clippedAbsY":14,"clippedX":-16,"clippedY":14,"requestedAppliedX":-11.808,"requestedAppliedY":10.332,"appliedX":-11.808,"appliedY":10.332,"actualX":-12,"actualY":10,"sensitivity":0.738,"currentZoomForScroll":2.579603759066714,"maxScrollStepX":22,"maxScrollStepY":22,"diagonalEvents":2,"clippedEvents":0}
[DebugBridge +29192.3ms] wheel_scroll_motion {"eventCount":2,"rawAbsX":16,"rawAbsY":10,"rawX":-16,"rawY":10,"clippedAbsX":16,"clippedAbsY":10,"clippedX":-16,"clippedY":10,"requestedAppliedX":-11.808,"requestedAppliedY":7.38,"appliedX":-11.808,"appliedY":7.38,"actualX":-12,"actualY":7,"sensitivity":0.738,"currentZoomForScroll":2.579603759066714,"maxScrollStepX":22,"maxScrollStepY":22,"diagonalEvents":2,"clippedEvents":0}
[DebugBridge +29200.7ms] wheel_scroll_motion {"eventCount":1,"rawAbsX":18,"rawAbsY":12,"rawX":-18,"rawY":12,"clippedAbsX":18,"clippedAbsY":12,"clippedX":-18,"clippedY":12,"requestedAppliedX":-13.283999999999999,"requestedAppliedY":8.856,"appliedX":-13.283999999999999,"appliedY":8.856,"actualX":-13.5,"actualY":8.5,"sensitivity":0.738,"currentZoomForScroll":2.579603759066714,"maxScrollStepX":22,"maxScrollStepY":22,"diagonalEvents":1,"clippedEvents":0}
[DebugBridge +29208.3ms] wheel_scroll_motion {"eventCount":1,"rawAbsX":18,"rawAbsY":12,"rawX":-18,"rawY":12,"clippedAbsX":18,"clippedAbsY":12,"clippedX":-18,"clippedY":12,"requestedAppliedX":-13.283999999999999,"requestedAppliedY":8.856,"appliedX":-13.283999999999999,"appliedY":8.856,"actualX":-13.5,"actualY":8.5,"sensitivity":0.738,"currentZoomForScroll":2.579603759066714,"maxScrollStepX":22,"maxScrollStepY":22,"diagonalEvents":1,"clippedEvents":0}
[DebugBridge +29217.6ms] wheel_scroll_motion {"eventCount":1,"rawAbsX":14,"rawAbsY":6,"rawX":-14,"rawY":6,"clippedAbsX":14,"clippedAbsY":6,"clippedX":-14,"clippedY":6,"requestedAppliedX":-10.332,"requestedAppliedY":4.428,"appliedX":-10.332,"appliedY":4.428,"actualX":-10.5,"actualY":4,"sensitivity":0.738,"currentZoomForScroll":2.579603759066714,"maxScrollStepX":22,"maxScrollStepY":22,"diagonalEvents":1,"clippedEvents":0}
[DebugBridge +29226.7ms] wheel_scroll_motion {"eventCount":2,"rawAbsX":14,"rawAbsY":6,"rawX":-14,"rawY":6,"clippedAbsX":14,"clippedAbsY":6,"clippedX":-14,"clippedY":6,"requestedAppliedX":-10.332,"requestedAppliedY":4.428,"appliedX":-10.332,"appliedY":4.428,"actualX":-10.5,"actualY":4,"sensitivity":0.738,"currentZoomForScroll":2.579603759066714,"maxScrollStepX":22,"maxScrollStepY":22,"diagonalEvents":2,"clippedEvents":0}
[DebugBridge +29234.0ms] wheel_scroll_motion {"eventCount":1,"rawAbsX":10,"rawAbsY":4,"rawX":-10,"rawY":4,"clippedAbsX":10,"clippedAbsY":4,"clippedX":-10,"clippedY":4,"requestedAppliedX":-7.38,"requestedAppliedY":2.952,"appliedX":-7.38,"appliedY":2.952,"actualX":-7.5,"actualY":2.5,"sensitivity":0.738,"currentZoomForScroll":2.579603759066714,"maxScrollStepX":22,"maxScrollStepY":22,"diagonalEvents":1,"clippedEvents":0}
[DebugBridge +29274.6ms] wheel_scroll_motion {"eventCount":2,"rawAbsX":40,"rawAbsY":22,"rawX":-40,"rawY":22,"clippedAbsX":33.8857897496786,"clippedAbsY":22,"clippedX":-33.8857897496786,"clippedY":22,"requestedAppliedX":-22.802141551736526,"requestedAppliedY":14.760000000000002,"appliedX":-22,"appliedY":14.760000000000002,"actualX":-22,"actualY":14.5,"sensitivity":0.6642,"currentZoomForScroll":2.579603759066714,"maxScrollStepX":22,"maxScrollStepY":22,"diagonalEvents":2,"clippedEvents":1}
[DebugBridge +29283.8ms] wheel_scroll_motion {"eventCount":1,"rawAbsX":2,"rawAbsY":2,"rawX":-2,"rawY":2,"clippedAbsX":2,"clippedAbsY":2,"clippedX":-2,"clippedY":2,"requestedAppliedX":-1.476,"requestedAppliedY":1.476,"appliedX":-1.476,"appliedY":1.476,"actualX":-1.5,"actualY":1,"sensitivity":0.738,"currentZoomForScroll":2.579603759066714,"maxScrollStepX":22,"maxScrollStepY":22,"diagonalEvents":1,"clippedEvents":0}
[DebugBridge +29291.5ms] wheel_scroll_motion {"eventCount":1,"rawAbsX":0,"rawAbsY":2,"rawX":0,"rawY":2,"clippedAbsX":0,"clippedAbsY":2,"clippedX":0,"clippedY":2,"requestedAppliedX":0,"requestedAppliedY":1.64,"appliedX":0,"appliedY":1.64,"actualX":0,"actualY":1.5,"sensitivity":0.82,"currentZoomForScroll":2.579603759066714,"maxScrollStepX":22,"maxScrollStepY":22,"diagonalEvents":0,"clippedEvents":0}
[DebugBridge +29300.4ms] wheel_scroll_motion {"eventCount":2,"rawAbsX":12,"rawAbsY":4,"rawX":12,"rawY":4,"clippedAbsX":12,"clippedAbsY":4,"clippedX":12,"clippedY":4,"requestedAppliedX":8.856,"requestedAppliedY":2.952,"appliedX":8.856,"appliedY":2.952,"actualX":8.5,"actualY":2.5,"sensitivity":0.738,"currentZoomForScroll":2.579603759066714,"maxScrollStepX":22,"maxScrollStepY":22,"diagonalEvents":2,"clippedEvents":0}
[DebugBridge +29309.6ms] wheel_scroll_motion {"eventCount":2,"rawAbsX":14,"rawAbsY":2,"rawX":14,"rawY":2,"clippedAbsX":14,"clippedAbsY":2,"clippedX":14,"clippedY":2,"requestedAppliedX":11.152,"requestedAppliedY":1.476,"appliedX":11.152,"appliedY":1.476,"actualX":11,"actualY":1,"sensitivity":0.82,"currentZoomForScroll":2.579603759066714,"maxScrollStepX":22,"maxScrollStepY":22,"diagonalEvents":1,"clippedEvents":0}
[DebugBridge +29317.7ms] wheel_scroll_motion {"eventCount":2,"rawAbsX":20,"rawAbsY":2,"rawX":20,"rawY":-2,"clippedAbsX":20,"clippedAbsY":2,"clippedX":20,"clippedY":-2,"requestedAppliedX":15.252,"requestedAppliedY":-1.476,"appliedX":15.252,"appliedY":-1.476,"actualX":15,"actualY":-1.5,"sensitivity":0.738,"currentZoomForScroll":2.579603759066714,"maxScrollStepX":22,"maxScrollStepY":22,"diagonalEvents":1,"clippedEvents":0}
[DebugBridge +29325.3ms] wheel_scroll_motion {"eventCount":2,"rawAbsX":22,"rawAbsY":4,"rawX":22,"rawY":-4,"clippedAbsX":22,"clippedAbsY":4,"clippedX":22,"clippedY":-4,"requestedAppliedX":16.236,"requestedAppliedY":-2.952,"appliedX":16.236,"appliedY":-2.952,"actualX":16,"actualY":-3,"sensitivity":0.738,"currentZoomForScroll":2.579603759066714,"maxScrollStepX":22,"maxScrollStepY":22,"diagonalEvents":2,"clippedEvents":0}
[DebugBridge +29334.7ms] wheel_scroll_motion {"eventCount":2,"rawAbsX":24,"rawAbsY":6,"rawX":24,"rawY":-6,"clippedAbsX":24,"clippedAbsY":6,"clippedX":24,"clippedY":-6,"requestedAppliedX":17.712,"requestedAppliedY":-4.428,"appliedX":17.712,"appliedY":-4.428,"actualX":17.5,"actualY":-4.5,"sensitivity":0.738,"currentZoomForScroll":2.579603759066714,"maxScrollStepX":22,"maxScrollStepY":22,"diagonalEvents":2,"clippedEvents":0}
[DebugBridge +29342.1ms] wheel_scroll_motion {"eventCount":2,"rawAbsX":26,"rawAbsY":8,"rawX":26,"rawY":-8,"clippedAbsX":26,"clippedAbsY":8,"clippedX":26,"clippedY":-8,"requestedAppliedX":19.188,"requestedAppliedY":-5.904,"appliedX":19.188,"appliedY":-5.904,"actualX":19,"actualY":-6,"sensitivity":0.738,"currentZoomForScroll":2.579603759066714,"maxScrollStepX":22,"maxScrollStepY":22,"diagonalEvents":2,"clippedEvents":0}
[DebugBridge +29351.7ms] wheel_scroll_motion {"eventCount":2,"rawAbsX":28,"rawAbsY":14,"rawX":28,"rawY":-14,"clippedAbsX":28,"clippedAbsY":14,"clippedX":28,"clippedY":-14,"requestedAppliedX":20.664,"requestedAppliedY":-10.332,"appliedX":20.664,"appliedY":-10.332,"actualX":20.5,"actualY":-10.5,"sensitivity":0.738,"currentZoomForScroll":2.579603759066714,"maxScrollStepX":22,"maxScrollStepY":22,"diagonalEvents":2,"clippedEvents":0}
[DebugBridge +29359.2ms] wheel_scroll_motion {"eventCount":2,"rawAbsX":28,"rawAbsY":14,"rawX":28,"rawY":-14,"clippedAbsX":28,"clippedAbsY":14,"clippedX":28,"clippedY":-14,"requestedAppliedX":20.664,"requestedAppliedY":-10.332,"appliedX":20.664,"appliedY":-10.332,"actualX":20.5,"actualY":-10.5,"sensitivity":0.738,"currentZoomForScroll":2.579603759066714,"maxScrollStepX":22,"maxScrollStepY":22,"diagonalEvents":2,"clippedEvents":0}
[DebugBridge +29367.9ms] wheel_scroll_motion {"eventCount":2,"rawAbsX":32,"rawAbsY":20,"rawX":32,"rawY":-20,"clippedAbsX":32,"clippedAbsY":20,"clippedX":32,"clippedY":-20,"requestedAppliedX":23.616,"requestedAppliedY":-14.76,"appliedX":22,"appliedY":-14.76,"actualX":22,"actualY":-15,"sensitivity":0.738,"currentZoomForScroll":2.579603759066714,"maxScrollStepX":22,"maxScrollStepY":22,"diagonalEvents":2,"clippedEvents":0}
[DebugBridge +29376.0ms] wheel_scroll_motion {"eventCount":2,"rawAbsX":28,"rawAbsY":24,"rawX":28,"rawY":-24,"clippedAbsX":28,"clippedAbsY":24,"clippedX":28,"clippedY":-24,"requestedAppliedX":20.664,"requestedAppliedY":-17.712,"appliedX":20.664,"appliedY":-17.712,"actualX":20.5,"actualY":-18,"sensitivity":0.738,"currentZoomForScroll":2.579603759066714,"maxScrollStepX":22,"maxScrollStepY":22,"diagonalEvents":2,"clippedEvents":0}
[DebugBridge +29384.0ms] wheel_scroll_motion {"eventCount":2,"rawAbsX":32,"rawAbsY":34,"rawX":32,"rawY":-34,"clippedAbsX":32,"clippedAbsY":33.8857897496786,"clippedX":32,"clippedY":-33.8857897496786,"requestedAppliedX":21.549599999999998,"requestedAppliedY":-22.802141551736526,"appliedX":21.549599999999998,"appliedY":-22,"actualX":21.5,"actualY":-22,"sensitivity":0.6642,"currentZoomForScroll":2.579603759066714,"maxScrollStepX":22,"maxScrollStepY":22,"diagonalEvents":2,"clippedEvents":1}
[DebugBridge +29390.6ms] wheel_scroll_motion {"eventCount":2,"rawAbsX":22,"rawAbsY":28,"rawX":22,"rawY":-28,"clippedAbsX":22,"clippedAbsY":28,"clippedX":22,"clippedY":-28,"requestedAppliedX":16.235999999999997,"requestedAppliedY":-20.664,"appliedX":16.235999999999997,"appliedY":-20.664,"actualX":16,"actualY":-21,"sensitivity":0.738,"currentZoomForScroll":2.579603759066714,"maxScrollStepX":22,"maxScrollStepY":22,"diagonalEvents":2,"clippedEvents":0}
[DebugBridge +29401.6ms] wheel_scroll_motion {"eventCount":2,"rawAbsX":26,"rawAbsY":40,"rawX":26,"rawY":-40,"clippedAbsX":26,"clippedAbsY":40,"clippedX":26,"clippedY":-40,"requestedAppliedX":19.188000000000002,"requestedAppliedY":-29.52,"appliedX":19.188000000000002,"appliedY":-22,"actualX":19,"actualY":-22,"sensitivity":0.738,"currentZoomForScroll":2.579603759066714,"maxScrollStepX":22,"maxScrollStepY":22,"diagonalEvents":2,"clippedEvents":0}
[DebugBridge +29409.5ms] wheel_scroll_motion {"eventCount":1,"rawAbsX":12,"rawAbsY":30,"rawX":12,"rawY":-30,"clippedAbsX":12,"clippedAbsY":29.8857897496786,"clippedX":12,"clippedY":-29.8857897496786,"requestedAppliedX":7.9704,"requestedAppliedY":-19.850141551736527,"appliedX":7.9704,"appliedY":-19.850141551736527,"actualX":7.5,"actualY":-20,"sensitivity":0.6642,"currentZoomForScroll":2.579603759066714,"maxScrollStepX":22,"maxScrollStepY":22,"diagonalEvents":1,"clippedEvents":1}
[DebugBridge +29417.7ms] wheel_scroll_motion {"eventCount":1,"rawAbsX":10,"rawAbsY":36,"rawX":10,"rawY":-36,"clippedAbsX":10,"clippedAbsY":29.8857897496786,"clippedX":10,"clippedY":-29.8857897496786,"requestedAppliedX":6.642,"requestedAppliedY":-19.850141551736527,"appliedX":6.642,"appliedY":-19.850141551736527,"actualX":6.5,"actualY":-20,"sensitivity":0.6642,"currentZoomForScroll":2.579603759066714,"maxScrollStepX":22,"maxScrollStepY":22,"diagonalEvents":1,"clippedEvents":1}
[DebugBridge +29426.2ms] wheel_scroll_motion {"eventCount":1,"rawAbsX":8,"rawAbsY":36,"rawX":8,"rawY":-36,"clippedAbsX":8,"clippedAbsY":29.8857897496786,"clippedX":8,"clippedY":-29.8857897496786,"requestedAppliedX":5.3136,"requestedAppliedY":-19.850141551736527,"appliedX":5.3136,"appliedY":-19.850141551736527,"actualX":5,"actualY":-20,"sensitivity":0.6642,"currentZoomForScroll":2.579603759066714,"maxScrollStepX":22,"maxScrollStepY":22,"diagonalEvents":1,"clippedEvents":1}
[DebugBridge +29433.0ms] wheel_scroll_motion {"eventCount":2,"rawAbsX":6,"rawAbsY":34,"rawX":6,"rawY":-34,"clippedAbsX":6,"clippedAbsY":34,"clippedX":6,"clippedY":-34,"requestedAppliedX":4.428,"requestedAppliedY":-25.092,"appliedX":4.428,"appliedY":-22,"actualX":4,"actualY":-22,"sensitivity":0.738,"currentZoomForScroll":2.579603759066714,"maxScrollStepX":22,"maxScrollStepY":22,"diagonalEvents":2,"clippedEvents":0}
[DebugBridge +29442.4ms] wheel_scroll_motion {"eventCount":2,"rawAbsX":4,"rawAbsY":20,"rawX":4,"rawY":-20,"clippedAbsX":4,"clippedAbsY":20,"clippedX":4,"clippedY":-20,"requestedAppliedX":2.952,"requestedAppliedY":-14.76,"appliedX":2.952,"appliedY":-14.76,"actualX":2.5,"actualY":-15,"sensitivity":0.738,"currentZoomForScroll":2.579603759066714,"maxScrollStepX":22,"maxScrollStepY":22,"diagonalEvents":2,"clippedEvents":0}
[DebugBridge +29451.2ms] wheel_scroll_motion {"eventCount":2,"rawAbsX":4,"rawAbsY":26,"rawX":-4,"rawY":-26,"clippedAbsX":4,"clippedAbsY":26,"clippedX":-4,"clippedY":-26,"requestedAppliedX":-2.952,"requestedAppliedY":-19.188,"appliedX":-2.952,"appliedY":-19.188,"actualX":-3,"actualY":-19.5,"sensitivity":0.738,"currentZoomForScroll":2.579603759066714,"maxScrollStepX":22,"maxScrollStepY":22,"diagonalEvents":2,"clippedEvents":0}
[DebugBridge +29460.6ms] wheel_scroll_motion {"eventCount":2,"rawAbsX":6,"rawAbsY":36,"rawX":-6,"rawY":-36,"clippedAbsX":6,"clippedAbsY":36,"clippedX":-6,"clippedY":-36,"requestedAppliedX":-4.428,"requestedAppliedY":-26.567999999999998,"appliedX":-4.428,"appliedY":-22,"actualX":-4.5,"actualY":-22,"sensitivity":0.738,"currentZoomForScroll":2.579603759066714,"maxScrollStepX":22,"maxScrollStepY":22,"diagonalEvents":2,"clippedEvents":0}
[DebugBridge +29467.9ms] wheel_scroll_motion {"eventCount":1,"rawAbsX":6,"rawAbsY":14,"rawX":-6,"rawY":-14,"clippedAbsX":6,"clippedAbsY":14,"clippedX":-6,"clippedY":-14,"requestedAppliedX":-4.428,"requestedAppliedY":-10.332,"appliedX":-4.428,"appliedY":-10.332,"actualX":-4.5,"actualY":-10.5,"sensitivity":0.738,"currentZoomForScroll":2.579603759066714,"maxScrollStepX":22,"maxScrollStepY":22,"diagonalEvents":1,"clippedEvents":0}
[DebugBridge +29476.1ms] wheel_scroll_motion {"eventCount":2,"rawAbsX":18,"rawAbsY":20,"rawX":-18,"rawY":-20,"clippedAbsX":18,"clippedAbsY":20,"clippedX":-18,"clippedY":-20,"requestedAppliedX":-13.284,"requestedAppliedY":-14.760000000000002,"appliedX":-13.284,"appliedY":-14.760000000000002,"actualX":-13.5,"actualY":-15,"sensitivity":0.738,"currentZoomForScroll":2.579603759066714,"maxScrollStepX":22,"maxScrollStepY":22,"diagonalEvents":2,"clippedEvents":0}
[DebugBridge +29484.8ms] wheel_scroll_motion {"eventCount":1,"rawAbsX":18,"rawAbsY":8,"rawX":-18,"rawY":-8,"clippedAbsX":18,"clippedAbsY":8,"clippedX":-18,"clippedY":-8,"requestedAppliedX":-13.283999999999999,"requestedAppliedY":-5.904,"appliedX":-13.283999999999999,"appliedY":-5.904,"actualX":-13.5,"actualY":-6,"sensitivity":0.738,"currentZoomForScroll":2.579603759066714,"maxScrollStepX":22,"maxScrollStepY":22,"diagonalEvents":1,"clippedEvents":0}
[DebugBridge +29518.0ms] wheel_scroll_motion {"eventCount":2,"rawAbsX":210,"rawAbsY":20,"rawX":-210,"rawY":-12,"clippedAbsX":59.7715794993572,"clippedAbsY":20,"clippedX":-59.7715794993572,"clippedY":-12,"requestedAppliedX":-39.700283103473055,"requestedAppliedY":-7.9704,"appliedX":-22,"appliedY":-7.9704,"actualX":-22,"actualY":-8,"sensitivity":0.6642,"currentZoomForScroll":2.579603759066714,"maxScrollStepX":22,"maxScrollStepY":22,"diagonalEvents":2,"clippedEvents":2}
[DebugBridge +29525.4ms] wheel_scroll_motion {"eventCount":2,"rawAbsX":48,"rawAbsY":4,"rawX":-48,"rawY":4,"clippedAbsX":48,"clippedAbsY":4,"clippedX":-48,"clippedY":4,"requestedAppliedX":-35.424,"requestedAppliedY":2.952,"appliedX":-22,"appliedY":2.952,"actualX":-22,"actualY":2.5,"sensitivity":0.738,"currentZoomForScroll":2.579603759066714,"maxScrollStepX":22,"maxScrollStepY":22,"diagonalEvents":2,"clippedEvents":0}
[DebugBridge +29541.4ms] wheel_scroll_motion {"eventCount":1,"rawAbsX":34,"rawAbsY":6,"rawX":-34,"rawY":6,"clippedAbsX":29.8857897496786,"clippedAbsY":6,"clippedX":-29.8857897496786,"clippedY":6,"requestedAppliedX":-19.850141551736527,"requestedAppliedY":3.9852,"appliedX":-19.850141551736527,"appliedY":3.9852,"actualX":-20,"actualY":3.5,"sensitivity":0.6642,"currentZoomForScroll":2.579603759066714,"maxScrollStepX":22,"maxScrollStepY":22,"diagonalEvents":1,"clippedEvents":1}
[DebugBridge +29554.6ms] wheel_scroll_motion {"eventCount":2,"rawAbsX":58,"rawAbsY":10,"rawX":-58,"rawY":10,"clippedAbsX":49.8857897496786,"clippedAbsY":10,"clippedX":-49.8857897496786,"clippedY":10,"requestedAppliedX":-34.610141551736525,"requestedAppliedY":6.9372,"appliedX":-22,"appliedY":6.9372,"actualX":-22,"actualY":6.5,"sensitivity":0.738,"currentZoomForScroll":2.579603759066714,"maxScrollStepX":22,"maxScrollStepY":22,"diagonalEvents":2,"clippedEvents":1}
[DebugBridge +29559.9ms] wheel_scroll_motion {"eventCount":1,"rawAbsX":14,"rawAbsY":2,"rawX":-14,"rawY":2,"clippedAbsX":14,"clippedAbsY":2,"clippedX":-14,"clippedY":2,"requestedAppliedX":-10.332,"requestedAppliedY":1.476,"appliedX":-10.332,"appliedY":1.476,"actualX":-10.5,"actualY":1,"sensitivity":0.738,"currentZoomForScroll":2.579603759066714,"maxScrollStepX":22,"maxScrollStepY":22,"diagonalEvents":1,"clippedEvents":0}
[DebugBridge +29568.9ms] wheel_scroll_motion {"eventCount":2,"rawAbsX":18,"rawAbsY":4,"rawX":-18,"rawY":4,"clippedAbsX":18,"clippedAbsY":4,"clippedX":-18,"clippedY":4,"requestedAppliedX":-13.283999999999999,"requestedAppliedY":2.952,"appliedX":-13.283999999999999,"appliedY":2.952,"actualX":-13.5,"actualY":2.5,"sensitivity":0.738,"currentZoomForScroll":2.579603759066714,"maxScrollStepX":22,"maxScrollStepY":22,"diagonalEvents":2,"clippedEvents":0}
[DebugBridge +29574.5ms] wheel_scroll_motion {"eventCount":2,"rawAbsX":14,"rawAbsY":4,"rawX":-14,"rawY":4,"clippedAbsX":14,"clippedAbsY":4,"clippedX":-14,"clippedY":4,"requestedAppliedX":-10.332,"requestedAppliedY":2.952,"appliedX":-10.332,"appliedY":2.952,"actualX":-10.5,"actualY":2.5,"sensitivity":0.738,"currentZoomForScroll":2.579603759066714,"maxScrollStepX":22,"maxScrollStepY":22,"diagonalEvents":2,"clippedEvents":0}
[DebugBridge +29585.1ms] wheel_scroll_motion {"eventCount":2,"rawAbsX":12,"rawAbsY":4,"rawX":-12,"rawY":4,"clippedAbsX":12,"clippedAbsY":4,"clippedX":-12,"clippedY":4,"requestedAppliedX":-8.856,"requestedAppliedY":2.952,"appliedX":-8.856,"appliedY":2.952,"actualX":-9,"actualY":2.5,"sensitivity":0.738,"currentZoomForScroll":2.579603759066714,"maxScrollStepX":22,"maxScrollStepY":22,"diagonalEvents":2,"clippedEvents":0}
[DebugBridge +29593.6ms] wheel_scroll_motion {"eventCount":2,"rawAbsX":12,"rawAbsY":4,"rawX":-12,"rawY":4,"clippedAbsX":12,"clippedAbsY":4,"clippedX":-12,"clippedY":4,"requestedAppliedX":-8.856,"requestedAppliedY":2.952,"appliedX":-8.856,"appliedY":2.952,"actualX":-9,"actualY":2.5,"sensitivity":0.738,"currentZoomForScroll":2.579603759066714,"maxScrollStepX":22,"maxScrollStepY":22,"diagonalEvents":2,"clippedEvents":0}
[DebugBridge +29604.7ms] wheel_scroll_motion {"eventCount":2,"rawAbsX":10,"rawAbsY":4,"rawX":-10,"rawY":4,"clippedAbsX":10,"clippedAbsY":4,"clippedX":-10,"clippedY":4,"requestedAppliedX":-7.38,"requestedAppliedY":2.952,"appliedX":-7.38,"appliedY":2.952,"actualX":-7.5,"actualY":2.5,"sensitivity":0.738,"currentZoomForScroll":2.579603759066714,"maxScrollStepX":22,"maxScrollStepY":22,"diagonalEvents":2,"clippedEvents":0}
[DebugBridge +29610.5ms] wheel_scroll_motion {"eventCount":1,"rawAbsX":2,"rawAbsY":2,"rawX":-2,"rawY":2,"clippedAbsX":2,"clippedAbsY":2,"clippedX":-2,"clippedY":2,"requestedAppliedX":-1.476,"requestedAppliedY":1.476,"appliedX":-1.476,"appliedY":1.476,"actualX":-1.5,"actualY":1,"sensitivity":0.738,"currentZoomForScroll":2.579603759066714,"maxScrollStepX":22,"maxScrollStepY":22,"diagonalEvents":1,"clippedEvents":0}
[DebugBridge +29617.1ms] wheel_scroll_motion {"eventCount":1,"rawAbsX":6,"rawAbsY":2,"rawX":6,"rawY":-2,"clippedAbsX":6,"clippedAbsY":2,"clippedX":6,"clippedY":-2,"requestedAppliedX":4.428,"requestedAppliedY":-1.476,"appliedX":4.428,"appliedY":-1.476,"actualX":4,"actualY":-1.5,"sensitivity":0.738,"currentZoomForScroll":2.579603759066714,"maxScrollStepX":22,"maxScrollStepY":22,"diagonalEvents":1,"clippedEvents":0}
[DebugBridge +29627.2ms] wheel_scroll_motion {"eventCount":1,"rawAbsX":2,"rawAbsY":2,"rawX":2,"rawY":-2,"clippedAbsX":2,"clippedAbsY":2,"clippedX":2,"clippedY":-2,"requestedAppliedX":1.476,"requestedAppliedY":-1.476,"appliedX":1.476,"appliedY":-1.476,"actualX":1,"actualY":-1.5,"sensitivity":0.738,"currentZoomForScroll":2.579603759066714,"maxScrollStepX":22,"maxScrollStepY":22,"diagonalEvents":1,"clippedEvents":0}
[DebugBridge +29634.7ms] wheel_scroll_motion {"eventCount":2,"rawAbsX":38,"rawAbsY":8,"rawX":38,"rawY":-8,"clippedAbsX":38,"clippedAbsY":8,"clippedX":38,"clippedY":-8,"requestedAppliedX":28.044,"requestedAppliedY":-5.904,"appliedX":22,"appliedY":-5.904,"actualX":22,"actualY":-6,"sensitivity":0.738,"currentZoomForScroll":2.579603759066714,"maxScrollStepX":22,"maxScrollStepY":22,"diagonalEvents":2,"clippedEvents":0}
[DebugBridge +29641.9ms] wheel_scroll_motion {"eventCount":2,"rawAbsX":30,"rawAbsY":6,"rawX":30,"rawY":-6,"clippedAbsX":30,"clippedAbsY":6,"clippedX":30,"clippedY":-6,"requestedAppliedX":22.14,"requestedAppliedY":-4.428,"appliedX":22,"appliedY":-4.428,"actualX":22,"actualY":-4.5,"sensitivity":0.738,"currentZoomForScroll":2.579603759066714,"maxScrollStepX":22,"maxScrollStepY":22,"diagonalEvents":2,"clippedEvents":0}
[DebugBridge +29649.5ms] wheel_scroll_motion {"eventCount":1,"rawAbsX":54,"rawAbsY":6,"rawX":54,"rawY":-6,"clippedAbsX":29.8857897496786,"clippedAbsY":6,"clippedX":29.8857897496786,"clippedY":-6,"requestedAppliedX":19.850141551736527,"requestedAppliedY":-3.9852,"appliedX":19.850141551736527,"appliedY":-3.9852,"actualX":19.5,"actualY":-4,"sensitivity":0.6642,"currentZoomForScroll":2.579603759066714,"maxScrollStepX":22,"maxScrollStepY":22,"diagonalEvents":1,"clippedEvents":1}
[DebugBridge +29659.9ms] wheel_scroll_motion {"eventCount":2,"rawAbsX":50,"rawAbsY":4,"rawX":50,"rawY":-4,"clippedAbsX":50,"clippedAbsY":4,"clippedX":50,"clippedY":-4,"requestedAppliedX":36.9,"requestedAppliedY":-2.952,"appliedX":22,"appliedY":-2.952,"actualX":22,"actualY":-3,"sensitivity":0.738,"currentZoomForScroll":2.579603759066714,"maxScrollStepX":22,"maxScrollStepY":22,"diagonalEvents":2,"clippedEvents":0}
[DebugBridge +29668.0ms] wheel_scroll_motion {"eventCount":1,"rawAbsX":52,"rawAbsY":2,"rawX":52,"rawY":-2,"clippedAbsX":29.8857897496786,"clippedAbsY":2,"clippedX":29.8857897496786,"clippedY":-2,"requestedAppliedX":19.850141551736527,"requestedAppliedY":-1.3284,"appliedX":19.850141551736527,"appliedY":-1.3284,"actualX":19.5,"actualY":-1.5,"sensitivity":0.6642,"currentZoomForScroll":2.579603759066714,"maxScrollStepX":22,"maxScrollStepY":22,"diagonalEvents":1,"clippedEvents":1}
[DebugBridge +29675.9ms] wheel_scroll_motion {"eventCount":1,"rawAbsX":40,"rawAbsY":0,"rawX":40,"rawY":0,"clippedAbsX":29.8857897496786,"clippedAbsY":0,"clippedX":29.8857897496786,"clippedY":0,"requestedAppliedX":22.055712835262806,"requestedAppliedY":0,"appliedX":22,"appliedY":0,"actualX":22,"actualY":0,"sensitivity":0.738,"currentZoomForScroll":2.579603759066714,"maxScrollStepX":22,"maxScrollStepY":22,"diagonalEvents":0,"clippedEvents":1}
[DebugBridge +29684.5ms] wheel_scroll_motion {"eventCount":1,"rawAbsX":36,"rawAbsY":0,"rawX":36,"rawY":0,"clippedAbsX":29.8857897496786,"clippedAbsY":0,"clippedX":29.8857897496786,"clippedY":0,"requestedAppliedX":22.055712835262806,"requestedAppliedY":0,"appliedX":22,"appliedY":0,"actualX":22,"actualY":0,"sensitivity":0.738,"currentZoomForScroll":2.579603759066714,"maxScrollStepX":22,"maxScrollStepY":22,"diagonalEvents":0,"clippedEvents":1}
[DebugBridge +29692.4ms] wheel_scroll_motion {"eventCount":2,"rawAbsX":44,"rawAbsY":4,"rawX":44,"rawY":4,"clippedAbsX":44,"clippedAbsY":4,"clippedX":44,"clippedY":4,"requestedAppliedX":32.471999999999994,"requestedAppliedY":2.952,"appliedX":22,"appliedY":2.952,"actualX":22,"actualY":2.5,"sensitivity":0.738,"currentZoomForScroll":2.579603759066714,"maxScrollStepX":22,"maxScrollStepY":22,"diagonalEvents":2,"clippedEvents":0}
[DebugBridge +29701.7ms] wheel_scroll_motion {"eventCount":2,"rawAbsX":30,"rawAbsY":4,"rawX":30,"rawY":4,"clippedAbsX":30,"clippedAbsY":4,"clippedX":30,"clippedY":4,"requestedAppliedX":22.14,"requestedAppliedY":2.952,"appliedX":22,"appliedY":2.952,"actualX":22,"actualY":2.5,"sensitivity":0.738,"currentZoomForScroll":2.579603759066714,"maxScrollStepX":22,"maxScrollStepY":22,"diagonalEvents":2,"clippedEvents":0}
[DebugBridge +29709.3ms] wheel_scroll_motion {"eventCount":2,"rawAbsX":26,"rawAbsY":4,"rawX":26,"rawY":4,"clippedAbsX":26,"clippedAbsY":4,"clippedX":26,"clippedY":4,"requestedAppliedX":19.188,"requestedAppliedY":2.952,"appliedX":19.188,"appliedY":2.952,"actualX":19,"actualY":2.5,"sensitivity":0.738,"currentZoomForScroll":2.579603759066714,"maxScrollStepX":22,"maxScrollStepY":22,"diagonalEvents":2,"clippedEvents":0}
[DebugBridge +29717.9ms] wheel_scroll_motion {"eventCount":2,"rawAbsX":26,"rawAbsY":6,"rawX":26,"rawY":6,"clippedAbsX":26,"clippedAbsY":6,"clippedX":26,"clippedY":6,"requestedAppliedX":19.188,"requestedAppliedY":4.428,"appliedX":19.188,"appliedY":4.428,"actualX":19,"actualY":4,"sensitivity":0.738,"currentZoomForScroll":2.579603759066714,"maxScrollStepX":22,"maxScrollStepY":22,"diagonalEvents":2,"clippedEvents":0}
[DebugBridge +29759.0ms] wheel_scroll_motion {"eventCount":3,"rawAbsX":64,"rawAbsY":134,"rawX":64,"rawY":134,"clippedAbsX":31.8857897496786,"clippedAbsY":63.8857897496786,"clippedX":31.8857897496786,"clippedY":63.8857897496786,"requestedAppliedX":21.326141551736526,"requestedAppliedY":47.238141551736526,"appliedX":21.326141551736526,"appliedY":22,"actualX":21,"actualY":22,"sensitivity":0.82,"currentZoomForScroll":2.579603759066714,"maxScrollStepX":22,"maxScrollStepY":22,"diagonalEvents":2,"clippedEvents":1}
[DebugBridge +29767.1ms] wheel_scroll_motion {"eventCount":1,"rawAbsX":0,"rawAbsY":4,"rawX":0,"rawY":4,"clippedAbsX":0,"clippedAbsY":4,"clippedX":0,"clippedY":4,"requestedAppliedX":0,"requestedAppliedY":3.28,"appliedX":0,"appliedY":3.28,"actualX":0,"actualY":3,"sensitivity":0.82,"currentZoomForScroll":2.579603759066714,"maxScrollStepX":22,"maxScrollStepY":22,"diagonalEvents":0,"clippedEvents":0}
[DebugBridge +29775.3ms] wheel_scroll_motion {"eventCount":1,"rawAbsX":2,"rawAbsY":32,"rawX":-2,"rawY":32,"clippedAbsX":2,"clippedAbsY":29.8857897496786,"clippedX":-2,"clippedY":29.8857897496786,"requestedAppliedX":-1.3284,"requestedAppliedY":19.850141551736527,"appliedX":-1.3284,"appliedY":19.850141551736527,"actualX":-1.5,"actualY":19.5,"sensitivity":0.6642,"currentZoomForScroll":2.579603759066714,"maxScrollStepX":22,"maxScrollStepY":22,"diagonalEvents":1,"clippedEvents":1}
[DebugBridge +29783.7ms] wheel_scroll_motion {"eventCount":2,"rawAbsX":8,"rawAbsY":54,"rawX":-8,"rawY":54,"clippedAbsX":8,"clippedAbsY":47.8857897496786,"clippedX":-8,"clippedY":47.8857897496786,"requestedAppliedX":-5.6088000000000005,"requestedAppliedY":33.134141551736526,"appliedX":-5.6088000000000005,"appliedY":22,"actualX":-6,"actualY":22,"sensitivity":0.738,"currentZoomForScroll":2.579603759066714,"maxScrollStepX":22,"maxScrollStepY":22,"diagonalEvents":2,"clippedEvents":1}
[DebugBridge +29792.7ms] wheel_scroll_motion {"eventCount":1,"rawAbsX":4,"rawAbsY":18,"rawX":-4,"rawY":18,"clippedAbsX":4,"clippedAbsY":18,"clippedX":-4,"clippedY":18,"requestedAppliedX":-2.952,"requestedAppliedY":13.283999999999999,"appliedX":-2.952,"appliedY":13.283999999999999,"actualX":-3,"actualY":13,"sensitivity":0.738,"currentZoomForScroll":2.579603759066714,"maxScrollStepX":22,"maxScrollStepY":22,"diagonalEvents":1,"clippedEvents":0}
[DebugBridge +29801.0ms] wheel_scroll_motion {"eventCount":1,"rawAbsX":10,"rawAbsY":32,"rawX":-10,"rawY":32,"clippedAbsX":10,"clippedAbsY":29.8857897496786,"clippedX":-10,"clippedY":29.8857897496786,"requestedAppliedX":-6.642,"requestedAppliedY":19.850141551736527,"appliedX":-6.642,"appliedY":19.850141551736527,"actualX":-7,"actualY":19.5,"sensitivity":0.6642,"currentZoomForScroll":2.579603759066714,"maxScrollStepX":22,"maxScrollStepY":22,"diagonalEvents":1,"clippedEvents":1}
[DebugBridge +29809.0ms] wheel_scroll_motion {"eventCount":2,"rawAbsX":18,"rawAbsY":50,"rawX":-18,"rawY":50,"clippedAbsX":18,"clippedAbsY":47.8857897496786,"clippedX":-18,"clippedY":47.8857897496786,"requestedAppliedX":-12.546,"requestedAppliedY":33.134141551736526,"appliedX":-12.546,"appliedY":22,"actualX":-13,"actualY":22,"sensitivity":0.738,"currentZoomForScroll":2.579603759066714,"maxScrollStepX":22,"maxScrollStepY":22,"diagonalEvents":2,"clippedEvents":1}
[DebugBridge +29818.7ms] wheel_scroll_motion {"eventCount":2,"rawAbsX":14,"rawAbsY":30,"rawX":-14,"rawY":30,"clippedAbsX":14,"clippedAbsY":30,"clippedX":-14,"clippedY":30,"requestedAppliedX":-10.332,"requestedAppliedY":22.14,"appliedX":-10.332,"appliedY":22,"actualX":-10.5,"actualY":22,"sensitivity":0.738,"currentZoomForScroll":2.579603759066714,"maxScrollStepX":22,"maxScrollStepY":22,"diagonalEvents":2,"clippedEvents":0}
[DebugBridge +29825.7ms] wheel_scroll_motion {"eventCount":2,"rawAbsX":12,"rawAbsY":20,"rawX":-12,"rawY":20,"clippedAbsX":12,"clippedAbsY":20,"clippedX":-12,"clippedY":20,"requestedAppliedX":-8.856,"requestedAppliedY":14.76,"appliedX":-8.856,"appliedY":14.76,"actualX":-9,"actualY":14.5,"sensitivity":0.738,"currentZoomForScroll":2.579603759066714,"maxScrollStepX":22,"maxScrollStepY":22,"diagonalEvents":2,"clippedEvents":0}
[DebugBridge +29834.0ms] wheel_scroll_motion {"eventCount":2,"rawAbsX":12,"rawAbsY":20,"rawX":-12,"rawY":20,"clippedAbsX":12,"clippedAbsY":20,"clippedX":-12,"clippedY":20,"requestedAppliedX":-8.856,"requestedAppliedY":14.760000000000002,"appliedX":-8.856,"appliedY":14.760000000000002,"actualX":-9,"actualY":14.5,"sensitivity":0.738,"currentZoomForScroll":2.579603759066714,"maxScrollStepX":22,"maxScrollStepY":22,"diagonalEvents":2,"clippedEvents":0}
[DebugBridge +29842.1ms] wheel_scroll_motion {"eventCount":2,"rawAbsX":10,"rawAbsY":18,"rawX":-10,"rawY":18,"clippedAbsX":10,"clippedAbsY":18,"clippedX":-10,"clippedY":18,"requestedAppliedX":-7.38,"requestedAppliedY":13.283999999999999,"appliedX":-7.38,"appliedY":13.283999999999999,"actualX":-7.5,"actualY":13,"sensitivity":0.738,"currentZoomForScroll":2.579603759066714,"maxScrollStepX":22,"maxScrollStepY":22,"diagonalEvents":2,"clippedEvents":0}
[DebugBridge +29851.6ms] wheel_scroll_motion {"eventCount":2,"rawAbsX":10,"rawAbsY":14,"rawX":-10,"rawY":14,"clippedAbsX":10,"clippedAbsY":14,"clippedX":-10,"clippedY":14,"requestedAppliedX":-7.38,"requestedAppliedY":10.332,"appliedX":-7.38,"appliedY":10.332,"actualX":-7.5,"actualY":10,"sensitivity":0.738,"currentZoomForScroll":2.579603759066714,"maxScrollStepX":22,"maxScrollStepY":22,"diagonalEvents":2,"clippedEvents":0}
[DebugBridge +29859.9ms] wheel_scroll_motion {"eventCount":2,"rawAbsX":6,"rawAbsY":10,"rawX":-6,"rawY":10,"clippedAbsX":6,"clippedAbsY":10,"clippedX":-6,"clippedY":10,"requestedAppliedX":-4.428,"requestedAppliedY":7.38,"appliedX":-4.428,"appliedY":7.38,"actualX":-4.5,"actualY":7,"sensitivity":0.738,"currentZoomForScroll":2.579603759066714,"maxScrollStepX":22,"maxScrollStepY":22,"diagonalEvents":2,"clippedEvents":0}
[DebugBridge +29868.0ms] wheel_scroll_motion {"eventCount":2,"rawAbsX":6,"rawAbsY":10,"rawX":-6,"rawY":10,"clippedAbsX":6,"clippedAbsY":10,"clippedX":-6,"clippedY":10,"requestedAppliedX":-4.428,"requestedAppliedY":7.38,"appliedX":-4.428,"appliedY":7.38,"actualX":-4.5,"actualY":7,"sensitivity":0.738,"currentZoomForScroll":2.579603759066714,"maxScrollStepX":22,"maxScrollStepY":22,"diagonalEvents":2,"clippedEvents":0}
[DebugBridge +29874.6ms] wheel_scroll_motion {"eventCount":2,"rawAbsX":6,"rawAbsY":8,"rawX":-6,"rawY":8,"clippedAbsX":6,"clippedAbsY":8,"clippedX":-6,"clippedY":8,"requestedAppliedX":-4.428,"requestedAppliedY":5.904,"appliedX":-4.428,"appliedY":5.904,"actualX":-4.5,"actualY":5.5,"sensitivity":0.738,"currentZoomForScroll":2.579603759066714,"maxScrollStepX":22,"maxScrollStepY":22,"diagonalEvents":2,"clippedEvents":0}
[DebugBridge +29883.9ms] wheel_scroll_motion {"eventCount":2,"rawAbsX":4,"rawAbsY":8,"rawX":-4,"rawY":8,"clippedAbsX":4,"clippedAbsY":8,"clippedX":-4,"clippedY":8,"requestedAppliedX":-2.952,"requestedAppliedY":5.904,"appliedX":-2.952,"appliedY":5.904,"actualX":-3,"actualY":5.5,"sensitivity":0.738,"currentZoomForScroll":2.579603759066714,"maxScrollStepX":22,"maxScrollStepY":22,"diagonalEvents":2,"clippedEvents":0}
[DebugBridge +29894.0ms] wheel_scroll_motion {"eventCount":2,"rawAbsX":2,"rawAbsY":4,"rawX":-2,"rawY":4,"clippedAbsX":2,"clippedAbsY":4,"clippedX":-2,"clippedY":4,"requestedAppliedX":-1.476,"requestedAppliedY":3.1159999999999997,"appliedX":-1.476,"appliedY":3.1159999999999997,"actualX":-1.5,"actualY":3,"sensitivity":0.82,"currentZoomForScroll":2.579603759066714,"maxScrollStepX":22,"maxScrollStepY":22,"diagonalEvents":1,"clippedEvents":0}
[DebugBridge +29899.9ms] wheel_scroll_motion {"eventCount":2,"rawAbsX":2,"rawAbsY":2,"rawX":2,"rawY":2,"clippedAbsX":2,"clippedAbsY":2,"clippedX":2,"clippedY":2,"requestedAppliedX":1.64,"requestedAppliedY":1.64,"appliedX":1.64,"appliedY":1.64,"actualX":1.5,"actualY":1.5,"sensitivity":0.82,"currentZoomForScroll":2.579603759066714,"maxScrollStepX":22,"maxScrollStepY":22,"diagonalEvents":0,"clippedEvents":0}
[DebugBridge +29907.8ms] wheel_scroll_motion {"eventCount":2,"rawAbsX":10,"rawAbsY":4,"rawX":10,"rawY":-4,"clippedAbsX":10,"clippedAbsY":4,"clippedX":10,"clippedY":-4,"requestedAppliedX":7.544,"requestedAppliedY":-2.952,"appliedX":7.544,"appliedY":-2.952,"actualX":7.5,"actualY":-3,"sensitivity":0.738,"currentZoomForScroll":2.579603759066714,"maxScrollStepX":22,"maxScrollStepY":22,"diagonalEvents":1,"clippedEvents":0}
[DebugBridge +29917.8ms] wheel_scroll_motion {"eventCount":2,"rawAbsX":12,"rawAbsY":8,"rawX":12,"rawY":-8,"clippedAbsX":12,"clippedAbsY":8,"clippedX":12,"clippedY":-8,"requestedAppliedX":8.856,"requestedAppliedY":-5.904,"appliedX":8.856,"appliedY":-5.904,"actualX":8.5,"actualY":-6,"sensitivity":0.738,"currentZoomForScroll":2.579603759066714,"maxScrollStepX":22,"maxScrollStepY":22,"diagonalEvents":2,"clippedEvents":0}
[DebugBridge +29926.2ms] wheel_scroll_motion {"eventCount":1,"rawAbsX":14,"rawAbsY":12,"rawX":14,"rawY":-12,"clippedAbsX":14,"clippedAbsY":12,"clippedX":14,"clippedY":-12,"requestedAppliedX":10.332,"requestedAppliedY":-8.856,"appliedX":10.332,"appliedY":-8.856,"actualX":10,"actualY":-9,"sensitivity":0.738,"currentZoomForScroll":2.579603759066714,"maxScrollStepX":22,"maxScrollStepY":22,"diagonalEvents":1,"clippedEvents":0}
[DebugBridge +29934.0ms] wheel_scroll_motion {"eventCount":1,"rawAbsX":16,"rawAbsY":16,"rawX":16,"rawY":-16,"clippedAbsX":16,"clippedAbsY":16,"clippedX":16,"clippedY":-16,"requestedAppliedX":11.808,"requestedAppliedY":-11.808,"appliedX":11.808,"appliedY":-11.808,"actualX":11.5,"actualY":-12,"sensitivity":0.738,"currentZoomForScroll":2.579603759066714,"maxScrollStepX":22,"maxScrollStepY":22,"diagonalEvents":1,"clippedEvents":0}
[DebugBridge +29943.7ms] wheel_scroll_motion {"eventCount":1,"rawAbsX":18,"rawAbsY":20,"rawX":18,"rawY":-20,"clippedAbsX":18,"clippedAbsY":20,"clippedX":18,"clippedY":-20,"requestedAppliedX":13.283999999999999,"requestedAppliedY":-14.76,"appliedX":13.283999999999999,"appliedY":-14.76,"actualX":13,"actualY":-15,"sensitivity":0.738,"currentZoomForScroll":2.579603759066714,"maxScrollStepX":22,"maxScrollStepY":22,"diagonalEvents":1,"clippedEvents":0}
[DebugBridge +29950.8ms] wheel_scroll_motion {"eventCount":2,"rawAbsX":22,"rawAbsY":24,"rawX":22,"rawY":-24,"clippedAbsX":22,"clippedAbsY":24,"clippedX":22,"clippedY":-24,"requestedAppliedX":16.236,"requestedAppliedY":-17.712,"appliedX":16.236,"appliedY":-17.712,"actualX":16,"actualY":-18,"sensitivity":0.738,"currentZoomForScroll":2.579603759066714,"maxScrollStepX":22,"maxScrollStepY":22,"diagonalEvents":2,"clippedEvents":0}
[DebugBridge +29958.4ms] wheel_scroll_motion {"eventCount":2,"rawAbsX":20,"rawAbsY":26,"rawX":20,"rawY":-26,"clippedAbsX":20,"clippedAbsY":26,"clippedX":20,"clippedY":-26,"requestedAppliedX":14.76,"requestedAppliedY":-19.188,"appliedX":14.76,"appliedY":-19.188,"actualX":14.5,"actualY":-19.5,"sensitivity":0.738,"currentZoomForScroll":2.579603759066714,"maxScrollStepX":22,"maxScrollStepY":22,"diagonalEvents":2,"clippedEvents":0}
[DebugBridge +30000.7ms] wheel_scroll_motion {"eventCount":3,"rawAbsX":70,"rawAbsY":110,"rawX":70,"rawY":-110,"clippedAbsX":39.8857897496786,"clippedAbsY":47.8857897496786,"clippedX":39.8857897496786,"clippedY":-47.8857897496786,"requestedAppliedX":27.23014155173653,"requestedAppliedY":-33.134141551736526,"appliedX":22,"appliedY":-22,"actualX":22,"actualY":-22,"sensitivity":0.738,"currentZoomForScroll":2.579603759066714,"maxScrollStepX":22,"maxScrollStepY":22,"diagonalEvents":3,"clippedEvents":1}
[DebugBridge +30007.7ms] wheel_scroll_motion {"eventCount":1,"rawAbsX":2,"rawAbsY":2,"rawX":2,"rawY":-2,"clippedAbsX":2,"clippedAbsY":2,"clippedX":2,"clippedY":-2,"requestedAppliedX":1.476,"requestedAppliedY":-1.476,"appliedX":1.476,"appliedY":-1.476,"actualX":1,"actualY":-1.5,"sensitivity":0.738,"currentZoomForScroll":2.579603759066714,"maxScrollStepX":22,"maxScrollStepY":22,"diagonalEvents":1,"clippedEvents":0}
[DebugBridge +30017.4ms] wheel_scroll_motion {"eventCount":2,"rawAbsX":8,"rawAbsY":12,"rawX":8,"rawY":-12,"clippedAbsX":8,"clippedAbsY":12,"clippedX":8,"clippedY":-12,"requestedAppliedX":5.904,"requestedAppliedY":-8.856,"appliedX":5.904,"appliedY":-8.856,"actualX":5.5,"actualY":-9,"sensitivity":0.738,"currentZoomForScroll":2.579603759066714,"maxScrollStepX":22,"maxScrollStepY":22,"diagonalEvents":2,"clippedEvents":0}
[DebugBridge +30025.6ms] wheel_scroll_motion {"eventCount":2,"rawAbsX":6,"rawAbsY":10,"rawX":6,"rawY":-10,"clippedAbsX":6,"clippedAbsY":10,"clippedX":6,"clippedY":-10,"requestedAppliedX":4.428,"requestedAppliedY":-7.38,"appliedX":4.428,"appliedY":-7.38,"actualX":4,"actualY":-7.5,"sensitivity":0.738,"currentZoomForScroll":2.579603759066714,"maxScrollStepX":22,"maxScrollStepY":22,"diagonalEvents":2,"clippedEvents":0}
[DebugBridge +30034.5ms] wheel_scroll_motion {"eventCount":2,"rawAbsX":4,"rawAbsY":10,"rawX":4,"rawY":-10,"clippedAbsX":4,"clippedAbsY":10,"clippedX":4,"clippedY":-10,"requestedAppliedX":2.952,"requestedAppliedY":-7.38,"appliedX":2.952,"appliedY":-7.38,"actualX":2.5,"actualY":-7.5,"sensitivity":0.738,"currentZoomForScroll":2.579603759066714,"maxScrollStepX":22,"maxScrollStepY":22,"diagonalEvents":2,"clippedEvents":0}
[DebugBridge +30042.1ms] wheel_scroll_motion {"eventCount":2,"rawAbsX":4,"rawAbsY":8,"rawX":0,"rawY":-8,"clippedAbsX":4,"clippedAbsY":8,"clippedX":0,"clippedY":-8,"requestedAppliedX":0,"requestedAppliedY":-5.904,"appliedX":0,"appliedY":-5.904,"actualX":0,"actualY":-6,"sensitivity":0.738,"currentZoomForScroll":2.579603759066714,"maxScrollStepX":22,"maxScrollStepY":22,"diagonalEvents":2,"clippedEvents":0}
[DebugBridge +30049.6ms] wheel_scroll_motion {"eventCount":1,"rawAbsX":2,"rawAbsY":2,"rawX":-2,"rawY":-2,"clippedAbsX":2,"clippedAbsY":2,"clippedX":-2,"clippedY":-2,"requestedAppliedX":-1.476,"requestedAppliedY":-1.476,"appliedX":-1.476,"appliedY":-1.476,"actualX":-1.5,"actualY":-1.5,"sensitivity":0.738,"currentZoomForScroll":2.579603759066714,"maxScrollStepX":22,"maxScrollStepY":22,"diagonalEvents":1,"clippedEvents":0}
[DebugBridge +30057.4ms] wheel_scroll_motion {"eventCount":1,"rawAbsX":6,"rawAbsY":2,"rawX":-6,"rawY":-2,"clippedAbsX":6,"clippedAbsY":2,"clippedX":-6,"clippedY":-2,"requestedAppliedX":-4.428,"requestedAppliedY":-1.476,"appliedX":-4.428,"appliedY":-1.476,"actualX":-4.5,"actualY":-1.5,"sensitivity":0.738,"currentZoomForScroll":2.579603759066714,"maxScrollStepX":22,"maxScrollStepY":22,"diagonalEvents":1,"clippedEvents":0}
[DebugBridge +30068.2ms] wheel_scroll_motion {"eventCount":1,"rawAbsX":12,"rawAbsY":0,"rawX":-12,"rawY":0,"clippedAbsX":12,"clippedAbsY":0,"clippedX":-12,"clippedY":0,"requestedAppliedX":-9.84,"requestedAppliedY":0,"appliedX":-9.84,"appliedY":0,"actualX":-10,"actualY":0,"sensitivity":0.82,"currentZoomForScroll":2.579603759066714,"maxScrollStepX":22,"maxScrollStepY":22,"diagonalEvents":0,"clippedEvents":0}
[DebugBridge +30074.7ms] wheel_scroll_motion {"eventCount":2,"rawAbsX":32,"rawAbsY":2,"rawX":-32,"rawY":2,"clippedAbsX":32,"clippedAbsY":2,"clippedX":-32,"clippedY":2,"requestedAppliedX":-25.092,"requestedAppliedY":1.476,"appliedX":-22,"appliedY":1.476,"actualX":-22,"actualY":1,"sensitivity":0.738,"currentZoomForScroll":2.579603759066714,"maxScrollStepX":22,"maxScrollStepY":22,"diagonalEvents":1,"clippedEvents":0}
[DebugBridge +30085.1ms] wheel_scroll_motion {"eventCount":2,"rawAbsX":28,"rawAbsY":4,"rawX":-28,"rawY":4,"clippedAbsX":28,"clippedAbsY":4,"clippedX":-28,"clippedY":4,"requestedAppliedX":-20.663999999999998,"requestedAppliedY":2.952,"appliedX":-20.663999999999998,"appliedY":2.952,"actualX":-21,"actualY":2.5,"sensitivity":0.738,"currentZoomForScroll":2.579603759066714,"maxScrollStepX":22,"maxScrollStepY":22,"diagonalEvents":2,"clippedEvents":0}
[DebugBridge +30091.7ms] wheel_scroll_motion {"eventCount":2,"rawAbsX":32,"rawAbsY":6,"rawX":-32,"rawY":6,"clippedAbsX":32,"clippedAbsY":6,"clippedX":-32,"clippedY":6,"requestedAppliedX":-23.616,"requestedAppliedY":4.428,"appliedX":-22,"appliedY":4.428,"actualX":-22,"actualY":4,"sensitivity":0.738,"currentZoomForScroll":2.579603759066714,"maxScrollStepX":22,"maxScrollStepY":22,"diagonalEvents":2,"clippedEvents":0}
[DebugBridge +30101.4ms] wheel_scroll_motion {"eventCount":2,"rawAbsX":40,"rawAbsY":8,"rawX":-40,"rawY":8,"clippedAbsX":40,"clippedAbsY":8,"clippedX":-40,"clippedY":8,"requestedAppliedX":-29.520000000000003,"requestedAppliedY":5.904,"appliedX":-22,"appliedY":5.904,"actualX":-22,"actualY":5.5,"sensitivity":0.738,"currentZoomForScroll":2.579603759066714,"maxScrollStepX":22,"maxScrollStepY":22,"diagonalEvents":2,"clippedEvents":0}
[DebugBridge +30109.4ms] wheel_scroll_motion {"eventCount":2,"rawAbsX":34,"rawAbsY":10,"rawX":-34,"rawY":10,"clippedAbsX":34,"clippedAbsY":10,"clippedX":-34,"clippedY":10,"requestedAppliedX":-25.092,"requestedAppliedY":7.38,"appliedX":-22,"appliedY":7.38,"actualX":-22,"actualY":7,"sensitivity":0.738,"currentZoomForScroll":2.579603759066714,"maxScrollStepX":22,"maxScrollStepY":22,"diagonalEvents":2,"clippedEvents":0}
[DebugBridge +30118.0ms] wheel_scroll_motion {"eventCount":2,"rawAbsX":28,"rawAbsY":10,"rawX":-28,"rawY":10,"clippedAbsX":28,"clippedAbsY":10,"clippedX":-28,"clippedY":10,"requestedAppliedX":-20.663999999999998,"requestedAppliedY":7.38,"appliedX":-20.663999999999998,"appliedY":7.38,"actualX":-21,"actualY":7,"sensitivity":0.738,"currentZoomForScroll":2.579603759066714,"maxScrollStepX":22,"maxScrollStepY":22,"diagonalEvents":2,"clippedEvents":0}
[DebugBridge +30126.0ms] wheel_scroll_motion {"eventCount":2,"rawAbsX":22,"rawAbsY":2,"rawX":-22,"rawY":2,"clippedAbsX":22,"clippedAbsY":2,"clippedX":-22,"clippedY":2,"requestedAppliedX":-17.548,"requestedAppliedY":1.476,"appliedX":-17.548,"appliedY":1.476,"actualX":-18,"actualY":1,"sensitivity":0.82,"currentZoomForScroll":2.579603759066714,"maxScrollStepX":22,"maxScrollStepY":22,"diagonalEvents":1,"clippedEvents":0}
[DebugBridge +30134.4ms] wheel_scroll_motion {"eventCount":1,"rawAbsX":30,"rawAbsY":0,"rawX":-30,"rawY":0,"clippedAbsX":29.8857897496786,"clippedAbsY":0,"clippedX":-29.8857897496786,"clippedY":0,"requestedAppliedX":-22.055712835262806,"requestedAppliedY":0,"appliedX":-22,"appliedY":0,"actualX":-22,"actualY":0,"sensitivity":0.738,"currentZoomForScroll":2.579603759066714,"maxScrollStepX":22,"maxScrollStepY":22,"diagonalEvents":0,"clippedEvents":1}
[DebugBridge +30143.4ms] wheel_scroll_motion {"eventCount":1,"rawAbsX":34,"rawAbsY":0,"rawX":-34,"rawY":0,"clippedAbsX":29.8857897496786,"clippedAbsY":0,"clippedX":-29.8857897496786,"clippedY":0,"requestedAppliedX":-22.055712835262806,"requestedAppliedY":0,"appliedX":-22,"appliedY":0,"actualX":-22,"actualY":0,"sensitivity":0.738,"currentZoomForScroll":2.579603759066714,"maxScrollStepX":22,"maxScrollStepY":22,"diagonalEvents":0,"clippedEvents":1}
[DebugBridge +30149.2ms] wheel_scroll_motion {"eventCount":1,"rawAbsX":36,"rawAbsY":0,"rawX":-36,"rawY":0,"clippedAbsX":29.8857897496786,"clippedAbsY":0,"clippedX":-29.8857897496786,"clippedY":0,"requestedAppliedX":-22.055712835262806,"requestedAppliedY":0,"appliedX":-22,"appliedY":0,"actualX":-22,"actualY":0,"sensitivity":0.738,"currentZoomForScroll":2.579603759066714,"maxScrollStepX":22,"maxScrollStepY":22,"diagonalEvents":0,"clippedEvents":1}
[DebugBridge +30159.3ms] wheel_scroll_motion {"eventCount":1,"rawAbsX":38,"rawAbsY":0,"rawX":-38,"rawY":0,"clippedAbsX":29.8857897496786,"clippedAbsY":0,"clippedX":-29.8857897496786,"clippedY":0,"requestedAppliedX":-22.055712835262806,"requestedAppliedY":0,"appliedX":-22,"appliedY":0,"actualX":-22,"actualY":0,"sensitivity":0.738,"currentZoomForScroll":2.579603759066714,"maxScrollStepX":22,"maxScrollStepY":22,"diagonalEvents":0,"clippedEvents":1}
[DebugBridge +30167.2ms] wheel_scroll_motion {"eventCount":1,"rawAbsX":38,"rawAbsY":0,"rawX":-38,"rawY":0,"clippedAbsX":29.8857897496786,"clippedAbsY":0,"clippedX":-29.8857897496786,"clippedY":0,"requestedAppliedX":-22.055712835262806,"requestedAppliedY":0,"appliedX":-22,"appliedY":0,"actualX":-22,"actualY":0,"sensitivity":0.738,"currentZoomForScroll":2.579603759066714,"maxScrollStepX":22,"maxScrollStepY":22,"diagonalEvents":0,"clippedEvents":1}
[DebugBridge +30176.0ms] wheel_scroll_motion {"eventCount":1,"rawAbsX":40,"rawAbsY":0,"rawX":-40,"rawY":0,"clippedAbsX":29.8857897496786,"clippedAbsY":0,"clippedX":-29.8857897496786,"clippedY":0,"requestedAppliedX":-22.055712835262806,"requestedAppliedY":0,"appliedX":-22,"appliedY":0,"actualX":-22,"actualY":0,"sensitivity":0.738,"currentZoomForScroll":2.579603759066714,"maxScrollStepX":22,"maxScrollStepY":22,"diagonalEvents":0,"clippedEvents":1}
[DebugBridge +30184.0ms] wheel_scroll_motion {"eventCount":1,"rawAbsX":44,"rawAbsY":0,"rawX":-44,"rawY":0,"clippedAbsX":29.8857897496786,"clippedAbsY":0,"clippedX":-29.8857897496786,"clippedY":0,"requestedAppliedX":-22.055712835262806,"requestedAppliedY":0,"appliedX":-22,"appliedY":0,"actualX":-22,"actualY":0,"sensitivity":0.738,"currentZoomForScroll":2.579603759066714,"maxScrollStepX":22,"maxScrollStepY":22,"diagonalEvents":0,"clippedEvents":1}
[DebugBridge +30193.2ms] wheel_scroll_motion {"eventCount":1,"rawAbsX":42,"rawAbsY":0,"rawX":-42,"rawY":0,"clippedAbsX":29.8857897496786,"clippedAbsY":0,"clippedX":-29.8857897496786,"clippedY":0,"requestedAppliedX":-22.055712835262806,"requestedAppliedY":0,"appliedX":-22,"appliedY":0,"actualX":-22,"actualY":0,"sensitivity":0.738,"currentZoomForScroll":2.579603759066714,"maxScrollStepX":22,"maxScrollStepY":22,"diagonalEvents":0,"clippedEvents":1}
[DebugBridge +30233.8ms] wheel_scroll_motion {"eventCount":2,"rawAbsX":194,"rawAbsY":0,"rawX":-194,"rawY":0,"clippedAbsX":59.7715794993572,"clippedAbsY":0,"clippedX":-59.7715794993572,"clippedY":0,"requestedAppliedX":-44.11142567052561,"requestedAppliedY":0,"appliedX":-22,"appliedY":0,"actualX":-22,"actualY":0,"sensitivity":0.738,"currentZoomForScroll":2.579603759066714,"maxScrollStepX":22,"maxScrollStepY":22,"diagonalEvents":0,"clippedEvents":2}
[DebugBridge +30241.4ms] wheel_scroll_motion {"eventCount":1,"rawAbsX":34,"rawAbsY":0,"rawX":-34,"rawY":0,"clippedAbsX":29.8857897496786,"clippedAbsY":0,"clippedX":-29.8857897496786,"clippedY":0,"requestedAppliedX":-22.055712835262806,"requestedAppliedY":0,"appliedX":-22,"appliedY":0,"actualX":-22,"actualY":0,"sensitivity":0.738,"currentZoomForScroll":2.579603759066714,"maxScrollStepX":22,"maxScrollStepY":22,"diagonalEvents":0,"clippedEvents":1}
[DebugBridge +30251.0ms] wheel_scroll_motion {"eventCount":1,"rawAbsX":34,"rawAbsY":0,"rawX":-34,"rawY":0,"clippedAbsX":29.8857897496786,"clippedAbsY":0,"clippedX":-29.8857897496786,"clippedY":0,"requestedAppliedX":-22.055712835262806,"requestedAppliedY":0,"appliedX":-22,"appliedY":0,"actualX":-22,"actualY":0,"sensitivity":0.738,"currentZoomForScroll":2.579603759066714,"maxScrollStepX":22,"maxScrollStepY":22,"diagonalEvents":0,"clippedEvents":1}
[DebugBridge +30259.1ms] wheel_scroll_motion {"eventCount":1,"rawAbsX":30,"rawAbsY":0,"rawX":-30,"rawY":0,"clippedAbsX":29.8857897496786,"clippedAbsY":0,"clippedX":-29.8857897496786,"clippedY":0,"requestedAppliedX":-22.055712835262806,"requestedAppliedY":0,"appliedX":-22,"appliedY":0,"actualX":-22,"actualY":0,"sensitivity":0.738,"currentZoomForScroll":2.579603759066714,"maxScrollStepX":22,"maxScrollStepY":22,"diagonalEvents":0,"clippedEvents":1}
[DebugBridge +30267.3ms] wheel_scroll_motion {"eventCount":1,"rawAbsX":30,"rawAbsY":0,"rawX":-30,"rawY":0,"clippedAbsX":29.8857897496786,"clippedAbsY":0,"clippedX":-29.8857897496786,"clippedY":0,"requestedAppliedX":-22.055712835262806,"requestedAppliedY":0,"appliedX":-22,"appliedY":0,"actualX":-22,"actualY":0,"sensitivity":0.738,"currentZoomForScroll":2.579603759066714,"maxScrollStepX":22,"maxScrollStepY":22,"diagonalEvents":0,"clippedEvents":1}
[DebugBridge +30277.0ms] wheel_scroll_motion {"eventCount":1,"rawAbsX":30,"rawAbsY":0,"rawX":-30,"rawY":0,"clippedAbsX":29.8857897496786,"clippedAbsY":0,"clippedX":-29.8857897496786,"clippedY":0,"requestedAppliedX":-22.055712835262806,"requestedAppliedY":0,"appliedX":-22,"appliedY":0,"actualX":-22,"actualY":0,"sensitivity":0.738,"currentZoomForScroll":2.579603759066714,"maxScrollStepX":22,"maxScrollStepY":22,"diagonalEvents":0,"clippedEvents":1}
[DebugBridge +30283.6ms] wheel_scroll_motion {"eventCount":1,"rawAbsX":26,"rawAbsY":0,"rawX":-26,"rawY":0,"clippedAbsX":26,"clippedAbsY":0,"clippedX":-26,"clippedY":0,"requestedAppliedX":-21.32,"requestedAppliedY":0,"appliedX":-21.32,"appliedY":0,"actualX":-21.5,"actualY":0,"sensitivity":0.82,"currentZoomForScroll":2.579603759066714,"maxScrollStepX":22,"maxScrollStepY":22,"diagonalEvents":0,"clippedEvents":0}
[DebugBridge +30292.9ms] wheel_scroll_motion {"eventCount":1,"rawAbsX":26,"rawAbsY":0,"rawX":-26,"rawY":0,"clippedAbsX":26,"clippedAbsY":0,"clippedX":-26,"clippedY":0,"requestedAppliedX":-21.32,"requestedAppliedY":0,"appliedX":-21.32,"appliedY":0,"actualX":-21.5,"actualY":0,"sensitivity":0.82,"currentZoomForScroll":2.579603759066714,"maxScrollStepX":22,"maxScrollStepY":22,"diagonalEvents":0,"clippedEvents":0}
[DebugBridge +30300.8ms] wheel_scroll_motion {"eventCount":1,"rawAbsX":26,"rawAbsY":0,"rawX":-26,"rawY":0,"clippedAbsX":26,"clippedAbsY":0,"clippedX":-26,"clippedY":0,"requestedAppliedX":-21.32,"requestedAppliedY":0,"appliedX":-21.32,"appliedY":0,"actualX":-21.5,"actualY":0,"sensitivity":0.82,"currentZoomForScroll":2.579603759066714,"maxScrollStepX":22,"maxScrollStepY":22,"diagonalEvents":0,"clippedEvents":0}
[DebugBridge +30307.8ms] wheel_scroll_motion {"eventCount":1,"rawAbsX":24,"rawAbsY":0,"rawX":-24,"rawY":0,"clippedAbsX":24,"clippedAbsY":0,"clippedX":-24,"clippedY":0,"requestedAppliedX":-19.68,"requestedAppliedY":0,"appliedX":-19.68,"appliedY":0,"actualX":-20,"actualY":0,"sensitivity":0.82,"currentZoomForScroll":2.579603759066714,"maxScrollStepX":22,"maxScrollStepY":22,"diagonalEvents":0,"clippedEvents":0}
[DebugBridge +30316.3ms] wheel_scroll_motion {"eventCount":1,"rawAbsX":22,"rawAbsY":0,"rawX":-22,"rawY":0,"clippedAbsX":22,"clippedAbsY":0,"clippedX":-22,"clippedY":0,"requestedAppliedX":-18.04,"requestedAppliedY":0,"appliedX":-18.04,"appliedY":0,"actualX":-18.5,"actualY":0,"sensitivity":0.82,"currentZoomForScroll":2.579603759066714,"maxScrollStepX":22,"maxScrollStepY":22,"diagonalEvents":0,"clippedEvents":0}
[DebugBridge +30325.1ms] wheel_scroll_motion {"eventCount":1,"rawAbsX":22,"rawAbsY":0,"rawX":-22,"rawY":0,"clippedAbsX":22,"clippedAbsY":0,"clippedX":-22,"clippedY":0,"requestedAppliedX":-18.04,"requestedAppliedY":0,"appliedX":-18.04,"appliedY":0,"actualX":-18.5,"actualY":0,"sensitivity":0.82,"currentZoomForScroll":2.579603759066714,"maxScrollStepX":22,"maxScrollStepY":22,"diagonalEvents":0,"clippedEvents":0}
[DebugBridge +30334.3ms] wheel_scroll_motion {"eventCount":1,"rawAbsX":22,"rawAbsY":0,"rawX":-22,"rawY":0,"clippedAbsX":22,"clippedAbsY":0,"clippedX":-22,"clippedY":0,"requestedAppliedX":-18.04,"requestedAppliedY":0,"appliedX":-18.04,"appliedY":0,"actualX":-18.5,"actualY":0,"sensitivity":0.82,"currentZoomForScroll":2.579603759066714,"maxScrollStepX":22,"maxScrollStepY":22,"diagonalEvents":0,"clippedEvents":0}
[DebugBridge +30342.7ms] wheel_scroll_motion {"eventCount":1,"rawAbsX":20,"rawAbsY":0,"rawX":-20,"rawY":0,"clippedAbsX":20,"clippedAbsY":0,"clippedX":-20,"clippedY":0,"requestedAppliedX":-16.4,"requestedAppliedY":0,"appliedX":-16.4,"appliedY":0,"actualX":-16.5,"actualY":0,"sensitivity":0.82,"currentZoomForScroll":2.579603759066714,"maxScrollStepX":22,"maxScrollStepY":22,"diagonalEvents":0,"clippedEvents":0}
[DebugBridge +30350.9ms] wheel_scroll_motion {"eventCount":1,"rawAbsX":20,"rawAbsY":0,"rawX":-20,"rawY":0,"clippedAbsX":20,"clippedAbsY":0,"clippedX":-20,"clippedY":0,"requestedAppliedX":-16.4,"requestedAppliedY":0,"appliedX":-16.4,"appliedY":0,"actualX":-16.5,"actualY":0,"sensitivity":0.82,"currentZoomForScroll":2.579603759066714,"maxScrollStepX":22,"maxScrollStepY":22,"diagonalEvents":0,"clippedEvents":0}
[DebugBridge +30359.0ms] wheel_scroll_motion {"eventCount":1,"rawAbsX":18,"rawAbsY":0,"rawX":-18,"rawY":0,"clippedAbsX":18,"clippedAbsY":0,"clippedX":-18,"clippedY":0,"requestedAppliedX":-14.76,"requestedAppliedY":0,"appliedX":-14.76,"appliedY":0,"actualX":-15,"actualY":0,"sensitivity":0.82,"currentZoomForScroll":2.579603759066714,"maxScrollStepX":22,"maxScrollStepY":22,"diagonalEvents":0,"clippedEvents":0}
[DebugBridge +30368.3ms] wheel_scroll_motion {"eventCount":1,"rawAbsX":18,"rawAbsY":0,"rawX":-18,"rawY":0,"clippedAbsX":18,"clippedAbsY":0,"clippedX":-18,"clippedY":0,"requestedAppliedX":-14.76,"requestedAppliedY":0,"appliedX":-14.76,"appliedY":0,"actualX":-15,"actualY":0,"sensitivity":0.82,"currentZoomForScroll":2.579603759066714,"maxScrollStepX":22,"maxScrollStepY":22,"diagonalEvents":0,"clippedEvents":0}
[DebugBridge +30376.3ms] wheel_scroll_motion {"eventCount":1,"rawAbsX":16,"rawAbsY":0,"rawX":-16,"rawY":0,"clippedAbsX":16,"clippedAbsY":0,"clippedX":-16,"clippedY":0,"requestedAppliedX":-13.12,"requestedAppliedY":0,"appliedX":-13.12,"appliedY":0,"actualX":-13.5,"actualY":0,"sensitivity":0.82,"currentZoomForScroll":2.579603759066714,"maxScrollStepX":22,"maxScrollStepY":22,"diagonalEvents":0,"clippedEvents":0}
[DebugBridge +30383.1ms] wheel_scroll_motion {"eventCount":1,"rawAbsX":16,"rawAbsY":0,"rawX":-16,"rawY":0,"clippedAbsX":16,"clippedAbsY":0,"clippedX":-16,"clippedY":0,"requestedAppliedX":-13.12,"requestedAppliedY":0,"appliedX":-13.12,"appliedY":0,"actualX":-13.5,"actualY":0,"sensitivity":0.82,"currentZoomForScroll":2.579603759066714,"maxScrollStepX":22,"maxScrollStepY":22,"diagonalEvents":0,"clippedEvents":0}
[DebugBridge +30393.0ms] wheel_scroll_motion {"eventCount":1,"rawAbsX":16,"rawAbsY":0,"rawX":-16,"rawY":0,"clippedAbsX":16,"clippedAbsY":0,"clippedX":-16,"clippedY":0,"requestedAppliedX":-13.12,"requestedAppliedY":0,"appliedX":-13.12,"appliedY":0,"actualX":-13.5,"actualY":0,"sensitivity":0.82,"currentZoomForScroll":2.579603759066714,"maxScrollStepX":22,"maxScrollStepY":22,"diagonalEvents":0,"clippedEvents":0}
[DebugBridge +30401.5ms] wheel_scroll_motion {"eventCount":1,"rawAbsX":16,"rawAbsY":0,"rawX":-16,"rawY":0,"clippedAbsX":16,"clippedAbsY":0,"clippedX":-16,"clippedY":0,"requestedAppliedX":-13.12,"requestedAppliedY":0,"appliedX":-13.12,"appliedY":0,"actualX":-13.5,"actualY":0,"sensitivity":0.82,"currentZoomForScroll":2.579603759066714,"maxScrollStepX":22,"maxScrollStepY":22,"diagonalEvents":0,"clippedEvents":0}
[DebugBridge +30409.7ms] wheel_scroll_motion {"eventCount":1,"rawAbsX":14,"rawAbsY":0,"rawX":-14,"rawY":0,"clippedAbsX":14,"clippedAbsY":0,"clippedX":-14,"clippedY":0,"requestedAppliedX":-11.479999999999999,"requestedAppliedY":0,"appliedX":-11.479999999999999,"appliedY":0,"actualX":-11.5,"actualY":0,"sensitivity":0.82,"currentZoomForScroll":2.579603759066714,"maxScrollStepX":22,"maxScrollStepY":22,"diagonalEvents":0,"clippedEvents":0}
[DebugBridge +30417.4ms] wheel_scroll_motion {"eventCount":1,"rawAbsX":14,"rawAbsY":0,"rawX":-14,"rawY":0,"clippedAbsX":14,"clippedAbsY":0,"clippedX":-14,"clippedY":0,"requestedAppliedX":-11.479999999999999,"requestedAppliedY":0,"appliedX":-11.479999999999999,"appliedY":0,"actualX":-11.5,"actualY":0,"sensitivity":0.82,"currentZoomForScroll":2.579603759066714,"maxScrollStepX":22,"maxScrollStepY":22,"diagonalEvents":0,"clippedEvents":0}
[DebugBridge +30427.7ms] wheel_scroll_motion {"eventCount":1,"rawAbsX":14,"rawAbsY":0,"rawX":-14,"rawY":0,"clippedAbsX":14,"clippedAbsY":0,"clippedX":-14,"clippedY":0,"requestedAppliedX":-11.479999999999999,"requestedAppliedY":0,"appliedX":-11.479999999999999,"appliedY":0,"actualX":-11.5,"actualY":0,"sensitivity":0.82,"currentZoomForScroll":2.579603759066714,"maxScrollStepX":22,"maxScrollStepY":22,"diagonalEvents":0,"clippedEvents":0}
[DebugBridge +30434.0ms] wheel_scroll_motion {"eventCount":1,"rawAbsX":14,"rawAbsY":0,"rawX":-14,"rawY":0,"clippedAbsX":14,"clippedAbsY":0,"clippedX":-14,"clippedY":0,"requestedAppliedX":-11.479999999999999,"requestedAppliedY":0,"appliedX":-11.479999999999999,"appliedY":0,"actualX":-11.5,"actualY":0,"sensitivity":0.82,"currentZoomForScroll":2.579603759066714,"maxScrollStepX":22,"maxScrollStepY":22,"diagonalEvents":0,"clippedEvents":0}
[DebugBridge +30476.3ms] wheel_scroll_motion {"eventCount":2,"rawAbsX":54,"rawAbsY":0,"rawX":-54,"rawY":0,"clippedAbsX":39.8857897496786,"clippedAbsY":0,"clippedX":-39.8857897496786,"clippedY":0,"requestedAppliedX":-30.255712835262806,"requestedAppliedY":0,"appliedX":-22,"appliedY":0,"actualX":-22,"actualY":0,"sensitivity":0.82,"currentZoomForScroll":2.579603759066714,"maxScrollStepX":22,"maxScrollStepY":22,"diagonalEvents":0,"clippedEvents":1}
[DebugBridge +30508.9ms] wheel_scroll_motion {"eventCount":1,"rawAbsX":4,"rawAbsY":2,"rawX":4,"rawY":2,"clippedAbsX":4,"clippedAbsY":2,"clippedX":4,"clippedY":2,"requestedAppliedX":2.952,"requestedAppliedY":1.476,"appliedX":2.952,"appliedY":1.476,"actualX":2.5,"actualY":1,"sensitivity":0.738,"currentZoomForScroll":2.579603759066714,"maxScrollStepX":22,"maxScrollStepY":22,"diagonalEvents":1,"clippedEvents":0}
[DebugBridge +30517.3ms] wheel_scroll_motion {"eventCount":2,"rawAbsX":14,"rawAbsY":6,"rawX":14,"rawY":6,"clippedAbsX":14,"clippedAbsY":6,"clippedX":14,"clippedY":6,"requestedAppliedX":10.332,"requestedAppliedY":4.428,"appliedX":10.332,"appliedY":4.428,"actualX":10,"actualY":4,"sensitivity":0.738,"currentZoomForScroll":2.579603759066714,"maxScrollStepX":22,"maxScrollStepY":22,"diagonalEvents":2,"clippedEvents":0}
[DebugBridge +30525.1ms] wheel_scroll_motion {"eventCount":2,"rawAbsX":16,"rawAbsY":6,"rawX":16,"rawY":6,"clippedAbsX":16,"clippedAbsY":6,"clippedX":16,"clippedY":6,"requestedAppliedX":11.808,"requestedAppliedY":4.428,"appliedX":11.808,"appliedY":4.428,"actualX":11.5,"actualY":4,"sensitivity":0.738,"currentZoomForScroll":2.579603759066714,"maxScrollStepX":22,"maxScrollStepY":22,"diagonalEvents":2,"clippedEvents":0}
[DebugBridge +30532.8ms] wheel_scroll_motion {"eventCount":2,"rawAbsX":18,"rawAbsY":6,"rawX":18,"rawY":6,"clippedAbsX":18,"clippedAbsY":6,"clippedX":18,"clippedY":6,"requestedAppliedX":13.284,"requestedAppliedY":4.428,"appliedX":13.284,"appliedY":4.428,"actualX":13,"actualY":4,"sensitivity":0.738,"currentZoomForScroll":2.579603759066714,"maxScrollStepX":22,"maxScrollStepY":22,"diagonalEvents":2,"clippedEvents":0}
[DebugBridge +30543.2ms] wheel_scroll_motion {"eventCount":2,"rawAbsX":18,"rawAbsY":6,"rawX":18,"rawY":6,"clippedAbsX":18,"clippedAbsY":6,"clippedX":18,"clippedY":6,"requestedAppliedX":13.283999999999999,"requestedAppliedY":4.428,"appliedX":13.283999999999999,"appliedY":4.428,"actualX":13,"actualY":4,"sensitivity":0.738,"currentZoomForScroll":2.579603759066714,"maxScrollStepX":22,"maxScrollStepY":22,"diagonalEvents":2,"clippedEvents":0}
[DebugBridge +30550.2ms] wheel_scroll_motion {"eventCount":1,"rawAbsX":18,"rawAbsY":4,"rawX":18,"rawY":4,"clippedAbsX":18,"clippedAbsY":4,"clippedX":18,"clippedY":4,"requestedAppliedX":13.283999999999999,"requestedAppliedY":2.952,"appliedX":13.283999999999999,"appliedY":2.952,"actualX":13,"actualY":2.5,"sensitivity":0.738,"currentZoomForScroll":2.579603759066714,"maxScrollStepX":22,"maxScrollStepY":22,"diagonalEvents":1,"clippedEvents":0}
[DebugBridge +30560.0ms] wheel_scroll_motion {"eventCount":2,"rawAbsX":34,"rawAbsY":8,"rawX":34,"rawY":8,"clippedAbsX":34,"clippedAbsY":8,"clippedX":34,"clippedY":8,"requestedAppliedX":25.092,"requestedAppliedY":5.904,"appliedX":22,"appliedY":5.904,"actualX":22,"actualY":5.5,"sensitivity":0.738,"currentZoomForScroll":2.579603759066714,"maxScrollStepX":22,"maxScrollStepY":22,"diagonalEvents":2,"clippedEvents":0}
[DebugBridge +30567.2ms] wheel_scroll_motion {"eventCount":1,"rawAbsX":14,"rawAbsY":4,"rawX":14,"rawY":4,"clippedAbsX":14,"clippedAbsY":4,"clippedX":14,"clippedY":4,"requestedAppliedX":10.332,"requestedAppliedY":2.952,"appliedX":10.332,"appliedY":2.952,"actualX":10,"actualY":2.5,"sensitivity":0.738,"currentZoomForScroll":2.579603759066714,"maxScrollStepX":22,"maxScrollStepY":22,"diagonalEvents":1,"clippedEvents":0}
[DebugBridge +30576.0ms] wheel_scroll_motion {"eventCount":1,"rawAbsX":32,"rawAbsY":6,"rawX":32,"rawY":6,"clippedAbsX":29.8857897496786,"clippedAbsY":6,"clippedX":29.8857897496786,"clippedY":6,"requestedAppliedX":19.850141551736527,"requestedAppliedY":3.9852,"appliedX":19.850141551736527,"appliedY":3.9852,"actualX":19.5,"actualY":3.5,"sensitivity":0.6642,"currentZoomForScroll":2.579603759066714,"maxScrollStepX":22,"maxScrollStepY":22,"diagonalEvents":1,"clippedEvents":1}
[DebugBridge +30582.5ms] wheel_scroll_motion {"eventCount":1,"rawAbsX":32,"rawAbsY":6,"rawX":32,"rawY":6,"clippedAbsX":29.8857897496786,"clippedAbsY":6,"clippedX":29.8857897496786,"clippedY":6,"requestedAppliedX":19.850141551736527,"requestedAppliedY":3.9852,"appliedX":19.850141551736527,"appliedY":3.9852,"actualX":19.5,"actualY":3.5,"sensitivity":0.6642,"currentZoomForScroll":2.579603759066714,"maxScrollStepX":22,"maxScrollStepY":22,"diagonalEvents":1,"clippedEvents":1}
[DebugBridge +30592.3ms] wheel_scroll_motion {"eventCount":1,"rawAbsX":34,"rawAbsY":6,"rawX":34,"rawY":6,"clippedAbsX":29.8857897496786,"clippedAbsY":6,"clippedX":29.8857897496786,"clippedY":6,"requestedAppliedX":19.850141551736527,"requestedAppliedY":3.9852,"appliedX":19.850141551736527,"appliedY":3.9852,"actualX":19.5,"actualY":3.5,"sensitivity":0.6642,"currentZoomForScroll":2.579603759066714,"maxScrollStepX":22,"maxScrollStepY":22,"diagonalEvents":1,"clippedEvents":1}
[DebugBridge +30601.3ms] wheel_scroll_motion {"eventCount":2,"rawAbsX":52,"rawAbsY":10,"rawX":52,"rawY":10,"clippedAbsX":49.8857897496786,"clippedAbsY":10,"clippedX":49.8857897496786,"clippedY":10,"requestedAppliedX":34.610141551736525,"requestedAppliedY":6.9372,"appliedX":22,"appliedY":6.9372,"actualX":22,"actualY":6.5,"sensitivity":0.738,"currentZoomForScroll":2.579603759066714,"maxScrollStepX":22,"maxScrollStepY":22,"diagonalEvents":2,"clippedEvents":1}
[DebugBridge +30609.8ms] wheel_scroll_motion {"eventCount":1,"rawAbsX":14,"rawAbsY":2,"rawX":14,"rawY":2,"clippedAbsX":14,"clippedAbsY":2,"clippedX":14,"clippedY":2,"requestedAppliedX":10.332,"requestedAppliedY":1.476,"appliedX":10.332,"appliedY":1.476,"actualX":10,"actualY":1,"sensitivity":0.738,"currentZoomForScroll":2.579603759066714,"maxScrollStepX":22,"maxScrollStepY":22,"diagonalEvents":1,"clippedEvents":0}
[DebugBridge +30617.5ms] wheel_scroll_motion {"eventCount":2,"rawAbsX":46,"rawAbsY":8,"rawX":46,"rawY":8,"clippedAbsX":46,"clippedAbsY":8,"clippedX":46,"clippedY":8,"requestedAppliedX":33.948,"requestedAppliedY":5.904,"appliedX":22,"appliedY":5.904,"actualX":22,"actualY":5.5,"sensitivity":0.738,"currentZoomForScroll":2.579603759066714,"maxScrollStepX":22,"maxScrollStepY":22,"diagonalEvents":2,"clippedEvents":0}
[DebugBridge +30627.0ms] wheel_scroll_motion {"eventCount":2,"rawAbsX":26,"rawAbsY":4,"rawX":26,"rawY":4,"clippedAbsX":26,"clippedAbsY":4,"clippedX":26,"clippedY":4,"requestedAppliedX":19.188,"requestedAppliedY":2.952,"appliedX":19.188,"appliedY":2.952,"actualX":19,"actualY":2.5,"sensitivity":0.738,"currentZoomForScroll":2.579603759066714,"maxScrollStepX":22,"maxScrollStepY":22,"diagonalEvents":2,"clippedEvents":0}
[DebugBridge +30635.9ms] wheel_scroll_motion {"eventCount":2,"rawAbsX":24,"rawAbsY":4,"rawX":24,"rawY":4,"clippedAbsX":24,"clippedAbsY":4,"clippedX":24,"clippedY":4,"requestedAppliedX":17.712,"requestedAppliedY":2.952,"appliedX":17.712,"appliedY":2.952,"actualX":17.5,"actualY":2.5,"sensitivity":0.738,"currentZoomForScroll":2.579603759066714,"maxScrollStepX":22,"maxScrollStepY":22,"diagonalEvents":2,"clippedEvents":0}
[DebugBridge +30642.4ms] wheel_scroll_motion {"eventCount":2,"rawAbsX":18,"rawAbsY":2,"rawX":18,"rawY":2,"clippedAbsX":18,"clippedAbsY":2,"clippedX":18,"clippedY":2,"requestedAppliedX":13.94,"requestedAppliedY":1.476,"appliedX":13.94,"appliedY":1.476,"actualX":13.5,"actualY":1,"sensitivity":0.82,"currentZoomForScroll":2.579603759066714,"maxScrollStepX":22,"maxScrollStepY":22,"diagonalEvents":1,"clippedEvents":0}
[DebugBridge +30652.2ms] wheel_scroll_motion {"eventCount":2,"rawAbsX":16,"rawAbsY":2,"rawX":16,"rawY":-2,"clippedAbsX":16,"clippedAbsY":2,"clippedX":16,"clippedY":-2,"requestedAppliedX":12.136,"requestedAppliedY":-1.476,"appliedX":12.136,"appliedY":-1.476,"actualX":12,"actualY":-1.5,"sensitivity":0.738,"currentZoomForScroll":2.579603759066714,"maxScrollStepX":22,"maxScrollStepY":22,"diagonalEvents":1,"clippedEvents":0}
[DebugBridge +30661.2ms] wheel_scroll_motion {"eventCount":1,"rawAbsX":6,"rawAbsY":2,"rawX":6,"rawY":-2,"clippedAbsX":6,"clippedAbsY":2,"clippedX":6,"clippedY":-2,"requestedAppliedX":4.428,"requestedAppliedY":-1.476,"appliedX":4.428,"appliedY":-1.476,"actualX":4,"actualY":-1.5,"sensitivity":0.738,"currentZoomForScroll":2.579603759066714,"maxScrollStepX":22,"maxScrollStepY":22,"diagonalEvents":1,"clippedEvents":0}
[DebugBridge +30668.3ms] wheel_scroll_motion {"eventCount":2,"rawAbsX":22,"rawAbsY":6,"rawX":22,"rawY":-6,"clippedAbsX":22,"clippedAbsY":6,"clippedX":22,"clippedY":-6,"requestedAppliedX":16.236,"requestedAppliedY":-4.428,"appliedX":16.236,"appliedY":-4.428,"actualX":16,"actualY":-4.5,"sensitivity":0.738,"currentZoomForScroll":2.579603759066714,"maxScrollStepX":22,"maxScrollStepY":22,"diagonalEvents":2,"clippedEvents":0}
[DebugBridge +30675.2ms] wheel_scroll_motion {"eventCount":1,"rawAbsX":4,"rawAbsY":2,"rawX":4,"rawY":-2,"clippedAbsX":4,"clippedAbsY":2,"clippedX":4,"clippedY":-2,"requestedAppliedX":2.952,"requestedAppliedY":-1.476,"appliedX":2.952,"appliedY":-1.476,"actualX":2.5,"actualY":-1.5,"sensitivity":0.738,"currentZoomForScroll":2.579603759066714,"maxScrollStepX":22,"maxScrollStepY":22,"diagonalEvents":1,"clippedEvents":0}
[DebugBridge +30715.8ms] wheel_scroll_motion {"eventCount":3,"rawAbsX":14,"rawAbsY":64,"rawX":-2,"rawY":-64,"clippedAbsX":14,"clippedAbsY":41.8857897496786,"clippedX":-2,"clippedY":-41.8857897496786,"requestedAppliedX":-1.3284000000000002,"requestedAppliedY":-28.706141551736525,"appliedX":-1.3284000000000002,"appliedY":-22,"actualX":-1.5,"actualY":-22,"sensitivity":0.738,"currentZoomForScroll":2.579603759066714,"maxScrollStepX":22,"maxScrollStepY":22,"diagonalEvents":3,"clippedEvents":1}
[DebugBridge +30724.7ms] wheel_scroll_motion {"eventCount":2,"rawAbsX":14,"rawAbsY":14,"rawX":-14,"rawY":-14,"clippedAbsX":14,"clippedAbsY":14,"clippedX":-14,"clippedY":-14,"requestedAppliedX":-10.332,"requestedAppliedY":-10.332,"appliedX":-10.332,"appliedY":-10.332,"actualX":-10.5,"actualY":-10.5,"sensitivity":0.738,"currentZoomForScroll":2.579603759066714,"maxScrollStepX":22,"maxScrollStepY":22,"diagonalEvents":2,"clippedEvents":0}
[DebugBridge +30733.9ms] wheel_scroll_motion {"eventCount":2,"rawAbsX":20,"rawAbsY":14,"rawX":-20,"rawY":-14,"clippedAbsX":20,"clippedAbsY":14,"clippedX":-20,"clippedY":-14,"requestedAppliedX":-14.76,"requestedAppliedY":-10.332,"appliedX":-14.76,"appliedY":-10.332,"actualX":-15,"actualY":-10.5,"sensitivity":0.738,"currentZoomForScroll":2.579603759066714,"maxScrollStepX":22,"maxScrollStepY":22,"diagonalEvents":2,"clippedEvents":0}
[DebugBridge +30742.0ms] wheel_scroll_motion {"eventCount":1,"rawAbsX":22,"rawAbsY":12,"rawX":-22,"rawY":-12,"clippedAbsX":22,"clippedAbsY":12,"clippedX":-22,"clippedY":-12,"requestedAppliedX":-16.236,"requestedAppliedY":-8.856,"appliedX":-16.236,"appliedY":-8.856,"actualX":-16.5,"actualY":-9,"sensitivity":0.738,"currentZoomForScroll":2.579603759066714,"maxScrollStepX":22,"maxScrollStepY":22,"diagonalEvents":1,"clippedEvents":0}
[DebugBridge +30751.4ms] wheel_scroll_motion {"eventCount":2,"rawAbsX":28,"rawAbsY":10,"rawX":-28,"rawY":-10,"clippedAbsX":28,"clippedAbsY":10,"clippedX":-28,"clippedY":-10,"requestedAppliedX":-20.663999999999998,"requestedAppliedY":-7.38,"appliedX":-20.663999999999998,"appliedY":-7.38,"actualX":-21,"actualY":-7.5,"sensitivity":0.738,"currentZoomForScroll":2.579603759066714,"maxScrollStepX":22,"maxScrollStepY":22,"diagonalEvents":2,"clippedEvents":0}
[DebugBridge +30759.3ms] wheel_scroll_motion {"eventCount":2,"rawAbsX":30,"rawAbsY":8,"rawX":-30,"rawY":-8,"clippedAbsX":30,"clippedAbsY":8,"clippedX":-30,"clippedY":-8,"requestedAppliedX":-22.14,"requestedAppliedY":-5.904,"appliedX":-22,"appliedY":-5.904,"actualX":-22,"actualY":-6,"sensitivity":0.738,"currentZoomForScroll":2.579603759066714,"maxScrollStepX":22,"maxScrollStepY":22,"diagonalEvents":2,"clippedEvents":0}
[DebugBridge +30766.8ms] wheel_scroll_motion {"eventCount":2,"rawAbsX":34,"rawAbsY":6,"rawX":-34,"rawY":-6,"clippedAbsX":34,"clippedAbsY":6,"clippedX":-34,"clippedY":-6,"requestedAppliedX":-25.092,"requestedAppliedY":-4.428,"appliedX":-22,"appliedY":-4.428,"actualX":-22,"actualY":-4.5,"sensitivity":0.738,"currentZoomForScroll":2.579603759066714,"maxScrollStepX":22,"maxScrollStepY":22,"diagonalEvents":2,"clippedEvents":0}
[DebugBridge +30776.4ms] wheel_scroll_motion {"eventCount":2,"rawAbsX":34,"rawAbsY":4,"rawX":-34,"rawY":-4,"clippedAbsX":34,"clippedAbsY":4,"clippedX":-34,"clippedY":-4,"requestedAppliedX":-25.092,"requestedAppliedY":-2.952,"appliedX":-22,"appliedY":-2.952,"actualX":-22,"actualY":-3,"sensitivity":0.738,"currentZoomForScroll":2.579603759066714,"maxScrollStepX":22,"maxScrollStepY":22,"diagonalEvents":2,"clippedEvents":0}
[DebugBridge +30784.0ms] wheel_scroll_motion {"eventCount":2,"rawAbsX":32,"rawAbsY":4,"rawX":-32,"rawY":-4,"clippedAbsX":32,"clippedAbsY":4,"clippedX":-32,"clippedY":-4,"requestedAppliedX":-23.616,"requestedAppliedY":-2.952,"appliedX":-22,"appliedY":-2.952,"actualX":-22,"actualY":-3,"sensitivity":0.738,"currentZoomForScroll":2.579603759066714,"maxScrollStepX":22,"maxScrollStepY":22,"diagonalEvents":2,"clippedEvents":0}
[DebugBridge +30793.7ms] wheel_scroll_motion {"eventCount":2,"rawAbsX":24,"rawAbsY":4,"rawX":-24,"rawY":4,"clippedAbsX":24,"clippedAbsY":4,"clippedX":-24,"clippedY":4,"requestedAppliedX":-17.712,"requestedAppliedY":2.952,"appliedX":-17.712,"appliedY":2.952,"actualX":-18,"actualY":2.5,"sensitivity":0.738,"currentZoomForScroll":2.579603759066714,"maxScrollStepX":22,"maxScrollStepY":22,"diagonalEvents":2,"clippedEvents":0}
[DebugBridge +30801.5ms] wheel_scroll_motion {"eventCount":2,"rawAbsX":18,"rawAbsY":6,"rawX":-18,"rawY":6,"clippedAbsX":18,"clippedAbsY":6,"clippedX":-18,"clippedY":6,"requestedAppliedX":-13.283999999999999,"requestedAppliedY":4.428,"appliedX":-13.283999999999999,"appliedY":4.428,"actualX":-13.5,"actualY":4,"sensitivity":0.738,"currentZoomForScroll":2.579603759066714,"maxScrollStepX":22,"maxScrollStepY":22,"diagonalEvents":2,"clippedEvents":0}
[DebugBridge +30810.0ms] wheel_scroll_motion {"eventCount":2,"rawAbsX":22,"rawAbsY":8,"rawX":-22,"rawY":8,"clippedAbsX":22,"clippedAbsY":8,"clippedX":-22,"clippedY":8,"requestedAppliedX":-16.236,"requestedAppliedY":5.904,"appliedX":-16.236,"appliedY":5.904,"actualX":-16.5,"actualY":5.5,"sensitivity":0.738,"currentZoomForScroll":2.579603759066714,"maxScrollStepX":22,"maxScrollStepY":22,"diagonalEvents":2,"clippedEvents":0}
[DebugBridge +30819.4ms] wheel_scroll_motion {"eventCount":2,"rawAbsX":22,"rawAbsY":18,"rawX":-22,"rawY":18,"clippedAbsX":22,"clippedAbsY":18,"clippedX":-22,"clippedY":18,"requestedAppliedX":-16.236,"requestedAppliedY":13.283999999999999,"appliedX":-16.236,"appliedY":13.283999999999999,"actualX":-16.5,"actualY":13,"sensitivity":0.738,"currentZoomForScroll":2.579603759066714,"maxScrollStepX":22,"maxScrollStepY":22,"diagonalEvents":2,"clippedEvents":0}
[DebugBridge +30825.5ms] wheel_scroll_motion {"eventCount":1,"rawAbsX":6,"rawAbsY":8,"rawX":-6,"rawY":8,"clippedAbsX":6,"clippedAbsY":8,"clippedX":-6,"clippedY":8,"requestedAppliedX":-4.428,"requestedAppliedY":5.904,"appliedX":-4.428,"appliedY":5.904,"actualX":-4.5,"actualY":5.5,"sensitivity":0.738,"currentZoomForScroll":2.579603759066714,"maxScrollStepX":22,"maxScrollStepY":22,"diagonalEvents":1,"clippedEvents":0}
[DebugBridge +30833.6ms] wheel_scroll_motion {"eventCount":1,"rawAbsX":10,"rawAbsY":18,"rawX":-10,"rawY":18,"clippedAbsX":10,"clippedAbsY":18,"clippedX":-10,"clippedY":18,"requestedAppliedX":-7.38,"requestedAppliedY":13.283999999999999,"appliedX":-7.38,"appliedY":13.283999999999999,"actualX":-7.5,"actualY":13,"sensitivity":0.738,"currentZoomForScroll":2.579603759066714,"maxScrollStepX":22,"maxScrollStepY":22,"diagonalEvents":1,"clippedEvents":0}
[DebugBridge +30841.8ms] wheel_scroll_motion {"eventCount":2,"rawAbsX":4,"rawAbsY":30,"rawX":-4,"rawY":30,"clippedAbsX":4,"clippedAbsY":30,"clippedX":-4,"clippedY":30,"requestedAppliedX":-2.952,"requestedAppliedY":22.14,"appliedX":-2.952,"appliedY":22,"actualX":-3,"actualY":22,"sensitivity":0.738,"currentZoomForScroll":2.579603759066714,"maxScrollStepX":22,"maxScrollStepY":22,"diagonalEvents":2,"clippedEvents":0}
[DebugBridge +30851.4ms] wheel_scroll_motion {"eventCount":2,"rawAbsX":4,"rawAbsY":26,"rawX":0,"rawY":26,"clippedAbsX":4,"clippedAbsY":26,"clippedX":0,"clippedY":26,"requestedAppliedX":0,"requestedAppliedY":19.188,"appliedX":0,"appliedY":19.188,"actualX":0,"actualY":19,"sensitivity":0.738,"currentZoomForScroll":2.579603759066714,"maxScrollStepX":22,"maxScrollStepY":22,"diagonalEvents":2,"clippedEvents":0}
[DebugBridge +30860.4ms] wheel_scroll_motion {"eventCount":2,"rawAbsX":6,"rawAbsY":30,"rawX":6,"rawY":30,"clippedAbsX":6,"clippedAbsY":30,"clippedX":6,"clippedY":30,"requestedAppliedX":4.428,"requestedAppliedY":22.14,"appliedX":4.428,"appliedY":22,"actualX":4,"actualY":22,"sensitivity":0.738,"currentZoomForScroll":2.579603759066714,"maxScrollStepX":22,"maxScrollStepY":22,"diagonalEvents":2,"clippedEvents":0}
[DebugBridge +30868.6ms] wheel_scroll_motion {"eventCount":2,"rawAbsX":8,"rawAbsY":22,"rawX":8,"rawY":22,"clippedAbsX":8,"clippedAbsY":22,"clippedX":8,"clippedY":22,"requestedAppliedX":5.904,"requestedAppliedY":16.236,"appliedX":5.904,"appliedY":16.236,"actualX":5.5,"actualY":16,"sensitivity":0.738,"currentZoomForScroll":2.579603759066714,"maxScrollStepX":22,"maxScrollStepY":22,"diagonalEvents":2,"clippedEvents":0}
[DebugBridge +30877.2ms] wheel_scroll_motion {"eventCount":2,"rawAbsX":12,"rawAbsY":18,"rawX":12,"rawY":18,"clippedAbsX":12,"clippedAbsY":18,"clippedX":12,"clippedY":18,"requestedAppliedX":8.856,"requestedAppliedY":13.283999999999999,"appliedX":8.856,"appliedY":13.283999999999999,"actualX":8.5,"actualY":13,"sensitivity":0.738,"currentZoomForScroll":2.579603759066714,"maxScrollStepX":22,"maxScrollStepY":22,"diagonalEvents":2,"clippedEvents":0}
[DebugBridge +30885.7ms] wheel_scroll_motion {"eventCount":2,"rawAbsX":14,"rawAbsY":14,"rawX":14,"rawY":14,"clippedAbsX":14,"clippedAbsY":14,"clippedX":14,"clippedY":14,"requestedAppliedX":10.332,"requestedAppliedY":10.332,"appliedX":10.332,"appliedY":10.332,"actualX":10,"actualY":10,"sensitivity":0.738,"currentZoomForScroll":2.579603759066714,"maxScrollStepX":22,"maxScrollStepY":22,"diagonalEvents":2,"clippedEvents":0}
[DebugBridge +30893.8ms] wheel_scroll_motion {"eventCount":2,"rawAbsX":16,"rawAbsY":12,"rawX":16,"rawY":12,"clippedAbsX":16,"clippedAbsY":12,"clippedX":16,"clippedY":12,"requestedAppliedX":11.808,"requestedAppliedY":8.856,"appliedX":11.808,"appliedY":8.856,"actualX":11.5,"actualY":8.5,"sensitivity":0.738,"currentZoomForScroll":2.579603759066714,"maxScrollStepX":22,"maxScrollStepY":22,"diagonalEvents":2,"clippedEvents":0}
[DebugBridge +30902.1ms] wheel_scroll_motion {"eventCount":2,"rawAbsX":18,"rawAbsY":10,"rawX":18,"rawY":10,"clippedAbsX":18,"clippedAbsY":10,"clippedX":18,"clippedY":10,"requestedAppliedX":13.284,"requestedAppliedY":7.38,"appliedX":13.284,"appliedY":7.38,"actualX":13,"actualY":7,"sensitivity":0.738,"currentZoomForScroll":2.579603759066714,"maxScrollStepX":22,"maxScrollStepY":22,"diagonalEvents":2,"clippedEvents":0}
[DebugBridge +30909.4ms] wheel_scroll_motion {"eventCount":2,"rawAbsX":20,"rawAbsY":4,"rawX":20,"rawY":4,"clippedAbsX":20,"clippedAbsY":4,"clippedX":20,"clippedY":4,"requestedAppliedX":14.760000000000002,"requestedAppliedY":2.952,"appliedX":14.760000000000002,"appliedY":2.952,"actualX":14.5,"actualY":2.5,"sensitivity":0.738,"currentZoomForScroll":2.579603759066714,"maxScrollStepX":22,"maxScrollStepY":22,"diagonalEvents":2,"clippedEvents":0}
[DebugBridge +30917.3ms] wheel_scroll_motion {"eventCount":2,"rawAbsX":20,"rawAbsY":4,"rawX":20,"rawY":4,"clippedAbsX":20,"clippedAbsY":4,"clippedX":20,"clippedY":4,"requestedAppliedX":14.760000000000002,"requestedAppliedY":2.952,"appliedX":14.760000000000002,"appliedY":2.952,"actualX":14.5,"actualY":2.5,"sensitivity":0.738,"currentZoomForScroll":2.579603759066714,"maxScrollStepX":22,"maxScrollStepY":22,"diagonalEvents":2,"clippedEvents":0}
[DebugBridge +30959.3ms] wheel_scroll_motion {"eventCount":2,"rawAbsX":110,"rawAbsY":24,"rawX":110,"rawY":-24,"clippedAbsX":51.8857897496786,"clippedAbsY":24,"clippedX":51.8857897496786,"clippedY":-24,"requestedAppliedX":37.89014155173653,"requestedAppliedY":-15.9408,"appliedX":22,"appliedY":-15.9408,"actualX":22,"actualY":-16,"sensitivity":0.82,"currentZoomForScroll":2.579603759066714,"maxScrollStepX":22,"maxScrollStepY":22,"diagonalEvents":1,"clippedEvents":1}
[DebugBridge +30976.5ms] wheel_scroll_motion {"eventCount":1,"rawAbsX":26,"rawAbsY":0,"rawX":26,"rawY":0,"clippedAbsX":26,"clippedAbsY":0,"clippedX":26,"clippedY":0,"requestedAppliedX":21.32,"requestedAppliedY":0,"appliedX":21.32,"appliedY":0,"actualX":21,"actualY":0,"sensitivity":0.82,"currentZoomForScroll":2.579603759066714,"maxScrollStepX":22,"maxScrollStepY":22,"diagonalEvents":0,"clippedEvents":0}
[DebugBridge +30984.0ms] wheel_scroll_motion {"eventCount":1,"rawAbsX":28,"rawAbsY":0,"rawX":28,"rawY":0,"clippedAbsX":28,"clippedAbsY":0,"clippedX":28,"clippedY":0,"requestedAppliedX":22.959999999999997,"requestedAppliedY":0,"appliedX":22,"appliedY":0,"actualX":22,"actualY":0,"sensitivity":0.82,"currentZoomForScroll":2.579603759066714,"maxScrollStepX":22,"maxScrollStepY":22,"diagonalEvents":0,"clippedEvents":0}
[DebugBridge +30992.4ms] wheel_scroll_motion {"eventCount":1,"rawAbsX":28,"rawAbsY":0,"rawX":28,"rawY":0,"clippedAbsX":28,"clippedAbsY":0,"clippedX":28,"clippedY":0,"requestedAppliedX":22.959999999999997,"requestedAppliedY":0,"appliedX":22,"appliedY":0,"actualX":22,"actualY":0,"sensitivity":0.82,"currentZoomForScroll":2.579603759066714,"maxScrollStepX":22,"maxScrollStepY":22,"diagonalEvents":0,"clippedEvents":0}
[DebugBridge +31000.8ms] wheel_scroll_motion {"eventCount":1,"rawAbsX":28,"rawAbsY":0,"rawX":28,"rawY":0,"clippedAbsX":28,"clippedAbsY":0,"clippedX":28,"clippedY":0,"requestedAppliedX":22.959999999999997,"requestedAppliedY":0,"appliedX":22,"appliedY":0,"actualX":22,"actualY":0,"sensitivity":0.82,"currentZoomForScroll":2.579603759066714,"maxScrollStepX":22,"maxScrollStepY":22,"diagonalEvents":0,"clippedEvents":0}
[DebugBridge +31010.0ms] wheel_scroll_motion {"eventCount":1,"rawAbsX":30,"rawAbsY":0,"rawX":30,"rawY":0,"clippedAbsX":29.8857897496786,"clippedAbsY":0,"clippedX":29.8857897496786,"clippedY":0,"requestedAppliedX":22.055712835262806,"requestedAppliedY":0,"appliedX":22,"appliedY":0,"actualX":22,"actualY":0,"sensitivity":0.738,"currentZoomForScroll":2.579603759066714,"maxScrollStepX":22,"maxScrollStepY":22,"diagonalEvents":0,"clippedEvents":1}
[DebugBridge +31015.0ms] wheel_scroll_motion {"eventCount":1,"rawAbsX":32,"rawAbsY":0,"rawX":32,"rawY":0,"clippedAbsX":29.8857897496786,"clippedAbsY":0,"clippedX":29.8857897496786,"clippedY":0,"requestedAppliedX":22.055712835262806,"requestedAppliedY":0,"appliedX":22,"appliedY":0,"actualX":22,"actualY":0,"sensitivity":0.738,"currentZoomForScroll":2.579603759066714,"maxScrollStepX":22,"maxScrollStepY":22,"diagonalEvents":0,"clippedEvents":1}
[DebugBridge +31026.1ms] wheel_scroll_motion {"eventCount":1,"rawAbsX":34,"rawAbsY":0,"rawX":34,"rawY":0,"clippedAbsX":29.8857897496786,"clippedAbsY":0,"clippedX":29.8857897496786,"clippedY":0,"requestedAppliedX":22.055712835262806,"requestedAppliedY":0,"appliedX":22,"appliedY":0,"actualX":22,"actualY":0,"sensitivity":0.738,"currentZoomForScroll":2.579603759066714,"maxScrollStepX":22,"maxScrollStepY":22,"diagonalEvents":0,"clippedEvents":1}
[DebugBridge +31032.4ms] wheel_scroll_motion {"eventCount":1,"rawAbsX":34,"rawAbsY":0,"rawX":34,"rawY":0,"clippedAbsX":29.8857897496786,"clippedAbsY":0,"clippedX":29.8857897496786,"clippedY":0,"requestedAppliedX":22.055712835262806,"requestedAppliedY":0,"appliedX":22,"appliedY":0,"actualX":22,"actualY":0,"sensitivity":0.738,"currentZoomForScroll":2.579603759066714,"maxScrollStepX":22,"maxScrollStepY":22,"diagonalEvents":0,"clippedEvents":1}
[DebugBridge +31043.2ms] wheel_scroll_motion {"eventCount":1,"rawAbsX":30,"rawAbsY":0,"rawX":30,"rawY":0,"clippedAbsX":29.8857897496786,"clippedAbsY":0,"clippedX":29.8857897496786,"clippedY":0,"requestedAppliedX":22.055712835262806,"requestedAppliedY":0,"appliedX":22,"appliedY":0,"actualX":22,"actualY":0,"sensitivity":0.738,"currentZoomForScroll":2.579603759066714,"maxScrollStepX":22,"maxScrollStepY":22,"diagonalEvents":0,"clippedEvents":1}
[DebugBridge +31050.5ms] wheel_scroll_motion {"eventCount":1,"rawAbsX":30,"rawAbsY":0,"rawX":30,"rawY":0,"clippedAbsX":29.8857897496786,"clippedAbsY":0,"clippedX":29.8857897496786,"clippedY":0,"requestedAppliedX":22.055712835262806,"requestedAppliedY":0,"appliedX":22,"appliedY":0,"actualX":22,"actualY":0,"sensitivity":0.738,"currentZoomForScroll":2.579603759066714,"maxScrollStepX":22,"maxScrollStepY":22,"diagonalEvents":0,"clippedEvents":1}
[DebugBridge +31059.5ms] wheel_scroll_motion {"eventCount":1,"rawAbsX":30,"rawAbsY":0,"rawX":30,"rawY":0,"clippedAbsX":29.8857897496786,"clippedAbsY":0,"clippedX":29.8857897496786,"clippedY":0,"requestedAppliedX":22.055712835262806,"requestedAppliedY":0,"appliedX":22,"appliedY":0,"actualX":22,"actualY":0,"sensitivity":0.738,"currentZoomForScroll":2.579603759066714,"maxScrollStepX":22,"maxScrollStepY":22,"diagonalEvents":0,"clippedEvents":1}
[DebugBridge +31065.4ms] wheel_scroll_motion {"eventCount":1,"rawAbsX":26,"rawAbsY":0,"rawX":26,"rawY":0,"clippedAbsX":26,"clippedAbsY":0,"clippedX":26,"clippedY":0,"requestedAppliedX":21.32,"requestedAppliedY":0,"appliedX":21.32,"appliedY":0,"actualX":21,"actualY":0,"sensitivity":0.82,"currentZoomForScroll":2.579603759066714,"maxScrollStepX":22,"maxScrollStepY":22,"diagonalEvents":0,"clippedEvents":0}
[DebugBridge +31075.7ms] wheel_scroll_motion {"eventCount":1,"rawAbsX":26,"rawAbsY":0,"rawX":26,"rawY":0,"clippedAbsX":26,"clippedAbsY":0,"clippedX":26,"clippedY":0,"requestedAppliedX":21.32,"requestedAppliedY":0,"appliedX":21.32,"appliedY":0,"actualX":21,"actualY":0,"sensitivity":0.82,"currentZoomForScroll":2.579603759066714,"maxScrollStepX":22,"maxScrollStepY":22,"diagonalEvents":0,"clippedEvents":0}
[DebugBridge +31084.1ms] wheel_scroll_motion {"eventCount":1,"rawAbsX":24,"rawAbsY":0,"rawX":24,"rawY":0,"clippedAbsX":24,"clippedAbsY":0,"clippedX":24,"clippedY":0,"requestedAppliedX":19.68,"requestedAppliedY":0,"appliedX":19.68,"appliedY":0,"actualX":19.5,"actualY":0,"sensitivity":0.82,"currentZoomForScroll":2.579603759066714,"maxScrollStepX":22,"maxScrollStepY":22,"diagonalEvents":0,"clippedEvents":0}
[DebugBridge +31092.2ms] wheel_scroll_motion {"eventCount":1,"rawAbsX":22,"rawAbsY":0,"rawX":22,"rawY":0,"clippedAbsX":22,"clippedAbsY":0,"clippedX":22,"clippedY":0,"requestedAppliedX":18.04,"requestedAppliedY":0,"appliedX":18.04,"appliedY":0,"actualX":18,"actualY":0,"sensitivity":0.82,"currentZoomForScroll":2.579603759066714,"maxScrollStepX":22,"maxScrollStepY":22,"diagonalEvents":0,"clippedEvents":0}
[DebugBridge +31100.1ms] wheel_scroll_motion {"eventCount":1,"rawAbsX":22,"rawAbsY":0,"rawX":22,"rawY":0,"clippedAbsX":22,"clippedAbsY":0,"clippedX":22,"clippedY":0,"requestedAppliedX":18.04,"requestedAppliedY":0,"appliedX":18.04,"appliedY":0,"actualX":18,"actualY":0,"sensitivity":0.82,"currentZoomForScroll":2.579603759066714,"maxScrollStepX":22,"maxScrollStepY":22,"diagonalEvents":0,"clippedEvents":0}
[DebugBridge +31107.4ms] wheel_scroll_motion {"eventCount":1,"rawAbsX":22,"rawAbsY":0,"rawX":22,"rawY":0,"clippedAbsX":22,"clippedAbsY":0,"clippedX":22,"clippedY":0,"requestedAppliedX":18.04,"requestedAppliedY":0,"appliedX":18.04,"appliedY":0,"actualX":18,"actualY":0,"sensitivity":0.82,"currentZoomForScroll":2.579603759066714,"maxScrollStepX":22,"maxScrollStepY":22,"diagonalEvents":0,"clippedEvents":0}
[DebugBridge +31118.4ms] wheel_scroll_motion {"eventCount":1,"rawAbsX":22,"rawAbsY":0,"rawX":22,"rawY":0,"clippedAbsX":22,"clippedAbsY":0,"clippedX":22,"clippedY":0,"requestedAppliedX":18.04,"requestedAppliedY":0,"appliedX":18.04,"appliedY":0,"actualX":18,"actualY":0,"sensitivity":0.82,"currentZoomForScroll":2.579603759066714,"maxScrollStepX":22,"maxScrollStepY":22,"diagonalEvents":0,"clippedEvents":0}
[DebugBridge +31126.5ms] wheel_scroll_motion {"eventCount":1,"rawAbsX":20,"rawAbsY":0,"rawX":20,"rawY":0,"clippedAbsX":20,"clippedAbsY":0,"clippedX":20,"clippedY":0,"requestedAppliedX":16.4,"requestedAppliedY":0,"appliedX":16.4,"appliedY":0,"actualX":16,"actualY":0,"sensitivity":0.82,"currentZoomForScroll":2.579603759066714,"maxScrollStepX":22,"maxScrollStepY":22,"diagonalEvents":0,"clippedEvents":0}
[DebugBridge +31134.2ms] wheel_scroll_motion {"eventCount":1,"rawAbsX":20,"rawAbsY":0,"rawX":20,"rawY":0,"clippedAbsX":20,"clippedAbsY":0,"clippedX":20,"clippedY":0,"requestedAppliedX":16.4,"requestedAppliedY":0,"appliedX":16.4,"appliedY":0,"actualX":16,"actualY":0,"sensitivity":0.82,"currentZoomForScroll":2.579603759066714,"maxScrollStepX":22,"maxScrollStepY":22,"diagonalEvents":0,"clippedEvents":0}
[DebugBridge +31144.0ms] wheel_scroll_motion {"eventCount":1,"rawAbsX":18,"rawAbsY":0,"rawX":18,"rawY":0,"clippedAbsX":18,"clippedAbsY":0,"clippedX":18,"clippedY":0,"requestedAppliedX":14.76,"requestedAppliedY":0,"appliedX":14.76,"appliedY":0,"actualX":14.5,"actualY":0,"sensitivity":0.82,"currentZoomForScroll":2.579603759066714,"maxScrollStepX":22,"maxScrollStepY":22,"diagonalEvents":0,"clippedEvents":0}
[DebugBridge +31149.8ms] wheel_scroll_motion {"eventCount":1,"rawAbsX":18,"rawAbsY":0,"rawX":18,"rawY":0,"clippedAbsX":18,"clippedAbsY":0,"clippedX":18,"clippedY":0,"requestedAppliedX":14.76,"requestedAppliedY":0,"appliedX":14.76,"appliedY":0,"actualX":14.5,"actualY":0,"sensitivity":0.82,"currentZoomForScroll":2.579603759066714,"maxScrollStepX":22,"maxScrollStepY":22,"diagonalEvents":0,"clippedEvents":0}
[DebugBridge +31159.4ms] wheel_scroll_motion {"eventCount":1,"rawAbsX":16,"rawAbsY":0,"rawX":16,"rawY":0,"clippedAbsX":16,"clippedAbsY":0,"clippedX":16,"clippedY":0,"requestedAppliedX":13.12,"requestedAppliedY":0,"appliedX":13.12,"appliedY":0,"actualX":13,"actualY":0,"sensitivity":0.82,"currentZoomForScroll":2.579603759066714,"maxScrollStepX":22,"maxScrollStepY":22,"diagonalEvents":0,"clippedEvents":0}
[DebugBridge +31192.8ms] wheel_scroll_motion {"eventCount":2,"rawAbsX":76,"rawAbsY":0,"rawX":76,"rawY":0,"clippedAbsX":43.8857897496786,"clippedAbsY":0,"clippedX":43.8857897496786,"clippedY":0,"requestedAppliedX":33.53571283526281,"requestedAppliedY":0,"appliedX":22,"appliedY":0,"actualX":22,"actualY":0,"sensitivity":0.82,"currentZoomForScroll":2.579603759066714,"maxScrollStepX":22,"maxScrollStepY":22,"diagonalEvents":0,"clippedEvents":1}
[DebugBridge +31206.9ms] wheel_scroll_motion {"eventCount":1,"rawAbsX":14,"rawAbsY":0,"rawX":14,"rawY":0,"clippedAbsX":14,"clippedAbsY":0,"clippedX":14,"clippedY":0,"requestedAppliedX":11.479999999999999,"requestedAppliedY":0,"appliedX":11.479999999999999,"appliedY":0,"actualX":11,"actualY":0,"sensitivity":0.82,"currentZoomForScroll":2.579603759066714,"maxScrollStepX":22,"maxScrollStepY":22,"diagonalEvents":0,"clippedEvents":0}
[DebugBridge +31216.2ms] wheel_scroll_motion {"eventCount":1,"rawAbsX":12,"rawAbsY":0,"rawX":12,"rawY":0,"clippedAbsX":12,"clippedAbsY":0,"clippedX":12,"clippedY":0,"requestedAppliedX":9.84,"requestedAppliedY":0,"appliedX":9.84,"appliedY":0,"actualX":9.5,"actualY":0,"sensitivity":0.82,"currentZoomForScroll":2.579603759066714,"maxScrollStepX":22,"maxScrollStepY":22,"diagonalEvents":0,"clippedEvents":0}
[DebugBridge +31224.0ms] wheel_scroll_motion {"eventCount":1,"rawAbsX":12,"rawAbsY":0,"rawX":12,"rawY":0,"clippedAbsX":12,"clippedAbsY":0,"clippedX":12,"clippedY":0,"requestedAppliedX":9.84,"requestedAppliedY":0,"appliedX":9.84,"appliedY":0,"actualX":9.5,"actualY":0,"sensitivity":0.82,"currentZoomForScroll":2.579603759066714,"maxScrollStepX":22,"maxScrollStepY":22,"diagonalEvents":0,"clippedEvents":0}
[DebugBridge +31317.7ms] wheel_scroll_motion {"eventCount":2,"rawAbsX":4,"rawAbsY":30,"rawX":-4,"rawY":30,"clippedAbsX":4,"clippedAbsY":30,"clippedX":-4,"clippedY":30,"requestedAppliedX":-2.952,"requestedAppliedY":22.14,"appliedX":-2.952,"appliedY":22,"actualX":-3,"actualY":22,"sensitivity":0.738,"currentZoomForScroll":2.579603759066714,"maxScrollStepX":22,"maxScrollStepY":22,"diagonalEvents":2,"clippedEvents":0}
[DebugBridge +31333.8ms] wheel_scroll_motion {"eventCount":2,"rawAbsX":4,"rawAbsY":64,"rawX":-4,"rawY":64,"clippedAbsX":4,"clippedAbsY":53.8857897496786,"clippedX":-4,"clippedY":53.8857897496786,"requestedAppliedX":-2.8044000000000002,"requestedAppliedY":37.56214155173653,"appliedX":-2.8044000000000002,"appliedY":22,"actualX":-3,"actualY":22,"sensitivity":0.738,"currentZoomForScroll":2.579603759066714,"maxScrollStepX":22,"maxScrollStepY":22,"diagonalEvents":2,"clippedEvents":1}
[DebugBridge +31342.2ms] wheel_scroll_motion {"eventCount":1,"rawAbsX":2,"rawAbsY":22,"rawX":-2,"rawY":22,"clippedAbsX":2,"clippedAbsY":22,"clippedX":-2,"clippedY":22,"requestedAppliedX":-1.476,"requestedAppliedY":16.236,"appliedX":-1.476,"appliedY":16.236,"actualX":-1.5,"actualY":16,"sensitivity":0.738,"currentZoomForScroll":2.579603759066714,"maxScrollStepX":22,"maxScrollStepY":22,"diagonalEvents":1,"clippedEvents":0}
[DebugBridge +31352.2ms] wheel_scroll_motion {"eventCount":2,"rawAbsX":0,"rawAbsY":90,"rawX":0,"rawY":90,"clippedAbsX":0,"clippedAbsY":59.7715794993572,"clippedX":0,"clippedY":59.7715794993572,"requestedAppliedX":0,"requestedAppliedY":44.11142567052561,"appliedX":0,"appliedY":22,"actualX":0,"actualY":22,"sensitivity":0.738,"currentZoomForScroll":2.579603759066714,"maxScrollStepX":22,"maxScrollStepY":22,"diagonalEvents":0,"clippedEvents":2}
[DebugBridge +31360.0ms] wheel_scroll_motion {"eventCount":2,"rawAbsX":2,"rawAbsY":68,"rawX":2,"rawY":68,"clippedAbsX":2,"clippedAbsY":57.8857897496786,"clippedX":2,"clippedY":57.8857897496786,"requestedAppliedX":1.3284,"requestedAppliedY":42.81014155173652,"appliedX":1.3284,"appliedY":22,"actualX":1,"actualY":22,"sensitivity":0.6642,"currentZoomForScroll":2.579603759066714,"maxScrollStepX":22,"maxScrollStepY":22,"diagonalEvents":1,"clippedEvents":1}
[DebugBridge +31369.8ms] wheel_scroll_motion {"eventCount":2,"rawAbsX":4,"rawAbsY":70,"rawX":4,"rawY":70,"clippedAbsX":4,"clippedAbsY":57.8857897496786,"clippedX":4,"clippedY":57.8857897496786,"requestedAppliedX":2.8044000000000002,"requestedAppliedY":40.51414155173653,"appliedX":2.8044000000000002,"appliedY":22,"actualX":2.5,"actualY":22,"sensitivity":0.6642,"currentZoomForScroll":2.579603759066714,"maxScrollStepX":22,"maxScrollStepY":22,"diagonalEvents":2,"clippedEvents":1}
[DebugBridge +31376.2ms] wheel_scroll_motion {"eventCount":2,"rawAbsX":4,"rawAbsY":72,"rawX":4,"rawY":72,"clippedAbsX":4,"clippedAbsY":57.8857897496786,"clippedX":4,"clippedY":57.8857897496786,"requestedAppliedX":2.8044000000000002,"requestedAppliedY":40.51414155173653,"appliedX":2.8044000000000002,"appliedY":22,"actualX":2.5,"actualY":22,"sensitivity":0.6642,"currentZoomForScroll":2.579603759066714,"maxScrollStepX":22,"maxScrollStepY":22,"diagonalEvents":2,"clippedEvents":1}
[DebugBridge +31385.6ms] wheel_scroll_motion {"eventCount":1,"rawAbsX":2,"rawAbsY":26,"rawX":2,"rawY":26,"clippedAbsX":2,"clippedAbsY":26,"clippedX":2,"clippedY":26,"requestedAppliedX":1.476,"requestedAppliedY":19.188,"appliedX":1.476,"appliedY":19.188,"actualX":1,"actualY":19,"sensitivity":0.738,"currentZoomForScroll":2.579603759066714,"maxScrollStepX":22,"maxScrollStepY":22,"diagonalEvents":1,"clippedEvents":0}
[DebugBridge +31391.5ms] wheel_scroll_motion {"eventCount":1,"rawAbsX":0,"rawAbsY":36,"rawX":0,"rawY":36,"clippedAbsX":0,"clippedAbsY":29.8857897496786,"clippedX":0,"clippedY":29.8857897496786,"requestedAppliedX":0,"requestedAppliedY":22.055712835262806,"appliedX":0,"appliedY":22,"actualX":0,"actualY":22,"sensitivity":0.738,"currentZoomForScroll":2.579603759066714,"maxScrollStepX":22,"maxScrollStepY":22,"diagonalEvents":0,"clippedEvents":1}
[DebugBridge +31433.8ms] wheel_scroll_motion {"eventCount":2,"rawAbsX":6,"rawAbsY":196,"rawX":6,"rawY":196,"clippedAbsX":6,"clippedAbsY":59.7715794993572,"clippedX":6,"clippedY":59.7715794993572,"requestedAppliedX":3.9852,"requestedAppliedY":41.90585438699934,"appliedX":3.9852,"appliedY":22,"actualX":3.5,"actualY":22,"sensitivity":0.738,"currentZoomForScroll":2.579603759066714,"maxScrollStepX":22,"maxScrollStepY":22,"diagonalEvents":1,"clippedEvents":2}
[DebugBridge +31442.7ms] wheel_scroll_motion {"eventCount":1,"rawAbsX":0,"rawAbsY":70,"rawX":0,"rawY":70,"clippedAbsX":0,"clippedAbsY":29.8857897496786,"clippedX":0,"clippedY":29.8857897496786,"requestedAppliedX":0,"requestedAppliedY":22.055712835262806,"appliedX":0,"appliedY":22,"actualX":0,"actualY":22,"sensitivity":0.738,"currentZoomForScroll":2.579603759066714,"maxScrollStepX":22,"maxScrollStepY":22,"diagonalEvents":0,"clippedEvents":1}
[DebugBridge +31450.8ms] wheel_scroll_motion {"eventCount":1,"rawAbsX":0,"rawAbsY":76,"rawX":0,"rawY":76,"clippedAbsX":0,"clippedAbsY":29.8857897496786,"clippedX":0,"clippedY":29.8857897496786,"requestedAppliedX":0,"requestedAppliedY":22.055712835262806,"appliedX":0,"appliedY":22,"actualX":0,"actualY":22,"sensitivity":0.738,"currentZoomForScroll":2.579603759066714,"maxScrollStepX":22,"maxScrollStepY":22,"diagonalEvents":0,"clippedEvents":1}
[DebugBridge +31459.0ms] wheel_scroll_motion {"eventCount":1,"rawAbsX":0,"rawAbsY":80,"rawX":0,"rawY":80,"clippedAbsX":0,"clippedAbsY":29.8857897496786,"clippedX":0,"clippedY":29.8857897496786,"requestedAppliedX":0,"requestedAppliedY":22.055712835262806,"appliedX":0,"appliedY":22,"actualX":0,"actualY":22,"sensitivity":0.738,"currentZoomForScroll":2.579603759066714,"maxScrollStepX":22,"maxScrollStepY":22,"diagonalEvents":0,"clippedEvents":1}
[DebugBridge +31469.0ms] wheel_scroll_motion {"eventCount":1,"rawAbsX":0,"rawAbsY":76,"rawX":0,"rawY":76,"clippedAbsX":0,"clippedAbsY":29.8857897496786,"clippedX":0,"clippedY":29.8857897496786,"requestedAppliedX":0,"requestedAppliedY":22.055712835262806,"appliedX":0,"appliedY":22,"actualX":0,"actualY":22,"sensitivity":0.738,"currentZoomForScroll":2.579603759066714,"maxScrollStepX":22,"maxScrollStepY":22,"diagonalEvents":0,"clippedEvents":1}
[DebugBridge +31476.0ms] wheel_scroll_motion {"eventCount":1,"rawAbsX":0,"rawAbsY":78,"rawX":0,"rawY":78,"clippedAbsX":0,"clippedAbsY":29.8857897496786,"clippedX":0,"clippedY":29.8857897496786,"requestedAppliedX":0,"requestedAppliedY":22.055712835262806,"appliedX":0,"appliedY":22,"actualX":0,"actualY":22,"sensitivity":0.738,"currentZoomForScroll":2.579603759066714,"maxScrollStepX":22,"maxScrollStepY":22,"diagonalEvents":0,"clippedEvents":1}
[DebugBridge +31484.0ms] wheel_scroll_motion {"eventCount":1,"rawAbsX":0,"rawAbsY":82,"rawX":0,"rawY":82,"clippedAbsX":0,"clippedAbsY":29.8857897496786,"clippedX":0,"clippedY":29.8857897496786,"requestedAppliedX":0,"requestedAppliedY":22.055712835262806,"appliedX":0,"appliedY":22,"actualX":0,"actualY":22,"sensitivity":0.738,"currentZoomForScroll":2.579603759066714,"maxScrollStepX":22,"maxScrollStepY":22,"diagonalEvents":0,"clippedEvents":1}
[DebugBridge +31493.3ms] wheel_scroll_motion {"eventCount":1,"rawAbsX":0,"rawAbsY":80,"rawX":0,"rawY":80,"clippedAbsX":0,"clippedAbsY":29.8857897496786,"clippedX":0,"clippedY":29.8857897496786,"requestedAppliedX":0,"requestedAppliedY":22.055712835262806,"appliedX":0,"appliedY":22,"actualX":0,"actualY":22,"sensitivity":0.738,"currentZoomForScroll":2.579603759066714,"maxScrollStepX":22,"maxScrollStepY":22,"diagonalEvents":0,"clippedEvents":1}
[DebugBridge +31501.4ms] wheel_scroll_motion {"eventCount":1,"rawAbsX":0,"rawAbsY":80,"rawX":0,"rawY":80,"clippedAbsX":0,"clippedAbsY":29.8857897496786,"clippedX":0,"clippedY":29.8857897496786,"requestedAppliedX":0,"requestedAppliedY":22.055712835262806,"appliedX":0,"appliedY":22,"actualX":0,"actualY":22,"sensitivity":0.738,"currentZoomForScroll":2.579603759066714,"maxScrollStepX":22,"maxScrollStepY":22,"diagonalEvents":0,"clippedEvents":1}
[DebugBridge +31509.5ms] wheel_scroll_motion {"eventCount":1,"rawAbsX":0,"rawAbsY":76,"rawX":0,"rawY":76,"clippedAbsX":0,"clippedAbsY":29.8857897496786,"clippedX":0,"clippedY":29.8857897496786,"requestedAppliedX":0,"requestedAppliedY":22.055712835262806,"appliedX":0,"appliedY":22,"actualX":0,"actualY":22,"sensitivity":0.738,"currentZoomForScroll":2.579603759066714,"maxScrollStepX":22,"maxScrollStepY":22,"diagonalEvents":0,"clippedEvents":1}
[DebugBridge +31516.8ms] wheel_scroll_motion {"eventCount":1,"rawAbsX":0,"rawAbsY":72,"rawX":0,"rawY":72,"clippedAbsX":0,"clippedAbsY":29.8857897496786,"clippedX":0,"clippedY":29.8857897496786,"requestedAppliedX":0,"requestedAppliedY":22.055712835262806,"appliedX":0,"appliedY":22,"actualX":0,"actualY":22,"sensitivity":0.738,"currentZoomForScroll":2.579603759066714,"maxScrollStepX":22,"maxScrollStepY":22,"diagonalEvents":0,"clippedEvents":1}
[DebugBridge +31525.9ms] wheel_scroll_motion {"eventCount":1,"rawAbsX":0,"rawAbsY":72,"rawX":0,"rawY":72,"clippedAbsX":0,"clippedAbsY":29.8857897496786,"clippedX":0,"clippedY":29.8857897496786,"requestedAppliedX":0,"requestedAppliedY":22.055712835262806,"appliedX":0,"appliedY":22,"actualX":0,"actualY":22,"sensitivity":0.738,"currentZoomForScroll":2.579603759066714,"maxScrollStepX":22,"maxScrollStepY":22,"diagonalEvents":0,"clippedEvents":1}
[DebugBridge +31533.8ms] wheel_scroll_motion {"eventCount":1,"rawAbsX":0,"rawAbsY":68,"rawX":0,"rawY":68,"clippedAbsX":0,"clippedAbsY":29.8857897496786,"clippedX":0,"clippedY":29.8857897496786,"requestedAppliedX":0,"requestedAppliedY":22.055712835262806,"appliedX":0,"appliedY":22,"actualX":0,"actualY":22,"sensitivity":0.738,"currentZoomForScroll":2.579603759066714,"maxScrollStepX":22,"maxScrollStepY":22,"diagonalEvents":0,"clippedEvents":1}
[DebugBridge +31542.7ms] wheel_scroll_motion {"eventCount":1,"rawAbsX":0,"rawAbsY":68,"rawX":0,"rawY":68,"clippedAbsX":0,"clippedAbsY":29.8857897496786,"clippedX":0,"clippedY":29.8857897496786,"requestedAppliedX":0,"requestedAppliedY":22.055712835262806,"appliedX":0,"appliedY":22,"actualX":0,"actualY":22,"sensitivity":0.738,"currentZoomForScroll":2.579603759066714,"maxScrollStepX":22,"maxScrollStepY":22,"diagonalEvents":0,"clippedEvents":1}
[DebugBridge +31550.5ms] wheel_scroll_motion {"eventCount":1,"rawAbsX":0,"rawAbsY":64,"rawX":0,"rawY":64,"clippedAbsX":0,"clippedAbsY":29.8857897496786,"clippedX":0,"clippedY":29.8857897496786,"requestedAppliedX":0,"requestedAppliedY":22.055712835262806,"appliedX":0,"appliedY":22,"actualX":0,"actualY":22,"sensitivity":0.738,"currentZoomForScroll":2.579603759066714,"maxScrollStepX":22,"maxScrollStepY":22,"diagonalEvents":0,"clippedEvents":1}
[DebugBridge +31559.7ms] wheel_scroll_motion {"eventCount":1,"rawAbsX":0,"rawAbsY":62,"rawX":0,"rawY":62,"clippedAbsX":0,"clippedAbsY":29.8857897496786,"clippedX":0,"clippedY":29.8857897496786,"requestedAppliedX":0,"requestedAppliedY":22.055712835262806,"appliedX":0,"appliedY":22,"actualX":0,"actualY":22,"sensitivity":0.738,"currentZoomForScroll":2.579603759066714,"maxScrollStepX":22,"maxScrollStepY":22,"diagonalEvents":0,"clippedEvents":1}
[DebugBridge +31569.2ms] wheel_scroll_motion {"eventCount":1,"rawAbsX":0,"rawAbsY":60,"rawX":0,"rawY":60,"clippedAbsX":0,"clippedAbsY":29.8857897496786,"clippedX":0,"clippedY":29.8857897496786,"requestedAppliedX":0,"requestedAppliedY":22.055712835262806,"appliedX":0,"appliedY":22,"actualX":0,"actualY":22,"sensitivity":0.738,"currentZoomForScroll":2.579603759066714,"maxScrollStepX":22,"maxScrollStepY":22,"diagonalEvents":0,"clippedEvents":1}
[DebugBridge +31608.3ms] wheel_scroll_motion {"eventCount":1,"rawAbsX":2,"rawAbsY":2,"rawX":-2,"rawY":-2,"clippedAbsX":2,"clippedAbsY":2,"clippedX":-2,"clippedY":-2,"requestedAppliedX":-1.476,"requestedAppliedY":-1.476,"appliedX":-1.476,"appliedY":-1.476,"actualX":-1.5,"actualY":-1.5,"sensitivity":0.738,"currentZoomForScroll":2.579603759066714,"maxScrollStepX":22,"maxScrollStepY":22,"diagonalEvents":1,"clippedEvents":0}
[DebugBridge +31617.0ms] wheel_scroll_motion {"eventCount":1,"rawAbsX":4,"rawAbsY":2,"rawX":-4,"rawY":-2,"clippedAbsX":4,"clippedAbsY":2,"clippedX":-4,"clippedY":-2,"requestedAppliedX":-2.952,"requestedAppliedY":-1.476,"appliedX":-2.952,"appliedY":-1.476,"actualX":-3,"actualY":-1.5,"sensitivity":0.738,"currentZoomForScroll":2.579603759066714,"maxScrollStepX":22,"maxScrollStepY":22,"diagonalEvents":1,"clippedEvents":0}
[DebugBridge +31625.5ms] wheel_scroll_motion {"eventCount":2,"rawAbsX":10,"rawAbsY":4,"rawX":-10,"rawY":-4,"clippedAbsX":10,"clippedAbsY":4,"clippedX":-10,"clippedY":-4,"requestedAppliedX":-7.38,"requestedAppliedY":-2.952,"appliedX":-7.38,"appliedY":-2.952,"actualX":-7.5,"actualY":-3,"sensitivity":0.738,"currentZoomForScroll":2.579603759066714,"maxScrollStepX":22,"maxScrollStepY":22,"diagonalEvents":2,"clippedEvents":0}
[DebugBridge +31632.5ms] wheel_scroll_motion {"eventCount":1,"rawAbsX":4,"rawAbsY":2,"rawX":-4,"rawY":-2,"clippedAbsX":4,"clippedAbsY":2,"clippedX":-4,"clippedY":-2,"requestedAppliedX":-2.952,"requestedAppliedY":-1.476,"appliedX":-2.952,"appliedY":-1.476,"actualX":-3,"actualY":-1.5,"sensitivity":0.738,"currentZoomForScroll":2.579603759066714,"maxScrollStepX":22,"maxScrollStepY":22,"diagonalEvents":1,"clippedEvents":0}
[DebugBridge +31719.0ms] wheel_scroll_motion {"eventCount":1,"rawAbsX":102,"rawAbsY":14,"rawX":-102,"rawY":-14,"clippedAbsX":29.8857897496786,"clippedAbsY":14,"clippedX":-29.8857897496786,"clippedY":-14,"requestedAppliedX":-19.850141551736527,"requestedAppliedY":-9.2988,"appliedX":-19.850141551736527,"appliedY":-9.2988,"actualX":-20,"actualY":-9.5,"sensitivity":0.6642,"currentZoomForScroll":2.579603759066714,"maxScrollStepX":22,"maxScrollStepY":22,"diagonalEvents":1,"clippedEvents":1}
[DebugBridge +31722.0ms] wheel_scroll_motion {"eventCount":1,"rawAbsX":122,"rawAbsY":16,"rawX":-122,"rawY":16,"clippedAbsX":29.8857897496786,"clippedAbsY":16,"clippedX":-29.8857897496786,"clippedY":16,"requestedAppliedX":-19.850141551736527,"requestedAppliedY":10.6272,"appliedX":-19.850141551736527,"appliedY":10.6272,"actualX":-20,"actualY":10.5,"sensitivity":0.6642,"currentZoomForScroll":2.579603759066714,"maxScrollStepX":22,"maxScrollStepY":22,"diagonalEvents":1,"clippedEvents":1}
[DebugBridge +31725.4ms] wheel_scroll_motion {"eventCount":1,"rawAbsX":10,"rawAbsY":2,"rawX":-10,"rawY":2,"clippedAbsX":10,"clippedAbsY":2,"clippedX":-10,"clippedY":2,"requestedAppliedX":-7.38,"requestedAppliedY":1.476,"appliedX":-7.38,"appliedY":1.476,"actualX":-7.5,"actualY":1,"sensitivity":0.738,"currentZoomForScroll":2.579603759066714,"maxScrollStepX":22,"maxScrollStepY":22,"diagonalEvents":1,"clippedEvents":0}
[DebugBridge +31732.4ms] wheel_scroll_motion {"eventCount":1,"rawAbsX":8,"rawAbsY":2,"rawX":-8,"rawY":2,"clippedAbsX":8,"clippedAbsY":2,"clippedX":-8,"clippedY":2,"requestedAppliedX":-5.904,"requestedAppliedY":1.476,"appliedX":-5.904,"appliedY":1.476,"actualX":-6,"actualY":1,"sensitivity":0.738,"currentZoomForScroll":2.579603759066714,"maxScrollStepX":22,"maxScrollStepY":22,"diagonalEvents":1,"clippedEvents":0}
[DebugBridge +31741.9ms] wheel_scroll_motion {"eventCount":1,"rawAbsX":6,"rawAbsY":2,"rawX":-6,"rawY":2,"clippedAbsX":6,"clippedAbsY":2,"clippedX":-6,"clippedY":2,"requestedAppliedX":-4.428,"requestedAppliedY":1.476,"appliedX":-4.428,"appliedY":1.476,"actualX":-4.5,"actualY":1,"sensitivity":0.738,"currentZoomForScroll":2.579603759066714,"maxScrollStepX":22,"maxScrollStepY":22,"diagonalEvents":1,"clippedEvents":0}
[DebugBridge +31757.8ms] wheel_scroll_motion {"eventCount":2,"rawAbsX":4,"rawAbsY":4,"rawX":0,"rawY":4,"clippedAbsX":4,"clippedAbsY":4,"clippedX":0,"clippedY":4,"requestedAppliedX":0,"requestedAppliedY":2.952,"appliedX":0,"appliedY":2.952,"actualX":0,"actualY":2.5,"sensitivity":0.738,"currentZoomForScroll":2.579603759066714,"maxScrollStepX":22,"maxScrollStepY":22,"diagonalEvents":2,"clippedEvents":0}
[DebugBridge +31768.2ms] wheel_scroll_motion {"eventCount":3,"rawAbsX":22,"rawAbsY":6,"rawX":22,"rawY":6,"clippedAbsX":22,"clippedAbsY":6,"clippedX":22,"clippedY":6,"requestedAppliedX":16.236,"requestedAppliedY":4.428,"appliedX":16.236,"appliedY":4.428,"actualX":16,"actualY":4,"sensitivity":0.738,"currentZoomForScroll":2.579603759066714,"maxScrollStepX":22,"maxScrollStepY":22,"diagonalEvents":3,"clippedEvents":0}
[DebugBridge +31777.2ms] wheel_scroll_motion {"eventCount":1,"rawAbsX":6,"rawAbsY":2,"rawX":6,"rawY":2,"clippedAbsX":6,"clippedAbsY":2,"clippedX":6,"clippedY":2,"requestedAppliedX":4.428,"requestedAppliedY":1.476,"appliedX":4.428,"appliedY":1.476,"actualX":4,"actualY":1,"sensitivity":0.738,"currentZoomForScroll":2.579603759066714,"maxScrollStepX":22,"maxScrollStepY":22,"diagonalEvents":1,"clippedEvents":0}
[DebugBridge +31784.5ms] wheel_scroll_motion {"eventCount":2,"rawAbsX":22,"rawAbsY":4,"rawX":22,"rawY":4,"clippedAbsX":22,"clippedAbsY":4,"clippedX":22,"clippedY":4,"requestedAppliedX":16.236,"requestedAppliedY":2.952,"appliedX":16.236,"appliedY":2.952,"actualX":16,"actualY":2.5,"sensitivity":0.738,"currentZoomForScroll":2.579603759066714,"maxScrollStepX":22,"maxScrollStepY":22,"diagonalEvents":2,"clippedEvents":0}
[DebugBridge +31792.5ms] wheel_scroll_motion {"eventCount":2,"rawAbsX":26,"rawAbsY":4,"rawX":26,"rawY":4,"clippedAbsX":26,"clippedAbsY":4,"clippedX":26,"clippedY":4,"requestedAppliedX":19.188,"requestedAppliedY":2.952,"appliedX":19.188,"appliedY":2.952,"actualX":19,"actualY":2.5,"sensitivity":0.738,"currentZoomForScroll":2.579603759066714,"maxScrollStepX":22,"maxScrollStepY":22,"diagonalEvents":2,"clippedEvents":0}
[DebugBridge +31799.7ms] wheel_scroll_motion {"eventCount":2,"rawAbsX":32,"rawAbsY":4,"rawX":32,"rawY":4,"clippedAbsX":32,"clippedAbsY":4,"clippedX":32,"clippedY":4,"requestedAppliedX":23.616,"requestedAppliedY":2.952,"appliedX":22,"appliedY":2.952,"actualX":22,"actualY":2.5,"sensitivity":0.738,"currentZoomForScroll":2.579603759066714,"maxScrollStepX":22,"maxScrollStepY":22,"diagonalEvents":2,"clippedEvents":0}
[DebugBridge +31810.3ms] wheel_scroll_motion {"eventCount":2,"rawAbsX":46,"rawAbsY":4,"rawX":46,"rawY":4,"clippedAbsX":39.8857897496786,"clippedAbsY":4,"clippedX":39.8857897496786,"clippedY":4,"requestedAppliedX":27.230141551736526,"requestedAppliedY":2.8044000000000002,"appliedX":22,"appliedY":2.8044000000000002,"actualX":22,"actualY":2.5,"sensitivity":0.738,"currentZoomForScroll":2.579603759066714,"maxScrollStepX":22,"maxScrollStepY":22,"diagonalEvents":2,"clippedEvents":1}
[DebugBridge +31817.1ms] wheel_scroll_motion {"eventCount":2,"rawAbsX":32,"rawAbsY":6,"rawX":32,"rawY":6,"clippedAbsX":32,"clippedAbsY":6,"clippedX":32,"clippedY":6,"requestedAppliedX":23.616,"requestedAppliedY":4.428,"appliedX":22,"appliedY":4.428,"actualX":22,"actualY":4,"sensitivity":0.738,"currentZoomForScroll":2.579603759066714,"maxScrollStepX":22,"maxScrollStepY":22,"diagonalEvents":2,"clippedEvents":0}
[DebugBridge +31824.1ms] wheel_scroll_motion {"eventCount":2,"rawAbsX":40,"rawAbsY":6,"rawX":40,"rawY":6,"clippedAbsX":35.8857897496786,"clippedAbsY":6,"clippedX":35.8857897496786,"clippedY":6,"requestedAppliedX":24.278141551736528,"requestedAppliedY":4.1328,"appliedX":22,"appliedY":4.1328,"actualX":22,"actualY":4,"sensitivity":0.738,"currentZoomForScroll":2.579603759066714,"maxScrollStepX":22,"maxScrollStepY":22,"diagonalEvents":2,"clippedEvents":1}
[DebugBridge +31834.4ms] wheel_scroll_motion {"eventCount":3,"rawAbsX":68,"rawAbsY":12,"rawX":68,"rawY":12,"clippedAbsX":61.8857897496786,"clippedAbsY":12,"clippedX":61.8857897496786,"clippedY":12,"requestedAppliedX":43.46614155173653,"requestedAppliedY":8.5608,"appliedX":22,"appliedY":8.5608,"actualX":22,"actualY":8.5,"sensitivity":0.738,"currentZoomForScroll":2.579603759066714,"maxScrollStepX":22,"maxScrollStepY":22,"diagonalEvents":3,"clippedEvents":1}
[DebugBridge +31842.9ms] wheel_scroll_motion {"eventCount":1,"rawAbsX":12,"rawAbsY":2,"rawX":12,"rawY":2,"clippedAbsX":12,"clippedAbsY":2,"clippedX":12,"clippedY":2,"requestedAppliedX":8.856,"requestedAppliedY":1.476,"appliedX":8.856,"appliedY":1.476,"actualX":8.5,"actualY":1,"sensitivity":0.738,"currentZoomForScroll":2.579603759066714,"maxScrollStepX":22,"maxScrollStepY":22,"diagonalEvents":1,"clippedEvents":0}
[DebugBridge +31851.0ms] wheel_scroll_motion {"eventCount":1,"rawAbsX":12,"rawAbsY":2,"rawX":12,"rawY":2,"clippedAbsX":12,"clippedAbsY":2,"clippedX":12,"clippedY":2,"requestedAppliedX":8.856,"requestedAppliedY":1.476,"appliedX":8.856,"appliedY":1.476,"actualX":8.5,"actualY":1,"sensitivity":0.738,"currentZoomForScroll":2.579603759066714,"maxScrollStepX":22,"maxScrollStepY":22,"diagonalEvents":1,"clippedEvents":0}
[DebugBridge +31859.9ms] wheel_scroll_motion {"eventCount":1,"rawAbsX":26,"rawAbsY":4,"rawX":26,"rawY":4,"clippedAbsX":26,"clippedAbsY":4,"clippedX":26,"clippedY":4,"requestedAppliedX":19.188,"requestedAppliedY":2.952,"appliedX":19.188,"appliedY":2.952,"actualX":19,"actualY":2.5,"sensitivity":0.738,"currentZoomForScroll":2.579603759066714,"maxScrollStepX":22,"maxScrollStepY":22,"diagonalEvents":1,"clippedEvents":0}
[DebugBridge +31867.4ms] wheel_scroll_motion {"eventCount":1,"rawAbsX":18,"rawAbsY":4,"rawX":18,"rawY":4,"clippedAbsX":18,"clippedAbsY":4,"clippedX":18,"clippedY":4,"requestedAppliedX":13.283999999999999,"requestedAppliedY":2.952,"appliedX":13.283999999999999,"appliedY":2.952,"actualX":13,"actualY":2.5,"sensitivity":0.738,"currentZoomForScroll":2.579603759066714,"maxScrollStepX":22,"maxScrollStepY":22,"diagonalEvents":1,"clippedEvents":0}
[DebugBridge +31900.5ms] wheel_scroll_motion {"eventCount":1,"rawAbsX":54,"rawAbsY":10,"rawX":54,"rawY":-10,"clippedAbsX":29.8857897496786,"clippedAbsY":10,"clippedX":29.8857897496786,"clippedY":-10,"requestedAppliedX":19.850141551736527,"requestedAppliedY":-6.642,"appliedX":19.850141551736527,"appliedY":-6.642,"actualX":19.5,"actualY":-7,"sensitivity":0.6642,"currentZoomForScroll":2.579603759066714,"maxScrollStepX":22,"maxScrollStepY":22,"diagonalEvents":1,"clippedEvents":1}
[DebugBridge +31909.4ms] wheel_scroll_motion {"eventCount":2,"rawAbsX":4,"rawAbsY":20,"rawX":4,"rawY":-20,"clippedAbsX":4,"clippedAbsY":20,"clippedX":4,"clippedY":-20,"requestedAppliedX":2.952,"requestedAppliedY":-14.76,"appliedX":2.952,"appliedY":-14.76,"actualX":2.5,"actualY":-15,"sensitivity":0.738,"currentZoomForScroll":2.579603759066714,"maxScrollStepX":22,"maxScrollStepY":22,"diagonalEvents":2,"clippedEvents":0}
[DebugBridge +31916.1ms] wheel_scroll_motion {"eventCount":1,"rawAbsX":0,"rawAbsY":12,"rawX":0,"rawY":-12,"clippedAbsX":0,"clippedAbsY":12,"clippedX":0,"clippedY":-12,"requestedAppliedX":0,"requestedAppliedY":-9.84,"appliedX":0,"appliedY":-9.84,"actualX":0,"actualY":-10,"sensitivity":0.82,"currentZoomForScroll":2.579603759066714,"maxScrollStepX":22,"maxScrollStepY":22,"diagonalEvents":0,"clippedEvents":0}
[DebugBridge +31925.4ms] wheel_scroll_motion {"eventCount":2,"rawAbsX":6,"rawAbsY":20,"rawX":-6,"rawY":-20,"clippedAbsX":6,"clippedAbsY":20,"clippedX":-6,"clippedY":-20,"requestedAppliedX":-4.428,"requestedAppliedY":-15.252,"appliedX":-4.428,"appliedY":-15.252,"actualX":-4.5,"actualY":-15.5,"sensitivity":0.738,"currentZoomForScroll":2.579603759066714,"maxScrollStepX":22,"maxScrollStepY":22,"diagonalEvents":1,"clippedEvents":0}
[DebugBridge +31934.4ms] wheel_scroll_motion {"eventCount":2,"rawAbsX":10,"rawAbsY":22,"rawX":-10,"rawY":-22,"clippedAbsX":10,"clippedAbsY":22,"clippedX":-10,"clippedY":-22,"requestedAppliedX":-7.38,"requestedAppliedY":-16.236,"appliedX":-7.38,"appliedY":-16.236,"actualX":-7.5,"actualY":-16.5,"sensitivity":0.738,"currentZoomForScroll":2.579603759066714,"maxScrollStepX":22,"maxScrollStepY":22,"diagonalEvents":2,"clippedEvents":0}
[DebugBridge +31942.3ms] wheel_scroll_motion {"eventCount":2,"rawAbsX":16,"rawAbsY":20,"rawX":-16,"rawY":-20,"clippedAbsX":16,"clippedAbsY":20,"clippedX":-16,"clippedY":-20,"requestedAppliedX":-11.808,"requestedAppliedY":-14.76,"appliedX":-11.808,"appliedY":-14.76,"actualX":-12,"actualY":-15,"sensitivity":0.738,"currentZoomForScroll":2.579603759066714,"maxScrollStepX":22,"maxScrollStepY":22,"diagonalEvents":2,"clippedEvents":0}
[DebugBridge +31949.9ms] wheel_scroll_motion {"eventCount":1,"rawAbsX":4,"rawAbsY":4,"rawX":-4,"rawY":-4,"clippedAbsX":4,"clippedAbsY":4,"clippedX":-4,"clippedY":-4,"requestedAppliedX":-2.952,"requestedAppliedY":-2.952,"appliedX":-2.952,"appliedY":-2.952,"actualX":-3,"actualY":-3,"sensitivity":0.738,"currentZoomForScroll":2.579603759066714,"maxScrollStepX":22,"maxScrollStepY":22,"diagonalEvents":1,"clippedEvents":0}
[DebugBridge +31958.6ms] wheel_scroll_motion {"eventCount":1,"rawAbsX":60,"rawAbsY":38,"rawX":-60,"rawY":-38,"clippedAbsX":29.8857897496786,"clippedAbsY":29.8857897496786,"clippedX":-29.8857897496786,"clippedY":-29.8857897496786,"requestedAppliedX":-19.850141551736527,"requestedAppliedY":-19.850141551736527,"appliedX":-19.850141551736527,"appliedY":-19.850141551736527,"actualX":-20,"actualY":-20,"sensitivity":0.6642,"currentZoomForScroll":2.579603759066714,"maxScrollStepX":22,"maxScrollStepY":22,"diagonalEvents":1,"clippedEvents":1}
[DebugBridge +31967.4ms] wheel_scroll_motion {"eventCount":2,"rawAbsX":42,"rawAbsY":12,"rawX":-42,"rawY":-12,"clippedAbsX":33.8857897496786,"clippedAbsY":12,"clippedX":-33.8857897496786,"clippedY":-12,"requestedAppliedX":-22.802141551736526,"requestedAppliedY":-8.118,"appliedX":-22,"appliedY":-8.118,"actualX":-22,"actualY":-8.5,"sensitivity":0.6642,"currentZoomForScroll":2.579603759066714,"maxScrollStepX":22,"maxScrollStepY":22,"diagonalEvents":2,"clippedEvents":1}
[DebugBridge +31976.5ms] wheel_scroll_motion {"eventCount":2,"rawAbsX":46,"rawAbsY":8,"rawX":-46,"rawY":-8,"clippedAbsX":46,"clippedAbsY":8,"clippedX":-46,"clippedY":-8,"requestedAppliedX":-33.948,"requestedAppliedY":-5.904,"appliedX":-22,"appliedY":-5.904,"actualX":-22,"actualY":-6,"sensitivity":0.738,"currentZoomForScroll":2.579603759066714,"maxScrollStepX":22,"maxScrollStepY":22,"diagonalEvents":2,"clippedEvents":0}
[DebugBridge +31983.2ms] wheel_scroll_motion {"eventCount":1,"rawAbsX":48,"rawAbsY":4,"rawX":-48,"rawY":-4,"clippedAbsX":29.8857897496786,"clippedAbsY":4,"clippedX":-29.8857897496786,"clippedY":-4,"requestedAppliedX":-19.850141551736527,"requestedAppliedY":-2.6568,"appliedX":-19.850141551736527,"appliedY":-2.6568,"actualX":-20,"actualY":-3,"sensitivity":0.6642,"currentZoomForScroll":2.579603759066714,"maxScrollStepX":22,"maxScrollStepY":22,"diagonalEvents":1,"clippedEvents":1}
[DebugBridge +31992.0ms] wheel_scroll_motion {"eventCount":1,"rawAbsX":40,"rawAbsY":0,"rawX":-40,"rawY":0,"clippedAbsX":29.8857897496786,"clippedAbsY":0,"clippedX":-29.8857897496786,"clippedY":0,"requestedAppliedX":-22.055712835262806,"requestedAppliedY":0,"appliedX":-22,"appliedY":0,"actualX":-22,"actualY":0,"sensitivity":0.738,"currentZoomForScroll":2.579603759066714,"maxScrollStepX":22,"maxScrollStepY":22,"diagonalEvents":0,"clippedEvents":1}
[DebugBridge +32000.2ms] wheel_scroll_motion {"eventCount":1,"rawAbsX":46,"rawAbsY":2,"rawX":-46,"rawY":2,"clippedAbsX":29.8857897496786,"clippedAbsY":2,"clippedX":-29.8857897496786,"clippedY":2,"requestedAppliedX":-19.850141551736527,"requestedAppliedY":1.3284,"appliedX":-19.850141551736527,"appliedY":1.3284,"actualX":-20,"actualY":1,"sensitivity":0.6642,"currentZoomForScroll":2.579603759066714,"maxScrollStepX":22,"maxScrollStepY":22,"diagonalEvents":1,"clippedEvents":1}
[DebugBridge +32008.9ms] wheel_scroll_motion {"eventCount":2,"rawAbsX":36,"rawAbsY":4,"rawX":-36,"rawY":4,"clippedAbsX":36,"clippedAbsY":4,"clippedX":-36,"clippedY":4,"requestedAppliedX":-26.567999999999998,"requestedAppliedY":2.952,"appliedX":-22,"appliedY":2.952,"actualX":-22,"actualY":2.5,"sensitivity":0.738,"currentZoomForScroll":2.579603759066714,"maxScrollStepX":22,"maxScrollStepY":22,"diagonalEvents":2,"clippedEvents":0}
[DebugBridge +32018.3ms] wheel_scroll_motion {"eventCount":2,"rawAbsX":36,"rawAbsY":10,"rawX":-36,"rawY":10,"clippedAbsX":36,"clippedAbsY":10,"clippedX":-36,"clippedY":10,"requestedAppliedX":-26.568,"requestedAppliedY":7.38,"appliedX":-22,"appliedY":7.38,"actualX":-22,"actualY":7,"sensitivity":0.738,"currentZoomForScroll":2.579603759066714,"maxScrollStepX":22,"maxScrollStepY":22,"diagonalEvents":2,"clippedEvents":0}
[DebugBridge +32026.4ms] wheel_scroll_motion {"eventCount":2,"rawAbsX":32,"rawAbsY":14,"rawX":-32,"rawY":14,"clippedAbsX":32,"clippedAbsY":14,"clippedX":-32,"clippedY":14,"requestedAppliedX":-23.616,"requestedAppliedY":10.332,"appliedX":-22,"appliedY":10.332,"actualX":-22,"actualY":10,"sensitivity":0.738,"currentZoomForScroll":2.579603759066714,"maxScrollStepX":22,"maxScrollStepY":22,"diagonalEvents":2,"clippedEvents":0}
[DebugBridge +32034.7ms] wheel_scroll_motion {"eventCount":2,"rawAbsX":24,"rawAbsY":18,"rawX":-24,"rawY":18,"clippedAbsX":24,"clippedAbsY":18,"clippedX":-24,"clippedY":18,"requestedAppliedX":-17.712,"requestedAppliedY":13.283999999999999,"appliedX":-17.712,"appliedY":13.283999999999999,"actualX":-18,"actualY":13,"sensitivity":0.738,"currentZoomForScroll":2.579603759066714,"maxScrollStepX":22,"maxScrollStepY":22,"diagonalEvents":2,"clippedEvents":0}
[DebugBridge +32042.7ms] wheel_scroll_motion {"eventCount":2,"rawAbsX":16,"rawAbsY":22,"rawX":-16,"rawY":22,"clippedAbsX":16,"clippedAbsY":22,"clippedX":-16,"clippedY":22,"requestedAppliedX":-11.808,"requestedAppliedY":16.236,"appliedX":-11.808,"appliedY":16.236,"actualX":-12,"actualY":16,"sensitivity":0.738,"currentZoomForScroll":2.579603759066714,"maxScrollStepX":22,"maxScrollStepY":22,"diagonalEvents":2,"clippedEvents":0}
[DebugBridge +32050.4ms] wheel_scroll_motion {"eventCount":2,"rawAbsX":10,"rawAbsY":26,"rawX":-10,"rawY":26,"clippedAbsX":10,"clippedAbsY":26,"clippedX":-10,"clippedY":26,"requestedAppliedX":-7.38,"requestedAppliedY":19.188,"appliedX":-7.38,"appliedY":19.188,"actualX":-7.5,"actualY":19,"sensitivity":0.738,"currentZoomForScroll":2.579603759066714,"maxScrollStepX":22,"maxScrollStepY":22,"diagonalEvents":2,"clippedEvents":0}
[DebugBridge +32057.8ms] wheel_scroll_motion {"eventCount":2,"rawAbsX":4,"rawAbsY":28,"rawX":-4,"rawY":28,"clippedAbsX":4,"clippedAbsY":28,"clippedX":-4,"clippedY":28,"requestedAppliedX":-2.952,"requestedAppliedY":20.664,"appliedX":-2.952,"appliedY":20.664,"actualX":-3,"actualY":20.5,"sensitivity":0.738,"currentZoomForScroll":2.579603759066714,"maxScrollStepX":22,"maxScrollStepY":22,"diagonalEvents":2,"clippedEvents":0}
[DebugBridge +32068.4ms] wheel_scroll_motion {"eventCount":2,"rawAbsX":4,"rawAbsY":30,"rawX":-4,"rawY":30,"clippedAbsX":4,"clippedAbsY":30,"clippedX":-4,"clippedY":30,"requestedAppliedX":-2.952,"requestedAppliedY":22.14,"appliedX":-2.952,"appliedY":22,"actualX":-3,"actualY":22,"sensitivity":0.738,"currentZoomForScroll":2.579603759066714,"maxScrollStepX":22,"maxScrollStepY":22,"diagonalEvents":2,"clippedEvents":0}
[DebugBridge +32076.0ms] wheel_scroll_motion {"eventCount":2,"rawAbsX":4,"rawAbsY":30,"rawX":4,"rawY":30,"clippedAbsX":4,"clippedAbsY":30,"clippedX":4,"clippedY":30,"requestedAppliedX":2.952,"requestedAppliedY":22.14,"appliedX":2.952,"appliedY":22,"actualX":2.5,"actualY":22,"sensitivity":0.738,"currentZoomForScroll":2.579603759066714,"maxScrollStepX":22,"maxScrollStepY":22,"diagonalEvents":2,"clippedEvents":0}
[DebugBridge +32084.4ms] wheel_scroll_motion {"eventCount":2,"rawAbsX":6,"rawAbsY":28,"rawX":6,"rawY":28,"clippedAbsX":6,"clippedAbsY":28,"clippedX":6,"clippedY":28,"requestedAppliedX":4.428,"requestedAppliedY":20.664,"appliedX":4.428,"appliedY":20.664,"actualX":4,"actualY":20.5,"sensitivity":0.738,"currentZoomForScroll":2.579603759066714,"maxScrollStepX":22,"maxScrollStepY":22,"diagonalEvents":2,"clippedEvents":0}
[DebugBridge +32092.5ms] wheel_scroll_motion {"eventCount":2,"rawAbsX":10,"rawAbsY":20,"rawX":10,"rawY":20,"clippedAbsX":10,"clippedAbsY":20,"clippedX":10,"clippedY":20,"requestedAppliedX":7.38,"requestedAppliedY":14.759999999999998,"appliedX":7.38,"appliedY":14.759999999999998,"actualX":7,"actualY":14.5,"sensitivity":0.738,"currentZoomForScroll":2.579603759066714,"maxScrollStepX":22,"maxScrollStepY":22,"diagonalEvents":2,"clippedEvents":0}
[DebugBridge +32101.6ms] wheel_scroll_motion {"eventCount":2,"rawAbsX":16,"rawAbsY":26,"rawX":16,"rawY":26,"clippedAbsX":16,"clippedAbsY":26,"clippedX":16,"clippedY":26,"requestedAppliedX":11.808,"requestedAppliedY":19.188,"appliedX":11.808,"appliedY":19.188,"actualX":11.5,"actualY":19,"sensitivity":0.738,"currentZoomForScroll":2.579603759066714,"maxScrollStepX":22,"maxScrollStepY":22,"diagonalEvents":2,"clippedEvents":0}
[DebugBridge +32108.5ms] wheel_scroll_motion {"eventCount":1,"rawAbsX":6,"rawAbsY":6,"rawX":6,"rawY":6,"clippedAbsX":6,"clippedAbsY":6,"clippedX":6,"clippedY":6,"requestedAppliedX":4.428,"requestedAppliedY":4.428,"appliedX":4.428,"appliedY":4.428,"actualX":4,"actualY":4,"sensitivity":0.738,"currentZoomForScroll":2.579603759066714,"maxScrollStepX":22,"maxScrollStepY":22,"diagonalEvents":1,"clippedEvents":0}
[DebugBridge +32150.7ms] wheel_scroll_motion {"eventCount":4,"rawAbsX":120,"rawAbsY":36,"rawX":120,"rawY":12,"clippedAbsX":59.8857897496786,"clippedAbsY":36,"clippedX":59.8857897496786,"clippedY":12,"requestedAppliedX":41.99014155173653,"requestedAppliedY":7.0847999999999995,"appliedX":22,"appliedY":7.0847999999999995,"actualX":22,"actualY":7,"sensitivity":0.738,"currentZoomForScroll":2.579603759066714,"maxScrollStepX":22,"maxScrollStepY":22,"diagonalEvents":4,"clippedEvents":1}
[DebugBridge +32161.9ms] wheel_scroll_motion {"eventCount":1,"rawAbsX":6,"rawAbsY":6,"rawX":6,"rawY":-6,"clippedAbsX":6,"clippedAbsY":6,"clippedX":6,"clippedY":-6,"requestedAppliedX":4.428,"requestedAppliedY":-4.428,"appliedX":4.428,"appliedY":-4.428,"actualX":4,"actualY":-4.5,"sensitivity":0.738,"currentZoomForScroll":2.579603759066714,"maxScrollStepX":22,"maxScrollStepY":22,"diagonalEvents":1,"clippedEvents":0}
[DebugBridge +32171.1ms] wheel_scroll_motion {"eventCount":1,"rawAbsX":4,"rawAbsY":4,"rawX":4,"rawY":-4,"clippedAbsX":4,"clippedAbsY":4,"clippedX":4,"clippedY":-4,"requestedAppliedX":2.952,"requestedAppliedY":-2.952,"appliedX":2.952,"appliedY":-2.952,"actualX":2.5,"actualY":-3,"sensitivity":0.738,"currentZoomForScroll":2.579603759066714,"maxScrollStepX":22,"maxScrollStepY":22,"diagonalEvents":1,"clippedEvents":0}
[DebugBridge +32178.6ms] wheel_scroll_motion {"eventCount":1,"rawAbsX":14,"rawAbsY":16,"rawX":14,"rawY":-16,"clippedAbsX":14,"clippedAbsY":16,"clippedX":14,"clippedY":-16,"requestedAppliedX":10.332,"requestedAppliedY":-11.808,"appliedX":10.332,"appliedY":-11.808,"actualX":10,"actualY":-12,"sensitivity":0.738,"currentZoomForScroll":2.579603759066714,"maxScrollStepX":22,"maxScrollStepY":22,"diagonalEvents":1,"clippedEvents":0}
[DebugBridge +32186.2ms] wheel_scroll_motion {"eventCount":1,"rawAbsX":8,"rawAbsY":12,"rawX":8,"rawY":-12,"clippedAbsX":8,"clippedAbsY":12,"clippedX":8,"clippedY":-12,"requestedAppliedX":5.904,"requestedAppliedY":-8.856,"appliedX":5.904,"appliedY":-8.856,"actualX":5.5,"actualY":-9,"sensitivity":0.738,"currentZoomForScroll":2.579603759066714,"maxScrollStepX":22,"maxScrollStepY":22,"diagonalEvents":1,"clippedEvents":0}
[DebugBridge +32194.6ms] wheel_scroll_motion {"eventCount":2,"rawAbsX":20,"rawAbsY":30,"rawX":20,"rawY":-30,"clippedAbsX":20,"clippedAbsY":30,"clippedX":20,"clippedY":-30,"requestedAppliedX":14.76,"requestedAppliedY":-22.14,"appliedX":14.76,"appliedY":-22,"actualX":14.5,"actualY":-22,"sensitivity":0.738,"currentZoomForScroll":2.579603759066714,"maxScrollStepX":22,"maxScrollStepY":22,"diagonalEvents":2,"clippedEvents":0}
[DebugBridge +32203.9ms] wheel_scroll_motion {"eventCount":2,"rawAbsX":8,"rawAbsY":14,"rawX":8,"rawY":-14,"clippedAbsX":8,"clippedAbsY":14,"clippedX":8,"clippedY":-14,"requestedAppliedX":5.904,"requestedAppliedY":-10.332,"appliedX":5.904,"appliedY":-10.332,"actualX":5.5,"actualY":-10.5,"sensitivity":0.738,"currentZoomForScroll":2.579603759066714,"maxScrollStepX":22,"maxScrollStepY":22,"diagonalEvents":2,"clippedEvents":0}
[DebugBridge +32211.1ms] wheel_scroll_motion {"eventCount":1,"rawAbsX":2,"rawAbsY":2,"rawX":2,"rawY":-2,"clippedAbsX":2,"clippedAbsY":2,"clippedX":2,"clippedY":-2,"requestedAppliedX":1.476,"requestedAppliedY":-1.476,"appliedX":1.476,"appliedY":-1.476,"actualX":1,"actualY":-1.5,"sensitivity":0.738,"currentZoomForScroll":2.579603759066714,"maxScrollStepX":22,"maxScrollStepY":22,"diagonalEvents":1,"clippedEvents":0}
[DebugBridge +32219.7ms] wheel_scroll_motion {"eventCount":2,"rawAbsX":6,"rawAbsY":10,"rawX":6,"rawY":-10,"clippedAbsX":6,"clippedAbsY":10,"clippedX":6,"clippedY":-10,"requestedAppliedX":4.428,"requestedAppliedY":-7.38,"appliedX":4.428,"appliedY":-7.38,"actualX":4,"actualY":-7.5,"sensitivity":0.738,"currentZoomForScroll":2.579603759066714,"maxScrollStepX":22,"maxScrollStepY":22,"diagonalEvents":2,"clippedEvents":0}
[DebugBridge +32224.8ms] wheel_scroll_motion {"eventCount":2,"rawAbsX":4,"rawAbsY":12,"rawX":4,"rawY":-12,"clippedAbsX":4,"clippedAbsY":12,"clippedX":4,"clippedY":-12,"requestedAppliedX":2.952,"requestedAppliedY":-8.856,"appliedX":2.952,"appliedY":-8.856,"actualX":2.5,"actualY":-9,"sensitivity":0.738,"currentZoomForScroll":2.579603759066714,"maxScrollStepX":22,"maxScrollStepY":22,"diagonalEvents":2,"clippedEvents":0}
[DebugBridge +32235.3ms] wheel_scroll_motion {"eventCount":2,"rawAbsX":4,"rawAbsY":8,"rawX":4,"rawY":-8,"clippedAbsX":4,"clippedAbsY":8,"clippedX":4,"clippedY":-8,"requestedAppliedX":2.952,"requestedAppliedY":-5.904,"appliedX":2.952,"appliedY":-5.904,"actualX":2.5,"actualY":-6,"sensitivity":0.738,"currentZoomForScroll":2.579603759066714,"maxScrollStepX":22,"maxScrollStepY":22,"diagonalEvents":2,"clippedEvents":0}
[DebugBridge +32252.1ms] wheel_scroll_motion {"eventCount":1,"rawAbsX":6,"rawAbsY":8,"rawX":6,"rawY":-8,"clippedAbsX":6,"clippedAbsY":8,"clippedX":6,"clippedY":-8,"requestedAppliedX":4.428,"requestedAppliedY":-5.904,"appliedX":4.428,"appliedY":-5.904,"actualX":4,"actualY":-6,"sensitivity":0.738,"currentZoomForScroll":2.579603759066714,"maxScrollStepX":22,"maxScrollStepY":22,"diagonalEvents":1,"clippedEvents":0}
[DebugBridge +32258.3ms] wheel_scroll_motion {"eventCount":1,"rawAbsX":6,"rawAbsY":10,"rawX":6,"rawY":-10,"clippedAbsX":6,"clippedAbsY":10,"clippedX":6,"clippedY":-10,"requestedAppliedX":4.428,"requestedAppliedY":-7.38,"appliedX":4.428,"appliedY":-7.38,"actualX":4,"actualY":-7.5,"sensitivity":0.738,"currentZoomForScroll":2.579603759066714,"maxScrollStepX":22,"maxScrollStepY":22,"diagonalEvents":1,"clippedEvents":0}
[DebugBridge +32266.9ms] wheel_scroll_motion {"eventCount":1,"rawAbsX":8,"rawAbsY":10,"rawX":8,"rawY":-10,"clippedAbsX":8,"clippedAbsY":10,"clippedX":8,"clippedY":-10,"requestedAppliedX":5.904,"requestedAppliedY":-7.38,"appliedX":5.904,"appliedY":-7.38,"actualX":5.5,"actualY":-7.5,"sensitivity":0.738,"currentZoomForScroll":2.579603759066714,"maxScrollStepX":22,"maxScrollStepY":22,"diagonalEvents":1,"clippedEvents":0}
[DebugBridge +32276.9ms] wheel_scroll_motion {"eventCount":1,"rawAbsX":6,"rawAbsY":10,"rawX":6,"rawY":-10,"clippedAbsX":6,"clippedAbsY":10,"clippedX":6,"clippedY":-10,"requestedAppliedX":4.428,"requestedAppliedY":-7.38,"appliedX":4.428,"appliedY":-7.38,"actualX":4,"actualY":-7.5,"sensitivity":0.738,"currentZoomForScroll":2.579603759066714,"maxScrollStepX":22,"maxScrollStepY":22,"diagonalEvents":1,"clippedEvents":0}
[DebugBridge +32285.0ms] wheel_scroll_motion {"eventCount":1,"rawAbsX":6,"rawAbsY":10,"rawX":6,"rawY":-10,"clippedAbsX":6,"clippedAbsY":10,"clippedX":6,"clippedY":-10,"requestedAppliedX":4.428,"requestedAppliedY":-7.38,"appliedX":4.428,"appliedY":-7.38,"actualX":4,"actualY":-7.5,"sensitivity":0.738,"currentZoomForScroll":2.579603759066714,"maxScrollStepX":22,"maxScrollStepY":22,"diagonalEvents":1,"clippedEvents":0}
[DebugBridge +32292.5ms] wheel_scroll_motion {"eventCount":1,"rawAbsX":8,"rawAbsY":10,"rawX":8,"rawY":-10,"clippedAbsX":8,"clippedAbsY":10,"clippedX":8,"clippedY":-10,"requestedAppliedX":5.904,"requestedAppliedY":-7.38,"appliedX":5.904,"appliedY":-7.38,"actualX":5.5,"actualY":-7.5,"sensitivity":0.738,"currentZoomForScroll":2.579603759066714,"maxScrollStepX":22,"maxScrollStepY":22,"diagonalEvents":1,"clippedEvents":0}
[DebugBridge +32302.6ms] wheel_scroll_motion {"eventCount":1,"rawAbsX":8,"rawAbsY":10,"rawX":8,"rawY":-10,"clippedAbsX":8,"clippedAbsY":10,"clippedX":8,"clippedY":-10,"requestedAppliedX":5.904,"requestedAppliedY":-7.38,"appliedX":5.904,"appliedY":-7.38,"actualX":5.5,"actualY":-7.5,"sensitivity":0.738,"currentZoomForScroll":2.579603759066714,"maxScrollStepX":22,"maxScrollStepY":22,"diagonalEvents":1,"clippedEvents":0}
[DebugBridge +32309.6ms] wheel_scroll_motion {"eventCount":1,"rawAbsX":8,"rawAbsY":12,"rawX":8,"rawY":-12,"clippedAbsX":8,"clippedAbsY":12,"clippedX":8,"clippedY":-12,"requestedAppliedX":5.904,"requestedAppliedY":-8.856,"appliedX":5.904,"appliedY":-8.856,"actualX":5.5,"actualY":-9,"sensitivity":0.738,"currentZoomForScroll":2.579603759066714,"maxScrollStepX":22,"maxScrollStepY":22,"diagonalEvents":1,"clippedEvents":0}
[DebugBridge +32315.8ms] wheel_scroll_motion {"eventCount":1,"rawAbsX":8,"rawAbsY":10,"rawX":8,"rawY":-10,"clippedAbsX":8,"clippedAbsY":10,"clippedX":8,"clippedY":-10,"requestedAppliedX":5.904,"requestedAppliedY":-7.38,"appliedX":5.904,"appliedY":-7.38,"actualX":5.5,"actualY":-7.5,"sensitivity":0.738,"currentZoomForScroll":2.579603759066714,"maxScrollStepX":22,"maxScrollStepY":22,"diagonalEvents":1,"clippedEvents":0}
[DebugBridge +32326.6ms] wheel_scroll_motion {"eventCount":1,"rawAbsX":6,"rawAbsY":10,"rawX":6,"rawY":-10,"clippedAbsX":6,"clippedAbsY":10,"clippedX":6,"clippedY":-10,"requestedAppliedX":4.428,"requestedAppliedY":-7.38,"appliedX":4.428,"appliedY":-7.38,"actualX":4,"actualY":-7.5,"sensitivity":0.738,"currentZoomForScroll":2.579603759066714,"maxScrollStepX":22,"maxScrollStepY":22,"diagonalEvents":1,"clippedEvents":0}
[DebugBridge +32336.8ms] wheel_scroll_motion {"eventCount":1,"rawAbsX":6,"rawAbsY":10,"rawX":6,"rawY":-10,"clippedAbsX":6,"clippedAbsY":10,"clippedX":6,"clippedY":-10,"requestedAppliedX":4.428,"requestedAppliedY":-7.38,"appliedX":4.428,"appliedY":-7.38,"actualX":4,"actualY":-7.5,"sensitivity":0.738,"currentZoomForScroll":2.579603759066714,"maxScrollStepX":22,"maxScrollStepY":22,"diagonalEvents":1,"clippedEvents":0}
[DebugBridge +32342.1ms] wheel_scroll_motion {"eventCount":1,"rawAbsX":6,"rawAbsY":10,"rawX":6,"rawY":-10,"clippedAbsX":6,"clippedAbsY":10,"clippedX":6,"clippedY":-10,"requestedAppliedX":4.428,"requestedAppliedY":-7.38,"appliedX":4.428,"appliedY":-7.38,"actualX":4,"actualY":-7.5,"sensitivity":0.738,"currentZoomForScroll":2.579603759066714,"maxScrollStepX":22,"maxScrollStepY":22,"diagonalEvents":1,"clippedEvents":0}
[DebugBridge +32351.3ms] wheel_scroll_motion {"eventCount":1,"rawAbsX":6,"rawAbsY":10,"rawX":6,"rawY":-10,"clippedAbsX":6,"clippedAbsY":10,"clippedX":6,"clippedY":-10,"requestedAppliedX":4.428,"requestedAppliedY":-7.38,"appliedX":4.428,"appliedY":-7.38,"actualX":4,"actualY":-7.5,"sensitivity":0.738,"currentZoomForScroll":2.579603759066714,"maxScrollStepX":22,"maxScrollStepY":22,"diagonalEvents":1,"clippedEvents":0}
[DebugBridge +32358.9ms] wheel_scroll_motion {"eventCount":1,"rawAbsX":6,"rawAbsY":8,"rawX":6,"rawY":-8,"clippedAbsX":6,"clippedAbsY":8,"clippedX":6,"clippedY":-8,"requestedAppliedX":4.428,"requestedAppliedY":-5.904,"appliedX":4.428,"appliedY":-5.904,"actualX":4,"actualY":-6,"sensitivity":0.738,"currentZoomForScroll":2.579603759066714,"maxScrollStepX":22,"maxScrollStepY":22,"diagonalEvents":1,"clippedEvents":0}
[DebugBridge +32368.6ms] wheel_scroll_motion {"eventCount":1,"rawAbsX":6,"rawAbsY":8,"rawX":6,"rawY":-8,"clippedAbsX":6,"clippedAbsY":8,"clippedX":6,"clippedY":-8,"requestedAppliedX":4.428,"requestedAppliedY":-5.904,"appliedX":4.428,"appliedY":-5.904,"actualX":4,"actualY":-6,"sensitivity":0.738,"currentZoomForScroll":2.579603759066714,"maxScrollStepX":22,"maxScrollStepY":22,"diagonalEvents":1,"clippedEvents":0}
[DebugBridge +32376.3ms] wheel_scroll_motion {"eventCount":1,"rawAbsX":6,"rawAbsY":8,"rawX":6,"rawY":-8,"clippedAbsX":6,"clippedAbsY":8,"clippedX":6,"clippedY":-8,"requestedAppliedX":4.428,"requestedAppliedY":-5.904,"appliedX":4.428,"appliedY":-5.904,"actualX":4,"actualY":-6,"sensitivity":0.738,"currentZoomForScroll":2.579603759066714,"maxScrollStepX":22,"maxScrollStepY":22,"diagonalEvents":1,"clippedEvents":0}
[DebugBridge +32417.1ms] wheel_scroll_motion {"eventCount":1,"rawAbsX":30,"rawAbsY":36,"rawX":30,"rawY":-36,"clippedAbsX":29.8857897496786,"clippedAbsY":29.8857897496786,"clippedX":29.8857897496786,"clippedY":-29.8857897496786,"requestedAppliedX":19.850141551736527,"requestedAppliedY":-19.850141551736527,"appliedX":19.850141551736527,"appliedY":-19.850141551736527,"actualX":19.5,"actualY":-20,"sensitivity":0.6642,"currentZoomForScroll":2.579603759066714,"maxScrollStepX":22,"maxScrollStepY":22,"diagonalEvents":1,"clippedEvents":1}
[DebugBridge +32425.5ms] wheel_scroll_motion {"eventCount":1,"rawAbsX":6,"rawAbsY":6,"rawX":6,"rawY":-6,"clippedAbsX":6,"clippedAbsY":6,"clippedX":6,"clippedY":-6,"requestedAppliedX":4.428,"requestedAppliedY":-4.428,"appliedX":4.428,"appliedY":-4.428,"actualX":4,"actualY":-4.5,"sensitivity":0.738,"currentZoomForScroll":2.579603759066714,"maxScrollStepX":22,"maxScrollStepY":22,"diagonalEvents":1,"clippedEvents":0}
[DebugBridge +32435.1ms] wheel_scroll_motion {"eventCount":1,"rawAbsX":4,"rawAbsY":6,"rawX":4,"rawY":-6,"clippedAbsX":4,"clippedAbsY":6,"clippedX":4,"clippedY":-6,"requestedAppliedX":2.952,"requestedAppliedY":-4.428,"appliedX":2.952,"appliedY":-4.428,"actualX":2.5,"actualY":-4.5,"sensitivity":0.738,"currentZoomForScroll":2.579603759066714,"maxScrollStepX":22,"maxScrollStepY":22,"diagonalEvents":1,"clippedEvents":0}
[DebugBridge +32442.2ms] wheel_scroll_motion {"eventCount":1,"rawAbsX":4,"rawAbsY":6,"rawX":4,"rawY":-6,"clippedAbsX":4,"clippedAbsY":6,"clippedX":4,"clippedY":-6,"requestedAppliedX":2.952,"requestedAppliedY":-4.428,"appliedX":2.952,"appliedY":-4.428,"actualX":2.5,"actualY":-4.5,"sensitivity":0.738,"currentZoomForScroll":2.579603759066714,"maxScrollStepX":22,"maxScrollStepY":22,"diagonalEvents":1,"clippedEvents":0}
[DebugBridge +32450.6ms] wheel_scroll_motion {"eventCount":1,"rawAbsX":4,"rawAbsY":6,"rawX":4,"rawY":-6,"clippedAbsX":4,"clippedAbsY":6,"clippedX":4,"clippedY":-6,"requestedAppliedX":2.952,"requestedAppliedY":-4.428,"appliedX":2.952,"appliedY":-4.428,"actualX":2.5,"actualY":-4.5,"sensitivity":0.738,"currentZoomForScroll":2.579603759066714,"maxScrollStepX":22,"maxScrollStepY":22,"diagonalEvents":1,"clippedEvents":0}
[DebugBridge +32459.2ms] wheel_scroll_motion {"eventCount":1,"rawAbsX":4,"rawAbsY":6,"rawX":4,"rawY":-6,"clippedAbsX":4,"clippedAbsY":6,"clippedX":4,"clippedY":-6,"requestedAppliedX":2.952,"requestedAppliedY":-4.428,"appliedX":2.952,"appliedY":-4.428,"actualX":2.5,"actualY":-4.5,"sensitivity":0.738,"currentZoomForScroll":2.579603759066714,"maxScrollStepX":22,"maxScrollStepY":22,"diagonalEvents":1,"clippedEvents":0}
[DebugBridge +32466.4ms] wheel_scroll_motion {"eventCount":1,"rawAbsX":4,"rawAbsY":6,"rawX":4,"rawY":-6,"clippedAbsX":4,"clippedAbsY":6,"clippedX":4,"clippedY":-6,"requestedAppliedX":2.952,"requestedAppliedY":-4.428,"appliedX":2.952,"appliedY":-4.428,"actualX":2.5,"actualY":-4.5,"sensitivity":0.738,"currentZoomForScroll":2.579603759066714,"maxScrollStepX":22,"maxScrollStepY":22,"diagonalEvents":1,"clippedEvents":0}
[DebugBridge +32475.4ms] wheel_scroll_motion {"eventCount":1,"rawAbsX":4,"rawAbsY":6,"rawX":4,"rawY":-6,"clippedAbsX":4,"clippedAbsY":6,"clippedX":4,"clippedY":-6,"requestedAppliedX":2.952,"requestedAppliedY":-4.428,"appliedX":2.952,"appliedY":-4.428,"actualX":2.5,"actualY":-4.5,"sensitivity":0.738,"currentZoomForScroll":2.579603759066714,"maxScrollStepX":22,"maxScrollStepY":22,"diagonalEvents":1,"clippedEvents":0}
[DebugBridge +32483.0ms] wheel_scroll_motion {"eventCount":1,"rawAbsX":4,"rawAbsY":6,"rawX":4,"rawY":-6,"clippedAbsX":4,"clippedAbsY":6,"clippedX":4,"clippedY":-6,"requestedAppliedX":2.952,"requestedAppliedY":-4.428,"appliedX":2.952,"appliedY":-4.428,"actualX":2.5,"actualY":-4.5,"sensitivity":0.738,"currentZoomForScroll":2.579603759066714,"maxScrollStepX":22,"maxScrollStepY":22,"diagonalEvents":1,"clippedEvents":0}
[DebugBridge +32490.4ms] wheel_scroll_motion {"eventCount":1,"rawAbsX":4,"rawAbsY":6,"rawX":4,"rawY":-6,"clippedAbsX":4,"clippedAbsY":6,"clippedX":4,"clippedY":-6,"requestedAppliedX":2.952,"requestedAppliedY":-4.428,"appliedX":2.952,"appliedY":-4.428,"actualX":2.5,"actualY":-4.5,"sensitivity":0.738,"currentZoomForScroll":2.579603759066714,"maxScrollStepX":22,"maxScrollStepY":22,"diagonalEvents":1,"clippedEvents":0}
[DebugBridge +32499.7ms] wheel_scroll_motion {"eventCount":1,"rawAbsX":4,"rawAbsY":4,"rawX":4,"rawY":-4,"clippedAbsX":4,"clippedAbsY":4,"clippedX":4,"clippedY":-4,"requestedAppliedX":2.952,"requestedAppliedY":-2.952,"appliedX":2.952,"appliedY":-2.952,"actualX":2.5,"actualY":-3,"sensitivity":0.738,"currentZoomForScroll":2.579603759066714,"maxScrollStepX":22,"maxScrollStepY":22,"diagonalEvents":1,"clippedEvents":0}
[DebugBridge +32508.9ms] wheel_scroll_motion {"eventCount":1,"rawAbsX":4,"rawAbsY":4,"rawX":4,"rawY":-4,"clippedAbsX":4,"clippedAbsY":4,"clippedX":4,"clippedY":-4,"requestedAppliedX":2.952,"requestedAppliedY":-2.952,"appliedX":2.952,"appliedY":-2.952,"actualX":2.5,"actualY":-3,"sensitivity":0.738,"currentZoomForScroll":2.579603759066714,"maxScrollStepX":22,"maxScrollStepY":22,"diagonalEvents":1,"clippedEvents":0}
[DebugBridge +32518.0ms] wheel_scroll_motion {"eventCount":1,"rawAbsX":4,"rawAbsY":4,"rawX":4,"rawY":-4,"clippedAbsX":4,"clippedAbsY":4,"clippedX":4,"clippedY":-4,"requestedAppliedX":2.952,"requestedAppliedY":-2.952,"appliedX":2.952,"appliedY":-2.952,"actualX":2.5,"actualY":-3,"sensitivity":0.738,"currentZoomForScroll":2.579603759066714,"maxScrollStepX":22,"maxScrollStepY":22,"diagonalEvents":1,"clippedEvents":0}
[DebugBridge +32526.2ms] wheel_scroll_motion {"eventCount":1,"rawAbsX":4,"rawAbsY":4,"rawX":4,"rawY":-4,"clippedAbsX":4,"clippedAbsY":4,"clippedX":4,"clippedY":-4,"requestedAppliedX":2.952,"requestedAppliedY":-2.952,"appliedX":2.952,"appliedY":-2.952,"actualX":2.5,"actualY":-3,"sensitivity":0.738,"currentZoomForScroll":2.579603759066714,"maxScrollStepX":22,"maxScrollStepY":22,"diagonalEvents":1,"clippedEvents":0}
[DebugBridge +32534.7ms] wheel_scroll_motion {"eventCount":1,"rawAbsX":4,"rawAbsY":4,"rawX":4,"rawY":-4,"clippedAbsX":4,"clippedAbsY":4,"clippedX":4,"clippedY":-4,"requestedAppliedX":2.952,"requestedAppliedY":-2.952,"appliedX":2.952,"appliedY":-2.952,"actualX":2.5,"actualY":-3,"sensitivity":0.738,"currentZoomForScroll":2.579603759066714,"maxScrollStepX":22,"maxScrollStepY":22,"diagonalEvents":1,"clippedEvents":0}
[DebugBridge +32541.4ms] wheel_scroll_motion {"eventCount":1,"rawAbsX":4,"rawAbsY":4,"rawX":4,"rawY":-4,"clippedAbsX":4,"clippedAbsY":4,"clippedX":4,"clippedY":-4,"requestedAppliedX":2.952,"requestedAppliedY":-2.952,"appliedX":2.952,"appliedY":-2.952,"actualX":2.5,"actualY":-3,"sensitivity":0.738,"currentZoomForScroll":2.579603759066714,"maxScrollStepX":22,"maxScrollStepY":22,"diagonalEvents":1,"clippedEvents":0}
[DebugBridge +32551.5ms] wheel_scroll_motion {"eventCount":1,"rawAbsX":4,"rawAbsY":4,"rawX":4,"rawY":-4,"clippedAbsX":4,"clippedAbsY":4,"clippedX":4,"clippedY":-4,"requestedAppliedX":2.952,"requestedAppliedY":-2.952,"appliedX":2.952,"appliedY":-2.952,"actualX":2.5,"actualY":-3,"sensitivity":0.738,"currentZoomForScroll":2.579603759066714,"maxScrollStepX":22,"maxScrollStepY":22,"diagonalEvents":1,"clippedEvents":0}
[DebugBridge +32559.0ms] wheel_scroll_motion {"eventCount":1,"rawAbsX":4,"rawAbsY":4,"rawX":4,"rawY":-4,"clippedAbsX":4,"clippedAbsY":4,"clippedX":4,"clippedY":-4,"requestedAppliedX":2.952,"requestedAppliedY":-2.952,"appliedX":2.952,"appliedY":-2.952,"actualX":2.5,"actualY":-3,"sensitivity":0.738,"currentZoomForScroll":2.579603759066714,"maxScrollStepX":22,"maxScrollStepY":22,"diagonalEvents":1,"clippedEvents":0}
[DebugBridge +32567.4ms] wheel_scroll_motion {"eventCount":1,"rawAbsX":4,"rawAbsY":4,"rawX":4,"rawY":-4,"clippedAbsX":4,"clippedAbsY":4,"clippedX":4,"clippedY":-4,"requestedAppliedX":2.952,"requestedAppliedY":-2.952,"appliedX":2.952,"appliedY":-2.952,"actualX":2.5,"actualY":-3,"sensitivity":0.738,"currentZoomForScroll":2.579603759066714,"maxScrollStepX":22,"maxScrollStepY":22,"diagonalEvents":1,"clippedEvents":0}
[DebugBridge +32575.3ms] wheel_scroll_motion {"eventCount":1,"rawAbsX":2,"rawAbsY":4,"rawX":2,"rawY":-4,"clippedAbsX":2,"clippedAbsY":4,"clippedX":2,"clippedY":-4,"requestedAppliedX":1.476,"requestedAppliedY":-2.952,"appliedX":1.476,"appliedY":-2.952,"actualX":1,"actualY":-3,"sensitivity":0.738,"currentZoomForScroll":2.579603759066714,"maxScrollStepX":22,"maxScrollStepY":22,"diagonalEvents":1,"clippedEvents":0}
[DebugBridge +32583.8ms] wheel_scroll_motion {"eventCount":1,"rawAbsX":2,"rawAbsY":4,"rawX":2,"rawY":-4,"clippedAbsX":2,"clippedAbsY":4,"clippedX":2,"clippedY":-4,"requestedAppliedX":1.476,"requestedAppliedY":-2.952,"appliedX":1.476,"appliedY":-2.952,"actualX":1,"actualY":-3,"sensitivity":0.738,"currentZoomForScroll":2.579603759066714,"maxScrollStepX":22,"maxScrollStepY":22,"diagonalEvents":1,"clippedEvents":0}
[DebugBridge +32594.3ms] wheel_scroll_motion {"eventCount":1,"rawAbsX":2,"rawAbsY":4,"rawX":2,"rawY":-4,"clippedAbsX":2,"clippedAbsY":4,"clippedX":2,"clippedY":-4,"requestedAppliedX":1.476,"requestedAppliedY":-2.952,"appliedX":1.476,"appliedY":-2.952,"actualX":1,"actualY":-3,"sensitivity":0.738,"currentZoomForScroll":2.579603759066714,"maxScrollStepX":22,"maxScrollStepY":22,"diagonalEvents":1,"clippedEvents":0}
[DebugBridge +32601.1ms] wheel_scroll_motion {"eventCount":1,"rawAbsX":2,"rawAbsY":4,"rawX":2,"rawY":-4,"clippedAbsX":2,"clippedAbsY":4,"clippedX":2,"clippedY":-4,"requestedAppliedX":1.476,"requestedAppliedY":-2.952,"appliedX":1.476,"appliedY":-2.952,"actualX":1,"actualY":-3,"sensitivity":0.738,"currentZoomForScroll":2.579603759066714,"maxScrollStepX":22,"maxScrollStepY":22,"diagonalEvents":1,"clippedEvents":0}
[DebugBridge +32610.8ms] wheel_scroll_motion {"eventCount":1,"rawAbsX":2,"rawAbsY":4,"rawX":2,"rawY":-4,"clippedAbsX":2,"clippedAbsY":4,"clippedX":2,"clippedY":-4,"requestedAppliedX":1.476,"requestedAppliedY":-2.952,"appliedX":1.476,"appliedY":-2.952,"actualX":1,"actualY":-3,"sensitivity":0.738,"currentZoomForScroll":2.579603759066714,"maxScrollStepX":22,"maxScrollStepY":22,"diagonalEvents":1,"clippedEvents":0}
[DebugBridge +32617.7ms] wheel_scroll_motion {"eventCount":1,"rawAbsX":2,"rawAbsY":4,"rawX":2,"rawY":-4,"clippedAbsX":2,"clippedAbsY":4,"clippedX":2,"clippedY":-4,"requestedAppliedX":1.476,"requestedAppliedY":-2.952,"appliedX":1.476,"appliedY":-2.952,"actualX":1,"actualY":-3,"sensitivity":0.738,"currentZoomForScroll":2.579603759066714,"maxScrollStepX":22,"maxScrollStepY":22,"diagonalEvents":1,"clippedEvents":0}
[DebugBridge +32626.6ms] wheel_scroll_motion {"eventCount":1,"rawAbsX":2,"rawAbsY":4,"rawX":2,"rawY":-4,"clippedAbsX":2,"clippedAbsY":4,"clippedX":2,"clippedY":-4,"requestedAppliedX":1.476,"requestedAppliedY":-2.952,"appliedX":1.476,"appliedY":-2.952,"actualX":1,"actualY":-3,"sensitivity":0.738,"currentZoomForScroll":2.579603759066714,"maxScrollStepX":22,"maxScrollStepY":22,"diagonalEvents":1,"clippedEvents":0}
[DebugBridge +32634.9ms] wheel_scroll_motion {"eventCount":1,"rawAbsX":2,"rawAbsY":2,"rawX":2,"rawY":-2,"clippedAbsX":2,"clippedAbsY":2,"clippedX":2,"clippedY":-2,"requestedAppliedX":1.476,"requestedAppliedY":-1.476,"appliedX":1.476,"appliedY":-1.476,"actualX":1,"actualY":-1.5,"sensitivity":0.738,"currentZoomForScroll":2.579603759066714,"maxScrollStepX":22,"maxScrollStepY":22,"diagonalEvents":1,"clippedEvents":0}
[DebugBridge +32668.2ms] wheel_scroll_motion {"eventCount":1,"rawAbsX":6,"rawAbsY":6,"rawX":6,"rawY":-6,"clippedAbsX":6,"clippedAbsY":6,"clippedX":6,"clippedY":-6,"requestedAppliedX":4.428,"requestedAppliedY":-4.428,"appliedX":4.428,"appliedY":-4.428,"actualX":4,"actualY":-4.5,"sensitivity":0.738,"currentZoomForScroll":2.579603759066714,"maxScrollStepX":22,"maxScrollStepY":22,"diagonalEvents":1,"clippedEvents":0}
[DebugBridge +32674.4ms] wheel_scroll_motion {"eventCount":1,"rawAbsX":4,"rawAbsY":4,"rawX":4,"rawY":-4,"clippedAbsX":4,"clippedAbsY":4,"clippedX":4,"clippedY":-4,"requestedAppliedX":2.952,"requestedAppliedY":-2.952,"appliedX":2.952,"appliedY":-2.952,"actualX":2.5,"actualY":-3,"sensitivity":0.738,"currentZoomForScroll":2.579603759066714,"maxScrollStepX":22,"maxScrollStepY":22,"diagonalEvents":1,"clippedEvents":0}
[DebugBridge +32691.4ms] wheel_scroll_motion {"eventCount":1,"rawAbsX":4,"rawAbsY":4,"rawX":4,"rawY":-4,"clippedAbsX":4,"clippedAbsY":4,"clippedX":4,"clippedY":-4,"requestedAppliedX":2.952,"requestedAppliedY":-2.952,"appliedX":2.952,"appliedY":-2.952,"actualX":2.5,"actualY":-3,"sensitivity":0.738,"currentZoomForScroll":2.579603759066714,"maxScrollStepX":22,"maxScrollStepY":22,"diagonalEvents":1,"clippedEvents":0}
[DebugBridge +32708.1ms] wheel_scroll_motion {"eventCount":1,"rawAbsX":2,"rawAbsY":4,"rawX":2,"rawY":-4,"clippedAbsX":2,"clippedAbsY":4,"clippedX":2,"clippedY":-4,"requestedAppliedX":1.476,"requestedAppliedY":-2.952,"appliedX":1.476,"appliedY":-2.952,"actualX":1,"actualY":-3,"sensitivity":0.738,"currentZoomForScroll":2.579603759066714,"maxScrollStepX":22,"maxScrollStepY":22,"diagonalEvents":1,"clippedEvents":0}
[DebugBridge +32725.3ms] wheel_scroll_motion {"eventCount":1,"rawAbsX":2,"rawAbsY":4,"rawX":2,"rawY":-4,"clippedAbsX":2,"clippedAbsY":4,"clippedX":2,"clippedY":-4,"requestedAppliedX":1.476,"requestedAppliedY":-2.952,"appliedX":1.476,"appliedY":-2.952,"actualX":1,"actualY":-3,"sensitivity":0.738,"currentZoomForScroll":2.579603759066714,"maxScrollStepX":22,"maxScrollStepY":22,"diagonalEvents":1,"clippedEvents":0}
[DebugBridge +32741.3ms] wheel_scroll_motion {"eventCount":1,"rawAbsX":2,"rawAbsY":2,"rawX":2,"rawY":-2,"clippedAbsX":2,"clippedAbsY":2,"clippedX":2,"clippedY":-2,"requestedAppliedX":1.476,"requestedAppliedY":-1.476,"appliedX":1.476,"appliedY":-1.476,"actualX":1,"actualY":-1.5,"sensitivity":0.738,"currentZoomForScroll":2.579603759066714,"maxScrollStepX":22,"maxScrollStepY":22,"diagonalEvents":1,"clippedEvents":0}
[DebugBridge +32759.6ms] wheel_scroll_motion {"eventCount":1,"rawAbsX":2,"rawAbsY":2,"rawX":2,"rawY":-2,"clippedAbsX":2,"clippedAbsY":2,"clippedX":2,"clippedY":-2,"requestedAppliedX":1.476,"requestedAppliedY":-1.476,"appliedX":1.476,"appliedY":-1.476,"actualX":1,"actualY":-1.5,"sensitivity":0.738,"currentZoomForScroll":2.579603759066714,"maxScrollStepX":22,"maxScrollStepY":22,"diagonalEvents":1,"clippedEvents":0}
[DebugBridge +32774.4ms] wheel_scroll_motion {"eventCount":1,"rawAbsX":2,"rawAbsY":2,"rawX":2,"rawY":-2,"clippedAbsX":2,"clippedAbsY":2,"clippedX":2,"clippedY":-2,"requestedAppliedX":1.476,"requestedAppliedY":-1.476,"appliedX":1.476,"appliedY":-1.476,"actualX":1,"actualY":-1.5,"sensitivity":0.738,"currentZoomForScroll":2.579603759066714,"maxScrollStepX":22,"maxScrollStepY":22,"diagonalEvents":1,"clippedEvents":0}
[DebugBridge +32792.6ms] wheel_scroll_motion {"eventCount":1,"rawAbsX":2,"rawAbsY":2,"rawX":2,"rawY":-2,"clippedAbsX":2,"clippedAbsY":2,"clippedX":2,"clippedY":-2,"requestedAppliedX":1.476,"requestedAppliedY":-1.476,"appliedX":1.476,"appliedY":-1.476,"actualX":1,"actualY":-1.5,"sensitivity":0.738,"currentZoomForScroll":2.579603759066714,"maxScrollStepX":22,"maxScrollStepY":22,"diagonalEvents":1,"clippedEvents":0}
[DebugBridge +32807.8ms] wheel_scroll_motion {"eventCount":1,"rawAbsX":2,"rawAbsY":2,"rawX":2,"rawY":-2,"clippedAbsX":2,"clippedAbsY":2,"clippedX":2,"clippedY":-2,"requestedAppliedX":1.476,"requestedAppliedY":-1.476,"appliedX":1.476,"appliedY":-1.476,"actualX":1,"actualY":-1.5,"sensitivity":0.738,"currentZoomForScroll":2.579603759066714,"maxScrollStepX":22,"maxScrollStepY":22,"diagonalEvents":1,"clippedEvents":0}
[DebugBridge +32825.4ms] wheel_scroll_motion {"eventCount":1,"rawAbsX":2,"rawAbsY":2,"rawX":2,"rawY":-2,"clippedAbsX":2,"clippedAbsY":2,"clippedX":2,"clippedY":-2,"requestedAppliedX":1.476,"requestedAppliedY":-1.476,"appliedX":1.476,"appliedY":-1.476,"actualX":1,"actualY":-1.5,"sensitivity":0.738,"currentZoomForScroll":2.579603759066714,"maxScrollStepX":22,"maxScrollStepY":22,"diagonalEvents":1,"clippedEvents":0}
[DebugBridge +32859.1ms] wheel_scroll_motion {"eventCount":1,"rawAbsX":2,"rawAbsY":2,"rawX":2,"rawY":-2,"clippedAbsX":2,"clippedAbsY":2,"clippedX":2,"clippedY":-2,"requestedAppliedX":1.476,"requestedAppliedY":-1.476,"appliedX":1.476,"appliedY":-1.476,"actualX":1,"actualY":-1.5,"sensitivity":0.738,"currentZoomForScroll":2.579603759066714,"maxScrollStepX":22,"maxScrollStepY":22,"diagonalEvents":1,"clippedEvents":0}
[DebugBridge +32899.7ms] wheel_scroll_motion {"eventCount":1,"rawAbsX":2,"rawAbsY":2,"rawX":2,"rawY":-2,"clippedAbsX":2,"clippedAbsY":2,"clippedX":2,"clippedY":-2,"requestedAppliedX":1.476,"requestedAppliedY":-1.476,"appliedX":1.476,"appliedY":-1.476,"actualX":1,"actualY":-1.5,"sensitivity":0.738,"currentZoomForScroll":2.579603759066714,"maxScrollStepX":22,"maxScrollStepY":22,"diagonalEvents":1,"clippedEvents":0}
[DebugBridge +32925.2ms] wheel_scroll_motion {"eventCount":1,"rawAbsX":0,"rawAbsY":2,"rawX":0,"rawY":-2,"clippedAbsX":0,"clippedAbsY":2,"clippedX":0,"clippedY":-2,"requestedAppliedX":0,"requestedAppliedY":-1.64,"appliedX":0,"appliedY":-1.64,"actualX":0,"actualY":-2,"sensitivity":0.82,"currentZoomForScroll":2.579603759066714,"maxScrollStepX":22,"maxScrollStepY":22,"diagonalEvents":0,"clippedEvents":0}
[DebugBridge +32958.3ms] wheel_scroll_motion {"eventCount":1,"rawAbsX":2,"rawAbsY":0,"rawX":2,"rawY":0,"clippedAbsX":2,"clippedAbsY":0,"clippedX":2,"clippedY":0,"requestedAppliedX":1.64,"requestedAppliedY":0,"appliedX":1.64,"appliedY":0,"actualX":1.5,"actualY":0,"sensitivity":0.82,"currentZoomForScroll":2.579603759066714,"maxScrollStepX":22,"maxScrollStepY":22,"diagonalEvents":0,"clippedEvents":0}
[DebugBridge +32990.9ms] wheel_scroll_motion {"eventCount":1,"rawAbsX":0,"rawAbsY":2,"rawX":0,"rawY":-2,"clippedAbsX":0,"clippedAbsY":2,"clippedX":0,"clippedY":-2,"requestedAppliedX":0,"requestedAppliedY":-1.64,"appliedX":0,"appliedY":-1.64,"actualX":0,"actualY":-2,"sensitivity":0.82,"currentZoomForScroll":2.579603759066714,"maxScrollStepX":22,"maxScrollStepY":22,"diagonalEvents":0,"clippedEvents":0}