===== SurveyApp Save Log =====
version:   0.1.45
runtime:   dev-server
platform:  desktop
device:    Mac
os:        macOS 10.15.7
screen:    1512x982 @2x
viewport:  1512x826
locale:    en-US
timestamp: 2026-05-07T21:00:11.704Z (5/7/2026, 5:00:11 PM)
==============================
console.error @ {}
console.error @ {}
console.error @ {}
console.error @ {}
console.error @ {}
console.error @ {}
console.error @ {}
console.error @ {}
console.error @ {}
console.error @ {}
console.error @ {}
console.error @ {}
console.error @ {}
console.error @ {}
console.error @ {}
console.error @ {}
console.error @ {}
console.error @ {}
console.error @ {}
console.error @ {}
console.error @ {}
console.error @ {}
console.error @ {}
console.error @ [AnnotationSync] Error fetching presence: {"message":"TypeError: Failed to fetch","details":"TypeError: Failed to fetch\n    at instrumentedFetch (http://localhost:5174/src/utils/networkLogger.js:45:32)\n    at http://localhost:5174/node_modules/.vite/deps/@supabase_supabase-js.js?v=4844aadd:19670:23\n    at http://localhost:5174/node_modules/.vite/deps/@supabase_supabase-js.js?v=4844aadd:19684:12\n    at async executeWithRetry (http://localhost:5174/node_modules/.vite/deps/@supabase_supabase-js.js?v=4844aadd:591:19)\n    at async getDocumentPresence (http://localhost:5174/src/services/documentAnnotationService.js:579:27)\n    at async refresh (http://localhost:5174/src/hooks/useDocumentPresenceList.js:31:26)","hint":"","code":""}
console.error @ {}
console.error @ {}
console.error @ {}
console.error @ {}
console.error @ {}
console.error @ {}
console.error @ {}
console.error @ {}
console.error @ {}
console.error @ {}
console.error @ {}
console.error @ {}
console.error @ {}
console.error @ {}
console.error @ {}
console.error @ {}
console.error @ {}
console.error @ {}
console.error @ {}
console.error @ {}
console.error @ {}
console.error @ {}
console.error @ {}
console.error @ {}
console.error @ {}
console.error @ {}
console.error @ {}
console.error @ {}
console.error @ {}
console.error @ {}
console.error @ {}
console.error @ {}
console.error @ {}
console.error @ {}
console.error @ {}
console.error @ {}
console.error @ {}
console.error @ {}
console.error @ {}
console.error @ {}
console.error @ {}
console.error @ {}
console.error @ {}
console.error @ {}
console.error @ {}
console.error @ {}
console.error @ {}
console.error @ {}
console.error @ {}
console.error @ {}
console.error @ {}
console.error @ {}
console.error @ {}
console.error @ {}
console.error @ {}
console.error @ {}
console.error @ {}
console.error @ {}
console.error @ {}
console.error @ {}
console.error @ {}
console.error @ {}
console.error @ {}
console.error @ {}
console.error @ {}
console.error @ {}
console.error @ {}
console.error @ {}
console.error @ {}
console.error @ {}
console.error @ {}
console.error @ {}
console.error @ {}
console.error @ {}
console.error @ {}
console.error @ {}
console.error @ {}
console.error @ {}
console.error @ {}
console.error @ {}
console.error @ {}
console.error @ {}
console.error @ {}
console.error @ {}
console.error @ {}
console.error @ {}
console.error @ {}
console.error @ {}
console.error @ {}
console.error @ {}
console.error @ {}
console.error @ {}
console.error @ {}
console.error @ {}
console.error @ {}
console.error @ {}
console.error @ {}
console.error @ {}
console.error @ {}
console.error @ {}
console.error @ {}
console.error @ {}
console.error @ {}
console.error @ {}
console.error @ {}
console.error @ {}
console.error @ {}
console.error @ {}
console.error @ {}
console.error @ {}
console.error @ {}
console.error @ {}
console.error @ {}
console.error @ {}
console.error @ {}
console.error @ {}
console.error @ {}
console.error @ {}
console.error @ {}
console.error @ {}
console.error @ {}
console.error @ {}
console.error @ {}
console.error @ {}
console.error @ {}
console.error @ {}
console.error @ {}
console.error @ {}
console.error @ {}
console.error @ {}
console.error @ {}
console.error @ {}
console.error @ {}
console.error @ {}
console.error @ {}
console.error @ {}
console.error @ {}
console.error @ {}
console.error @ {}
console.error @ {}
console.error @ {}
console.error @ {}
console.error @ {}
console.error @ {}
console.error @ [AnnotationSync] Error fetching presence: {"message":"TypeError: Failed to fetch","details":"TypeError: Failed to fetch\n    at instrumentedFetch (http://localhost:5174/src/utils/networkLogger.js:45:32)\n    at http://localhost:5174/node_modules/.vite/deps/@supabase_supabase-js.js?v=4844aadd:19670:23\n    at http://localhost:5174/node_modules/.vite/deps/@supabase_supabase-js.js?v=4844aadd:19684:12\n    at async executeWithRetry (http://localhost:5174/node_modules/.vite/deps/@supabase_supabase-js.js?v=4844aadd:591:19)\n    at async getDocumentPresence (http://localhost:5174/src/services/documentAnnotationService.js:579:27)\n    at async refresh (http://localhost:5174/src/hooks/useDocumentPresenceList.js:31:26)","hint":"","code":""}
console.error @ {}
console.error @ {}
console.error @ {}
console.error @ {}
console.error @ {}
console.error @ {}
console.error @ {}
console.error @ {}
console.error @ {}
console.error @ {}
console.error @ {}
console.error @ {}
console.error @ {}
console.error @ {}
console.error @ {}
console.error @ {}
console.error @ {}
console.error @ {}
console.error @ {}
console.error @ {}
console.error @ {}
console.error @ {}
console.error @ {}
console.error @ {}
console.error @ {}
console.error @ {}
console.error @ {}
console.error @ {}
console.error @ {}
console.error @ {}
console.error @ {}
console.error @ {}
console.error @ {}
console.error @ {}
console.error @ {}
console.error @ {}
console.error @ {}
console.error @ {}
console.error @ {}
console.error @ {}
console.error @ {}
console.error @ {}
console.error @ {}
console.error @ {}
console.error @ {}
console.error @ {}
console.error @ {}
console.error @ {}
console.error @ {}
console.error @ {}
console.error @ {}
console.error @ {}
console.error @ {}
console.error @ {}
console.error @ {}
console.error @ {}
console.error @ {}
console.error @ {}
console.error @ {}
console.error @ {}
console.error @ {}
console.error @ {}
console.error @ {}
console.error @ {}
console.error @ {}
console.error @ {}
console.error @ {}
console.error @ {}
console.error @ {}
console.error @ {}
console.error @ {}
console.error @ {}
console.error @ {}
console.error @ {}
console.error @ {}
console.error @ {}
console.error @ {}
console.error @ {}
console.error @ {}
console.error @ {}
console.error @ {}
console.error @ {}
console.error @ {}
console.error @ {}
console.error @ {}
console.error @ {}
console.error @ {}
console.error @ {}
console.error @ {}
console.error @ {}
console.error @ {}
console.error @ {}
console.error @ {}
console.error @ {}
console.error @ {}
console.error @ {}
console.error @ {}
console.error @ {}
console.error @ {}
console.error @ {}
console.error @ {}
console.error @ {}
console.error @ {}
console.error @ {}
console.error @ {}
console.error @ {}
console.error @ {}
console.error @ {}
console.error @ {}
console.error @ {}
console.error @ {}
console.error @ {}
console.error @ {}
console.error @ {}
console.error @ {}
console.error @ {}
console.error @ {}
console.error @ {}
console.error @ {}
console.error @ {}
console.error @ {}
console.error @ {}
console.error @ {}
console.error @ {}
console.error @ {}
console.error @ {}
console.error @ {}
console.error @ {}
console.error @ {}
console.error @ {}
console.error @ {}
console.error @ {}
console.error @ {}
console.error @ {}
console.error @ {}
console.error @ {}
console.error @ {}
console.error @ {}
console.error @ {}
console.error @ {}
console.error @ {}
console.error @ {}
console.error @ {}
console.error @ {}
console.error @ {}
console.error @ {}
console.error @ {}
console.error @ {}
console.error @ {}
console.error @ {}
console.error @ {}
console.error @ {}
console.error @ {}
console.error @ {}
console.error @ {}
console.error @ {}
console.error @ {}
console.error @ {}
console.error @ {}
console.error @ {}
console.error @ Error fetching subscription tier: {"message":"TypeError: Failed to fetch","details":"TypeError: Failed to fetch\n    at instrumentedFetch (http://localhost:5174/src/utils/networkLogger.js:45:32)\n    at http://localhost:5174/node_modules/.vite/deps/@supabase_supabase-js.js?v=4844aadd:19670:23\n    at http://localhost:5174/node_modules/.vite/deps/@supabase_supabase-js.js?v=4844aadd:19684:12\n    at async executeWithRetry (http://localhost:5174/node_modules/.vite/deps/@supabase_supabase-js.js?v=4844aadd:591:19)\n    at async fetchSubscriptionTier (http://localhost:5174/src/contexts/AuthContext.jsx:51:31)","hint":"","code":""}
console.error @ {}
console.error @ {}
console.error @ {}
console.error @ {}
console.error @ {}
console.error @ {}
console.error @ {}
console.error @ {}
console.error @ [AnnotationSync] Error fetching presence: {"message":"TypeError: Failed to fetch","details":"TypeError: Failed to fetch\n    at instrumentedFetch (http://localhost:5174/src/utils/networkLogger.js:45:32)\n    at http://localhost:5174/node_modules/.vite/deps/@supabase_supabase-js.js?v=4844aadd:19670:23\n    at http://localhost:5174/node_modules/.vite/deps/@supabase_supabase-js.js?v=4844aadd:19684:12\n    at async executeWithRetry (http://localhost:5174/node_modules/.vite/deps/@supabase_supabase-js.js?v=4844aadd:591:19)\n    at async getDocumentPresence (http://localhost:5174/src/services/documentAnnotationService.js:579:27)\n    at async refresh (http://localhost:5174/src/hooks/useDocumentPresenceList.js:31:26)","hint":"","code":""}
console.error @ {}
console.error @ {}
console.error @ {}
console.error @ {}
console.error @ {}
console.error @ {}
console.error @ {}
console.error @ {}
console.error @ {}
console.error @ {}
console.error @ {}
console.error @ {}
console.error @ {}
console.error @ {}
console.error @ {}
console.error @ {}
console.error @ {}
console.error @ {}
console.error @ {}
console.error @ {}
console.error @ {}
console.error @ {}
console.error @ {}
console.error @ {}
console.error @ {}
console.error @ {}
console.error @ {}
console.error @ {}
console.error @ {}
console.error @ {}
console.error @ {}
console.error @ {}
console.error @ {}
console.error @ {}
console.error @ {}
console.error @ {}
console.error @ {}
console.error @ {}
console.error @ {}
console.error @ {}
console.error @ {}
console.error @ {}
console.error @ {}
console.error @ {}
console.error @ {}
console.error @ {}
console.error @ {}
console.error @ {}
console.error @ {}
console.error @ {}
console.error @ {}
console.error @ {}
console.error @ {}
console.error @ {}
console.error @ {}
console.error @ {}
console.error @ {}
console.error @ {}
console.error @ {}
console.error @ {}
console.error @ {}
console.error @ {}
console.error @ {}
console.error @ {}
console.error @ {}
console.error @ {}
console.error @ {}
console.error @ {}
console.error @ {}
console.error @ {}
console.error @ {}
console.error @ {}
console.error @ {}
console.error @ {}
console.error @ {}
console.error @ {}
console.error @ {}
console.error @ {}
console.error @ {}
console.error @ {}
console.error @ {}
console.error @ {}
console.error @ {}
console.error @ {}
console.error @ {}
console.error @ {}
console.error @ {}
console.error @ {}
console.error @ {}
console.error @ {}
console.error @ {}
console.error @ {}
console.error @ {}
console.error @ {}
console.error @ {}
console.error @ {}
console.error @ {}
console.error @ {}
console.error @ {}
console.error @ {}
console.error @ {}
console.error @ {}
console.error @ {}
console.error @ {}
console.error @ {}
console.error @ {}
console.error @ {}
console.error @ {}
console.error @ {}
console.error @ {}
console.error @ {}
console.error @ {}
console.error @ {}
console.error @ {}
console.error @ {}
console.error @ {}
console.error @ {}
console.error @ {}
console.error @ {}
console.error @ {}
console.error @ {}
console.error @ {}
console.error @ {}
console.error @ {}
console.error @ {}
console.error @ {}
console.error @ {}
console.error @ {}
console.error @ {}
console.error @ {}
console.error @ {}
console.error @ {}
console.error @ {}
console.error @ {}
console.error @ {}
console.error @ {}
console.error @ {}
console.error @ {}
console.error @ {}
console.error @ {}
console.error @ {}
console.error @ {}
console.error @ {}
console.error @ {}
console.error @ {}
console.error @ {}
console.error @ {}
console.error @ {}
console.error @ {}
console.error @ {}
console.error @ {}
console.error @ {}
console.error @ {}
console.error @ {}
console.error @ {}
console.error @ {}
console.error @ {}
console.error @ {}
console.error @ {}
console.error @ {}
console.error @ {}
console.error @ {}
console.error @ {}
console.error @ {}
console.error @ {}
console.error @ {}
console.error @ {}
console.error @ {}
console.error @ {}
console.error @ {}
console.error @ {}
console.error @ {}
console.error @ {}
console.error @ {}
console.error @ {}
console.error @ {}
console.error @ {}
console.error @ {}
console.error @ {}
console.error @ {}
console.error @ {}
console.error @ {}
console.error @ {}
console.error @ {}
console.error @ {}
console.error @ {}
console.error @ {}
console.error @ {}
console.error @ {}
console.error @ {}
console.error @ {}
console.error @ {}
console.error @ [AnnotationSync] Error fetching presence: {"message":"TypeError: Failed to fetch","details":"TypeError: Failed to fetch\n    at instrumentedFetch (http://localhost:5174/src/utils/networkLogger.js:45:32)\n    at http://localhost:5174/node_modules/.vite/deps/@supabase_supabase-js.js?v=4844aadd:19670:23\n    at http://localhost:5174/node_modules/.vite/deps/@supabase_supabase-js.js?v=4844aadd:19684:12\n    at async executeWithRetry (http://localhost:5174/node_modules/.vite/deps/@supabase_supabase-js.js?v=4844aadd:591:19)\n    at async getDocumentPresence (http://localhost:5174/src/services/documentAnnotationService.js:579:27)\n    at async refresh (http://localhost:5174/src/hooks/useDocumentPresenceList.js:31:26)","hint":"","code":""}
console.error @ {}
console.error @ {}
console.error @ {}
console.error @ {}
console.error @ {}
console.error @ {}
console.error @ {}
console.error @ {}
console.error @ {}
console.error @ {}
console.error @ {}
console.error @ {}
console.error @ {}
console.error @ {}
console.error @ {}
console.error @ {}
console.error @ {}
console.error @ {}
console.error @ {}
console.error @ {}
console.error @ {}
console.error @ {}
console.error @ {}
console.error @ {}
console.error @ {}
console.error @ {}
console.error @ {}
console.error @ {}
console.error @ {}
console.error @ {}
console.error @ {}
console.error @ {}
console.error @ {}
console.error @ {}
console.error @ {}
console.error @ {}
console.error @ {}
console.error @ {}
console.error @ {}
console.error @ {}
console.error @ {}
console.error @ {}
console.error @ {}
console.error @ {}
console.error @ {}
console.error @ {}
console.error @ {}
console.error @ {}
console.error @ {}
console.error @ {}
console.error @ {}
console.error @ {}
console.error @ {}
console.error @ {}
console.error @ {}
console.error @ {}
console.error @ {}
console.error @ {}
console.error @ {}
console.error @ {}
console.error @ {}
console.error @ {}
console.error @ {}
console.error @ {}
console.error @ {}
console.error @ {}
console.error @ {}
console.error @ {}
console.error @ {}
console.error @ {}
console.error @ {}
console.error @ {}
console.error @ {}
console.error @ {}
console.error @ {}
console.error @ {}
console.error @ {}
console.error @ {}
console.error @ {}
console.error @ {}
console.error @ {}
console.error @ {}
console.error @ {}
console.error @ {}
console.error @ {}
console.error @ {}
console.error @ {}
console.error @ {}
console.error @ {}
console.error @ {}
console.error @ {}
console.error @ {}
console.error @ {}
console.error @ {}
console.error @ {}
console.error @ {}
console.error @ {}
console.error @ {}
console.error @ {}
console.error @ {}
console.error @ {}
console.error @ {}
console.error @ {}
console.error @ {}
console.error @ {}
console.error @ {}
console.error @ {}
console.error @ {}
console.error @ {}
console.error @ {}
console.error @ {}
console.error @ {}
console.error @ {}
console.error @ {}
console.error @ {}
console.error @ {}
console.error @ {}
console.error @ {}
console.error @ {}
console.error @ {}
console.error @ {}
console.error @ {}
console.error @ {}
console.error @ {}
console.error @ {}
console.error @ {}
console.error @ {}
console.error @ {}
console.error @ {}
console.error @ {}
console.error @ {}
console.error @ {}
console.error @ {}
console.error @ {}
console.error @ {}
console.error @ {}
console.error @ [AnnotationSync] Error fetching presence: {"message":"TypeError: Failed to fetch","details":"TypeError: Failed to fetch\n    at instrumentedFetch (http://localhost:5174/src/utils/networkLogger.js:45:32)\n    at http://localhost:5174/node_modules/.vite/deps/@supabase_supabase-js.js?v=4844aadd:19670:23\n    at http://localhost:5174/node_modules/.vite/deps/@supabase_supabase-js.js?v=4844aadd:19684:12\n    at async executeWithRetry (http://localhost:5174/node_modules/.vite/deps/@supabase_supabase-js.js?v=4844aadd:591:19)\n    at async getDocumentPresence (http://localhost:5174/src/services/documentAnnotationService.js:579:27)\n    at async refresh (http://localhost:5174/src/hooks/useDocumentPresenceList.js:31:26)","hint":"","code":""}
console.error @ {}
console.error @ {}
console.error @ {}
console.error @ {}
console.error @ {}
console.error @ {}
console.error @ {}
console.error @ {}
console.error @ {}
console.error @ {}
console.error @ {}
console.error @ {}
console.error @ {}
console.error @ {}
console.error @ {}
console.error @ {}
console.error @ {}
console.error @ {}
console.error @ {}
console.error @ {}
console.error @ {}
console.error @ {}
console.error @ {}
console.error @ {}
console.error @ {}
console.error @ {}
console.error @ {}
console.error @ {}
console.error @ {}
console.error @ {}
console.error @ {}
console.error @ {}
console.error @ {}
console.error @ {}
console.error @ {}
console.error @ {}
console.error @ {}
console.error @ {}
console.error @ {}
console.error @ {}
console.error @ {}
console.error @ {}
console.error @ {}
console.error @ {}
console.error @ {}
console.error @ {}
console.error @ {}
console.error @ {}
console.error @ {}
console.error @ {}
console.error @ {}
console.error @ {}
console.error @ {}
console.error @ {}
console.error @ {}
console.error @ {}
console.error @ {}
console.error @ {}
console.error @ {}
console.error @ {}
console.error @ {}
console.error @ {}
console.error @ {}
console.error @ {}
console.error @ {}
console.error @ {}
console.error @ {}
console.error @ {}
console.error @ {}
console.error @ {}
console.error @ {}
console.error @ {}
console.error @ {}
console.error @ {}
console.error @ {}
console.error @ {}
console.error @ {}
console.error @ {}
console.error @ {}
console.error @ {}
console.error @ {}
console.error @ {}
console.error @ {}
console.error @ {}
console.error @ {}
console.error @ {}
console.error @ {}
console.error @ {}
console.error @ {}
console.error @ {}
console.error @ {}
console.error @ {}
console.error @ {}
console.error @ {}
console.error @ {}
console.error @ {}
console.error @ {}
console.error @ {}
console.error @ {}
console.error @ {}
console.error @ {}
console.error @ {}
console.error @ {}
console.error @ {}
console.error @ {}
console.error @ {}
console.error @ {}
console.error @ {}
console.error @ {}
console.error @ {}
console.error @ {}
console.error @ {}
console.error @ {}
console.error @ {}
console.error @ {}
console.error @ {}
console.error @ {}
console.error @ {}
console.error @ {}
console.error @ {}
console.error @ {}
console.error @ {}
console.error @ {}
console.error @ {}
console.error @ {}
console.error @ {}
console.error @ {}
console.error @ {}
console.error @ {}
console.error @ {}
console.error @ {}
console.error @ {}
console.error @ {}
console.error @ {}
console.error @ {}
console.error @ {}
console.error @ {}
console.error @ {}
console.error @ {}
console.error @ {}
console.error @ {}
console.error @ {}
console.error @ {}
console.error @ {}
console.error @ [AnnotationSync] Error fetching presence: {"message":"TypeError: Failed to fetch","details":"TypeError: Failed to fetch\n    at instrumentedFetch (http://localhost:5174/src/utils/networkLogger.js:45:32)\n    at http://localhost:5174/node_modules/.vite/deps/@supabase_supabase-js.js?v=4844aadd:19670:23\n    at http://localhost:5174/node_modules/.vite/deps/@supabase_supabase-js.js?v=4844aadd:19684:12\n    at async executeWithRetry (http://localhost:5174/node_modules/.vite/deps/@supabase_supabase-js.js?v=4844aadd:591:19)\n    at async getDocumentPresence (http://localhost:5174/src/services/documentAnnotationService.js:579:27)\n    at async refresh (http://localhost:5174/src/hooks/useDocumentPresenceList.js:31:26)","hint":"","code":""}
console.error @ {}
console.error @ {}
console.error @ {}
console.error @ {}
console.error @ {}
console.error @ {}
console.error @ {}
console.error @ {}
console.error @ {}
console.error @ {}
console.error @ {}
console.error @ {}
console.error @ {}
console.error @ {}
console.error @ {}
console.error @ {}
console.error @ {}
console.error @ {}
console.error @ {}
console.error @ {}
console.error @ {}
console.error @ {}
console.error @ {}
console.error @ {}
console.error @ {}
console.error @ {}
console.error @ {}
console.error @ {}
console.error @ {}
console.error @ {}
console.error @ {}
console.error @ {}
console.error @ {}
console.error @ {}
console.error @ {}
console.error @ {}
console.error @ {}
console.error @ {}
console.error @ {}
console.error @ {}
console.error @ {}
console.error @ {}
console.error @ {}
console.error @ {}
console.error @ {}
console.error @ {}
console.error @ {}
console.error @ {}
console.error @ {}
console.error @ {}
console.error @ {}
console.error @ {}
console.error @ {}
console.error @ {}
console.error @ {}
console.error @ {}
console.error @ {}
console.error @ {}
console.error @ {}
console.error @ {}
console.error @ {}
console.error @ {}
console.error @ {}
console.error @ {}
console.error @ {}
console.error @ {}
console.error @ {}
console.error @ {}
console.error @ {}
console.error @ {}
console.error @ {}
console.error @ {}
console.error @ {}
console.error @ {}
console.error @ {}
console.error @ {}
console.error @ {}
console.error @ {}
console.error @ {}
console.error @ {}
console.error @ {}
console.error @ {}
console.error @ {}
console.error @ {}
console.error @ {}
console.error @ {}
console.error @ {}
console.error @ {}
console.error @ {}
console.error @ {}
console.error @ {}
console.error @ {}
console.error @ {}
console.error @ {}
console.error @ {}
console.error @ {}
console.error @ [AnnotationSync] Error fetching presence: {"message":"TypeError: Failed to fetch","details":"TypeError: Failed to fetch\n    at instrumentedFetch (http://localhost:5174/src/utils/networkLogger.js:45:32)\n    at http://localhost:5174/node_modules/.vite/deps/@supabase_supabase-js.js?v=4844aadd:19670:23\n    at http://localhost:5174/node_modules/.vite/deps/@supabase_supabase-js.js?v=4844aadd:19684:12\n    at async executeWithRetry (http://localhost:5174/node_modules/.vite/deps/@supabase_supabase-js.js?v=4844aadd:591:19)\n    at async getDocumentPresence (http://localhost:5174/src/services/documentAnnotationService.js:579:27)\n    at async refresh (http://localhost:5174/src/hooks/useDocumentPresenceList.js:31:26)","hint":"","code":""}
console.error @ {}
console.error @ {}
console.error @ {}
console.error @ {}
console.error @ {}
console.error @ {}
console.error @ {}
console.error @ {}
console.error @ {}
console.error @ {}
console.error @ {}
console.error @ {}
console.error @ {}
console.error @ {}
console.error @ {}
console.error @ {}
console.error @ {}
console.error @ {}
console.error @ {}
console.error @ {}
console.error @ {}
console.error @ {}
console.error @ {}
console.error @ {}
console.error @ {}
console.error @ {}
console.error @ {}
console.error @ {}
console.error @ {}
console.error @ {}
console.error @ {}
console.error @ {}
console.error @ {}
console.error @ {}
console.error @ {}
console.error @ {}
console.error @ {}
console.error @ {}
console.error @ {}
console.error @ {}
console.error @ {}
console.error @ {}
console.error @ {}
console.error @ {}
console.error @ {}
console.error @ {}
console.error @ {}
console.error @ {}
console.error @ {}
console.error @ {}
console.error @ {}
console.error @ {}
console.error @ {}
console.error @ {}
console.error @ {}
console.error @ {}
console.error @ {}
console.error @ {}
console.error @ {}
console.error @ {}
console.error @ {}
console.error @ {}
console.error @ {}
console.error @ {}
console.error @ {}
console.error @ {}
console.error @ {}
console.error @ {}
console.error @ {}
console.error @ {}
console.error @ {}
console.error @ {}
console.error @ {}
console.error @ {}
console.error @ {}
console.error @ {}
console.error @ {}
console.error @ {}
console.error @ {}
console.error @ {}
console.error @ {}
console.error @ {}
console.error @ {}
console.error @ {}
console.error @ {}
console.error @ {}
console.error @ {}
console.error @ {}
console.error @ {}
console.error @ {}
console.error @ {}
console.error @ {}
console.error @ {}
console.error @ {}
console.error @ {}
console.error @ {}
console.error @ {}
console.error @ {}
console.error @ {}
console.error @ {}
console.error @ {}
console.error @ {}
console.error @ {}
console.error @ {}
console.error @ {}
console.error @ {}
console.error @ {}
console.error @ {}
console.error @ {}
console.error @ {}
console.error @ {}
console.error @ {}
console.error @ {}
console.error @ {}
console.error @ {}
console.error @ {}
console.error @ {}
console.error @ {}
console.error @ {}
console.error @ {}
console.error @ {}
console.error @ {}
console.error @ {}
console.error @ {}
console.error @ {}
console.error @ {}
console.error @ {}
console.error @ {}
console.error @ {}
console.error @ {}
console.error @ {}
console.error @ {}
console.error @ {}
console.error @ {}
console.error @ {}
console.error @ {}
console.error @ {}
console.error @ {}
console.error @ {}
console.error @ {}
console.error @ {}
console.error @ {}
console.error @ {}
console.error @ {}
console.error @ {}
console.error @ {}
console.error @ {}
console.error @ {}
console.error @ {}
console.error @ {}
console.error @ {}
console.error @ {}
console.error @ {}
console.error @ {}
console.error @ {}
console.error @ {}
console.error @ {}
console.error @ {}
console.error @ {}
console.error @ {}
console.error @ Error fetching subscription tier: {"message":"TypeError: Failed to fetch","details":"TypeError: Failed to fetch\n    at instrumentedFetch (http://localhost:5174/src/utils/networkLogger.js:45:32)\n    at http://localhost:5174/node_modules/.vite/deps/@supabase_supabase-js.js?v=4844aadd:19670:23\n    at http://localhost:5174/node_modules/.vite/deps/@supabase_supabase-js.js?v=4844aadd:19684:12\n    at async executeWithRetry (http://localhost:5174/node_modules/.vite/deps/@supabase_supabase-js.js?v=4844aadd:591:19)\n    at async fetchSubscriptionTier (http://localhost:5174/src/contexts/AuthContext.jsx:51:31)","hint":"","code":""}
console.error @ {}
console.error @ {}
console.error @ {}
console.error @ {}
console.error @ {}
console.error @ {}
console.error @ {}
console.error @ {}
console.error @ {}
console.error @ {}
console.error @ {}
console.error @ {}
console.error @ {}
console.error @ {}
console.error @ {}
console.error @ {}
console.error @ {}
console.error @ {}
console.error @ {}
console.error @ {}
console.error @ {}
console.error @ {}
console.error @ {}
console.error @ {}
console.error @ {}
console.error @ {}
console.error @ {}
console.error @ {}
console.error @ {}
console.error @ {}
console.error @ {}
console.error @ {}
console.error @ [AnnotationSync] Error fetching presence: {"message":"TypeError: Failed to fetch","details":"TypeError: Failed to fetch\n    at instrumentedFetch (http://localhost:5174/src/utils/networkLogger.js:45:32)\n    at http://localhost:5174/node_modules/.vite/deps/@supabase_supabase-js.js?v=4844aadd:19670:23\n    at http://localhost:5174/node_modules/.vite/deps/@supabase_supabase-js.js?v=4844aadd:19684:12\n    at async executeWithRetry (http://localhost:5174/node_modules/.vite/deps/@supabase_supabase-js.js?v=4844aadd:591:19)\n    at async getDocumentPresence (http://localhost:5174/src/services/documentAnnotationService.js:579:27)\n    at async refresh (http://localhost:5174/src/hooks/useDocumentPresenceList.js:31:26)","hint":"","code":""}
console.error @ {}
console.error @ {}
console.error @ {}
console.error @ {}
console.error @ {}
console.error @ {}
console.error @ {}
console.error @ {}
console.error @ {}
console.error @ {}
console.error @ {}
console.error @ {}
console.error @ {}
console.error @ {}
console.error @ {}
console.error @ {}
console.error @ {}
console.error @ {}
console.error @ {}
console.error @ {}
console.error @ {}
console.error @ {}
console.error @ {}
console.error @ {}
console.error @ {}
console.error @ {}
console.error @ {}
console.error @ {}
console.error @ {}
console.error @ {}
console.error @ {}
console.error @ {}
console.error @ {}
console.error @ {}
console.error @ {}
console.error @ {}
console.error @ {}
console.error @ {}
console.error @ {}
console.error @ {}
console.error @ {}
console.error @ {}
console.error @ {}
console.error @ {}
console.error @ {}
console.error @ {}
console.error @ {}
console.error @ {}
console.error @ {}
console.error @ {}
console.error @ {}
console.error @ {}
console.error @ {}
console.error @ {}
console.error @ {}
console.error @ {}
console.error @ {}
console.error @ {}
console.error @ {}
console.error @ {}
console.error @ {}
console.error @ {}
console.error @ {}
console.error @ {}
console.error @ {}
console.error @ {}
console.error @ {}
console.error @ {}
console.error @ {}
console.error @ {}
console.error @ {}
console.error @ {}
console.error @ {}
console.error @ {}
console.error @ {}
console.error @ {}
console.error @ {}
console.error @ {}
console.error @ {}
console.error @ {}
console.error @ {}
console.error @ {}
console.error @ {}
console.error @ {}
console.error @ {}
console.error @ {}
console.error @ {}
console.error @ {}
console.error @ {}
console.error @ {}
console.error @ {}
console.error @ {}
console.error @ {}
console.error @ {}
console.error @ {}
console.error @ {}
console.error @ {}
console.error @ {}
console.error @ {}
console.error @ {}
console.error @ {}
console.error @ {}
console.error @ {}
console.error @ {}
console.error @ {}
console.error @ {}
console.error @ {}
console.error @ {}
console.error @ {}
console.error @ {}
console.error @ {}
console.error @ {}
console.error @ {}
console.error @ {}
console.error @ {}
console.error @ {}
console.error @ {}
console.error @ {}
console.error @ {}
console.error @ {}
console.error @ {}
console.error @ {}
console.error @ {}
console.error @ {}
console.error @ {}
console.error @ {}
console.error @ {}
console.error @ {}
console.error @ {}
console.error @ {}
console.error @ {}
console.error @ {}
console.error @ {}
console.error @ {}
console.error @ {}
console.error @ {}
console.error @ {}
console.error @ {}
console.error @ {}
console.error @ {}
console.error @ {}
console.error @ {}
console.error @ {}
console.error @ {}
console.error @ [AnnotationSync] Error fetching presence: {"message":"TypeError: Failed to fetch","details":"TypeError: Failed to fetch\n    at instrumentedFetch (http://localhost:5174/src/utils/networkLogger.js:45:32)\n    at http://localhost:5174/node_modules/.vite/deps/@supabase_supabase-js.js?v=4844aadd:19670:23\n    at http://localhost:5174/node_modules/.vite/deps/@supabase_supabase-js.js?v=4844aadd:19684:12\n    at async executeWithRetry (http://localhost:5174/node_modules/.vite/deps/@supabase_supabase-js.js?v=4844aadd:591:19)\n    at async getDocumentPresence (http://localhost:5174/src/services/documentAnnotationService.js:579:27)\n    at async refresh (http://localhost:5174/src/hooks/useDocumentPresenceList.js:31:26)","hint":"","code":""}
console.error @ {}
console.error @ {}
console.error @ {}
console.error @ {}
console.error @ {}
console.error @ {}
console.error @ {}
console.error @ {}
console.error @ {}
console.error @ {}
console.error @ {}
console.error @ {}
console.error @ {}
console.error @ {}
console.error @ {}
console.error @ {}
console.error @ {}
console.error @ {}
console.error @ {}
console.error @ {}
console.error @ {}
console.error @ {}
console.error @ {}
console.error @ {}
console.error @ {}
console.error @ {}
console.error @ {}
console.error @ {}
console.error @ {}
console.error @ {}
console.error @ {}
console.error @ {}
console.error @ {}
console.error @ {}
console.error @ {}
console.error @ {}
console.error @ {}
console.error @ {}
console.error @ {}
console.error @ {}
console.error @ {}
console.error @ {}
console.error @ {}
console.error @ {}
console.error @ {}
console.error @ {}
console.error @ {}
console.error @ {}
console.error @ {}
console.error @ {}
console.error @ {}
console.error @ {}
console.error @ {}
console.error @ {}
console.error @ {}
console.error @ {}
console.error @ {}
console.error @ {}
console.error @ {}
console.error @ {}
console.error @ {}
console.error @ {}
console.error @ {}
console.error @ {}
console.error @ {}
console.error @ {}
console.error @ {}
console.error @ {}
console.error @ {}
console.error @ {}
console.error @ {}
console.error @ {}
console.error @ {}
console.error @ {}
console.error @ {}
console.error @ {}
console.error @ {}
console.error @ {}
console.error @ {}
console.error @ {}
console.error @ {}
console.error @ {}
console.error @ {}
console.error @ {}
console.error @ {}
console.error @ {}
console.error @ {}
console.error @ {}
console.error @ {}
console.error @ {}
console.error @ {}
console.error @ {}
console.error @ {}
console.error @ {}
console.error @ {}
console.error @ {}
console.error @ {}
console.error @ {}
console.error @ {}
console.error @ {}
console.error @ {}
console.error @ {}
console.error @ {}
console.error @ {}
console.error @ {}
console.error @ {}
console.error @ {}
console.error @ {}
console.error @ {}
console.error @ {}
console.error @ {}
console.error @ {}
console.error @ [AnnotationSync] Error fetching presence: {"message":"TypeError: Failed to fetch","details":"TypeError: Failed to fetch\n    at instrumentedFetch (http://localhost:5174/src/utils/networkLogger.js:45:32)\n    at http://localhost:5174/node_modules/.vite/deps/@supabase_supabase-js.js?v=4844aadd:19670:23\n    at http://localhost:5174/node_modules/.vite/deps/@supabase_supabase-js.js?v=4844aadd:19684:12\n    at async executeWithRetry (http://localhost:5174/node_modules/.vite/deps/@supabase_supabase-js.js?v=4844aadd:591:19)\n    at async getDocumentPresence (http://localhost:5174/src/services/documentAnnotationService.js:579:27)\n    at async refresh (http://localhost:5174/src/hooks/useDocumentPresenceList.js:31:26)","hint":"","code":""}
console.error @ {}
console.error @ {}
console.error @ {}
console.error @ {}
console.error @ {}
console.error @ {}
console.error @ {}
console.error @ {}
console.error @ {}
console.error @ {}
console.error @ {}
console.error @ {}
console.error @ {}
console.error @ {}
console.error @ {}
console.error @ {}
console.error @ {}
console.error @ {}
console.error @ {}
console.error @ {}
console.error @ {}
console.error @ {}
console.error @ {}
console.error @ {}
console.error @ {}
console.error @ {}
console.error @ {}
console.error @ {}
console.error @ {}
console.error @ {}
console.error @ {}
console.error @ {}
console.error @ {}
console.error @ {}
console.error @ {}
console.error @ {}
console.error @ {}
console.error @ {}
console.error @ {}
console.error @ {}
console.error @ {}
console.error @ {}
console.error @ {}
console.error @ {}
console.error @ {}
console.error @ {}
console.error @ {}
console.error @ {}
console.error @ {}
console.error @ {}
console.error @ {}
console.error @ {}
console.error @ {}
console.error @ {}
console.error @ {}
console.error @ {}
console.error @ {}
console.error @ {}
console.error @ {}
console.error @ {}
console.error @ {}
console.error @ {}
console.error @ {}
console.error @ {}
console.error @ {}
console.error @ {}
console.error @ {}
console.error @ {}
console.error @ {}
console.error @ {}
console.error @ {}
console.error @ {}
console.error @ {}
console.error @ {}
console.error @ {}
console.error @ {}
console.error @ {}
console.error @ {}
console.error @ {}
console.error @ {}
console.error @ {}
console.error @ {}
console.error @ {}
console.error @ {}
console.error @ {}
console.error @ {}
console.error @ {}
console.error @ {}
console.error @ {}
console.error @ {}
console.error @ {}
console.error @ {}
console.error @ {}
console.error @ {}
console.error @ {}
console.error @ {}
console.error @ [AnnotationSync] Error fetching presence: {"message":"TypeError: Failed to fetch","details":"TypeError: Failed to fetch\n    at instrumentedFetch (http://localhost:5174/src/utils/networkLogger.js:45:32)\n    at http://localhost:5174/node_modules/.vite/deps/@supabase_supabase-js.js?v=4844aadd:19670:23\n    at http://localhost:5174/node_modules/.vite/deps/@supabase_supabase-js.js?v=4844aadd:19684:12\n    at async executeWithRetry (http://localhost:5174/node_modules/.vite/deps/@supabase_supabase-js.js?v=4844aadd:591:19)\n    at async getDocumentPresence (http://localhost:5174/src/services/documentAnnotationService.js:579:27)\n    at async refresh (http://localhost:5174/src/hooks/useDocumentPresenceList.js:31:26)","hint":"","code":""}
console.error @ {}
console.error @ {}
console.error @ {}
console.error @ {}
console.error @ {}
console.error @ {}
console.error @ {}
console.error @ {}
console.error @ {}
console.error @ {}
console.error @ {}
console.error @ {}
console.error @ {}
console.error @ {}
console.error @ {}
console.error @ {}
console.error @ {}
console.error @ {}
console.error @ {}
console.error @ {}
console.error @ {}
console.error @ {}
console.error @ {}
console.error @ {}
console.error @ {}
console.error @ {}
console.error @ {}
console.error @ {}
console.error @ {}
console.error @ {}
console.error @ {}
console.error @ {}
console.error @ {}
console.error @ {}
console.error @ {}
console.error @ {}
console.error @ {}
console.error @ {}
console.error @ {}
console.error @ {}
console.error @ {}
console.error @ {}
console.error @ {}
console.error @ {}
console.error @ {}
console.error @ {}
console.error @ {}
console.error @ {}
console.error @ {}
console.error @ {}
console.error @ {}
console.error @ {}
console.error @ {}
console.error @ {}
console.error @ {}
console.error @ {}
console.error @ {}
console.error @ {}
console.error @ {}
console.error @ {}
console.error @ {}
console.error @ {}
console.error @ {}
console.error @ {}
console.error @ {}
console.error @ {}
console.error @ {}
console.error @ {}
console.error @ {}
console.error @ {}
console.error @ {}
console.error @ {}
console.error @ {}
console.error @ {}
console.error @ {}
console.error @ {}
console.error @ {}
console.error @ {}
console.error @ {}
console.error @ {}
console.error @ {}
console.error @ {}
console.error @ {}
console.error @ {}
console.error @ {}
console.error @ {}
console.error @ {}
console.error @ {}
console.error @ {}
console.error @ {}
console.error @ {}
console.error @ {}
console.error @ {}
console.error @ {}
console.error @ {}
console.error @ {}
console.error @ {}
console.error @ {}
console.error @ {}
console.error @ {}
console.error @ {}
console.error @ {}
console.error @ {}
console.error @ {}
console.error @ {}
console.error @ {}
console.error @ {}
console.error @ {}
console.error @ {}
console.error @ {}
console.error @ {}
console.error @ {}
console.error @ {}
console.error @ {}
console.error @ {}
console.error @ {}
console.error @ {}
console.error @ {}
console.error @ {}
console.error @ {}
console.error @ {}
console.error @ {}
console.error @ {}
console.error @ {}
console.error @ {}
console.error @ {}
console.error @ {}
console.error @ {}
console.error @ {}
console.error @ {}
console.error @ {}
console.error @ {}
console.error @ {}
console.error @ {}
console.error @ {}
console.error @ {}
console.error @ {}
console.error @ {}
console.error @ {}
console.error @ {}
console.error @ {}
console.error @ {}
console.error @ {}
console.error @ {}
console.error @ {}
console.error @ {}
console.error @ {}
console.error @ {}
console.error @ {}
console.error @ {}
console.error @ {}
console.error @ {}
console.error @ [AnnotationSync] Error fetching presence: {"message":"TypeError: Failed to fetch","details":"TypeError: Failed to fetch\n    at instrumentedFetch (http://localhost:5174/src/utils/networkLogger.js:45:32)\n    at http://localhost:5174/node_modules/.vite/deps/@supabase_supabase-js.js?v=4844aadd:19670:23\n    at http://localhost:5174/node_modules/.vite/deps/@supabase_supabase-js.js?v=4844aadd:19684:12\n    at async executeWithRetry (http://localhost:5174/node_modules/.vite/deps/@supabase_supabase-js.js?v=4844aadd:591:19)\n    at async getDocumentPresence (http://localhost:5174/src/services/documentAnnotationService.js:579:27)\n    at async refresh (http://localhost:5174/src/hooks/useDocumentPresenceList.js:31:26)","hint":"","code":""}
console.error @ {}
console.error @ {}
console.error @ {}
console.error @ {}
console.error @ {}
console.error @ {}
console.error @ {}
console.error @ {}
console.error @ {}
console.error @ {}
console.error @ {}
console.error @ {}
console.error @ {}
console.error @ {}
console.error @ {}
console.error @ {}
console.error @ {}
console.error @ {}
console.error @ {}
console.error @ {}
console.error @ {}
console.error @ {}
console.error @ {}
console.error @ {}
console.error @ {}
console.error @ {}
console.error @ {}
console.error @ {}
console.error @ {}
console.error @ {}
console.error @ {}
console.error @ {}
console.error @ {}
console.error @ {}
console.error @ {}
console.error @ {}
console.error @ {}
console.error @ {}
console.error @ {}
console.error @ {}
console.error @ {}
console.error @ {}
console.error @ {}
console.error @ {}
console.error @ {}
console.error @ {}
console.error @ {}
console.error @ {}
console.error @ {}
console.error @ {}
console.error @ {}
console.error @ {}
console.error @ {}
console.error @ {}
console.error @ {}
console.error @ {}
console.error @ {}
console.error @ {}
console.error @ {}
console.error @ {}
console.error @ {}
console.error @ {}
console.error @ {}
console.error @ {}
console.error @ {}
console.error @ {}
console.error @ {}
console.error @ {}
console.error @ {}
console.error @ {}
console.error @ {}
console.error @ {}
console.error @ {}
console.error @ {}
console.error @ {}
console.error @ {}
console.error @ {}
console.error @ {}
console.error @ {}
console.error @ {}
console.error @ {}
console.error @ {}
console.error @ {}
console.error @ {}
console.error @ {}
console.error @ {}
console.error @ {}
console.error @ {}
console.error @ {}
console.error @ {}
console.error @ {}
console.error @ {}
console.error @ {}
console.error @ {}
console.error @ {}
console.error @ {}
console.error @ {}
console.error @ {}
console.error @ {}
console.error @ {}
console.error @ {}
console.error @ {}
console.error @ {}
console.error @ {}
console.error @ {}
console.error @ {}
console.error @ {}
console.error @ {}
console.error @ {}
console.error @ {}
console.error @ {}
console.error @ {}
console.error @ {}
console.error @ {}
console.error @ {}
console.error @ {}
console.error @ {}
console.error @ {}
console.error @ {}
console.error @ {}
console.error @ {}
console.error @ {}
console.error @ {}
console.error @ {}
console.error @ {}
console.error @ {}
console.error @ {}
console.error @ {}
console.error @ {}
console.error @ {}
console.error @ {}
console.error @ {}
console.error @ {}
console.error @ {}
console.error @ {}
console.error @ {}
console.error @ {}
console.error @ {}
console.error @ {}
console.error @ {}
console.error @ {}
console.error @ {}
console.error @ {}
console.error @ {}
console.error @ {}
console.error @ {}
console.error @ {}
console.error @ {}
console.error @ {}
console.error @ {}
console.error @ {}
console.error @ {}
console.error @ {}
console.error @ {}
console.error @ {}
console.error @ {}
console.error @ {}
console.error @ {}
console.error @ {}
console.error @ {}
console.error @ {}
console.error @ {}
console.error @ {}
console.error @ {}
console.error @ {}
console.error @ {}
console.error @ {}
console.error @ {}
console.error @ {}
console.error @ {}
console.error @ {}
console.error @ {}
console.error @ {}
console.error @ {}
console.error @ {}
console.error @ {}
console.error @ Error fetching subscription tier: {"message":"TypeError: Failed to fetch","details":"TypeError: Failed to fetch\n    at instrumentedFetch (http://localhost:5174/src/utils/networkLogger.js:45:32)\n    at http://localhost:5174/node_modules/.vite/deps/@supabase_supabase-js.js?v=4844aadd:19670:23\n    at http://localhost:5174/node_modules/.vite/deps/@supabase_supabase-js.js?v=4844aadd:19684:12\n    at async executeWithRetry (http://localhost:5174/node_modules/.vite/deps/@supabase_supabase-js.js?v=4844aadd:591:19)\n    at async fetchSubscriptionTier (http://localhost:5174/src/contexts/AuthContext.jsx:51:31)","hint":"","code":""}
console.error @ {}
console.error @ {}
console.error @ {}
console.error @ {}
console.error @ {}
console.error @ {}
console.error @ {}
console.error @ {}
console.error @ {}
console.error @ {}
console.error @ {}
console.error @ {}
console.error @ {}
console.error @ {}
console.error @ {}
console.error @ {}
console.error @ {}
console.error @ {}
console.error @ {}
console.error @ {}
console.error @ {}
console.error @ {}
console.error @ {}
console.error @ {}
console.error @ {}
console.error @ {}
console.error @ {}
console.error @ {}
console.error @ {}
console.error @ {}
console.error @ {}
console.error @ {}
console.error @ {}
console.error @ {}
console.error @ {}
console.error @ {}
console.error @ {}
console.error @ {}
console.error @ {}
console.error @ {}
console.error @ {}
console.error @ {}
console.error @ {}
console.error @ {}
console.error @ {}
console.error @ {}
console.error @ {}
console.error @ {}
console.error @ {}
console.error @ {}
console.error @ {}
console.error @ {}
console.error @ {}
console.error @ {}
console.error @ {}
console.error @ {}
console.error @ {}
console.error @ {}
console.error @ {}
console.error @ {}
console.error @ {}
console.error @ {}
console.error @ {}
console.error @ {}
console.error @ [AnnotationSync] Error fetching presence: {"message":"TypeError: Failed to fetch","details":"TypeError: Failed to fetch\n    at instrumentedFetch (http://localhost:5174/src/utils/networkLogger.js:45:32)\n    at http://localhost:5174/node_modules/.vite/deps/@supabase_supabase-js.js?v=4844aadd:19670:23\n    at http://localhost:5174/node_modules/.vite/deps/@supabase_supabase-js.js?v=4844aadd:19684:12\n    at async executeWithRetry (http://localhost:5174/node_modules/.vite/deps/@supabase_supabase-js.js?v=4844aadd:591:19)\n    at async getDocumentPresence (http://localhost:5174/src/services/documentAnnotationService.js:579:27)\n    at async refresh (http://localhost:5174/src/hooks/useDocumentPresenceList.js:31:26)","hint":"","code":""}
console.error @ {}
console.error @ {}
console.error @ {}
console.error @ {}
console.error @ {}
console.error @ {}
console.error @ {}
console.error @ {}
console.error @ {}
console.error @ {}
console.error @ {}
console.error @ {}
console.error @ {}
console.error @ {}
console.error @ {}
console.error @ {}
console.error @ {}
console.error @ {}
console.error @ {}
console.error @ {}
console.error @ {}
console.error @ {}
console.error @ {}
console.error @ {}
console.error @ {}
console.error @ {}
console.error @ {}
console.error @ {}
console.error @ {}
console.error @ {}
console.error @ {}
console.error @ {}
console.error @ {}
console.error @ {}
console.error @ {}
console.error @ {}
console.error @ {}
console.error @ {}
console.error @ {}
console.error @ {}
console.error @ {}
console.error @ {}
console.error @ {}
console.error @ {}
console.error @ {}
console.error @ {}
console.error @ {}
console.error @ {}
console.error @ {}
console.error @ {}
console.error @ {}
console.error @ {}
console.error @ {}
console.error @ {}
console.error @ {}
console.error @ {}
console.error @ {}
console.error @ {}
console.error @ {}
console.error @ {}
console.error @ {}
console.error @ {}
console.error @ {}
console.error @ {}
console.error @ {}
console.error @ {}
console.error @ {}
console.error @ {}
console.error @ {}
console.error @ {}
console.error @ {}
console.error @ {}
console.error @ {}
console.error @ {}
console.error @ {}
console.error @ {}
console.error @ {}
console.error @ {}
console.error @ {}
console.error @ {}
console.error @ {}
console.error @ {}
console.error @ {}
console.error @ {}
console.error @ {}
console.error @ {}
console.error @ {}
console.error @ {}
console.error @ {}
console.error @ {}
console.error @ {}
console.error @ {}
console.error @ {}
console.error @ {}
console.error @ {}
console.error @ {}
console.error @ {}
console.error @ {}
console.error @ {}
console.error @ {}
console.error @ {}
console.error @ {}
console.error @ {}
console.error @ {}
console.error @ [AnnotationSync] Error fetching presence: {"message":"TypeError: Failed to fetch","details":"TypeError: Failed to fetch\n    at instrumentedFetch (http://localhost:5174/src/utils/networkLogger.js:45:32)\n    at http://localhost:5174/node_modules/.vite/deps/@supabase_supabase-js.js?v=4844aadd:19670:23\n    at http://localhost:5174/node_modules/.vite/deps/@supabase_supabase-js.js?v=4844aadd:19684:12\n    at async executeWithRetry (http://localhost:5174/node_modules/.vite/deps/@supabase_supabase-js.js?v=4844aadd:591:19)\n    at async getDocumentPresence (http://localhost:5174/src/services/documentAnnotationService.js:579:27)\n    at async refresh (http://localhost:5174/src/hooks/useDocumentPresenceList.js:31:26)","hint":"","code":""}
console.error @ {}
console.error @ {}
console.error @ {}
console.error @ {}
console.error @ {}
console.error @ {}
console.error @ {}
console.error @ {}
console.error @ {}
console.error @ {}
console.error @ {}
console.error @ {}
console.error @ {}
console.error @ {}
console.error @ {}
console.error @ {}
console.error @ {}
console.error @ {}
console.error @ {}
console.error @ {}
console.error @ {}
console.error @ {}
console.error @ {}
console.error @ {}
console.error @ {}
console.error @ {}
console.error @ {}
console.error @ {}
console.error @ {}
console.error @ {}
console.error @ {}
console.error @ {}
console.error @ {}
console.error @ {}
console.error @ {}
console.error @ {}
console.error @ {}
console.error @ {}
console.error @ {}
console.error @ {}
console.error @ {}
console.error @ {}
console.error @ {}
console.error @ {}
console.error @ {}
console.error @ {}
console.error @ {}
console.error @ {}
console.error @ {}
console.error @ {}
console.error @ {}
console.error @ {}
console.error @ {}
console.error @ {}
console.error @ {}
console.error @ {}
console.error @ {}
console.error @ {}
console.error @ {}
console.error @ {}
console.error @ {}
console.error @ {}
console.error @ {}
console.error @ {}
console.error @ {}
console.error @ {}
console.error @ {}
console.error @ {}
console.error @ {}
console.error @ {}
console.error @ {}
console.error @ {}
console.error @ {}
console.error @ {}
console.error @ {}
console.error @ {}
console.error @ {}
console.error @ {}
console.error @ {}
console.error @ {}
console.error @ {}
console.error @ {}
console.error @ {}
console.error @ {}
console.error @ {}
console.error @ {}
console.error @ {}
console.error @ {}
console.error @ {}
console.error @ {}
console.error @ {}
console.error @ {}
console.error @ {}
console.error @ {}
console.error @ {}
console.error @ {}
console.error @ {}
console.error @ {}
console.error @ {}
console.error @ {}
console.error @ {}
console.error @ {}
console.error @ {}
console.error @ {}
console.error @ {}
console.error @ {}
console.error @ {}
console.error @ {}
console.error @ {}
console.error @ {}
console.error @ {}
console.error @ {}
console.error @ {}
console.error @ {}
console.error @ {}
console.error @ {}
console.error @ {}
console.error @ {}
console.error @ {}
console.error @ {}
console.error @ [AnnotationSync] Error fetching presence: {"message":"TypeError: Failed to fetch","details":"TypeError: Failed to fetch\n    at instrumentedFetch (http://localhost:5174/src/utils/networkLogger.js:45:32)\n    at http://localhost:5174/node_modules/.vite/deps/@supabase_supabase-js.js?v=4844aadd:19670:23\n    at http://localhost:5174/node_modules/.vite/deps/@supabase_supabase-js.js?v=4844aadd:19684:12\n    at async executeWithRetry (http://localhost:5174/node_modules/.vite/deps/@supabase_supabase-js.js?v=4844aadd:591:19)\n    at async getDocumentPresence (http://localhost:5174/src/services/documentAnnotationService.js:579:27)\n    at async refresh (http://localhost:5174/src/hooks/useDocumentPresenceList.js:31:26)","hint":"","code":""}
console.error @ {}
console.error @ {}
console.error @ {}
console.error @ {}
console.error @ {}
console.error @ {}
console.error @ {}
console.error @ {}
console.error @ {}
console.error @ {}
console.error @ {}
console.error @ {}
console.error @ {}
console.error @ {}
console.error @ {}
console.error @ {}
console.error @ {}
console.error @ {}
console.error @ {}
console.error @ {}
console.error @ {}
console.error @ {}
console.error @ {}
console.error @ {}
console.error @ {}
console.error @ {}
console.error @ {}
console.error @ {}
console.error @ {}
console.error @ {}
console.error @ {}
console.error @ {}
console.error @ {}
console.error @ {}
console.error @ {}
console.error @ {}
console.error @ {}
console.error @ {}
console.error @ {}
console.error @ {}
console.error @ {}
console.error @ {}
console.error @ {}
console.error @ {}
console.error @ {}
console.error @ {}
console.error @ {}
console.error @ {}
console.error @ {}
console.error @ {}
console.error @ {}
console.error @ {}
console.error @ {}
console.error @ {}
console.error @ {}
console.error @ {}
console.error @ {}
console.error @ {}
console.error @ {}
console.error @ {}
console.error @ {}
console.error @ {}
console.error @ {}
console.error @ {}
console.error @ {}
console.error @ {}
console.error @ {}
console.error @ {}
console.error @ {}
console.error @ {}
console.error @ {}
console.error @ {}
console.error @ {}
console.error @ {}
console.error @ {}
console.error @ {}
console.error @ {}
console.error @ {}
console.error @ {}
console.error @ {}
console.error @ {}
console.error @ {}
console.error @ {}
console.error @ {}
console.error @ {}
console.error @ {}
console.error @ {}
console.error @ {}
console.error @ {}
console.error @ {}
console.error @ {}
console.error @ {}
console.error @ {}
console.error @ {}
console.error @ {}
console.error @ {}
console.error @ {}
console.error @ {}
console.error @ {}
console.error @ {}
console.error @ {}
console.error @ {}
console.error @ {}
console.error @ {}
console.error @ {}
console.error @ {}
console.error @ {}
console.error @ {}
console.error @ {}
console.error @ {}
console.error @ {}
console.error @ {}
console.error @ {}
console.error @ {}
console.error @ {}
console.error @ {}
console.error @ {}
console.error @ {}
console.error @ {}
console.error @ {}
console.error @ {}
console.error @ {}
console.error @ {}
console.error @ {}
console.error @ {}
console.error @ {}
console.error @ {}
console.error @ {}
console.error @ {}
console.error @ {}
console.error @ {}
console.error @ {}
console.error @ {}
console.error @ {}
console.error @ {}
console.error @ {}
console.error @ {}
console.error @ {}
console.error @ {}
console.error @ {}
console.error @ {}
console.error @ {}
console.error @ {}
console.error @ {}
console.error @ {}
console.error @ {}
console.error @ {}
console.error @ {}
console.error @ {}
console.error @ {}
console.error @ {}
console.error @ {}
console.error @ {}
console.error @ {}
console.error @ {}
console.error @ {}
console.error @ {}
console.error @ {}
console.error @ {}
console.error @ {}
console.error @ {}
console.error @ {}
console.error @ {}
console.error @ {}
console.error @ {}
console.error @ {}
console.error @ {}
console.error @ {}
console.error @ {}
console.error @ {}
console.error @ {}
console.error @ {}
console.error @ {}
console.error @ {}
console.error @ {}
console.error @ {}
console.error @ {}
console.error @ {}
console.error @ {}
console.error @ {}
console.error @ {}
console.error @ {}
console.error @ {}
console.error @ {}
console.error @ {}
console.error @ {}
console.error @ {}
console.error @ {}
console.error @ {}
console.error @ {}
console.error @ {}
console.error @ {}
console.error @ {}
console.error @ {}
console.error @ {}
console.error @ {}
console.error @ {}
console.error @ {}
console.error @ {}
console.error @ {}
console.error @ [AnnotationSync] Error fetching presence: {"message":"TypeError: Failed to fetch","details":"TypeError: Failed to fetch\n    at instrumentedFetch (http://localhost:5174/src/utils/networkLogger.js:45:32)\n    at http://localhost:5174/node_modules/.vite/deps/@supabase_supabase-js.js?v=4844aadd:19670:23\n    at http://localhost:5174/node_modules/.vite/deps/@supabase_supabase-js.js?v=4844aadd:19684:12\n    at async executeWithRetry (http://localhost:5174/node_modules/.vite/deps/@supabase_supabase-js.js?v=4844aadd:591:19)\n    at async getDocumentPresence (http://localhost:5174/src/services/documentAnnotationService.js:579:27)\n    at async refresh (http://localhost:5174/src/hooks/useDocumentPresenceList.js:31:26)","hint":"","code":""}
console.error @ {}
console.error @ {}
console.error @ {}
console.error @ {}
console.error @ {}
console.error @ {}
console.error @ {}
console.error @ {}
console.error @ {}
console.error @ {}
console.error @ {}
console.error @ {}
console.error @ {}
console.error @ {}
console.error @ {}
console.error @ {}
console.error @ {}
console.error @ {}
console.error @ {}
console.error @ {}
console.error @ {}
console.error @ {}
console.error @ {}
console.error @ {}
console.error @ {}
console.error @ {}
console.error @ {}
console.error @ {}
console.error @ {}
console.error @ {}
console.error @ {}
console.error @ {}
console.error @ {}
console.error @ {}
console.error @ {}
console.error @ {}
console.error @ {}
console.error @ {}
console.error @ {}
console.error @ {}
console.error @ {}
console.error @ {}
console.error @ {}
console.error @ {}
console.error @ {}
console.error @ {}
console.error @ {}
console.error @ {}
console.error @ {}
console.error @ {}
console.error @ {}
console.error @ {}
console.error @ {}
console.error @ {}
console.error @ {}
console.error @ {}
console.error @ [AnnotationSync] Error fetching presence: {"message":"TypeError: Failed to fetch","details":"TypeError: Failed to fetch\n    at instrumentedFetch (http://localhost:5174/src/utils/networkLogger.js:45:32)\n    at http://localhost:5174/node_modules/.vite/deps/@supabase_supabase-js.js?v=4844aadd:19670:23\n    at http://localhost:5174/node_modules/.vite/deps/@supabase_supabase-js.js?v=4844aadd:19684:12\n    at async executeWithRetry (http://localhost:5174/node_modules/.vite/deps/@supabase_supabase-js.js?v=4844aadd:591:19)\n    at async getDocumentPresence (http://localhost:5174/src/services/documentAnnotationService.js:579:27)\n    at async refresh (http://localhost:5174/src/hooks/useDocumentPresenceList.js:31:26)","hint":"","code":""}
console.error @ {}
console.error @ {}
console.error @ {}
console.error @ {}
console.error @ {}
console.error @ {}
console.error @ {}
console.error @ {}
console.error @ {}
console.error @ {}
console.error @ {}
console.error @ {}
console.error @ {}
console.error @ {}
console.error @ {}
console.error @ {}
console.error @ {}
console.error @ {}
console.error @ {}
console.error @ {}
console.error @ {}
console.error @ {}
console.error @ {}
console.error @ {}
console.error @ {}
console.error @ {}
console.error @ {}
console.error @ {}
console.error @ {}
console.error @ {}
console.error @ {}
console.error @ {}
console.error @ {}
console.error @ {}
console.error @ {}
console.error @ {}
console.error @ {}
console.error @ {}
console.error @ {}
console.error @ {}
console.error @ {}
console.error @ {}
console.error @ {}
console.error @ {}
console.error @ {}
console.error @ {}
console.error @ {}
console.error @ {}
console.error @ {}
console.error @ {}
console.error @ {}
console.error @ {}
console.error @ {}
console.error @ {}
console.error @ {}
console.error @ {}
console.error @ {}
console.error @ {}
console.error @ {}
console.error @ {}
console.error @ {}
console.error @ {}
console.error @ {}
console.error @ {}
console.error @ {}
console.error @ {}
console.error @ {}
console.error @ {}
console.error @ {}
console.error @ {}
console.error @ {}
console.error @ {}
console.error @ {}
console.error @ {}
console.error @ {}
console.error @ {}
console.error @ {}
console.error @ {}
console.error @ {}
console.error @ {}
console.error @ {}
console.error @ {}
console.error @ {}
console.error @ {}
console.error @ {}
console.error @ {}
console.error @ {}
console.error @ {}
console.error @ {}
console.error @ {}
console.error @ {}
console.error @ {}
console.error @ {}
console.error @ {}
console.error @ {}
console.error @ {}
console.error @ {}
console.error @ {}
console.error @ {}
console.error @ {}
console.error @ {}
console.error @ {}
console.error @ {}
console.error @ {}
console.error @ {}
console.error @ {}
console.error @ {}
console.error @ {}
console.error @ {}
console.error @ {}
console.error @ {}
console.error @ {}
console.error @ Error fetching subscription tier: {"message":"TypeError: Failed to fetch","details":"TypeError: Failed to fetch\n    at instrumentedFetch (http://localhost:5174/src/utils/networkLogger.js:45:32)\n    at http://localhost:5174/node_modules/.vite/deps/@supabase_supabase-js.js?v=4844aadd:19670:23\n    at http://localhost:5174/node_modules/.vite/deps/@supabase_supabase-js.js?v=4844aadd:19684:12\n    at async executeWithRetry (http://localhost:5174/node_modules/.vite/deps/@supabase_supabase-js.js?v=4844aadd:591:19)\n    at async fetchSubscriptionTier (http://localhost:5174/src/contexts/AuthContext.jsx:51:31)","hint":"","code":""}
console.error @ {}
console.error @ {}
console.error @ {}
console.error @ {}
console.error @ {}
console.error @ {}
console.error @ {}
console.error @ {}
console.error @ {}
console.error @ {}
console.error @ {}
console.error @ {}
console.error @ {}
console.error @ {}
console.error @ {}
console.error @ {}
console.error @ {}
console.error @ {}
console.error @ {}
console.error @ {}
console.error @ {}
console.error @ {}
console.error @ {}
console.error @ {}
console.error @ {}
console.error @ {}
console.error @ {}
console.error @ {}
console.error @ {}
console.error @ {}
console.error @ {}
console.error @ {}
console.error @ {}
console.error @ {}
console.error @ {}
console.error @ {}
console.error @ {}
console.error @ {}
console.error @ {}
console.error @ {}
console.error @ {}
console.error @ {}
console.error @ {}
console.error @ {}
console.error @ {}
console.error @ {}
console.error @ {}
console.error @ {}
console.error @ {}
console.error @ {}
console.error @ {}
console.error @ {}
console.error @ {}
console.error @ {}
console.error @ {}
console.error @ {}
console.error @ {}
console.error @ {}
console.error @ {}
console.error @ {}
console.error @ {}
console.error @ {}
console.error @ {}
console.error @ {}
console.error @ [AnnotationSync] Error fetching presence: {"message":"TypeError: Failed to fetch","details":"TypeError: Failed to fetch\n    at instrumentedFetch (http://localhost:5174/src/utils/networkLogger.js:45:32)\n    at http://localhost:5174/node_modules/.vite/deps/@supabase_supabase-js.js?v=4844aadd:19670:23\n    at http://localhost:5174/node_modules/.vite/deps/@supabase_supabase-js.js?v=4844aadd:19684:12\n    at async executeWithRetry (http://localhost:5174/node_modules/.vite/deps/@supabase_supabase-js.js?v=4844aadd:591:19)\n    at async getDocumentPresence (http://localhost:5174/src/services/documentAnnotationService.js:579:27)\n    at async refresh (http://localhost:5174/src/hooks/useDocumentPresenceList.js:31:26)","hint":"","code":""}
console.error @ {}
console.error @ {}
console.error @ {}
console.error @ {}
console.error @ {}
console.error @ {}
console.error @ {}
console.error @ {}
console.error @ {}
console.error @ {}
console.error @ {}
console.error @ {}
console.error @ {}
console.error @ {}
console.error @ {}
console.error @ {}
console.error @ {}
console.error @ {}
console.error @ {}
console.error @ {}
console.error @ {}
console.error @ {}
console.error @ {}
console.error @ {}
console.error @ {}
console.error @ {}
console.error @ {}
console.error @ {}
console.error @ {}
console.error @ {}
console.error @ {}
console.error @ {}
console.error @ {}
console.error @ {}
console.error @ {}
console.error @ {}
console.error @ {}
console.error @ {}
console.error @ {}
console.error @ {}
console.error @ {}
console.error @ {}
console.error @ {}
console.error @ {}
console.error @ {}
console.error @ {}
console.error @ {}
console.error @ {}
console.error @ {}
console.error @ {}
console.error @ {}
console.error @ {}
console.error @ {}
console.error @ {}
console.error @ {}
console.error @ {}
console.error @ {}
console.error @ {}
console.error @ {}
console.error @ {}
console.error @ {}
console.error @ {}
console.error @ {}
console.error @ {}
console.error @ {}
console.error @ {}
console.error @ {}
console.error @ {}
console.error @ {}
console.error @ {}
console.error @ {}
console.error @ {}
console.error @ {}
console.error @ {}
console.error @ {}
console.error @ {}
console.error @ {}
console.error @ {}
console.error @ {}
console.error @ {}
console.error @ {}
console.error @ {}
console.error @ {}
console.error @ {}
console.error @ {}
console.error @ {}
console.error @ {}
console.error @ {}
console.error @ {}
console.error @ {}
console.error @ {}
console.error @ {}
console.error @ {}
console.error @ {}
console.error @ {}
console.error @ {}
console.error @ {}
console.error @ {}
console.error @ {}
console.error @ {}
console.error @ {}
console.error @ {}
console.error @ {}
console.error @ {}
console.error @ {}
console.error @ {}
console.error @ {}
console.error @ {}
console.error @ {}
console.error @ {}
console.error @ {}
console.error @ {}
console.error @ [AnnotationSync] Error fetching presence: {"message":"TypeError: Failed to fetch","details":"TypeError: Failed to fetch\n    at instrumentedFetch (http://localhost:5174/src/utils/networkLogger.js:45:32)\n    at http://localhost:5174/node_modules/.vite/deps/@supabase_supabase-js.js?v=4844aadd:19670:23\n    at http://localhost:5174/node_modules/.vite/deps/@supabase_supabase-js.js?v=4844aadd:19684:12\n    at async executeWithRetry (http://localhost:5174/node_modules/.vite/deps/@supabase_supabase-js.js?v=4844aadd:591:19)\n    at async getDocumentPresence (http://localhost:5174/src/services/documentAnnotationService.js:579:27)\n    at async refresh (http://localhost:5174/src/hooks/useDocumentPresenceList.js:31:26)","hint":"","code":""}
console.error @ {}
console.error @ {}
console.error @ {}
console.error @ {}
console.error @ {}
console.error @ {}
console.error @ {}
console.error @ {}
console.error @ {}
console.error @ {}
console.error @ {}
console.error @ {}
console.error @ {}
console.error @ {}
console.error @ {}
console.error @ {}
console.error @ {}
console.error @ {}
console.error @ {}
console.error @ {}
console.error @ {}
console.error @ {}
console.error @ {}
console.error @ {}
console.error @ {}
console.error @ {}
console.error @ {}
console.error @ {}
console.error @ {}
console.error @ {}
console.error @ {}
console.error @ {}
console.error @ {}
console.error @ {}
console.error @ {}
console.error @ {}
console.error @ {}
console.error @ {}
console.error @ {}
console.error @ {}
console.error @ {}
console.error @ {}
console.error @ {}
console.error @ {}
console.error @ {}
console.error @ {}
console.error @ {}
console.error @ {}
console.error @ {}
console.error @ {}
console.error @ {}
console.error @ {}
console.error @ {}
console.error @ {}
console.error @ {}
console.error @ {}
console.error @ {}
console.error @ {}
console.error @ {}
console.error @ {}
console.error @ {}
console.error @ {}
console.error @ {}
console.error @ {}
console.error @ {}
console.error @ {}
console.error @ {}
console.error @ {}
console.error @ {}
console.error @ {}
console.error @ {}
console.error @ {}
console.error @ {}
console.error @ {}
console.error @ {}
console.error @ {}
console.error @ {}
console.error @ {}
console.error @ {}
console.error @ {}
console.error @ {}
console.error @ {}
console.error @ {}
console.error @ {}
console.error @ {}
console.error @ {}
console.error @ {}
console.error @ {}
console.error @ {}
console.error @ {}
console.error @ {}
console.error @ {}
console.error @ {}
console.error @ {}
console.error @ {}
console.error @ {}
console.error @ {}
console.error @ {}
console.error @ {}
console.error @ {}
console.error @ {}
console.error @ {}
console.error @ {}
console.error @ {}
console.error @ {}
console.error @ {}
console.error @ {}
console.error @ {}
console.error @ {}
console.error @ {}
console.error @ {}
console.error @ {}
console.error @ {}
console.error @ {}
console.error @ {}
console.error @ {}
console.error @ {}
console.error @ {}
console.error @ {}
console.error @ {}
console.error @ {}
console.error @ {}
console.error @ {}
console.error @ {}
console.error @ {}
console.error @ {}
console.error @ {}
console.error @ {}
console.error @ {}
console.error @ {}
console.error @ {}
console.error @ {}
console.error @ {}
console.error @ {}
console.error @ {}
console.error @ {}
console.error @ {}
console.error @ {}
console.error @ {}
console.error @ {}
console.error @ {}
console.error @ {}
console.error @ {}
console.error @ {}
console.error @ [AnnotationSync] Error fetching presence: {"message":"TypeError: Failed to fetch","details":"TypeError: Failed to fetch\n    at instrumentedFetch (http://localhost:5174/src/utils/networkLogger.js:45:32)\n    at http://localhost:5174/node_modules/.vite/deps/@supabase_supabase-js.js?v=4844aadd:19670:23\n    at http://localhost:5174/node_modules/.vite/deps/@supabase_supabase-js.js?v=4844aadd:19684:12\n    at async executeWithRetry (http://localhost:5174/node_modules/.vite/deps/@supabase_supabase-js.js?v=4844aadd:591:19)\n    at async getDocumentPresence (http://localhost:5174/src/services/documentAnnotationService.js:579:27)\n    at async refresh (http://localhost:5174/src/hooks/useDocumentPresenceList.js:31:26)","hint":"","code":""}
console.error @ {}
console.error @ {}
console.error @ {}
console.error @ {}
console.error @ {}
console.error @ {}
console.error @ {}
console.error @ {}
console.error @ {}
console.error @ {}
console.error @ {}
console.error @ {}
console.error @ {}
console.error @ {}
console.error @ {}
console.error @ {}
console.error @ {}
console.error @ {}
console.error @ {}
console.error @ {}
console.error @ {}
console.error @ {}
console.error @ {}
console.error @ {}
console.error @ {}
console.error @ {}
console.error @ {}
console.error @ {}
console.error @ {}
console.error @ {}
console.error @ {}
console.error @ {}
console.error @ {}
console.error @ {}
console.error @ {}
console.error @ {}
console.error @ {}
console.error @ {}
console.error @ {}
console.error @ {}
console.error @ {}
console.error @ {}
console.error @ {}
console.error @ {}
console.error @ {}
console.error @ {}
console.error @ {}
console.error @ {}
console.error @ {}
console.error @ {}
console.error @ {}
console.error @ {}
console.error @ {}
console.error @ {}
console.error @ {}
console.error @ {}
console.error @ {}
console.error @ {}
console.error @ {}
console.error @ {}
console.error @ {}
console.error @ {}
console.error @ {}
console.error @ {}
console.error @ {}
console.error @ {}
console.error @ {}
console.error @ {}
console.error @ {}
console.error @ {}
console.error @ {}
console.error @ {}
console.error @ {}
console.error @ {}
console.error @ {}
console.error @ {}
console.error @ {}
console.error @ {}
console.error @ {}
console.error @ {}
console.error @ {}
console.error @ {}
console.error @ {}
console.error @ {}
console.error @ {}
console.error @ {}
console.error @ {}
console.error @ {}
console.error @ {}
console.error @ {}
console.error @ {}
console.error @ {}
console.error @ {}
console.error @ {}
console.error @ {}
console.error @ {}
console.error @ {}
console.error @ {}
console.error @ {}
console.error @ {}
console.error @ {}
console.error @ {}
console.error @ {}
console.error @ {}
console.error @ {}
console.error @ {}
console.error @ {}
console.error @ {}
console.error @ {}
console.error @ {}
console.error @ {}
console.error @ {}
console.error @ {}
console.error @ {}
console.error @ {}
console.error @ {}
console.error @ {}
console.error @ {}
console.error @ {}
console.error @ {}
console.error @ {}
console.error @ {}
console.error @ {}
console.error @ {}
console.error @ {}
console.error @ {}
console.error @ {}
console.error @ {}
console.error @ {}
console.error @ {}
console.error @ {}
console.error @ {}
console.error @ {}
console.error @ {}
console.error @ {}
console.error @ {}
console.error @ {}
console.error @ {}
console.error @ {}
console.error @ {}
console.error @ {}
console.error @ {}
console.error @ {}
console.error @ {}
console.error @ {}
console.error @ {}
console.error @ {}
console.error @ {}
console.error @ {}
console.error @ {}
console.error @ {}
console.error @ {}
console.error @ {}
console.error @ {}
console.error @ {}
console.error @ {}
console.error @ {}
console.error @ {}
console.error @ {}
console.error @ {}
console.error @ {}
console.error @ {}
console.error @ {}
console.error @ {}
console.error @ {}
console.error @ {}
[CloudSync][realtime] subscribe status {"status":"SUBSCRIBED","error":null}
[Phase31 UAT] post-subscribe catch-up skipped — doc is cutover-sealed, Y.Doc + realtime is source of truth {"documentId":"d30ac66b-5d2e-4a93-aab3-8fdd84a0af86","pdfId":"Package 2 - Rev 4 -- IC.pdf-6291605","cutoverTs":"2026-05-05T16:30:00.778+00:00","ydocAuthoritative":true}
[Phase31 UAT] focus rehydrate skipped — doc is cutover-sealed, Y.Doc + realtime is source of truth {"documentId":"d30ac66b-5d2e-4a93-aab3-8fdd84a0af86","pdfId":"Package 2 - Rev 4 -- IC.pdf-6291605","cutoverTs":"2026-05-05T16:30:00.778+00:00","ydocAuthoritative":true}
[CloudSync][realtime] unsubscribing {"documentId":"d30ac66b-5d2e-4a93-aab3-8fdd84a0af86"}
[CloudSync][realtime] subscribe status {"status":"CLOSED","error":null}
[CloudSync][hook] hydrate effect fired {"enabled":true,"documentId":"d30ac66b-5d2e-4a93-aab3-8fdd84a0af86","userId":"170d915c-5741-4e0b-b03f-deaeedae27bd","pdfId":"Package 2 - Rev 4 -- IC.pdf-6291605"}
[CloudSync][hook] stage=hydrating
[CloudSync][hook] fabric push skipped — not hydrated yet
[CloudSync][hook] callout push skipped — not hydrated yet
[CloudSync][realtime] subscribing {"documentId":"d30ac66b-5d2e-4a93-aab3-8fdd84a0af86","currentUserId":"170d915c-5741-4e0b-b03f-deaeedae27bd","currentSessionId":"1d2cd36b-cc85-433f-9d2d-d5864ee68de2","hasFabricInsert":true,"hasFabricUpdate":true,"hasFabricDelete":true,"hasCalloutInsert":true,"hasCalloutUpdate":true,"hasCalloutDelete":true}
[Cloud render cache] doc=Package 2 - Rev 4 -- IC.pdf-6291605 painting verified cloud snapshot immediately — count=2867.
[CSeries wipe] doc=Package 2 - Rev 4 -- IC.pdf-6291605 skip — wipe already ran this session.
[CloudSync][realtime] unsubscribing {"documentId":"d30ac66b-5d2e-4a93-aab3-8fdd84a0af86"}
[CloudSync][realtime] subscribe status {"status":"CLOSED","error":null}
[CloudSync][hook][state-obs] change {"prevCount":2867,"currentCount":2867,"delta":0,"hydrated":false,"sameRefAsLastByPage":false}
[CloudSync][hook][state-obs] callout change {"prevCount":0,"currentCount":0,"delta":0,"hydrated":false,"sameRefAsLastCallouts":false}
[CloudSync][hook] hydrate effect fired {"enabled":false,"documentId":"d30ac66b-5d2e-4a93-aab3-8fdd84a0af86","userId":"170d915c-5741-4e0b-b03f-deaeedae27bd","pdfId":"Package 2 - Rev 4 -- IC.pdf-6291605"}
[CloudSync][hook] hydrate skipped — missing prerequisite {"enabled":false,"hasDocumentId":true,"hasUserId":true,"hasPdfId":true}
[PDFImport] skipped embedded PDF annotation import — cloud/Y.Doc is authoritative {"documentId":"d30ac66b-5d2e-4a93-aab3-8fdd84a0af86"}
[PrintPanel] RENDER — panel closed
[HIGHLIGHT-SYNC][load.legacy][pdf=Package 2 - Rev 4 -- IC.pdf] {"documentId":"d30ac66b-5d2e-4a93-aab3-8fdd84a0af86","totalRows":0,"fabricCarryingDropped":0,"keptCount":0,"keptIds":[]}
[CloudSync][hook] hydrate effect fired {"enabled":true,"documentId":"d30ac66b-5d2e-4a93-aab3-8fdd84a0af86","userId":"170d915c-5741-4e0b-b03f-deaeedae27bd","pdfId":"Package 2 - Rev 4 -- IC.pdf-6291605"}
[CloudSync][hook] stage=hydrating
[CloudSync][hook] fabric push skipped — not hydrated yet
[CloudSync][hook] callout push skipped — not hydrated yet
[CloudSync][realtime] subscribing {"documentId":"d30ac66b-5d2e-4a93-aab3-8fdd84a0af86","currentUserId":"170d915c-5741-4e0b-b03f-deaeedae27bd","currentSessionId":"1d2cd36b-cc85-433f-9d2d-d5864ee68de2","hasFabricInsert":true,"hasFabricUpdate":true,"hasFabricDelete":true,"hasCalloutInsert":true,"hasCalloutUpdate":true,"hasCalloutDelete":true}
[CloudSync][realtime] subscribe status {"status":"SUBSCRIBED","error":null}
[Phase31 UAT] post-subscribe catch-up skipped — doc is cutover-sealed, Y.Doc + realtime is source of truth {"documentId":"d30ac66b-5d2e-4a93-aab3-8fdd84a0af86","pdfId":"Package 2 - Rev 4 -- IC.pdf-6291605","cutoverTs":"2026-05-05T16:30:00.778+00:00","ydocAuthoritative":true}
[DebugBridge +51401298.9ms] pdf_loaded {"pageCount":36,"currentPage":1}
[CloudSync][hook] cutover-complete hydrate — reading from Y.Doc {"documentId":"d30ac66b-5d2e-4a93-aab3-8fdd84a0af86","cutoverTs":"2026-05-05T16:30:00.778+00:00"}
[Phase31 UAT] hydrate:cutover-sealed {"documentId":"d30ac66b-5d2e-4a93-aab3-8fdd84a0af86","pdfId":"Package 2 - Rev 4 -- IC.pdf-6291605","cutoverTs":"2026-05-05T16:30:00.778+00:00","yMapSize":2867,"materializedTotal":2867,"materializedDrawnByMe":2867,"materializedDrawnByOthers":0,"materializedImported":0,"pages":6,"perPage":{"6":359,"7":146,"8":393,"9":1382,"10":330,"11":257},"currentStateCount":2867,"ydocLooksDegenerate":false}
[Phase31 UAT] hydrate:cutover-sealed:by-type {"documentId":"d30ac66b-5d2e-4a93-aab3-8fdd84a0af86","pdfFile":"Package 2 - Rev 4 -- IC.pdf-6291605","viewerUserId":"170d915c-5741-4e0b-b03f-deaeedae27bd","yMapTotal":2867,"yMapByType":{"path":2860,"rect":6,"textbox":1},"yMapByAuthor":{"byMe":2867,"byOthers":0,"anonymous":0},"yMapByTypeByAuthor":{"path":{"byMe":2860,"byOthers":0,"anonymous":0},"rect":{"byMe":6,"byOthers":0,"anonymous":0},"textbox":{"byMe":1,"byOthers":0,"anonymous":0}},"yMapPerTypePerPage":{"path":{"6":357,"7":145,"8":392,"9":1381,"10":329,"11":256},"rect":{"6":1,"7":1,"8":1,"9":1,"10":1,"11":1},"textbox":{"6":1}},"byPageTotal":2867,"byPageByType":{"path":2860,"rect":6,"textbox":1},"byPagePerPagePerType":{"6":{"path":357,"rect":1,"textbox":1},"7":{"path":145,"rect":1},"8":{"path":392,"rect":1},"9":{"path":1381,"rect":1},"10":{"rect":1,"path":329},"11":{"path":256,"rect":1}}}
[CloudSync][hook][state-obs] change {"prevCount":2867,"currentCount":2867,"delta":0,"hydrated":true,"sameRefAsLastByPage":true}
[HyperlinkDiag] post-load scan {"hyperlinkCount":0,"samples":[]}
[HyperlinkDiag] page 1 layers {"hyperlinkChildren":0,"layerClasses":["DIV","e-spinner-pane e-spin-hide","e-pv-page-canvas","e-pv-text-layer","e-pv-annotation-canvas","DIV"]}
[HyperlinkDiag] page 2 layers {"hyperlinkChildren":0,"layerClasses":["DIV","e-spinner-pane e-spin-hide","e-pv-page-canvas","e-pv-text-layer","e-pv-annotation-canvas","DIV"]}
[HyperlinkDiag] page 3 layers {"hyperlinkChildren":0,"layerClasses":["DIV","e-spinner-pane e-spin-hide","e-pv-page-canvas","e-pv-text-layer","e-pv-annotation-canvas","DIV","IMG","IMG","IMG","IMG"]}
[HyperlinkDiag] page 4 layers {"hyperlinkChildren":0,"layerClasses":["DIV","e-spinner-pane e-spin-show","e-pv-page-canvas","e-pv-text-layer","e-pv-annotation-canvas","DIV"]}
[HyperlinkDiag] page 5 layers {"hyperlinkChildren":0,"layerClasses":["DIV","e-spinner-pane e-spin-show","e-pv-page-canvas","e-pv-text-layer","e-pv-annotation-canvas","DIV"]}
[HyperlinkDiag] page 6 layers {"hyperlinkChildren":0,"layerClasses":["DIV","e-spinner-pane e-spin-show","e-pv-page-canvas","e-pv-text-layer","e-pv-annotation-canvas","DIV"]}
[HyperlinkDiag] page 7 layers {"hyperlinkChildren":0,"layerClasses":["DIV","e-spinner-pane e-spin-show","e-pv-page-canvas","e-pv-text-layer","e-pv-annotation-canvas","DIV"]}
[HyperlinkDiag] page 8 layers {"hyperlinkChildren":0,"layerClasses":["DIV","e-spinner-pane e-spin-show","e-pv-page-canvas","e-pv-text-layer","e-pv-annotation-canvas","DIV"]}
[HyperlinkDiag] page 9 layers {"hyperlinkChildren":0,"layerClasses":["DIV","e-spinner-pane e-spin-show","e-pv-page-canvas","e-pv-text-layer","e-pv-annotation-canvas","DIV"]}
[HyperlinkDiag] page 10 layers {"hyperlinkChildren":0,"layerClasses":["DIV","e-spinner-pane e-spin-show","e-pv-page-canvas","e-pv-text-layer","e-pv-annotation-canvas","DIV"]}
[CloudSync][realtime] unsubscribing {"documentId":"d30ac66b-5d2e-4a93-aab3-8fdd84a0af86"}
[CloudSync][realtime] subscribe status {"status":"CLOSED","error":null}
[CloudSync][hook] hydrate effect fired {"enabled":true,"documentId":"d30ac66b-5d2e-4a93-aab3-8fdd84a0af86","userId":"170d915c-5741-4e0b-b03f-deaeedae27bd","pdfId":"Package 2 - Rev 4 -- IC.pdf-6291605"}
[CloudSync][hook] stage=hydrating
[CloudSync][hook] fabric push skipped — not hydrated yet
[CloudSync][hook] callout push skipped — not hydrated yet
[CloudSync][realtime] subscribing {"documentId":"d30ac66b-5d2e-4a93-aab3-8fdd84a0af86","currentUserId":"170d915c-5741-4e0b-b03f-deaeedae27bd","currentSessionId":"1d2cd36b-cc85-433f-9d2d-d5864ee68de2","hasFabricInsert":true,"hasFabricUpdate":true,"hasFabricDelete":true,"hasCalloutInsert":true,"hasCalloutUpdate":true,"hasCalloutDelete":true}
[Cloud render cache] doc=Package 2 - Rev 4 -- IC.pdf-6291605 painting verified cloud snapshot immediately — count=2867.
[CSeries wipe] doc=Package 2 - Rev 4 -- IC.pdf-6291605 skip — wipe already ran this session.
[CloudSync][realtime] unsubscribing {"documentId":"d30ac66b-5d2e-4a93-aab3-8fdd84a0af86"}
[CloudSync][realtime] subscribe status {"status":"CLOSED","error":null}
[CloudSync][hook][state-obs] change {"prevCount":2867,"currentCount":2867,"delta":0,"hydrated":false,"sameRefAsLastByPage":false}
[CloudSync][hook][state-obs] callout change {"prevCount":0,"currentCount":0,"delta":0,"hydrated":false,"sameRefAsLastCallouts":false}
[CloudSync][hook] hydrate effect fired {"enabled":false,"documentId":"d30ac66b-5d2e-4a93-aab3-8fdd84a0af86","userId":"170d915c-5741-4e0b-b03f-deaeedae27bd","pdfId":"Package 2 - Rev 4 -- IC.pdf-6291605"}
[CloudSync][hook] hydrate skipped — missing prerequisite {"enabled":false,"hasDocumentId":true,"hasUserId":true,"hasPdfId":true}
[HIGHLIGHT-SYNC][load.legacy][pdf=Package 2 - Rev 4 -- IC.pdf] {"documentId":"d30ac66b-5d2e-4a93-aab3-8fdd84a0af86","totalRows":0,"fabricCarryingDropped":0,"keptCount":0,"keptIds":[]}
[CloudSync][hook] hydrate effect fired {"enabled":true,"documentId":"d30ac66b-5d2e-4a93-aab3-8fdd84a0af86","userId":"170d915c-5741-4e0b-b03f-deaeedae27bd","pdfId":"Package 2 - Rev 4 -- IC.pdf-6291605"}
[CloudSync][hook] stage=hydrating
[CloudSync][hook] fabric push skipped — not hydrated yet
[CloudSync][hook] callout push skipped — not hydrated yet
[CloudSync][realtime] subscribing {"documentId":"d30ac66b-5d2e-4a93-aab3-8fdd84a0af86","currentUserId":"170d915c-5741-4e0b-b03f-deaeedae27bd","currentSessionId":"1d2cd36b-cc85-433f-9d2d-d5864ee68de2","hasFabricInsert":true,"hasFabricUpdate":true,"hasFabricDelete":true,"hasCalloutInsert":true,"hasCalloutUpdate":true,"hasCalloutDelete":true}
[CloudSync][realtime] subscribe status {"status":"SUBSCRIBED","error":null}
[Phase31 UAT] post-subscribe catch-up skipped — doc is cutover-sealed, Y.Doc + realtime is source of truth {"documentId":"d30ac66b-5d2e-4a93-aab3-8fdd84a0af86","pdfId":"Package 2 - Rev 4 -- IC.pdf-6291605","cutoverTs":"2026-05-05T16:30:00.778+00:00","ydocAuthoritative":true}
[CloudSync][hook] cutover-complete hydrate — reading from Y.Doc {"documentId":"d30ac66b-5d2e-4a93-aab3-8fdd84a0af86","cutoverTs":"2026-05-05T16:30:00.778+00:00"}
[Phase31 UAT] hydrate:cutover-sealed {"documentId":"d30ac66b-5d2e-4a93-aab3-8fdd84a0af86","pdfId":"Package 2 - Rev 4 -- IC.pdf-6291605","cutoverTs":"2026-05-05T16:30:00.778+00:00","yMapSize":2867,"materializedTotal":2867,"materializedDrawnByMe":2867,"materializedDrawnByOthers":0,"materializedImported":0,"pages":6,"perPage":{"6":359,"7":146,"8":393,"9":1382,"10":330,"11":257},"currentStateCount":2867,"ydocLooksDegenerate":false}
[Phase31 UAT] hydrate:cutover-sealed:by-type {"documentId":"d30ac66b-5d2e-4a93-aab3-8fdd84a0af86","pdfFile":"Package 2 - Rev 4 -- IC.pdf-6291605","viewerUserId":"170d915c-5741-4e0b-b03f-deaeedae27bd","yMapTotal":2867,"yMapByType":{"path":2860,"rect":6,"textbox":1},"yMapByAuthor":{"byMe":2867,"byOthers":0,"anonymous":0},"yMapByTypeByAuthor":{"path":{"byMe":2860,"byOthers":0,"anonymous":0},"rect":{"byMe":6,"byOthers":0,"anonymous":0},"textbox":{"byMe":1,"byOthers":0,"anonymous":0}},"yMapPerTypePerPage":{"path":{"6":357,"7":145,"8":392,"9":1381,"10":329,"11":256},"rect":{"6":1,"7":1,"8":1,"9":1,"10":1,"11":1},"textbox":{"6":1}},"byPageTotal":2867,"byPageByType":{"path":2860,"rect":6,"textbox":1},"byPagePerPagePerType":{"6":{"path":357,"rect":1,"textbox":1},"7":{"path":145,"rect":1},"8":{"path":392,"rect":1},"9":{"path":1381,"rect":1},"10":{"rect":1,"path":329},"11":{"path":256,"rect":1}}}
[CloudSync][hook][state-obs] change {"prevCount":2867,"currentCount":2867,"delta":0,"hydrated":true,"sameRefAsLastByPage":true}
[PDFImport] skipped embedded PDF annotation import — cloud/Y.Doc is authoritative {"documentId":"d30ac66b-5d2e-4a93-aab3-8fdd84a0af86"}
[PrintPanel] RENDER — panel closed
[DebugBridge +51409486.4ms] pdf_loaded {"pageCount":36,"currentPage":1}
[HyperlinkDiag] post-load scan {"hyperlinkCount":0,"samples":[]}
[HyperlinkDiag] page 1 layers {"hyperlinkChildren":0,"layerClasses":["DIV","e-spinner-pane e-spin-hide","e-pv-page-canvas","e-pv-text-layer","e-pv-annotation-canvas","DIV"]}
[HyperlinkDiag] page 2 layers {"hyperlinkChildren":0,"layerClasses":["DIV","e-spinner-pane e-spin-hide","e-pv-page-canvas","e-pv-text-layer","e-pv-annotation-canvas","DIV"]}
[HyperlinkDiag] page 3 layers {"hyperlinkChildren":0,"layerClasses":["DIV","e-spinner-pane e-spin-hide","e-pv-page-canvas","e-pv-text-layer","e-pv-annotation-canvas","DIV","IMG","IMG","IMG","IMG"]}
[HyperlinkDiag] page 4 layers {"hyperlinkChildren":0,"layerClasses":["DIV","e-spinner-pane e-spin-hide","e-pv-page-canvas","e-pv-text-layer","e-pv-annotation-canvas","DIV","IMG","IMG","IMG","IMG"]}
[HyperlinkDiag] page 5 layers {"hyperlinkChildren":0,"layerClasses":["DIV","e-spinner-pane e-spin-hide","e-pv-page-canvas","e-pv-text-layer","e-pv-annotation-canvas","DIV","IMG"]}
[HyperlinkDiag] page 6 layers {"hyperlinkChildren":0,"layerClasses":["DIV","e-spinner-pane e-spin-show","e-pv-page-canvas","e-pv-text-layer","e-pv-annotation-canvas","DIV"]}
[HyperlinkDiag] page 7 layers {"hyperlinkChildren":0,"layerClasses":["DIV","e-spinner-pane e-spin-show","e-pv-page-canvas","e-pv-text-layer","e-pv-annotation-canvas","DIV"]}
[HyperlinkDiag] page 8 layers {"hyperlinkChildren":0,"layerClasses":["DIV","e-spinner-pane e-spin-show","e-pv-page-canvas","e-pv-text-layer","e-pv-annotation-canvas","DIV"]}
[HyperlinkDiag] page 9 layers {"hyperlinkChildren":0,"layerClasses":["DIV","e-spinner-pane e-spin-show","e-pv-page-canvas","e-pv-text-layer","e-pv-annotation-canvas","DIV"]}
[HyperlinkDiag] page 10 layers {"hyperlinkChildren":0,"layerClasses":["DIV","e-spinner-pane e-spin-show","e-pv-page-canvas","e-pv-text-layer","e-pv-annotation-canvas","DIV"]}
[CloudSync][realtime] unsubscribing {"documentId":"d30ac66b-5d2e-4a93-aab3-8fdd84a0af86"}
[CloudSync][realtime] subscribe status {"status":"CLOSED","error":null}
[CloudSync][hook] hydrate effect fired {"enabled":true,"documentId":"d30ac66b-5d2e-4a93-aab3-8fdd84a0af86","userId":"170d915c-5741-4e0b-b03f-deaeedae27bd","pdfId":"Package 2 - Rev 4 -- IC.pdf-6291605"}
[CloudSync][hook] stage=hydrating
[CloudSync][hook] fabric push skipped — not hydrated yet
[CloudSync][hook] callout push skipped — not hydrated yet
[CloudSync][realtime] subscribing {"documentId":"d30ac66b-5d2e-4a93-aab3-8fdd84a0af86","currentUserId":"170d915c-5741-4e0b-b03f-deaeedae27bd","currentSessionId":"1d2cd36b-cc85-433f-9d2d-d5864ee68de2","hasFabricInsert":true,"hasFabricUpdate":true,"hasFabricDelete":true,"hasCalloutInsert":true,"hasCalloutUpdate":true,"hasCalloutDelete":true}
[Cloud render cache] doc=Package 2 - Rev 4 -- IC.pdf-6291605 painting verified cloud snapshot immediately — count=2867.
[CSeries wipe] doc=Package 2 - Rev 4 -- IC.pdf-6291605 skip — wipe already ran this session.
[CloudSync][realtime] unsubscribing {"documentId":"d30ac66b-5d2e-4a93-aab3-8fdd84a0af86"}
[CloudSync][realtime] subscribe status {"status":"CLOSED","error":null}
[CloudSync][hook][state-obs] change {"prevCount":2867,"currentCount":2867,"delta":0,"hydrated":false,"sameRefAsLastByPage":false}
[CloudSync][hook][state-obs] callout change {"prevCount":0,"currentCount":0,"delta":0,"hydrated":false,"sameRefAsLastCallouts":false}
[CloudSync][hook] hydrate effect fired {"enabled":false,"documentId":"d30ac66b-5d2e-4a93-aab3-8fdd84a0af86","userId":"170d915c-5741-4e0b-b03f-deaeedae27bd","pdfId":"Package 2 - Rev 4 -- IC.pdf-6291605"}
[CloudSync][hook] hydrate skipped — missing prerequisite {"enabled":false,"hasDocumentId":true,"hasUserId":true,"hasPdfId":true}
[HIGHLIGHT-SYNC][load.legacy][pdf=Package 2 - Rev 4 -- IC.pdf] {"documentId":"d30ac66b-5d2e-4a93-aab3-8fdd84a0af86","totalRows":0,"fabricCarryingDropped":0,"keptCount":0,"keptIds":[]}
[CloudSync][hook] hydrate effect fired {"enabled":true,"documentId":"d30ac66b-5d2e-4a93-aab3-8fdd84a0af86","userId":"170d915c-5741-4e0b-b03f-deaeedae27bd","pdfId":"Package 2 - Rev 4 -- IC.pdf-6291605"}
[CloudSync][hook] stage=hydrating
[CloudSync][hook] fabric push skipped — not hydrated yet
[CloudSync][hook] callout push skipped — not hydrated yet
[CloudSync][realtime] subscribing {"documentId":"d30ac66b-5d2e-4a93-aab3-8fdd84a0af86","currentUserId":"170d915c-5741-4e0b-b03f-deaeedae27bd","currentSessionId":"1d2cd36b-cc85-433f-9d2d-d5864ee68de2","hasFabricInsert":true,"hasFabricUpdate":true,"hasFabricDelete":true,"hasCalloutInsert":true,"hasCalloutUpdate":true,"hasCalloutDelete":true}
[CloudSync][realtime] subscribe status {"status":"SUBSCRIBED","error":null}
[Phase31 UAT] post-subscribe catch-up skipped — doc is cutover-sealed, Y.Doc + realtime is source of truth {"documentId":"d30ac66b-5d2e-4a93-aab3-8fdd84a0af86","pdfId":"Package 2 - Rev 4 -- IC.pdf-6291605","cutoverTs":"2026-05-05T16:30:00.778+00:00","ydocAuthoritative":true}
[CloudSync][hook] cutover-complete hydrate — reading from Y.Doc {"documentId":"d30ac66b-5d2e-4a93-aab3-8fdd84a0af86","cutoverTs":"2026-05-05T16:30:00.778+00:00"}
[Phase31 UAT] hydrate:cutover-sealed {"documentId":"d30ac66b-5d2e-4a93-aab3-8fdd84a0af86","pdfId":"Package 2 - Rev 4 -- IC.pdf-6291605","cutoverTs":"2026-05-05T16:30:00.778+00:00","yMapSize":2867,"materializedTotal":2867,"materializedDrawnByMe":2867,"materializedDrawnByOthers":0,"materializedImported":0,"pages":6,"perPage":{"6":359,"7":146,"8":393,"9":1382,"10":330,"11":257},"currentStateCount":2867,"ydocLooksDegenerate":false}
[Phase31 UAT] hydrate:cutover-sealed:by-type {"documentId":"d30ac66b-5d2e-4a93-aab3-8fdd84a0af86","pdfFile":"Package 2 - Rev 4 -- IC.pdf-6291605","viewerUserId":"170d915c-5741-4e0b-b03f-deaeedae27bd","yMapTotal":2867,"yMapByType":{"path":2860,"rect":6,"textbox":1},"yMapByAuthor":{"byMe":2867,"byOthers":0,"anonymous":0},"yMapByTypeByAuthor":{"path":{"byMe":2860,"byOthers":0,"anonymous":0},"rect":{"byMe":6,"byOthers":0,"anonymous":0},"textbox":{"byMe":1,"byOthers":0,"anonymous":0}},"yMapPerTypePerPage":{"path":{"6":357,"7":145,"8":392,"9":1381,"10":329,"11":256},"rect":{"6":1,"7":1,"8":1,"9":1,"10":1,"11":1},"textbox":{"6":1}},"byPageTotal":2867,"byPageByType":{"path":2860,"rect":6,"textbox":1},"byPagePerPagePerType":{"6":{"path":357,"rect":1,"textbox":1},"7":{"path":145,"rect":1},"8":{"path":392,"rect":1},"9":{"path":1381,"rect":1},"10":{"rect":1,"path":329},"11":{"path":256,"rect":1}}}
[CloudSync][hook][state-obs] change {"prevCount":2867,"currentCount":2867,"delta":0,"hydrated":true,"sameRefAsLastByPage":true}
[PDFImport] skipped embedded PDF annotation import — cloud/Y.Doc is authoritative {"documentId":"d30ac66b-5d2e-4a93-aab3-8fdd84a0af86"}
[PrintPanel] RENDER — panel closed
[DebugBridge +51684897.9ms] pdf_loaded {"pageCount":36,"currentPage":1}
[HyperlinkDiag] post-load scan {"hyperlinkCount":0,"samples":[]}
[HyperlinkDiag] page 1 layers {"hyperlinkChildren":0,"layerClasses":["DIV","e-spinner-pane e-spin-hide","e-pv-page-canvas","e-pv-text-layer","e-pv-annotation-canvas","DIV"]}
[HyperlinkDiag] page 2 layers {"hyperlinkChildren":0,"layerClasses":["DIV","e-spinner-pane e-spin-hide","e-pv-page-canvas","e-pv-text-layer","e-pv-annotation-canvas","DIV"]}
[HyperlinkDiag] page 3 layers {"hyperlinkChildren":0,"layerClasses":["DIV","e-spinner-pane e-spin-hide","e-pv-page-canvas","e-pv-text-layer","e-pv-annotation-canvas","DIV","IMG","IMG","IMG","IMG"]}
[HyperlinkDiag] page 4 layers {"hyperlinkChildren":0,"layerClasses":["DIV","e-spinner-pane e-spin-hide","e-pv-page-canvas","e-pv-text-layer","e-pv-annotation-canvas","DIV","IMG"]}
[HyperlinkDiag] page 5 layers {"hyperlinkChildren":0,"layerClasses":["DIV","e-spinner-pane e-spin-show","e-pv-page-canvas","e-pv-text-layer","e-pv-annotation-canvas","DIV"]}
[HyperlinkDiag] page 6 layers {"hyperlinkChildren":0,"layerClasses":["DIV","e-spinner-pane e-spin-show","e-pv-page-canvas","e-pv-text-layer","e-pv-annotation-canvas","DIV"]}
[HyperlinkDiag] page 7 layers {"hyperlinkChildren":0,"layerClasses":["DIV","e-spinner-pane e-spin-show","e-pv-page-canvas","e-pv-text-layer","e-pv-annotation-canvas","DIV"]}
[HyperlinkDiag] page 8 layers {"hyperlinkChildren":0,"layerClasses":["DIV","e-spinner-pane e-spin-show","e-pv-page-canvas","e-pv-text-layer","e-pv-annotation-canvas","DIV"]}
[HyperlinkDiag] page 9 layers {"hyperlinkChildren":0,"layerClasses":["DIV","e-spinner-pane e-spin-show","e-pv-page-canvas","e-pv-text-layer","e-pv-annotation-canvas","DIV"]}
[HyperlinkDiag] page 10 layers {"hyperlinkChildren":0,"layerClasses":["DIV","e-spinner-pane e-spin-show","e-pv-page-canvas","e-pv-text-layer","e-pv-annotation-canvas","DIV"]}
[CloudSync][hook] session id minted {"sessionId":"86617f1f-e8e5-4c4c-ab1f-d0b535ae6810"}
[CloudSync][realtime] unsubscribing {"documentId":"d30ac66b-5d2e-4a93-aab3-8fdd84a0af86"}
[CloudSync][realtime] subscribe status {"status":"CLOSED","error":null}
[CloudSync][hook][state-obs] annotationsByPage initial {"currentCount":0,"pages":0,"hydrated":false}
[CloudSync][hook][state-obs] callouts initial {"currentCount":0,"hydrated":false}
[CloudSync][hook] hydrate effect fired {"enabled":false,"documentId":"d30ac66b-5d2e-4a93-aab3-8fdd84a0af86","userId":"170d915c-5741-4e0b-b03f-deaeedae27bd","pdfId":null}
[CloudSync][hook] hydrate skipped — missing prerequisite {"enabled":false,"hasDocumentId":true,"hasUserId":true,"hasPdfId":false}
[Cloud render cache] doc=Package 2 - Rev 4 -- IC.pdf-6291605 painting verified cloud snapshot immediately — count=2867.
[CSeries wipe] doc=Package 2 - Rev 4 -- IC.pdf-6291605 totalCounters=0 legacyRemoved=0 — nothing to wipe.
[CloudSync][hook][state-obs] change {"prevCount":0,"currentCount":2867,"delta":2867,"hydrated":false,"sameRefAsLastByPage":false}
[CloudSync][hook][state-obs] callout change {"prevCount":0,"currentCount":0,"delta":0,"hydrated":false,"sameRefAsLastCallouts":false}
[CloudSync][hook] hydrate effect fired {"enabled":false,"documentId":"d30ac66b-5d2e-4a93-aab3-8fdd84a0af86","userId":"170d915c-5741-4e0b-b03f-deaeedae27bd","pdfId":"Package 2 - Rev 4 -- IC.pdf-6291605"}
[CloudSync][hook] hydrate skipped — missing prerequisite {"enabled":false,"hasDocumentId":true,"hasUserId":true,"hasPdfId":true}
[HIGHLIGHT-SYNC][load.legacy][pdf=Package 2 - Rev 4 -- IC.pdf] {"documentId":"d30ac66b-5d2e-4a93-aab3-8fdd84a0af86","totalRows":0,"fabricCarryingDropped":0,"keptCount":0,"keptIds":[]}
[PDFImport] skipped embedded PDF annotation import — cloud/Y.Doc is authoritative {"documentId":"d30ac66b-5d2e-4a93-aab3-8fdd84a0af86"}
[PrintPanel] RENDER — panel closed
[CloudSync][hook] hydrate effect fired {"enabled":true,"documentId":"d30ac66b-5d2e-4a93-aab3-8fdd84a0af86","userId":"170d915c-5741-4e0b-b03f-deaeedae27bd","pdfId":"Package 2 - Rev 4 -- IC.pdf-6291605"}
[CloudSync][hook] stage=hydrating
[CloudSync][hook] fabric push skipped — not hydrated yet
[CloudSync][hook] callout push skipped — not hydrated yet
[CloudSync][realtime] subscribing {"documentId":"d30ac66b-5d2e-4a93-aab3-8fdd84a0af86","currentUserId":"170d915c-5741-4e0b-b03f-deaeedae27bd","currentSessionId":"86617f1f-e8e5-4c4c-ab1f-d0b535ae6810","hasFabricInsert":true,"hasFabricUpdate":true,"hasFabricDelete":true,"hasCalloutInsert":true,"hasCalloutUpdate":true,"hasCalloutDelete":true}
[DebugBridge +51717202.7ms] pdf_loaded {"pageCount":36,"currentPage":1}
[CloudSync][realtime] subscribe status {"status":"SUBSCRIBED","error":null}
[CloudSync][hook] post-subscribe catch-up skipped — startup sync already in flight
[CloudSync][hook] cutover-complete hydrate — reading from Y.Doc {"documentId":"d30ac66b-5d2e-4a93-aab3-8fdd84a0af86","cutoverTs":"2026-05-05T16:30:00.778+00:00"}
[Phase31 UAT] hydrate:cutover-sealed {"documentId":"d30ac66b-5d2e-4a93-aab3-8fdd84a0af86","pdfId":"Package 2 - Rev 4 -- IC.pdf-6291605","cutoverTs":"2026-05-05T16:30:00.778+00:00","yMapSize":2867,"materializedTotal":2867,"materializedDrawnByMe":2867,"materializedDrawnByOthers":0,"materializedImported":0,"pages":6,"perPage":{"6":359,"7":146,"8":393,"9":1382,"10":330,"11":257},"currentStateCount":2867,"ydocLooksDegenerate":false}
[Phase31 UAT] hydrate:cutover-sealed:by-type {"documentId":"d30ac66b-5d2e-4a93-aab3-8fdd84a0af86","pdfFile":"Package 2 - Rev 4 -- IC.pdf-6291605","viewerUserId":"170d915c-5741-4e0b-b03f-deaeedae27bd","yMapTotal":2867,"yMapByType":{"path":2860,"rect":6,"textbox":1},"yMapByAuthor":{"byMe":2867,"byOthers":0,"anonymous":0},"yMapByTypeByAuthor":{"path":{"byMe":2860,"byOthers":0,"anonymous":0},"rect":{"byMe":6,"byOthers":0,"anonymous":0},"textbox":{"byMe":1,"byOthers":0,"anonymous":0}},"yMapPerTypePerPage":{"path":{"6":357,"7":145,"8":392,"9":1381,"10":329,"11":256},"rect":{"6":1,"7":1,"8":1,"9":1,"10":1,"11":1},"textbox":{"6":1}},"byPageTotal":2867,"byPageByType":{"path":2860,"rect":6,"textbox":1},"byPagePerPagePerType":{"6":{"path":357,"rect":1,"textbox":1},"7":{"path":145,"rect":1},"8":{"path":392,"rect":1},"9":{"path":1381,"rect":1},"10":{"rect":1,"path":329},"11":{"path":256,"rect":1}}}
[CloudSync][hook][state-obs] change {"prevCount":2867,"currentCount":2867,"delta":0,"hydrated":true,"sameRefAsLastByPage":true}
[HyperlinkDiag] post-load scan {"hyperlinkCount":0,"samples":[]}
[HyperlinkDiag] page 1 layers {"hyperlinkChildren":0,"layerClasses":["DIV","e-spinner-pane e-spin-hide","e-pv-page-canvas","e-pv-text-layer","e-pv-annotation-canvas","DIV"]}
[HyperlinkDiag] page 2 layers {"hyperlinkChildren":0,"layerClasses":["DIV","e-spinner-pane e-spin-hide","e-pv-page-canvas","e-pv-text-layer","e-pv-annotation-canvas","DIV"]}
[HyperlinkDiag] page 3 layers {"hyperlinkChildren":0,"layerClasses":["DIV","e-spinner-pane e-spin-hide","e-pv-page-canvas","e-pv-text-layer","e-pv-annotation-canvas","DIV","IMG","IMG","IMG","IMG"]}
[HyperlinkDiag] page 4 layers {"hyperlinkChildren":0,"layerClasses":["DIV","e-spinner-pane e-spin-hide","e-pv-page-canvas","e-pv-text-layer","e-pv-annotation-canvas","DIV","IMG","IMG","IMG","IMG"]}
[HyperlinkDiag] page 5 layers {"hyperlinkChildren":0,"layerClasses":["DIV","e-spinner-pane e-spin-show","e-pv-page-canvas","e-pv-text-layer","e-pv-annotation-canvas","DIV"]}
[HyperlinkDiag] page 6 layers {"hyperlinkChildren":0,"layerClasses":["DIV","e-spinner-pane e-spin-show","e-pv-page-canvas","e-pv-text-layer","e-pv-annotation-canvas","DIV"]}
[HyperlinkDiag] page 7 layers {"hyperlinkChildren":0,"layerClasses":["DIV","e-spinner-pane e-spin-show","e-pv-page-canvas","e-pv-text-layer","e-pv-annotation-canvas","DIV"]}
[HyperlinkDiag] page 8 layers {"hyperlinkChildren":0,"layerClasses":["DIV","e-spinner-pane e-spin-show","e-pv-page-canvas","e-pv-text-layer","e-pv-annotation-canvas","DIV"]}
[HyperlinkDiag] page 9 layers {"hyperlinkChildren":0,"layerClasses":["DIV","e-spinner-pane e-spin-show","e-pv-page-canvas","e-pv-text-layer","e-pv-annotation-canvas","DIV"]}
[HyperlinkDiag] page 10 layers {"hyperlinkChildren":0,"layerClasses":["DIV","e-spinner-pane e-spin-show","e-pv-page-canvas","e-pv-text-layer","e-pv-annotation-canvas","DIV"]}
[CloudSync][hook] session id minted {"sessionId":"1d8f615f-099f-44b4-9547-ace3a227d1bd"}
[CloudSync][realtime] unsubscribing {"documentId":"d30ac66b-5d2e-4a93-aab3-8fdd84a0af86"}
[CloudSync][realtime] subscribe status {"status":"CLOSED","error":null}
[CloudSync][hook][state-obs] annotationsByPage initial {"currentCount":0,"pages":0,"hydrated":false}
[CloudSync][hook][state-obs] callouts initial {"currentCount":0,"hydrated":false}
[CloudSync][hook] hydrate effect fired {"enabled":false,"documentId":"d30ac66b-5d2e-4a93-aab3-8fdd84a0af86","userId":"170d915c-5741-4e0b-b03f-deaeedae27bd","pdfId":null}
[CloudSync][hook] hydrate skipped — missing prerequisite {"enabled":false,"hasDocumentId":true,"hasUserId":true,"hasPdfId":false}
[Cloud render cache] doc=Package 2 - Rev 4 -- IC.pdf-6291605 painting verified cloud snapshot immediately — count=2867.
[CSeries wipe] doc=Package 2 - Rev 4 -- IC.pdf-6291605 totalCounters=0 legacyRemoved=0 — nothing to wipe.
[CloudSync][hook][state-obs] change {"prevCount":0,"currentCount":2867,"delta":2867,"hydrated":false,"sameRefAsLastByPage":false}
[CloudSync][hook][state-obs] callout change {"prevCount":0,"currentCount":0,"delta":0,"hydrated":false,"sameRefAsLastCallouts":false}
[CloudSync][hook] hydrate effect fired {"enabled":false,"documentId":"d30ac66b-5d2e-4a93-aab3-8fdd84a0af86","userId":"170d915c-5741-4e0b-b03f-deaeedae27bd","pdfId":"Package 2 - Rev 4 -- IC.pdf-6291605"}
[CloudSync][hook] hydrate skipped — missing prerequisite {"enabled":false,"hasDocumentId":true,"hasUserId":true,"hasPdfId":true}
[HIGHLIGHT-SYNC][load.legacy][pdf=Package 2 - Rev 4 -- IC.pdf] {"documentId":"d30ac66b-5d2e-4a93-aab3-8fdd84a0af86","totalRows":0,"fabricCarryingDropped":0,"keptCount":0,"keptIds":[]}
[CloudSync][hook] hydrate effect fired {"enabled":true,"documentId":"d30ac66b-5d2e-4a93-aab3-8fdd84a0af86","userId":"170d915c-5741-4e0b-b03f-deaeedae27bd","pdfId":"Package 2 - Rev 4 -- IC.pdf-6291605"}
[CloudSync][hook] stage=hydrating
[CloudSync][hook] fabric push skipped — not hydrated yet
[CloudSync][hook] callout push skipped — not hydrated yet
[CloudSync][realtime] subscribing {"documentId":"d30ac66b-5d2e-4a93-aab3-8fdd84a0af86","currentUserId":"170d915c-5741-4e0b-b03f-deaeedae27bd","currentSessionId":"1d8f615f-099f-44b4-9547-ace3a227d1bd","hasFabricInsert":true,"hasFabricUpdate":true,"hasFabricDelete":true,"hasCalloutInsert":true,"hasCalloutUpdate":true,"hasCalloutDelete":true}
[CloudSync][realtime] subscribe status {"status":"SUBSCRIBED","error":null}
[CloudSync][hook] post-subscribe catch-up skipped — startup sync already in flight
[PDFImport] skipped embedded PDF annotation import — cloud/Y.Doc is authoritative {"documentId":"d30ac66b-5d2e-4a93-aab3-8fdd84a0af86"}
[PrintPanel] RENDER — panel closed
[CloudSync][hook] cutover-complete hydrate — reading from Y.Doc {"documentId":"d30ac66b-5d2e-4a93-aab3-8fdd84a0af86","cutoverTs":"2026-05-05T16:30:00.778+00:00"}
[Phase31 UAT] hydrate:cutover-sealed {"documentId":"d30ac66b-5d2e-4a93-aab3-8fdd84a0af86","pdfId":"Package 2 - Rev 4 -- IC.pdf-6291605","cutoverTs":"2026-05-05T16:30:00.778+00:00","yMapSize":2867,"materializedTotal":2867,"materializedDrawnByMe":2867,"materializedDrawnByOthers":0,"materializedImported":0,"pages":6,"perPage":{"6":359,"7":146,"8":393,"9":1382,"10":330,"11":257},"currentStateCount":2867,"ydocLooksDegenerate":false}
[Phase31 UAT] hydrate:cutover-sealed:by-type {"documentId":"d30ac66b-5d2e-4a93-aab3-8fdd84a0af86","pdfFile":"Package 2 - Rev 4 -- IC.pdf-6291605","viewerUserId":"170d915c-5741-4e0b-b03f-deaeedae27bd","yMapTotal":2867,"yMapByType":{"path":2860,"rect":6,"textbox":1},"yMapByAuthor":{"byMe":2867,"byOthers":0,"anonymous":0},"yMapByTypeByAuthor":{"path":{"byMe":2860,"byOthers":0,"anonymous":0},"rect":{"byMe":6,"byOthers":0,"anonymous":0},"textbox":{"byMe":1,"byOthers":0,"anonymous":0}},"yMapPerTypePerPage":{"path":{"6":357,"7":145,"8":392,"9":1381,"10":329,"11":256},"rect":{"6":1,"7":1,"8":1,"9":1,"10":1,"11":1},"textbox":{"6":1}},"byPageTotal":2867,"byPageByType":{"path":2860,"rect":6,"textbox":1},"byPagePerPagePerType":{"6":{"path":357,"rect":1,"textbox":1},"7":{"path":145,"rect":1},"8":{"path":392,"rect":1},"9":{"path":1381,"rect":1},"10":{"rect":1,"path":329},"11":{"path":256,"rect":1}}}
[CloudSync][hook][state-obs] change {"prevCount":2867,"currentCount":2867,"delta":0,"hydrated":true,"sameRefAsLastByPage":true}
[DebugBridge +51724949.6ms] pdf_loaded {"pageCount":36,"currentPage":1}
[HyperlinkDiag] post-load scan {"hyperlinkCount":0,"samples":[]}
[HyperlinkDiag] page 1 layers {"hyperlinkChildren":0,"layerClasses":["DIV","e-spinner-pane e-spin-hide","e-pv-page-canvas","e-pv-text-layer","e-pv-annotation-canvas","DIV"]}
[HyperlinkDiag] page 2 layers {"hyperlinkChildren":0,"layerClasses":["DIV","e-spinner-pane e-spin-hide","e-pv-page-canvas","e-pv-text-layer","e-pv-annotation-canvas","DIV"]}
[HyperlinkDiag] page 3 layers {"hyperlinkChildren":0,"layerClasses":["DIV","e-spinner-pane e-spin-hide","e-pv-page-canvas","e-pv-text-layer","e-pv-annotation-canvas","DIV","IMG","IMG","IMG","IMG"]}
[HyperlinkDiag] page 4 layers {"hyperlinkChildren":0,"layerClasses":["DIV","e-spinner-pane e-spin-hide","e-pv-page-canvas","e-pv-text-layer","e-pv-annotation-canvas","DIV","IMG","IMG"]}
[HyperlinkDiag] page 5 layers {"hyperlinkChildren":0,"layerClasses":["DIV","e-spinner-pane e-spin-show","e-pv-page-canvas","e-pv-text-layer","e-pv-annotation-canvas","DIV"]}
[HyperlinkDiag] page 6 layers {"hyperlinkChildren":0,"layerClasses":["DIV","e-spinner-pane e-spin-show","e-pv-page-canvas","e-pv-text-layer","e-pv-annotation-canvas","DIV"]}
[HyperlinkDiag] page 7 layers {"hyperlinkChildren":0,"layerClasses":["DIV","e-spinner-pane e-spin-show","e-pv-page-canvas","e-pv-text-layer","e-pv-annotation-canvas","DIV"]}
[HyperlinkDiag] page 8 layers {"hyperlinkChildren":0,"layerClasses":["DIV","e-spinner-pane e-spin-show","e-pv-page-canvas","e-pv-text-layer","e-pv-annotation-canvas","DIV"]}
[HyperlinkDiag] page 9 layers {"hyperlinkChildren":0,"layerClasses":["DIV","e-spinner-pane e-spin-show","e-pv-page-canvas","e-pv-text-layer","e-pv-annotation-canvas","DIV"]}
[HyperlinkDiag] page 10 layers {"hyperlinkChildren":0,"layerClasses":["DIV","e-spinner-pane e-spin-show","e-pv-page-canvas","e-pv-text-layer","e-pv-annotation-canvas","DIV"]}
[CloudSync][realtime] unsubscribing {"documentId":"d30ac66b-5d2e-4a93-aab3-8fdd84a0af86"}
[CloudSync][realtime] subscribe status {"status":"CLOSED","error":null}
[CloudSync][hook] hydrate effect fired {"enabled":true,"documentId":"d30ac66b-5d2e-4a93-aab3-8fdd84a0af86","userId":"170d915c-5741-4e0b-b03f-deaeedae27bd","pdfId":"Package 2 - Rev 4 -- IC.pdf-6291605"}
[CloudSync][hook] stage=hydrating
[CloudSync][hook] fabric push skipped — not hydrated yet
[CloudSync][hook] callout push skipped — not hydrated yet
[CloudSync][realtime] subscribing {"documentId":"d30ac66b-5d2e-4a93-aab3-8fdd84a0af86","currentUserId":"170d915c-5741-4e0b-b03f-deaeedae27bd","currentSessionId":"1d8f615f-099f-44b4-9547-ace3a227d1bd","hasFabricInsert":true,"hasFabricUpdate":true,"hasFabricDelete":true,"hasCalloutInsert":true,"hasCalloutUpdate":true,"hasCalloutDelete":true}
[Cloud render cache] doc=Package 2 - Rev 4 -- IC.pdf-6291605 painting verified cloud snapshot immediately — count=2867.
[CSeries wipe] doc=Package 2 - Rev 4 -- IC.pdf-6291605 skip — wipe already ran this session.
[CloudSync][realtime] unsubscribing {"documentId":"d30ac66b-5d2e-4a93-aab3-8fdd84a0af86"}
[CloudSync][realtime] subscribe status {"status":"CLOSED","error":null}
[CloudSync][hook][state-obs] change {"prevCount":2867,"currentCount":2867,"delta":0,"hydrated":false,"sameRefAsLastByPage":false}
[CloudSync][hook][state-obs] callout change {"prevCount":0,"currentCount":0,"delta":0,"hydrated":false,"sameRefAsLastCallouts":false}
[CloudSync][hook] hydrate effect fired {"enabled":false,"documentId":"d30ac66b-5d2e-4a93-aab3-8fdd84a0af86","userId":"170d915c-5741-4e0b-b03f-deaeedae27bd","pdfId":"Package 2 - Rev 4 -- IC.pdf-6291605"}
[CloudSync][hook] hydrate skipped — missing prerequisite {"enabled":false,"hasDocumentId":true,"hasUserId":true,"hasPdfId":true}
[HIGHLIGHT-SYNC][load.legacy][pdf=Package 2 - Rev 4 -- IC.pdf] {"documentId":"d30ac66b-5d2e-4a93-aab3-8fdd84a0af86","totalRows":0,"fabricCarryingDropped":0,"keptCount":0,"keptIds":[]}
[CloudSync][hook] hydrate effect fired {"enabled":true,"documentId":"d30ac66b-5d2e-4a93-aab3-8fdd84a0af86","userId":"170d915c-5741-4e0b-b03f-deaeedae27bd","pdfId":"Package 2 - Rev 4 -- IC.pdf-6291605"}
[CloudSync][hook] stage=hydrating
[CloudSync][hook] fabric push skipped — not hydrated yet
[CloudSync][hook] callout push skipped — not hydrated yet
[CloudSync][realtime] subscribing {"documentId":"d30ac66b-5d2e-4a93-aab3-8fdd84a0af86","currentUserId":"170d915c-5741-4e0b-b03f-deaeedae27bd","currentSessionId":"1d8f615f-099f-44b4-9547-ace3a227d1bd","hasFabricInsert":true,"hasFabricUpdate":true,"hasFabricDelete":true,"hasCalloutInsert":true,"hasCalloutUpdate":true,"hasCalloutDelete":true}
[PDFImport] skipped embedded PDF annotation import — cloud/Y.Doc is authoritative {"documentId":"d30ac66b-5d2e-4a93-aab3-8fdd84a0af86"}
[PrintPanel] RENDER — panel closed
[CloudSync][realtime] subscribe status {"status":"SUBSCRIBED","error":null}
[Phase31 UAT] post-subscribe catch-up skipped — doc is cutover-sealed, Y.Doc + realtime is source of truth {"documentId":"d30ac66b-5d2e-4a93-aab3-8fdd84a0af86","pdfId":"Package 2 - Rev 4 -- IC.pdf-6291605","cutoverTs":"2026-05-05T16:30:00.778+00:00","ydocAuthoritative":true}
[CloudSync][hook] cutover-complete hydrate — reading from Y.Doc {"documentId":"d30ac66b-5d2e-4a93-aab3-8fdd84a0af86","cutoverTs":"2026-05-05T16:30:00.778+00:00"}
[Phase31 UAT] hydrate:cutover-sealed {"documentId":"d30ac66b-5d2e-4a93-aab3-8fdd84a0af86","pdfId":"Package 2 - Rev 4 -- IC.pdf-6291605","cutoverTs":"2026-05-05T16:30:00.778+00:00","yMapSize":2867,"materializedTotal":2867,"materializedDrawnByMe":2867,"materializedDrawnByOthers":0,"materializedImported":0,"pages":6,"perPage":{"6":359,"7":146,"8":393,"9":1382,"10":330,"11":257},"currentStateCount":2867,"ydocLooksDegenerate":false}
[Phase31 UAT] hydrate:cutover-sealed:by-type {"documentId":"d30ac66b-5d2e-4a93-aab3-8fdd84a0af86","pdfFile":"Package 2 - Rev 4 -- IC.pdf-6291605","viewerUserId":"170d915c-5741-4e0b-b03f-deaeedae27bd","yMapTotal":2867,"yMapByType":{"path":2860,"rect":6,"textbox":1},"yMapByAuthor":{"byMe":2867,"byOthers":0,"anonymous":0},"yMapByTypeByAuthor":{"path":{"byMe":2860,"byOthers":0,"anonymous":0},"rect":{"byMe":6,"byOthers":0,"anonymous":0},"textbox":{"byMe":1,"byOthers":0,"anonymous":0}},"yMapPerTypePerPage":{"path":{"6":357,"7":145,"8":392,"9":1381,"10":329,"11":256},"rect":{"6":1,"7":1,"8":1,"9":1,"10":1,"11":1},"textbox":{"6":1}},"byPageTotal":2867,"byPageByType":{"path":2860,"rect":6,"textbox":1},"byPagePerPagePerType":{"6":{"path":357,"rect":1,"textbox":1},"7":{"path":145,"rect":1},"8":{"path":392,"rect":1},"9":{"path":1381,"rect":1},"10":{"rect":1,"path":329},"11":{"path":256,"rect":1}}}
[CloudSync][hook][state-obs] change {"prevCount":2867,"currentCount":2867,"delta":0,"hydrated":true,"sameRefAsLastByPage":true}
[DebugBridge +51730677.7ms] pdf_loaded {"pageCount":36,"currentPage":1}
[HyperlinkDiag] post-load scan {"hyperlinkCount":0,"samples":[]}
[HyperlinkDiag] page 1 layers {"hyperlinkChildren":0,"layerClasses":["DIV","e-spinner-pane e-spin-hide","e-pv-page-canvas","e-pv-text-layer","e-pv-annotation-canvas","DIV"]}
[HyperlinkDiag] page 2 layers {"hyperlinkChildren":0,"layerClasses":["DIV","e-spinner-pane e-spin-hide","e-pv-page-canvas","e-pv-text-layer","e-pv-annotation-canvas","DIV"]}
[HyperlinkDiag] page 3 layers {"hyperlinkChildren":0,"layerClasses":["DIV","e-spinner-pane e-spin-hide","e-pv-page-canvas","e-pv-text-layer","e-pv-annotation-canvas","DIV","IMG"]}
[HyperlinkDiag] page 4 layers {"hyperlinkChildren":0,"layerClasses":["DIV","e-spinner-pane e-spin-show","e-pv-page-canvas","e-pv-text-layer","e-pv-annotation-canvas","DIV"]}
[HyperlinkDiag] page 5 layers {"hyperlinkChildren":0,"layerClasses":["DIV","e-spinner-pane e-spin-show","e-pv-page-canvas","e-pv-text-layer","e-pv-annotation-canvas","DIV"]}
[HyperlinkDiag] page 6 layers {"hyperlinkChildren":0,"layerClasses":["DIV","e-spinner-pane e-spin-show","e-pv-page-canvas","e-pv-text-layer","e-pv-annotation-canvas","DIV"]}
[HyperlinkDiag] page 7 layers {"hyperlinkChildren":0,"layerClasses":["DIV","e-spinner-pane e-spin-show","e-pv-page-canvas","e-pv-text-layer","e-pv-annotation-canvas","DIV"]}
[HyperlinkDiag] page 8 layers {"hyperlinkChildren":0,"layerClasses":["DIV","e-spinner-pane e-spin-show","e-pv-page-canvas","e-pv-text-layer","e-pv-annotation-canvas","DIV"]}
[HyperlinkDiag] page 9 layers {"hyperlinkChildren":0,"layerClasses":["DIV","e-spinner-pane e-spin-show","e-pv-page-canvas","e-pv-text-layer","e-pv-annotation-canvas","DIV"]}
[HyperlinkDiag] page 10 layers {"hyperlinkChildren":0,"layerClasses":["DIV","e-spinner-pane e-spin-show","e-pv-page-canvas","e-pv-text-layer","e-pv-annotation-canvas","DIV"]}
[Phase31 UAT] focus rehydrate skipped — doc is cutover-sealed, Y.Doc + realtime is source of truth {"documentId":"d30ac66b-5d2e-4a93-aab3-8fdd84a0af86","pdfId":"Package 2 - Rev 4 -- IC.pdf-6291605","cutoverTs":"2026-05-05T16:30:00.778+00:00","ydocAuthoritative":true}
[CloudSync][realtime] unsubscribing {"documentId":"d30ac66b-5d2e-4a93-aab3-8fdd84a0af86"}
[CloudSync][realtime] subscribe status {"status":"CLOSED","error":null}
[CloudSync][hook] hydrate effect fired {"enabled":true,"documentId":"d30ac66b-5d2e-4a93-aab3-8fdd84a0af86","userId":"170d915c-5741-4e0b-b03f-deaeedae27bd","pdfId":"Package 2 - Rev 4 -- IC.pdf-6291605"}
[CloudSync][hook] stage=hydrating
[CloudSync][hook] fabric push skipped — not hydrated yet
[CloudSync][hook] callout push skipped — not hydrated yet
[CloudSync][realtime] subscribing {"documentId":"d30ac66b-5d2e-4a93-aab3-8fdd84a0af86","currentUserId":"170d915c-5741-4e0b-b03f-deaeedae27bd","currentSessionId":"1d8f615f-099f-44b4-9547-ace3a227d1bd","hasFabricInsert":true,"hasFabricUpdate":true,"hasFabricDelete":true,"hasCalloutInsert":true,"hasCalloutUpdate":true,"hasCalloutDelete":true}
[Cloud render cache] doc=Package 2 - Rev 4 -- IC.pdf-6291605 painting verified cloud snapshot immediately — count=2867.
[CSeries wipe] doc=Package 2 - Rev 4 -- IC.pdf-6291605 skip — wipe already ran this session.
[CloudSync][realtime] unsubscribing {"documentId":"d30ac66b-5d2e-4a93-aab3-8fdd84a0af86"}
[CloudSync][realtime] subscribe status {"status":"CLOSED","error":null}
[CloudSync][hook][state-obs] change {"prevCount":2867,"currentCount":2867,"delta":0,"hydrated":false,"sameRefAsLastByPage":false}
[CloudSync][hook][state-obs] callout change {"prevCount":0,"currentCount":0,"delta":0,"hydrated":false,"sameRefAsLastCallouts":false}
[CloudSync][hook] hydrate effect fired {"enabled":false,"documentId":"d30ac66b-5d2e-4a93-aab3-8fdd84a0af86","userId":"170d915c-5741-4e0b-b03f-deaeedae27bd","pdfId":"Package 2 - Rev 4 -- IC.pdf-6291605"}
[CloudSync][hook] hydrate skipped — missing prerequisite {"enabled":false,"hasDocumentId":true,"hasUserId":true,"hasPdfId":true}
[HIGHLIGHT-SYNC][load.legacy][pdf=Package 2 - Rev 4 -- IC.pdf] {"documentId":"d30ac66b-5d2e-4a93-aab3-8fdd84a0af86","totalRows":0,"fabricCarryingDropped":0,"keptCount":0,"keptIds":[]}
[PDFImport] skipped embedded PDF annotation import — cloud/Y.Doc is authoritative {"documentId":"d30ac66b-5d2e-4a93-aab3-8fdd84a0af86"}
[PrintPanel] RENDER — panel closed
[CloudSync][hook] hydrate effect fired {"enabled":true,"documentId":"d30ac66b-5d2e-4a93-aab3-8fdd84a0af86","userId":"170d915c-5741-4e0b-b03f-deaeedae27bd","pdfId":"Package 2 - Rev 4 -- IC.pdf-6291605"}
[CloudSync][hook] stage=hydrating
[CloudSync][hook] fabric push skipped — not hydrated yet
[CloudSync][hook] callout push skipped — not hydrated yet
[CloudSync][realtime] subscribing {"documentId":"d30ac66b-5d2e-4a93-aab3-8fdd84a0af86","currentUserId":"170d915c-5741-4e0b-b03f-deaeedae27bd","currentSessionId":"1d8f615f-099f-44b4-9547-ace3a227d1bd","hasFabricInsert":true,"hasFabricUpdate":true,"hasFabricDelete":true,"hasCalloutInsert":true,"hasCalloutUpdate":true,"hasCalloutDelete":true}
[CloudSync][realtime] subscribe status {"status":"SUBSCRIBED","error":null}
[Phase31 UAT] post-subscribe catch-up skipped — doc is cutover-sealed, Y.Doc + realtime is source of truth {"documentId":"d30ac66b-5d2e-4a93-aab3-8fdd84a0af86","pdfId":"Package 2 - Rev 4 -- IC.pdf-6291605","cutoverTs":"2026-05-05T16:30:00.778+00:00","ydocAuthoritative":true}
[CloudSync][hook] cutover-complete hydrate — reading from Y.Doc {"documentId":"d30ac66b-5d2e-4a93-aab3-8fdd84a0af86","cutoverTs":"2026-05-05T16:30:00.778+00:00"}
[Phase31 UAT] hydrate:cutover-sealed {"documentId":"d30ac66b-5d2e-4a93-aab3-8fdd84a0af86","pdfId":"Package 2 - Rev 4 -- IC.pdf-6291605","cutoverTs":"2026-05-05T16:30:00.778+00:00","yMapSize":2867,"materializedTotal":2867,"materializedDrawnByMe":2867,"materializedDrawnByOthers":0,"materializedImported":0,"pages":6,"perPage":{"6":359,"7":146,"8":393,"9":1382,"10":330,"11":257},"currentStateCount":2867,"ydocLooksDegenerate":false}
[Phase31 UAT] hydrate:cutover-sealed:by-type {"documentId":"d30ac66b-5d2e-4a93-aab3-8fdd84a0af86","pdfFile":"Package 2 - Rev 4 -- IC.pdf-6291605","viewerUserId":"170d915c-5741-4e0b-b03f-deaeedae27bd","yMapTotal":2867,"yMapByType":{"path":2860,"rect":6,"textbox":1},"yMapByAuthor":{"byMe":2867,"byOthers":0,"anonymous":0},"yMapByTypeByAuthor":{"path":{"byMe":2860,"byOthers":0,"anonymous":0},"rect":{"byMe":6,"byOthers":0,"anonymous":0},"textbox":{"byMe":1,"byOthers":0,"anonymous":0}},"yMapPerTypePerPage":{"path":{"6":357,"7":145,"8":392,"9":1381,"10":329,"11":256},"rect":{"6":1,"7":1,"8":1,"9":1,"10":1,"11":1},"textbox":{"6":1}},"byPageTotal":2867,"byPageByType":{"path":2860,"rect":6,"textbox":1},"byPagePerPagePerType":{"6":{"path":357,"rect":1,"textbox":1},"7":{"path":145,"rect":1},"8":{"path":392,"rect":1},"9":{"path":1381,"rect":1},"10":{"rect":1,"path":329},"11":{"path":256,"rect":1}}}
[CloudSync][hook][state-obs] change {"prevCount":2867,"currentCount":2867,"delta":0,"hydrated":true,"sameRefAsLastByPage":true}
[DebugBridge +51963705.4ms] pdf_loaded {"pageCount":36,"currentPage":1}
[HyperlinkDiag] post-load scan {"hyperlinkCount":0,"samples":[]}
[HyperlinkDiag] page 1 layers {"hyperlinkChildren":0,"layerClasses":["DIV","e-spinner-pane e-spin-hide","e-pv-page-canvas","e-pv-text-layer","e-pv-annotation-canvas","DIV"]}
[HyperlinkDiag] page 2 layers {"hyperlinkChildren":0,"layerClasses":["DIV","e-spinner-pane e-spin-hide","e-pv-page-canvas","e-pv-text-layer","e-pv-annotation-canvas","DIV"]}
[HyperlinkDiag] page 3 layers {"hyperlinkChildren":0,"layerClasses":["DIV","e-spinner-pane e-spin-hide","e-pv-page-canvas","e-pv-text-layer","e-pv-annotation-canvas","DIV","IMG","IMG","IMG","IMG"]}
[HyperlinkDiag] page 4 layers {"hyperlinkChildren":0,"layerClasses":["DIV","e-spinner-pane e-spin-hide","e-pv-page-canvas","e-pv-text-layer","e-pv-annotation-canvas","DIV","IMG"]}
[HyperlinkDiag] page 5 layers {"hyperlinkChildren":0,"layerClasses":["DIV","e-spinner-pane e-spin-show","e-pv-page-canvas","e-pv-text-layer","e-pv-annotation-canvas","DIV"]}
[HyperlinkDiag] page 6 layers {"hyperlinkChildren":0,"layerClasses":["DIV","e-spinner-pane e-spin-show","e-pv-page-canvas","e-pv-text-layer","e-pv-annotation-canvas","DIV"]}
[HyperlinkDiag] page 7 layers {"hyperlinkChildren":0,"layerClasses":["DIV","e-spinner-pane e-spin-show","e-pv-page-canvas","e-pv-text-layer","e-pv-annotation-canvas","DIV"]}
[HyperlinkDiag] page 8 layers {"hyperlinkChildren":0,"layerClasses":["DIV","e-spinner-pane e-spin-show","e-pv-page-canvas","e-pv-text-layer","e-pv-annotation-canvas","DIV"]}
[HyperlinkDiag] page 9 layers {"hyperlinkChildren":0,"layerClasses":["DIV","e-spinner-pane e-spin-show","e-pv-page-canvas","e-pv-text-layer","e-pv-annotation-canvas","DIV"]}
[HyperlinkDiag] page 10 layers {"hyperlinkChildren":0,"layerClasses":["DIV","e-spinner-pane e-spin-show","e-pv-page-canvas","e-pv-text-layer","e-pv-annotation-canvas","DIV"]}
[CloudSync][realtime] unsubscribing {"documentId":"d30ac66b-5d2e-4a93-aab3-8fdd84a0af86"}
[CloudSync][realtime] subscribe status {"status":"CLOSED","error":null}
[CloudSync][hook] hydrate effect fired {"enabled":true,"documentId":"d30ac66b-5d2e-4a93-aab3-8fdd84a0af86","userId":"170d915c-5741-4e0b-b03f-deaeedae27bd","pdfId":"Package 2 - Rev 4 -- IC.pdf-6291605"}
[CloudSync][hook] stage=hydrating
[CloudSync][hook] fabric push skipped — not hydrated yet
[CloudSync][hook] callout push skipped — not hydrated yet
[CloudSync][realtime] subscribing {"documentId":"d30ac66b-5d2e-4a93-aab3-8fdd84a0af86","currentUserId":"170d915c-5741-4e0b-b03f-deaeedae27bd","currentSessionId":"1d8f615f-099f-44b4-9547-ace3a227d1bd","hasFabricInsert":true,"hasFabricUpdate":true,"hasFabricDelete":true,"hasCalloutInsert":true,"hasCalloutUpdate":true,"hasCalloutDelete":true}
[Cloud render cache] doc=Package 2 - Rev 4 -- IC.pdf-6291605 painting verified cloud snapshot immediately — count=2867.
[CSeries wipe] doc=Package 2 - Rev 4 -- IC.pdf-6291605 skip — wipe already ran this session.
[CloudSync][realtime] unsubscribing {"documentId":"d30ac66b-5d2e-4a93-aab3-8fdd84a0af86"}
[CloudSync][realtime] subscribe status {"status":"CLOSED","error":null}
[CloudSync][hook][state-obs] change {"prevCount":2867,"currentCount":2867,"delta":0,"hydrated":false,"sameRefAsLastByPage":false}
[CloudSync][hook][state-obs] callout change {"prevCount":0,"currentCount":0,"delta":0,"hydrated":false,"sameRefAsLastCallouts":false}
[CloudSync][hook] hydrate effect fired {"enabled":false,"documentId":"d30ac66b-5d2e-4a93-aab3-8fdd84a0af86","userId":"170d915c-5741-4e0b-b03f-deaeedae27bd","pdfId":"Package 2 - Rev 4 -- IC.pdf-6291605"}
[CloudSync][hook] hydrate skipped — missing prerequisite {"enabled":false,"hasDocumentId":true,"hasUserId":true,"hasPdfId":true}
[PDFImport] skipped embedded PDF annotation import — cloud/Y.Doc is authoritative {"documentId":"d30ac66b-5d2e-4a93-aab3-8fdd84a0af86"}
[PrintPanel] RENDER — panel closed
[HIGHLIGHT-SYNC][load.legacy][pdf=Package 2 - Rev 4 -- IC.pdf] {"documentId":"d30ac66b-5d2e-4a93-aab3-8fdd84a0af86","totalRows":0,"fabricCarryingDropped":0,"keptCount":0,"keptIds":[]}
[CloudSync][hook] hydrate effect fired {"enabled":true,"documentId":"d30ac66b-5d2e-4a93-aab3-8fdd84a0af86","userId":"170d915c-5741-4e0b-b03f-deaeedae27bd","pdfId":"Package 2 - Rev 4 -- IC.pdf-6291605"}
[CloudSync][hook] stage=hydrating
[CloudSync][hook] fabric push skipped — not hydrated yet
[CloudSync][hook] callout push skipped — not hydrated yet
[CloudSync][realtime] subscribing {"documentId":"d30ac66b-5d2e-4a93-aab3-8fdd84a0af86","currentUserId":"170d915c-5741-4e0b-b03f-deaeedae27bd","currentSessionId":"1d8f615f-099f-44b4-9547-ace3a227d1bd","hasFabricInsert":true,"hasFabricUpdate":true,"hasFabricDelete":true,"hasCalloutInsert":true,"hasCalloutUpdate":true,"hasCalloutDelete":true}
[CloudSync][realtime] subscribe status {"status":"SUBSCRIBED","error":null}
[Phase31 UAT] post-subscribe catch-up skipped — doc is cutover-sealed, Y.Doc + realtime is source of truth {"documentId":"d30ac66b-5d2e-4a93-aab3-8fdd84a0af86","pdfId":"Package 2 - Rev 4 -- IC.pdf-6291605","cutoverTs":"2026-05-05T16:30:00.778+00:00","ydocAuthoritative":true}
[DebugBridge +52177046.8ms] pdf_loaded {"pageCount":36,"currentPage":1}
[CloudSync][hook] cutover-complete hydrate — reading from Y.Doc {"documentId":"d30ac66b-5d2e-4a93-aab3-8fdd84a0af86","cutoverTs":"2026-05-05T16:30:00.778+00:00"}
[Phase31 UAT] hydrate:cutover-sealed {"documentId":"d30ac66b-5d2e-4a93-aab3-8fdd84a0af86","pdfId":"Package 2 - Rev 4 -- IC.pdf-6291605","cutoverTs":"2026-05-05T16:30:00.778+00:00","yMapSize":2867,"materializedTotal":2867,"materializedDrawnByMe":2867,"materializedDrawnByOthers":0,"materializedImported":0,"pages":6,"perPage":{"6":359,"7":146,"8":393,"9":1382,"10":330,"11":257},"currentStateCount":2867,"ydocLooksDegenerate":false}
[Phase31 UAT] hydrate:cutover-sealed:by-type {"documentId":"d30ac66b-5d2e-4a93-aab3-8fdd84a0af86","pdfFile":"Package 2 - Rev 4 -- IC.pdf-6291605","viewerUserId":"170d915c-5741-4e0b-b03f-deaeedae27bd","yMapTotal":2867,"yMapByType":{"path":2860,"rect":6,"textbox":1},"yMapByAuthor":{"byMe":2867,"byOthers":0,"anonymous":0},"yMapByTypeByAuthor":{"path":{"byMe":2860,"byOthers":0,"anonymous":0},"rect":{"byMe":6,"byOthers":0,"anonymous":0},"textbox":{"byMe":1,"byOthers":0,"anonymous":0}},"yMapPerTypePerPage":{"path":{"6":357,"7":145,"8":392,"9":1381,"10":329,"11":256},"rect":{"6":1,"7":1,"8":1,"9":1,"10":1,"11":1},"textbox":{"6":1}},"byPageTotal":2867,"byPageByType":{"path":2860,"rect":6,"textbox":1},"byPagePerPagePerType":{"6":{"path":357,"rect":1,"textbox":1},"7":{"path":145,"rect":1},"8":{"path":392,"rect":1},"9":{"path":1381,"rect":1},"10":{"rect":1,"path":329},"11":{"path":256,"rect":1}}}
[CloudSync][hook][state-obs] change {"prevCount":2867,"currentCount":2867,"delta":0,"hydrated":true,"sameRefAsLastByPage":true}
[HyperlinkDiag] post-load scan {"hyperlinkCount":0,"samples":[]}
[HyperlinkDiag] page 1 layers {"hyperlinkChildren":0,"layerClasses":["DIV","e-spinner-pane e-spin-hide","e-pv-page-canvas","e-pv-text-layer","e-pv-annotation-canvas","DIV"]}
[HyperlinkDiag] page 2 layers {"hyperlinkChildren":0,"layerClasses":["DIV","e-spinner-pane e-spin-hide","e-pv-page-canvas","e-pv-text-layer","e-pv-annotation-canvas","DIV"]}
[HyperlinkDiag] page 3 layers {"hyperlinkChildren":0,"layerClasses":["DIV","e-spinner-pane e-spin-hide","e-pv-page-canvas","e-pv-text-layer","e-pv-annotation-canvas","DIV","IMG"]}
[HyperlinkDiag] page 4 layers {"hyperlinkChildren":0,"layerClasses":["DIV","e-spinner-pane e-spin-show","e-pv-page-canvas","e-pv-text-layer","e-pv-annotation-canvas","DIV"]}
[HyperlinkDiag] page 5 layers {"hyperlinkChildren":0,"layerClasses":["DIV","e-spinner-pane e-spin-show","e-pv-page-canvas","e-pv-text-layer","e-pv-annotation-canvas","DIV"]}
[HyperlinkDiag] page 6 layers {"hyperlinkChildren":0,"layerClasses":["DIV","e-spinner-pane e-spin-show","e-pv-page-canvas","e-pv-text-layer","e-pv-annotation-canvas","DIV"]}
[HyperlinkDiag] page 7 layers {"hyperlinkChildren":0,"layerClasses":["DIV","e-spinner-pane e-spin-show","e-pv-page-canvas","e-pv-text-layer","e-pv-annotation-canvas","DIV"]}
[HyperlinkDiag] page 8 layers {"hyperlinkChildren":0,"layerClasses":["DIV","e-spinner-pane e-spin-show","e-pv-page-canvas","e-pv-text-layer","e-pv-annotation-canvas","DIV"]}
[HyperlinkDiag] page 9 layers {"hyperlinkChildren":0,"layerClasses":["DIV","e-spinner-pane e-spin-show","e-pv-page-canvas","e-pv-text-layer","e-pv-annotation-canvas","DIV"]}
[HyperlinkDiag] page 10 layers {"hyperlinkChildren":0,"layerClasses":["DIV","e-spinner-pane e-spin-show","e-pv-page-canvas","e-pv-text-layer","e-pv-annotation-canvas","DIV"]}
[CloudSync][realtime] unsubscribing {"documentId":"d30ac66b-5d2e-4a93-aab3-8fdd84a0af86"}
[CloudSync][realtime] subscribe status {"status":"CLOSED","error":null}
[CloudSync][hook] hydrate effect fired {"enabled":true,"documentId":"d30ac66b-5d2e-4a93-aab3-8fdd84a0af86","userId":"170d915c-5741-4e0b-b03f-deaeedae27bd","pdfId":"Package 2 - Rev 4 -- IC.pdf-6291605"}
[CloudSync][hook] stage=hydrating
[CloudSync][hook] fabric push skipped — not hydrated yet
[CloudSync][hook] callout push skipped — not hydrated yet
[CloudSync][realtime] subscribing {"documentId":"d30ac66b-5d2e-4a93-aab3-8fdd84a0af86","currentUserId":"170d915c-5741-4e0b-b03f-deaeedae27bd","currentSessionId":"1d8f615f-099f-44b4-9547-ace3a227d1bd","hasFabricInsert":true,"hasFabricUpdate":true,"hasFabricDelete":true,"hasCalloutInsert":true,"hasCalloutUpdate":true,"hasCalloutDelete":true}
[Cloud render cache] doc=Package 2 - Rev 4 -- IC.pdf-6291605 painting verified cloud snapshot immediately — count=2867.
[CSeries wipe] doc=Package 2 - Rev 4 -- IC.pdf-6291605 skip — wipe already ran this session.
[CloudSync][realtime] unsubscribing {"documentId":"d30ac66b-5d2e-4a93-aab3-8fdd84a0af86"}
[CloudSync][realtime] subscribe status {"status":"CLOSED","error":null}
[CloudSync][hook][state-obs] change {"prevCount":2867,"currentCount":2867,"delta":0,"hydrated":false,"sameRefAsLastByPage":false}
[CloudSync][hook][state-obs] callout change {"prevCount":0,"currentCount":0,"delta":0,"hydrated":false,"sameRefAsLastCallouts":false}
[CloudSync][hook] hydrate effect fired {"enabled":false,"documentId":"d30ac66b-5d2e-4a93-aab3-8fdd84a0af86","userId":"170d915c-5741-4e0b-b03f-deaeedae27bd","pdfId":"Package 2 - Rev 4 -- IC.pdf-6291605"}
[CloudSync][hook] hydrate skipped — missing prerequisite {"enabled":false,"hasDocumentId":true,"hasUserId":true,"hasPdfId":true}
[HIGHLIGHT-SYNC][load.legacy][pdf=Package 2 - Rev 4 -- IC.pdf] {"documentId":"d30ac66b-5d2e-4a93-aab3-8fdd84a0af86","totalRows":0,"fabricCarryingDropped":0,"keptCount":0,"keptIds":[]}
[CloudSync][hook] hydrate effect fired {"enabled":true,"documentId":"d30ac66b-5d2e-4a93-aab3-8fdd84a0af86","userId":"170d915c-5741-4e0b-b03f-deaeedae27bd","pdfId":"Package 2 - Rev 4 -- IC.pdf-6291605"}
[CloudSync][hook] stage=hydrating
[CloudSync][hook] fabric push skipped — not hydrated yet
[CloudSync][hook] callout push skipped — not hydrated yet
[CloudSync][realtime] subscribing {"documentId":"d30ac66b-5d2e-4a93-aab3-8fdd84a0af86","currentUserId":"170d915c-5741-4e0b-b03f-deaeedae27bd","currentSessionId":"1d8f615f-099f-44b4-9547-ace3a227d1bd","hasFabricInsert":true,"hasFabricUpdate":true,"hasFabricDelete":true,"hasCalloutInsert":true,"hasCalloutUpdate":true,"hasCalloutDelete":true}
[CloudSync][realtime] subscribe status {"status":"SUBSCRIBED","error":null}
[Phase31 UAT] post-subscribe catch-up skipped — doc is cutover-sealed, Y.Doc + realtime is source of truth {"documentId":"d30ac66b-5d2e-4a93-aab3-8fdd84a0af86","pdfId":"Package 2 - Rev 4 -- IC.pdf-6291605","cutoverTs":"2026-05-05T16:30:00.778+00:00","ydocAuthoritative":true}
[CloudSync][hook] cutover-complete hydrate — reading from Y.Doc {"documentId":"d30ac66b-5d2e-4a93-aab3-8fdd84a0af86","cutoverTs":"2026-05-05T16:30:00.778+00:00"}
[Phase31 UAT] hydrate:cutover-sealed {"documentId":"d30ac66b-5d2e-4a93-aab3-8fdd84a0af86","pdfId":"Package 2 - Rev 4 -- IC.pdf-6291605","cutoverTs":"2026-05-05T16:30:00.778+00:00","yMapSize":2867,"materializedTotal":2867,"materializedDrawnByMe":2867,"materializedDrawnByOthers":0,"materializedImported":0,"pages":6,"perPage":{"6":359,"7":146,"8":393,"9":1382,"10":330,"11":257},"currentStateCount":2867,"ydocLooksDegenerate":false}
[Phase31 UAT] hydrate:cutover-sealed:by-type {"documentId":"d30ac66b-5d2e-4a93-aab3-8fdd84a0af86","pdfFile":"Package 2 - Rev 4 -- IC.pdf-6291605","viewerUserId":"170d915c-5741-4e0b-b03f-deaeedae27bd","yMapTotal":2867,"yMapByType":{"path":2860,"rect":6,"textbox":1},"yMapByAuthor":{"byMe":2867,"byOthers":0,"anonymous":0},"yMapByTypeByAuthor":{"path":{"byMe":2860,"byOthers":0,"anonymous":0},"rect":{"byMe":6,"byOthers":0,"anonymous":0},"textbox":{"byMe":1,"byOthers":0,"anonymous":0}},"yMapPerTypePerPage":{"path":{"6":357,"7":145,"8":392,"9":1381,"10":329,"11":256},"rect":{"6":1,"7":1,"8":1,"9":1,"10":1,"11":1},"textbox":{"6":1}},"byPageTotal":2867,"byPageByType":{"path":2860,"rect":6,"textbox":1},"byPagePerPagePerType":{"6":{"path":357,"rect":1,"textbox":1},"7":{"path":145,"rect":1},"8":{"path":392,"rect":1},"9":{"path":1381,"rect":1},"10":{"rect":1,"path":329},"11":{"path":256,"rect":1}}}
[CloudSync][hook][state-obs] change {"prevCount":2867,"currentCount":2867,"delta":0,"hydrated":true,"sameRefAsLastByPage":true}
[PDFImport] skipped embedded PDF annotation import — cloud/Y.Doc is authoritative {"documentId":"d30ac66b-5d2e-4a93-aab3-8fdd84a0af86"}
[PrintPanel] RENDER — panel closed
[DebugBridge +52370179.1ms] pdf_loaded {"pageCount":36,"currentPage":1}
[HyperlinkDiag] post-load scan {"hyperlinkCount":0,"samples":[]}
[HyperlinkDiag] page 1 layers {"hyperlinkChildren":0,"layerClasses":["DIV","e-spinner-pane e-spin-hide","e-pv-page-canvas","e-pv-text-layer","e-pv-annotation-canvas"]}
[HyperlinkDiag] page 2 layers {"hyperlinkChildren":0,"layerClasses":["DIV","e-spinner-pane e-spin-hide","e-pv-page-canvas","e-pv-text-layer","e-pv-annotation-canvas"]}
[HyperlinkDiag] page 3 layers {"hyperlinkChildren":0,"layerClasses":["DIV","e-spinner-pane e-spin-hide","e-pv-page-canvas","e-pv-text-layer","e-pv-annotation-canvas","IMG","IMG","IMG","IMG"]}
[HyperlinkDiag] page 4 layers {"hyperlinkChildren":0,"layerClasses":["DIV","e-spinner-pane e-spin-hide","e-pv-page-canvas","e-pv-text-layer","e-pv-annotation-canvas","IMG","IMG","IMG","IMG"]}
[HyperlinkDiag] page 5 layers {"hyperlinkChildren":0,"layerClasses":["DIV","e-spinner-pane e-spin-hide","e-pv-page-canvas","e-pv-text-layer","e-pv-annotation-canvas","IMG","IMG","IMG","IMG"]}
[HyperlinkDiag] page 6 layers {"hyperlinkChildren":0,"layerClasses":["DIV","e-spinner-pane e-spin-hide","e-pv-page-canvas","e-pv-text-layer","e-pv-annotation-canvas","IMG","IMG"]}
[HyperlinkDiag] page 7 layers {"hyperlinkChildren":0,"layerClasses":["DIV","e-spinner-pane e-spin-show","e-pv-page-canvas","e-pv-text-layer","e-pv-annotation-canvas"]}
[HyperlinkDiag] page 8 layers {"hyperlinkChildren":0,"layerClasses":["DIV","e-spinner-pane e-spin-show","e-pv-page-canvas","e-pv-text-layer","e-pv-annotation-canvas"]}
[HyperlinkDiag] page 9 layers {"hyperlinkChildren":0,"layerClasses":["DIV","e-spinner-pane e-spin-show","e-pv-page-canvas","e-pv-text-layer","e-pv-annotation-canvas"]}
[HyperlinkDiag] page 10 layers {"hyperlinkChildren":0,"layerClasses":["DIV","e-spinner-pane e-spin-show","e-pv-page-canvas","e-pv-text-layer","e-pv-annotation-canvas"]}
[CloudSync][realtime] unsubscribing {"documentId":"d30ac66b-5d2e-4a93-aab3-8fdd84a0af86"}
[CloudSync][realtime] subscribe status {"status":"CLOSED","error":null}
[CloudSync][hook] hydrate effect fired {"enabled":true,"documentId":"d30ac66b-5d2e-4a93-aab3-8fdd84a0af86","userId":"170d915c-5741-4e0b-b03f-deaeedae27bd","pdfId":"Package 2 - Rev 4 -- IC.pdf-6291605"}
[CloudSync][hook] stage=hydrating
[CloudSync][hook] fabric push skipped — not hydrated yet
[CloudSync][hook] callout push skipped — not hydrated yet
[CloudSync][realtime] subscribing {"documentId":"d30ac66b-5d2e-4a93-aab3-8fdd84a0af86","currentUserId":"170d915c-5741-4e0b-b03f-deaeedae27bd","currentSessionId":"1d8f615f-099f-44b4-9547-ace3a227d1bd","hasFabricInsert":true,"hasFabricUpdate":true,"hasFabricDelete":true,"hasCalloutInsert":true,"hasCalloutUpdate":true,"hasCalloutDelete":true}
[Cloud render cache] doc=Package 2 - Rev 4 -- IC.pdf-6291605 painting verified cloud snapshot immediately — count=2867.
[CSeries wipe] doc=Package 2 - Rev 4 -- IC.pdf-6291605 skip — wipe already ran this session.
[CloudSync][realtime] subscribe status {"status":"SUBSCRIBED","error":null}
[Phase31 UAT] post-subscribe catch-up skipped — doc is cutover-sealed, Y.Doc + realtime is source of truth {"documentId":"d30ac66b-5d2e-4a93-aab3-8fdd84a0af86","pdfId":"Package 2 - Rev 4 -- IC.pdf-6291605","cutoverTs":"2026-05-05T16:30:00.778+00:00","ydocAuthoritative":true}
[CloudSync][realtime] unsubscribing {"documentId":"d30ac66b-5d2e-4a93-aab3-8fdd84a0af86"}
[CloudSync][realtime] subscribe status {"status":"CLOSED","error":null}
[CloudSync][hook][state-obs] change {"prevCount":2867,"currentCount":2867,"delta":0,"hydrated":false,"sameRefAsLastByPage":false}
[CloudSync][hook][state-obs] callout change {"prevCount":0,"currentCount":0,"delta":0,"hydrated":false,"sameRefAsLastCallouts":false}
[CloudSync][hook] hydrate effect fired {"enabled":false,"documentId":"d30ac66b-5d2e-4a93-aab3-8fdd84a0af86","userId":"170d915c-5741-4e0b-b03f-deaeedae27bd","pdfId":"Package 2 - Rev 4 -- IC.pdf-6291605"}
[CloudSync][hook] hydrate skipped — missing prerequisite {"enabled":false,"hasDocumentId":true,"hasUserId":true,"hasPdfId":true}
[HIGHLIGHT-SYNC][load.legacy][pdf=Package 2 - Rev 4 -- IC.pdf] {"documentId":"d30ac66b-5d2e-4a93-aab3-8fdd84a0af86","totalRows":0,"fabricCarryingDropped":0,"keptCount":0,"keptIds":[]}
[PDFImport] skipped embedded PDF annotation import — cloud/Y.Doc is authoritative {"documentId":"d30ac66b-5d2e-4a93-aab3-8fdd84a0af86"}
[PrintPanel] RENDER — panel closed
[CloudSync][hook] hydrate effect fired {"enabled":true,"documentId":"d30ac66b-5d2e-4a93-aab3-8fdd84a0af86","userId":"170d915c-5741-4e0b-b03f-deaeedae27bd","pdfId":"Package 2 - Rev 4 -- IC.pdf-6291605"}
[CloudSync][hook] stage=hydrating
[CloudSync][hook] fabric push skipped — not hydrated yet
[CloudSync][hook] callout push skipped — not hydrated yet
[CloudSync][realtime] subscribing {"documentId":"d30ac66b-5d2e-4a93-aab3-8fdd84a0af86","currentUserId":"170d915c-5741-4e0b-b03f-deaeedae27bd","currentSessionId":"1d8f615f-099f-44b4-9547-ace3a227d1bd","hasFabricInsert":true,"hasFabricUpdate":true,"hasFabricDelete":true,"hasCalloutInsert":true,"hasCalloutUpdate":true,"hasCalloutDelete":true}
[CloudSync][realtime] subscribe status {"status":"SUBSCRIBED","error":null}
[Phase31 UAT] post-subscribe catch-up skipped — doc is cutover-sealed, Y.Doc + realtime is source of truth {"documentId":"d30ac66b-5d2e-4a93-aab3-8fdd84a0af86","pdfId":"Package 2 - Rev 4 -- IC.pdf-6291605","cutoverTs":"2026-05-05T16:30:00.778+00:00","ydocAuthoritative":true}
[CloudSync][hook] cutover-complete hydrate — reading from Y.Doc {"documentId":"d30ac66b-5d2e-4a93-aab3-8fdd84a0af86","cutoverTs":"2026-05-05T16:30:00.778+00:00"}
[Phase31 UAT] hydrate:cutover-sealed {"documentId":"d30ac66b-5d2e-4a93-aab3-8fdd84a0af86","pdfId":"Package 2 - Rev 4 -- IC.pdf-6291605","cutoverTs":"2026-05-05T16:30:00.778+00:00","yMapSize":2867,"materializedTotal":2867,"materializedDrawnByMe":2867,"materializedDrawnByOthers":0,"materializedImported":0,"pages":6,"perPage":{"6":359,"7":146,"8":393,"9":1382,"10":330,"11":257},"currentStateCount":2867,"ydocLooksDegenerate":false}
[Phase31 UAT] hydrate:cutover-sealed:by-type {"documentId":"d30ac66b-5d2e-4a93-aab3-8fdd84a0af86","pdfFile":"Package 2 - Rev 4 -- IC.pdf-6291605","viewerUserId":"170d915c-5741-4e0b-b03f-deaeedae27bd","yMapTotal":2867,"yMapByType":{"path":2860,"rect":6,"textbox":1},"yMapByAuthor":{"byMe":2867,"byOthers":0,"anonymous":0},"yMapByTypeByAuthor":{"path":{"byMe":2860,"byOthers":0,"anonymous":0},"rect":{"byMe":6,"byOthers":0,"anonymous":0},"textbox":{"byMe":1,"byOthers":0,"anonymous":0}},"yMapPerTypePerPage":{"path":{"6":357,"7":145,"8":392,"9":1381,"10":329,"11":256},"rect":{"6":1,"7":1,"8":1,"9":1,"10":1,"11":1},"textbox":{"6":1}},"byPageTotal":2867,"byPageByType":{"path":2860,"rect":6,"textbox":1},"byPagePerPagePerType":{"6":{"path":357,"rect":1,"textbox":1},"7":{"path":145,"rect":1},"8":{"path":392,"rect":1},"9":{"path":1381,"rect":1},"10":{"rect":1,"path":329},"11":{"path":256,"rect":1}}}
[CloudSync][hook][state-obs] change {"prevCount":2867,"currentCount":2867,"delta":0,"hydrated":true,"sameRefAsLastByPage":true}
[DebugBridge +52585901.6ms] pdf_loaded {"pageCount":36,"currentPage":1}
[HyperlinkDiag] post-load scan {"hyperlinkCount":0,"samples":[]}
[HyperlinkDiag] page 1 layers {"hyperlinkChildren":0,"layerClasses":["DIV","e-spinner-pane e-spin-hide","e-pv-page-canvas","e-pv-text-layer","e-pv-annotation-canvas"]}
[HyperlinkDiag] page 2 layers {"hyperlinkChildren":0,"layerClasses":["DIV","e-spinner-pane e-spin-hide","e-pv-page-canvas","e-pv-text-layer","e-pv-annotation-canvas"]}
[HyperlinkDiag] page 3 layers {"hyperlinkChildren":0,"layerClasses":["DIV","e-spinner-pane e-spin-hide","e-pv-page-canvas","e-pv-text-layer","e-pv-annotation-canvas","IMG","IMG","IMG","IMG"]}
[HyperlinkDiag] page 4 layers {"hyperlinkChildren":0,"layerClasses":["DIV","e-spinner-pane e-spin-hide","e-pv-page-canvas","e-pv-text-layer","e-pv-annotation-canvas","IMG","IMG","IMG","IMG"]}
[HyperlinkDiag] page 5 layers {"hyperlinkChildren":0,"layerClasses":["DIV","e-spinner-pane e-spin-hide","e-pv-page-canvas","e-pv-text-layer","e-pv-annotation-canvas","IMG","IMG","IMG","IMG"]}
[HyperlinkDiag] page 6 layers {"hyperlinkChildren":0,"layerClasses":["DIV","e-spinner-pane e-spin-hide","e-pv-page-canvas","e-pv-text-layer","e-pv-annotation-canvas","IMG"]}
[HyperlinkDiag] page 7 layers {"hyperlinkChildren":0,"layerClasses":["DIV","e-spinner-pane e-spin-show","e-pv-page-canvas","e-pv-text-layer","e-pv-annotation-canvas"]}
[HyperlinkDiag] page 8 layers {"hyperlinkChildren":0,"layerClasses":["DIV","e-spinner-pane e-spin-show","e-pv-page-canvas","e-pv-text-layer","e-pv-annotation-canvas"]}
[HyperlinkDiag] page 9 layers {"hyperlinkChildren":0,"layerClasses":["DIV","e-spinner-pane e-spin-show","e-pv-page-canvas","e-pv-text-layer","e-pv-annotation-canvas"]}
[HyperlinkDiag] page 10 layers {"hyperlinkChildren":0,"layerClasses":["DIV","e-spinner-pane e-spin-show","e-pv-page-canvas","e-pv-text-layer","e-pv-annotation-canvas"]}
[CloudSync][realtime] unsubscribing {"documentId":"d30ac66b-5d2e-4a93-aab3-8fdd84a0af86"}
[CloudSync][realtime] subscribe status {"status":"CLOSED","error":null}
[CloudSync][hook] hydrate effect fired {"enabled":true,"documentId":"d30ac66b-5d2e-4a93-aab3-8fdd84a0af86","userId":"170d915c-5741-4e0b-b03f-deaeedae27bd","pdfId":"Package 2 - Rev 4 -- IC.pdf-6291605"}
[CloudSync][hook] stage=hydrating
[CloudSync][hook] fabric push skipped — not hydrated yet
[CloudSync][hook] callout push skipped — not hydrated yet
[CloudSync][realtime] subscribing {"documentId":"d30ac66b-5d2e-4a93-aab3-8fdd84a0af86","currentUserId":"170d915c-5741-4e0b-b03f-deaeedae27bd","currentSessionId":"1d8f615f-099f-44b4-9547-ace3a227d1bd","hasFabricInsert":true,"hasFabricUpdate":true,"hasFabricDelete":true,"hasCalloutInsert":true,"hasCalloutUpdate":true,"hasCalloutDelete":true}
[Cloud render cache] doc=Package 2 - Rev 4 -- IC.pdf-6291605 painting verified cloud snapshot immediately — count=2867.
[CSeries wipe] doc=Package 2 - Rev 4 -- IC.pdf-6291605 skip — wipe already ran this session.
[CloudSync][realtime] unsubscribing {"documentId":"d30ac66b-5d2e-4a93-aab3-8fdd84a0af86"}
[CloudSync][realtime] subscribe status {"status":"CLOSED","error":null}
[CloudSync][hook][state-obs] change {"prevCount":2867,"currentCount":2867,"delta":0,"hydrated":false,"sameRefAsLastByPage":false}
[CloudSync][hook][state-obs] callout change {"prevCount":0,"currentCount":0,"delta":0,"hydrated":false,"sameRefAsLastCallouts":false}
[CloudSync][hook] hydrate effect fired {"enabled":false,"documentId":"d30ac66b-5d2e-4a93-aab3-8fdd84a0af86","userId":"170d915c-5741-4e0b-b03f-deaeedae27bd","pdfId":"Package 2 - Rev 4 -- IC.pdf-6291605"}
[CloudSync][hook] hydrate skipped — missing prerequisite {"enabled":false,"hasDocumentId":true,"hasUserId":true,"hasPdfId":true}
[HIGHLIGHT-SYNC][load.legacy][pdf=Package 2 - Rev 4 -- IC.pdf] {"documentId":"d30ac66b-5d2e-4a93-aab3-8fdd84a0af86","totalRows":0,"fabricCarryingDropped":0,"keptCount":0,"keptIds":[]}
[CloudSync][hook] hydrate effect fired {"enabled":true,"documentId":"d30ac66b-5d2e-4a93-aab3-8fdd84a0af86","userId":"170d915c-5741-4e0b-b03f-deaeedae27bd","pdfId":"Package 2 - Rev 4 -- IC.pdf-6291605"}
[CloudSync][hook] stage=hydrating
[CloudSync][hook] fabric push skipped — not hydrated yet
[CloudSync][hook] callout push skipped — not hydrated yet
[CloudSync][realtime] subscribing {"documentId":"d30ac66b-5d2e-4a93-aab3-8fdd84a0af86","currentUserId":"170d915c-5741-4e0b-b03f-deaeedae27bd","currentSessionId":"1d8f615f-099f-44b4-9547-ace3a227d1bd","hasFabricInsert":true,"hasFabricUpdate":true,"hasFabricDelete":true,"hasCalloutInsert":true,"hasCalloutUpdate":true,"hasCalloutDelete":true}
[CloudSync][realtime] subscribe status {"status":"SUBSCRIBED","error":null}
[Phase31 UAT] post-subscribe catch-up skipped — doc is cutover-sealed, Y.Doc + realtime is source of truth {"documentId":"d30ac66b-5d2e-4a93-aab3-8fdd84a0af86","pdfId":"Package 2 - Rev 4 -- IC.pdf-6291605","cutoverTs":"2026-05-05T16:30:00.778+00:00","ydocAuthoritative":true}
[CloudSync][hook] cutover-complete hydrate — reading from Y.Doc {"documentId":"d30ac66b-5d2e-4a93-aab3-8fdd84a0af86","cutoverTs":"2026-05-05T16:30:00.778+00:00"}
[Phase31 UAT] hydrate:cutover-sealed {"documentId":"d30ac66b-5d2e-4a93-aab3-8fdd84a0af86","pdfId":"Package 2 - Rev 4 -- IC.pdf-6291605","cutoverTs":"2026-05-05T16:30:00.778+00:00","yMapSize":2867,"materializedTotal":2867,"materializedDrawnByMe":2867,"materializedDrawnByOthers":0,"materializedImported":0,"pages":6,"perPage":{"6":359,"7":146,"8":393,"9":1382,"10":330,"11":257},"currentStateCount":2867,"ydocLooksDegenerate":false}
[Phase31 UAT] hydrate:cutover-sealed:by-type {"documentId":"d30ac66b-5d2e-4a93-aab3-8fdd84a0af86","pdfFile":"Package 2 - Rev 4 -- IC.pdf-6291605","viewerUserId":"170d915c-5741-4e0b-b03f-deaeedae27bd","yMapTotal":2867,"yMapByType":{"path":2860,"rect":6,"textbox":1},"yMapByAuthor":{"byMe":2867,"byOthers":0,"anonymous":0},"yMapByTypeByAuthor":{"path":{"byMe":2860,"byOthers":0,"anonymous":0},"rect":{"byMe":6,"byOthers":0,"anonymous":0},"textbox":{"byMe":1,"byOthers":0,"anonymous":0}},"yMapPerTypePerPage":{"path":{"6":357,"7":145,"8":392,"9":1381,"10":329,"11":256},"rect":{"6":1,"7":1,"8":1,"9":1,"10":1,"11":1},"textbox":{"6":1}},"byPageTotal":2867,"byPageByType":{"path":2860,"rect":6,"textbox":1},"byPagePerPagePerType":{"6":{"path":357,"rect":1,"textbox":1},"7":{"path":145,"rect":1},"8":{"path":392,"rect":1},"9":{"path":1381,"rect":1},"10":{"rect":1,"path":329},"11":{"path":256,"rect":1}}}
[PDFImport] skipped embedded PDF annotation import — cloud/Y.Doc is authoritative {"documentId":"d30ac66b-5d2e-4a93-aab3-8fdd84a0af86"}
[CloudSync][hook][state-obs] change {"prevCount":2867,"currentCount":2867,"delta":0,"hydrated":true,"sameRefAsLastByPage":true}
[PrintPanel] RENDER — panel closed
[DebugBridge +52602368.2ms] pdf_loaded {"pageCount":36,"currentPage":1}
[HyperlinkDiag] post-load scan {"hyperlinkCount":0,"samples":[]}
[HyperlinkDiag] page 1 layers {"hyperlinkChildren":0,"layerClasses":["DIV","e-spinner-pane e-spin-hide","e-pv-page-canvas","e-pv-text-layer","e-pv-annotation-canvas"]}
[HyperlinkDiag] page 2 layers {"hyperlinkChildren":0,"layerClasses":["DIV","e-spinner-pane e-spin-hide","e-pv-page-canvas","e-pv-text-layer","e-pv-annotation-canvas"]}
[HyperlinkDiag] page 3 layers {"hyperlinkChildren":0,"layerClasses":["DIV","e-spinner-pane e-spin-hide","e-pv-page-canvas","e-pv-text-layer","e-pv-annotation-canvas","IMG","IMG","IMG","IMG"]}
[HyperlinkDiag] page 4 layers {"hyperlinkChildren":0,"layerClasses":["DIV","e-spinner-pane e-spin-hide","e-pv-page-canvas","e-pv-text-layer","e-pv-annotation-canvas","IMG","IMG","IMG","IMG"]}
[HyperlinkDiag] page 5 layers {"hyperlinkChildren":0,"layerClasses":["DIV","e-spinner-pane e-spin-hide","e-pv-page-canvas","e-pv-text-layer","e-pv-annotation-canvas","IMG"]}
[HyperlinkDiag] page 6 layers {"hyperlinkChildren":0,"layerClasses":["DIV","e-spinner-pane e-spin-show","e-pv-page-canvas","e-pv-text-layer","e-pv-annotation-canvas"]}
[HyperlinkDiag] page 7 layers {"hyperlinkChildren":0,"layerClasses":["DIV","e-spinner-pane e-spin-show","e-pv-page-canvas","e-pv-text-layer","e-pv-annotation-canvas"]}
[HyperlinkDiag] page 8 layers {"hyperlinkChildren":0,"layerClasses":["DIV","e-spinner-pane e-spin-show","e-pv-page-canvas","e-pv-text-layer","e-pv-annotation-canvas"]}
[HyperlinkDiag] page 9 layers {"hyperlinkChildren":0,"layerClasses":["DIV","e-spinner-pane e-spin-show","e-pv-page-canvas","e-pv-text-layer","e-pv-annotation-canvas"]}
[HyperlinkDiag] page 10 layers {"hyperlinkChildren":0,"layerClasses":["DIV","e-spinner-pane e-spin-show","e-pv-page-canvas","e-pv-text-layer","e-pv-annotation-canvas"]}
[CloudSync][realtime] unsubscribing {"documentId":"d30ac66b-5d2e-4a93-aab3-8fdd84a0af86"}
[CloudSync][realtime] subscribe status {"status":"CLOSED","error":null}
[CloudSync][hook] hydrate effect fired {"enabled":true,"documentId":"d30ac66b-5d2e-4a93-aab3-8fdd84a0af86","userId":"170d915c-5741-4e0b-b03f-deaeedae27bd","pdfId":"Package 2 - Rev 4 -- IC.pdf-6291605"}
[CloudSync][hook] stage=hydrating
[CloudSync][hook] fabric push skipped — not hydrated yet
[CloudSync][hook] callout push skipped — not hydrated yet
[CloudSync][realtime] subscribing {"documentId":"d30ac66b-5d2e-4a93-aab3-8fdd84a0af86","currentUserId":"170d915c-5741-4e0b-b03f-deaeedae27bd","currentSessionId":"1d8f615f-099f-44b4-9547-ace3a227d1bd","hasFabricInsert":true,"hasFabricUpdate":true,"hasFabricDelete":true,"hasCalloutInsert":true,"hasCalloutUpdate":true,"hasCalloutDelete":true}
[Cloud render cache] doc=Package 2 - Rev 4 -- IC.pdf-6291605 painting verified cloud snapshot immediately — count=2867.
[CSeries wipe] doc=Package 2 - Rev 4 -- IC.pdf-6291605 skip — wipe already ran this session.
[CloudSync][realtime] unsubscribing {"documentId":"d30ac66b-5d2e-4a93-aab3-8fdd84a0af86"}
[CloudSync][realtime] subscribe status {"status":"CLOSED","error":null}
[CloudSync][hook][state-obs] change {"prevCount":2867,"currentCount":2867,"delta":0,"hydrated":false,"sameRefAsLastByPage":false}
[CloudSync][hook][state-obs] callout change {"prevCount":0,"currentCount":0,"delta":0,"hydrated":false,"sameRefAsLastCallouts":false}
[CloudSync][hook] hydrate effect fired {"enabled":false,"documentId":"d30ac66b-5d2e-4a93-aab3-8fdd84a0af86","userId":"170d915c-5741-4e0b-b03f-deaeedae27bd","pdfId":"Package 2 - Rev 4 -- IC.pdf-6291605"}
[CloudSync][hook] hydrate skipped — missing prerequisite {"enabled":false,"hasDocumentId":true,"hasUserId":true,"hasPdfId":true}
[HIGHLIGHT-SYNC][load.legacy][pdf=Package 2 - Rev 4 -- IC.pdf] {"documentId":"d30ac66b-5d2e-4a93-aab3-8fdd84a0af86","totalRows":0,"fabricCarryingDropped":0,"keptCount":0,"keptIds":[]}
[CloudSync][hook] hydrate effect fired {"enabled":true,"documentId":"d30ac66b-5d2e-4a93-aab3-8fdd84a0af86","userId":"170d915c-5741-4e0b-b03f-deaeedae27bd","pdfId":"Package 2 - Rev 4 -- IC.pdf-6291605"}
[CloudSync][hook] stage=hydrating
[CloudSync][hook] fabric push skipped — not hydrated yet
[CloudSync][hook] callout push skipped — not hydrated yet
[CloudSync][realtime] subscribing {"documentId":"d30ac66b-5d2e-4a93-aab3-8fdd84a0af86","currentUserId":"170d915c-5741-4e0b-b03f-deaeedae27bd","currentSessionId":"1d8f615f-099f-44b4-9547-ace3a227d1bd","hasFabricInsert":true,"hasFabricUpdate":true,"hasFabricDelete":true,"hasCalloutInsert":true,"hasCalloutUpdate":true,"hasCalloutDelete":true}
[PDFImport] skipped embedded PDF annotation import — cloud/Y.Doc is authoritative {"documentId":"d30ac66b-5d2e-4a93-aab3-8fdd84a0af86"}
[PrintPanel] RENDER — panel closed
[CloudSync][realtime] subscribe status {"status":"SUBSCRIBED","error":null}
[Phase31 UAT] post-subscribe catch-up skipped — doc is cutover-sealed, Y.Doc + realtime is source of truth {"documentId":"d30ac66b-5d2e-4a93-aab3-8fdd84a0af86","pdfId":"Package 2 - Rev 4 -- IC.pdf-6291605","cutoverTs":"2026-05-05T16:30:00.778+00:00","ydocAuthoritative":true}
[CloudSync][hook] cutover-complete hydrate — reading from Y.Doc {"documentId":"d30ac66b-5d2e-4a93-aab3-8fdd84a0af86","cutoverTs":"2026-05-05T16:30:00.778+00:00"}
[Phase31 UAT] hydrate:cutover-sealed {"documentId":"d30ac66b-5d2e-4a93-aab3-8fdd84a0af86","pdfId":"Package 2 - Rev 4 -- IC.pdf-6291605","cutoverTs":"2026-05-05T16:30:00.778+00:00","yMapSize":2867,"materializedTotal":2867,"materializedDrawnByMe":2867,"materializedDrawnByOthers":0,"materializedImported":0,"pages":6,"perPage":{"6":359,"7":146,"8":393,"9":1382,"10":330,"11":257},"currentStateCount":2867,"ydocLooksDegenerate":false}
[Phase31 UAT] hydrate:cutover-sealed:by-type {"documentId":"d30ac66b-5d2e-4a93-aab3-8fdd84a0af86","pdfFile":"Package 2 - Rev 4 -- IC.pdf-6291605","viewerUserId":"170d915c-5741-4e0b-b03f-deaeedae27bd","yMapTotal":2867,"yMapByType":{"path":2860,"rect":6,"textbox":1},"yMapByAuthor":{"byMe":2867,"byOthers":0,"anonymous":0},"yMapByTypeByAuthor":{"path":{"byMe":2860,"byOthers":0,"anonymous":0},"rect":{"byMe":6,"byOthers":0,"anonymous":0},"textbox":{"byMe":1,"byOthers":0,"anonymous":0}},"yMapPerTypePerPage":{"path":{"6":357,"7":145,"8":392,"9":1381,"10":329,"11":256},"rect":{"6":1,"7":1,"8":1,"9":1,"10":1,"11":1},"textbox":{"6":1}},"byPageTotal":2867,"byPageByType":{"path":2860,"rect":6,"textbox":1},"byPagePerPagePerType":{"6":{"path":357,"rect":1,"textbox":1},"7":{"path":145,"rect":1},"8":{"path":392,"rect":1},"9":{"path":1381,"rect":1},"10":{"rect":1,"path":329},"11":{"path":256,"rect":1}}}
[CloudSync][hook][state-obs] change {"prevCount":2867,"currentCount":2867,"delta":0,"hydrated":true,"sameRefAsLastByPage":true}
[DebugBridge +52818859.3ms] pdf_loaded {"pageCount":36,"currentPage":1}
[HyperlinkDiag] post-load scan {"hyperlinkCount":0,"samples":[]}
[HyperlinkDiag] page 1 layers {"hyperlinkChildren":0,"layerClasses":["DIV","e-spinner-pane e-spin-hide","e-pv-page-canvas","e-pv-text-layer","e-pv-annotation-canvas"]}
[HyperlinkDiag] page 2 layers {"hyperlinkChildren":0,"layerClasses":["DIV","e-spinner-pane e-spin-hide","e-pv-page-canvas","e-pv-text-layer","e-pv-annotation-canvas"]}
[HyperlinkDiag] page 3 layers {"hyperlinkChildren":0,"layerClasses":["DIV","e-spinner-pane e-spin-hide","e-pv-page-canvas","e-pv-text-layer","e-pv-annotation-canvas","IMG","IMG","IMG","IMG"]}
[HyperlinkDiag] page 4 layers {"hyperlinkChildren":0,"layerClasses":["DIV","e-spinner-pane e-spin-hide","e-pv-page-canvas","e-pv-text-layer","e-pv-annotation-canvas","IMG","IMG","IMG","IMG"]}
[HyperlinkDiag] page 5 layers {"hyperlinkChildren":0,"layerClasses":["DIV","e-spinner-pane e-spin-hide","e-pv-page-canvas","e-pv-text-layer","e-pv-annotation-canvas","IMG","IMG","IMG","IMG"]}
[HyperlinkDiag] page 6 layers {"hyperlinkChildren":0,"layerClasses":["DIV","e-spinner-pane e-spin-hide","e-pv-page-canvas","e-pv-text-layer","e-pv-annotation-canvas","IMG","IMG","IMG","IMG"]}
[HyperlinkDiag] page 7 layers {"hyperlinkChildren":0,"layerClasses":["DIV","e-spinner-pane e-spin-show","e-pv-page-canvas","e-pv-text-layer","e-pv-annotation-canvas"]}
[HyperlinkDiag] page 8 layers {"hyperlinkChildren":0,"layerClasses":["DIV","e-spinner-pane e-spin-show","e-pv-page-canvas","e-pv-text-layer","e-pv-annotation-canvas"]}
[HyperlinkDiag] page 9 layers {"hyperlinkChildren":0,"layerClasses":["DIV","e-spinner-pane e-spin-show","e-pv-page-canvas","e-pv-text-layer","e-pv-annotation-canvas"]}
[HyperlinkDiag] page 10 layers {"hyperlinkChildren":0,"layerClasses":["DIV","e-spinner-pane e-spin-show","e-pv-page-canvas","e-pv-text-layer","e-pv-annotation-canvas"]}
console.error @ [AnnotationSync] Error fetching presence: {"message":"TypeError: Failed to fetch","details":"TypeError: Failed to fetch\n    at instrumentedFetch (http://localhost:5174/src/utils/networkLogger.js:45:32)\n    at http://localhost:5174/node_modules/.vite/deps/@supabase_supabase-js.js?v=4844aadd:19670:23\n    at http://localhost:5174/node_modules/.vite/deps/@supabase_supabase-js.js?v=4844aadd:19684:12\n    at async executeWithRetry (http://localhost:5174/node_modules/.vite/deps/@supabase_supabase-js.js?v=4844aadd:591:19)\n    at async getDocumentPresence (http://localhost:5174/src/services/documentAnnotationService.js:579:27)\n    at async refresh (http://localhost:5174/src/hooks/useDocumentPresenceList.js:31:26)","hint":"","code":""}
[CloudSync][realtime] subscribe status {"status":"CHANNEL_ERROR","error":null}
console.error @ Error fetching subscription tier: {"message":"TypeError: Failed to fetch","details":"TypeError: Failed to fetch\n    at instrumentedFetch (http://localhost:5174/src/utils/networkLogger.js:45:32)\n    at http://localhost:5174/node_modules/.vite/deps/@supabase_supabase-js.js?v=4844aadd:19670:23\n    at http://localhost:5174/node_modules/.vite/deps/@supabase_supabase-js.js?v=4844aadd:19684:12\n    at async executeWithRetry (http://localhost:5174/node_modules/.vite/deps/@supabase_supabase-js.js?v=4844aadd:591:19)\n    at async fetchSubscriptionTier (http://localhost:5174/src/contexts/AuthContext.jsx:51:31)","hint":"","code":""}
console.error @ [AnnotationSync] Error fetching presence: {"message":"TypeError: Failed to fetch","details":"TypeError: Failed to fetch\n    at instrumentedFetch (http://localhost:5174/src/utils/networkLogger.js:45:32)\n    at http://localhost:5174/node_modules/.vite/deps/@supabase_supabase-js.js?v=4844aadd:19670:23\n    at http://localhost:5174/node_modules/.vite/deps/@supabase_supabase-js.js?v=4844aadd:19684:12\n    at async executeWithRetry (http://localhost:5174/node_modules/.vite/deps/@supabase_supabase-js.js?v=4844aadd:591:19)\n    at async getDocumentPresence (http://localhost:5174/src/services/documentAnnotationService.js:579:27)\n    at async refresh (http://localhost:5174/src/hooks/useDocumentPresenceList.js:31:26)","hint":"","code":""}
console.error @ Error fetching tool preferences from Supabase: {"message":"TypeError: Failed to fetch","details":"TypeError: Failed to fetch\n    at instrumentedFetch (http://localhost:5174/src/utils/networkLogger.js:45:32)\n    at http://localhost:5174/node_modules/.vite/deps/@supabase_supabase-js.js?v=4844aadd:19670:23\n    at http://localhost:5174/node_modules/.vite/deps/@supabase_supabase-js.js?v=4844aadd:19684:12\n    at async executeWithRetry (http://localhost:5174/node_modules/.vite/deps/@supabase_supabase-js.js?v=4844aadd:591:19)\n    at async fetchFromSupabase (http://localhost:5174/src/hooks/useDatabase.js:896:31)","hint":"","code":""}
console.error @ Error fetching usage: {"message":"TypeError: Failed to fetch","details":"TypeError: Failed to fetch\n    at instrumentedFetch (http://localhost:5174/src/utils/networkLogger.js:45:32)\n    at http://localhost:5174/node_modules/.vite/deps/@supabase_supabase-js.js?v=4844aadd:19670:23\n    at http://localhost:5174/node_modules/.vite/deps/@supabase_supabase-js.js?v=4844aadd:19684:12\n    at async executeWithRetry (http://localhost:5174/node_modules/.vite/deps/@supabase_supabase-js.js?v=4844aadd:591:19)\n    at async http://localhost:5174/src/hooks/useSubscriptionLimits.js:80:60","hint":"","code":""}
console.error @ [AnnotationSync] Error fetching presence: {"message":"TypeError: Failed to fetch","details":"TypeError: Failed to fetch\n    at instrumentedFetch (http://localhost:5174/src/utils/networkLogger.js:45:32)\n    at http://localhost:5174/node_modules/.vite/deps/@supabase_supabase-js.js?v=4844aadd:19670:23\n    at http://localhost:5174/node_modules/.vite/deps/@supabase_supabase-js.js?v=4844aadd:19684:12\n    at async executeWithRetry (http://localhost:5174/node_modules/.vite/deps/@supabase_supabase-js.js?v=4844aadd:591:19)\n    at async getDocumentPresence (http://localhost:5174/src/services/documentAnnotationService.js:579:27)\n    at async refresh (http://localhost:5174/src/hooks/useDocumentPresenceList.js:31:26)","hint":"","code":""}
console.error @ [AnnotationSync] Error fetching presence: {"message":"TypeError: Failed to fetch","details":"TypeError: Failed to fetch\n    at instrumentedFetch (http://localhost:5174/src/utils/networkLogger.js:45:32)\n    at http://localhost:5174/node_modules/.vite/deps/@supabase_supabase-js.js?v=4844aadd:19670:23\n    at http://localhost:5174/node_modules/.vite/deps/@supabase_supabase-js.js?v=4844aadd:19684:12\n    at async executeWithRetry (http://localhost:5174/node_modules/.vite/deps/@supabase_supabase-js.js?v=4844aadd:591:19)\n    at async getDocumentPresence (http://localhost:5174/src/services/documentAnnotationService.js:579:27)\n    at async refresh (http://localhost:5174/src/hooks/useDocumentPresenceList.js:31:26)","hint":"","code":""}
console.error @ [AnnotationSync] Error fetching presence: {"message":"TypeError: Failed to fetch","details":"TypeError: Failed to fetch\n    at instrumentedFetch (http://localhost:5174/src/utils/networkLogger.js:45:32)\n    at http://localhost:5174/node_modules/.vite/deps/@supabase_supabase-js.js?v=4844aadd:19670:23\n    at http://localhost:5174/node_modules/.vite/deps/@supabase_supabase-js.js?v=4844aadd:19684:12\n    at async executeWithRetry (http://localhost:5174/node_modules/.vite/deps/@supabase_supabase-js.js?v=4844aadd:591:19)\n    at async getDocumentPresence (http://localhost:5174/src/services/documentAnnotationService.js:579:27)\n    at async refresh (http://localhost:5174/src/hooks/useDocumentPresenceList.js:31:26)","hint":"","code":""}
console.error @ [AnnotationSync] Error fetching presence: {"message":"TypeError: Failed to fetch","details":"TypeError: Failed to fetch\n    at instrumentedFetch (http://localhost:5174/src/utils/networkLogger.js:45:32)\n    at http://localhost:5174/node_modules/.vite/deps/@supabase_supabase-js.js?v=4844aadd:19670:23\n    at http://localhost:5174/node_modules/.vite/deps/@supabase_supabase-js.js?v=4844aadd:19684:12\n    at async executeWithRetry (http://localhost:5174/node_modules/.vite/deps/@supabase_supabase-js.js?v=4844aadd:591:19)\n    at async getDocumentPresence (http://localhost:5174/src/services/documentAnnotationService.js:579:27)\n    at async refresh (http://localhost:5174/src/hooks/useDocumentPresenceList.js:31:26)","hint":"","code":""}
console.error @ [AnnotationSync] Error fetching presence: {"message":"TypeError: Failed to fetch","details":"TypeError: Failed to fetch\n    at instrumentedFetch (http://localhost:5174/src/utils/networkLogger.js:45:32)\n    at http://localhost:5174/node_modules/.vite/deps/@supabase_supabase-js.js?v=4844aadd:19670:23\n    at http://localhost:5174/node_modules/.vite/deps/@supabase_supabase-js.js?v=4844aadd:19684:12\n    at async executeWithRetry (http://localhost:5174/node_modules/.vite/deps/@supabase_supabase-js.js?v=4844aadd:591:19)\n    at async getDocumentPresence (http://localhost:5174/src/services/documentAnnotationService.js:579:27)\n    at async refresh (http://localhost:5174/src/hooks/useDocumentPresenceList.js:31:26)","hint":"","code":""}
console.error @ [AnnotationSync] Error fetching presence: {"message":"TypeError: Failed to fetch","details":"TypeError: Failed to fetch\n    at instrumentedFetch (http://localhost:5174/src/utils/networkLogger.js:45:32)\n    at http://localhost:5174/node_modules/.vite/deps/@supabase_supabase-js.js?v=4844aadd:19670:23\n    at http://localhost:5174/node_modules/.vite/deps/@supabase_supabase-js.js?v=4844aadd:19684:12\n    at async executeWithRetry (http://localhost:5174/node_modules/.vite/deps/@supabase_supabase-js.js?v=4844aadd:591:19)\n    at async getDocumentPresence (http://localhost:5174/src/services/documentAnnotationService.js:579:27)\n    at async refresh (http://localhost:5174/src/hooks/useDocumentPresenceList.js:31:26)","hint":"","code":""}
console.error @ Error fetching subscription tier: {"message":"TypeError: Failed to fetch","details":"TypeError: Failed to fetch\n    at instrumentedFetch (http://localhost:5174/src/utils/networkLogger.js:45:32)\n    at http://localhost:5174/node_modules/.vite/deps/@supabase_supabase-js.js?v=4844aadd:19670:23\n    at http://localhost:5174/node_modules/.vite/deps/@supabase_supabase-js.js?v=4844aadd:19684:12\n    at async executeWithRetry (http://localhost:5174/node_modules/.vite/deps/@supabase_supabase-js.js?v=4844aadd:591:19)\n    at async fetchSubscriptionTier (http://localhost:5174/src/contexts/AuthContext.jsx:51:31)","hint":"","code":""}
console.error @ [AnnotationSync] Error fetching presence: {"message":"TypeError: Failed to fetch","details":"TypeError: Failed to fetch\n    at instrumentedFetch (http://localhost:5174/src/utils/networkLogger.js:45:32)\n    at http://localhost:5174/node_modules/.vite/deps/@supabase_supabase-js.js?v=4844aadd:19670:23\n    at http://localhost:5174/node_modules/.vite/deps/@supabase_supabase-js.js?v=4844aadd:19684:12\n    at async executeWithRetry (http://localhost:5174/node_modules/.vite/deps/@supabase_supabase-js.js?v=4844aadd:591:19)\n    at async getDocumentPresence (http://localhost:5174/src/services/documentAnnotationService.js:579:27)\n    at async refresh (http://localhost:5174/src/hooks/useDocumentPresenceList.js:31:26)","hint":"","code":""}
console.error @ [AnnotationSync] Error fetching presence: {"message":"TypeError: Failed to fetch","details":"TypeError: Failed to fetch\n    at instrumentedFetch (http://localhost:5174/src/utils/networkLogger.js:45:32)\n    at http://localhost:5174/node_modules/.vite/deps/@supabase_supabase-js.js?v=4844aadd:19670:23\n    at http://localhost:5174/node_modules/.vite/deps/@supabase_supabase-js.js?v=4844aadd:19684:12\n    at async executeWithRetry (http://localhost:5174/node_modules/.vite/deps/@supabase_supabase-js.js?v=4844aadd:591:19)\n    at async getDocumentPresence (http://localhost:5174/src/services/documentAnnotationService.js:579:27)\n    at async refresh (http://localhost:5174/src/hooks/useDocumentPresenceList.js:31:26)","hint":"","code":""}
console.error @ {}
console.error @ {}
console.error @ {}
console.error @ {}
console.error @ {}
console.error @ {}
console.error @ {}
console.error @ {}
console.error @ {}
console.error @ {}
console.error @ {}
console.error @ {}
console.error @ {}
console.error @ {}
console.error @ {}
console.error @ {}
console.error @ {}
console.error @ {}
console.error @ {}
console.error @ {}
console.warn @ @supabase/gotrue-js: Lock "lock:sb-cvamwtpsuvxvjdnotbeg-auth-token" was not released within 5000ms. This may indicate an orphaned lock from a component unmount (e.g., React Strict Mode). Forcefully acquiring the lock to recover.
console.error @ {}
console.error @ {}
console.error @ {}
console.error @ {}
console.error @ {}
console.error @ {}
console.error @ {}
console.error @ {}
console.error @ {}
console.error @ {}
console.error @ {}
console.error @ {}
console.error @ {}
console.error @ {}
console.error @ {}
console.error @ {}
console.error @ {}
console.error @ {}
console.error @ {}
console.error @ {}
console.error @ {}
console.error @ {}
console.error @ {}
console.error @ {}
console.error @ {}
console.error @ {}
console.error @ {}
console.error @ {}
console.error @ {}
console.error @ {}
console.error @ {}
console.error @ {}
console.error @ {}
console.error @ {}
console.error @ {}
console.error @ {}
console.error @ {}
console.error @ {}
console.error @ {}
console.error @ {}
console.error @ {}
console.error @ {}
console.error @ {}
[Phase31 UAT] focus rehydrate skipped — doc is cutover-sealed, Y.Doc + realtime is source of truth {"documentId":"d30ac66b-5d2e-4a93-aab3-8fdd84a0af86","pdfId":"Package 2 - Rev 4 -- IC.pdf-6291605","cutoverTs":"2026-05-05T16:30:00.778+00:00","ydocAuthoritative":true}
[CloudSync][realtime] subscribe status {"status":"SUBSCRIBED","error":null}
[Phase31 UAT] post-subscribe catch-up skipped — doc is cutover-sealed, Y.Doc + realtime is source of truth {"documentId":"d30ac66b-5d2e-4a93-aab3-8fdd84a0af86","pdfId":"Package 2 - Rev 4 -- IC.pdf-6291605","cutoverTs":"2026-05-05T16:30:00.778+00:00","ydocAuthoritative":true}
[Phase31 UAT] focus rehydrate skipped — doc is cutover-sealed, Y.Doc + realtime is source of truth {"documentId":"d30ac66b-5d2e-4a93-aab3-8fdd84a0af86","pdfId":"Package 2 - Rev 4 -- IC.pdf-6291605","cutoverTs":"2026-05-05T16:30:00.778+00:00","ydocAuthoritative":true}
[Phase31 UAT] focus rehydrate skipped — doc is cutover-sealed, Y.Doc + realtime is source of truth {"documentId":"d30ac66b-5d2e-4a93-aab3-8fdd84a0af86","pdfId":"Package 2 - Rev 4 -- IC.pdf-6291605","cutoverTs":"2026-05-05T16:30:00.778+00:00","ydocAuthoritative":true}
[DebugBridge +54809059.2ms] zoom_start {"scale":0.91993,"targetScale":0.72,"source":"zoomChange"}
[DebugBridge +54809924.6ms] wheel_scroll_motion {"eventCount":4,"rawAbsX":4,"rawAbsY":18,"rawX":4,"rawY":-18,"clippedAbsX":4,"clippedAbsY":18,"clippedX":4,"clippedY":-18,"requestedAppliedX":4.104,"requestedAppliedY":-19.008000000000003,"appliedX":4.104,"appliedY":-16,"actualX":0,"actualY":-16,"sensitivity":1.026,"currentZoomForScroll":1,"maxScrollStepX":16,"maxScrollStepY":16,"diagonalEvents":1,"clippedEvents":0}
[DebugBridge +54809955.6ms] wheel_scroll_motion {"eventCount":3,"rawAbsX":6,"rawAbsY":26,"rawX":6,"rawY":-26,"clippedAbsX":6,"clippedAbsY":26,"clippedX":6,"clippedY":-26,"requestedAppliedX":6.156000000000001,"requestedAppliedY":-26.676000000000002,"appliedX":6.156000000000001,"appliedY":-16,"actualX":0,"actualY":-16,"sensitivity":1.026,"currentZoomForScroll":1,"maxScrollStepX":16,"maxScrollStepY":16,"diagonalEvents":3,"clippedEvents":0}
[DebugBridge +54809980.8ms] wheel_scroll_motion {"eventCount":3,"rawAbsX":2,"rawAbsY":26,"rawX":2,"rawY":-26,"clippedAbsX":2,"clippedAbsY":26,"clippedX":2,"clippedY":-26,"requestedAppliedX":2.052,"requestedAppliedY":-27.54,"appliedX":2.052,"appliedY":-16,"actualX":0,"actualY":-16,"sensitivity":1.08,"currentZoomForScroll":1,"maxScrollStepX":16,"maxScrollStepY":16,"diagonalEvents":1,"clippedEvents":0}
[DebugBridge +54810009.2ms] wheel_scroll_motion {"eventCount":4,"rawAbsX":0,"rawAbsY":18,"rawX":0,"rawY":-18,"clippedAbsX":0,"clippedAbsY":18,"clippedX":0,"clippedY":-18,"requestedAppliedX":0,"requestedAppliedY":-19.44,"appliedX":0,"appliedY":-16,"actualX":0,"actualY":-4.5,"sensitivity":1.08,"currentZoomForScroll":1,"maxScrollStepX":16,"maxScrollStepY":16,"diagonalEvents":0,"clippedEvents":0}
[DebugBridge +54810038.3ms] wheel_scroll_motion {"eventCount":3,"rawAbsX":0,"rawAbsY":12,"rawX":0,"rawY":-12,"clippedAbsX":0,"clippedAbsY":12,"clippedX":0,"clippedY":-12,"requestedAppliedX":0,"requestedAppliedY":-12.96,"appliedX":0,"appliedY":-12.96,"actualX":0,"actualY":0,"sensitivity":1.08,"currentZoomForScroll":1,"maxScrollStepX":16,"maxScrollStepY":16,"diagonalEvents":0,"clippedEvents":0}
[DebugBridge +54810063.1ms] wheel_scroll_motion {"eventCount":3,"rawAbsX":2,"rawAbsY":12,"rawX":-2,"rawY":-12,"clippedAbsX":2,"clippedAbsY":12,"clippedX":-2,"clippedY":-12,"requestedAppliedX":-2.052,"requestedAppliedY":-12.744,"appliedX":-2.052,"appliedY":-12.744,"actualX":0,"actualY":0,"sensitivity":1.026,"currentZoomForScroll":1,"maxScrollStepX":16,"maxScrollStepY":16,"diagonalEvents":1,"clippedEvents":0}
[DebugBridge +54810215.3ms] wheel_scroll_motion {"eventCount":3,"rawAbsX":8,"rawAbsY":26,"rawX":-8,"rawY":-26,"clippedAbsX":8,"clippedAbsY":26,"clippedX":-8,"clippedY":-26,"requestedAppliedX":-8.208,"requestedAppliedY":-26.784,"appliedX":-8.208,"appliedY":-20.52,"actualX":0,"actualY":0,"sensitivity":1.026,"currentZoomForScroll":1,"maxScrollStepX":16,"maxScrollStepY":20.52,"diagonalEvents":2,"clippedEvents":0}
[DebugBridge +54810664.9ms] zoom_end {"source":"zoomChange_settle"}
[DebugBridge +54811105.5ms] wheel_scroll_motion {"eventCount":4,"rawAbsX":8,"rawAbsY":94,"rawX":8,"rawY":94,"clippedAbsX":8,"clippedAbsY":94,"clippedX":8,"clippedY":94,"requestedAppliedX":8.208,"requestedAppliedY":96.44400000000002,"appliedX":8.208,"appliedY":49.248000000000005,"actualX":0,"actualY":49,"sensitivity":1.026,"currentZoomForScroll":1,"maxScrollStepX":16,"maxScrollStepY":49.248000000000005,"diagonalEvents":4,"clippedEvents":0}
[DebugBridge +54811139.0ms] wheel_scroll_motion {"eventCount":4,"rawAbsX":12,"rawAbsY":166,"rawX":12,"rawY":166,"clippedAbsX":12,"clippedAbsY":166,"clippedX":12,"clippedY":166,"requestedAppliedX":12.312000000000001,"requestedAppliedY":170.316,"appliedX":12.312000000000001,"appliedY":63.612,"actualX":0,"actualY":63.5,"sensitivity":1.026,"currentZoomForScroll":1,"maxScrollStepX":16,"maxScrollStepY":63.612,"diagonalEvents":4,"clippedEvents":0}
[DebugBridge +54811171.9ms] wheel_scroll_motion {"eventCount":3,"rawAbsX":8,"rawAbsY":184,"rawX":8,"rawY":184,"clippedAbsX":8,"clippedAbsY":184,"clippedX":8,"clippedY":184,"requestedAppliedX":8.208,"requestedAppliedY":189.648,"appliedX":8.208,"appliedY":112.86,"actualX":0,"actualY":112.5,"sensitivity":1.08,"currentZoomForScroll":1,"maxScrollStepX":16,"maxScrollStepY":112.86,"diagonalEvents":2,"clippedEvents":0}
[DebugBridge +54811198.0ms] wheel_scroll_motion {"eventCount":4,"rawAbsX":6,"rawAbsY":158,"rawX":6,"rawY":158,"clippedAbsX":6,"clippedAbsY":158,"clippedX":6,"clippedY":158,"requestedAppliedX":6.156000000000001,"requestedAppliedY":168.588,"appliedX":6.156000000000001,"appliedY":79.92,"actualX":0,"actualY":79.5,"sensitivity":1.026,"currentZoomForScroll":1,"maxScrollStepX":16,"maxScrollStepY":79.92,"diagonalEvents":1,"clippedEvents":0}
[DebugBridge +54811231.0ms] wheel_scroll_motion {"eventCount":3,"rawAbsX":2,"rawAbsY":152,"rawX":2,"rawY":152,"clippedAbsX":2,"clippedAbsY":152,"clippedX":2,"clippedY":152,"requestedAppliedX":2.052,"requestedAppliedY":162.324,"appliedX":2.052,"appliedY":71.28,"actualX":0,"actualY":71,"sensitivity":1.08,"currentZoomForScroll":1,"maxScrollStepX":16,"maxScrollStepY":71.28,"diagonalEvents":1,"clippedEvents":0}
[DebugBridge +54811256.2ms] wheel_scroll_motion {"eventCount":4,"rawAbsX":0,"rawAbsY":294,"rawX":0,"rawY":294,"clippedAbsX":0,"clippedAbsY":294,"clippedX":0,"clippedY":294,"requestedAppliedX":0,"requestedAppliedY":317.52000000000004,"appliedX":0,"appliedY":82.08000000000001,"actualX":0,"actualY":82,"sensitivity":1.08,"currentZoomForScroll":1,"maxScrollStepX":16,"maxScrollStepY":82.08000000000001,"diagonalEvents":0,"clippedEvents":0}
[DebugBridge +54811288.9ms] wheel_scroll_motion {"eventCount":4,"rawAbsX":0,"rawAbsY":306,"rawX":0,"rawY":306,"clippedAbsX":0,"clippedAbsY":306,"clippedX":0,"clippedY":306,"requestedAppliedX":0,"requestedAppliedY":330.48,"appliedX":0,"appliedY":84.24000000000001,"actualX":0,"actualY":84,"sensitivity":1.08,"currentZoomForScroll":1,"maxScrollStepX":16,"maxScrollStepY":84.24000000000001,"diagonalEvents":0,"clippedEvents":0}
[DebugBridge +54811323.6ms] wheel_scroll_motion {"eventCount":3,"rawAbsX":0,"rawAbsY":204,"rawX":0,"rawY":204,"clippedAbsX":0,"clippedAbsY":204,"clippedX":0,"clippedY":204,"requestedAppliedX":0,"requestedAppliedY":220.32,"appliedX":0,"appliedY":73.44,"actualX":0,"actualY":73,"sensitivity":1.08,"currentZoomForScroll":1,"maxScrollStepX":16,"maxScrollStepY":73.44,"diagonalEvents":0,"clippedEvents":0}
[DebugBridge +54811355.6ms] wheel_scroll_motion {"eventCount":5,"rawAbsX":0,"rawAbsY":348,"rawX":0,"rawY":348,"clippedAbsX":0,"clippedAbsY":348,"clippedX":0,"clippedY":348,"requestedAppliedX":0,"requestedAppliedY":375.84000000000003,"appliedX":0,"appliedY":127.44000000000001,"actualX":0,"actualY":127,"sensitivity":1.08,"currentZoomForScroll":1,"maxScrollStepX":16,"maxScrollStepY":127.44000000000001,"diagonalEvents":0,"clippedEvents":0}
[DebugBridge +54811363.8ms] page_visit_start {"page":2,"pageCount":36,"revisited":false,"hasContainer":true,"hasPdfSurface":true,"spinnerVisible":false,"hasAnnotationOverlay":false,"ready":true}
[DebugBridge +54811365.2ms] page_visit_ready {"page":2,"pageCount":36,"revisited":false,"waitMs":2,"hasContainer":true,"hasPdfSurface":true,"spinnerVisible":false,"hasAnnotationOverlay":false,"ready":true}
[DebugBridge +54811464.5ms] wheel_scroll_motion {"eventCount":5,"rawAbsX":0,"rawAbsY":538,"rawX":0,"rawY":538,"clippedAbsX":0,"clippedAbsY":458,"clippedX":0,"clippedY":458,"requestedAppliedX":0,"requestedAppliedY":494.64000000000004,"appliedX":0,"appliedY":180,"actualX":0,"actualY":180,"sensitivity":1.08,"currentZoomForScroll":1,"maxScrollStepX":16,"maxScrollStepY":180,"diagonalEvents":0,"clippedEvents":1}
[DebugBridge +54811496.9ms] wheel_scroll_motion {"eventCount":3,"rawAbsX":0,"rawAbsY":90,"rawX":0,"rawY":90,"clippedAbsX":0,"clippedAbsY":90,"clippedX":0,"clippedY":90,"requestedAppliedX":0,"requestedAppliedY":97.20000000000002,"appliedX":0,"appliedY":32.400000000000006,"actualX":0,"actualY":32,"sensitivity":1.08,"currentZoomForScroll":1,"maxScrollStepX":16,"maxScrollStepY":32.400000000000006,"diagonalEvents":0,"clippedEvents":0}
[DebugBridge +54811522.4ms] wheel_scroll_motion {"eventCount":3,"rawAbsX":0,"rawAbsY":78,"rawX":0,"rawY":78,"clippedAbsX":0,"clippedAbsY":78,"clippedX":0,"clippedY":78,"requestedAppliedX":0,"requestedAppliedY":84.24000000000001,"appliedX":0,"appliedY":28.080000000000002,"actualX":0,"actualY":28,"sensitivity":1.08,"currentZoomForScroll":1,"maxScrollStepX":16,"maxScrollStepY":28.080000000000002,"diagonalEvents":0,"clippedEvents":0}
[DebugBridge +54811546.7ms] wheel_scroll_motion {"eventCount":3,"rawAbsX":0,"rawAbsY":66,"rawX":0,"rawY":66,"clippedAbsX":0,"clippedAbsY":66,"clippedX":0,"clippedY":66,"requestedAppliedX":0,"requestedAppliedY":71.28,"appliedX":0,"appliedY":23.76,"actualX":0,"actualY":23.5,"sensitivity":1.08,"currentZoomForScroll":1,"maxScrollStepX":16,"maxScrollStepY":23.76,"diagonalEvents":0,"clippedEvents":0}
[DebugBridge +54811572.4ms] wheel_scroll_motion {"eventCount":2,"rawAbsX":0,"rawAbsY":40,"rawX":0,"rawY":40,"clippedAbsX":0,"clippedAbsY":40,"clippedX":0,"clippedY":40,"requestedAppliedX":0,"requestedAppliedY":43.2,"appliedX":0,"appliedY":21.6,"actualX":0,"actualY":21.5,"sensitivity":1.08,"currentZoomForScroll":1,"maxScrollStepX":16,"maxScrollStepY":21.6,"diagonalEvents":0,"clippedEvents":0}
[DebugBridge +54811698.5ms] wheel_scroll_motion {"eventCount":4,"rawAbsX":8,"rawAbsY":28,"rawX":-8,"rawY":28,"clippedAbsX":8,"clippedAbsY":28,"clippedX":-8,"clippedY":28,"requestedAppliedX":-8.208,"requestedAppliedY":28.944000000000003,"appliedX":-8.208,"appliedY":16,"actualX":0,"actualY":16,"sensitivity":1.026,"currentZoomForScroll":1,"maxScrollStepX":16,"maxScrollStepY":16,"diagonalEvents":3,"clippedEvents":0}
[DebugBridge +54811730.6ms] wheel_scroll_motion {"eventCount":3,"rawAbsX":12,"rawAbsY":58,"rawX":-12,"rawY":58,"clippedAbsX":12,"clippedAbsY":58,"clippedX":-12,"clippedY":58,"requestedAppliedX":-12.312000000000001,"requestedAppliedY":59.507999999999996,"appliedX":-12.312000000000001,"appliedY":24.624000000000002,"actualX":0,"actualY":24.5,"sensitivity":1.026,"currentZoomForScroll":1,"maxScrollStepX":16,"maxScrollStepY":24.624000000000002,"diagonalEvents":3,"clippedEvents":0}
[DebugBridge +54811755.6ms] wheel_scroll_motion {"eventCount":4,"rawAbsX":6,"rawAbsY":90,"rawX":-2,"rawY":90,"clippedAbsX":6,"clippedAbsY":90,"clippedX":-2,"clippedY":90,"requestedAppliedX":-2.052,"requestedAppliedY":93.528,"appliedX":-2.052,"appliedY":36.936,"actualX":0,"actualY":36.5,"sensitivity":1.026,"currentZoomForScroll":1,"maxScrollStepX":16,"maxScrollStepY":36.936,"diagonalEvents":3,"clippedEvents":0}
[DebugBridge +54811788.5ms] wheel_scroll_motion {"eventCount":3,"rawAbsX":12,"rawAbsY":54,"rawX":12,"rawY":54,"clippedAbsX":12,"clippedAbsY":54,"clippedX":12,"clippedY":54,"requestedAppliedX":12.312000000000001,"requestedAppliedY":55.403999999999996,"appliedX":12.312000000000001,"appliedY":26.676000000000002,"actualX":0,"actualY":26.5,"sensitivity":1.026,"currentZoomForScroll":1,"maxScrollStepX":16,"maxScrollStepY":26.676000000000002,"diagonalEvents":3,"clippedEvents":0}
[DebugBridge +54811813.2ms] wheel_scroll_motion {"eventCount":4,"rawAbsX":16,"rawAbsY":36,"rawX":16,"rawY":36,"clippedAbsX":16,"clippedAbsY":36,"clippedX":16,"clippedY":36,"requestedAppliedX":16.416,"requestedAppliedY":36.936,"appliedX":16,"appliedY":16,"actualX":0,"actualY":16,"sensitivity":1.026,"currentZoomForScroll":1,"maxScrollStepX":16,"maxScrollStepY":16,"diagonalEvents":4,"clippedEvents":0}
[DebugBridge +54811846.1ms] wheel_scroll_motion {"eventCount":4,"rawAbsX":6,"rawAbsY":42,"rawX":6,"rawY":42,"clippedAbsX":6,"clippedAbsY":42,"clippedX":6,"clippedY":42,"requestedAppliedX":6.156000000000001,"requestedAppliedY":44.496,"appliedX":6.156000000000001,"appliedY":16,"actualX":0,"actualY":16,"sensitivity":1.08,"currentZoomForScroll":1,"maxScrollStepX":16,"maxScrollStepY":16,"diagonalEvents":2,"clippedEvents":0}
[DebugBridge +54811881.2ms] wheel_scroll_motion {"eventCount":3,"rawAbsX":0,"rawAbsY":60,"rawX":0,"rawY":60,"clippedAbsX":0,"clippedAbsY":60,"clippedX":0,"clippedY":60,"requestedAppliedX":0,"requestedAppliedY":64.80000000000001,"appliedX":0,"appliedY":32.400000000000006,"actualX":0,"actualY":32,"sensitivity":1.08,"currentZoomForScroll":1,"maxScrollStepX":16,"maxScrollStepY":32.400000000000006,"diagonalEvents":0,"clippedEvents":0}
[DebugBridge +54811906.2ms] wheel_scroll_motion {"eventCount":4,"rawAbsX":0,"rawAbsY":70,"rawX":0,"rawY":70,"clippedAbsX":0,"clippedAbsY":70,"clippedX":0,"clippedY":70,"requestedAppliedX":0,"requestedAppliedY":75.60000000000001,"appliedX":0,"appliedY":19.44,"actualX":0,"actualY":19,"sensitivity":1.08,"currentZoomForScroll":1,"maxScrollStepX":16,"maxScrollStepY":19.44,"diagonalEvents":0,"clippedEvents":0}
[DebugBridge +54811939.2ms] wheel_scroll_motion {"eventCount":4,"rawAbsX":0,"rawAbsY":60,"rawX":0,"rawY":60,"clippedAbsX":0,"clippedAbsY":60,"clippedX":0,"clippedY":60,"requestedAppliedX":0,"requestedAppliedY":64.80000000000001,"appliedX":0,"appliedY":17.28,"actualX":0,"actualY":17,"sensitivity":1.08,"currentZoomForScroll":1,"maxScrollStepX":16,"maxScrollStepY":17.28,"diagonalEvents":0,"clippedEvents":0}
[DebugBridge +54811972.1ms] wheel_scroll_motion {"eventCount":4,"rawAbsX":0,"rawAbsY":52,"rawX":0,"rawY":52,"clippedAbsX":0,"clippedAbsY":52,"clippedX":0,"clippedY":52,"requestedAppliedX":0,"requestedAppliedY":56.160000000000004,"appliedX":0,"appliedY":16,"actualX":0,"actualY":16,"sensitivity":1.08,"currentZoomForScroll":1,"maxScrollStepX":16,"maxScrollStepY":16,"diagonalEvents":0,"clippedEvents":0}
[DebugBridge +54812006.5ms] wheel_scroll_motion {"eventCount":4,"rawAbsX":0,"rawAbsY":42,"rawX":0,"rawY":42,"clippedAbsX":0,"clippedAbsY":42,"clippedX":0,"clippedY":42,"requestedAppliedX":0,"requestedAppliedY":45.36,"appliedX":0,"appliedY":16,"actualX":0,"actualY":16,"sensitivity":1.08,"currentZoomForScroll":1,"maxScrollStepX":16,"maxScrollStepY":16,"diagonalEvents":0,"clippedEvents":0}
[DebugBridge +54812039.3ms] wheel_scroll_motion {"eventCount":1,"rawAbsX":0,"rawAbsY":10,"rawX":0,"rawY":10,"clippedAbsX":0,"clippedAbsY":10,"clippedX":0,"clippedY":10,"requestedAppliedX":0,"requestedAppliedY":10.8,"appliedX":0,"appliedY":10.8,"actualX":0,"actualY":10.5,"sensitivity":1.08,"currentZoomForScroll":1,"maxScrollStepX":16,"maxScrollStepY":16,"diagonalEvents":0,"clippedEvents":0}
[DebugBridge +54812106.1ms] wheel_scroll_motion {"eventCount":4,"rawAbsX":6,"rawAbsY":46,"rawX":-6,"rawY":46,"clippedAbsX":6,"clippedAbsY":46,"clippedX":-6,"clippedY":46,"requestedAppliedX":-6.156000000000001,"requestedAppliedY":47.952,"appliedX":-6.156000000000001,"appliedY":20.52,"actualX":0,"actualY":20.5,"sensitivity":1.026,"currentZoomForScroll":1,"maxScrollStepX":16,"maxScrollStepY":20.52,"diagonalEvents":3,"clippedEvents":0}
[DebugBridge +54812139.0ms] wheel_scroll_motion {"eventCount":3,"rawAbsX":8,"rawAbsY":124,"rawX":-8,"rawY":124,"clippedAbsX":8,"clippedAbsY":124,"clippedX":-8,"clippedY":124,"requestedAppliedX":-8.208,"requestedAppliedY":127.224,"appliedX":-8.208,"appliedY":49.248000000000005,"actualX":0,"actualY":49,"sensitivity":1.026,"currentZoomForScroll":1,"maxScrollStepX":16,"maxScrollStepY":49.248000000000005,"diagonalEvents":3,"clippedEvents":0}
[DebugBridge +54812164.1ms] wheel_scroll_motion {"eventCount":4,"rawAbsX":6,"rawAbsY":146,"rawX":-6,"rawY":146,"clippedAbsX":6,"clippedAbsY":146,"clippedX":-6,"clippedY":146,"requestedAppliedX":-6.156000000000001,"requestedAppliedY":152.92800000000003,"appliedX":-6.156000000000001,"appliedY":49.248000000000005,"actualX":0,"actualY":49,"sensitivity":1.08,"currentZoomForScroll":1,"maxScrollStepX":16,"maxScrollStepY":49.248000000000005,"diagonalEvents":2,"clippedEvents":0}
[DebugBridge +54812196.5ms] wheel_scroll_motion {"eventCount":3,"rawAbsX":0,"rawAbsY":224,"rawX":0,"rawY":224,"clippedAbsX":0,"clippedAbsY":224,"clippedX":0,"clippedY":224,"requestedAppliedX":0,"requestedAppliedY":241.92000000000002,"appliedX":0,"appliedY":88.56,"actualX":0,"actualY":88.5,"sensitivity":1.08,"currentZoomForScroll":1,"maxScrollStepX":16,"maxScrollStepY":88.56,"diagonalEvents":0,"clippedEvents":0}
[SVGAnnotationLayer] setRotInputVisible(false) reason=selectedIds.size !== 1
[DebugBridge +54812221.8ms] wheel_scroll_motion {"eventCount":3,"rawAbsX":0,"rawAbsY":418,"rawX":0,"rawY":418,"clippedAbsX":0,"clippedAbsY":418,"clippedX":0,"clippedY":418,"requestedAppliedX":0,"requestedAppliedY":451.44,"appliedX":0,"appliedY":180,"actualX":0,"actualY":180,"sensitivity":1.08,"currentZoomForScroll":1,"maxScrollStepX":16,"maxScrollStepY":180,"diagonalEvents":0,"clippedEvents":0}
[DebugBridge +54812231.1ms] page_visit_start {"page":3,"pageCount":36,"revisited":false,"hasContainer":true,"hasPdfSurface":true,"spinnerVisible":false,"hasAnnotationOverlay":false,"ready":true}
[DebugBridge +54812231.6ms] page_visit_ready {"page":3,"pageCount":36,"revisited":false,"waitMs":1,"hasContainer":true,"hasPdfSurface":true,"spinnerVisible":false,"hasAnnotationOverlay":false,"ready":true}
[DebugBridge +54812341.1ms] wheel_scroll_motion {"eventCount":5,"rawAbsX":0,"rawAbsY":926,"rawX":0,"rawY":926,"clippedAbsX":0,"clippedAbsY":530,"clippedX":0,"clippedY":530,"requestedAppliedX":0,"requestedAppliedY":572.4000000000001,"appliedX":0,"appliedY":180,"actualX":0,"actualY":180,"sensitivity":1.08,"currentZoomForScroll":1,"maxScrollStepX":16,"maxScrollStepY":180,"diagonalEvents":0,"clippedEvents":1}
[DebugBridge +54812371.4ms] wheel_scroll_motion {"eventCount":3,"rawAbsX":0,"rawAbsY":148,"rawX":0,"rawY":148,"clippedAbsX":0,"clippedAbsY":148,"clippedX":0,"clippedY":148,"requestedAppliedX":0,"requestedAppliedY":159.84,"appliedX":0,"appliedY":56.160000000000004,"actualX":0,"actualY":56,"sensitivity":1.08,"currentZoomForScroll":1,"maxScrollStepX":16,"maxScrollStepY":56.160000000000004,"diagonalEvents":0,"clippedEvents":0}
[DebugBridge +54812397.7ms] wheel_scroll_motion {"eventCount":4,"rawAbsX":0,"rawAbsY":174,"rawX":0,"rawY":174,"clippedAbsX":0,"clippedAbsY":174,"clippedX":0,"clippedY":174,"requestedAppliedX":0,"requestedAppliedY":187.92000000000002,"appliedX":0,"appliedY":49.68000000000001,"actualX":0,"actualY":49.5,"sensitivity":1.08,"currentZoomForScroll":1,"maxScrollStepX":16,"maxScrollStepY":49.68000000000001,"diagonalEvents":0,"clippedEvents":0}
[DebugBridge +54812430.7ms] wheel_scroll_motion {"eventCount":3,"rawAbsX":0,"rawAbsY":112,"rawX":0,"rawY":112,"clippedAbsX":0,"clippedAbsY":112,"clippedX":0,"clippedY":112,"requestedAppliedX":0,"requestedAppliedY":120.96000000000001,"appliedX":0,"appliedY":41.040000000000006,"actualX":0,"actualY":41,"sensitivity":1.08,"currentZoomForScroll":1,"maxScrollStepX":16,"maxScrollStepY":41.040000000000006,"diagonalEvents":0,"clippedEvents":0}
[DebugBridge +54812974.2ms] zoom_wheel_request {"rawDeltaY":-14.280053615570068,"reportedZoom":88,"trustedReactZoom":88,"currentZoom":88,"reportedCurrentZoom":88,"nextZoom":83.11428596447121,"requestedDeltaAbs":4.8857140355287925,"reportedLagAbs":0,"rawGetZoomValue":88,"rawViewerZoomValue":88,"rawMagnificationZoom":null,"correctedSuspiciousZoom":false}
[DebugBridge +54812974.3ms] zoom_start {"scale":0.88,"source":"overlay_wheel_zoom_pre","reportedScale":0.88,"correctedSuspiciousZoom":false}
[DebugBridge +54813020.7ms] zoom_wheel_request {"rawDeltaY":-45.79325580596924,"reportedZoom":83,"trustedReactZoom":83.11428596447121,"currentZoom":83.11428596447121,"reportedCurrentZoom":83,"nextZoom":69.20295588358364,"requestedDeltaAbs":13.911330080887566,"reportedLagAbs":0.11428596447120754,"rawGetZoomValue":83,"rawViewerZoomValue":83,"rawMagnificationZoom":null,"correctedSuspiciousZoom":false}
[DebugBridge +54813053.5ms] zoom_wheel_request {"rawDeltaY":-24.837632179260254,"reportedZoom":69,"trustedReactZoom":69.20295588358364,"currentZoom":69.20295588358364,"reportedCurrentZoom":69,"nextZoom":62.65810535008815,"requestedDeltaAbs":6.544850533495492,"reportedLagAbs":0.20295588358364114,"rawGetZoomValue":69,"rawViewerZoomValue":69,"rawMagnificationZoom":null,"correctedSuspiciousZoom":false}
[SVGAnnotationLayer] setRotInputVisible(false) reason=selectedIds.size !== 1
[DebugBridge +54813083.9ms] zoom_wheel_request {"rawDeltaY":-17.31126034259796,"reportedZoom":62,"trustedReactZoom":62.65810535008814,"currentZoom":62.65810535008814,"reportedCurrentZoom":62,"nextZoom":58.466153064668035,"requestedDeltaAbs":4.191952285420108,"reportedLagAbs":0.6581053500881424,"rawGetZoomValue":62,"rawViewerZoomValue":62,"rawMagnificationZoom":null,"correctedSuspiciousZoom":false}
[DebugBridge +54813115.7ms] zoom_wheel_request {"rawDeltaY":-11.31334638595581,"reportedZoom":58,"trustedReactZoom":58.466153064668035,"currentZoom":58.466153064668035,"reportedCurrentZoom":58,"nextZoom":55.87933429278652,"requestedDeltaAbs":2.586818771881518,"reportedLagAbs":0.46615306466803474,"rawGetZoomValue":58,"rawViewerZoomValue":58,"rawMagnificationZoom":null,"correctedSuspiciousZoom":false}
[DebugBridge +54813149.1ms] zoom_wheel_request {"rawDeltaY":-7.480603098869324,"reportedZoom":55,"trustedReactZoom":55.87933429278652,"currentZoom":55.87933429278652,"reportedCurrentZoom":55,"nextZoom":54.23205795433384,"requestedDeltaAbs":1.6472763384526772,"reportedLagAbs":0.8793342927865169,"rawGetZoomValue":55,"rawViewerZoomValue":55,"rawMagnificationZoom":null,"correctedSuspiciousZoom":false}
[DebugBridge +54813179.5ms] zoom_wheel_request {"rawDeltaY":-2.2661849558353424,"reportedZoom":54,"trustedReactZoom":54.23205795433383,"currentZoom":54.23205795433383,"reportedCurrentZoom":54,"nextZoom":53.74267985246965,"requestedDeltaAbs":0.4893781018641832,"reportedLagAbs":0.23205795433383258,"rawGetZoomValue":54,"rawViewerZoomValue":54,"rawMagnificationZoom":null,"correctedSuspiciousZoom":false}
[DebugBridge +54813209.6ms] zoom_wheel_request {"rawDeltaY":-1.9581712782382965,"reportedZoom":53,"trustedReactZoom":53.74267985246966,"currentZoom":53.74267985246966,"reportedCurrentZoom":53,"nextZoom":53.323374650594324,"requestedDeltaAbs":0.41930520187533205,"reportedLagAbs":0.7426798524696565,"rawGetZoomValue":53,"rawViewerZoomValue":53,"rawMagnificationZoom":null,"correctedSuspiciousZoom":false}
[DebugBridge +54813256.4ms] zoom_wheel_request {"rawDeltaY":-0.8003607392311096,"reportedZoom":53,"trustedReactZoom":53.323374650594324,"currentZoom":53.323374650594324,"reportedCurrentZoom":53,"nextZoom":53.152935878954516,"requestedDeltaAbs":0.1704387716398088,"reportedLagAbs":0.32337465059432446,"rawGetZoomValue":53,"rawViewerZoomValue":53,"rawMagnificationZoom":null,"correctedSuspiciousZoom":false}
[DebugBridge +54813286.3ms] zoom_wheel_request {"rawDeltaY":-0.7973028719425201,"reportedZoom":53,"trustedReactZoom":53.15293587895451,"currentZoom":53.15293587895451,"reportedCurrentZoom":53,"nextZoom":52.98368994922331,"requestedDeltaAbs":0.169245929731197,"reportedLagAbs":0.15293587895450855,"rawGetZoomValue":53,"rawViewerZoomValue":53,"rawMagnificationZoom":null,"correctedSuspiciousZoom":false}
[DebugBridge +54813333.1ms] zoom_wheel_request {"rawDeltaY":2.5390236377716064,"reportedZoom":52,"trustedReactZoom":52.98368994922331,"currentZoom":52.98368994922331,"reportedCurrentZoom":52,"nextZoom":53.524539122812854,"requestedDeltaAbs":0.5408491735895424,"reportedLagAbs":0.9836899492233115,"rawGetZoomValue":52,"rawViewerZoomValue":52,"rawMagnificationZoom":null,"correctedSuspiciousZoom":false}
[DebugBridge +54813420.3ms] zoom_wheel_request {"rawDeltaY":59.79393029212952,"reportedZoom":53,"trustedReactZoom":53.524539122812854,"currentZoom":53.524539122812854,"reportedCurrentZoom":53,"nextZoom":67.9869615652576,"requestedDeltaAbs":14.462422442444748,"reportedLagAbs":0.524539122812854,"rawGetZoomValue":53,"rawViewerZoomValue":53,"rawMagnificationZoom":null,"correctedSuspiciousZoom":false}
[DebugBridge +54813494.8ms] zoom_wheel_request {"rawDeltaY":46.145235538482666,"reportedZoom":67,"trustedReactZoom":67.9869615652576,"currentZoom":67.9869615652576,"reportedCurrentZoom":67,"nextZoom":81.7688927667932,"requestedDeltaAbs":13.781931201535599,"reportedLagAbs":0.9869615652576016,"rawGetZoomValue":67,"rawViewerZoomValue":67,"rawMagnificationZoom":null,"correctedSuspiciousZoom":false}
[DebugBridge +54813549.8ms] zoom_wheel_request {"rawDeltaY":25.974542498588562,"reportedZoom":81,"trustedReactZoom":81.7688927667932,"currentZoom":81.7688927667932,"reportedCurrentZoom":81,"nextZoom":90.72156196443241,"requestedDeltaAbs":8.95266919763921,"reportedLagAbs":0.7688927667932006,"rawGetZoomValue":81,"rawViewerZoomValue":81,"rawMagnificationZoom":null,"correctedSuspiciousZoom":false}
[DebugBridge +54813584.4ms] zoom_wheel_request {"rawDeltaY":9.794284582138062,"reportedZoom":90,"trustedReactZoom":90.72156196443241,"currentZoom":90.72156196443241,"reportedCurrentZoom":90,"nextZoom":94.34631322937484,"requestedDeltaAbs":3.6247512649424323,"reportedLagAbs":0.7215619644324107,"rawGetZoomValue":90,"rawViewerZoomValue":90,"rawMagnificationZoom":null,"correctedSuspiciousZoom":false}
[DebugBridge +54813632.6ms] zoom_wheel_request {"rawDeltaY":15.989448070526123,"reportedZoom":94,"trustedReactZoom":94.34631322937484,"currentZoom":94.34631322937484,"reportedCurrentZoom":94,"nextZoom":100.57764214267205,"requestedDeltaAbs":6.2313289132972045,"reportedLagAbs":0.346313229374843,"rawGetZoomValue":94,"rawViewerZoomValue":94,"rawMagnificationZoom":null,"correctedSuspiciousZoom":false}
[DebugBridge +54813656.7ms] zoom_wheel_request {"rawDeltaY":4.373389840126038,"reportedZoom":100,"trustedReactZoom":100.57764214267205,"currentZoom":100.57764214267205,"reportedCurrentZoom":100,"nextZoom":102.3525828467197,"requestedDeltaAbs":1.7749407040476513,"reportedLagAbs":0.5776421426720475,"rawGetZoomValue":100,"rawViewerZoomValue":100,"rawMagnificationZoom":null,"correctedSuspiciousZoom":false}
[DebugBridge +54813682.9ms] zoom_wheel_request {"rawDeltaY":8.743140459060669,"reportedZoom":102,"trustedReactZoom":102.35258284671971,"currentZoom":102.35258284671971,"reportedCurrentZoom":102,"nextZoom":105.99544368236803,"requestedDeltaAbs":3.642860835648321,"reportedLagAbs":0.35258284671971296,"rawGetZoomValue":102,"rawViewerZoomValue":102,"rawMagnificationZoom":null,"correctedSuspiciousZoom":false}
[DebugBridge +54813705.7ms] zoom_wheel_request {"rawDeltaY":2.88226580619812,"reportedZoom":105,"trustedReactZoom":105.99544368236803,"currentZoom":105.99544368236803,"reportedCurrentZoom":105,"nextZoom":107.22454342421247,"requestedDeltaAbs":1.2290997418444363,"reportedLagAbs":0.9954436823680339,"rawGetZoomValue":105,"rawViewerZoomValue":105,"rawMagnificationZoom":null,"correctedSuspiciousZoom":false}
[DebugBridge +54813729.3ms] zoom_wheel_request {"rawDeltaY":5.303533911705017,"reportedZoom":107,"trustedReactZoom":107.22454342421246,"currentZoom":107.22454342421246,"reportedCurrentZoom":107,"nextZoom":109.52351860019839,"requestedDeltaAbs":2.2989751759859303,"reportedLagAbs":0.224543424212456,"rawGetZoomValue":107,"rawViewerZoomValue":107,"rawMagnificationZoom":null,"correctedSuspiciousZoom":false}
[DebugBridge +54813752.6ms] zoom_wheel_request {"rawDeltaY":3.6257569789886475,"reportedZoom":109,"trustedReactZoom":109.52351860019837,"currentZoom":109.52351860019837,"reportedCurrentZoom":109,"nextZoom":111.12351560362201,"requestedDeltaAbs":1.5999970034236384,"reportedLagAbs":0.523518600198372,"rawGetZoomValue":109,"rawViewerZoomValue":109,"rawMagnificationZoom":null,"correctedSuspiciousZoom":false}
[DebugBridge +54813775.0ms] zoom_wheel_request {"rawDeltaY":3.151116371154785,"reportedZoom":111,"trustedReactZoom":111.12351560362201,"currentZoom":111.12351560362201,"reportedCurrentZoom":111,"nextZoom":112.53303256343227,"requestedDeltaAbs":1.4095169598102615,"reportedLagAbs":0.12351560362201042,"rawGetZoomValue":111,"rawViewerZoomValue":111,"rawMagnificationZoom":null,"correctedSuspiciousZoom":false}
[DebugBridge +54814213.3ms] wheel_scroll_motion {"eventCount":3,"rawAbsX":6,"rawAbsY":16,"rawX":-6,"rawY":16,"clippedAbsX":6,"clippedAbsY":16,"clippedX":-6,"clippedY":16,"requestedAppliedX":-6.051133434219743,"requestedAppliedY":16.242516060274045,"appliedX":-6.051133434219743,"appliedY":16,"actualX":-6.5,"actualY":16,"sensitivity":1.0085222390366237,"currentZoomForScroll":1.1253303256343228,"maxScrollStepX":16,"maxScrollStepY":16,"diagonalEvents":2,"clippedEvents":0}
[DebugBridge +54814238.1ms] wheel_scroll_motion {"eventCount":3,"rawAbsX":12,"rawAbsY":38,"rawX":-12,"rawY":38,"clippedAbsX":12,"clippedAbsY":38,"clippedX":-12,"clippedY":38,"requestedAppliedX":-12.102266868439486,"requestedAppliedY":38.3238450833917,"appliedX":-12.102266868439486,"appliedY":20.170444780732474,"actualX":-12.5,"actualY":20,"sensitivity":1.0085222390366237,"currentZoomForScroll":1.1253303256343228,"maxScrollStepX":16,"maxScrollStepY":20.170444780732474,"diagonalEvents":3,"clippedEvents":0}
[DebugBridge +54814264.1ms] wheel_scroll_motion {"eventCount":3,"rawAbsX":14,"rawAbsY":90,"rawX":-14,"rawY":90,"clippedAbsX":14,"clippedAbsY":90,"clippedX":-14,"clippedY":90,"requestedAppliedX":-14.119311346512733,"requestedAppliedY":90.76700151329614,"appliedX":-14.119311346512733,"appliedY":66.56246777641717,"actualX":-14.5,"actualY":66.5,"sensitivity":1.0085222390366237,"currentZoomForScroll":1.1253303256343228,"maxScrollStepX":16,"maxScrollStepY":66.56246777641717,"diagonalEvents":3,"clippedEvents":0}
[DebugBridge +54814290.3ms] wheel_scroll_motion {"eventCount":4,"rawAbsX":10,"rawAbsY":204,"rawX":-10,"rawY":204,"clippedAbsX":10,"clippedAbsY":204,"clippedX":-10,"clippedY":204,"requestedAppliedX":-10.085222390366237,"requestedAppliedY":208.39254265567288,"appliedX":-10.085222390366237,"appliedY":64.54542329834392,"actualX":-10.5,"actualY":64.5,"sensitivity":1.0616023568806565,"currentZoomForScroll":1.1253303256343228,"maxScrollStepX":16,"maxScrollStepY":64.54542329834392,"diagonalEvents":3,"clippedEvents":0}
[DebugBridge +54814322.5ms] wheel_scroll_motion {"eventCount":3,"rawAbsX":0,"rawAbsY":182,"rawX":0,"rawY":182,"clippedAbsX":0,"clippedAbsY":182,"clippedX":0,"clippedY":182,"requestedAppliedX":0,"requestedAppliedY":193.2116289522795,"appliedX":0,"appliedY":91.29780269173646,"actualX":0,"actualY":91,"sensitivity":1.0616023568806565,"currentZoomForScroll":1.1253303256343228,"maxScrollStepX":16,"maxScrollStepY":91.29780269173646,"diagonalEvents":0,"clippedEvents":0}
[DebugBridge +54814347.4ms] wheel_scroll_motion {"eventCount":4,"rawAbsX":0,"rawAbsY":358,"rawX":0,"rawY":358,"clippedAbsX":0,"clippedAbsY":358,"clippedX":0,"clippedY":358,"requestedAppliedX":0,"requestedAppliedY":380.05364376327503,"appliedX":0,"appliedY":95.54421211925909,"actualX":0,"actualY":95.5,"sensitivity":1.0616023568806565,"currentZoomForScroll":1.1253303256343228,"maxScrollStepX":16,"maxScrollStepY":95.54421211925909,"diagonalEvents":0,"clippedEvents":0}
[DebugBridge +54814380.6ms] wheel_scroll_motion {"eventCount":3,"rawAbsX":0,"rawAbsY":264,"rawX":0,"rawY":264,"clippedAbsX":0,"clippedAbsY":264,"clippedX":0,"clippedY":264,"requestedAppliedX":0,"requestedAppliedY":280.2630222164933,"appliedX":0,"appliedY":95.54421211925909,"actualX":0,"actualY":95.5,"sensitivity":1.0616023568806565,"currentZoomForScroll":1.1253303256343228,"maxScrollStepX":16,"maxScrollStepY":95.54421211925909,"diagonalEvents":0,"clippedEvents":0}
[DebugBridge +54814406.0ms] wheel_scroll_motion {"eventCount":4,"rawAbsX":0,"rawAbsY":320,"rawX":0,"rawY":320,"clippedAbsX":0,"clippedAbsY":320,"clippedX":0,"clippedY":320,"requestedAppliedX":0,"requestedAppliedY":339.71275420181007,"appliedX":0,"appliedY":87.05139326421383,"actualX":0,"actualY":87,"sensitivity":1.0616023568806565,"currentZoomForScroll":1.1253303256343228,"maxScrollStepX":16,"maxScrollStepY":87.05139326421383,"diagonalEvents":0,"clippedEvents":0}
[DebugBridge +54814438.8ms] wheel_scroll_motion {"eventCount":3,"rawAbsX":0,"rawAbsY":216,"rawX":0,"rawY":216,"clippedAbsX":0,"clippedAbsY":216,"clippedX":0,"clippedY":216,"requestedAppliedX":0,"requestedAppliedY":229.30610908622182,"appliedX":0,"appliedY":76.43536969540727,"actualX":0,"actualY":76,"sensitivity":1.0616023568806565,"currentZoomForScroll":1.1253303256343228,"maxScrollStepX":16,"maxScrollStepY":76.43536969540727,"diagonalEvents":0,"clippedEvents":0}
[DebugBridge +54814466.4ms] wheel_scroll_motion {"eventCount":4,"rawAbsX":0,"rawAbsY":254,"rawX":0,"rawY":254,"clippedAbsX":0,"clippedAbsY":254,"clippedX":0,"clippedY":254,"requestedAppliedX":0,"requestedAppliedY":269.64699864768676,"appliedX":0,"appliedY":70.06575555412333,"actualX":0,"actualY":70,"sensitivity":1.0616023568806565,"currentZoomForScroll":1.1253303256343228,"maxScrollStepX":16,"maxScrollStepY":70.06575555412333,"diagonalEvents":0,"clippedEvents":0}
[DebugBridge +54814500.9ms] wheel_scroll_motion {"eventCount":4,"rawAbsX":0,"rawAbsY":222,"rawX":0,"rawY":222,"clippedAbsX":0,"clippedAbsY":222,"clippedX":0,"clippedY":222,"requestedAppliedX":0,"requestedAppliedY":235.67572322750573,"appliedX":0,"appliedY":63.69614141283939,"actualX":0,"actualY":63.5,"sensitivity":1.0616023568806565,"currentZoomForScroll":1.1253303256343228,"maxScrollStepX":16,"maxScrollStepY":63.69614141283939,"diagonalEvents":0,"clippedEvents":0}
[DebugBridge +54814505.6ms] page_visit_start {"page":4,"pageCount":36,"revisited":false,"hasContainer":true,"hasPdfSurface":true,"spinnerVisible":true,"hasAnnotationOverlay":false,"ready":true}
[DebugBridge +54814506.0ms] page_visit_ready {"page":4,"pageCount":36,"revisited":false,"waitMs":1,"hasContainer":true,"hasPdfSurface":true,"spinnerVisible":true,"hasAnnotationOverlay":false,"ready":true}
[DebugBridge +54814529.7ms] wheel_scroll_motion {"eventCount":3,"rawAbsX":0,"rawAbsY":150,"rawX":0,"rawY":150,"clippedAbsX":0,"clippedAbsY":150,"clippedX":0,"clippedY":150,"requestedAppliedX":0,"requestedAppliedY":159.24035353209848,"appliedX":0,"appliedY":55.20332255779414,"actualX":0,"actualY":55,"sensitivity":1.0616023568806565,"currentZoomForScroll":1.1253303256343228,"maxScrollStepX":16,"maxScrollStepY":55.20332255779414,"diagonalEvents":0,"clippedEvents":0}
[DebugBridge +54814556.2ms] wheel_scroll_motion {"eventCount":4,"rawAbsX":0,"rawAbsY":172,"rawX":0,"rawY":172,"clippedAbsX":0,"clippedAbsY":172,"clippedX":0,"clippedY":172,"requestedAppliedX":0,"requestedAppliedY":182.59560538347293,"appliedX":0,"appliedY":48.8337084165102,"actualX":0,"actualY":48.5,"sensitivity":1.0616023568806565,"currentZoomForScroll":1.1253303256343228,"maxScrollStepX":16,"maxScrollStepY":48.8337084165102,"diagonalEvents":0,"clippedEvents":0}
[SVGAnnotationLayer] setRotInputVisible(false) reason=selectedIds.size !== 1
[DebugBridge +54814589.4ms] wheel_scroll_motion {"eventCount":3,"rawAbsX":0,"rawAbsY":112,"rawX":0,"rawY":112,"clippedAbsX":0,"clippedAbsY":112,"clippedX":0,"clippedY":112,"requestedAppliedX":0,"requestedAppliedY":118.89946397063353,"appliedX":0,"appliedY":40.34088956146495,"actualX":0,"actualY":40,"sensitivity":1.0616023568806565,"currentZoomForScroll":1.1253303256343228,"maxScrollStepX":16,"maxScrollStepY":40.34088956146495,"diagonalEvents":0,"clippedEvents":0}
[DebugBridge +54814617.4ms] wheel_scroll_motion {"eventCount":1,"rawAbsX":0,"rawAbsY":34,"rawX":0,"rawY":34,"clippedAbsX":0,"clippedAbsY":34,"clippedX":0,"clippedY":34,"requestedAppliedX":0,"requestedAppliedY":36.09448013394232,"appliedX":0,"appliedY":36.09448013394232,"actualX":0,"actualY":36,"sensitivity":1.0616023568806565,"currentZoomForScroll":1.1253303256343228,"maxScrollStepX":16,"maxScrollStepY":36.09448013394232,"diagonalEvents":0,"clippedEvents":0}
[DebugBridge +54814681.5ms] wheel_scroll_motion {"eventCount":4,"rawAbsX":40,"rawAbsY":90,"rawX":40,"rawY":90,"clippedAbsX":40,"clippedAbsY":90,"clippedX":40,"clippedY":90,"requestedAppliedX":40.34088956146495,"requestedAppliedY":90.76700151329614,"appliedX":26.221578214952217,"appliedY":48.40906747375794,"actualX":26,"actualY":48,"sensitivity":1.0085222390366237,"currentZoomForScroll":1.1253303256343228,"maxScrollStepX":26.221578214952217,"maxScrollStepY":48.40906747375794,"diagonalEvents":4,"clippedEvents":0}
[DebugBridge +54814993.9ms] wheel_scroll_motion {"eventCount":7,"rawAbsX":864,"rawAbsY":1544,"rawX":864,"rawY":1544,"clippedAbsX":365.3875445283886,"clippedAbsY":485.3875445283886,"clippedX":365.3875445283886,"clippedY":485.3875445283886,"requestedAppliedX":368.50146452386457,"requestedAppliedY":489.5241332082594,"appliedX":180,"appliedY":180,"actualX":180,"actualY":180,"sensitivity":1.0085222390366237,"currentZoomForScroll":1.1253303256343228,"maxScrollStepX":180,"maxScrollStepY":180,"diagonalEvents":7,"clippedEvents":1}
[DebugBridge +54815114.0ms] wheel_scroll_motion {"eventCount":4,"rawAbsX":78,"rawAbsY":140,"rawX":66,"rawY":140,"clippedAbsX":78,"clippedAbsY":140,"clippedX":66,"clippedY":140,"requestedAppliedX":66.56246777641718,"requestedAppliedY":141.2992737008154,"appliedX":42.3579340395382,"appliedY":72.61360121063692,"actualX":40,"actualY":72.5,"sensitivity":1.0085222390366237,"currentZoomForScroll":1.1253303256343228,"maxScrollStepX":42.3579340395382,"maxScrollStepY":72.61360121063692,"diagonalEvents":3,"clippedEvents":0}
[DebugBridge +54815215.1ms] zoom_end {"source":"zoomChange_settle"}
[DebugBridge +54815332.9ms] wheel_scroll_motion {"eventCount":7,"rawAbsX":46,"rawAbsY":136,"rawX":26,"rawY":136,"clippedAbsX":46,"clippedAbsY":136,"clippedX":26,"clippedY":136,"requestedAppliedX":26.221578214952217,"requestedAppliedY":137.5836654517331,"appliedX":26.221578214952217,"appliedY":68.57951225449041,"actualX":0,"actualY":68.5,"sensitivity":1.0616023568806565,"currentZoomForScroll":1.1253303256343228,"maxScrollStepX":32.27271164917196,"maxScrollStepY":68.57951225449041,"diagonalEvents":5,"clippedEvents":0}
[DebugBridge +54815469.7ms] wheel_scroll_motion {"eventCount":3,"rawAbsX":8,"rawAbsY":8,"rawX":8,"rawY":8,"clippedAbsX":8,"clippedAbsY":8,"clippedX":8,"clippedY":8,"requestedAppliedX":8.06817791229299,"requestedAppliedY":8.06817791229299,"appliedX":8.06817791229299,"appliedY":8.06817791229299,"actualX":0,"actualY":8,"sensitivity":1.0085222390366237,"currentZoomForScroll":1.1253303256343228,"maxScrollStepX":16,"maxScrollStepY":16,"diagonalEvents":3,"clippedEvents":0}
[DebugBridge +54815853.5ms] wheel_scroll_motion {"eventCount":6,"rawAbsX":44,"rawAbsY":554,"rawX":-44,"rawY":554,"clippedAbsX":44,"clippedAbsY":554,"clippedX":-44,"clippedY":554,"requestedAppliedX":-44.37497851761145,"requestedAppliedY":559.0398011333538,"appliedX":-20.170444780732474,"appliedY":180,"actualX":-20.5,"actualY":180,"sensitivity":1.0085222390366237,"currentZoomForScroll":1.1253303256343228,"maxScrollStepX":20.170444780732474,"maxScrollStepY":180,"diagonalEvents":5,"clippedEvents":0}
[DebugBridge +54815944.1ms] wheel_scroll_motion {"eventCount":5,"rawAbsX":0,"rawAbsY":1556,"rawX":0,"rawY":1556,"clippedAbsX":0,"clippedAbsY":592.7750890567772,"clippedX":0,"clippedY":592.7750890567772,"requestedAppliedX":0,"requestedAppliedY":629.2914316428158,"appliedX":0,"appliedY":180,"actualX":0,"actualY":180,"sensitivity":1.0616023568806565,"currentZoomForScroll":1.1253303256343228,"maxScrollStepX":16,"maxScrollStepY":180,"diagonalEvents":0,"clippedEvents":2}
[DebugBridge +54816109.4ms] wheel_scroll_motion {"eventCount":5,"rawAbsX":0,"rawAbsY":780,"rawX":0,"rawY":780,"clippedAbsX":0,"clippedAbsY":542.7750890567772,"clippedX":0,"clippedY":542.7750890567772,"requestedAppliedX":0,"requestedAppliedY":576.2113137987831,"appliedX":0,"appliedY":180,"actualX":0,"actualY":180,"sensitivity":1.0616023568806565,"currentZoomForScroll":1.1253303256343228,"maxScrollStepX":16,"maxScrollStepY":180,"diagonalEvents":0,"clippedEvents":2}
[DebugBridge +54816139.4ms] wheel_scroll_motion {"eventCount":4,"rawAbsX":0,"rawAbsY":90,"rawX":0,"rawY":90,"clippedAbsX":0,"clippedAbsY":90,"clippedX":0,"clippedY":90,"requestedAppliedX":0,"requestedAppliedY":95.5442121192591,"appliedX":0,"appliedY":25.478456565135758,"actualX":0,"actualY":25,"sensitivity":1.0616023568806565,"currentZoomForScroll":1.1253303256343228,"maxScrollStepX":16,"maxScrollStepY":25.478456565135758,"diagonalEvents":0,"clippedEvents":0}
[DebugBridge +54816169.9ms] wheel_scroll_motion {"eventCount":3,"rawAbsX":0,"rawAbsY":58,"rawX":0,"rawY":58,"clippedAbsX":0,"clippedAbsY":58,"clippedX":0,"clippedY":58,"requestedAppliedX":0,"requestedAppliedY":61.57293669907808,"appliedX":0,"appliedY":21.23204713761313,"actualX":0,"actualY":21,"sensitivity":1.0616023568806565,"currentZoomForScroll":1.1253303256343228,"maxScrollStepX":16,"maxScrollStepY":21.23204713761313,"diagonalEvents":0,"clippedEvents":0}
[DebugBridge +54816196.8ms] wheel_scroll_motion {"eventCount":3,"rawAbsX":0,"rawAbsY":48,"rawX":0,"rawY":48,"clippedAbsX":0,"clippedAbsY":48,"clippedX":0,"clippedY":48,"requestedAppliedX":0,"requestedAppliedY":50.956913130271516,"appliedX":0,"appliedY":16.985637710090504,"actualX":0,"actualY":16.5,"sensitivity":1.0616023568806565,"currentZoomForScroll":1.1253303256343228,"maxScrollStepX":16,"maxScrollStepY":16.985637710090504,"diagonalEvents":0,"clippedEvents":0}
[DebugBridge +54816221.5ms] wheel_scroll_motion {"eventCount":3,"rawAbsX":0,"rawAbsY":46,"rawX":0,"rawY":46,"clippedAbsX":0,"clippedAbsY":46,"clippedX":0,"clippedY":46,"requestedAppliedX":0,"requestedAppliedY":48.8337084165102,"appliedX":0,"appliedY":16.985637710090504,"actualX":0,"actualY":16.5,"sensitivity":1.0616023568806565,"currentZoomForScroll":1.1253303256343228,"maxScrollStepX":16,"maxScrollStepY":16.985637710090504,"diagonalEvents":0,"clippedEvents":0}
[DebugBridge +54816222.7ms] page_visit_start {"page":5,"pageCount":36,"revisited":false,"hasContainer":true,"hasPdfSurface":true,"spinnerVisible":false,"hasAnnotationOverlay":false,"ready":true}
[DebugBridge +54816223.0ms] page_visit_ready {"page":5,"pageCount":36,"revisited":false,"waitMs":0,"hasContainer":true,"hasPdfSurface":true,"spinnerVisible":false,"hasAnnotationOverlay":false,"ready":true}
[DebugBridge +54816278.9ms] wheel_scroll_motion {"eventCount":2,"rawAbsX":0,"rawAbsY":28,"rawX":0,"rawY":28,"clippedAbsX":0,"clippedAbsY":28,"clippedX":0,"clippedY":28,"requestedAppliedX":0,"requestedAppliedY":29.724865992658383,"appliedX":0,"appliedY":16,"actualX":0,"actualY":16,"sensitivity":1.0616023568806565,"currentZoomForScroll":1.1253303256343228,"maxScrollStepX":16,"maxScrollStepY":16,"diagonalEvents":0,"clippedEvents":0}
[DebugBridge +54816332.2ms] wheel_scroll_motion {"eventCount":4,"rawAbsX":26,"rawAbsY":40,"rawX":-26,"rawY":40,"clippedAbsX":26,"clippedAbsY":40,"clippedX":-26,"clippedY":40,"requestedAppliedX":-26.22157821495222,"requestedAppliedY":40.34088956146495,"appliedX":-16,"appliedY":16.13635582458598,"actualX":-16,"actualY":16,"sensitivity":1.0085222390366237,"currentZoomForScroll":1.1253303256343228,"maxScrollStepX":16,"maxScrollStepY":16.13635582458598,"diagonalEvents":4,"clippedEvents":0}
[DebugBridge +54816548.8ms] wheel_scroll_motion {"eventCount":5,"rawAbsX":952,"rawAbsY":1358,"rawX":-952,"rawY":1358,"clippedAbsX":513.3875445283886,"clippedAbsY":602.7750890567772,"clippedX":-513.3875445283886,"clippedY":602.7750890567772,"requestedAppliedX":-517.7627559012849,"requestedAppliedY":607.9120824510413,"appliedX":-180,"appliedY":180,"actualX":-180,"actualY":180,"sensitivity":1.0085222390366237,"currentZoomForScroll":1.1253303256343228,"maxScrollStepX":180,"maxScrollStepY":180,"diagonalEvents":5,"clippedEvents":2}
[SVGAnnotationLayer] setRotInputVisible(false) reason=selectedIds.size !== 1
[DebugBridge +54816583.0ms] wheel_scroll_motion {"eventCount":4,"rawAbsX":124,"rawAbsY":176,"rawX":-124,"rawY":176,"clippedAbsX":124,"clippedAbsY":176,"clippedX":-124,"clippedY":176,"requestedAppliedX":-125.05675764054133,"requestedAppliedY":177.49991407044578,"appliedX":-34.289756127245205,"appliedY":46.39202299568469,"actualX":-34.5,"actualY":46,"sensitivity":1.0085222390366237,"currentZoomForScroll":1.1253303256343228,"maxScrollStepX":34.289756127245205,"maxScrollStepY":46.39202299568469,"diagonalEvents":4,"clippedEvents":0}
[DebugBridge +54816681.3ms] wheel_scroll_motion {"eventCount":5,"rawAbsX":258,"rawAbsY":382,"rawX":-258,"rawY":382,"clippedAbsX":258,"clippedAbsY":325.3875445283886,"clippedX":-258,"clippedY":325.3875445283886,"requestedAppliedX":-260.19873767144895,"requestedAppliedY":328.1605749623996,"appliedX":-180,"appliedY":180,"actualX":-132.5,"actualY":180,"sensitivity":1.0085222390366237,"currentZoomForScroll":1.1253303256343228,"maxScrollStepX":180,"maxScrollStepY":180,"diagonalEvents":5,"clippedEvents":1}
[DebugBridge +54816721.4ms] wheel_scroll_motion {"eventCount":4,"rawAbsX":62,"rawAbsY":88,"rawX":-62,"rawY":88,"clippedAbsX":62,"clippedAbsY":88,"clippedX":-62,"clippedY":88,"requestedAppliedX":-62.528378820270675,"requestedAppliedY":88.7499570352229,"appliedX":-16.13635582458598,"appliedY":24.20453373687897,"actualX":0,"actualY":24,"sensitivity":1.0085222390366237,"currentZoomForScroll":1.1253303256343228,"maxScrollStepX":16.13635582458598,"maxScrollStepY":24.20453373687897,"diagonalEvents":4,"clippedEvents":0}
[DebugBridge +54816749.7ms] wheel_scroll_motion {"eventCount":4,"rawAbsX":54,"rawAbsY":74,"rawX":-54,"rawY":74,"clippedAbsX":54,"clippedAbsY":74,"clippedX":-54,"clippedY":74,"requestedAppliedX":-54.460200907977686,"requestedAppliedY":74.63064568871016,"appliedX":-16,"appliedY":20.170444780732474,"actualX":0,"actualY":20,"sensitivity":1.0085222390366237,"currentZoomForScroll":1.1253303256343228,"maxScrollStepX":16,"maxScrollStepY":20.170444780732474,"diagonalEvents":4,"clippedEvents":0}
[DebugBridge +54816867.1ms] wheel_scroll_motion {"eventCount":3,"rawAbsX":106,"rawAbsY":160,"rawX":-106,"rawY":160,"clippedAbsX":106,"clippedAbsY":160,"clippedX":-106,"clippedY":160,"requestedAppliedX":-106.90335733788211,"requestedAppliedY":161.3635582458598,"appliedX":-88.74995703522289,"appliedY":135.14198003090758,"actualX":0,"actualY":135,"sensitivity":1.0085222390366237,"currentZoomForScroll":1.1253303256343228,"maxScrollStepX":88.74995703522289,"maxScrollStepY":135.14198003090758,"diagonalEvents":3,"clippedEvents":0}
[DebugBridge +54816910.6ms] wheel_scroll_motion {"eventCount":3,"rawAbsX":4,"rawAbsY":14,"rawX":-4,"rawY":14,"clippedAbsX":4,"clippedAbsY":14,"clippedX":-4,"clippedY":14,"requestedAppliedX":-4.034088956146495,"requestedAppliedY":14.331631817888864,"appliedX":-4.034088956146495,"appliedY":14.331631817888864,"actualX":0,"actualY":14,"sensitivity":1.0085222390366237,"currentZoomForScroll":1.1253303256343228,"maxScrollStepX":16,"maxScrollStepY":16,"diagonalEvents":2,"clippedEvents":0}
[DebugBridge +54817019.2ms] wheel_scroll_motion {"eventCount":5,"rawAbsX":28,"rawAbsY":446,"rawX":-28,"rawY":446,"clippedAbsX":28,"clippedAbsY":271.3875445283886,"clippedX":-28,"clippedY":271.3875445283886,"requestedAppliedX":-28.238622693025466,"requestedAppliedY":273.70037405442196,"appliedX":-16.13635582458598,"appliedY":180,"actualX":0,"actualY":180,"sensitivity":1.0085222390366237,"currentZoomForScroll":1.1253303256343228,"maxScrollStepX":16.13635582458598,"maxScrollStepY":180,"diagonalEvents":5,"clippedEvents":1}
[DebugBridge +54817073.9ms] wheel_scroll_motion {"eventCount":5,"rawAbsX":0,"rawAbsY":524,"rawX":0,"rawY":524,"clippedAbsX":0,"clippedAbsY":497.3875445283886,"clippedX":0,"clippedY":497.3875445283886,"requestedAppliedX":0,"requestedAppliedY":528.0277895544199,"appliedX":0,"appliedY":180,"actualX":0,"actualY":180,"sensitivity":1.0616023568806565,"currentZoomForScroll":1.1253303256343228,"maxScrollStepX":16,"maxScrollStepY":180,"diagonalEvents":0,"clippedEvents":1}
[DebugBridge +54817107.4ms] wheel_scroll_motion {"eventCount":4,"rawAbsX":0,"rawAbsY":308,"rawX":0,"rawY":308,"clippedAbsX":0,"clippedAbsY":308,"clippedX":0,"clippedY":308,"requestedAppliedX":0,"requestedAppliedY":326.9735259192422,"appliedX":0,"appliedY":84.92818855045252,"actualX":0,"actualY":84.5,"sensitivity":1.0616023568806565,"currentZoomForScroll":1.1253303256343228,"maxScrollStepX":16,"maxScrollStepY":84.92818855045252,"diagonalEvents":0,"clippedEvents":0}
[DebugBridge +54817139.9ms] wheel_scroll_motion {"eventCount":4,"rawAbsX":0,"rawAbsY":272,"rawX":0,"rawY":272,"clippedAbsX":0,"clippedAbsY":272,"clippedX":0,"clippedY":272,"requestedAppliedX":0,"requestedAppliedY":288.75584107153855,"appliedX":0,"appliedY":76.43536969540727,"actualX":0,"actualY":76,"sensitivity":1.0616023568806565,"currentZoomForScroll":1.1253303256343228,"maxScrollStepX":16,"maxScrollStepY":76.43536969540727,"diagonalEvents":0,"clippedEvents":0}
[DebugBridge +54817173.1ms] wheel_scroll_motion {"eventCount":4,"rawAbsX":0,"rawAbsY":234,"rawX":0,"rawY":234,"clippedAbsX":0,"clippedAbsY":234,"clippedX":0,"clippedY":234,"requestedAppliedX":0,"requestedAppliedY":248.41495151007362,"appliedX":0,"appliedY":65.8193461266007,"actualX":0,"actualY":65.5,"sensitivity":1.0616023568806565,"currentZoomForScroll":1.1253303256343228,"maxScrollStepX":16,"maxScrollStepY":65.8193461266007,"diagonalEvents":0,"clippedEvents":0}
[DebugBridge +54817180.2ms] page_visit_start {"page":6,"pageCount":36,"revisited":false,"hasContainer":true,"hasPdfSurface":true,"spinnerVisible":false,"hasAnnotationOverlay":true,"ready":true}
[DebugBridge +54817180.8ms] page_visit_ready {"page":6,"pageCount":36,"revisited":false,"waitMs":1,"hasContainer":true,"hasPdfSurface":true,"spinnerVisible":false,"hasAnnotationOverlay":true,"ready":true}
[DebugBridge +54817231.5ms] wheel_scroll_motion {"eventCount":5,"rawAbsX":0,"rawAbsY":380,"rawX":0,"rawY":380,"clippedAbsX":0,"clippedAbsY":380,"clippedX":0,"clippedY":380,"requestedAppliedX":0,"requestedAppliedY":403.4088956146495,"appliedX":0,"appliedY":152.87073939081455,"actualX":0,"actualY":152.5,"sensitivity":1.0616023568806565,"currentZoomForScroll":1.1253303256343228,"maxScrollStepX":16,"maxScrollStepY":152.87073939081455,"diagonalEvents":0,"clippedEvents":0}
[SVGAnnotationLayer] setRotInputVisible(false) reason=selectedIds.size !== 1
[DebugBridge +54817263.4ms] wheel_scroll_motion {"eventCount":3,"rawAbsX":0,"rawAbsY":114,"rawX":0,"rawY":114,"clippedAbsX":0,"clippedAbsY":114,"clippedX":0,"clippedY":114,"requestedAppliedX":0,"requestedAppliedY":121.02266868439484,"appliedX":0,"appliedY":40.34088956146495,"actualX":0,"actualY":40,"sensitivity":1.0616023568806565,"currentZoomForScroll":1.1253303256343228,"maxScrollStepX":16,"maxScrollStepY":40.34088956146495,"diagonalEvents":0,"clippedEvents":0}
[DebugBridge +54817460.5ms] wheel_scroll_motion {"eventCount":5,"rawAbsX":0,"rawAbsY":220,"rawX":0,"rawY":220,"clippedAbsX":0,"clippedAbsY":220,"clippedX":0,"clippedY":220,"requestedAppliedX":0,"requestedAppliedY":233.55251851374442,"appliedX":0,"appliedY":91.29780269173646,"actualX":0,"actualY":91,"sensitivity":1.0616023568806565,"currentZoomForScroll":1.1253303256343228,"maxScrollStepX":16,"maxScrollStepY":91.29780269173646,"diagonalEvents":0,"clippedEvents":0}
[DebugBridge +54817505.6ms] wheel_scroll_motion {"eventCount":3,"rawAbsX":58,"rawAbsY":304,"rawX":58,"rawY":304,"clippedAbsX":58,"clippedAbsY":229.38754452838864,"clippedX":58,"clippedY":229.38754452838864,"requestedAppliedX":58.49428986412418,"requestedAppliedY":231.44860025057181,"appliedX":50.42611195183119,"appliedY":180,"actualX":50,"actualY":180,"sensitivity":1.0085222390366237,"currentZoomForScroll":1.1253303256343228,"maxScrollStepX":50.42611195183119,"maxScrollStepY":180,"diagonalEvents":2,"clippedEvents":1}
[DebugBridge +54817531.6ms] wheel_scroll_motion {"eventCount":4,"rawAbsX":20,"rawAbsY":28,"rawX":20,"rawY":28,"clippedAbsX":20,"clippedAbsY":28,"clippedX":20,"clippedY":28,"requestedAppliedX":20.170444780732474,"requestedAppliedY":28.238622693025466,"appliedX":16,"appliedY":16,"actualX":16,"actualY":16,"sensitivity":1.0085222390366237,"currentZoomForScroll":1.1253303256343228,"maxScrollStepX":16,"maxScrollStepY":16,"diagonalEvents":4,"clippedEvents":0}
[DebugBridge +54817641.5ms] wheel_scroll_motion {"eventCount":4,"rawAbsX":104,"rawAbsY":396,"rawX":104,"rawY":396,"clippedAbsX":104,"clippedAbsY":255.38754452838864,"clippedX":104,"clippedY":255.38754452838864,"requestedAppliedX":104.88631285980887,"requestedAppliedY":257.56401822983594,"appliedX":88.74995703522289,"appliedY":180,"actualX":88.5,"actualY":180,"sensitivity":1.0085222390366237,"currentZoomForScroll":1.1253303256343228,"maxScrollStepX":88.74995703522289,"maxScrollStepY":180,"diagonalEvents":4,"clippedEvents":1}
[DebugBridge +54817793.1ms] wheel_scroll_motion {"eventCount":6,"rawAbsX":48,"rawAbsY":170,"rawX":48,"rawY":170,"clippedAbsX":48,"clippedAbsY":170,"clippedX":48,"clippedY":170,"requestedAppliedX":48.40906747375794,"requestedAppliedY":171.44878063622605,"appliedX":16,"appliedY":44.374978517611446,"actualX":16,"actualY":44,"sensitivity":1.0085222390366237,"currentZoomForScroll":1.1253303256343228,"maxScrollStepX":16,"maxScrollStepY":44.374978517611446,"diagonalEvents":6,"clippedEvents":0}
[DebugBridge +54817928.1ms] wheel_scroll_motion {"eventCount":6,"rawAbsX":216,"rawAbsY":94,"rawX":216,"rawY":-94,"clippedAbsX":216,"clippedAbsY":94,"clippedX":216,"clippedY":-94,"requestedAppliedX":217.94696386759878,"requestedAppliedY":-94.80109046944264,"appliedX":76.6476901667834,"appliedY":-50.42611195183119,"actualX":76.5,"actualY":-50.5,"sensitivity":1.0085222390366237,"currentZoomForScroll":1.1253303256343228,"maxScrollStepX":76.6476901667834,"maxScrollStepY":50.42611195183119,"diagonalEvents":5,"clippedEvents":0}
[DebugBridge +54817953.7ms] wheel_scroll_motion {"eventCount":3,"rawAbsX":0,"rawAbsY":18,"rawX":0,"rawY":-18,"clippedAbsX":0,"clippedAbsY":18,"clippedX":0,"clippedY":-18,"requestedAppliedX":0,"requestedAppliedY":-19.10884242385182,"appliedX":0,"appliedY":-16,"actualX":0,"actualY":-16,"sensitivity":1.0616023568806565,"currentZoomForScroll":1.1253303256343228,"maxScrollStepX":16,"maxScrollStepY":16,"diagonalEvents":0,"clippedEvents":0}
[DebugBridge +54817995.2ms] wheel_scroll_motion {"eventCount":4,"rawAbsX":30,"rawAbsY":38,"rawX":-30,"rawY":-38,"clippedAbsX":30,"clippedAbsY":38,"clippedX":-30,"clippedY":-38,"requestedAppliedX":-30.255667171098715,"requestedAppliedY":-38.3238450833917,"appliedX":-20.170444780732474,"appliedY":-24.20453373687897,"actualX":-20.5,"actualY":-24.5,"sensitivity":1.0085222390366237,"currentZoomForScroll":1.1253303256343228,"maxScrollStepX":20.170444780732474,"maxScrollStepY":24.20453373687897,"diagonalEvents":4,"clippedEvents":0}
[DebugBridge +54818024.5ms] wheel_scroll_motion {"eventCount":4,"rawAbsX":44,"rawAbsY":14,"rawX":-44,"rawY":-14,"clippedAbsX":44,"clippedAbsY":14,"clippedX":-44,"clippedY":-14,"requestedAppliedX":-44.374978517611446,"requestedAppliedY":-14.119311346512731,"appliedX":-16,"appliedY":-14.119311346512731,"actualX":-16,"actualY":-14.5,"sensitivity":1.0085222390366237,"currentZoomForScroll":1.1253303256343228,"maxScrollStepX":16,"maxScrollStepY":16,"diagonalEvents":4,"clippedEvents":0}
[DebugBridge +54818055.5ms] wheel_scroll_motion {"eventCount":3,"rawAbsX":42,"rawAbsY":2,"rawX":-42,"rawY":2,"clippedAbsX":42,"clippedAbsY":2,"clippedX":-42,"clippedY":2,"requestedAppliedX":-43.950337574859184,"requestedAppliedY":2.0170444780732475,"appliedX":-19.10884242385182,"appliedY":2.0170444780732475,"actualX":-19.5,"actualY":2,"sensitivity":1.0085222390366237,"currentZoomForScroll":1.1253303256343228,"maxScrollStepX":19.10884242385182,"maxScrollStepY":16,"diagonalEvents":1,"clippedEvents":0}
[DebugBridge +54818081.0ms] wheel_scroll_motion {"eventCount":4,"rawAbsX":34,"rawAbsY":14,"rawX":-34,"rawY":14,"clippedAbsX":34,"clippedAbsY":14,"clippedX":-34,"clippedY":14,"requestedAppliedX":-34.289756127245205,"requestedAppliedY":14.119311346512731,"appliedX":-16.13635582458598,"appliedY":14.119311346512731,"actualX":-16.5,"actualY":14,"sensitivity":1.0085222390366237,"currentZoomForScroll":1.1253303256343228,"maxScrollStepX":16.13635582458598,"maxScrollStepY":16,"diagonalEvents":4,"clippedEvents":0}
[DebugBridge +54818114.1ms] wheel_scroll_motion {"eventCount":3,"rawAbsX":20,"rawAbsY":20,"rawX":-20,"rawY":20,"clippedAbsX":20,"clippedAbsY":20,"clippedX":-20,"clippedY":20,"requestedAppliedX":-20.170444780732474,"requestedAppliedY":20.170444780732474,"appliedX":-16,"appliedY":16,"actualX":-16,"actualY":16,"sensitivity":1.0085222390366237,"currentZoomForScroll":1.1253303256343228,"maxScrollStepX":16,"maxScrollStepY":16,"diagonalEvents":3,"clippedEvents":0}
[DebugBridge +54818140.0ms] wheel_scroll_motion {"eventCount":4,"rawAbsX":12,"rawAbsY":22,"rawX":-8,"rawY":22,"clippedAbsX":12,"clippedAbsY":22,"clippedX":-8,"clippedY":22,"requestedAppliedX":-8.06817791229299,"requestedAppliedY":22.187489258805723,"appliedX":-8.06817791229299,"appliedY":16,"actualX":-8.5,"actualY":16,"sensitivity":1.0085222390366237,"currentZoomForScroll":1.1253303256343228,"maxScrollStepX":16,"maxScrollStepY":16,"diagonalEvents":4,"clippedEvents":0}
[DebugBridge +54818173.5ms] wheel_scroll_motion {"eventCount":4,"rawAbsX":40,"rawAbsY":18,"rawX":40,"rawY":18,"clippedAbsX":40,"clippedAbsY":18,"clippedX":40,"clippedY":18,"requestedAppliedX":40.34088956146495,"requestedAppliedY":18.15340030265923,"appliedX":16.13635582458598,"appliedY":16,"actualX":16,"actualY":16,"sensitivity":1.0085222390366237,"currentZoomForScroll":1.1253303256343228,"maxScrollStepX":16.13635582458598,"maxScrollStepY":16,"diagonalEvents":4,"clippedEvents":0}
[DebugBridge +54818207.3ms] wheel_scroll_motion {"eventCount":4,"rawAbsX":58,"rawAbsY":8,"rawX":58,"rawY":4,"clippedAbsX":58,"clippedAbsY":8,"clippedX":58,"clippedY":4,"requestedAppliedX":59.449731985316774,"requestedAppliedY":4.034088956146496,"appliedX":19.10884242385182,"appliedY":4.034088956146496,"actualX":19,"actualY":4,"sensitivity":1.0085222390366237,"currentZoomForScroll":1.1253303256343228,"maxScrollStepX":19.10884242385182,"maxScrollStepY":16,"diagonalEvents":3,"clippedEvents":0}
[DebugBridge +54818241.4ms] wheel_scroll_motion {"eventCount":4,"rawAbsX":54,"rawAbsY":22,"rawX":54,"rawY":-22,"clippedAbsX":54,"clippedAbsY":22,"clippedX":54,"clippedY":-22,"requestedAppliedX":54.46020090797768,"requestedAppliedY":-22.187489258805723,"appliedX":22.187489258805723,"appliedY":-16,"actualX":22,"actualY":-16,"sensitivity":1.0085222390366237,"currentZoomForScroll":1.1253303256343228,"maxScrollStepX":22.187489258805723,"maxScrollStepY":16,"diagonalEvents":4,"clippedEvents":0}
[DebugBridge +54818273.8ms] wheel_scroll_motion {"eventCount":4,"rawAbsX":36,"rawAbsY":34,"rawX":36,"rawY":-34,"clippedAbsX":36,"clippedAbsY":34,"clippedX":36,"clippedY":-34,"requestedAppliedX":36.30680060531846,"requestedAppliedY":-34.289756127245205,"appliedX":16,"appliedY":-16,"actualX":16,"actualY":-16,"sensitivity":1.0085222390366237,"currentZoomForScroll":1.1253303256343228,"maxScrollStepX":16,"maxScrollStepY":16,"diagonalEvents":4,"clippedEvents":0}
[DebugBridge +54818308.6ms] wheel_scroll_motion {"eventCount":4,"rawAbsX":14,"rawAbsY":32,"rawX":14,"rawY":-32,"clippedAbsX":14,"clippedAbsY":32,"clippedX":14,"clippedY":-32,"requestedAppliedX":14.119311346512733,"requestedAppliedY":-32.27271164917196,"appliedX":14.119311346512733,"appliedY":-16,"actualX":14,"actualY":-16,"sensitivity":1.0085222390366237,"currentZoomForScroll":1.1253303256343228,"maxScrollStepX":16,"maxScrollStepY":16,"diagonalEvents":4,"clippedEvents":0}
[DebugBridge +54818341.4ms] wheel_scroll_motion {"eventCount":4,"rawAbsX":4,"rawAbsY":28,"rawX":-4,"rawY":-28,"clippedAbsX":4,"clippedAbsY":28,"clippedX":-4,"clippedY":-28,"requestedAppliedX":-4.034088956146495,"requestedAppliedY":-29.30022504990612,"appliedX":-4.034088956146495,"appliedY":-16,"actualX":-4.5,"actualY":-16,"sensitivity":1.0085222390366237,"currentZoomForScroll":1.1253303256343228,"maxScrollStepX":16,"maxScrollStepY":16,"diagonalEvents":2,"clippedEvents":0}
[DebugBridge +54818374.4ms] wheel_scroll_motion {"eventCount":4,"rawAbsX":24,"rawAbsY":20,"rawX":-24,"rawY":-20,"clippedAbsX":24,"clippedAbsY":20,"clippedX":-24,"clippedY":-20,"requestedAppliedX":-24.20453373687897,"requestedAppliedY":-20.170444780732474,"appliedX":-16,"appliedY":-16,"actualX":-16,"actualY":-16,"sensitivity":1.0085222390366237,"currentZoomForScroll":1.1253303256343228,"maxScrollStepX":16,"maxScrollStepY":16,"diagonalEvents":4,"clippedEvents":0}
[DebugBridge +54818408.8ms] wheel_scroll_motion {"eventCount":4,"rawAbsX":38,"rawAbsY":16,"rawX":-38,"rawY":8,"clippedAbsX":38,"clippedAbsY":16,"clippedX":-38,"clippedY":8,"requestedAppliedX":-38.3238450833917,"requestedAppliedY":8.06817791229299,"appliedX":-16.13635582458598,"appliedY":8.06817791229299,"actualX":-16.5,"actualY":8,"sensitivity":1.0085222390366237,"currentZoomForScroll":1.1253303256343228,"maxScrollStepX":16.13635582458598,"maxScrollStepY":16,"diagonalEvents":4,"clippedEvents":0}
[DebugBridge +54818440.8ms] wheel_scroll_motion {"eventCount":4,"rawAbsX":16,"rawAbsY":28,"rawX":-16,"rawY":28,"clippedAbsX":16,"clippedAbsY":28,"clippedX":-16,"clippedY":28,"requestedAppliedX":-16.13635582458598,"requestedAppliedY":28.238622693025466,"appliedX":-16,"appliedY":16,"actualX":-16,"actualY":16,"sensitivity":1.0085222390366237,"currentZoomForScroll":1.1253303256343228,"maxScrollStepX":16,"maxScrollStepY":16,"diagonalEvents":4,"clippedEvents":0}
[DebugBridge +54818474.8ms] wheel_scroll_motion {"eventCount":4,"rawAbsX":18,"rawAbsY":34,"rawX":14,"rawY":34,"clippedAbsX":18,"clippedAbsY":34,"clippedX":14,"clippedY":34,"requestedAppliedX":14.119311346512733,"requestedAppliedY":34.28975612724521,"appliedX":14.119311346512733,"appliedY":16,"actualX":14,"actualY":16,"sensitivity":1.0085222390366237,"currentZoomForScroll":1.1253303256343228,"maxScrollStepX":16,"maxScrollStepY":16,"diagonalEvents":4,"clippedEvents":0}
[DebugBridge +54818505.5ms] wheel_scroll_motion {"eventCount":3,"rawAbsX":42,"rawAbsY":16,"rawX":42,"rawY":16,"clippedAbsX":42,"clippedAbsY":16,"clippedX":42,"clippedY":16,"requestedAppliedX":42.35793403953819,"requestedAppliedY":16.13635582458598,"appliedX":16.13635582458598,"appliedY":16,"actualX":16,"actualY":16,"sensitivity":1.0085222390366237,"currentZoomForScroll":1.1253303256343228,"maxScrollStepX":16.13635582458598,"maxScrollStepY":16,"diagonalEvents":3,"clippedEvents":0}
[DebugBridge +54818531.8ms] wheel_scroll_motion {"eventCount":4,"rawAbsX":64,"rawAbsY":16,"rawX":64,"rawY":16,"clippedAbsX":64,"clippedAbsY":16,"clippedX":64,"clippedY":16,"requestedAppliedX":64.54542329834392,"requestedAppliedY":16.13635582458598,"appliedX":20.170444780732474,"appliedY":16,"actualX":20,"actualY":16,"sensitivity":1.0085222390366237,"currentZoomForScroll":1.1253303256343228,"maxScrollStepX":20.170444780732474,"maxScrollStepY":16,"diagonalEvents":4,"clippedEvents":0}
[DebugBridge +54818566.4ms] wheel_scroll_motion {"eventCount":4,"rawAbsX":44,"rawAbsY":6,"rawX":44,"rawY":-2,"clippedAbsX":44,"clippedAbsY":6,"clippedX":44,"clippedY":-2,"requestedAppliedX":45.54274111018017,"requestedAppliedY":-2.0170444780732475,"appliedX":16,"appliedY":-2.0170444780732475,"actualX":16,"actualY":-2.5,"sensitivity":1.0085222390366237,"currentZoomForScroll":1.1253303256343228,"maxScrollStepX":16,"maxScrollStepY":16,"diagonalEvents":2,"clippedEvents":0}
[DebugBridge +54818600.1ms] wheel_scroll_motion {"eventCount":4,"rawAbsX":26,"rawAbsY":16,"rawX":26,"rawY":-16,"clippedAbsX":26,"clippedAbsY":16,"clippedX":26,"clippedY":-16,"requestedAppliedX":26.22157821495222,"requestedAppliedY":-16.13635582458598,"appliedX":16,"appliedY":-16,"actualX":16,"actualY":-16,"sensitivity":1.0085222390366237,"currentZoomForScroll":1.1253303256343228,"maxScrollStepX":16,"maxScrollStepY":16,"diagonalEvents":4,"clippedEvents":0}
[DebugBridge +54818630.3ms] wheel_scroll_motion {"eventCount":3,"rawAbsX":16,"rawAbsY":4,"rawX":16,"rawY":-4,"clippedAbsX":16,"clippedAbsY":4,"clippedX":16,"clippedY":-4,"requestedAppliedX":16.773317238714373,"requestedAppliedY":-4.034088956146495,"appliedX":16,"appliedY":-4.034088956146495,"actualX":16,"actualY":-4.5,"sensitivity":1.0616023568806565,"currentZoomForScroll":1.1253303256343228,"maxScrollStepX":16,"maxScrollStepY":16,"diagonalEvents":1,"clippedEvents":0}
[DebugBridge +54818656.2ms] wheel_scroll_motion {"eventCount":3,"rawAbsX":32,"rawAbsY":0,"rawX":32,"rawY":0,"clippedAbsX":32,"clippedAbsY":0,"clippedX":32,"clippedY":0,"requestedAppliedX":33.97127542018101,"requestedAppliedY":0,"appliedX":16.985637710090504,"appliedY":0,"actualX":16.5,"actualY":0,"sensitivity":1.0616023568806565,"currentZoomForScroll":1.1253303256343228,"maxScrollStepX":16.985637710090504,"maxScrollStepY":16,"diagonalEvents":0,"clippedEvents":0}
[DebugBridge +54818682.8ms] wheel_scroll_motion {"eventCount":4,"rawAbsX":36,"rawAbsY":0,"rawX":36,"rawY":0,"clippedAbsX":36,"clippedAbsY":0,"clippedX":36,"clippedY":0,"requestedAppliedX":38.21768484770364,"requestedAppliedY":0,"appliedX":16,"appliedY":0,"actualX":16,"actualY":0,"sensitivity":1.0616023568806565,"currentZoomForScroll":1.1253303256343228,"maxScrollStepX":16,"maxScrollStepY":16,"diagonalEvents":0,"clippedEvents":0}
[DebugBridge +54818715.6ms] wheel_scroll_motion {"eventCount":4,"rawAbsX":32,"rawAbsY":0,"rawX":32,"rawY":0,"clippedAbsX":32,"clippedAbsY":0,"clippedX":32,"clippedY":0,"requestedAppliedX":33.97127542018101,"requestedAppliedY":0,"appliedX":16,"appliedY":0,"actualX":16,"actualY":0,"sensitivity":1.0616023568806565,"currentZoomForScroll":1.1253303256343228,"maxScrollStepX":16,"maxScrollStepY":16,"diagonalEvents":0,"clippedEvents":0}
[DebugBridge +54818747.3ms] wheel_scroll_motion {"eventCount":3,"rawAbsX":22,"rawAbsY":0,"rawX":22,"rawY":0,"clippedAbsX":22,"clippedAbsY":0,"clippedX":22,"clippedY":0,"requestedAppliedX":23.355251851374444,"requestedAppliedY":0,"appliedX":16,"appliedY":0,"actualX":16,"actualY":0,"sensitivity":1.0616023568806565,"currentZoomForScroll":1.1253303256343228,"maxScrollStepX":16,"maxScrollStepY":16,"diagonalEvents":0,"clippedEvents":0}
[DebugBridge +54818774.4ms] wheel_scroll_motion {"eventCount":4,"rawAbsX":24,"rawAbsY":0,"rawX":24,"rawY":0,"clippedAbsX":24,"clippedAbsY":0,"clippedX":24,"clippedY":0,"requestedAppliedX":25.478456565135758,"requestedAppliedY":0,"appliedX":16,"appliedY":0,"actualX":16,"actualY":0,"sensitivity":1.0616023568806565,"currentZoomForScroll":1.1253303256343228,"maxScrollStepX":16,"maxScrollStepY":16,"diagonalEvents":0,"clippedEvents":0}
[DebugBridge +54818807.0ms] wheel_scroll_motion {"eventCount":4,"rawAbsX":24,"rawAbsY":0,"rawX":24,"rawY":0,"clippedAbsX":24,"clippedAbsY":0,"clippedX":24,"clippedY":0,"requestedAppliedX":25.478456565135758,"requestedAppliedY":0,"appliedX":16,"appliedY":0,"actualX":16,"actualY":0,"sensitivity":1.0616023568806565,"currentZoomForScroll":1.1253303256343228,"maxScrollStepX":16,"maxScrollStepY":16,"diagonalEvents":0,"clippedEvents":0}
[DebugBridge +54818838.8ms] wheel_scroll_motion {"eventCount":3,"rawAbsX":16,"rawAbsY":0,"rawX":16,"rawY":0,"clippedAbsX":16,"clippedAbsY":0,"clippedX":16,"clippedY":0,"requestedAppliedX":16.985637710090504,"requestedAppliedY":0,"appliedX":16,"appliedY":0,"actualX":5,"actualY":0,"sensitivity":1.0616023568806565,"currentZoomForScroll":1.1253303256343228,"maxScrollStepX":16,"maxScrollStepY":16,"diagonalEvents":0,"clippedEvents":0}
[DebugBridge +54818866.3ms] wheel_scroll_motion {"eventCount":4,"rawAbsX":16,"rawAbsY":0,"rawX":16,"rawY":0,"clippedAbsX":16,"clippedAbsY":0,"clippedX":16,"clippedY":0,"requestedAppliedX":16.985637710090504,"requestedAppliedY":0,"appliedX":16,"appliedY":0,"actualX":0,"actualY":0,"sensitivity":1.0616023568806565,"currentZoomForScroll":1.1253303256343228,"maxScrollStepX":16,"maxScrollStepY":16,"diagonalEvents":0,"clippedEvents":0}
[DebugBridge +54818901.2ms] wheel_scroll_motion {"eventCount":4,"rawAbsX":16,"rawAbsY":0,"rawX":16,"rawY":0,"clippedAbsX":16,"clippedAbsY":0,"clippedX":16,"clippedY":0,"requestedAppliedX":16.985637710090504,"requestedAppliedY":0,"appliedX":16,"appliedY":0,"actualX":0,"actualY":0,"sensitivity":1.0616023568806565,"currentZoomForScroll":1.1253303256343228,"maxScrollStepX":16,"maxScrollStepY":16,"diagonalEvents":0,"clippedEvents":0}
[DebugBridge +54818929.8ms] wheel_scroll_motion {"eventCount":3,"rawAbsX":12,"rawAbsY":0,"rawX":12,"rawY":0,"clippedAbsX":12,"clippedAbsY":0,"clippedX":12,"clippedY":0,"requestedAppliedX":12.739228282567879,"requestedAppliedY":0,"appliedX":12.739228282567879,"appliedY":0,"actualX":0,"actualY":0,"sensitivity":1.0616023568806565,"currentZoomForScroll":1.1253303256343228,"maxScrollStepX":16,"maxScrollStepY":16,"diagonalEvents":0,"clippedEvents":0}
[DebugBridge +54818959.8ms] wheel_scroll_motion {"eventCount":2,"rawAbsX":10,"rawAbsY":0,"rawX":10,"rawY":0,"clippedAbsX":10,"clippedAbsY":0,"clippedX":10,"clippedY":0,"requestedAppliedX":10.616023568806565,"requestedAppliedY":0,"appliedX":10.616023568806565,"appliedY":0,"actualX":0,"actualY":0,"sensitivity":1.0616023568806565,"currentZoomForScroll":1.1253303256343228,"maxScrollStepX":16,"maxScrollStepY":16,"diagonalEvents":0,"clippedEvents":0}
[DebugBridge +54818992.8ms] wheel_scroll_motion {"eventCount":1,"rawAbsX":4,"rawAbsY":0,"rawX":4,"rawY":0,"clippedAbsX":4,"clippedAbsY":0,"clippedX":4,"clippedY":0,"requestedAppliedX":4.246409427522626,"requestedAppliedY":0,"appliedX":4.246409427522626,"appliedY":0,"actualX":0,"actualY":0,"sensitivity":1.0616023568806565,"currentZoomForScroll":1.1253303256343228,"maxScrollStepX":16,"maxScrollStepY":16,"diagonalEvents":0,"clippedEvents":0}
[DebugBridge +54819131.1ms] zoom_wheel_request {"rawDeltaY":7.424403190612793,"reportedZoom":112,"trustedReactZoom":112.53303256343227,"currentZoom":112.53303256343227,"reportedCurrentZoom":112,"nextZoom":115.92511404901077,"requestedDeltaAbs":3.392081485578501,"reportedLagAbs":0.5330325634322719,"rawGetZoomValue":112,"rawViewerZoomValue":112,"rawMagnificationZoom":null,"correctedSuspiciousZoom":false}
[DebugBridge +54819131.1ms] zoom_start {"scale":1.1253303256343228,"source":"overlay_wheel_zoom_pre","reportedScale":1.12,"correctedSuspiciousZoom":false}
[DebugBridge +54819194.6ms] zoom_wheel_request {"rawDeltaY":48.53324604034424,"reportedZoom":115,"trustedReactZoom":115.92511404901077,"currentZoom":115.92511404901077,"reportedCurrentZoom":115,"nextZoom":139.92511404901077,"requestedDeltaAbs":24,"reportedLagAbs":0.925114049010773,"rawGetZoomValue":115,"rawViewerZoomValue":115,"rawMagnificationZoom":null,"correctedSuspiciousZoom":false}
[DebugBridge +54819276.9ms] zoom_wheel_request {"rawDeltaY":38.76239585876465,"reportedZoom":139,"trustedReactZoom":139.92511404901077,"currentZoom":139.92511404901077,"reportedCurrentZoom":139,"nextZoom":163.39277475205733,"requestedDeltaAbs":23.467660703046562,"reportedLagAbs":0.925114049010773,"rawGetZoomValue":139,"rawViewerZoomValue":139,"rawMagnificationZoom":null,"correctedSuspiciousZoom":false}
[DebugBridge +54819332.7ms] zoom_wheel_request {"rawDeltaY":35.29305338859558,"reportedZoom":163,"trustedReactZoom":163.39277475205733,"currentZoom":163.39277475205733,"reportedCurrentZoom":163,"nextZoom":187.39277475205733,"requestedDeltaAbs":24,"reportedLagAbs":0.3927747520573348,"rawGetZoomValue":163,"rawViewerZoomValue":163,"rawMagnificationZoom":null,"correctedSuspiciousZoom":false}
[DebugBridge +54819373.5ms] zoom_wheel_request {"rawDeltaY":2.0834456384181976,"reportedZoom":187,"trustedReactZoom":187.39277475205733,"currentZoom":187.39277475205733,"reportedCurrentZoom":187,"nextZoom":188.9609908988598,"requestedDeltaAbs":1.568216146802456,"reportedLagAbs":0.3927747520573348,"rawGetZoomValue":187,"rawViewerZoomValue":187,"rawMagnificationZoom":null,"correctedSuspiciousZoom":false}
[DebugBridge +54819768.7ms] zoom_wheel_request {"rawDeltaY":32.42757034301758,"reportedZoom":188,"trustedReactZoom":188.9609908988598,"currentZoom":188.9609908988598,"reportedCurrentZoom":188,"nextZoom":212.9609908988598,"requestedDeltaAbs":24,"reportedLagAbs":0.9609908988597908,"rawGetZoomValue":188,"rawViewerZoomValue":188,"rawMagnificationZoom":null,"correctedSuspiciousZoom":false}
[DebugBridge +54819806.4ms] zoom_wheel_request {"rawDeltaY":37.527276039123535,"reportedZoom":212,"trustedReactZoom":212.9609908988598,"currentZoom":212.9609908988598,"reportedCurrentZoom":212,"nextZoom":236.9609908988598,"requestedDeltaAbs":24,"reportedLagAbs":0.9609908988597908,"rawGetZoomValue":212,"rawViewerZoomValue":212,"rawMagnificationZoom":null,"correctedSuspiciousZoom":false}
[DebugBridge +54819861.7ms] zoom_wheel_request {"rawDeltaY":32.2226448059082,"reportedZoom":236,"trustedReactZoom":236.9609908988598,"currentZoom":236.9609908988598,"reportedCurrentZoom":236,"nextZoom":260.9609908988598,"requestedDeltaAbs":24,"reportedLagAbs":0.9609908988597908,"rawGetZoomValue":236,"rawViewerZoomValue":236,"rawMagnificationZoom":null,"correctedSuspiciousZoom":false}
[DebugBridge +54819901.2ms] zoom_wheel_request {"rawDeltaY":10.389363884925842,"reportedZoom":260,"trustedReactZoom":260.9609908988598,"currentZoom":260.9609908988598,"reportedCurrentZoom":260,"nextZoom":272.0343626352581,"requestedDeltaAbs":11.073371736398315,"reportedLagAbs":0.9609908988597908,"rawGetZoomValue":260,"rawViewerZoomValue":260,"rawMagnificationZoom":null,"correctedSuspiciousZoom":false}
[DebugBridge +54819940.3ms] zoom_wheel_request {"rawDeltaY":3.632611870765686,"reportedZoom":272,"trustedReactZoom":272.0343626352581,"currentZoom":272.0343626352581,"reportedCurrentZoom":272,"nextZoom":276.0160010947246,"requestedDeltaAbs":3.981638459466467,"reportedLagAbs":0.034362635258105456,"rawGetZoomValue":272,"rawViewerZoomValue":272,"rawMagnificationZoom":null,"correctedSuspiciousZoom":false}
[DebugBridge +54819976.7ms] zoom_wheel_request {"rawDeltaY":1.2468703091144562,"reportedZoom":276,"trustedReactZoom":276.0160010947246,"currentZoom":276.0160010947246,"reportedCurrentZoom":276,"nextZoom":277.39606438026607,"requestedDeltaAbs":1.380063285541496,"reportedLagAbs":0.01600109472457234,"rawGetZoomValue":276,"rawViewerZoomValue":276,"rawMagnificationZoom":null,"correctedSuspiciousZoom":false}
[DebugBridge +54820733.4ms] wheel_scroll_motion {"eventCount":4,"rawAbsX":26,"rawAbsY":12,"rawX":-26,"rawY":12,"clippedAbsX":26,"clippedAbsY":12,"clippedX":-26,"clippedY":12,"requestedAppliedX":-24.105600000000003,"requestedAppliedY":11.0808,"appliedX":-16,"appliedY":11.0808,"actualX":-16,"actualY":11,"sensitivity":0.9234,"currentZoomForScroll":2.7739606438026607,"maxScrollStepX":16,"maxScrollStepY":16,"diagonalEvents":3,"clippedEvents":0}
[DebugBridge +54820764.0ms] wheel_scroll_motion {"eventCount":3,"rawAbsX":36,"rawAbsY":16,"rawX":-36,"rawY":16,"clippedAbsX":36,"clippedAbsY":16,"clippedX":-36,"clippedY":16,"requestedAppliedX":-33.2424,"requestedAppliedY":14.7744,"appliedX":-16,"appliedY":14.7744,"actualX":-16,"actualY":14.5,"sensitivity":0.9234,"currentZoomForScroll":2.7739606438026607,"maxScrollStepX":16,"maxScrollStepY":16,"diagonalEvents":3,"clippedEvents":0}
[DebugBridge +54820831.8ms] wheel_scroll_motion {"eventCount":5,"rawAbsX":136,"rawAbsY":50,"rawX":-136,"rawY":50,"clippedAbsX":136,"clippedAbsY":50,"clippedX":-136,"clippedY":50,"requestedAppliedX":-125.5824,"requestedAppliedY":46.17,"appliedX":-62.7912,"appliedY":24.0084,"actualX":-63,"actualY":24,"sensitivity":0.9234,"currentZoomForScroll":2.7739606438026607,"maxScrollStepX":62.7912,"maxScrollStepY":24.0084,"diagonalEvents":5,"clippedEvents":0}
[DebugBridge +54820865.5ms] wheel_scroll_motion {"eventCount":4,"rawAbsX":18,"rawAbsY":8,"rawX":-18,"rawY":8,"clippedAbsX":18,"clippedAbsY":8,"clippedX":-18,"clippedY":8,"requestedAppliedX":-16.6212,"requestedAppliedY":7.3872,"appliedX":-16,"appliedY":7.3872,"actualX":-16,"actualY":7,"sensitivity":0.9234,"currentZoomForScroll":2.7739606438026607,"maxScrollStepX":16,"maxScrollStepY":16,"diagonalEvents":4,"clippedEvents":0}
[DebugBridge +54820897.4ms] wheel_scroll_motion {"eventCount":4,"rawAbsX":14,"rawAbsY":6,"rawX":-14,"rawY":6,"clippedAbsX":14,"clippedAbsY":6,"clippedX":-14,"clippedY":6,"requestedAppliedX":-13.2192,"requestedAppliedY":5.5404,"appliedX":-13.2192,"appliedY":5.5404,"actualX":-13.5,"actualY":5.5,"sensitivity":0.9720000000000001,"currentZoomForScroll":2.7739606438026607,"maxScrollStepX":16,"maxScrollStepY":16,"diagonalEvents":2,"clippedEvents":0}
[DebugBridge +54821252.5ms] wheel_scroll_motion {"eventCount":5,"rawAbsX":114,"rawAbsY":4,"rawX":-114,"rawY":4,"clippedAbsX":114,"clippedAbsY":4,"clippedX":-114,"clippedY":4,"requestedAppliedX":-108.0864,"requestedAppliedY":3.6936,"appliedX":-51.7104,"appliedY":3.6936,"actualX":-52,"actualY":3.5,"sensitivity":0.9234,"currentZoomForScroll":2.7739606438026607,"maxScrollStepX":51.7104,"maxScrollStepY":16,"diagonalEvents":1,"clippedEvents":0}
[DebugBridge +54821286.0ms] wheel_scroll_motion {"eventCount":4,"rawAbsX":122,"rawAbsY":8,"rawX":-122,"rawY":8,"clippedAbsX":122,"clippedAbsY":8,"clippedX":-122,"clippedY":8,"requestedAppliedX":-115.2792,"requestedAppliedY":7.3872,"appliedX":-33.2424,"appliedY":7.3872,"actualX":-33.5,"actualY":7,"sensitivity":0.9234,"currentZoomForScroll":2.7739606438026607,"maxScrollStepX":33.2424,"maxScrollStepY":16,"diagonalEvents":2,"clippedEvents":0}
[DebugBridge +54821525.9ms] wheel_scroll_motion {"eventCount":5,"rawAbsX":158,"rawAbsY":12,"rawX":-158,"rawY":12,"clippedAbsX":158,"clippedAbsY":12,"clippedX":-158,"clippedY":12,"requestedAppliedX":-147.0636,"requestedAppliedY":11.0808,"appliedX":-79.4124,"appliedY":11.0808,"actualX":-79.5,"actualY":11,"sensitivity":0.9720000000000001,"currentZoomForScroll":2.7739606438026607,"maxScrollStepX":79.4124,"maxScrollStepY":16,"diagonalEvents":3,"clippedEvents":0}
[DebugBridge +54821526.2ms] zoom_end {"source":"zoomChange_settle"}
[DebugBridge +54821592.1ms] wheel_scroll_motion {"eventCount":4,"rawAbsX":296,"rawAbsY":0,"rawX":-296,"rawY":0,"clippedAbsX":204.09078868316425,"clippedAbsY":0,"clippedX":-204.09078868316425,"clippedY":0,"requestedAppliedX":-198.37624660003567,"requestedAppliedY":0,"appliedX":-128.39224660003566,"appliedY":0,"actualX":-128.5,"actualY":0,"sensitivity":0.9720000000000001,"currentZoomForScroll":2.7739606438026607,"maxScrollStepX":128.39224660003566,"maxScrollStepY":16,"diagonalEvents":0,"clippedEvents":1}
[DebugBridge +54821621.5ms] wheel_scroll_motion {"eventCount":3,"rawAbsX":22,"rawAbsY":0,"rawX":-22,"rawY":0,"clippedAbsX":22,"clippedAbsY":0,"clippedX":-22,"clippedY":0,"requestedAppliedX":-21.384,"requestedAppliedY":0,"appliedX":-16,"appliedY":0,"actualX":-16,"actualY":0,"sensitivity":0.9720000000000001,"currentZoomForScroll":2.7739606438026607,"maxScrollStepX":16,"maxScrollStepY":16,"diagonalEvents":0,"clippedEvents":0}
[DebugBridge +54821853.1ms] wheel_scroll_motion {"eventCount":5,"rawAbsX":448,"rawAbsY":72,"rawX":-448,"rawY":-72,"clippedAbsX":160.09078868316425,"clippedAbsY":72,"clippedX":-160.09078868316425,"clippedY":-72,"requestedAppliedX":-148.0222342700339,"requestedAppliedY":-66.48479999999999,"appliedX":-121.97263427003386,"appliedY":-49.8636,"actualX":-122,"actualY":-50,"sensitivity":0.9234,"currentZoomForScroll":2.7739606438026607,"maxScrollStepX":121.97263427003386,"maxScrollStepY":49.8636,"diagonalEvents":4,"clippedEvents":1}
[DebugBridge +54821881.8ms] wheel_scroll_motion {"eventCount":4,"rawAbsX":20,"rawAbsY":22,"rawX":-20,"rawY":-22,"clippedAbsX":20,"clippedAbsY":22,"clippedX":-20,"clippedY":-22,"requestedAppliedX":-18.468000000000004,"requestedAppliedY":-20.3148,"appliedX":-16,"appliedY":-16,"actualX":-16,"actualY":-16,"sensitivity":0.9234,"currentZoomForScroll":2.7739606438026607,"maxScrollStepX":16,"maxScrollStepY":16,"diagonalEvents":4,"clippedEvents":0}
[DebugBridge +54821915.1ms] wheel_scroll_motion {"eventCount":4,"rawAbsX":30,"rawAbsY":18,"rawX":-30,"rawY":-18,"clippedAbsX":30,"clippedAbsY":18,"clippedX":-30,"clippedY":-18,"requestedAppliedX":-27.701999999999998,"requestedAppliedY":-16.6212,"appliedX":-16,"appliedY":-16,"actualX":-16,"actualY":-16,"sensitivity":0.9234,"currentZoomForScroll":2.7739606438026607,"maxScrollStepX":16,"maxScrollStepY":16,"diagonalEvents":4,"clippedEvents":0}
[DebugBridge +54822167.4ms] wheel_scroll_motion {"eventCount":6,"rawAbsX":194,"rawAbsY":88,"rawX":-194,"rawY":-88,"clippedAbsX":168.09078868316425,"clippedAbsY":88,"clippedX":-168.09078868316425,"clippedY":-88,"requestedAppliedX":-155.21503427003387,"requestedAppliedY":-81.2592,"appliedX":-121.97263427003386,"appliedY":-64.638,"actualX":-122,"actualY":-65,"sensitivity":0.9234,"currentZoomForScroll":2.7739606438026607,"maxScrollStepX":121.97263427003386,"maxScrollStepY":64.638,"diagonalEvents":6,"clippedEvents":1}
[DebugBridge +54822598.4ms] wheel_scroll_motion {"eventCount":3,"rawAbsX":196,"rawAbsY":200,"rawX":-196,"rawY":-200,"clippedAbsX":186.09078868316425,"clippedAbsY":170.09078868316425,"clippedX":-186.09078868316425,"clippedY":-170.09078868316425,"requestedAppliedX":-171.83623427003386,"requestedAppliedY":-157.15903427003389,"appliedX":-121.97263427003386,"appliedY":-121.97263427003386,"actualX":-122,"actualY":-122,"sensitivity":0.9234,"currentZoomForScroll":2.7739606438026607,"maxScrollStepX":121.97263427003386,"maxScrollStepY":121.97263427003386,"diagonalEvents":2,"clippedEvents":1}
[DebugBridge +54822983.1ms] wheel_scroll_motion {"eventCount":7,"rawAbsX":242,"rawAbsY":110,"rawX":-242,"rawY":110,"clippedAbsX":154.09078868316425,"clippedAbsY":110,"clippedX":-154.09078868316425,"clippedY":110,"requestedAppliedX":-142.38463427003387,"requestedAppliedY":101.574,"appliedX":-121.97263427003386,"appliedY":90.4932,"actualX":-122,"actualY":90,"sensitivity":0.9234,"currentZoomForScroll":2.7739606438026607,"maxScrollStepX":121.97263427003386,"maxScrollStepY":90.4932,"diagonalEvents":6,"clippedEvents":1}
[DebugBridge +54823029.9ms] wheel_scroll_motion {"eventCount":4,"rawAbsX":16,"rawAbsY":16,"rawX":-16,"rawY":16,"clippedAbsX":16,"clippedAbsY":16,"clippedX":-16,"clippedY":16,"requestedAppliedX":-14.7744,"requestedAppliedY":14.7744,"appliedX":-14.7744,"appliedY":14.7744,"actualX":-15,"actualY":14.5,"sensitivity":0.9234,"currentZoomForScroll":2.7739606438026607,"maxScrollStepX":16,"maxScrollStepY":16,"diagonalEvents":4,"clippedEvents":0}
[DebugBridge +54823382.0ms] wheel_scroll_motion {"eventCount":5,"rawAbsX":12,"rawAbsY":10,"rawX":-12,"rawY":10,"clippedAbsX":12,"clippedAbsY":10,"clippedX":-12,"clippedY":10,"requestedAppliedX":-11.3724,"requestedAppliedY":9.4284,"appliedX":-11.3724,"appliedY":9.4284,"actualX":-11.5,"actualY":9,"sensitivity":0.9720000000000001,"currentZoomForScroll":2.7739606438026607,"maxScrollStepX":16,"maxScrollStepY":16,"diagonalEvents":2,"clippedEvents":0}
[DebugBridge +54823690.1ms] wheel_scroll_motion {"eventCount":5,"rawAbsX":200,"rawAbsY":80,"rawX":-200,"rawY":80,"clippedAbsX":164.09078868316425,"clippedAbsY":80,"clippedX":-164.09078868316425,"clippedY":80,"requestedAppliedX":-151.61863427003388,"requestedAppliedY":73.87200000000001,"appliedX":-121.97263427003386,"appliedY":60.9444,"actualX":-122,"actualY":60.5,"sensitivity":0.9234,"currentZoomForScroll":2.7739606438026607,"maxScrollStepX":121.97263427003386,"maxScrollStepY":60.9444,"diagonalEvents":4,"clippedEvents":1}
[DebugBridge +54823898.2ms] wheel_scroll_motion {"eventCount":5,"rawAbsX":110,"rawAbsY":54,"rawX":-110,"rawY":54,"clippedAbsX":110,"clippedAbsY":54,"clippedX":-110,"clippedY":54,"requestedAppliedX":-101.57400000000001,"requestedAppliedY":49.863600000000005,"appliedX":-60.9444,"appliedY":29.5488,"actualX":-61,"actualY":29.5,"sensitivity":0.9234,"currentZoomForScroll":2.7739606438026607,"maxScrollStepX":60.9444,"maxScrollStepY":29.5488,"diagonalEvents":5,"clippedEvents":0}
[DebugBridge +54824463.5ms] wheel_scroll_motion {"eventCount":3,"rawAbsX":6,"rawAbsY":4,"rawX":-6,"rawY":4,"clippedAbsX":6,"clippedAbsY":4,"clippedX":-6,"clippedY":4,"requestedAppliedX":-5.6376,"requestedAppliedY":3.6936,"appliedX":-5.6376,"appliedY":3.6936,"actualX":-6,"actualY":3.5,"sensitivity":0.9234,"currentZoomForScroll":2.7739606438026607,"maxScrollStepX":16,"maxScrollStepY":16,"diagonalEvents":2,"clippedEvents":0}
[DebugBridge +54824489.4ms] wheel_scroll_motion {"eventCount":3,"rawAbsX":28,"rawAbsY":12,"rawX":-28,"rawY":12,"clippedAbsX":28,"clippedAbsY":12,"clippedX":-28,"clippedY":12,"requestedAppliedX":-25.855200000000004,"requestedAppliedY":11.0808,"appliedX":-16,"appliedY":11.0808,"actualX":-16,"actualY":11,"sensitivity":0.9234,"currentZoomForScroll":2.7739606438026607,"maxScrollStepX":16,"maxScrollStepY":16,"diagonalEvents":3,"clippedEvents":0}
[DebugBridge +54824517.3ms] wheel_scroll_motion {"eventCount":4,"rawAbsX":48,"rawAbsY":16,"rawX":-48,"rawY":16,"clippedAbsX":48,"clippedAbsY":16,"clippedX":-48,"clippedY":16,"requestedAppliedX":-44.32319999999999,"requestedAppliedY":14.7744,"appliedX":-18.468,"appliedY":14.7744,"actualX":-18.5,"actualY":14.5,"sensitivity":0.9234,"currentZoomForScroll":2.7739606438026607,"maxScrollStepX":18.468,"maxScrollStepY":16,"diagonalEvents":4,"clippedEvents":0}
[DebugBridge +54824546.7ms] wheel_scroll_motion {"eventCount":3,"rawAbsX":46,"rawAbsY":18,"rawX":-46,"rawY":18,"clippedAbsX":46,"clippedAbsY":18,"clippedX":-46,"clippedY":18,"requestedAppliedX":-42.476400000000005,"requestedAppliedY":16.6212,"appliedX":-22.1616,"appliedY":16,"actualX":-22.5,"actualY":16,"sensitivity":0.9234,"currentZoomForScroll":2.7739606438026607,"maxScrollStepX":22.1616,"maxScrollStepY":16,"diagonalEvents":3,"clippedEvents":0}
[DebugBridge +54824574.5ms] wheel_scroll_motion {"eventCount":4,"rawAbsX":36,"rawAbsY":12,"rawX":-36,"rawY":12,"clippedAbsX":36,"clippedAbsY":12,"clippedX":-36,"clippedY":12,"requestedAppliedX":-33.2424,"requestedAppliedY":11.0808,"appliedX":-16,"appliedY":11.0808,"actualX":-16,"actualY":11,"sensitivity":0.9234,"currentZoomForScroll":2.7739606438026607,"maxScrollStepX":16,"maxScrollStepY":16,"diagonalEvents":4,"clippedEvents":0}
[DebugBridge +54824608.1ms] wheel_scroll_motion {"eventCount":4,"rawAbsX":28,"rawAbsY":4,"rawX":-28,"rawY":4,"clippedAbsX":28,"clippedAbsY":4,"clippedX":-28,"clippedY":4,"requestedAppliedX":-26.632800000000003,"requestedAppliedY":3.6936,"appliedX":-16,"appliedY":3.6936,"actualX":-16,"actualY":3.5,"sensitivity":0.9720000000000001,"currentZoomForScroll":2.7739606438026607,"maxScrollStepX":16,"maxScrollStepY":16,"diagonalEvents":1,"clippedEvents":0}
[DebugBridge +54824638.6ms] wheel_scroll_motion {"eventCount":3,"rawAbsX":16,"rawAbsY":0,"rawX":-16,"rawY":0,"clippedAbsX":16,"clippedAbsY":0,"clippedX":-16,"clippedY":0,"requestedAppliedX":-15.552000000000001,"requestedAppliedY":0,"appliedX":-15.552000000000001,"appliedY":0,"actualX":-16,"actualY":0,"sensitivity":0.9720000000000001,"currentZoomForScroll":2.7739606438026607,"maxScrollStepX":16,"maxScrollStepY":16,"diagonalEvents":0,"clippedEvents":0}
[DebugBridge +54824667.1ms] wheel_scroll_motion {"eventCount":4,"rawAbsX":12,"rawAbsY":0,"rawX":-12,"rawY":0,"clippedAbsX":12,"clippedAbsY":0,"clippedX":-12,"clippedY":0,"requestedAppliedX":-11.664000000000001,"requestedAppliedY":0,"appliedX":-11.664000000000001,"appliedY":0,"actualX":-12,"actualY":0,"sensitivity":0.9720000000000001,"currentZoomForScroll":2.7739606438026607,"maxScrollStepX":16,"maxScrollStepY":16,"diagonalEvents":0,"clippedEvents":0}
[DebugBridge +54824697.4ms] wheel_scroll_motion {"eventCount":3,"rawAbsX":12,"rawAbsY":0,"rawX":-12,"rawY":0,"clippedAbsX":12,"clippedAbsY":0,"clippedX":-12,"clippedY":0,"requestedAppliedX":-11.664000000000001,"requestedAppliedY":0,"appliedX":-11.664000000000001,"appliedY":0,"actualX":-12,"actualY":0,"sensitivity":0.9720000000000001,"currentZoomForScroll":2.7739606438026607,"maxScrollStepX":16,"maxScrollStepY":16,"diagonalEvents":0,"clippedEvents":0}
[DebugBridge +54824722.5ms] wheel_scroll_motion {"eventCount":1,"rawAbsX":2,"rawAbsY":0,"rawX":-2,"rawY":0,"clippedAbsX":2,"clippedAbsY":0,"clippedX":-2,"clippedY":0,"requestedAppliedX":-1.9440000000000002,"requestedAppliedY":0,"appliedX":-1.9440000000000002,"appliedY":0,"actualX":-2,"actualY":0,"sensitivity":0.9720000000000001,"currentZoomForScroll":2.7739606438026607,"maxScrollStepX":16,"maxScrollStepY":16,"diagonalEvents":0,"clippedEvents":0}
[DebugBridge +54824748.8ms] wheel_scroll_motion {"eventCount":2,"rawAbsX":0,"rawAbsY":4,"rawX":0,"rawY":4,"clippedAbsX":0,"clippedAbsY":4,"clippedX":0,"clippedY":4,"requestedAppliedX":0,"requestedAppliedY":3.8880000000000003,"appliedX":0,"appliedY":3.8880000000000003,"actualX":0,"actualY":3.5,"sensitivity":0.9720000000000001,"currentZoomForScroll":2.7739606438026607,"maxScrollStepX":16,"maxScrollStepY":16,"diagonalEvents":0,"clippedEvents":0}
[DebugBridge +54824781.3ms] wheel_scroll_motion {"eventCount":2,"rawAbsX":0,"rawAbsY":4,"rawX":0,"rawY":4,"clippedAbsX":0,"clippedAbsY":4,"clippedX":0,"clippedY":4,"requestedAppliedX":0,"requestedAppliedY":3.8880000000000003,"appliedX":0,"appliedY":3.8880000000000003,"actualX":0,"actualY":3.5,"sensitivity":0.9720000000000001,"currentZoomForScroll":2.7739606438026607,"maxScrollStepX":16,"maxScrollStepY":16,"diagonalEvents":0,"clippedEvents":0}
[DebugBridge +54824988.4ms] wheel_scroll_motion {"eventCount":3,"rawAbsX":12,"rawAbsY":6,"rawX":12,"rawY":6,"clippedAbsX":12,"clippedAbsY":6,"clippedX":12,"clippedY":6,"requestedAppliedX":11.178,"requestedAppliedY":5.5404,"appliedX":11.178,"appliedY":5.5404,"actualX":11,"actualY":5.5,"sensitivity":0.9234,"currentZoomForScroll":2.7739606438026607,"maxScrollStepX":16,"maxScrollStepY":16,"diagonalEvents":2,"clippedEvents":0}
[DebugBridge +54825015.3ms] wheel_scroll_motion {"eventCount":4,"rawAbsX":24,"rawAbsY":14,"rawX":24,"rawY":14,"clippedAbsX":24,"clippedAbsY":14,"clippedX":24,"clippedY":14,"requestedAppliedX":22.1616,"requestedAppliedY":12.9276,"appliedX":16,"appliedY":12.9276,"actualX":16,"actualY":12.5,"sensitivity":0.9234,"currentZoomForScroll":2.7739606438026607,"maxScrollStepX":16,"maxScrollStepY":16,"diagonalEvents":4,"clippedEvents":0}
[DebugBridge +54825047.6ms] wheel_scroll_motion {"eventCount":3,"rawAbsX":60,"rawAbsY":26,"rawX":60,"rawY":26,"clippedAbsX":60,"clippedAbsY":26,"clippedX":60,"clippedY":26,"requestedAppliedX":55.403999999999996,"requestedAppliedY":24.0084,"appliedX":18.468,"appliedY":16,"actualX":18,"actualY":16,"sensitivity":0.9234,"currentZoomForScroll":2.7739606438026607,"maxScrollStepX":18.468,"maxScrollStepY":16,"diagonalEvents":3,"clippedEvents":0}
[DebugBridge +54825074.7ms] wheel_scroll_motion {"eventCount":4,"rawAbsX":94,"rawAbsY":28,"rawX":94,"rawY":28,"clippedAbsX":94,"clippedAbsY":28,"clippedX":94,"clippedY":28,"requestedAppliedX":86.7996,"requestedAppliedY":25.855199999999996,"appliedX":38.7828,"appliedY":16,"actualX":38.5,"actualY":16,"sensitivity":0.9234,"currentZoomForScroll":2.7739606438026607,"maxScrollStepX":38.7828,"maxScrollStepY":16,"diagonalEvents":4,"clippedEvents":0}
[DebugBridge +54825107.7ms] wheel_scroll_motion {"eventCount":4,"rawAbsX":82,"rawAbsY":14,"rawX":82,"rawY":14,"clippedAbsX":82,"clippedAbsY":14,"clippedX":82,"clippedY":14,"requestedAppliedX":75.71879999999999,"requestedAppliedY":12.9276,"appliedX":24.0084,"appliedY":12.9276,"actualX":24,"actualY":12.5,"sensitivity":0.9234,"currentZoomForScroll":2.7739606438026607,"maxScrollStepX":24.0084,"maxScrollStepY":16,"diagonalEvents":4,"clippedEvents":0}
[DebugBridge +54825140.0ms] wheel_scroll_motion {"eventCount":4,"rawAbsX":96,"rawAbsY":14,"rawX":96,"rawY":-2,"clippedAbsX":96,"clippedAbsY":14,"clippedX":96,"clippedY":-2,"requestedAppliedX":89.8128,"requestedAppliedY":-1.8468,"appliedX":29.5488,"appliedY":-1.8468,"actualX":29.5,"actualY":-2,"sensitivity":0.9234,"currentZoomForScroll":2.7739606438026607,"maxScrollStepX":29.5488,"maxScrollStepY":16,"diagonalEvents":3,"clippedEvents":0}
[DebugBridge +54825172.0ms] wheel_scroll_motion {"eventCount":3,"rawAbsX":50,"rawAbsY":22,"rawX":50,"rawY":-22,"clippedAbsX":50,"clippedAbsY":22,"clippedX":50,"clippedY":-22,"requestedAppliedX":46.17,"requestedAppliedY":-20.314799999999998,"appliedX":22.1616,"appliedY":-16,"actualX":22,"actualY":-16,"sensitivity":0.9234,"currentZoomForScroll":2.7739606438026607,"maxScrollStepX":22.1616,"maxScrollStepY":16,"diagonalEvents":3,"clippedEvents":0}
[DebugBridge +54825198.3ms] wheel_scroll_motion {"eventCount":4,"rawAbsX":36,"rawAbsY":20,"rawX":36,"rawY":-20,"clippedAbsX":36,"clippedAbsY":20,"clippedX":36,"clippedY":-20,"requestedAppliedX":33.2424,"requestedAppliedY":-18.468,"appliedX":16,"appliedY":-16,"actualX":16,"actualY":-16,"sensitivity":0.9234,"currentZoomForScroll":2.7739606438026607,"maxScrollStepX":16,"maxScrollStepY":16,"diagonalEvents":4,"clippedEvents":0}
[DebugBridge +54825232.7ms] wheel_scroll_motion {"eventCount":4,"rawAbsX":20,"rawAbsY":14,"rawX":20,"rawY":-14,"clippedAbsX":20,"clippedAbsY":14,"clippedX":20,"clippedY":-14,"requestedAppliedX":18.468,"requestedAppliedY":-12.9276,"appliedX":16,"appliedY":-12.9276,"actualX":16,"actualY":-13,"sensitivity":0.9234,"currentZoomForScroll":2.7739606438026607,"maxScrollStepX":16,"maxScrollStepY":16,"diagonalEvents":4,"clippedEvents":0}
[DebugBridge +54825266.2ms] wheel_scroll_motion {"eventCount":4,"rawAbsX":20,"rawAbsY":12,"rawX":20,"rawY":-12,"clippedAbsX":20,"clippedAbsY":12,"clippedX":20,"clippedY":-12,"requestedAppliedX":18.468,"requestedAppliedY":-11.0808,"appliedX":16,"appliedY":-11.0808,"actualX":16,"actualY":-11.5,"sensitivity":0.9234,"currentZoomForScroll":2.7739606438026607,"maxScrollStepX":16,"maxScrollStepY":16,"diagonalEvents":4,"clippedEvents":0}
[DebugBridge +54825297.1ms] wheel_scroll_motion {"eventCount":3,"rawAbsX":32,"rawAbsY":12,"rawX":32,"rawY":-12,"clippedAbsX":32,"clippedAbsY":12,"clippedX":32,"clippedY":-12,"requestedAppliedX":29.5488,"requestedAppliedY":-11.0808,"appliedX":16,"appliedY":-11.0808,"actualX":16,"actualY":-11.5,"sensitivity":0.9234,"currentZoomForScroll":2.7739606438026607,"maxScrollStepX":16,"maxScrollStepY":16,"diagonalEvents":3,"clippedEvents":0}
[DebugBridge +54825324.2ms] wheel_scroll_motion {"eventCount":4,"rawAbsX":36,"rawAbsY":14,"rawX":36,"rawY":-14,"clippedAbsX":36,"clippedAbsY":14,"clippedX":36,"clippedY":-14,"requestedAppliedX":33.2424,"requestedAppliedY":-12.9276,"appliedX":16,"appliedY":-12.9276,"actualX":16,"actualY":-13,"sensitivity":0.9234,"currentZoomForScroll":2.7739606438026607,"maxScrollStepX":16,"maxScrollStepY":16,"diagonalEvents":4,"clippedEvents":0}
[DebugBridge +54825357.6ms] wheel_scroll_motion {"eventCount":4,"rawAbsX":32,"rawAbsY":8,"rawX":32,"rawY":-8,"clippedAbsX":32,"clippedAbsY":8,"clippedX":32,"clippedY":-8,"requestedAppliedX":29.5488,"requestedAppliedY":-7.3872,"appliedX":16,"appliedY":-7.3872,"actualX":16,"actualY":-7.5,"sensitivity":0.9234,"currentZoomForScroll":2.7739606438026607,"maxScrollStepX":16,"maxScrollStepY":16,"diagonalEvents":4,"clippedEvents":0}
[DebugBridge +54825388.3ms] wheel_scroll_motion {"eventCount":3,"rawAbsX":22,"rawAbsY":6,"rawX":22,"rawY":-6,"clippedAbsX":22,"clippedAbsY":6,"clippedX":22,"clippedY":-6,"requestedAppliedX":20.314799999999998,"requestedAppliedY":-5.5404,"appliedX":16,"appliedY":-5.5404,"actualX":16,"actualY":-6,"sensitivity":0.9234,"currentZoomForScroll":2.7739606438026607,"maxScrollStepX":16,"maxScrollStepY":16,"diagonalEvents":3,"clippedEvents":0}
[DebugBridge +54825416.0ms] wheel_scroll_motion {"eventCount":4,"rawAbsX":24,"rawAbsY":8,"rawX":24,"rawY":-8,"clippedAbsX":24,"clippedAbsY":8,"clippedX":24,"clippedY":-8,"requestedAppliedX":22.1616,"requestedAppliedY":-7.3872,"appliedX":16,"appliedY":-7.3872,"actualX":16,"actualY":-7.5,"sensitivity":0.9234,"currentZoomForScroll":2.7739606438026607,"maxScrollStepX":16,"maxScrollStepY":16,"diagonalEvents":4,"clippedEvents":0}
[DebugBridge +54825448.8ms] wheel_scroll_motion {"eventCount":4,"rawAbsX":24,"rawAbsY":8,"rawX":24,"rawY":-8,"clippedAbsX":24,"clippedAbsY":8,"clippedX":24,"clippedY":-8,"requestedAppliedX":22.1616,"requestedAppliedY":-7.3872,"appliedX":16,"appliedY":-7.3872,"actualX":16,"actualY":-7.5,"sensitivity":0.9234,"currentZoomForScroll":2.7739606438026607,"maxScrollStepX":16,"maxScrollStepY":16,"diagonalEvents":4,"clippedEvents":0}
[DebugBridge +54825483.1ms] wheel_scroll_motion {"eventCount":4,"rawAbsX":20,"rawAbsY":8,"rawX":20,"rawY":-8,"clippedAbsX":20,"clippedAbsY":8,"clippedX":20,"clippedY":-8,"requestedAppliedX":18.468,"requestedAppliedY":-7.3872,"appliedX":16,"appliedY":-7.3872,"actualX":16,"actualY":-7.5,"sensitivity":0.9234,"currentZoomForScroll":2.7739606438026607,"maxScrollStepX":16,"maxScrollStepY":16,"diagonalEvents":4,"clippedEvents":0}
[DebugBridge +54825515.4ms] wheel_scroll_motion {"eventCount":3,"rawAbsX":12,"rawAbsY":6,"rawX":12,"rawY":-6,"clippedAbsX":12,"clippedAbsY":6,"clippedX":12,"clippedY":-6,"requestedAppliedX":11.0808,"requestedAppliedY":-5.5404,"appliedX":11.0808,"appliedY":-5.5404,"actualX":11,"actualY":-6,"sensitivity":0.9234,"currentZoomForScroll":2.7739606438026607,"maxScrollStepX":16,"maxScrollStepY":16,"diagonalEvents":3,"clippedEvents":0}
[DebugBridge +54825572.9ms] wheel_scroll_motion {"eventCount":4,"rawAbsX":48,"rawAbsY":10,"rawX":48,"rawY":10,"clippedAbsX":48,"clippedAbsY":10,"clippedX":48,"clippedY":10,"requestedAppliedX":44.5176,"requestedAppliedY":9.234,"appliedX":16,"appliedY":9.234,"actualX":16,"actualY":9,"sensitivity":0.9234,"currentZoomForScroll":2.7739606438026607,"maxScrollStepX":16,"maxScrollStepY":16,"diagonalEvents":3,"clippedEvents":0}
[DebugBridge +54825607.3ms] wheel_scroll_motion {"eventCount":4,"rawAbsX":92,"rawAbsY":4,"rawX":92,"rawY":4,"clippedAbsX":92,"clippedAbsY":4,"clippedX":92,"clippedY":4,"requestedAppliedX":87.6744,"requestedAppliedY":3.6936,"appliedX":31.104000000000003,"appliedY":3.6936,"actualX":31,"actualY":3.5,"sensitivity":0.9720000000000001,"currentZoomForScroll":2.7739606438026607,"maxScrollStepX":31.104000000000003,"maxScrollStepY":16,"diagonalEvents":2,"clippedEvents":0}
[DebugBridge +54825639.1ms] wheel_scroll_motion {"eventCount":3,"rawAbsX":90,"rawAbsY":10,"rawX":90,"rawY":-10,"clippedAbsX":90,"clippedAbsY":10,"clippedX":90,"clippedY":-10,"requestedAppliedX":83.106,"requestedAppliedY":-9.234,"appliedX":31.3956,"appliedY":-9.234,"actualX":31,"actualY":-9.5,"sensitivity":0.9234,"currentZoomForScroll":2.7739606438026607,"maxScrollStepX":31.3956,"maxScrollStepY":16,"diagonalEvents":3,"clippedEvents":0}
[DebugBridge +54825665.9ms] wheel_scroll_motion {"eventCount":4,"rawAbsX":78,"rawAbsY":16,"rawX":78,"rawY":-16,"clippedAbsX":78,"clippedAbsY":16,"clippedX":78,"clippedY":-16,"requestedAppliedX":72.0252,"requestedAppliedY":-14.7744,"appliedX":36.936,"appliedY":-14.7744,"actualX":36.5,"actualY":-15,"sensitivity":0.9234,"currentZoomForScroll":2.7739606438026607,"maxScrollStepX":36.936,"maxScrollStepY":16,"diagonalEvents":4,"clippedEvents":0}
[DebugBridge +54825696.0ms] wheel_scroll_motion {"eventCount":3,"rawAbsX":102,"rawAbsY":2,"rawX":102,"rawY":-2,"clippedAbsX":102,"clippedAbsY":2,"clippedX":102,"clippedY":-2,"requestedAppliedX":97.97760000000001,"requestedAppliedY":-1.8468,"appliedX":40.824000000000005,"appliedY":-1.8468,"actualX":40.5,"actualY":-2,"sensitivity":0.9720000000000001,"currentZoomForScroll":2.7739606438026607,"maxScrollStepX":40.824000000000005,"maxScrollStepY":16,"diagonalEvents":1,"clippedEvents":0}
[DebugBridge +54825724.1ms] wheel_scroll_motion {"eventCount":4,"rawAbsX":186,"rawAbsY":0,"rawX":186,"rawY":0,"clippedAbsX":186,"clippedAbsY":0,"clippedX":186,"clippedY":0,"requestedAppliedX":180.79200000000003,"requestedAppliedY":0,"appliedX":46.656000000000006,"appliedY":0,"actualX":46.5,"actualY":0,"sensitivity":0.9720000000000001,"currentZoomForScroll":2.7739606438026607,"maxScrollStepX":46.656000000000006,"maxScrollStepY":16,"diagonalEvents":0,"clippedEvents":0}
[DebugBridge +54825757.3ms] wheel_scroll_motion {"eventCount":4,"rawAbsX":206,"rawAbsY":0,"rawX":206,"rawY":0,"clippedAbsX":206,"clippedAbsY":0,"clippedX":206,"clippedY":0,"requestedAppliedX":200.232,"requestedAppliedY":0,"appliedX":50.544000000000004,"appliedY":0,"actualX":50.5,"actualY":0,"sensitivity":0.9720000000000001,"currentZoomForScroll":2.7739606438026607,"maxScrollStepX":50.544000000000004,"maxScrollStepY":16,"diagonalEvents":0,"clippedEvents":0}
[DebugBridge +54825790.6ms] wheel_scroll_motion {"eventCount":4,"rawAbsX":178,"rawAbsY":0,"rawX":178,"rawY":0,"clippedAbsX":178,"clippedAbsY":0,"clippedX":178,"clippedY":0,"requestedAppliedX":173.01600000000002,"requestedAppliedY":0,"appliedX":44.712,"appliedY":0,"actualX":44.5,"actualY":0,"sensitivity":0.9720000000000001,"currentZoomForScroll":2.7739606438026607,"maxScrollStepX":44.712,"maxScrollStepY":16,"diagonalEvents":0,"clippedEvents":0}
[DebugBridge +54825822.4ms] wheel_scroll_motion {"eventCount":3,"rawAbsX":118,"rawAbsY":0,"rawX":118,"rawY":0,"clippedAbsX":118,"clippedAbsY":0,"clippedX":118,"clippedY":0,"requestedAppliedX":114.696,"requestedAppliedY":0,"appliedX":40.824000000000005,"appliedY":0,"actualX":40.5,"actualY":0,"sensitivity":0.9720000000000001,"currentZoomForScroll":2.7739606438026607,"maxScrollStepX":40.824000000000005,"maxScrollStepY":16,"diagonalEvents":0,"clippedEvents":0}
[DebugBridge +54825847.3ms] wheel_scroll_motion {"eventCount":3,"rawAbsX":102,"rawAbsY":0,"rawX":102,"rawY":0,"clippedAbsX":102,"clippedAbsY":0,"clippedX":102,"clippedY":0,"requestedAppliedX":99.144,"requestedAppliedY":0,"appliedX":33.048,"appliedY":0,"actualX":33,"actualY":0,"sensitivity":0.9720000000000001,"currentZoomForScroll":2.7739606438026607,"maxScrollStepX":33.048,"maxScrollStepY":16,"diagonalEvents":0,"clippedEvents":0}
[DebugBridge +54825872.2ms] wheel_scroll_motion {"eventCount":3,"rawAbsX":92,"rawAbsY":0,"rawX":92,"rawY":0,"clippedAbsX":92,"clippedAbsY":0,"clippedX":92,"clippedY":0,"requestedAppliedX":89.424,"requestedAppliedY":0,"appliedX":31.104000000000003,"appliedY":0,"actualX":31,"actualY":0,"sensitivity":0.9720000000000001,"currentZoomForScroll":2.7739606438026607,"maxScrollStepX":31.104000000000003,"maxScrollStepY":16,"diagonalEvents":0,"clippedEvents":0}
[DebugBridge +54825897.3ms] wheel_scroll_motion {"eventCount":3,"rawAbsX":78,"rawAbsY":0,"rawX":78,"rawY":0,"clippedAbsX":78,"clippedAbsY":0,"clippedX":78,"clippedY":0,"requestedAppliedX":75.816,"requestedAppliedY":0,"appliedX":25.272000000000002,"appliedY":0,"actualX":25,"actualY":0,"sensitivity":0.9720000000000001,"currentZoomForScroll":2.7739606438026607,"maxScrollStepX":25.272000000000002,"maxScrollStepY":16,"diagonalEvents":0,"clippedEvents":0}
[DebugBridge +54825922.3ms] wheel_scroll_motion {"eventCount":3,"rawAbsX":68,"rawAbsY":0,"rawX":68,"rawY":0,"clippedAbsX":68,"clippedAbsY":0,"clippedX":68,"clippedY":0,"requestedAppliedX":66.096,"requestedAppliedY":0,"appliedX":23.328000000000003,"appliedY":0,"actualX":23,"actualY":0,"sensitivity":0.9720000000000001,"currentZoomForScroll":2.7739606438026607,"maxScrollStepX":23.328000000000003,"maxScrollStepY":16,"diagonalEvents":0,"clippedEvents":0}
[DebugBridge +54825947.2ms] wheel_scroll_motion {"eventCount":3,"rawAbsX":64,"rawAbsY":0,"rawX":64,"rawY":0,"clippedAbsX":64,"clippedAbsY":0,"clippedX":64,"clippedY":0,"requestedAppliedX":62.208,"requestedAppliedY":0,"appliedX":21.384,"appliedY":0,"actualX":21,"actualY":0,"sensitivity":0.9720000000000001,"currentZoomForScroll":2.7739606438026607,"maxScrollStepX":21.384,"maxScrollStepY":16,"diagonalEvents":0,"clippedEvents":0}
[DebugBridge +54825972.8ms] wheel_scroll_motion {"eventCount":3,"rawAbsX":56,"rawAbsY":0,"rawX":56,"rawY":0,"clippedAbsX":56,"clippedAbsY":0,"clippedX":56,"clippedY":0,"requestedAppliedX":54.43200000000001,"requestedAppliedY":0,"appliedX":19.44,"appliedY":0,"actualX":19,"actualY":0,"sensitivity":0.9720000000000001,"currentZoomForScroll":2.7739606438026607,"maxScrollStepX":19.44,"maxScrollStepY":16,"diagonalEvents":0,"clippedEvents":0}
[DebugBridge +54825999.2ms] wheel_scroll_motion {"eventCount":4,"rawAbsX":78,"rawAbsY":0,"rawX":78,"rawY":0,"clippedAbsX":78,"clippedAbsY":0,"clippedX":78,"clippedY":0,"requestedAppliedX":75.816,"requestedAppliedY":0,"appliedX":31.104000000000003,"appliedY":0,"actualX":31,"actualY":0,"sensitivity":0.9720000000000001,"currentZoomForScroll":2.7739606438026607,"maxScrollStepX":31.104000000000003,"maxScrollStepY":16,"diagonalEvents":0,"clippedEvents":0}
[DebugBridge +54826030.3ms] wheel_scroll_motion {"eventCount":3,"rawAbsX":42,"rawAbsY":0,"rawX":42,"rawY":0,"clippedAbsX":42,"clippedAbsY":0,"clippedX":42,"clippedY":0,"requestedAppliedX":40.824,"requestedAppliedY":0,"appliedX":16,"appliedY":0,"actualX":16,"actualY":0,"sensitivity":0.9720000000000001,"currentZoomForScroll":2.7739606438026607,"maxScrollStepX":16,"maxScrollStepY":16,"diagonalEvents":0,"clippedEvents":0}
[DebugBridge +54826105.3ms] wheel_scroll_motion {"eventCount":3,"rawAbsX":20,"rawAbsY":10,"rawX":20,"rawY":10,"clippedAbsX":20,"clippedAbsY":10,"clippedX":20,"clippedY":10,"requestedAppliedX":18.468,"requestedAppliedY":9.331199999999999,"appliedX":16,"appliedY":9.331199999999999,"actualX":16,"actualY":9,"sensitivity":0.9234,"currentZoomForScroll":2.7739606438026607,"maxScrollStepX":16,"maxScrollStepY":16,"diagonalEvents":2,"clippedEvents":0}
[DebugBridge +54826130.7ms] wheel_scroll_motion {"eventCount":3,"rawAbsX":22,"rawAbsY":14,"rawX":22,"rawY":14,"clippedAbsX":22,"clippedAbsY":14,"clippedX":22,"clippedY":14,"requestedAppliedX":20.314799999999998,"requestedAppliedY":12.9276,"appliedX":16,"appliedY":12.9276,"actualX":16,"actualY":12.5,"sensitivity":0.9234,"currentZoomForScroll":2.7739606438026607,"maxScrollStepX":16,"maxScrollStepY":16,"diagonalEvents":3,"clippedEvents":0}
[DebugBridge +54826157.8ms] wheel_scroll_motion {"eventCount":4,"rawAbsX":68,"rawAbsY":38,"rawX":68,"rawY":38,"clippedAbsX":68,"clippedAbsY":38,"clippedX":68,"clippedY":38,"requestedAppliedX":62.7912,"requestedAppliedY":35.0892,"appliedX":18.468,"appliedY":16,"actualX":18,"actualY":16,"sensitivity":0.9234,"currentZoomForScroll":2.7739606438026607,"maxScrollStepX":18.468,"maxScrollStepY":16,"diagonalEvents":4,"clippedEvents":0}
[DebugBridge +54826189.7ms] wheel_scroll_motion {"eventCount":4,"rawAbsX":70,"rawAbsY":40,"rawX":70,"rawY":40,"clippedAbsX":70,"clippedAbsY":40,"clippedX":70,"clippedY":40,"requestedAppliedX":64.638,"requestedAppliedY":36.936,"appliedX":18.468,"appliedY":16,"actualX":18,"actualY":16,"sensitivity":0.9234,"currentZoomForScroll":2.7739606438026607,"maxScrollStepX":18.468,"maxScrollStepY":16,"diagonalEvents":4,"clippedEvents":0}
[DebugBridge +54826224.4ms] wheel_scroll_motion {"eventCount":4,"rawAbsX":52,"rawAbsY":32,"rawX":52,"rawY":32,"clippedAbsX":52,"clippedAbsY":32,"clippedX":52,"clippedY":32,"requestedAppliedX":48.016799999999996,"requestedAppliedY":29.5488,"appliedX":18.468,"appliedY":16,"actualX":18,"actualY":16,"sensitivity":0.9234,"currentZoomForScroll":2.7739606438026607,"maxScrollStepX":18.468,"maxScrollStepY":16,"diagonalEvents":4,"clippedEvents":0}
[DebugBridge +54826257.7ms] wheel_scroll_motion {"eventCount":4,"rawAbsX":70,"rawAbsY":34,"rawX":70,"rawY":34,"clippedAbsX":70,"clippedAbsY":34,"clippedX":70,"clippedY":34,"requestedAppliedX":64.638,"requestedAppliedY":31.3956,"appliedX":20.314799999999998,"appliedY":16,"actualX":20,"actualY":16,"sensitivity":0.9234,"currentZoomForScroll":2.7739606438026607,"maxScrollStepX":20.314799999999998,"maxScrollStepY":16,"diagonalEvents":4,"clippedEvents":0}
[DebugBridge +54826290.8ms] wheel_scroll_motion {"eventCount":4,"rawAbsX":98,"rawAbsY":40,"rawX":98,"rawY":40,"clippedAbsX":98,"clippedAbsY":40,"clippedX":98,"clippedY":40,"requestedAppliedX":90.4932,"requestedAppliedY":36.936,"appliedX":25.8552,"appliedY":16,"actualX":25.5,"actualY":16,"sensitivity":0.9234,"currentZoomForScroll":2.7739606438026607,"maxScrollStepX":25.8552,"maxScrollStepY":16,"diagonalEvents":4,"clippedEvents":0}
[DebugBridge +54826326.3ms] wheel_scroll_motion {"eventCount":4,"rawAbsX":102,"rawAbsY":42,"rawX":102,"rawY":42,"clippedAbsX":102,"clippedAbsY":42,"clippedX":102,"clippedY":42,"requestedAppliedX":94.1868,"requestedAppliedY":38.7828,"appliedX":24.0084,"appliedY":16,"actualX":24,"actualY":16,"sensitivity":0.9234,"currentZoomForScroll":2.7739606438026607,"maxScrollStepX":24.0084,"maxScrollStepY":16,"diagonalEvents":4,"clippedEvents":0}
[DebugBridge +54826357.6ms] wheel_scroll_motion {"eventCount":4,"rawAbsX":86,"rawAbsY":36,"rawX":86,"rawY":36,"clippedAbsX":86,"clippedAbsY":36,"clippedX":86,"clippedY":36,"requestedAppliedX":79.41239999999999,"requestedAppliedY":33.2424,"appliedX":20.314799999999998,"appliedY":16,"actualX":20,"actualY":16,"sensitivity":0.9234,"currentZoomForScroll":2.7739606438026607,"maxScrollStepX":20.314799999999998,"maxScrollStepY":16,"diagonalEvents":4,"clippedEvents":0}
[DebugBridge +54826388.2ms] wheel_scroll_motion {"eventCount":3,"rawAbsX":52,"rawAbsY":24,"rawX":52,"rawY":24,"clippedAbsX":52,"clippedAbsY":24,"clippedX":52,"clippedY":24,"requestedAppliedX":48.0168,"requestedAppliedY":22.1616,"appliedX":18.468,"appliedY":16,"actualX":18,"actualY":16,"sensitivity":0.9234,"currentZoomForScroll":2.7739606438026607,"maxScrollStepX":18.468,"maxScrollStepY":16,"diagonalEvents":3,"clippedEvents":0}
[DebugBridge +54826414.2ms] wheel_scroll_motion {"eventCount":3,"rawAbsX":48,"rawAbsY":20,"rawX":48,"rawY":20,"clippedAbsX":48,"clippedAbsY":20,"clippedX":48,"clippedY":20,"requestedAppliedX":44.3232,"requestedAppliedY":18.468,"appliedX":16,"appliedY":16,"actualX":16,"actualY":16,"sensitivity":0.9234,"currentZoomForScroll":2.7739606438026607,"maxScrollStepX":16,"maxScrollStepY":16,"diagonalEvents":3,"clippedEvents":0}
[DebugBridge +54826443.1ms] wheel_scroll_motion {"eventCount":4,"rawAbsX":58,"rawAbsY":24,"rawX":58,"rawY":24,"clippedAbsX":58,"clippedAbsY":24,"clippedX":58,"clippedY":24,"requestedAppliedX":53.557199999999995,"requestedAppliedY":22.1616,"appliedX":16,"appliedY":16,"actualX":16,"actualY":16,"sensitivity":0.9234,"currentZoomForScroll":2.7739606438026607,"maxScrollStepX":16,"maxScrollStepY":16,"diagonalEvents":4,"clippedEvents":0}
[DebugBridge +54826475.2ms] wheel_scroll_motion {"eventCount":4,"rawAbsX":48,"rawAbsY":24,"rawX":48,"rawY":24,"clippedAbsX":48,"clippedAbsY":24,"clippedX":48,"clippedY":24,"requestedAppliedX":44.32320000000001,"requestedAppliedY":22.1616,"appliedX":16,"appliedY":16,"actualX":16,"actualY":16,"sensitivity":0.9234,"currentZoomForScroll":2.7739606438026607,"maxScrollStepX":16,"maxScrollStepY":16,"diagonalEvents":4,"clippedEvents":0}
[DebugBridge +54826507.9ms] wheel_scroll_motion {"eventCount":4,"rawAbsX":40,"rawAbsY":18,"rawX":40,"rawY":18,"clippedAbsX":40,"clippedAbsY":18,"clippedX":40,"clippedY":18,"requestedAppliedX":36.936,"requestedAppliedY":16.6212,"appliedX":16,"appliedY":16,"actualX":16,"actualY":16,"sensitivity":0.9234,"currentZoomForScroll":2.7739606438026607,"maxScrollStepX":16,"maxScrollStepY":16,"diagonalEvents":4,"clippedEvents":0}
[DebugBridge +54826540.4ms] wheel_scroll_motion {"eventCount":4,"rawAbsX":32,"rawAbsY":16,"rawX":32,"rawY":16,"clippedAbsX":32,"clippedAbsY":16,"clippedX":32,"clippedY":16,"requestedAppliedX":29.5488,"requestedAppliedY":14.7744,"appliedX":16,"appliedY":14.7744,"actualX":16,"actualY":14.5,"sensitivity":0.9234,"currentZoomForScroll":2.7739606438026607,"maxScrollStepX":16,"maxScrollStepY":16,"diagonalEvents":4,"clippedEvents":0}
[DebugBridge +54826574.0ms] wheel_scroll_motion {"eventCount":4,"rawAbsX":26,"rawAbsY":16,"rawX":26,"rawY":16,"clippedAbsX":26,"clippedAbsY":16,"clippedX":26,"clippedY":16,"requestedAppliedX":24.0084,"requestedAppliedY":14.7744,"appliedX":16,"appliedY":14.7744,"actualX":16,"actualY":14.5,"sensitivity":0.9234,"currentZoomForScroll":2.7739606438026607,"maxScrollStepX":16,"maxScrollStepY":16,"diagonalEvents":4,"clippedEvents":0}
[DebugBridge +54826607.1ms] wheel_scroll_motion {"eventCount":4,"rawAbsX":24,"rawAbsY":16,"rawX":24,"rawY":16,"clippedAbsX":24,"clippedAbsY":16,"clippedX":24,"clippedY":16,"requestedAppliedX":22.1616,"requestedAppliedY":14.7744,"appliedX":16,"appliedY":14.7744,"actualX":16,"actualY":14.5,"sensitivity":0.9234,"currentZoomForScroll":2.7739606438026607,"maxScrollStepX":16,"maxScrollStepY":16,"diagonalEvents":4,"clippedEvents":0}
[DebugBridge +54826666.8ms] wheel_scroll_motion {"eventCount":4,"rawAbsX":20,"rawAbsY":10,"rawX":20,"rawY":10,"clippedAbsX":20,"clippedAbsY":10,"clippedX":20,"clippedY":10,"requestedAppliedX":18.468,"requestedAppliedY":9.234,"appliedX":16,"appliedY":9.234,"actualX":16,"actualY":9,"sensitivity":0.9234,"currentZoomForScroll":2.7739606438026607,"maxScrollStepX":16,"maxScrollStepY":16,"diagonalEvents":4,"clippedEvents":0}
[DebugBridge +54826699.6ms] wheel_scroll_motion {"eventCount":4,"rawAbsX":58,"rawAbsY":16,"rawX":58,"rawY":16,"clippedAbsX":58,"clippedAbsY":16,"clippedX":58,"clippedY":16,"requestedAppliedX":53.5572,"requestedAppliedY":14.7744,"appliedX":16.6212,"appliedY":14.7744,"actualX":16.5,"actualY":14.5,"sensitivity":0.9234,"currentZoomForScroll":2.7739606438026607,"maxScrollStepX":16.6212,"maxScrollStepY":16,"diagonalEvents":4,"clippedEvents":0}
[DebugBridge +54826732.0ms] wheel_scroll_motion {"eventCount":4,"rawAbsX":106,"rawAbsY":8,"rawX":106,"rawY":-8,"clippedAbsX":106,"clippedAbsY":8,"clippedX":106,"clippedY":-8,"requestedAppliedX":99.0468,"requestedAppliedY":-7.3872,"appliedX":36.936,"appliedY":-7.3872,"actualX":36.5,"actualY":-7.5,"sensitivity":0.9234,"currentZoomForScroll":2.7739606438026607,"maxScrollStepX":36.936,"maxScrollStepY":16,"diagonalEvents":3,"clippedEvents":0}
[DebugBridge +54826766.1ms] wheel_scroll_motion {"eventCount":4,"rawAbsX":112,"rawAbsY":32,"rawX":112,"rawY":-32,"clippedAbsX":112,"clippedAbsY":32,"clippedX":112,"clippedY":-32,"requestedAppliedX":103.4208,"requestedAppliedY":-29.5488,"appliedX":40.629599999999996,"appliedY":-16,"actualX":40.5,"actualY":-16,"sensitivity":0.9234,"currentZoomForScroll":2.7739606438026607,"maxScrollStepX":40.629599999999996,"maxScrollStepY":16,"diagonalEvents":4,"clippedEvents":0}
[DebugBridge +54826800.7ms] wheel_scroll_motion {"eventCount":4,"rawAbsX":64,"rawAbsY":30,"rawX":64,"rawY":-30,"clippedAbsX":64,"clippedAbsY":30,"clippedX":64,"clippedY":-30,"requestedAppliedX":59.0976,"requestedAppliedY":-27.701999999999998,"appliedX":20.314799999999998,"appliedY":-16,"actualX":20,"actualY":-16,"sensitivity":0.9234,"currentZoomForScroll":2.7739606438026607,"maxScrollStepX":20.314799999999998,"maxScrollStepY":16,"diagonalEvents":4,"clippedEvents":0}
[DebugBridge +54826831.7ms] wheel_scroll_motion {"eventCount":4,"rawAbsX":70,"rawAbsY":26,"rawX":70,"rawY":-26,"clippedAbsX":70,"clippedAbsY":26,"clippedX":70,"clippedY":-26,"requestedAppliedX":64.638,"requestedAppliedY":-24.0084,"appliedX":24.0084,"appliedY":-16,"actualX":24,"actualY":-16,"sensitivity":0.9234,"currentZoomForScroll":2.7739606438026607,"maxScrollStepX":24.0084,"maxScrollStepY":16,"diagonalEvents":4,"clippedEvents":0}
[DebugBridge +54826865.5ms] wheel_scroll_motion {"eventCount":4,"rawAbsX":108,"rawAbsY":30,"rawX":108,"rawY":-30,"clippedAbsX":108,"clippedAbsY":30,"clippedX":108,"clippedY":-30,"requestedAppliedX":99.7272,"requestedAppliedY":-27.701999999999998,"appliedX":25.8552,"appliedY":-16,"actualX":25.5,"actualY":-16,"sensitivity":0.9234,"currentZoomForScroll":2.7739606438026607,"maxScrollStepX":25.8552,"maxScrollStepY":16,"diagonalEvents":4,"clippedEvents":0}
[DebugBridge +54826896.1ms] wheel_scroll_motion {"eventCount":3,"rawAbsX":100,"rawAbsY":24,"rawX":100,"rawY":-24,"clippedAbsX":100,"clippedAbsY":24,"clippedX":100,"clippedY":-24,"requestedAppliedX":92.34,"requestedAppliedY":-22.1616,"appliedX":31.3956,"appliedY":-16,"actualX":31,"actualY":-16,"sensitivity":0.9234,"currentZoomForScroll":2.7739606438026607,"maxScrollStepX":31.3956,"maxScrollStepY":16,"diagonalEvents":3,"clippedEvents":0}
[DebugBridge +54826922.1ms] wheel_scroll_motion {"eventCount":3,"rawAbsX":90,"rawAbsY":18,"rawX":90,"rawY":-18,"clippedAbsX":90,"clippedAbsY":18,"clippedX":90,"clippedY":-18,"requestedAppliedX":83.106,"requestedAppliedY":-16.6212,"appliedX":27.701999999999998,"appliedY":-16,"actualX":27.5,"actualY":-16,"sensitivity":0.9234,"currentZoomForScroll":2.7739606438026607,"maxScrollStepX":27.701999999999998,"maxScrollStepY":16,"diagonalEvents":3,"clippedEvents":0}
[DebugBridge +54826949.3ms] wheel_scroll_motion {"eventCount":4,"rawAbsX":98,"rawAbsY":24,"rawX":98,"rawY":-24,"clippedAbsX":98,"clippedAbsY":24,"clippedX":98,"clippedY":-24,"requestedAppliedX":90.4932,"requestedAppliedY":-22.1616,"appliedX":24.0084,"appliedY":-16,"actualX":24,"actualY":-16,"sensitivity":0.9234,"currentZoomForScroll":2.7739606438026607,"maxScrollStepX":24.0084,"maxScrollStepY":16,"diagonalEvents":4,"clippedEvents":0}
[DebugBridge +54826982.3ms] wheel_scroll_motion {"eventCount":4,"rawAbsX":86,"rawAbsY":24,"rawX":86,"rawY":-24,"clippedAbsX":86,"clippedAbsY":24,"clippedX":86,"clippedY":-24,"requestedAppliedX":79.41239999999999,"requestedAppliedY":-22.1616,"appliedX":20.314799999999998,"appliedY":-16,"actualX":20,"actualY":-16,"sensitivity":0.9234,"currentZoomForScroll":2.7739606438026607,"maxScrollStepX":20.314799999999998,"maxScrollStepY":16,"diagonalEvents":4,"clippedEvents":0}
[DebugBridge +54827016.4ms] wheel_scroll_motion {"eventCount":4,"rawAbsX":72,"rawAbsY":20,"rawX":72,"rawY":-20,"clippedAbsX":72,"clippedAbsY":20,"clippedX":72,"clippedY":-20,"requestedAppliedX":66.4848,"requestedAppliedY":-18.468,"appliedX":18.468,"appliedY":-16,"actualX":18,"actualY":-16,"sensitivity":0.9234,"currentZoomForScroll":2.7739606438026607,"maxScrollStepX":18.468,"maxScrollStepY":16,"diagonalEvents":4,"clippedEvents":0}
[DebugBridge +54827046.9ms] wheel_scroll_motion {"eventCount":3,"rawAbsX":48,"rawAbsY":12,"rawX":48,"rawY":-12,"clippedAbsX":48,"clippedAbsY":12,"clippedX":48,"clippedY":-12,"requestedAppliedX":44.3232,"requestedAppliedY":-11.0808,"appliedX":16,"appliedY":-11.0808,"actualX":16,"actualY":-11.5,"sensitivity":0.9234,"currentZoomForScroll":2.7739606438026607,"maxScrollStepX":16,"maxScrollStepY":16,"diagonalEvents":3,"clippedEvents":0}
[DebugBridge +54827074.0ms] wheel_scroll_motion {"eventCount":3,"rawAbsX":42,"rawAbsY":12,"rawX":42,"rawY":-12,"clippedAbsX":42,"clippedAbsY":12,"clippedX":42,"clippedY":-12,"requestedAppliedX":38.7828,"requestedAppliedY":-11.0808,"appliedX":16,"appliedY":-11.0808,"actualX":16,"actualY":-11.5,"sensitivity":0.9234,"currentZoomForScroll":2.7739606438026607,"maxScrollStepX":16,"maxScrollStepY":16,"diagonalEvents":3,"clippedEvents":0}
[DebugBridge +54827180.6ms] wheel_scroll_motion {"eventCount":5,"rawAbsX":56,"rawAbsY":96,"rawX":-56,"rawY":-96,"clippedAbsX":56,"clippedAbsY":96,"clippedX":-56,"clippedY":-96,"requestedAppliedX":-51.7104,"requestedAppliedY":-88.6464,"appliedX":-24.0084,"appliedY":-44.3232,"actualX":-24.5,"actualY":-44.5,"sensitivity":0.9234,"currentZoomForScroll":2.7739606438026607,"maxScrollStepX":24.0084,"maxScrollStepY":44.3232,"diagonalEvents":5,"clippedEvents":0}
[DebugBridge +54827214.6ms] wheel_scroll_motion {"eventCount":4,"rawAbsX":34,"rawAbsY":58,"rawX":-34,"rawY":-58,"clippedAbsX":34,"clippedAbsY":58,"clippedX":-34,"clippedY":-58,"requestedAppliedX":-31.3956,"requestedAppliedY":-53.557199999999995,"appliedX":-16,"appliedY":-20.314799999999998,"actualX":-16,"actualY":-20.5,"sensitivity":0.9234,"currentZoomForScroll":2.7739606438026607,"maxScrollStepX":16,"maxScrollStepY":20.314799999999998,"diagonalEvents":4,"clippedEvents":0}
[DebugBridge +54827245.7ms] wheel_scroll_motion {"eventCount":3,"rawAbsX":28,"rawAbsY":40,"rawX":-28,"rawY":-40,"clippedAbsX":28,"clippedAbsY":40,"clippedX":-28,"clippedY":-40,"requestedAppliedX":-25.8552,"requestedAppliedY":-36.936,"appliedX":-16,"appliedY":-22.1616,"actualX":-16,"actualY":-22.5,"sensitivity":0.9234,"currentZoomForScroll":2.7739606438026607,"maxScrollStepX":16,"maxScrollStepY":22.1616,"diagonalEvents":3,"clippedEvents":0}
[DebugBridge +54827273.9ms] wheel_scroll_motion {"eventCount":4,"rawAbsX":46,"rawAbsY":72,"rawX":-46,"rawY":-72,"clippedAbsX":46,"clippedAbsY":72,"clippedX":-46,"clippedY":-72,"requestedAppliedX":-42.4764,"requestedAppliedY":-66.4848,"appliedX":-16,"appliedY":-22.1616,"actualX":-16,"actualY":-22.5,"sensitivity":0.9234,"currentZoomForScroll":2.7739606438026607,"maxScrollStepX":16,"maxScrollStepY":22.1616,"diagonalEvents":4,"clippedEvents":0}
[DebugBridge +54827306.7ms] wheel_scroll_motion {"eventCount":4,"rawAbsX":58,"rawAbsY":106,"rawX":-58,"rawY":-106,"clippedAbsX":58,"clippedAbsY":106,"clippedX":-58,"clippedY":-106,"requestedAppliedX":-53.5572,"requestedAppliedY":-97.88040000000001,"appliedX":-16,"appliedY":-29.5488,"actualX":-16,"actualY":-30,"sensitivity":0.9234,"currentZoomForScroll":2.7739606438026607,"maxScrollStepX":16,"maxScrollStepY":29.5488,"diagonalEvents":4,"clippedEvents":0}
[DebugBridge +54827340.5ms] wheel_scroll_motion {"eventCount":4,"rawAbsX":64,"rawAbsY":112,"rawX":-64,"rawY":-112,"clippedAbsX":64,"clippedAbsY":112,"clippedX":-64,"clippedY":-112,"requestedAppliedX":-59.0976,"requestedAppliedY":-103.42079999999999,"appliedX":-16,"appliedY":-27.701999999999998,"actualX":-16,"actualY":-28,"sensitivity":0.9234,"currentZoomForScroll":2.7739606438026607,"maxScrollStepX":16,"maxScrollStepY":27.701999999999998,"diagonalEvents":4,"clippedEvents":0}
[DebugBridge +54827371.8ms] wheel_scroll_motion {"eventCount":4,"rawAbsX":54,"rawAbsY":96,"rawX":-54,"rawY":-96,"clippedAbsX":54,"clippedAbsY":96,"clippedX":-54,"clippedY":-96,"requestedAppliedX":-49.863600000000005,"requestedAppliedY":-88.6464,"appliedX":-16,"appliedY":-24.0084,"actualX":-16,"actualY":-24.5,"sensitivity":0.9234,"currentZoomForScroll":2.7739606438026607,"maxScrollStepX":16,"maxScrollStepY":24.0084,"diagonalEvents":4,"clippedEvents":0}
[DebugBridge +54827407.5ms] wheel_scroll_motion {"eventCount":4,"rawAbsX":42,"rawAbsY":82,"rawX":-42,"rawY":-82,"clippedAbsX":42,"clippedAbsY":82,"clippedX":-42,"clippedY":-82,"requestedAppliedX":-38.7828,"requestedAppliedY":-75.7188,"appliedX":-16,"appliedY":-20.314799999999998,"actualX":-16,"actualY":-20.5,"sensitivity":0.9234,"currentZoomForScroll":2.7739606438026607,"maxScrollStepX":16,"maxScrollStepY":20.314799999999998,"diagonalEvents":4,"clippedEvents":0}
[DebugBridge +54827441.0ms] wheel_scroll_motion {"eventCount":4,"rawAbsX":36,"rawAbsY":68,"rawX":-36,"rawY":-68,"clippedAbsX":36,"clippedAbsY":68,"clippedX":-36,"clippedY":-68,"requestedAppliedX":-33.2424,"requestedAppliedY":-62.7912,"appliedX":-16,"appliedY":-16.6212,"actualX":-16,"actualY":-17,"sensitivity":0.9234,"currentZoomForScroll":2.7739606438026607,"maxScrollStepX":16,"maxScrollStepY":16.6212,"diagonalEvents":4,"clippedEvents":0}
[DebugBridge +54827473.7ms] wheel_scroll_motion {"eventCount":4,"rawAbsX":32,"rawAbsY":60,"rawX":-32,"rawY":-60,"clippedAbsX":32,"clippedAbsY":60,"clippedX":-32,"clippedY":-60,"requestedAppliedX":-29.5488,"requestedAppliedY":-55.403999999999996,"appliedX":-16,"appliedY":-16,"actualX":-16,"actualY":-16,"sensitivity":0.9234,"currentZoomForScroll":2.7739606438026607,"maxScrollStepX":16,"maxScrollStepY":16,"diagonalEvents":4,"clippedEvents":0}
[DebugBridge +54827504.8ms] wheel_scroll_motion {"eventCount":3,"rawAbsX":18,"rawAbsY":40,"rawX":-18,"rawY":-40,"clippedAbsX":18,"clippedAbsY":40,"clippedX":-18,"clippedY":-40,"requestedAppliedX":-16.6212,"requestedAppliedY":-36.936,"appliedX":-16,"appliedY":-16,"actualX":-16,"actualY":-16,"sensitivity":0.9234,"currentZoomForScroll":2.7739606438026607,"maxScrollStepX":16,"maxScrollStepY":16,"diagonalEvents":3,"clippedEvents":0}
[DebugBridge +54827532.0ms] wheel_scroll_motion {"eventCount":1,"rawAbsX":6,"rawAbsY":12,"rawX":-6,"rawY":-12,"clippedAbsX":6,"clippedAbsY":12,"clippedX":-6,"clippedY":-12,"requestedAppliedX":-5.5404,"requestedAppliedY":-11.0808,"appliedX":-5.5404,"appliedY":-11.0808,"actualX":-6,"actualY":-11.5,"sensitivity":0.9234,"currentZoomForScroll":2.7739606438026607,"maxScrollStepX":16,"maxScrollStepY":16,"diagonalEvents":1,"clippedEvents":0}
[DebugBridge +54827574.6ms] wheel_scroll_motion {"eventCount":4,"rawAbsX":4,"rawAbsY":38,"rawX":4,"rawY":-38,"clippedAbsX":4,"clippedAbsY":38,"clippedX":4,"clippedY":-38,"requestedAppliedX":3.6936,"requestedAppliedY":-35.964,"appliedX":3.6936,"appliedY":-16,"actualX":3.5,"actualY":-16,"sensitivity":0.9234,"currentZoomForScroll":2.7739606438026607,"maxScrollStepX":16,"maxScrollStepY":16,"diagonalEvents":2,"clippedEvents":0}
[DebugBridge +54827605.9ms] wheel_scroll_motion {"eventCount":3,"rawAbsX":10,"rawAbsY":86,"rawX":-10,"rawY":-86,"clippedAbsX":10,"clippedAbsY":86,"clippedX":-10,"clippedY":-86,"requestedAppliedX":-9.234,"requestedAppliedY":-79.4124,"appliedX":-9.234,"appliedY":-44.3232,"actualX":-9.5,"actualY":-44.5,"sensitivity":0.9234,"currentZoomForScroll":2.7739606438026607,"maxScrollStepX":16,"maxScrollStepY":44.3232,"diagonalEvents":3,"clippedEvents":0}
[DebugBridge +54827632.7ms] wheel_scroll_motion {"eventCount":4,"rawAbsX":24,"rawAbsY":144,"rawX":-24,"rawY":-144,"clippedAbsX":24,"clippedAbsY":144,"clippedX":-24,"clippedY":-144,"requestedAppliedX":-22.1616,"requestedAppliedY":-132.9696,"appliedX":-16,"appliedY":-72.0252,"actualX":-16,"actualY":-72.5,"sensitivity":0.9234,"currentZoomForScroll":2.7739606438026607,"maxScrollStepX":16,"maxScrollStepY":72.0252,"diagonalEvents":4,"clippedEvents":0}
[DebugBridge +54827662.3ms] wheel_scroll_motion {"eventCount":3,"rawAbsX":18,"rawAbsY":62,"rawX":-18,"rawY":-62,"clippedAbsX":18,"clippedAbsY":62,"clippedX":-18,"clippedY":-62,"requestedAppliedX":-16.6212,"requestedAppliedY":-57.2508,"appliedX":-16,"appliedY":-22.1616,"actualX":-16,"actualY":-22.5,"sensitivity":0.9234,"currentZoomForScroll":2.7739606438026607,"maxScrollStepX":16,"maxScrollStepY":22.1616,"diagonalEvents":3,"clippedEvents":0}
[DebugBridge +54827688.9ms] wheel_scroll_motion {"eventCount":4,"rawAbsX":22,"rawAbsY":50,"rawX":-22,"rawY":-50,"clippedAbsX":22,"clippedAbsY":50,"clippedX":-22,"clippedY":-50,"requestedAppliedX":-20.3148,"requestedAppliedY":-46.169999999999995,"appliedX":-16,"appliedY":-16,"actualX":-16,"actualY":-16,"sensitivity":0.9234,"currentZoomForScroll":2.7739606438026607,"maxScrollStepX":16,"maxScrollStepY":16,"diagonalEvents":4,"clippedEvents":0}
[DebugBridge +54827723.8ms] wheel_scroll_motion {"eventCount":4,"rawAbsX":0,"rawAbsY":98,"rawX":0,"rawY":-98,"clippedAbsX":0,"clippedAbsY":98,"clippedX":0,"clippedY":-98,"requestedAppliedX":0,"requestedAppliedY":-95.25600000000001,"appliedX":0,"appliedY":-31.104000000000003,"actualX":0,"actualY":-31.5,"sensitivity":0.9720000000000001,"currentZoomForScroll":2.7739606438026607,"maxScrollStepX":16,"maxScrollStepY":31.104000000000003,"diagonalEvents":0,"clippedEvents":0}
[DebugBridge +54827755.1ms] wheel_scroll_motion {"eventCount":4,"rawAbsX":0,"rawAbsY":140,"rawX":0,"rawY":-140,"clippedAbsX":0,"clippedAbsY":140,"clippedX":0,"clippedY":-140,"requestedAppliedX":0,"requestedAppliedY":-136.08,"appliedX":0,"appliedY":-38.88,"actualX":0,"actualY":-39,"sensitivity":0.9720000000000001,"currentZoomForScroll":2.7739606438026607,"maxScrollStepX":16,"maxScrollStepY":38.88,"diagonalEvents":0,"clippedEvents":0}
[DebugBridge +54827791.1ms] wheel_scroll_motion {"eventCount":4,"rawAbsX":0,"rawAbsY":150,"rawX":0,"rawY":-150,"clippedAbsX":0,"clippedAbsY":150,"clippedX":0,"clippedY":-150,"requestedAppliedX":0,"requestedAppliedY":-145.8,"appliedX":0,"appliedY":-36.936,"actualX":0,"actualY":-37,"sensitivity":0.9720000000000001,"currentZoomForScroll":2.7739606438026607,"maxScrollStepX":16,"maxScrollStepY":36.936,"diagonalEvents":0,"clippedEvents":0}
[DebugBridge +54827824.1ms] wheel_scroll_motion {"eventCount":4,"rawAbsX":0,"rawAbsY":124,"rawX":0,"rawY":-124,"clippedAbsX":0,"clippedAbsY":124,"clippedX":0,"clippedY":-124,"requestedAppliedX":0,"requestedAppliedY":-120.52800000000002,"appliedX":0,"appliedY":-33.048,"actualX":0,"actualY":-33.5,"sensitivity":0.9720000000000001,"currentZoomForScroll":2.7739606438026607,"maxScrollStepX":16,"maxScrollStepY":33.048,"diagonalEvents":0,"clippedEvents":0}
[DebugBridge +54827857.7ms] wheel_scroll_motion {"eventCount":4,"rawAbsX":0,"rawAbsY":110,"rawX":0,"rawY":-110,"clippedAbsX":0,"clippedAbsY":110,"clippedX":0,"clippedY":-110,"requestedAppliedX":0,"requestedAppliedY":-106.92000000000002,"appliedX":0,"appliedY":-29.160000000000004,"actualX":0,"actualY":-29.5,"sensitivity":0.9720000000000001,"currentZoomForScroll":2.7739606438026607,"maxScrollStepX":16,"maxScrollStepY":29.160000000000004,"diagonalEvents":0,"clippedEvents":0}
[DebugBridge +54827889.4ms] wheel_scroll_motion {"eventCount":4,"rawAbsX":0,"rawAbsY":88,"rawX":0,"rawY":-88,"clippedAbsX":0,"clippedAbsY":88,"clippedX":0,"clippedY":-88,"requestedAppliedX":0,"requestedAppliedY":-85.536,"appliedX":0,"appliedY":-23.328000000000003,"actualX":0,"actualY":-23.5,"sensitivity":0.9720000000000001,"currentZoomForScroll":2.7739606438026607,"maxScrollStepX":16,"maxScrollStepY":23.328000000000003,"diagonalEvents":0,"clippedEvents":0}
[DebugBridge +54827921.4ms] wheel_scroll_motion {"eventCount":4,"rawAbsX":0,"rawAbsY":76,"rawX":0,"rawY":-76,"clippedAbsX":0,"clippedAbsY":76,"clippedX":0,"clippedY":-76,"requestedAppliedX":0,"requestedAppliedY":-73.87200000000001,"appliedX":0,"appliedY":-19.44,"actualX":0,"actualY":-19.5,"sensitivity":0.9720000000000001,"currentZoomForScroll":2.7739606438026607,"maxScrollStepX":16,"maxScrollStepY":19.44,"diagonalEvents":0,"clippedEvents":0}
[DebugBridge +54828063.2ms] wheel_scroll_motion {"eventCount":4,"rawAbsX":8,"rawAbsY":14,"rawX":-8,"rawY":14,"clippedAbsX":8,"clippedAbsY":14,"clippedX":-8,"clippedY":14,"requestedAppliedX":-7.3872,"requestedAppliedY":12.9276,"appliedX":-7.3872,"appliedY":12.9276,"actualX":-7.5,"actualY":12.5,"sensitivity":0.9234,"currentZoomForScroll":2.7739606438026607,"maxScrollStepX":16,"maxScrollStepY":16,"diagonalEvents":4,"clippedEvents":0}
[DebugBridge +54828096.0ms] wheel_scroll_motion {"eventCount":4,"rawAbsX":14,"rawAbsY":30,"rawX":-14,"rawY":30,"clippedAbsX":14,"clippedAbsY":30,"clippedX":-14,"clippedY":30,"requestedAppliedX":-12.9276,"requestedAppliedY":27.701999999999998,"appliedX":-12.9276,"appliedY":16,"actualX":-13,"actualY":16,"sensitivity":0.9234,"currentZoomForScroll":2.7739606438026607,"maxScrollStepX":16,"maxScrollStepY":16,"diagonalEvents":4,"clippedEvents":0}
[DebugBridge +54828128.6ms] wheel_scroll_motion {"eventCount":4,"rawAbsX":10,"rawAbsY":48,"rawX":-10,"rawY":48,"clippedAbsX":10,"clippedAbsY":48,"clippedX":-10,"clippedY":48,"requestedAppliedX":-9.234,"requestedAppliedY":44.9064,"appliedX":-9.234,"appliedY":16,"actualX":-9.5,"actualY":16,"sensitivity":0.9720000000000001,"currentZoomForScroll":2.7739606438026607,"maxScrollStepX":16,"maxScrollStepY":16,"diagonalEvents":3,"clippedEvents":0}
[DebugBridge +54828159.4ms] wheel_scroll_motion {"eventCount":3,"rawAbsX":10,"rawAbsY":64,"rawX":10,"rawY":64,"clippedAbsX":10,"clippedAbsY":64,"clippedX":10,"clippedY":64,"requestedAppliedX":9.234,"requestedAppliedY":59.778000000000006,"appliedX":9.234,"appliedY":33.2424,"actualX":9,"actualY":33,"sensitivity":0.9234,"currentZoomForScroll":2.7739606438026607,"maxScrollStepX":16,"maxScrollStepY":33.2424,"diagonalEvents":2,"clippedEvents":0}
[DebugBridge +54828186.0ms] wheel_scroll_motion {"eventCount":4,"rawAbsX":20,"rawAbsY":104,"rawX":20,"rawY":104,"clippedAbsX":20,"clippedAbsY":104,"clippedX":20,"clippedY":104,"requestedAppliedX":18.468000000000004,"requestedAppliedY":96.03359999999999,"appliedX":16,"appliedY":42.4764,"actualX":16,"actualY":42,"sensitivity":0.9234,"currentZoomForScroll":2.7739606438026607,"maxScrollStepX":16,"maxScrollStepY":42.4764,"diagonalEvents":4,"clippedEvents":0}
[DebugBridge +54828217.7ms] wheel_scroll_motion {"eventCount":3,"rawAbsX":22,"rawAbsY":104,"rawX":22,"rawY":104,"clippedAbsX":22,"clippedAbsY":104,"clippedX":22,"clippedY":104,"requestedAppliedX":20.314799999999998,"requestedAppliedY":96.0336,"appliedX":16,"appliedY":35.0892,"actualX":16,"actualY":35,"sensitivity":0.9234,"currentZoomForScroll":2.7739606438026607,"maxScrollStepX":16,"maxScrollStepY":35.0892,"diagonalEvents":3,"clippedEvents":0}
[DebugBridge +54828245.0ms] wheel_scroll_motion {"eventCount":4,"rawAbsX":30,"rawAbsY":102,"rawX":30,"rawY":102,"clippedAbsX":30,"clippedAbsY":102,"clippedX":30,"clippedY":102,"requestedAppliedX":27.701999999999998,"requestedAppliedY":94.1868,"appliedX":16,"appliedY":42.4764,"actualX":16,"actualY":42,"sensitivity":0.9234,"currentZoomForScroll":2.7739606438026607,"maxScrollStepX":16,"maxScrollStepY":42.4764,"diagonalEvents":4,"clippedEvents":0}
[DebugBridge +54828278.8ms] wheel_scroll_motion {"eventCount":4,"rawAbsX":0,"rawAbsY":234,"rawX":0,"rawY":234,"clippedAbsX":0,"clippedAbsY":234,"clippedX":0,"clippedY":234,"requestedAppliedX":0,"requestedAppliedY":227.448,"appliedX":0,"appliedY":103.03200000000001,"actualX":0,"actualY":103,"sensitivity":0.9720000000000001,"currentZoomForScroll":2.7739606438026607,"maxScrollStepX":16,"maxScrollStepY":103.03200000000001,"diagonalEvents":0,"clippedEvents":0}
[DebugBridge +54828310.3ms] wheel_scroll_motion {"eventCount":4,"rawAbsX":0,"rawAbsY":240,"rawX":0,"rawY":240,"clippedAbsX":0,"clippedAbsY":240,"clippedX":0,"clippedY":240,"requestedAppliedX":0,"requestedAppliedY":233.28,"appliedX":0,"appliedY":62.208000000000006,"actualX":0,"actualY":62,"sensitivity":0.9720000000000001,"currentZoomForScroll":2.7739606438026607,"maxScrollStepX":16,"maxScrollStepY":62.208000000000006,"diagonalEvents":0,"clippedEvents":0}
[DebugBridge +54828347.0ms] wheel_scroll_motion {"eventCount":4,"rawAbsX":0,"rawAbsY":228,"rawX":0,"rawY":228,"clippedAbsX":0,"clippedAbsY":228,"clippedX":0,"clippedY":228,"requestedAppliedX":0,"requestedAppliedY":221.616,"appliedX":0,"appliedY":58.32000000000001,"actualX":0,"actualY":58,"sensitivity":0.9720000000000001,"currentZoomForScroll":2.7739606438026607,"maxScrollStepX":16,"maxScrollStepY":58.32000000000001,"diagonalEvents":0,"clippedEvents":0}
[DebugBridge +54828378.2ms] wheel_scroll_motion {"eventCount":4,"rawAbsX":0,"rawAbsY":196,"rawX":0,"rawY":196,"clippedAbsX":0,"clippedAbsY":196,"clippedX":0,"clippedY":196,"requestedAppliedX":0,"requestedAppliedY":190.512,"appliedX":0,"appliedY":50.544000000000004,"actualX":0,"actualY":50.5,"sensitivity":0.9720000000000001,"currentZoomForScroll":2.7739606438026607,"maxScrollStepX":16,"maxScrollStepY":50.544000000000004,"diagonalEvents":0,"clippedEvents":0}
[DebugBridge +54828412.3ms] wheel_scroll_motion {"eventCount":4,"rawAbsX":0,"rawAbsY":174,"rawX":0,"rawY":174,"clippedAbsX":0,"clippedAbsY":174,"clippedX":0,"clippedY":174,"requestedAppliedX":0,"requestedAppliedY":169.12800000000001,"appliedX":0,"appliedY":44.712,"actualX":0,"actualY":44.5,"sensitivity":0.9720000000000001,"currentZoomForScroll":2.7739606438026607,"maxScrollStepX":16,"maxScrollStepY":44.712,"diagonalEvents":0,"clippedEvents":0}
[DebugBridge +54828444.8ms] wheel_scroll_motion {"eventCount":4,"rawAbsX":0,"rawAbsY":144,"rawX":0,"rawY":144,"clippedAbsX":0,"clippedAbsY":144,"clippedX":0,"clippedY":144,"requestedAppliedX":0,"requestedAppliedY":139.96800000000002,"appliedX":0,"appliedY":36.936,"actualX":0,"actualY":36.5,"sensitivity":0.9720000000000001,"currentZoomForScroll":2.7739606438026607,"maxScrollStepX":16,"maxScrollStepY":36.936,"diagonalEvents":0,"clippedEvents":0}
[DebugBridge +54828477.7ms] wheel_scroll_motion {"eventCount":4,"rawAbsX":0,"rawAbsY":124,"rawX":0,"rawY":124,"clippedAbsX":0,"clippedAbsY":124,"clippedX":0,"clippedY":124,"requestedAppliedX":0,"requestedAppliedY":120.52800000000002,"appliedX":0,"appliedY":33.048,"actualX":0,"actualY":33,"sensitivity":0.9720000000000001,"currentZoomForScroll":2.7739606438026607,"maxScrollStepX":16,"maxScrollStepY":33.048,"diagonalEvents":0,"clippedEvents":0}
[DebugBridge +54828509.2ms] wheel_scroll_motion {"eventCount":3,"rawAbsX":0,"rawAbsY":78,"rawX":0,"rawY":78,"clippedAbsX":0,"clippedAbsY":78,"clippedX":0,"clippedY":78,"requestedAppliedX":0,"requestedAppliedY":75.816,"appliedX":0,"appliedY":25.272000000000002,"actualX":0,"actualY":25,"sensitivity":0.9720000000000001,"currentZoomForScroll":2.7739606438026607,"maxScrollStepX":16,"maxScrollStepY":25.272000000000002,"diagonalEvents":0,"clippedEvents":0}
[DebugBridge +54828534.2ms] wheel_scroll_motion {"eventCount":3,"rawAbsX":0,"rawAbsY":68,"rawX":0,"rawY":68,"clippedAbsX":0,"clippedAbsY":68,"clippedX":0,"clippedY":68,"requestedAppliedX":0,"requestedAppliedY":66.096,"appliedX":0,"appliedY":23.328000000000003,"actualX":0,"actualY":23,"sensitivity":0.9720000000000001,"currentZoomForScroll":2.7739606438026607,"maxScrollStepX":16,"maxScrollStepY":23.328000000000003,"diagonalEvents":0,"clippedEvents":0}
[DebugBridge +54828570.7ms] wheel_scroll_motion {"eventCount":3,"rawAbsX":0,"rawAbsY":80,"rawX":0,"rawY":80,"clippedAbsX":0,"clippedAbsY":80,"clippedX":0,"clippedY":80,"requestedAppliedX":0,"requestedAppliedY":77.75999999999999,"appliedX":0,"appliedY":36.936,"actualX":0,"actualY":36.5,"sensitivity":0.9720000000000001,"currentZoomForScroll":2.7739606438026607,"maxScrollStepX":16,"maxScrollStepY":36.936,"diagonalEvents":0,"clippedEvents":0}
[DebugBridge +54828671.4ms] wheel_scroll_motion {"eventCount":4,"rawAbsX":6,"rawAbsY":40,"rawX":-6,"rawY":40,"clippedAbsX":6,"clippedAbsY":40,"clippedX":-6,"clippedY":40,"requestedAppliedX":-5.5404,"requestedAppliedY":37.0332,"appliedX":-5.5404,"appliedY":16,"actualX":-6,"actualY":16,"sensitivity":0.9234,"currentZoomForScroll":2.7739606438026607,"maxScrollStepX":16,"maxScrollStepY":16,"diagonalEvents":3,"clippedEvents":0}
[DebugBridge +54828701.5ms] wheel_scroll_motion {"eventCount":3,"rawAbsX":6,"rawAbsY":84,"rawX":-6,"rawY":84,"clippedAbsX":6,"clippedAbsY":84,"clippedX":-6,"clippedY":84,"requestedAppliedX":-5.5404,"requestedAppliedY":78.05160000000001,"appliedX":-5.5404,"appliedY":44.3232,"actualX":-6,"actualY":44,"sensitivity":0.9234,"currentZoomForScroll":2.7739606438026607,"maxScrollStepX":16,"maxScrollStepY":44.3232,"diagonalEvents":2,"clippedEvents":0}
[DebugBridge +54828728.0ms] wheel_scroll_motion {"eventCount":4,"rawAbsX":4,"rawAbsY":80,"rawX":4,"rawY":80,"clippedAbsX":4,"clippedAbsY":80,"clippedX":4,"clippedY":80,"requestedAppliedX":3.6936,"requestedAppliedY":75.5244,"appliedX":3.6936,"appliedY":38.7828,"actualX":3.5,"actualY":38.5,"sensitivity":0.9720000000000001,"currentZoomForScroll":2.7739606438026607,"maxScrollStepX":16,"maxScrollStepY":38.7828,"diagonalEvents":2,"clippedEvents":0}
[DebugBridge +54828760.2ms] wheel_scroll_motion {"eventCount":3,"rawAbsX":12,"rawAbsY":70,"rawX":12,"rawY":70,"clippedAbsX":12,"clippedAbsY":70,"clippedX":12,"clippedY":70,"requestedAppliedX":11.0808,"requestedAppliedY":64.63799999999999,"appliedX":11.0808,"appliedY":40.629599999999996,"actualX":11,"actualY":40.5,"sensitivity":0.9234,"currentZoomForScroll":2.7739606438026607,"maxScrollStepX":16,"maxScrollStepY":40.629599999999996,"diagonalEvents":3,"clippedEvents":0}
[DebugBridge +54828786.1ms] wheel_scroll_motion {"eventCount":4,"rawAbsX":12,"rawAbsY":62,"rawX":12,"rawY":62,"clippedAbsX":12,"clippedAbsY":62,"clippedX":12,"clippedY":62,"requestedAppliedX":11.0808,"requestedAppliedY":57.250800000000005,"appliedX":11.0808,"appliedY":18.468,"actualX":11,"actualY":18,"sensitivity":0.9234,"currentZoomForScroll":2.7739606438026607,"maxScrollStepX":16,"maxScrollStepY":18.468,"diagonalEvents":4,"clippedEvents":0}
[DebugBridge +54828818.8ms] wheel_scroll_motion {"eventCount":4,"rawAbsX":6,"rawAbsY":94,"rawX":6,"rawY":94,"clippedAbsX":6,"clippedAbsY":94,"clippedX":6,"clippedY":94,"requestedAppliedX":5.5404,"requestedAppliedY":89.91,"appliedX":5.5404,"appliedY":29.160000000000004,"actualX":5.5,"actualY":29,"sensitivity":0.9720000000000001,"currentZoomForScroll":2.7739606438026607,"maxScrollStepX":16,"maxScrollStepY":29.160000000000004,"diagonalEvents":1,"clippedEvents":0}
[DebugBridge +54828853.0ms] wheel_scroll_motion {"eventCount":4,"rawAbsX":0,"rawAbsY":124,"rawX":0,"rawY":124,"clippedAbsX":0,"clippedAbsY":124,"clippedX":0,"clippedY":124,"requestedAppliedX":0,"requestedAppliedY":120.528,"appliedX":0,"appliedY":31.104000000000003,"actualX":0,"actualY":31,"sensitivity":0.9720000000000001,"currentZoomForScroll":2.7739606438026607,"maxScrollStepX":16,"maxScrollStepY":31.104000000000003,"diagonalEvents":0,"clippedEvents":0}
[DebugBridge +54828884.7ms] wheel_scroll_motion {"eventCount":3,"rawAbsX":0,"rawAbsY":108,"rawX":0,"rawY":108,"clippedAbsX":0,"clippedAbsY":108,"clippedX":0,"clippedY":108,"requestedAppliedX":0,"requestedAppliedY":104.976,"appliedX":0,"appliedY":36.936,"actualX":0,"actualY":36.5,"sensitivity":0.9720000000000001,"currentZoomForScroll":2.7739606438026607,"maxScrollStepX":16,"maxScrollStepY":36.936,"diagonalEvents":0,"clippedEvents":0}
[DebugBridge +54828910.1ms] wheel_scroll_motion {"eventCount":3,"rawAbsX":0,"rawAbsY":98,"rawX":0,"rawY":98,"clippedAbsX":0,"clippedAbsY":98,"clippedX":0,"clippedY":98,"requestedAppliedX":0,"requestedAppliedY":95.256,"appliedX":0,"appliedY":33.048,"actualX":0,"actualY":33,"sensitivity":0.9720000000000001,"currentZoomForScroll":2.7739606438026607,"maxScrollStepX":16,"maxScrollStepY":33.048,"diagonalEvents":0,"clippedEvents":0}
[DebugBridge +54828936.0ms] wheel_scroll_motion {"eventCount":4,"rawAbsX":0,"rawAbsY":112,"rawX":0,"rawY":112,"clippedAbsX":0,"clippedAbsY":112,"clippedX":0,"clippedY":112,"requestedAppliedX":0,"requestedAppliedY":108.86400000000002,"appliedX":0,"appliedY":29.160000000000004,"actualX":0,"actualY":29,"sensitivity":0.9720000000000001,"currentZoomForScroll":2.7739606438026607,"maxScrollStepX":16,"maxScrollStepY":29.160000000000004,"diagonalEvents":0,"clippedEvents":0}
[DebugBridge +54828968.3ms] wheel_scroll_motion {"eventCount":3,"rawAbsX":0,"rawAbsY":72,"rawX":0,"rawY":72,"clippedAbsX":0,"clippedAbsY":72,"clippedX":0,"clippedY":72,"requestedAppliedX":0,"requestedAppliedY":69.98400000000001,"appliedX":0,"appliedY":25.272000000000002,"actualX":0,"actualY":25,"sensitivity":0.9720000000000001,"currentZoomForScroll":2.7739606438026607,"maxScrollStepX":16,"maxScrollStepY":25.272000000000002,"diagonalEvents":0,"clippedEvents":0}
[SVGAnnotationLayer] setRotInputVisible(false) reason=selectedIds.size !== 1
[DebugBridge +54829009.7ms] wheel_scroll_motion {"eventCount":3,"rawAbsX":0,"rawAbsY":134,"rawX":0,"rawY":134,"clippedAbsX":0,"clippedAbsY":134,"clippedX":0,"clippedY":134,"requestedAppliedX":0,"requestedAppliedY":130.248,"appliedX":0,"appliedY":87.48,"actualX":0,"actualY":87,"sensitivity":0.9720000000000001,"currentZoomForScroll":2.7739606438026607,"maxScrollStepX":16,"maxScrollStepY":87.48,"diagonalEvents":0,"clippedEvents":0}
[DebugBridge +54829045.1ms] wheel_scroll_motion {"eventCount":4,"rawAbsX":0,"rawAbsY":62,"rawX":0,"rawY":62,"clippedAbsX":0,"clippedAbsY":62,"clippedX":0,"clippedY":62,"requestedAppliedX":0,"requestedAppliedY":60.26400000000001,"appliedX":0,"appliedY":16,"actualX":0,"actualY":16,"sensitivity":0.9720000000000001,"currentZoomForScroll":2.7739606438026607,"maxScrollStepX":16,"maxScrollStepY":16,"diagonalEvents":0,"clippedEvents":0}
[DebugBridge +54829077.2ms] wheel_scroll_motion {"eventCount":4,"rawAbsX":0,"rawAbsY":54,"rawX":0,"rawY":54,"clippedAbsX":0,"clippedAbsY":54,"clippedX":0,"clippedY":54,"requestedAppliedX":0,"requestedAppliedY":52.488,"appliedX":0,"appliedY":16,"actualX":0,"actualY":16,"sensitivity":0.9720000000000001,"currentZoomForScroll":2.7739606438026607,"maxScrollStepX":16,"maxScrollStepY":16,"diagonalEvents":0,"clippedEvents":0}
[DebugBridge +54829110.8ms] wheel_scroll_motion {"eventCount":3,"rawAbsX":0,"rawAbsY":32,"rawX":0,"rawY":32,"clippedAbsX":0,"clippedAbsY":32,"clippedX":0,"clippedY":32,"requestedAppliedX":0,"requestedAppliedY":31.104,"appliedX":0,"appliedY":16,"actualX":0,"actualY":16,"sensitivity":0.9720000000000001,"currentZoomForScroll":2.7739606438026607,"maxScrollStepX":16,"maxScrollStepY":16,"diagonalEvents":0,"clippedEvents":0}
[DebugBridge +54829185.7ms] wheel_scroll_motion {"eventCount":4,"rawAbsX":8,"rawAbsY":30,"rawX":8,"rawY":30,"clippedAbsX":8,"clippedAbsY":30,"clippedX":8,"clippedY":30,"requestedAppliedX":7.3872,"requestedAppliedY":27.7992,"appliedX":7.3872,"appliedY":16,"actualX":7,"actualY":16,"sensitivity":0.9234,"currentZoomForScroll":2.7739606438026607,"maxScrollStepX":16,"maxScrollStepY":16,"diagonalEvents":3,"clippedEvents":0}
[DebugBridge +54829219.8ms] wheel_scroll_motion {"eventCount":4,"rawAbsX":16,"rawAbsY":120,"rawX":16,"rawY":120,"clippedAbsX":16,"clippedAbsY":120,"clippedX":16,"clippedY":120,"requestedAppliedX":14.7744,"requestedAppliedY":110.80799999999999,"appliedX":14.7744,"appliedY":38.7828,"actualX":14.5,"actualY":38.5,"sensitivity":0.9234,"currentZoomForScroll":2.7739606438026607,"maxScrollStepX":16,"maxScrollStepY":38.7828,"diagonalEvents":4,"clippedEvents":0}
[DebugBridge +54829254.4ms] wheel_scroll_motion {"eventCount":4,"rawAbsX":12,"rawAbsY":128,"rawX":12,"rawY":128,"clippedAbsX":12,"clippedAbsY":128,"clippedX":12,"clippedY":128,"requestedAppliedX":11.0808,"requestedAppliedY":118.1952,"appliedX":11.0808,"appliedY":36.936,"actualX":11,"actualY":36.5,"sensitivity":0.9234,"currentZoomForScroll":2.7739606438026607,"maxScrollStepX":16,"maxScrollStepY":36.936,"diagonalEvents":4,"clippedEvents":0}
[DebugBridge +54829286.7ms] wheel_scroll_motion {"eventCount":4,"rawAbsX":16,"rawAbsY":182,"rawX":16,"rawY":182,"clippedAbsX":16,"clippedAbsY":182,"clippedX":16,"clippedY":182,"requestedAppliedX":14.7744,"requestedAppliedY":168.0588,"appliedX":14.7744,"appliedY":79.4124,"actualX":14.5,"actualY":79,"sensitivity":0.9234,"currentZoomForScroll":2.7739606438026607,"maxScrollStepX":16,"maxScrollStepY":79.4124,"diagonalEvents":4,"clippedEvents":0}
[DebugBridge +54829321.2ms] wheel_scroll_motion {"eventCount":4,"rawAbsX":10,"rawAbsY":70,"rawX":10,"rawY":70,"clippedAbsX":10,"clippedAbsY":70,"clippedX":10,"clippedY":70,"requestedAppliedX":9.234,"requestedAppliedY":64.638,"appliedX":9.234,"appliedY":24.0084,"actualX":9,"actualY":24,"sensitivity":0.9234,"currentZoomForScroll":2.7739606438026607,"maxScrollStepX":16,"maxScrollStepY":24.0084,"diagonalEvents":4,"clippedEvents":0}
[DebugBridge +54829352.1ms] wheel_scroll_motion {"eventCount":3,"rawAbsX":0,"rawAbsY":134,"rawX":0,"rawY":134,"clippedAbsX":0,"clippedAbsY":134,"clippedX":0,"clippedY":134,"requestedAppliedX":0,"requestedAppliedY":130.248,"appliedX":0,"appliedY":48.6,"actualX":0,"actualY":48.5,"sensitivity":0.9720000000000001,"currentZoomForScroll":2.7739606438026607,"maxScrollStepX":16,"maxScrollStepY":48.6,"diagonalEvents":0,"clippedEvents":0}
[DebugBridge +54829378.0ms] wheel_scroll_motion {"eventCount":4,"rawAbsX":0,"rawAbsY":220,"rawX":0,"rawY":220,"clippedAbsX":0,"clippedAbsY":220,"clippedX":0,"clippedY":220,"requestedAppliedX":0,"requestedAppliedY":213.84000000000003,"appliedX":0,"appliedY":58.32000000000001,"actualX":0,"actualY":58,"sensitivity":0.9720000000000001,"currentZoomForScroll":2.7739606438026607,"maxScrollStepX":16,"maxScrollStepY":58.32000000000001,"diagonalEvents":0,"clippedEvents":0}
[DebugBridge +54829410.3ms] wheel_scroll_motion {"eventCount":4,"rawAbsX":0,"rawAbsY":222,"rawX":0,"rawY":222,"clippedAbsX":0,"clippedAbsY":222,"clippedX":0,"clippedY":222,"requestedAppliedX":0,"requestedAppliedY":215.78400000000002,"appliedX":0,"appliedY":58.32000000000001,"actualX":0,"actualY":58,"sensitivity":0.9720000000000001,"currentZoomForScroll":2.7739606438026607,"maxScrollStepX":16,"maxScrollStepY":58.32000000000001,"diagonalEvents":0,"clippedEvents":0}
[DebugBridge +54829442.4ms] wheel_scroll_motion {"eventCount":4,"rawAbsX":0,"rawAbsY":196,"rawX":0,"rawY":196,"clippedAbsX":0,"clippedAbsY":196,"clippedX":0,"clippedY":196,"requestedAppliedX":0,"requestedAppliedY":190.512,"appliedX":0,"appliedY":50.544000000000004,"actualX":0,"actualY":50.5,"sensitivity":0.9720000000000001,"currentZoomForScroll":2.7739606438026607,"maxScrollStepX":16,"maxScrollStepY":50.544000000000004,"diagonalEvents":0,"clippedEvents":0}
[DebugBridge +54829477.7ms] wheel_scroll_motion {"eventCount":4,"rawAbsX":0,"rawAbsY":166,"rawX":0,"rawY":166,"clippedAbsX":0,"clippedAbsY":166,"clippedX":0,"clippedY":166,"requestedAppliedX":0,"requestedAppliedY":161.352,"appliedX":0,"appliedY":40.824000000000005,"actualX":0,"actualY":40.5,"sensitivity":0.9720000000000001,"currentZoomForScroll":2.7739606438026607,"maxScrollStepX":16,"maxScrollStepY":40.824000000000005,"diagonalEvents":0,"clippedEvents":0}
[DebugBridge +54829512.2ms] wheel_scroll_motion {"eventCount":4,"rawAbsX":0,"rawAbsY":144,"rawX":0,"rawY":144,"clippedAbsX":0,"clippedAbsY":144,"clippedX":0,"clippedY":144,"requestedAppliedX":0,"requestedAppliedY":139.96800000000002,"appliedX":0,"appliedY":36.936,"actualX":0,"actualY":36.5,"sensitivity":0.9720000000000001,"currentZoomForScroll":2.7739606438026607,"maxScrollStepX":16,"maxScrollStepY":36.936,"diagonalEvents":0,"clippedEvents":0}
[DebugBridge +54829542.7ms] wheel_scroll_motion {"eventCount":3,"rawAbsX":0,"rawAbsY":90,"rawX":0,"rawY":90,"clippedAbsX":0,"clippedAbsY":90,"clippedX":0,"clippedY":90,"requestedAppliedX":0,"requestedAppliedY":87.48000000000002,"appliedX":0,"appliedY":29.160000000000004,"actualX":0,"actualY":29,"sensitivity":0.9720000000000001,"currentZoomForScroll":2.7739606438026607,"maxScrollStepX":16,"maxScrollStepY":29.160000000000004,"diagonalEvents":0,"clippedEvents":0}
[DebugBridge +54829569.3ms] wheel_scroll_motion {"eventCount":4,"rawAbsX":0,"rawAbsY":108,"rawX":0,"rawY":108,"clippedAbsX":0,"clippedAbsY":108,"clippedX":0,"clippedY":108,"requestedAppliedX":0,"requestedAppliedY":104.97600000000001,"appliedX":0,"appliedY":29.160000000000004,"actualX":0,"actualY":29,"sensitivity":0.9720000000000001,"currentZoomForScroll":2.7739606438026607,"maxScrollStepX":16,"maxScrollStepY":29.160000000000004,"diagonalEvents":0,"clippedEvents":0}
[DebugBridge +54829601.7ms] wheel_scroll_motion {"eventCount":3,"rawAbsX":0,"rawAbsY":66,"rawX":0,"rawY":66,"clippedAbsX":0,"clippedAbsY":66,"clippedX":0,"clippedY":66,"requestedAppliedX":0,"requestedAppliedY":64.152,"appliedX":0,"appliedY":21.384,"actualX":0,"actualY":21,"sensitivity":0.9720000000000001,"currentZoomForScroll":2.7739606438026607,"maxScrollStepX":16,"maxScrollStepY":21.384,"diagonalEvents":0,"clippedEvents":0}
[DebugBridge +54829626.9ms] wheel_scroll_motion {"eventCount":3,"rawAbsX":0,"rawAbsY":60,"rawX":0,"rawY":60,"clippedAbsX":0,"clippedAbsY":60,"clippedX":0,"clippedY":60,"requestedAppliedX":0,"requestedAppliedY":58.32000000000001,"appliedX":0,"appliedY":19.44,"actualX":0,"actualY":19,"sensitivity":0.9720000000000001,"currentZoomForScroll":2.7739606438026607,"maxScrollStepX":16,"maxScrollStepY":19.44,"diagonalEvents":0,"clippedEvents":0}
[DebugBridge +54829657.2ms] wheel_scroll_motion {"eventCount":4,"rawAbsX":0,"rawAbsY":64,"rawX":0,"rawY":64,"clippedAbsX":0,"clippedAbsY":64,"clippedX":0,"clippedY":64,"requestedAppliedX":0,"requestedAppliedY":62.208000000000006,"appliedX":0,"appliedY":16,"actualX":0,"actualY":16,"sensitivity":0.9720000000000001,"currentZoomForScroll":2.7739606438026607,"maxScrollStepX":16,"maxScrollStepY":16,"diagonalEvents":0,"clippedEvents":0}
[DebugBridge +54829686.4ms] wheel_scroll_motion {"eventCount":1,"rawAbsX":0,"rawAbsY":16,"rawX":0,"rawY":16,"clippedAbsX":0,"clippedAbsY":16,"clippedX":0,"clippedY":16,"requestedAppliedX":0,"requestedAppliedY":15.552000000000001,"appliedX":0,"appliedY":15.552000000000001,"actualX":0,"actualY":15.5,"sensitivity":0.9720000000000001,"currentZoomForScroll":2.7739606438026607,"maxScrollStepX":16,"maxScrollStepY":16,"diagonalEvents":0,"clippedEvents":0}
[DebugBridge +54829795.3ms] zoom_wheel_request {"rawDeltaY":-19.62486696243286,"reportedZoom":277,"trustedReactZoom":277.39606438026607,"currentZoom":277.39606438026607,"reportedCurrentZoom":277,"nextZoom":256.4533694081548,"requestedDeltaAbs":20.94269497211127,"reportedLagAbs":0.3960643802660684,"rawGetZoomValue":277,"rawViewerZoomValue":277,"rawMagnificationZoom":null,"correctedSuspiciousZoom":false}
[DebugBridge +54829795.4ms] zoom_start {"scale":2.7739606438026607,"source":"overlay_wheel_zoom_pre","reportedScale":2.77,"correctedSuspiciousZoom":false}
[DebugBridge +54829863.3ms] zoom_wheel_request {"rawDeltaY":-55.77474856376648,"reportedZoom":256,"trustedReactZoom":256.4533694081548,"currentZoom":256.4533694081548,"reportedCurrentZoom":256,"nextZoom":232.4533694081548,"requestedDeltaAbs":24,"reportedLagAbs":0.4533694081547992,"rawGetZoomValue":256,"rawViewerZoomValue":256,"rawMagnificationZoom":null,"correctedSuspiciousZoom":false}
[DebugBridge +54829931.3ms] zoom_wheel_request {"rawDeltaY":-28.307087421417236,"reportedZoom":232,"trustedReactZoom":232.4533694081548,"currentZoom":232.4533694081548,"reportedCurrentZoom":232,"nextZoom":208.4533694081548,"requestedDeltaAbs":24,"reportedLagAbs":0.4533694081547992,"rawGetZoomValue":232,"rawViewerZoomValue":232,"rawMagnificationZoom":null,"correctedSuspiciousZoom":false}
[DebugBridge +54829982.2ms] zoom_wheel_request {"rawDeltaY":-4.469615459442139,"reportedZoom":208,"trustedReactZoom":208.45336940815483,"currentZoom":208.45336940815483,"reportedCurrentZoom":208,"nextZoom":204.7596610971435,"requestedDeltaAbs":3.693708311011335,"reportedLagAbs":0.4533694081548276,"rawGetZoomValue":208,"rawViewerZoomValue":208,"rawMagnificationZoom":null,"correctedSuspiciousZoom":false}
[DebugBridge +54830033.6ms] zoom_wheel_request {"rawDeltaY":-17.99867832660675,"reportedZoom":204,"trustedReactZoom":204.75966109714346,"currentZoom":204.75966109714346,"reportedCurrentZoom":204,"nextZoom":190.53619817055545,"requestedDeltaAbs":14.223462926588013,"reportedLagAbs":0.7596610971434643,"rawGetZoomValue":204,"rawViewerZoomValue":204,"rawMagnificationZoom":null,"correctedSuspiciousZoom":false}
[DebugBridge +54830095.0ms] zoom_wheel_request {"rawDeltaY":-0.4001803696155548,"reportedZoom":190,"trustedReactZoom":190.53619817055545,"currentZoom":190.53619817055545,"reportedCurrentZoom":190,"nextZoom":190.23144676185433,"requestedDeltaAbs":0.3047514087011223,"reportedLagAbs":0.5361981705554513,"rawGetZoomValue":190,"rawViewerZoomValue":190,"rawMagnificationZoom":null,"correctedSuspiciousZoom":false}
[DebugBridge +54830376.3ms] wheel_scroll_motion {"eventCount":3,"rawAbsX":4,"rawAbsY":10,"rawX":-4,"rawY":10,"clippedAbsX":4,"clippedAbsY":10,"clippedX":-4,"clippedY":10,"requestedAppliedX":-3.723249038227251,"requestedAppliedY":9.406102833416213,"appliedX":-3.723249038227251,"appliedY":9.406102833416213,"actualX":-4,"actualY":9,"sensitivity":0.9308122595568128,"currentZoomForScroll":1.9023144676185433,"maxScrollStepX":16,"maxScrollStepY":16,"diagonalEvents":2,"clippedEvents":0}
[DebugBridge +54830401.7ms] wheel_scroll_motion {"eventCount":3,"rawAbsX":12,"rawAbsY":42,"rawX":-12,"rawY":42,"clippedAbsX":12,"clippedAbsY":42,"clippedX":-12,"clippedY":42,"requestedAppliedX":-11.169747114681753,"requestedAppliedY":39.094114901386135,"appliedX":-11.169747114681753,"appliedY":16.75462067202263,"actualX":-11.5,"actualY":16.5,"sensitivity":0.9308122595568128,"currentZoomForScroll":1.9023144676185433,"maxScrollStepX":16,"maxScrollStepY":16.75462067202263,"diagonalEvents":3,"clippedEvents":0}
[DebugBridge +54830430.4ms] wheel_scroll_motion {"eventCount":4,"rawAbsX":24,"rawAbsY":138,"rawX":-24,"rawY":138,"clippedAbsX":24,"clippedAbsY":138,"clippedX":-24,"clippedY":138,"requestedAppliedX":-22.339494229363506,"requestedAppliedY":128.45209181884016,"appliedX":-16,"appliedY":48.402237496954264,"actualX":-16,"actualY":48,"sensitivity":0.9308122595568128,"currentZoomForScroll":1.9023144676185433,"maxScrollStepX":16,"maxScrollStepY":48.402237496954264,"diagonalEvents":4,"clippedEvents":0}
[DebugBridge +54830460.0ms] wheel_scroll_motion {"eventCount":3,"rawAbsX":10,"rawAbsY":100,"rawX":-10,"rawY":100,"clippedAbsX":10,"clippedAbsY":100,"clippedX":-10,"clippedY":100,"requestedAppliedX":-9.308122595568127,"requestedAppliedY":93.08122595568128,"appliedX":-9.308122595568127,"appliedY":39.094114901386135,"actualX":-9.5,"actualY":39,"sensitivity":0.9308122595568128,"currentZoomForScroll":1.9023144676185433,"maxScrollStepX":16,"maxScrollStepY":39.094114901386135,"diagonalEvents":3,"clippedEvents":0}
[DebugBridge +54830486.8ms] wheel_scroll_motion {"eventCount":4,"rawAbsX":18,"rawAbsY":150,"rawX":-18,"rawY":150,"clippedAbsX":18,"clippedAbsY":150,"clippedX":-18,"clippedY":150,"requestedAppliedX":-16.75462067202263,"requestedAppliedY":139.62183893352193,"appliedX":-16,"appliedY":61.433609130749645,"actualX":-16,"actualY":61,"sensitivity":0.9308122595568128,"currentZoomForScroll":1.9023144676185433,"maxScrollStepX":16,"maxScrollStepY":61.433609130749645,"diagonalEvents":4,"clippedEvents":0}
[DebugBridge +54830493.8ms] page_visit_start {"page":7,"pageCount":36,"revisited":false,"hasContainer":true,"hasPdfSurface":true,"spinnerVisible":false,"hasAnnotationOverlay":true,"ready":true}
[DebugBridge +54830494.5ms] page_visit_ready {"page":7,"pageCount":36,"revisited":false,"waitMs":1,"hasContainer":true,"hasPdfSurface":true,"spinnerVisible":false,"hasAnnotationOverlay":true,"ready":true}
[DebugBridge +54830599.2ms] wheel_scroll_motion {"eventCount":6,"rawAbsX":12,"rawAbsY":656,"rawX":-12,"rawY":656,"clippedAbsX":12,"clippedAbsY":435.01530639588816,"clippedX":-12,"clippedY":435.01530639588816,"requestedAppliedX":-11.169747114681753,"requestedAppliedY":422.50578284404213,"appliedX":-11.169747114681753,"appliedY":156.28597798924505,"actualX":-11.5,"actualY":156,"sensitivity":0.9798023784808556,"currentZoomForScroll":1.9023144676185433,"maxScrollStepX":16,"maxScrollStepY":156.28597798924505,"diagonalEvents":3,"clippedEvents":2}
[DebugBridge +54830636.6ms] wheel_scroll_motion {"eventCount":4,"rawAbsX":0,"rawAbsY":196,"rawX":0,"rawY":196,"clippedAbsX":0,"clippedAbsY":196,"clippedX":0,"clippedY":196,"requestedAppliedX":0,"requestedAppliedY":192.0412661822477,"appliedX":0,"appliedY":50.94972368100449,"actualX":0,"actualY":50.5,"sensitivity":0.9798023784808556,"currentZoomForScroll":1.9023144676185433,"maxScrollStepX":16,"maxScrollStepY":50.94972368100449,"diagonalEvents":0,"clippedEvents":0}
[DebugBridge +54830668.6ms] wheel_scroll_motion {"eventCount":4,"rawAbsX":0,"rawAbsY":166,"rawX":0,"rawY":166,"clippedAbsX":0,"clippedAbsY":166,"clippedX":0,"clippedY":166,"requestedAppliedX":0,"requestedAppliedY":162.64719482782203,"appliedX":0,"appliedY":41.151699896195936,"actualX":0,"actualY":41,"sensitivity":0.9798023784808556,"currentZoomForScroll":1.9023144676185433,"maxScrollStepX":16,"maxScrollStepY":41.151699896195936,"diagonalEvents":0,"clippedEvents":0}
[DebugBridge +54830701.9ms] wheel_scroll_motion {"eventCount":3,"rawAbsX":0,"rawAbsY":110,"rawX":0,"rawY":110,"clippedAbsX":0,"clippedAbsY":110,"clippedX":0,"clippedY":110,"requestedAppliedX":0,"requestedAppliedY":107.77826163289413,"appliedX":0,"appliedY":37.232490382272516,"actualX":0,"actualY":37,"sensitivity":0.9798023784808556,"currentZoomForScroll":1.9023144676185433,"maxScrollStepX":16,"maxScrollStepY":37.232490382272516,"diagonalEvents":0,"clippedEvents":0}
[DebugBridge +54830726.9ms] wheel_scroll_motion {"eventCount":3,"rawAbsX":0,"rawAbsY":94,"rawX":0,"rawY":94,"clippedAbsX":0,"clippedAbsY":94,"clippedX":0,"clippedY":94,"requestedAppliedX":0,"requestedAppliedY":92.10142357720042,"appliedX":0,"appliedY":33.31328086834909,"actualX":0,"actualY":33,"sensitivity":0.9798023784808556,"currentZoomForScroll":1.9023144676185433,"maxScrollStepX":16,"maxScrollStepY":33.31328086834909,"diagonalEvents":0,"clippedEvents":0}
[DebugBridge +54830751.7ms] wheel_scroll_motion {"eventCount":3,"rawAbsX":0,"rawAbsY":86,"rawX":0,"rawY":86,"clippedAbsX":0,"clippedAbsY":86,"clippedX":0,"clippedY":86,"requestedAppliedX":0,"requestedAppliedY":84.26300454935358,"appliedX":0,"appliedY":29.39407135442567,"actualX":0,"actualY":29,"sensitivity":0.9798023784808556,"currentZoomForScroll":1.9023144676185433,"maxScrollStepX":16,"maxScrollStepY":29.39407135442567,"diagonalEvents":0,"clippedEvents":0}
[DebugBridge +54830776.1ms] wheel_scroll_motion {"eventCount":3,"rawAbsX":0,"rawAbsY":74,"rawX":0,"rawY":74,"clippedAbsX":0,"clippedAbsY":74,"clippedX":0,"clippedY":74,"requestedAppliedX":0,"requestedAppliedY":72.50537600758332,"appliedX":0,"appliedY":25.474861840502246,"actualX":0,"actualY":25,"sensitivity":0.9798023784808556,"currentZoomForScroll":1.9023144676185433,"maxScrollStepX":16,"maxScrollStepY":25.474861840502246,"diagonalEvents":0,"clippedEvents":0}
[DebugBridge +54830803.1ms] wheel_scroll_motion {"eventCount":4,"rawAbsX":0,"rawAbsY":84,"rawX":0,"rawY":84,"clippedAbsX":0,"clippedAbsY":84,"clippedX":0,"clippedY":84,"requestedAppliedX":0,"requestedAppliedY":82.30339979239187,"appliedX":0,"appliedY":21.555652326578823,"actualX":0,"actualY":21.5,"sensitivity":0.9798023784808556,"currentZoomForScroll":1.9023144676185433,"maxScrollStepX":16,"maxScrollStepY":21.555652326578823,"diagonalEvents":0,"clippedEvents":0}
[DebugBridge +54830834.9ms] wheel_scroll_motion {"eventCount":3,"rawAbsX":0,"rawAbsY":52,"rawX":0,"rawY":52,"clippedAbsX":0,"clippedAbsY":52,"clippedX":0,"clippedY":52,"requestedAppliedX":0,"requestedAppliedY":50.9497236810045,"appliedX":0,"appliedY":19.596047569617113,"actualX":0,"actualY":19.5,"sensitivity":0.9798023784808556,"currentZoomForScroll":1.9023144676185433,"maxScrollStepX":16,"maxScrollStepY":19.596047569617113,"diagonalEvents":0,"clippedEvents":0}
[DebugBridge +54830861.5ms] wheel_scroll_motion {"eventCount":4,"rawAbsX":0,"rawAbsY":62,"rawX":0,"rawY":62,"clippedAbsX":0,"clippedAbsY":62,"clippedX":0,"clippedY":62,"requestedAppliedX":0,"requestedAppliedY":60.74774746581304,"appliedX":0,"appliedY":16,"actualX":0,"actualY":16,"sensitivity":0.9798023784808556,"currentZoomForScroll":1.9023144676185433,"maxScrollStepX":16,"maxScrollStepY":16,"diagonalEvents":0,"clippedEvents":0}
[DebugBridge +54830895.0ms] wheel_scroll_motion {"eventCount":4,"rawAbsX":0,"rawAbsY":54,"rawX":0,"rawY":54,"clippedAbsX":0,"clippedAbsY":54,"clippedX":0,"clippedY":54,"requestedAppliedX":0,"requestedAppliedY":52.9093284379662,"appliedX":0,"appliedY":16,"actualX":0,"actualY":16,"sensitivity":0.9798023784808556,"currentZoomForScroll":1.9023144676185433,"maxScrollStepX":16,"maxScrollStepY":16,"diagonalEvents":0,"clippedEvents":0}
[DebugBridge +54831132.3ms] wheel_scroll_motion {"eventCount":7,"rawAbsX":50,"rawAbsY":474,"rawX":-50,"rawY":474,"clippedAbsX":50,"clippedAbsY":269.5076531979441,"clippedX":-50,"clippedY":269.5076531979441,"requestedAppliedX":-46.54061297784064,"requestedAppliedY":254.87821739280372,"appliedX":-42.81736393961339,"appliedY":148.4716790897828,"actualX":-43,"actualY":148,"sensitivity":0.9308122595568128,"currentZoomForScroll":1.9023144676185433,"maxScrollStepX":42.81736393961339,"maxScrollStepY":148.4716790897828,"diagonalEvents":2,"clippedEvents":1}
[DebugBridge +54831366.5ms] wheel_scroll_motion {"eventCount":6,"rawAbsX":12,"rawAbsY":1312,"rawX":-12,"rawY":1312,"clippedAbsX":12,"clippedAbsY":293.5076531979441,"clippedX":-12,"clippedY":293.5076531979441,"requestedAppliedX":-11.169747114681753,"requestedAppliedY":284.0522081431486,"appliedX":-11.169747114681753,"appliedY":156.28597798924505,"actualX":-11.5,"actualY":156,"sensitivity":0.9798023784808556,"currentZoomForScroll":1.9023144676185433,"maxScrollStepX":16,"maxScrollStepY":156.28597798924505,"diagonalEvents":3,"clippedEvents":1}
[DebugBridge +54831467.3ms] wheel_scroll_motion {"eventCount":3,"rawAbsX":0,"rawAbsY":298,"rawX":0,"rawY":298,"clippedAbsX":0,"clippedAbsY":219.50765319794408,"clippedX":0,"clippedY":219.50765319794408,"requestedAppliedX":0,"requestedAppliedY":215.0741206980964,"appliedX":0,"appliedY":156.28597798924505,"actualX":0,"actualY":156,"sensitivity":0.9798023784808556,"currentZoomForScroll":1.9023144676185433,"maxScrollStepX":16,"maxScrollStepY":156.28597798924505,"diagonalEvents":0,"clippedEvents":1}
[DebugBridge +54831495.4ms] wheel_scroll_motion {"eventCount":4,"rawAbsX":0,"rawAbsY":68,"rawX":0,"rawY":68,"clippedAbsX":0,"clippedAbsY":68,"clippedX":0,"clippedY":68,"requestedAppliedX":0,"requestedAppliedY":66.62656173669818,"appliedX":0,"appliedY":17.6364428126554,"actualX":0,"actualY":17.5,"sensitivity":0.9798023784808556,"currentZoomForScroll":1.9023144676185433,"maxScrollStepX":16,"maxScrollStepY":17.6364428126554,"diagonalEvents":0,"clippedEvents":0}
[DebugBridge +54831641.2ms] zoom_end {"source":"zoomChange_settle"}
[DebugBridge +54831643.7ms] wheel_scroll_motion {"eventCount":4,"rawAbsX":48,"rawAbsY":36,"rawX":-48,"rawY":36,"clippedAbsX":48,"clippedAbsY":36,"clippedX":-48,"clippedY":36,"requestedAppliedX":-44.776968696575096,"requestedAppliedY":34.293083246829944,"appliedX":-35.37086586315888,"appliedY":16.75462067202263,"actualX":-35.5,"actualY":16.5,"sensitivity":0.9308122595568128,"currentZoomForScroll":1.9023144676185433,"maxScrollStepX":35.37086586315888,"maxScrollStepY":16.75462067202263,"diagonalEvents":2,"clippedEvents":0}
[DebugBridge +54831895.0ms] wheel_scroll_motion {"eventCount":8,"rawAbsX":666,"rawAbsY":40,"rawX":-666,"rawY":40,"clippedAbsX":419.5076531979441,"clippedAbsY":40,"clippedX":-419.5076531979441,"clippedY":40,"requestedAppliedX":-399.76686904173766,"requestedAppliedY":37.23249038227251,"appliedX":-156.28597798924505,"appliedY":18.616245191136255,"actualX":-156.5,"actualY":18.5,"sensitivity":0.9798023784808556,"currentZoomForScroll":1.9023144676185433,"maxScrollStepX":156.28597798924505,"maxScrollStepY":18.616245191136255,"diagonalEvents":5,"clippedEvents":1}
[SVGAnnotationLayer] setRotInputVisible(false) reason=selectedIds.size !== 1
[SVGAnnotationLayer] setRotInputVisible(false) reason=selectedIds.size !== 1
[DebugBridge +54831960.4ms] wheel_scroll_motion {"eventCount":5,"rawAbsX":180,"rawAbsY":0,"rawX":-180,"rawY":0,"clippedAbsX":180,"clippedAbsY":0,"clippedX":-180,"clippedY":0,"requestedAppliedX":-176.364428126554,"requestedAppliedY":0,"appliedX":-64.66695697973647,"appliedY":0,"actualX":-65,"actualY":0,"sensitivity":0.9798023784808556,"currentZoomForScroll":1.9023144676185433,"maxScrollStepX":64.66695697973647,"maxScrollStepY":16,"diagonalEvents":0,"clippedEvents":0}
[DebugBridge +54831994.0ms] wheel_scroll_motion {"eventCount":4,"rawAbsX":62,"rawAbsY":0,"rawX":-62,"rawY":0,"clippedAbsX":62,"clippedAbsY":0,"clippedX":-62,"clippedY":0,"requestedAppliedX":-60.74774746581304,"requestedAppliedY":0,"appliedX":-16,"appliedY":0,"actualX":-16,"actualY":0,"sensitivity":0.9798023784808556,"currentZoomForScroll":1.9023144676185433,"maxScrollStepX":16,"maxScrollStepY":16,"diagonalEvents":0,"clippedEvents":0}
[DebugBridge +54832026.2ms] wheel_scroll_motion {"eventCount":3,"rawAbsX":40,"rawAbsY":0,"rawX":-40,"rawY":0,"clippedAbsX":40,"clippedAbsY":0,"clippedX":-40,"clippedY":0,"requestedAppliedX":-39.192095139234226,"requestedAppliedY":0,"appliedX":-16,"appliedY":0,"actualX":-16,"actualY":0,"sensitivity":0.9798023784808556,"currentZoomForScroll":1.9023144676185433,"maxScrollStepX":16,"maxScrollStepY":16,"diagonalEvents":0,"clippedEvents":0}
[DebugBridge +54832051.2ms] wheel_scroll_motion {"eventCount":3,"rawAbsX":32,"rawAbsY":0,"rawX":-32,"rawY":0,"clippedAbsX":32,"clippedAbsY":0,"clippedX":-32,"clippedY":0,"requestedAppliedX":-31.35367611138738,"requestedAppliedY":0,"appliedX":-16,"appliedY":0,"actualX":-16,"actualY":0,"sensitivity":0.9798023784808556,"currentZoomForScroll":1.9023144676185433,"maxScrollStepX":16,"maxScrollStepY":16,"diagonalEvents":0,"clippedEvents":0}
[DebugBridge +54832076.3ms] wheel_scroll_motion {"eventCount":3,"rawAbsX":30,"rawAbsY":0,"rawX":-30,"rawY":0,"clippedAbsX":30,"clippedAbsY":0,"clippedX":-30,"clippedY":0,"requestedAppliedX":-29.39407135442567,"requestedAppliedY":0,"appliedX":-16,"appliedY":0,"actualX":-16,"actualY":0,"sensitivity":0.9798023784808556,"currentZoomForScroll":1.9023144676185433,"maxScrollStepX":16,"maxScrollStepY":16,"diagonalEvents":0,"clippedEvents":0}
[DebugBridge +54832103.0ms] wheel_scroll_motion {"eventCount":4,"rawAbsX":32,"rawAbsY":0,"rawX":-32,"rawY":0,"clippedAbsX":32,"clippedAbsY":0,"clippedX":-32,"clippedY":0,"requestedAppliedX":-31.35367611138738,"requestedAppliedY":0,"appliedX":-16,"appliedY":0,"actualX":-16,"actualY":0,"sensitivity":0.9798023784808556,"currentZoomForScroll":1.9023144676185433,"maxScrollStepX":16,"maxScrollStepY":16,"diagonalEvents":0,"clippedEvents":0}
[DebugBridge +54832144.8ms] wheel_scroll_motion {"eventCount":4,"rawAbsX":30,"rawAbsY":0,"rawX":-30,"rawY":0,"clippedAbsX":30,"clippedAbsY":0,"clippedX":-30,"clippedY":0,"requestedAppliedX":-29.394071354425666,"requestedAppliedY":0,"appliedX":-16,"appliedY":0,"actualX":-16,"actualY":0,"sensitivity":0.9798023784808556,"currentZoomForScroll":1.9023144676185433,"maxScrollStepX":16,"maxScrollStepY":16,"diagonalEvents":0,"clippedEvents":0}
[DebugBridge +54832178.7ms] wheel_scroll_motion {"eventCount":1,"rawAbsX":6,"rawAbsY":0,"rawX":-6,"rawY":0,"clippedAbsX":6,"clippedAbsY":0,"clippedX":-6,"clippedY":0,"requestedAppliedX":-5.878814270885133,"requestedAppliedY":0,"appliedX":-5.878814270885133,"appliedY":0,"actualX":-6,"actualY":0,"sensitivity":0.9798023784808556,"currentZoomForScroll":1.9023144676185433,"maxScrollStepX":16,"maxScrollStepY":16,"diagonalEvents":0,"clippedEvents":0}
[DebugBridge +54832252.6ms] wheel_scroll_motion {"eventCount":4,"rawAbsX":18,"rawAbsY":4,"rawX":-18,"rawY":-4,"clippedAbsX":18,"clippedAbsY":4,"clippedX":-18,"clippedY":-4,"requestedAppliedX":-17.048561385566888,"requestedAppliedY":-3.723249038227251,"appliedX":-16,"appliedY":-3.723249038227251,"actualX":-16,"actualY":-4,"sensitivity":0.9308122595568128,"currentZoomForScroll":1.9023144676185433,"maxScrollStepX":16,"maxScrollStepY":16,"diagonalEvents":2,"clippedEvents":0}
[DebugBridge +54832282.6ms] wheel_scroll_motion {"eventCount":3,"rawAbsX":36,"rawAbsY":12,"rawX":-36,"rawY":-12,"clippedAbsX":36,"clippedAbsY":12,"clippedX":-36,"clippedY":-12,"requestedAppliedX":-33.50924134404526,"requestedAppliedY":-11.169747114681753,"appliedX":-20.47786971024988,"appliedY":-11.169747114681753,"actualX":-20.5,"actualY":-11.5,"sensitivity":0.9308122595568128,"currentZoomForScroll":1.9023144676185433,"maxScrollStepX":20.47786971024988,"maxScrollStepY":16,"diagonalEvents":3,"clippedEvents":0}
[DebugBridge +54832312.3ms] wheel_scroll_motion {"eventCount":4,"rawAbsX":56,"rawAbsY":16,"rawX":-56,"rawY":-16,"clippedAbsX":56,"clippedAbsY":16,"clippedX":-56,"clippedY":-16,"requestedAppliedX":-52.125486535181516,"requestedAppliedY":-14.892996152909005,"appliedX":-20.47786971024988,"appliedY":-14.892996152909005,"actualX":-20.5,"actualY":-15,"sensitivity":0.9308122595568128,"currentZoomForScroll":1.9023144676185433,"maxScrollStepX":20.47786971024988,"maxScrollStepY":16,"diagonalEvents":4,"clippedEvents":0}
[DebugBridge +54832358.5ms] wheel_scroll_motion {"eventCount":3,"rawAbsX":78,"rawAbsY":22,"rawX":-78,"rawY":-22,"clippedAbsX":78,"clippedAbsY":22,"clippedX":-78,"clippedY":-22,"requestedAppliedX":-72.6033562454314,"requestedAppliedY":-20.47786971024988,"appliedX":-59.57198461163602,"appliedY":-16,"actualX":-60,"actualY":-16,"sensitivity":0.9308122595568128,"currentZoomForScroll":1.9023144676185433,"maxScrollStepX":59.57198461163602,"maxScrollStepY":16,"diagonalEvents":3,"clippedEvents":0}
[DebugBridge +54832393.8ms] wheel_scroll_motion {"eventCount":4,"rawAbsX":44,"rawAbsY":16,"rawX":-44,"rawY":-16,"clippedAbsX":44,"clippedAbsY":16,"clippedX":-44,"clippedY":-16,"requestedAppliedX":-40.95573942049976,"requestedAppliedY":-14.892996152909003,"appliedX":-16,"appliedY":-14.892996152909003,"actualX":-16,"actualY":-15,"sensitivity":0.9308122595568128,"currentZoomForScroll":1.9023144676185433,"maxScrollStepX":16,"maxScrollStepY":16,"diagonalEvents":4,"clippedEvents":0}
[DebugBridge +54832425.2ms] wheel_scroll_motion {"eventCount":3,"rawAbsX":38,"rawAbsY":18,"rawX":-38,"rawY":-18,"clippedAbsX":38,"clippedAbsY":18,"clippedX":-38,"clippedY":-18,"requestedAppliedX":-35.37086586315888,"requestedAppliedY":-16.75462067202263,"appliedX":-16,"appliedY":-16,"actualX":-16,"actualY":-16,"sensitivity":0.9308122595568128,"currentZoomForScroll":1.9023144676185433,"maxScrollStepX":16,"maxScrollStepY":16,"diagonalEvents":3,"clippedEvents":0}
[DebugBridge +54832450.8ms] wheel_scroll_motion {"eventCount":3,"rawAbsX":26,"rawAbsY":10,"rawX":-26,"rawY":-10,"clippedAbsX":26,"clippedAbsY":10,"clippedX":-26,"clippedY":-10,"requestedAppliedX":-24.201118748477132,"requestedAppliedY":-9.308122595568127,"appliedX":-16,"appliedY":-9.308122595568127,"actualX":-16,"actualY":-9.5,"sensitivity":0.9308122595568128,"currentZoomForScroll":1.9023144676185433,"maxScrollStepX":16,"maxScrollStepY":16,"diagonalEvents":3,"clippedEvents":0}
[DebugBridge +54832476.8ms] wheel_scroll_motion {"eventCount":3,"rawAbsX":30,"rawAbsY":12,"rawX":-30,"rawY":-12,"clippedAbsX":30,"clippedAbsY":12,"clippedX":-30,"clippedY":-12,"requestedAppliedX":-27.92436778670438,"requestedAppliedY":-11.169747114681753,"appliedX":-16,"appliedY":-11.169747114681753,"actualX":-16,"actualY":-11.5,"sensitivity":0.9308122595568128,"currentZoomForScroll":1.9023144676185433,"maxScrollStepX":16,"maxScrollStepY":16,"diagonalEvents":3,"clippedEvents":0}
[DebugBridge +54832503.5ms] wheel_scroll_motion {"eventCount":4,"rawAbsX":56,"rawAbsY":16,"rawX":-56,"rawY":-16,"clippedAbsX":56,"clippedAbsY":16,"clippedX":-56,"clippedY":-16,"requestedAppliedX":-52.125486535181516,"requestedAppliedY":-14.892996152909005,"appliedX":-16,"appliedY":-14.892996152909005,"actualX":-16,"actualY":-15,"sensitivity":0.9308122595568128,"currentZoomForScroll":1.9023144676185433,"maxScrollStepX":16,"maxScrollStepY":16,"diagonalEvents":4,"clippedEvents":0}
[DebugBridge +54832536.4ms] wheel_scroll_motion {"eventCount":4,"rawAbsX":78,"rawAbsY":20,"rawX":-78,"rawY":-20,"clippedAbsX":78,"clippedAbsY":20,"clippedX":-78,"clippedY":-20,"requestedAppliedX":-72.6033562454314,"requestedAppliedY":-18.616245191136255,"appliedX":-29.78599230581801,"appliedY":-16,"actualX":-30,"actualY":-16,"sensitivity":0.9308122595568128,"currentZoomForScroll":1.9023144676185433,"maxScrollStepX":29.78599230581801,"maxScrollStepY":16,"diagonalEvents":4,"clippedEvents":0}
[DebugBridge +54832570.3ms] wheel_scroll_motion {"eventCount":4,"rawAbsX":58,"rawAbsY":16,"rawX":-58,"rawY":-16,"clippedAbsX":58,"clippedAbsY":16,"clippedX":-58,"clippedY":-16,"requestedAppliedX":-53.98711105429514,"requestedAppliedY":-14.892996152909005,"appliedX":-16,"appliedY":-14.892996152909005,"actualX":-16,"actualY":-15,"sensitivity":0.9308122595568128,"currentZoomForScroll":1.9023144676185433,"maxScrollStepX":16,"maxScrollStepY":16,"diagonalEvents":4,"clippedEvents":0}
[DebugBridge +54832601.5ms] wheel_scroll_motion {"eventCount":4,"rawAbsX":44,"rawAbsY":14,"rawX":-44,"rawY":-14,"clippedAbsX":44,"clippedAbsY":14,"clippedX":-44,"clippedY":-14,"requestedAppliedX":-40.95573942049976,"requestedAppliedY":-13.031371633795379,"appliedX":-16,"appliedY":-13.031371633795379,"actualX":-16,"actualY":-13.5,"sensitivity":0.9308122595568128,"currentZoomForScroll":1.9023144676185433,"maxScrollStepX":16,"maxScrollStepY":16,"diagonalEvents":4,"clippedEvents":0}
[DebugBridge +54832673.6ms] wheel_scroll_motion {"eventCount":5,"rawAbsX":78,"rawAbsY":18,"rawX":-78,"rawY":-18,"clippedAbsX":78,"clippedAbsY":18,"clippedX":-78,"clippedY":-18,"requestedAppliedX":-72.6033562454314,"requestedAppliedY":-16.75462067202263,"appliedX":-37.23249038227251,"appliedY":-16,"actualX":-37.5,"actualY":-16,"sensitivity":0.9308122595568128,"currentZoomForScroll":1.9023144676185433,"maxScrollStepX":37.23249038227251,"maxScrollStepY":16,"diagonalEvents":5,"clippedEvents":0}
[DebugBridge +54832710.0ms] wheel_scroll_motion {"eventCount":4,"rawAbsX":24,"rawAbsY":8,"rawX":-24,"rawY":-8,"clippedAbsX":24,"clippedAbsY":8,"clippedX":-24,"clippedY":-8,"requestedAppliedX":-22.339494229363506,"requestedAppliedY":-7.446498076454502,"appliedX":-16,"appliedY":-7.446498076454502,"actualX":-16,"actualY":-7.5,"sensitivity":0.9308122595568128,"currentZoomForScroll":1.9023144676185433,"maxScrollStepX":16,"maxScrollStepY":16,"diagonalEvents":4,"clippedEvents":0}
[DebugBridge +54832745.2ms] wheel_scroll_motion {"eventCount":4,"rawAbsX":24,"rawAbsY":8,"rawX":-24,"rawY":-8,"clippedAbsX":24,"clippedAbsY":8,"clippedX":-24,"clippedY":-8,"requestedAppliedX":-22.339494229363506,"requestedAppliedY":-7.446498076454502,"appliedX":-16,"appliedY":-7.446498076454502,"actualX":-16,"actualY":-7.5,"sensitivity":0.9308122595568128,"currentZoomForScroll":1.9023144676185433,"maxScrollStepX":16,"maxScrollStepY":16,"diagonalEvents":4,"clippedEvents":0}
[DebugBridge +54832777.1ms] wheel_scroll_motion {"eventCount":2,"rawAbsX":12,"rawAbsY":4,"rawX":-12,"rawY":-4,"clippedAbsX":12,"clippedAbsY":4,"clippedX":-12,"clippedY":-4,"requestedAppliedX":-11.169747114681753,"requestedAppliedY":-3.723249038227251,"appliedX":-11.169747114681753,"appliedY":-3.723249038227251,"actualX":-11.5,"actualY":-4,"sensitivity":0.9308122595568128,"currentZoomForScroll":1.9023144676185433,"maxScrollStepX":16,"maxScrollStepY":16,"diagonalEvents":2,"clippedEvents":0}
[DebugBridge +54832852.4ms] wheel_scroll_motion {"eventCount":4,"rawAbsX":18,"rawAbsY":8,"rawX":-18,"rawY":8,"clippedAbsX":18,"clippedAbsY":8,"clippedX":-18,"clippedY":8,"requestedAppliedX":-16.852600909870716,"requestedAppliedY":7.446498076454502,"appliedX":-16,"appliedY":7.446498076454502,"actualX":-16,"actualY":7,"sensitivity":0.9308122595568128,"currentZoomForScroll":1.9023144676185433,"maxScrollStepX":16,"maxScrollStepY":16,"diagonalEvents":3,"clippedEvents":0}
[DebugBridge +54832886.1ms] wheel_scroll_motion {"eventCount":4,"rawAbsX":64,"rawAbsY":24,"rawX":-64,"rawY":24,"clippedAbsX":64,"clippedAbsY":24,"clippedX":-64,"clippedY":24,"requestedAppliedX":-59.57198461163601,"requestedAppliedY":22.339494229363506,"appliedX":-20.47786971024988,"appliedY":16,"actualX":-20.5,"actualY":16,"sensitivity":0.9308122595568128,"currentZoomForScroll":1.9023144676185433,"maxScrollStepX":20.47786971024988,"maxScrollStepY":16,"diagonalEvents":4,"clippedEvents":0}
[DebugBridge +54832919.6ms] wheel_scroll_motion {"eventCount":4,"rawAbsX":58,"rawAbsY":14,"rawX":-58,"rawY":14,"clippedAbsX":58,"clippedAbsY":14,"clippedX":-58,"clippedY":14,"requestedAppliedX":-53.98711105429514,"requestedAppliedY":13.031371633795379,"appliedX":-18.616245191136255,"appliedY":13.031371633795379,"actualX":-19,"actualY":13,"sensitivity":0.9308122595568128,"currentZoomForScroll":1.9023144676185433,"maxScrollStepX":18.616245191136255,"maxScrollStepY":16,"diagonalEvents":4,"clippedEvents":0}
[DebugBridge +54832979.5ms] wheel_scroll_motion {"eventCount":4,"rawAbsX":112,"rawAbsY":32,"rawX":-112,"rawY":32,"clippedAbsX":112,"clippedAbsY":32,"clippedX":-112,"clippedY":32,"requestedAppliedX":-104.25097307036303,"requestedAppliedY":29.78599230581801,"appliedX":-59.57198461163602,"appliedY":16.75462067202263,"actualX":-60,"actualY":16.5,"sensitivity":0.9308122595568128,"currentZoomForScroll":1.9023144676185433,"maxScrollStepX":59.57198461163602,"maxScrollStepY":16.75462067202263,"diagonalEvents":4,"clippedEvents":0}
[DebugBridge +54833011.1ms] wheel_scroll_motion {"eventCount":4,"rawAbsX":50,"rawAbsY":8,"rawX":-50,"rawY":8,"clippedAbsX":50,"clippedAbsY":8,"clippedX":-50,"clippedY":8,"requestedAppliedX":-48.01031654556192,"requestedAppliedY":7.446498076454502,"appliedX":-16,"appliedY":7.446498076454502,"actualX":-16,"actualY":7,"sensitivity":0.9798023784808556,"currentZoomForScroll":1.9023144676185433,"maxScrollStepX":16,"maxScrollStepY":16,"diagonalEvents":2,"clippedEvents":0}
[DebugBridge +54833044.7ms] wheel_scroll_motion {"eventCount":4,"rawAbsX":70,"rawAbsY":0,"rawX":-70,"rawY":0,"clippedAbsX":70,"clippedAbsY":0,"clippedX":-70,"clippedY":0,"requestedAppliedX":-68.58616649365989,"requestedAppliedY":0,"appliedX":-17.6364428126554,"appliedY":0,"actualX":-18,"actualY":0,"sensitivity":0.9798023784808556,"currentZoomForScroll":1.9023144676185433,"maxScrollStepX":17.6364428126554,"maxScrollStepY":16,"diagonalEvents":0,"clippedEvents":0}
[DebugBridge +54833076.4ms] wheel_scroll_motion {"eventCount":3,"rawAbsX":66,"rawAbsY":0,"rawX":-66,"rawY":0,"clippedAbsX":66,"clippedAbsY":0,"clippedX":-66,"clippedY":0,"requestedAppliedX":-64.66695697973647,"requestedAppliedY":0,"appliedX":-21.555652326578823,"appliedY":0,"actualX":-22,"actualY":0,"sensitivity":0.9798023784808556,"currentZoomForScroll":1.9023144676185433,"maxScrollStepX":21.555652326578823,"maxScrollStepY":16,"diagonalEvents":0,"clippedEvents":0}
[DebugBridge +54833101.9ms] wheel_scroll_motion {"eventCount":4,"rawAbsX":74,"rawAbsY":0,"rawX":-74,"rawY":0,"clippedAbsX":74,"clippedAbsY":0,"clippedX":-74,"clippedY":0,"requestedAppliedX":-72.50537600758332,"requestedAppliedY":0,"appliedX":-19.596047569617113,"appliedY":0,"actualX":-20,"actualY":0,"sensitivity":0.9798023784808556,"currentZoomForScroll":1.9023144676185433,"maxScrollStepX":19.596047569617113,"maxScrollStepY":16,"diagonalEvents":0,"clippedEvents":0}
[DebugBridge +54833136.1ms] wheel_scroll_motion {"eventCount":4,"rawAbsX":64,"rawAbsY":0,"rawX":-64,"rawY":0,"clippedAbsX":64,"clippedAbsY":0,"clippedX":-64,"clippedY":0,"requestedAppliedX":-62.70735222277476,"requestedAppliedY":0,"appliedX":-16,"appliedY":0,"actualX":-16,"actualY":0,"sensitivity":0.9798023784808556,"currentZoomForScroll":1.9023144676185433,"maxScrollStepX":16,"maxScrollStepY":16,"diagonalEvents":0,"clippedEvents":0}
[DebugBridge +54833168.3ms] wheel_scroll_motion {"eventCount":3,"rawAbsX":42,"rawAbsY":0,"rawX":-42,"rawY":0,"clippedAbsX":42,"clippedAbsY":0,"clippedX":-42,"clippedY":0,"requestedAppliedX":-41.151699896195936,"requestedAppliedY":0,"appliedX":-16,"appliedY":0,"actualX":-16,"actualY":0,"sensitivity":0.9798023784808556,"currentZoomForScroll":1.9023144676185433,"maxScrollStepX":16,"maxScrollStepY":16,"diagonalEvents":0,"clippedEvents":0}
[DebugBridge +54833193.2ms] wheel_scroll_motion {"eventCount":3,"rawAbsX":38,"rawAbsY":0,"rawX":-38,"rawY":0,"clippedAbsX":38,"clippedAbsY":0,"clippedX":-38,"clippedY":0,"requestedAppliedX":-37.23249038227251,"requestedAppliedY":0,"appliedX":-16,"appliedY":0,"actualX":-16,"actualY":0,"sensitivity":0.9798023784808556,"currentZoomForScroll":1.9023144676185433,"maxScrollStepX":16,"maxScrollStepY":16,"diagonalEvents":0,"clippedEvents":0}
[DebugBridge +54833219.9ms] wheel_scroll_motion {"eventCount":4,"rawAbsX":40,"rawAbsY":0,"rawX":-40,"rawY":0,"clippedAbsX":40,"clippedAbsY":0,"clippedX":-40,"clippedY":0,"requestedAppliedX":-39.192095139234226,"requestedAppliedY":0,"appliedX":-16,"appliedY":0,"actualX":-16,"actualY":0,"sensitivity":0.9798023784808556,"currentZoomForScroll":1.9023144676185433,"maxScrollStepX":16,"maxScrollStepY":16,"diagonalEvents":0,"clippedEvents":0}
[DebugBridge +54833253.2ms] wheel_scroll_motion {"eventCount":4,"rawAbsX":32,"rawAbsY":0,"rawX":-32,"rawY":0,"clippedAbsX":32,"clippedAbsY":0,"clippedX":-32,"clippedY":0,"requestedAppliedX":-31.35367611138738,"requestedAppliedY":0,"appliedX":-16,"appliedY":0,"actualX":-16,"actualY":0,"sensitivity":0.9798023784808556,"currentZoomForScroll":1.9023144676185433,"maxScrollStepX":16,"maxScrollStepY":16,"diagonalEvents":0,"clippedEvents":0}
[DebugBridge +54833287.1ms] wheel_scroll_motion {"eventCount":4,"rawAbsX":28,"rawAbsY":0,"rawX":-28,"rawY":0,"clippedAbsX":28,"clippedAbsY":0,"clippedX":-28,"clippedY":0,"requestedAppliedX":-27.434466597463956,"requestedAppliedY":0,"appliedX":-16,"appliedY":0,"actualX":-16,"actualY":0,"sensitivity":0.9798023784808556,"currentZoomForScroll":1.9023144676185433,"maxScrollStepX":16,"maxScrollStepY":16,"diagonalEvents":0,"clippedEvents":0}
[DebugBridge +54833320.7ms] wheel_scroll_motion {"eventCount":4,"rawAbsX":24,"rawAbsY":0,"rawX":-24,"rawY":0,"clippedAbsX":24,"clippedAbsY":0,"clippedX":-24,"clippedY":0,"requestedAppliedX":-23.515257083540533,"requestedAppliedY":0,"appliedX":-16,"appliedY":0,"actualX":-16,"actualY":0,"sensitivity":0.9798023784808556,"currentZoomForScroll":1.9023144676185433,"maxScrollStepX":16,"maxScrollStepY":16,"diagonalEvents":0,"clippedEvents":0}
[DebugBridge +54833353.4ms] wheel_scroll_motion {"eventCount":4,"rawAbsX":24,"rawAbsY":0,"rawX":-24,"rawY":0,"clippedAbsX":24,"clippedAbsY":0,"clippedX":-24,"clippedY":0,"requestedAppliedX":-23.515257083540533,"requestedAppliedY":0,"appliedX":-16,"appliedY":0,"actualX":-16,"actualY":0,"sensitivity":0.9798023784808556,"currentZoomForScroll":1.9023144676185433,"maxScrollStepX":16,"maxScrollStepY":16,"diagonalEvents":0,"clippedEvents":0}
[DebugBridge +54833387.0ms] wheel_scroll_motion {"eventCount":1,"rawAbsX":6,"rawAbsY":0,"rawX":-6,"rawY":0,"clippedAbsX":6,"clippedAbsY":0,"clippedX":-6,"clippedY":0,"requestedAppliedX":-5.878814270885133,"requestedAppliedY":0,"appliedX":-5.878814270885133,"appliedY":0,"actualX":-6,"actualY":0,"sensitivity":0.9798023784808556,"currentZoomForScroll":1.9023144676185433,"maxScrollStepX":16,"maxScrollStepY":16,"diagonalEvents":0,"clippedEvents":0}
[DebugBridge +54833497.6ms] wheel_scroll_motion {"eventCount":4,"rawAbsX":8,"rawAbsY":14,"rawX":-8,"rawY":14,"clippedAbsX":8,"clippedAbsY":14,"clippedX":-8,"clippedY":14,"requestedAppliedX":-7.446498076454502,"requestedAppliedY":13.129351871643465,"appliedX":-7.446498076454502,"appliedY":13.129351871643465,"actualX":-7.5,"actualY":13,"sensitivity":0.9308122595568128,"currentZoomForScroll":1.9023144676185433,"maxScrollStepX":16,"maxScrollStepY":16,"diagonalEvents":3,"clippedEvents":0}
[DebugBridge +54833529.1ms] wheel_scroll_motion {"eventCount":4,"rawAbsX":14,"rawAbsY":40,"rawX":-14,"rawY":40,"clippedAbsX":14,"clippedAbsY":40,"clippedX":-14,"clippedY":40,"requestedAppliedX":-13.031371633795379,"requestedAppliedY":37.23249038227251,"appliedX":-13.031371633795379,"appliedY":16.75462067202263,"actualX":-13.5,"actualY":16.5,"sensitivity":0.9308122595568128,"currentZoomForScroll":1.9023144676185433,"maxScrollStepX":16,"maxScrollStepY":16.75462067202263,"diagonalEvents":4,"clippedEvents":0}
[DebugBridge +54833559.3ms] wheel_scroll_motion {"eventCount":3,"rawAbsX":12,"rawAbsY":42,"rawX":-12,"rawY":42,"clippedAbsX":12,"clippedAbsY":42,"clippedX":-12,"clippedY":42,"requestedAppliedX":-11.169747114681753,"requestedAppliedY":39.094114901386135,"appliedX":-11.169747114681753,"appliedY":16,"actualX":-2.5,"actualY":16,"sensitivity":0.9308122595568128,"currentZoomForScroll":1.9023144676185433,"maxScrollStepX":16,"maxScrollStepY":16,"diagonalEvents":3,"clippedEvents":0}
[DebugBridge +54833584.7ms] wheel_scroll_motion {"eventCount":3,"rawAbsX":10,"rawAbsY":36,"rawX":-10,"rawY":36,"clippedAbsX":10,"clippedAbsY":36,"clippedX":-10,"clippedY":36,"requestedAppliedX":-9.308122595568127,"requestedAppliedY":33.50924134404526,"appliedX":-9.308122595568127,"appliedY":16.75462067202263,"actualX":0,"actualY":16.5,"sensitivity":0.9308122595568128,"currentZoomForScroll":1.9023144676185433,"maxScrollStepX":16,"maxScrollStepY":16.75462067202263,"diagonalEvents":3,"clippedEvents":0}
[DebugBridge +54833611.7ms] wheel_scroll_motion {"eventCount":4,"rawAbsX":6,"rawAbsY":42,"rawX":-6,"rawY":42,"clippedAbsX":6,"clippedAbsY":42,"clippedX":-6,"clippedY":42,"requestedAppliedX":-5.5848735573408765,"requestedAppliedY":39.58401609062656,"appliedX":-5.5848735573408765,"appliedY":22.339494229363506,"actualX":0,"actualY":22,"sensitivity":0.9798023784808556,"currentZoomForScroll":1.9023144676185433,"maxScrollStepX":16,"maxScrollStepY":22.339494229363506,"diagonalEvents":3,"clippedEvents":0}
[DebugBridge +54833642.7ms] wheel_scroll_motion {"eventCount":3,"rawAbsX":4,"rawAbsY":56,"rawX":-4,"rawY":56,"clippedAbsX":4,"clippedAbsY":56,"clippedX":-4,"clippedY":56,"requestedAppliedX":-3.723249038227251,"requestedAppliedY":53.595190102902805,"appliedX":-3.723249038227251,"appliedY":24.201118748477132,"actualX":0,"actualY":24,"sensitivity":0.9798023784808556,"currentZoomForScroll":1.9023144676185433,"maxScrollStepX":16,"maxScrollStepY":24.201118748477132,"diagonalEvents":1,"clippedEvents":0}
[SVGAnnotationLayer] setRotInputVisible(false) reason=selectedIds.size !== 1
[DebugBridge +54833690.0ms] wheel_scroll_motion {"eventCount":3,"rawAbsX":4,"rawAbsY":52,"rawX":4,"rawY":52,"clippedAbsX":4,"clippedAbsY":52,"clippedX":4,"clippedY":52,"requestedAppliedX":3.723249038227251,"requestedAppliedY":49.382039875435126,"appliedX":3.723249038227251,"appliedY":29.78599230581801,"actualX":3.5,"actualY":29.5,"sensitivity":0.9308122595568128,"currentZoomForScroll":1.9023144676185433,"maxScrollStepX":16,"maxScrollStepY":29.78599230581801,"diagonalEvents":1,"clippedEvents":0}
[DebugBridge +54833719.2ms] wheel_scroll_motion {"eventCount":4,"rawAbsX":0,"rawAbsY":96,"rawX":0,"rawY":96,"clippedAbsX":0,"clippedAbsY":96,"clippedX":0,"clippedY":96,"requestedAppliedX":0,"requestedAppliedY":94.06102833416215,"appliedX":0,"appliedY":39.192095139234226,"actualX":0,"actualY":39,"sensitivity":0.9798023784808556,"currentZoomForScroll":1.9023144676185433,"maxScrollStepX":16,"maxScrollStepY":39.192095139234226,"diagonalEvents":0,"clippedEvents":0}
[DebugBridge +54833752.5ms] wheel_scroll_motion {"eventCount":4,"rawAbsX":0,"rawAbsY":92,"rawX":0,"rawY":92,"clippedAbsX":0,"clippedAbsY":92,"clippedX":0,"clippedY":92,"requestedAppliedX":0,"requestedAppliedY":90.14181882023871,"appliedX":0,"appliedY":25.474861840502246,"actualX":0,"actualY":25,"sensitivity":0.9798023784808556,"currentZoomForScroll":1.9023144676185433,"maxScrollStepX":16,"maxScrollStepY":25.474861840502246,"diagonalEvents":0,"clippedEvents":0}
[DebugBridge +54833785.8ms] wheel_scroll_motion {"eventCount":4,"rawAbsX":0,"rawAbsY":82,"rawX":0,"rawY":82,"clippedAbsX":0,"clippedAbsY":82,"clippedX":0,"clippedY":82,"requestedAppliedX":0,"requestedAppliedY":80.34379503543016,"appliedX":0,"appliedY":21.555652326578823,"actualX":0,"actualY":21.5,"sensitivity":0.9798023784808556,"currentZoomForScroll":1.9023144676185433,"maxScrollStepX":16,"maxScrollStepY":21.555652326578823,"diagonalEvents":0,"clippedEvents":0}
[DebugBridge +54833818.2ms] wheel_scroll_motion {"eventCount":3,"rawAbsX":0,"rawAbsY":52,"rawX":0,"rawY":52,"clippedAbsX":0,"clippedAbsY":52,"clippedX":0,"clippedY":52,"requestedAppliedX":0,"requestedAppliedY":50.949723681004485,"appliedX":0,"appliedY":17.6364428126554,"actualX":0,"actualY":17.5,"sensitivity":0.9798023784808556,"currentZoomForScroll":1.9023144676185433,"maxScrollStepX":16,"maxScrollStepY":17.6364428126554,"diagonalEvents":0,"clippedEvents":0}
[DebugBridge +54833842.9ms] wheel_scroll_motion {"eventCount":3,"rawAbsX":0,"rawAbsY":48,"rawX":0,"rawY":48,"clippedAbsX":0,"clippedAbsY":48,"clippedX":0,"clippedY":48,"requestedAppliedX":0,"requestedAppliedY":47.030514167081066,"appliedX":0,"appliedY":16,"actualX":0,"actualY":16,"sensitivity":0.9798023784808556,"currentZoomForScroll":1.9023144676185433,"maxScrollStepX":16,"maxScrollStepY":16,"diagonalEvents":0,"clippedEvents":0}
[DebugBridge +54833867.5ms] wheel_scroll_motion {"eventCount":3,"rawAbsX":0,"rawAbsY":42,"rawX":0,"rawY":42,"clippedAbsX":0,"clippedAbsY":42,"clippedX":0,"clippedY":42,"requestedAppliedX":0,"requestedAppliedY":41.151699896195936,"appliedX":0,"appliedY":16,"actualX":0,"actualY":16,"sensitivity":0.9798023784808556,"currentZoomForScroll":1.9023144676185433,"maxScrollStepX":16,"maxScrollStepY":16,"diagonalEvents":0,"clippedEvents":0}
[DebugBridge +54833893.0ms] wheel_scroll_motion {"eventCount":3,"rawAbsX":0,"rawAbsY":38,"rawX":0,"rawY":38,"clippedAbsX":0,"clippedAbsY":38,"clippedX":0,"clippedY":38,"requestedAppliedX":0,"requestedAppliedY":37.23249038227251,"appliedX":0,"appliedY":16,"actualX":0,"actualY":16,"sensitivity":0.9798023784808556,"currentZoomForScroll":1.9023144676185433,"maxScrollStepX":16,"maxScrollStepY":16,"diagonalEvents":0,"clippedEvents":0}
[DebugBridge +54833918.7ms] wheel_scroll_motion {"eventCount":4,"rawAbsX":0,"rawAbsY":40,"rawX":0,"rawY":40,"clippedAbsX":0,"clippedAbsY":40,"clippedX":0,"clippedY":40,"requestedAppliedX":0,"requestedAppliedY":39.192095139234226,"appliedX":0,"appliedY":16,"actualX":0,"actualY":16,"sensitivity":0.9798023784808556,"currentZoomForScroll":1.9023144676185433,"maxScrollStepX":16,"maxScrollStepY":16,"diagonalEvents":0,"clippedEvents":0}
[DebugBridge +54833952.6ms] wheel_scroll_motion {"eventCount":4,"rawAbsX":0,"rawAbsY":34,"rawX":0,"rawY":34,"clippedAbsX":0,"clippedAbsY":34,"clippedX":0,"clippedY":34,"requestedAppliedX":0,"requestedAppliedY":33.313280868349096,"appliedX":0,"appliedY":16,"actualX":0,"actualY":16,"sensitivity":0.9798023784808556,"currentZoomForScroll":1.9023144676185433,"maxScrollStepX":16,"maxScrollStepY":16,"diagonalEvents":0,"clippedEvents":0}
[DebugBridge +54834013.8ms] wheel_scroll_motion {"eventCount":4,"rawAbsX":0,"rawAbsY":54,"rawX":0,"rawY":54,"clippedAbsX":0,"clippedAbsY":54,"clippedX":0,"clippedY":54,"requestedAppliedX":0,"requestedAppliedY":52.909328437966195,"appliedX":0,"appliedY":31.35367611138738,"actualX":0,"actualY":31,"sensitivity":0.9798023784808556,"currentZoomForScroll":1.9023144676185433,"maxScrollStepX":16,"maxScrollStepY":31.35367611138738,"diagonalEvents":0,"clippedEvents":0}
[DebugBridge +54834043.1ms] wheel_scroll_motion {"eventCount":3,"rawAbsX":0,"rawAbsY":18,"rawX":0,"rawY":18,"clippedAbsX":0,"clippedAbsY":18,"clippedX":0,"clippedY":18,"requestedAppliedX":0,"requestedAppliedY":17.6364428126554,"appliedX":0,"appliedY":16,"actualX":0,"actualY":16,"sensitivity":0.9798023784808556,"currentZoomForScroll":1.9023144676185433,"maxScrollStepX":16,"maxScrollStepY":16,"diagonalEvents":0,"clippedEvents":0}
[DebugBridge +54834068.4ms] wheel_scroll_motion {"eventCount":4,"rawAbsX":0,"rawAbsY":24,"rawX":0,"rawY":24,"clippedAbsX":0,"clippedAbsY":24,"clippedX":0,"clippedY":24,"requestedAppliedX":0,"requestedAppliedY":23.515257083540533,"appliedX":0,"appliedY":16,"actualX":0,"actualY":16,"sensitivity":0.9798023784808556,"currentZoomForScroll":1.9023144676185433,"maxScrollStepX":16,"maxScrollStepY":16,"diagonalEvents":0,"clippedEvents":0}
[DebugBridge +54834102.7ms] wheel_scroll_motion {"eventCount":4,"rawAbsX":0,"rawAbsY":16,"rawX":0,"rawY":16,"clippedAbsX":0,"clippedAbsY":16,"clippedX":0,"clippedY":16,"requestedAppliedX":0,"requestedAppliedY":15.67683805569369,"appliedX":0,"appliedY":15.67683805569369,"actualX":0,"actualY":15.5,"sensitivity":0.9798023784808556,"currentZoomForScroll":1.9023144676185433,"maxScrollStepX":16,"maxScrollStepY":16,"diagonalEvents":0,"clippedEvents":0}
[DebugBridge +54834134.5ms] wheel_scroll_motion {"eventCount":3,"rawAbsX":0,"rawAbsY":12,"rawX":0,"rawY":12,"clippedAbsX":0,"clippedAbsY":12,"clippedX":0,"clippedY":12,"requestedAppliedX":0,"requestedAppliedY":11.757628541770266,"appliedX":0,"appliedY":11.757628541770266,"actualX":0,"actualY":11.5,"sensitivity":0.9798023784808556,"currentZoomForScroll":1.9023144676185433,"maxScrollStepX":16,"maxScrollStepY":16,"diagonalEvents":0,"clippedEvents":0}
[DebugBridge +54834201.0ms] wheel_scroll_motion {"eventCount":3,"rawAbsX":8,"rawAbsY":6,"rawX":8,"rawY":6,"clippedAbsX":8,"clippedAbsY":6,"clippedX":8,"clippedY":6,"requestedAppliedX":7.544478314302588,"requestedAppliedY":5.5848735573408765,"appliedX":7.544478314302588,"appliedY":5.5848735573408765,"actualX":7.5,"actualY":5.5,"sensitivity":0.9308122595568128,"currentZoomForScroll":1.9023144676185433,"maxScrollStepX":16,"maxScrollStepY":16,"diagonalEvents":2,"clippedEvents":0}
[DebugBridge +54834228.0ms] wheel_scroll_motion {"eventCount":4,"rawAbsX":26,"rawAbsY":26,"rawX":26,"rawY":26,"clippedAbsX":26,"clippedAbsY":26,"clippedX":26,"clippedY":26,"requestedAppliedX":24.201118748477132,"requestedAppliedY":24.201118748477132,"appliedX":16,"appliedY":16,"actualX":16,"actualY":16,"sensitivity":0.9308122595568128,"currentZoomForScroll":1.9023144676185433,"maxScrollStepX":16,"maxScrollStepY":16,"diagonalEvents":4,"clippedEvents":0}
[DebugBridge +54834261.8ms] wheel_scroll_motion {"eventCount":4,"rawAbsX":30,"rawAbsY":34,"rawX":30,"rawY":34,"clippedAbsX":30,"clippedAbsY":34,"clippedX":30,"clippedY":34,"requestedAppliedX":27.924367786704384,"requestedAppliedY":31.64761682493163,"appliedX":16,"appliedY":16,"actualX":16,"actualY":16,"sensitivity":0.9308122595568128,"currentZoomForScroll":1.9023144676185433,"maxScrollStepX":16,"maxScrollStepY":16,"diagonalEvents":4,"clippedEvents":0}
[DebugBridge +54834294.3ms] wheel_scroll_motion {"eventCount":4,"rawAbsX":54,"rawAbsY":56,"rawX":54,"rawY":56,"clippedAbsX":54,"clippedAbsY":56,"clippedX":54,"clippedY":56,"requestedAppliedX":50.26386201606789,"requestedAppliedY":52.125486535181516,"appliedX":20.47786971024988,"appliedY":24.201118748477132,"actualX":20,"actualY":24,"sensitivity":0.9308122595568128,"currentZoomForScroll":1.9023144676185433,"maxScrollStepX":20.47786971024988,"maxScrollStepY":24.201118748477132,"diagonalEvents":4,"clippedEvents":0}
[DebugBridge +54834329.4ms] wheel_scroll_motion {"eventCount":4,"rawAbsX":36,"rawAbsY":26,"rawX":36,"rawY":26,"clippedAbsX":36,"clippedAbsY":26,"clippedX":36,"clippedY":26,"requestedAppliedX":33.50924134404526,"requestedAppliedY":24.201118748477132,"appliedX":16,"appliedY":16,"actualX":16,"actualY":16,"sensitivity":0.9308122595568128,"currentZoomForScroll":1.9023144676185433,"maxScrollStepX":16,"maxScrollStepY":16,"diagonalEvents":4,"clippedEvents":0}
[DebugBridge +54834379.7ms] wheel_scroll_motion {"eventCount":5,"rawAbsX":52,"rawAbsY":28,"rawX":52,"rawY":28,"clippedAbsX":52,"clippedAbsY":28,"clippedX":52,"clippedY":28,"requestedAppliedX":48.402237496954264,"requestedAppliedY":26.062743267590758,"appliedX":16.75462067202263,"appliedY":16,"actualX":16.5,"actualY":16,"sensitivity":0.9308122595568128,"currentZoomForScroll":1.9023144676185433,"maxScrollStepX":16.75462067202263,"maxScrollStepY":16,"diagonalEvents":5,"clippedEvents":0}
[DebugBridge +54834409.8ms] wheel_scroll_motion {"eventCount":4,"rawAbsX":60,"rawAbsY":34,"rawX":60,"rawY":34,"clippedAbsX":60,"clippedAbsY":34,"clippedX":60,"clippedY":34,"requestedAppliedX":55.84873557340877,"requestedAppliedY":31.647616824931635,"appliedX":22.339494229363506,"appliedY":16,"actualX":22,"actualY":16,"sensitivity":0.9308122595568128,"currentZoomForScroll":1.9023144676185433,"maxScrollStepX":22.339494229363506,"maxScrollStepY":16,"diagonalEvents":4,"clippedEvents":0}
[DebugBridge +54834443.9ms] wheel_scroll_motion {"eventCount":4,"rawAbsX":56,"rawAbsY":30,"rawX":56,"rawY":30,"clippedAbsX":56,"clippedAbsY":30,"clippedX":56,"clippedY":30,"requestedAppliedX":52.125486535181516,"requestedAppliedY":27.924367786704384,"appliedX":16,"appliedY":16,"actualX":16,"actualY":16,"sensitivity":0.9308122595568128,"currentZoomForScroll":1.9023144676185433,"maxScrollStepX":16,"maxScrollStepY":16,"diagonalEvents":4,"clippedEvents":0}
[DebugBridge +54834476.7ms] wheel_scroll_motion {"eventCount":4,"rawAbsX":44,"rawAbsY":24,"rawX":44,"rawY":24,"clippedAbsX":44,"clippedAbsY":24,"clippedX":44,"clippedY":24,"requestedAppliedX":40.95573942049976,"requestedAppliedY":22.339494229363506,"appliedX":16,"appliedY":16,"actualX":16,"actualY":16,"sensitivity":0.9308122595568128,"currentZoomForScroll":1.9023144676185433,"maxScrollStepX":16,"maxScrollStepY":16,"diagonalEvents":4,"clippedEvents":0}
[DebugBridge +54834508.7ms] wheel_scroll_motion {"eventCount":3,"rawAbsX":30,"rawAbsY":18,"rawX":30,"rawY":18,"clippedAbsX":30,"clippedAbsY":18,"clippedX":30,"clippedY":18,"requestedAppliedX":27.92436778670438,"requestedAppliedY":16.75462067202263,"appliedX":16,"appliedY":16,"actualX":16,"actualY":16,"sensitivity":0.9308122595568128,"currentZoomForScroll":1.9023144676185433,"maxScrollStepX":16,"maxScrollStepY":16,"diagonalEvents":3,"clippedEvents":0}
[DebugBridge +54834536.1ms] wheel_scroll_motion {"eventCount":4,"rawAbsX":32,"rawAbsY":24,"rawX":32,"rawY":24,"clippedAbsX":32,"clippedAbsY":24,"clippedX":32,"clippedY":24,"requestedAppliedX":29.78599230581801,"requestedAppliedY":22.339494229363506,"appliedX":16,"appliedY":16,"actualX":16,"actualY":16,"sensitivity":0.9308122595568128,"currentZoomForScroll":1.9023144676185433,"maxScrollStepX":16,"maxScrollStepY":16,"diagonalEvents":4,"clippedEvents":0}
[DebugBridge +54834568.0ms] wheel_scroll_motion {"eventCount":3,"rawAbsX":22,"rawAbsY":14,"rawX":22,"rawY":14,"clippedAbsX":22,"clippedAbsY":14,"clippedX":22,"clippedY":14,"requestedAppliedX":20.47786971024988,"requestedAppliedY":13.031371633795379,"appliedX":16,"appliedY":13.031371633795379,"actualX":16,"actualY":13,"sensitivity":0.9308122595568128,"currentZoomForScroll":1.9023144676185433,"maxScrollStepX":16,"maxScrollStepY":16,"diagonalEvents":3,"clippedEvents":0}
[DebugBridge +54834594.7ms] wheel_scroll_motion {"eventCount":4,"rawAbsX":24,"rawAbsY":16,"rawX":24,"rawY":16,"clippedAbsX":24,"clippedAbsY":16,"clippedX":24,"clippedY":16,"requestedAppliedX":22.339494229363506,"requestedAppliedY":14.892996152909005,"appliedX":16,"appliedY":14.892996152909005,"actualX":16,"actualY":14.5,"sensitivity":0.9308122595568128,"currentZoomForScroll":1.9023144676185433,"maxScrollStepX":16,"maxScrollStepY":16,"diagonalEvents":4,"clippedEvents":0}
[DebugBridge +54834628.0ms] wheel_scroll_motion {"eventCount":4,"rawAbsX":24,"rawAbsY":16,"rawX":24,"rawY":16,"clippedAbsX":24,"clippedAbsY":16,"clippedX":24,"clippedY":16,"requestedAppliedX":22.339494229363506,"requestedAppliedY":14.892996152909005,"appliedX":16,"appliedY":14.892996152909005,"actualX":16,"actualY":14.5,"sensitivity":0.9308122595568128,"currentZoomForScroll":1.9023144676185433,"maxScrollStepX":16,"maxScrollStepY":16,"diagonalEvents":4,"clippedEvents":0}
[DebugBridge +54834662.6ms] wheel_scroll_motion {"eventCount":4,"rawAbsX":20,"rawAbsY":16,"rawX":20,"rawY":16,"clippedAbsX":20,"clippedAbsY":16,"clippedX":20,"clippedY":16,"requestedAppliedX":18.616245191136255,"requestedAppliedY":14.892996152909005,"appliedX":16,"appliedY":14.892996152909005,"actualX":16,"actualY":14.5,"sensitivity":0.9308122595568128,"currentZoomForScroll":1.9023144676185433,"maxScrollStepX":16,"maxScrollStepY":16,"diagonalEvents":4,"clippedEvents":0}
[DebugBridge +54834697.1ms] wheel_scroll_motion {"eventCount":4,"rawAbsX":16,"rawAbsY":16,"rawX":16,"rawY":16,"clippedAbsX":16,"clippedAbsY":16,"clippedX":16,"clippedY":16,"requestedAppliedX":14.892996152909005,"requestedAppliedY":14.892996152909005,"appliedX":14.892996152909005,"appliedY":14.892996152909005,"actualX":14.5,"actualY":14.5,"sensitivity":0.9308122595568128,"currentZoomForScroll":1.9023144676185433,"maxScrollStepX":16,"maxScrollStepY":16,"diagonalEvents":4,"clippedEvents":0}
[DebugBridge +54834728.8ms] wheel_scroll_motion {"eventCount":4,"rawAbsX":16,"rawAbsY":8,"rawX":16,"rawY":8,"clippedAbsX":16,"clippedAbsY":8,"clippedX":16,"clippedY":8,"requestedAppliedX":14.892996152909005,"requestedAppliedY":7.446498076454502,"appliedX":14.892996152909005,"appliedY":7.446498076454502,"actualX":14.5,"actualY":7,"sensitivity":0.9308122595568128,"currentZoomForScroll":1.9023144676185433,"maxScrollStepX":16,"maxScrollStepY":16,"diagonalEvents":4,"clippedEvents":0}
[DebugBridge +54834761.7ms] wheel_scroll_motion {"eventCount":4,"rawAbsX":16,"rawAbsY":8,"rawX":16,"rawY":8,"clippedAbsX":16,"clippedAbsY":8,"clippedX":16,"clippedY":8,"requestedAppliedX":14.892996152909005,"requestedAppliedY":7.446498076454502,"appliedX":14.892996152909005,"appliedY":7.446498076454502,"actualX":14.5,"actualY":7,"sensitivity":0.9308122595568128,"currentZoomForScroll":1.9023144676185433,"maxScrollStepX":16,"maxScrollStepY":16,"diagonalEvents":4,"clippedEvents":0}
[DebugBridge +54834795.6ms] wheel_scroll_motion {"eventCount":3,"rawAbsX":14,"rawAbsY":8,"rawX":14,"rawY":8,"clippedAbsX":14,"clippedAbsY":8,"clippedX":14,"clippedY":8,"requestedAppliedX":13.031371633795379,"requestedAppliedY":7.446498076454502,"appliedX":13.031371633795379,"appliedY":7.446498076454502,"actualX":13,"actualY":7,"sensitivity":0.9308122595568128,"currentZoomForScroll":1.9023144676185433,"maxScrollStepX":16,"maxScrollStepY":16,"diagonalEvents":3,"clippedEvents":0}
[DebugBridge +54834834.5ms] wheel_scroll_motion {"eventCount":2,"rawAbsX":8,"rawAbsY":8,"rawX":8,"rawY":8,"clippedAbsX":8,"clippedAbsY":8,"clippedX":8,"clippedY":8,"requestedAppliedX":7.446498076454502,"requestedAppliedY":7.446498076454502,"appliedX":7.446498076454502,"appliedY":7.446498076454502,"actualX":7,"actualY":7,"sensitivity":0.9308122595568128,"currentZoomForScroll":1.9023144676185433,"maxScrollStepX":16,"maxScrollStepY":16,"diagonalEvents":2,"clippedEvents":0}
[DebugBridge +54834862.0ms] wheel_scroll_motion {"eventCount":2,"rawAbsX":8,"rawAbsY":4,"rawX":8,"rawY":4,"clippedAbsX":8,"clippedAbsY":4,"clippedX":8,"clippedY":4,"requestedAppliedX":7.446498076454502,"requestedAppliedY":3.723249038227251,"appliedX":7.446498076454502,"appliedY":3.723249038227251,"actualX":7,"actualY":3.5,"sensitivity":0.9308122595568128,"currentZoomForScroll":1.9023144676185433,"maxScrollStepX":16,"maxScrollStepY":16,"diagonalEvents":2,"clippedEvents":0}
[DebugBridge +54835042.9ms] wheel_scroll_motion {"eventCount":3,"rawAbsX":0,"rawAbsY":8,"rawX":0,"rawY":8,"clippedAbsX":0,"clippedAbsY":8,"clippedX":0,"clippedY":8,"requestedAppliedX":0,"requestedAppliedY":7.838419027846845,"appliedX":0,"appliedY":7.838419027846845,"actualX":0,"actualY":7.5,"sensitivity":0.9798023784808556,"currentZoomForScroll":1.9023144676185433,"maxScrollStepX":16,"maxScrollStepY":16,"diagonalEvents":0,"clippedEvents":0}
[DebugBridge +54835070.5ms] wheel_scroll_motion {"eventCount":4,"rawAbsX":0,"rawAbsY":24,"rawX":0,"rawY":24,"clippedAbsX":0,"clippedAbsY":24,"clippedX":0,"clippedY":24,"requestedAppliedX":0,"requestedAppliedY":23.515257083540536,"appliedX":0,"appliedY":16,"actualX":0,"actualY":16,"sensitivity":0.9798023784808556,"currentZoomForScroll":1.9023144676185433,"maxScrollStepX":16,"maxScrollStepY":16,"diagonalEvents":0,"clippedEvents":0}
[DebugBridge +54835100.9ms] wheel_scroll_motion {"eventCount":3,"rawAbsX":0,"rawAbsY":34,"rawX":0,"rawY":34,"clippedAbsX":0,"clippedAbsY":34,"clippedX":0,"clippedY":34,"requestedAppliedX":0,"requestedAppliedY":33.31328086834909,"appliedX":0,"appliedY":16,"actualX":0,"actualY":16,"sensitivity":0.9798023784808556,"currentZoomForScroll":1.9023144676185433,"maxScrollStepX":16,"maxScrollStepY":16,"diagonalEvents":0,"clippedEvents":0}
[DebugBridge +54835126.8ms] wheel_scroll_motion {"eventCount":3,"rawAbsX":0,"rawAbsY":18,"rawX":0,"rawY":18,"clippedAbsX":0,"clippedAbsY":18,"clippedX":0,"clippedY":18,"requestedAppliedX":0,"requestedAppliedY":17.6364428126554,"appliedX":0,"appliedY":16,"actualX":0,"actualY":16,"sensitivity":0.9798023784808556,"currentZoomForScroll":1.9023144676185433,"maxScrollStepX":16,"maxScrollStepY":16,"diagonalEvents":0,"clippedEvents":0}
[DebugBridge +54835152.7ms] wheel_scroll_motion {"eventCount":4,"rawAbsX":2,"rawAbsY":30,"rawX":-2,"rawY":30,"clippedAbsX":2,"clippedAbsY":30,"clippedX":-2,"clippedY":30,"requestedAppliedX":-1.8616245191136256,"requestedAppliedY":29.10013064088141,"appliedX":-1.8616245191136256,"appliedY":16,"actualX":-2,"actualY":16,"sensitivity":0.9308122595568128,"currentZoomForScroll":1.9023144676185433,"maxScrollStepX":16,"maxScrollStepY":16,"diagonalEvents":1,"clippedEvents":0}
[DebugBridge +54835186.4ms] wheel_scroll_motion {"eventCount":4,"rawAbsX":16,"rawAbsY":20,"rawX":-16,"rawY":20,"clippedAbsX":16,"clippedAbsY":20,"clippedX":-16,"clippedY":20,"requestedAppliedX":-14.892996152909005,"requestedAppliedY":18.616245191136255,"appliedX":-14.892996152909005,"appliedY":16,"actualX":-15,"actualY":16,"sensitivity":0.9308122595568128,"currentZoomForScroll":1.9023144676185433,"maxScrollStepX":16,"maxScrollStepY":16,"diagonalEvents":4,"clippedEvents":0}
[DebugBridge +54835218.2ms] wheel_scroll_motion {"eventCount":4,"rawAbsX":8,"rawAbsY":8,"rawX":-8,"rawY":8,"clippedAbsX":8,"clippedAbsY":8,"clippedX":-8,"clippedY":8,"requestedAppliedX":-7.446498076454502,"requestedAppliedY":7.446498076454502,"appliedX":-7.446498076454502,"appliedY":7.446498076454502,"actualX":-7.5,"actualY":7,"sensitivity":0.9308122595568128,"currentZoomForScroll":1.9023144676185433,"maxScrollStepX":16,"maxScrollStepY":16,"diagonalEvents":4,"clippedEvents":0}
[DebugBridge +54835251.7ms] wheel_scroll_motion {"eventCount":3,"rawAbsX":10,"rawAbsY":14,"rawX":-10,"rawY":14,"clippedAbsX":10,"clippedAbsY":14,"clippedX":-10,"clippedY":14,"requestedAppliedX":-9.308122595568127,"requestedAppliedY":13.031371633795379,"appliedX":-9.308122595568127,"appliedY":13.031371633795379,"actualX":-9.5,"actualY":13,"sensitivity":0.9308122595568128,"currentZoomForScroll":1.9023144676185433,"maxScrollStepX":16,"maxScrollStepY":16,"diagonalEvents":3,"clippedEvents":0}
[DebugBridge +54835277.9ms] wheel_scroll_motion {"eventCount":4,"rawAbsX":14,"rawAbsY":14,"rawX":-14,"rawY":14,"clippedAbsX":14,"clippedAbsY":14,"clippedX":-14,"clippedY":14,"requestedAppliedX":-13.227332109491549,"requestedAppliedY":13.031371633795379,"appliedX":-13.227332109491549,"appliedY":13.031371633795379,"actualX":-13.5,"actualY":13,"sensitivity":0.9798023784808556,"currentZoomForScroll":1.9023144676185433,"maxScrollStepX":16,"maxScrollStepY":16,"diagonalEvents":3,"clippedEvents":0}
[DebugBridge +54835309.6ms] wheel_scroll_motion {"eventCount":2,"rawAbsX":4,"rawAbsY":4,"rawX":-4,"rawY":4,"clippedAbsX":4,"clippedAbsY":4,"clippedX":-4,"clippedY":4,"requestedAppliedX":-3.9192095139234224,"requestedAppliedY":3.9192095139234224,"appliedX":-3.9192095139234224,"appliedY":3.9192095139234224,"actualX":-4,"actualY":3.5,"sensitivity":0.9798023784808556,"currentZoomForScroll":1.9023144676185433,"maxScrollStepX":16,"maxScrollStepY":16,"diagonalEvents":0,"clippedEvents":0}
[DebugBridge +54835335.6ms] wheel_scroll_motion {"eventCount":1,"rawAbsX":0,"rawAbsY":2,"rawX":0,"rawY":2,"clippedAbsX":0,"clippedAbsY":2,"clippedX":0,"clippedY":2,"requestedAppliedX":0,"requestedAppliedY":1.9596047569617112,"appliedX":0,"appliedY":1.9596047569617112,"actualX":0,"actualY":1.5,"sensitivity":0.9798023784808556,"currentZoomForScroll":1.9023144676185433,"maxScrollStepX":16,"maxScrollStepY":16,"diagonalEvents":0,"clippedEvents":0}
[DebugBridge +54835711.0ms] zoom_wheel_request {"rawDeltaY":43.035598278045654,"reportedZoom":190,"trustedReactZoom":190.23144676185433,"currentZoom":190.23144676185433,"reportedCurrentZoom":190,"nextZoom":214.23144676185433,"requestedDeltaAbs":24,"reportedLagAbs":0.231446761854329,"rawGetZoomValue":190,"rawViewerZoomValue":190,"rawMagnificationZoom":null,"correctedSuspiciousZoom":false}
[DebugBridge +54835711.1ms] zoom_start {"scale":1.9023144676185433,"source":"overlay_wheel_zoom_pre","reportedScale":1.9,"correctedSuspiciousZoom":false}
[DebugBridge +54835781.0ms] zoom_wheel_request {"rawDeltaY":56.6865119934082,"reportedZoom":214,"trustedReactZoom":214.23144676185433,"currentZoom":214.23144676185433,"reportedCurrentZoom":214,"nextZoom":238.23144676185433,"requestedDeltaAbs":24,"reportedLagAbs":0.231446761854329,"rawGetZoomValue":214,"rawViewerZoomValue":214,"rawMagnificationZoom":null,"correctedSuspiciousZoom":false}
[DebugBridge +54835860.9ms] zoom_wheel_request {"rawDeltaY":35.4813711643219,"reportedZoom":238,"trustedReactZoom":238.23144676185436,"currentZoom":238.23144676185436,"reportedCurrentZoom":238,"nextZoom":262.2314467618544,"requestedDeltaAbs":24.00000000000003,"reportedLagAbs":0.23144676185435742,"rawGetZoomValue":238,"rawViewerZoomValue":238,"rawMagnificationZoom":null,"correctedSuspiciousZoom":false}
[DebugBridge +54835928.2ms] zoom_wheel_request {"rawDeltaY":7.368187755346298,"reportedZoom":262,"trustedReactZoom":262.2314467618544,"currentZoom":262.2314467618544,"reportedCurrentZoom":262,"nextZoom":270.0751488686586,"requestedDeltaAbs":7.843702106804187,"reportedLagAbs":0.23144676185438584,"rawGetZoomValue":262,"rawViewerZoomValue":262,"rawMagnificationZoom":null,"correctedSuspiciousZoom":false}
[DebugBridge +54836508.9ms] wheel_scroll_motion {"eventCount":3,"rawAbsX":10,"rawAbsY":14,"rawX":-10,"rawY":14,"clippedAbsX":10,"clippedAbsY":14,"clippedX":-10,"clippedY":14,"requestedAppliedX":-9.234,"requestedAppliedY":12.9276,"appliedX":-9.234,"appliedY":12.9276,"actualX":-9.5,"actualY":12.5,"sensitivity":0.9234,"currentZoomForScroll":2.7007514886865858,"maxScrollStepX":16,"maxScrollStepY":16,"diagonalEvents":3,"clippedEvents":0}
[DebugBridge +54836536.4ms] wheel_scroll_motion {"eventCount":4,"rawAbsX":20,"rawAbsY":34,"rawX":-20,"rawY":34,"clippedAbsX":20,"clippedAbsY":34,"clippedX":-20,"clippedY":34,"requestedAppliedX":-18.468000000000004,"requestedAppliedY":31.395599999999998,"appliedX":-16,"appliedY":16,"actualX":-16,"actualY":16,"sensitivity":0.9234,"currentZoomForScroll":2.7007514886865858,"maxScrollStepX":16,"maxScrollStepY":16,"diagonalEvents":4,"clippedEvents":0}
[DebugBridge +54836569.1ms] wheel_scroll_motion {"eventCount":4,"rawAbsX":36,"rawAbsY":46,"rawX":-36,"rawY":46,"clippedAbsX":36,"clippedAbsY":46,"clippedX":-36,"clippedY":46,"requestedAppliedX":-33.242399999999996,"requestedAppliedY":42.476400000000005,"appliedX":-16,"appliedY":16.6212,"actualX":-16,"actualY":16.5,"sensitivity":0.9234,"currentZoomForScroll":2.7007514886865858,"maxScrollStepX":16,"maxScrollStepY":16.6212,"diagonalEvents":4,"clippedEvents":0}
[DebugBridge +54836602.7ms] wheel_scroll_motion {"eventCount":4,"rawAbsX":20,"rawAbsY":26,"rawX":-20,"rawY":26,"clippedAbsX":20,"clippedAbsY":26,"clippedX":-20,"clippedY":26,"requestedAppliedX":-18.468,"requestedAppliedY":24.0084,"appliedX":-16,"appliedY":16,"actualX":-16,"actualY":16,"sensitivity":0.9234,"currentZoomForScroll":2.7007514886865858,"maxScrollStepX":16,"maxScrollStepY":16,"diagonalEvents":4,"clippedEvents":0}
[DebugBridge +54836634.8ms] wheel_scroll_motion {"eventCount":3,"rawAbsX":16,"rawAbsY":16,"rawX":-16,"rawY":16,"clippedAbsX":16,"clippedAbsY":16,"clippedX":-16,"clippedY":16,"requestedAppliedX":-14.7744,"requestedAppliedY":14.7744,"appliedX":-14.7744,"appliedY":14.7744,"actualX":-15,"actualY":14.5,"sensitivity":0.9234,"currentZoomForScroll":2.7007514886865858,"maxScrollStepX":16,"maxScrollStepY":16,"diagonalEvents":3,"clippedEvents":0}
[DebugBridge +54836659.8ms] wheel_scroll_motion {"eventCount":3,"rawAbsX":18,"rawAbsY":20,"rawX":-18,"rawY":20,"clippedAbsX":18,"clippedAbsY":20,"clippedX":-18,"clippedY":20,"requestedAppliedX":-16.6212,"requestedAppliedY":18.468,"appliedX":-16,"appliedY":16,"actualX":-16,"actualY":16,"sensitivity":0.9234,"currentZoomForScroll":2.7007514886865858,"maxScrollStepX":16,"maxScrollStepY":16,"diagonalEvents":3,"clippedEvents":0}
[DebugBridge +54836685.5ms] wheel_scroll_motion {"eventCount":4,"rawAbsX":24,"rawAbsY":28,"rawX":-24,"rawY":28,"clippedAbsX":24,"clippedAbsY":28,"clippedX":-24,"clippedY":28,"requestedAppliedX":-22.1616,"requestedAppliedY":25.8552,"appliedX":-16,"appliedY":16,"actualX":-16,"actualY":16,"sensitivity":0.9234,"currentZoomForScroll":2.7007514886865858,"maxScrollStepX":16,"maxScrollStepY":16,"diagonalEvents":4,"clippedEvents":0}
[DebugBridge +54836719.5ms] wheel_scroll_motion {"eventCount":4,"rawAbsX":24,"rawAbsY":28,"rawX":-24,"rawY":28,"clippedAbsX":24,"clippedAbsY":28,"clippedX":-24,"clippedY":28,"requestedAppliedX":-22.1616,"requestedAppliedY":25.855199999999996,"appliedX":-16,"appliedY":16,"actualX":-16,"actualY":16,"sensitivity":0.9234,"currentZoomForScroll":2.7007514886865858,"maxScrollStepX":16,"maxScrollStepY":16,"diagonalEvents":4,"clippedEvents":0}
[DebugBridge +54836868.7ms] wheel_scroll_motion {"eventCount":4,"rawAbsX":80,"rawAbsY":94,"rawX":-80,"rawY":94,"clippedAbsX":80,"clippedAbsY":94,"clippedX":-80,"clippedY":94,"requestedAppliedX":-73.872,"requestedAppliedY":86.7996,"appliedX":-57.2508,"appliedY":70.1784,"actualX":-57.5,"actualY":70,"sensitivity":0.9234,"currentZoomForScroll":2.7007514886865858,"maxScrollStepX":57.2508,"maxScrollStepY":70.1784,"diagonalEvents":4,"clippedEvents":0}
[DebugBridge +54836903.0ms] wheel_scroll_motion {"eventCount":4,"rawAbsX":16,"rawAbsY":16,"rawX":-16,"rawY":16,"clippedAbsX":16,"clippedAbsY":16,"clippedX":-16,"clippedY":16,"requestedAppliedX":-14.7744,"requestedAppliedY":14.7744,"appliedX":-14.7744,"appliedY":14.7744,"actualX":-15,"actualY":14.5,"sensitivity":0.9234,"currentZoomForScroll":2.7007514886865858,"maxScrollStepX":16,"maxScrollStepY":16,"diagonalEvents":4,"clippedEvents":0}
[DebugBridge +54836937.1ms] wheel_scroll_motion {"eventCount":4,"rawAbsX":8,"rawAbsY":16,"rawX":-8,"rawY":16,"clippedAbsX":8,"clippedAbsY":16,"clippedX":-8,"clippedY":16,"requestedAppliedX":-7.3872,"requestedAppliedY":14.7744,"appliedX":-7.3872,"appliedY":14.7744,"actualX":-7.5,"actualY":14.5,"sensitivity":0.9234,"currentZoomForScroll":2.7007514886865858,"maxScrollStepX":16,"maxScrollStepY":16,"diagonalEvents":4,"clippedEvents":0}
[DebugBridge +54837303.7ms] wheel_scroll_motion {"eventCount":3,"rawAbsX":14,"rawAbsY":20,"rawX":-14,"rawY":20,"clippedAbsX":14,"clippedAbsY":20,"clippedX":-14,"clippedY":20,"requestedAppliedX":-12.9276,"requestedAppliedY":18.5652,"appliedX":-12.9276,"appliedY":16,"actualX":-13,"actualY":16,"sensitivity":0.9720000000000001,"currentZoomForScroll":2.7007514886865858,"maxScrollStepX":16,"maxScrollStepY":16,"diagonalEvents":2,"clippedEvents":0}
[DebugBridge +54837520.5ms] wheel_scroll_motion {"eventCount":3,"rawAbsX":26,"rawAbsY":1106,"rawX":-26,"rawY":1106,"clippedAbsX":26,"clippedAbsY":291.73821547627875,"clippedX":-26,"clippedY":291.73821547627875,"requestedAppliedX":-24.0084,"requestedAppliedY":277.0635068068694,"appliedX":-24.0084,"appliedY":130.1207727214715,"actualX":-24.5,"actualY":130,"sensitivity":0.9720000000000001,"currentZoomForScroll":2.7007514886865858,"maxScrollStepX":24.0084,"maxScrollStepY":130.1207727214715,"diagonalEvents":1,"clippedEvents":2}
[DebugBridge +54837520.5ms] zoom_end {"source":"zoomChange_settle"}
[DebugBridge +54837807.6ms] wheel_scroll_motion {"eventCount":7,"rawAbsX":0,"rawAbsY":230,"rawX":0,"rawY":230,"clippedAbsX":0,"clippedAbsY":230,"clippedX":0,"clippedY":230,"requestedAppliedX":0,"requestedAppliedY":223.56000000000003,"appliedX":0,"appliedY":124.41600000000001,"actualX":0,"actualY":124,"sensitivity":0.9720000000000001,"currentZoomForScroll":2.7007514886865858,"maxScrollStepX":16,"maxScrollStepY":124.41600000000001,"diagonalEvents":0,"clippedEvents":0}
[DebugBridge +54838032.0ms] wheel_scroll_motion {"eventCount":4,"rawAbsX":0,"rawAbsY":16,"rawX":0,"rawY":16,"clippedAbsX":0,"clippedAbsY":16,"clippedX":0,"clippedY":16,"requestedAppliedX":0,"requestedAppliedY":15.552000000000001,"appliedX":0,"appliedY":15.552000000000001,"actualX":0,"actualY":15.5,"sensitivity":0.9720000000000001,"currentZoomForScroll":2.7007514886865858,"maxScrollStepX":16,"maxScrollStepY":16,"diagonalEvents":0,"clippedEvents":0}
[DebugBridge +54838087.2ms] wheel_scroll_motion {"eventCount":5,"rawAbsX":36,"rawAbsY":106,"rawX":-36,"rawY":106,"clippedAbsX":36,"clippedAbsY":106,"clippedX":-36,"clippedY":106,"requestedAppliedX":-33.2424,"requestedAppliedY":98.5608,"appliedX":-33.2424,"appliedY":84.9528,"actualX":-33.5,"actualY":84.5,"sensitivity":0.9720000000000001,"currentZoomForScroll":2.7007514886865858,"maxScrollStepX":33.2424,"maxScrollStepY":84.9528,"diagonalEvents":1,"clippedEvents":0}
[DebugBridge +54838101.7ms] page_visit_start {"page":8,"pageCount":36,"revisited":false,"hasContainer":true,"hasPdfSurface":true,"spinnerVisible":false,"hasAnnotationOverlay":true,"ready":true}
[DebugBridge +54838102.4ms] page_visit_ready {"page":8,"pageCount":36,"revisited":false,"waitMs":1,"hasContainer":true,"hasPdfSurface":true,"spinnerVisible":false,"hasAnnotationOverlay":true,"ready":true}
[DebugBridge +54838293.0ms] wheel_scroll_motion {"eventCount":6,"rawAbsX":90,"rawAbsY":272,"rawX":90,"rawY":272,"clippedAbsX":90,"clippedAbsY":219.86910773813938,"clippedX":90,"clippedY":219.86910773813938,"requestedAppliedX":83.106,"requestedAppliedY":203.3187340853979,"appliedX":53.5572,"appliedY":123.6147340853979,"actualX":53.5,"actualY":123.5,"sensitivity":0.9234,"currentZoomForScroll":2.7007514886865858,"maxScrollStepX":53.5572,"maxScrollStepY":123.6147340853979,"diagonalEvents":5,"clippedEvents":1}
[DebugBridge +54838373.1ms] wheel_scroll_motion {"eventCount":5,"rawAbsX":36,"rawAbsY":120,"rawX":36,"rawY":120,"clippedAbsX":36,"clippedAbsY":120,"clippedX":36,"clippedY":120,"requestedAppliedX":33.2424,"requestedAppliedY":110.80799999999999,"appliedX":16,"appliedY":55.403999999999996,"actualX":16,"actualY":55,"sensitivity":0.9234,"currentZoomForScroll":2.7007514886865858,"maxScrollStepX":16,"maxScrollStepY":55.403999999999996,"diagonalEvents":5,"clippedEvents":0}
[DebugBridge +54838672.3ms] wheel_scroll_motion {"eventCount":5,"rawAbsX":90,"rawAbsY":302,"rawX":90,"rawY":302,"clippedAbsX":90,"clippedAbsY":235.86910773813938,"clippedX":90,"clippedY":235.86910773813938,"requestedAppliedX":83.106,"requestedAppliedY":217.8015340853979,"appliedX":57.2508,"appliedY":123.6147340853979,"actualX":57,"actualY":123.5,"sensitivity":0.9234,"currentZoomForScroll":2.7007514886865858,"maxScrollStepX":57.2508,"maxScrollStepY":123.6147340853979,"diagonalEvents":5,"clippedEvents":1}
[DebugBridge +54838732.6ms] wheel_scroll_motion {"eventCount":3,"rawAbsX":14,"rawAbsY":28,"rawX":14,"rawY":28,"clippedAbsX":14,"clippedAbsY":28,"clippedX":14,"clippedY":28,"requestedAppliedX":12.9276,"requestedAppliedY":25.8552,"appliedX":12.9276,"appliedY":18.468,"actualX":12.5,"actualY":18,"sensitivity":0.9234,"currentZoomForScroll":2.7007514886865858,"maxScrollStepX":16,"maxScrollStepY":18.468,"diagonalEvents":3,"clippedEvents":0}
[DebugBridge +54838972.0ms] wheel_scroll_motion {"eventCount":3,"rawAbsX":150,"rawAbsY":18,"rawX":150,"rawY":18,"clippedAbsX":139.86910773813938,"clippedAbsY":18,"clippedX":139.86910773813938,"clippedY":18,"requestedAppliedX":129.3495340853979,"requestedAppliedY":16.6212,"appliedX":123.6147340853979,"appliedY":16,"actualX":123.5,"actualY":16,"sensitivity":0.9234,"currentZoomForScroll":2.7007514886865858,"maxScrollStepX":123.6147340853979,"maxScrollStepY":16,"diagonalEvents":2,"clippedEvents":1}
[DebugBridge +54839195.6ms] wheel_scroll_motion {"eventCount":5,"rawAbsX":70,"rawAbsY":30,"rawX":70,"rawY":30,"clippedAbsX":70,"clippedAbsY":30,"clippedX":70,"clippedY":30,"requestedAppliedX":64.638,"requestedAppliedY":27.701999999999998,"appliedX":31.3956,"appliedY":16,"actualX":31,"actualY":16,"sensitivity":0.9234,"currentZoomForScroll":2.7007514886865858,"maxScrollStepX":31.3956,"maxScrollStepY":16,"diagonalEvents":5,"clippedEvents":0}
[DebugBridge +54839225.0ms] wheel_scroll_motion {"eventCount":3,"rawAbsX":154,"rawAbsY":0,"rawX":154,"rawY":0,"clippedAbsX":147.86910773813938,"clippedAbsY":0,"clippedX":147.86910773813938,"clippedY":0,"requestedAppliedX":143.7287727214715,"requestedAppliedY":0,"appliedX":130.1207727214715,"appliedY":0,"actualX":130,"actualY":0,"sensitivity":0.9720000000000001,"currentZoomForScroll":2.7007514886865858,"maxScrollStepX":130.1207727214715,"maxScrollStepY":16,"diagonalEvents":0,"clippedEvents":1}
[DebugBridge +54839429.4ms] wheel_scroll_motion {"eventCount":3,"rawAbsX":102,"rawAbsY":0,"rawX":102,"rawY":0,"clippedAbsX":102,"clippedAbsY":0,"clippedX":102,"clippedY":0,"requestedAppliedX":99.144,"requestedAppliedY":0,"appliedX":87.48,"appliedY":0,"actualX":87,"actualY":0,"sensitivity":0.9720000000000001,"currentZoomForScroll":2.7007514886865858,"maxScrollStepX":87.48,"maxScrollStepY":16,"diagonalEvents":0,"clippedEvents":0}
[DebugBridge +54839467.9ms] wheel_scroll_motion {"eventCount":2,"rawAbsX":6,"rawAbsY":0,"rawX":6,"rawY":0,"clippedAbsX":6,"clippedAbsY":0,"clippedX":6,"clippedY":0,"requestedAppliedX":5.832000000000001,"requestedAppliedY":0,"appliedX":5.832000000000001,"appliedY":0,"actualX":5.5,"actualY":0,"sensitivity":0.9720000000000001,"currentZoomForScroll":2.7007514886865858,"maxScrollStepX":16,"maxScrollStepY":16,"diagonalEvents":0,"clippedEvents":0}
[DebugBridge +54839505.0ms] wheel_scroll_motion {"eventCount":2,"rawAbsX":4,"rawAbsY":0,"rawX":4,"rawY":0,"clippedAbsX":4,"clippedAbsY":0,"clippedX":4,"clippedY":0,"requestedAppliedX":3.8880000000000003,"requestedAppliedY":0,"appliedX":3.8880000000000003,"appliedY":0,"actualX":3.5,"actualY":0,"sensitivity":0.9720000000000001,"currentZoomForScroll":2.7007514886865858,"maxScrollStepX":16,"maxScrollStepY":16,"diagonalEvents":0,"clippedEvents":0}
[DebugBridge +54839539.9ms] wheel_scroll_motion {"eventCount":2,"rawAbsX":4,"rawAbsY":0,"rawX":4,"rawY":0,"clippedAbsX":4,"clippedAbsY":0,"clippedX":4,"clippedY":0,"requestedAppliedX":3.8880000000000003,"requestedAppliedY":0,"appliedX":3.8880000000000003,"appliedY":0,"actualX":3.5,"actualY":0,"sensitivity":0.9720000000000001,"currentZoomForScroll":2.7007514886865858,"maxScrollStepX":16,"maxScrollStepY":16,"diagonalEvents":0,"clippedEvents":0}
[DebugBridge +54839569.3ms] wheel_scroll_motion {"eventCount":1,"rawAbsX":2,"rawAbsY":0,"rawX":2,"rawY":0,"clippedAbsX":2,"clippedAbsY":0,"clippedX":2,"clippedY":0,"requestedAppliedX":1.9440000000000002,"requestedAppliedY":0,"appliedX":1.9440000000000002,"appliedY":0,"actualX":1.5,"actualY":0,"sensitivity":0.9720000000000001,"currentZoomForScroll":2.7007514886865858,"maxScrollStepX":16,"maxScrollStepY":16,"diagonalEvents":0,"clippedEvents":0}
[DebugBridge +54839737.3ms] wheel_scroll_motion {"eventCount":6,"rawAbsX":28,"rawAbsY":40,"rawX":28,"rawY":40,"clippedAbsX":28,"clippedAbsY":40,"clippedX":28,"clippedY":40,"requestedAppliedX":25.8552,"requestedAppliedY":37.033199999999994,"appliedX":16,"appliedY":18.468,"actualX":16,"actualY":18,"sensitivity":0.9234,"currentZoomForScroll":2.7007514886865858,"maxScrollStepX":16,"maxScrollStepY":18.468,"diagonalEvents":5,"clippedEvents":0}
[DebugBridge +54839762.8ms] wheel_scroll_motion {"eventCount":4,"rawAbsX":18,"rawAbsY":24,"rawX":18,"rawY":24,"clippedAbsX":18,"clippedAbsY":24,"clippedX":18,"clippedY":24,"requestedAppliedX":16.6212,"requestedAppliedY":22.1616,"appliedX":16,"appliedY":16,"actualX":16,"actualY":16,"sensitivity":0.9234,"currentZoomForScroll":2.7007514886865858,"maxScrollStepX":16,"maxScrollStepY":16,"diagonalEvents":4,"clippedEvents":0}
[DebugBridge +54839796.9ms] wheel_scroll_motion {"eventCount":4,"rawAbsX":28,"rawAbsY":34,"rawX":28,"rawY":34,"clippedAbsX":28,"clippedAbsY":34,"clippedX":28,"clippedY":34,"requestedAppliedX":25.855200000000004,"requestedAppliedY":31.3956,"appliedX":16,"appliedY":16,"actualX":16,"actualY":16,"sensitivity":0.9234,"currentZoomForScroll":2.7007514886865858,"maxScrollStepX":16,"maxScrollStepY":16,"diagonalEvents":4,"clippedEvents":0}
[DebugBridge +54839827.3ms] wheel_scroll_motion {"eventCount":4,"rawAbsX":28,"rawAbsY":28,"rawX":28,"rawY":28,"clippedAbsX":28,"clippedAbsY":28,"clippedX":28,"clippedY":28,"requestedAppliedX":25.8552,"requestedAppliedY":25.8552,"appliedX":16,"appliedY":16,"actualX":16,"actualY":16,"sensitivity":0.9234,"currentZoomForScroll":2.7007514886865858,"maxScrollStepX":16,"maxScrollStepY":16,"diagonalEvents":4,"clippedEvents":0}
[DebugBridge +54839861.6ms] wheel_scroll_motion {"eventCount":4,"rawAbsX":24,"rawAbsY":30,"rawX":24,"rawY":30,"clippedAbsX":24,"clippedAbsY":30,"clippedX":24,"clippedY":30,"requestedAppliedX":22.1616,"requestedAppliedY":27.701999999999998,"appliedX":16,"appliedY":16,"actualX":16,"actualY":16,"sensitivity":0.9234,"currentZoomForScroll":2.7007514886865858,"maxScrollStepX":16,"maxScrollStepY":16,"diagonalEvents":4,"clippedEvents":0}
[DebugBridge +54839893.9ms] wheel_scroll_motion {"eventCount":4,"rawAbsX":30,"rawAbsY":34,"rawX":30,"rawY":34,"clippedAbsX":30,"clippedAbsY":34,"clippedX":30,"clippedY":34,"requestedAppliedX":27.701999999999998,"requestedAppliedY":31.3956,"appliedX":16,"appliedY":16,"actualX":16,"actualY":16,"sensitivity":0.9234,"currentZoomForScroll":2.7007514886865858,"maxScrollStepX":16,"maxScrollStepY":16,"diagonalEvents":4,"clippedEvents":0}
[DebugBridge +54839927.6ms] wheel_scroll_motion {"eventCount":4,"rawAbsX":30,"rawAbsY":36,"rawX":30,"rawY":36,"clippedAbsX":30,"clippedAbsY":36,"clippedX":30,"clippedY":36,"requestedAppliedX":27.701999999999998,"requestedAppliedY":33.2424,"appliedX":16,"appliedY":16,"actualX":16,"actualY":16,"sensitivity":0.9234,"currentZoomForScroll":2.7007514886865858,"maxScrollStepX":16,"maxScrollStepY":16,"diagonalEvents":4,"clippedEvents":0}
[DebugBridge +54839961.5ms] wheel_scroll_motion {"eventCount":4,"rawAbsX":24,"rawAbsY":32,"rawX":24,"rawY":32,"clippedAbsX":24,"clippedAbsY":32,"clippedX":24,"clippedY":32,"requestedAppliedX":22.1616,"requestedAppliedY":29.5488,"appliedX":16,"appliedY":16,"actualX":16,"actualY":16,"sensitivity":0.9234,"currentZoomForScroll":2.7007514886865858,"maxScrollStepX":16,"maxScrollStepY":16,"diagonalEvents":4,"clippedEvents":0}
[DebugBridge +54839995.1ms] wheel_scroll_motion {"eventCount":4,"rawAbsX":24,"rawAbsY":26,"rawX":24,"rawY":26,"clippedAbsX":24,"clippedAbsY":26,"clippedX":24,"clippedY":26,"requestedAppliedX":22.1616,"requestedAppliedY":24.0084,"appliedX":16,"appliedY":16,"actualX":16,"actualY":16,"sensitivity":0.9234,"currentZoomForScroll":2.7007514886865858,"maxScrollStepX":16,"maxScrollStepY":16,"diagonalEvents":4,"clippedEvents":0}
[DebugBridge +54840028.3ms] wheel_scroll_motion {"eventCount":4,"rawAbsX":24,"rawAbsY":24,"rawX":24,"rawY":24,"clippedAbsX":24,"clippedAbsY":24,"clippedX":24,"clippedY":24,"requestedAppliedX":22.1616,"requestedAppliedY":22.1616,"appliedX":16,"appliedY":16,"actualX":16,"actualY":16,"sensitivity":0.9234,"currentZoomForScroll":2.7007514886865858,"maxScrollStepX":16,"maxScrollStepY":16,"diagonalEvents":4,"clippedEvents":0}
[DebugBridge +54840062.4ms] wheel_scroll_motion {"eventCount":4,"rawAbsX":16,"rawAbsY":24,"rawX":16,"rawY":24,"clippedAbsX":16,"clippedAbsY":24,"clippedX":16,"clippedY":24,"requestedAppliedX":14.7744,"requestedAppliedY":22.1616,"appliedX":14.7744,"appliedY":16,"actualX":14.5,"actualY":16,"sensitivity":0.9234,"currentZoomForScroll":2.7007514886865858,"maxScrollStepX":16,"maxScrollStepY":16,"diagonalEvents":4,"clippedEvents":0}
[DebugBridge +54840097.0ms] wheel_scroll_motion {"eventCount":4,"rawAbsX":16,"rawAbsY":16,"rawX":16,"rawY":16,"clippedAbsX":16,"clippedAbsY":16,"clippedX":16,"clippedY":16,"requestedAppliedX":14.7744,"requestedAppliedY":14.7744,"appliedX":14.7744,"appliedY":14.7744,"actualX":14.5,"actualY":14.5,"sensitivity":0.9234,"currentZoomForScroll":2.7007514886865858,"maxScrollStepX":16,"maxScrollStepY":16,"diagonalEvents":4,"clippedEvents":0}
[DebugBridge +54840131.5ms] wheel_scroll_motion {"eventCount":4,"rawAbsX":16,"rawAbsY":16,"rawX":16,"rawY":16,"clippedAbsX":16,"clippedAbsY":16,"clippedX":16,"clippedY":16,"requestedAppliedX":14.7744,"requestedAppliedY":14.7744,"appliedX":14.7744,"appliedY":14.7744,"actualX":14.5,"actualY":14.5,"sensitivity":0.9234,"currentZoomForScroll":2.7007514886865858,"maxScrollStepX":16,"maxScrollStepY":16,"diagonalEvents":4,"clippedEvents":0}
[DebugBridge +54840161.1ms] wheel_scroll_motion {"eventCount":4,"rawAbsX":16,"rawAbsY":16,"rawX":16,"rawY":16,"clippedAbsX":16,"clippedAbsY":16,"clippedX":16,"clippedY":16,"requestedAppliedX":14.7744,"requestedAppliedY":14.7744,"appliedX":14.7744,"appliedY":14.7744,"actualX":14.5,"actualY":14.5,"sensitivity":0.9234,"currentZoomForScroll":2.7007514886865858,"maxScrollStepX":16,"maxScrollStepY":16,"diagonalEvents":4,"clippedEvents":0}
[DebugBridge +54840194.6ms] wheel_scroll_motion {"eventCount":4,"rawAbsX":10,"rawAbsY":16,"rawX":10,"rawY":16,"clippedAbsX":10,"clippedAbsY":16,"clippedX":10,"clippedY":16,"requestedAppliedX":9.234,"requestedAppliedY":14.7744,"appliedX":9.234,"appliedY":14.7744,"actualX":9,"actualY":14.5,"sensitivity":0.9234,"currentZoomForScroll":2.7007514886865858,"maxScrollStepX":16,"maxScrollStepY":16,"diagonalEvents":4,"clippedEvents":0}
[DebugBridge +54840227.8ms] wheel_scroll_motion {"eventCount":3,"rawAbsX":8,"rawAbsY":12,"rawX":8,"rawY":12,"clippedAbsX":8,"clippedAbsY":12,"clippedX":8,"clippedY":12,"requestedAppliedX":7.3872,"requestedAppliedY":11.0808,"appliedX":7.3872,"appliedY":11.0808,"actualX":7,"actualY":11,"sensitivity":0.9234,"currentZoomForScroll":2.7007514886865858,"maxScrollStepX":16,"maxScrollStepY":16,"diagonalEvents":3,"clippedEvents":0}
[DebugBridge +54840261.4ms] wheel_scroll_motion {"eventCount":2,"rawAbsX":8,"rawAbsY":8,"rawX":8,"rawY":8,"clippedAbsX":8,"clippedAbsY":8,"clippedX":8,"clippedY":8,"requestedAppliedX":7.3872,"requestedAppliedY":7.3872,"appliedX":7.3872,"appliedY":7.3872,"actualX":7,"actualY":7,"sensitivity":0.9234,"currentZoomForScroll":2.7007514886865858,"maxScrollStepX":16,"maxScrollStepY":16,"diagonalEvents":2,"clippedEvents":0}
[DebugBridge +54840294.8ms] wheel_scroll_motion {"eventCount":2,"rawAbsX":8,"rawAbsY":8,"rawX":8,"rawY":8,"clippedAbsX":8,"clippedAbsY":8,"clippedX":8,"clippedY":8,"requestedAppliedX":7.3872,"requestedAppliedY":7.3872,"appliedX":7.3872,"appliedY":7.3872,"actualX":7,"actualY":7,"sensitivity":0.9234,"currentZoomForScroll":2.7007514886865858,"maxScrollStepX":16,"maxScrollStepY":16,"diagonalEvents":2,"clippedEvents":0}
[DebugBridge +54840326.3ms] wheel_scroll_motion {"eventCount":2,"rawAbsX":4,"rawAbsY":6,"rawX":4,"rawY":6,"clippedAbsX":4,"clippedAbsY":6,"clippedX":4,"clippedY":6,"requestedAppliedX":3.6936,"requestedAppliedY":5.5404,"appliedX":3.6936,"appliedY":5.5404,"actualX":3.5,"actualY":5.5,"sensitivity":0.9234,"currentZoomForScroll":2.7007514886865858,"maxScrollStepX":16,"maxScrollStepY":16,"diagonalEvents":2,"clippedEvents":0}
[DebugBridge +54840453.0ms] wheel_scroll_motion {"eventCount":4,"rawAbsX":16,"rawAbsY":26,"rawX":16,"rawY":26,"clippedAbsX":16,"clippedAbsY":26,"clippedX":16,"clippedY":26,"requestedAppliedX":14.7744,"requestedAppliedY":24.0084,"appliedX":14.7744,"appliedY":16,"actualX":14.5,"actualY":16,"sensitivity":0.9234,"currentZoomForScroll":2.7007514886865858,"maxScrollStepX":16,"maxScrollStepY":16,"diagonalEvents":4,"clippedEvents":0}
[DebugBridge +54840486.9ms] wheel_scroll_motion {"eventCount":4,"rawAbsX":16,"rawAbsY":34,"rawX":16,"rawY":34,"clippedAbsX":16,"clippedAbsY":34,"clippedX":16,"clippedY":34,"requestedAppliedX":14.7744,"requestedAppliedY":31.3956,"appliedX":14.7744,"appliedY":16,"actualX":14.5,"actualY":16,"sensitivity":0.9234,"currentZoomForScroll":2.7007514886865858,"maxScrollStepX":16,"maxScrollStepY":16,"diagonalEvents":4,"clippedEvents":0}
[DebugBridge +54840523.4ms] wheel_scroll_motion {"eventCount":4,"rawAbsX":24,"rawAbsY":50,"rawX":24,"rawY":50,"clippedAbsX":24,"clippedAbsY":50,"clippedX":24,"clippedY":50,"requestedAppliedX":22.1616,"requestedAppliedY":46.17,"appliedX":16,"appliedY":18.468,"actualX":16,"actualY":18,"sensitivity":0.9234,"currentZoomForScroll":2.7007514886865858,"maxScrollStepX":16,"maxScrollStepY":18.468,"diagonalEvents":4,"clippedEvents":0}
[DebugBridge +54840551.1ms] wheel_scroll_motion {"eventCount":3,"rawAbsX":22,"rawAbsY":38,"rawX":22,"rawY":38,"clippedAbsX":22,"clippedAbsY":38,"clippedX":22,"clippedY":38,"requestedAppliedX":20.314799999999998,"requestedAppliedY":35.0892,"appliedX":16,"appliedY":18.468,"actualX":16,"actualY":18,"sensitivity":0.9234,"currentZoomForScroll":2.7007514886865858,"maxScrollStepX":16,"maxScrollStepY":18.468,"diagonalEvents":3,"clippedEvents":0}
[DebugBridge +54840578.2ms] wheel_scroll_motion {"eventCount":4,"rawAbsX":18,"rawAbsY":28,"rawX":18,"rawY":28,"clippedAbsX":18,"clippedAbsY":28,"clippedX":18,"clippedY":28,"requestedAppliedX":16.6212,"requestedAppliedY":25.855199999999996,"appliedX":16,"appliedY":16,"actualX":16,"actualY":16,"sensitivity":0.9234,"currentZoomForScroll":2.7007514886865858,"maxScrollStepX":16,"maxScrollStepY":16,"diagonalEvents":4,"clippedEvents":0}
[DebugBridge +54840610.9ms] wheel_scroll_motion {"eventCount":4,"rawAbsX":14,"rawAbsY":20,"rawX":14,"rawY":20,"clippedAbsX":14,"clippedAbsY":20,"clippedX":14,"clippedY":20,"requestedAppliedX":12.9276,"requestedAppliedY":18.468,"appliedX":12.9276,"appliedY":16,"actualX":12.5,"actualY":16,"sensitivity":0.9234,"currentZoomForScroll":2.7007514886865858,"maxScrollStepX":16,"maxScrollStepY":16,"diagonalEvents":4,"clippedEvents":0}
[DebugBridge +54840644.7ms] wheel_scroll_motion {"eventCount":4,"rawAbsX":18,"rawAbsY":32,"rawX":18,"rawY":32,"clippedAbsX":18,"clippedAbsY":32,"clippedX":18,"clippedY":32,"requestedAppliedX":16.6212,"requestedAppliedY":29.5488,"appliedX":16,"appliedY":16,"actualX":16,"actualY":16,"sensitivity":0.9234,"currentZoomForScroll":2.7007514886865858,"maxScrollStepX":16,"maxScrollStepY":16,"diagonalEvents":4,"clippedEvents":0}
[DebugBridge +54840678.6ms] wheel_scroll_motion {"eventCount":4,"rawAbsX":18,"rawAbsY":36,"rawX":18,"rawY":36,"clippedAbsX":18,"clippedAbsY":36,"clippedX":18,"clippedY":36,"requestedAppliedX":16.6212,"requestedAppliedY":33.2424,"appliedX":16,"appliedY":16,"actualX":16,"actualY":16,"sensitivity":0.9234,"currentZoomForScroll":2.7007514886865858,"maxScrollStepX":16,"maxScrollStepY":16,"diagonalEvents":4,"clippedEvents":0}
[DebugBridge +54840711.3ms] wheel_scroll_motion {"eventCount":4,"rawAbsX":16,"rawAbsY":32,"rawX":16,"rawY":32,"clippedAbsX":16,"clippedAbsY":32,"clippedX":16,"clippedY":32,"requestedAppliedX":14.7744,"requestedAppliedY":29.5488,"appliedX":14.7744,"appliedY":16,"actualX":14.5,"actualY":16,"sensitivity":0.9234,"currentZoomForScroll":2.7007514886865858,"maxScrollStepX":16,"maxScrollStepY":16,"diagonalEvents":4,"clippedEvents":0}
[DebugBridge +54840742.8ms] wheel_scroll_motion {"eventCount":3,"rawAbsX":12,"rawAbsY":22,"rawX":12,"rawY":22,"clippedAbsX":12,"clippedAbsY":22,"clippedX":12,"clippedY":22,"requestedAppliedX":11.0808,"requestedAppliedY":20.314799999999998,"appliedX":11.0808,"appliedY":16,"actualX":11,"actualY":16,"sensitivity":0.9234,"currentZoomForScroll":2.7007514886865858,"maxScrollStepX":16,"maxScrollStepY":16,"diagonalEvents":3,"clippedEvents":0}
[DebugBridge +54840767.9ms] wheel_scroll_motion {"eventCount":3,"rawAbsX":12,"rawAbsY":18,"rawX":12,"rawY":18,"clippedAbsX":12,"clippedAbsY":18,"clippedX":12,"clippedY":18,"requestedAppliedX":11.0808,"requestedAppliedY":16.6212,"appliedX":11.0808,"appliedY":16,"actualX":11,"actualY":16,"sensitivity":0.9234,"currentZoomForScroll":2.7007514886865858,"maxScrollStepX":16,"maxScrollStepY":16,"diagonalEvents":3,"clippedEvents":0}
[DebugBridge +54840794.7ms] wheel_scroll_motion {"eventCount":4,"rawAbsX":16,"rawAbsY":24,"rawX":16,"rawY":24,"clippedAbsX":16,"clippedAbsY":24,"clippedX":16,"clippedY":24,"requestedAppliedX":14.7744,"requestedAppliedY":22.1616,"appliedX":14.7744,"appliedY":16,"actualX":14.5,"actualY":16,"sensitivity":0.9234,"currentZoomForScroll":2.7007514886865858,"maxScrollStepX":16,"maxScrollStepY":16,"diagonalEvents":4,"clippedEvents":0}
[DebugBridge +54840828.5ms] wheel_scroll_motion {"eventCount":4,"rawAbsX":16,"rawAbsY":22,"rawX":16,"rawY":22,"clippedAbsX":16,"clippedAbsY":22,"clippedX":16,"clippedY":22,"requestedAppliedX":14.7744,"requestedAppliedY":20.3148,"appliedX":14.7744,"appliedY":16,"actualX":14.5,"actualY":16,"sensitivity":0.9234,"currentZoomForScroll":2.7007514886865858,"maxScrollStepX":16,"maxScrollStepY":16,"diagonalEvents":4,"clippedEvents":0}
[DebugBridge +54840861.1ms] wheel_scroll_motion {"eventCount":4,"rawAbsX":8,"rawAbsY":16,"rawX":8,"rawY":16,"clippedAbsX":8,"clippedAbsY":16,"clippedX":8,"clippedY":16,"requestedAppliedX":7.3872,"requestedAppliedY":14.7744,"appliedX":7.3872,"appliedY":14.7744,"actualX":7,"actualY":14.5,"sensitivity":0.9234,"currentZoomForScroll":2.7007514886865858,"maxScrollStepX":16,"maxScrollStepY":16,"diagonalEvents":4,"clippedEvents":0}
[DebugBridge +54840895.9ms] wheel_scroll_motion {"eventCount":4,"rawAbsX":8,"rawAbsY":16,"rawX":8,"rawY":16,"clippedAbsX":8,"clippedAbsY":16,"clippedX":8,"clippedY":16,"requestedAppliedX":7.3872,"requestedAppliedY":14.7744,"appliedX":7.3872,"appliedY":14.7744,"actualX":7,"actualY":14.5,"sensitivity":0.9234,"currentZoomForScroll":2.7007514886865858,"maxScrollStepX":16,"maxScrollStepY":16,"diagonalEvents":4,"clippedEvents":0}
[DebugBridge +54840928.4ms] wheel_scroll_motion {"eventCount":4,"rawAbsX":8,"rawAbsY":16,"rawX":8,"rawY":16,"clippedAbsX":8,"clippedAbsY":16,"clippedX":8,"clippedY":16,"requestedAppliedX":7.3872,"requestedAppliedY":14.7744,"appliedX":7.3872,"appliedY":14.7744,"actualX":7,"actualY":14.5,"sensitivity":0.9234,"currentZoomForScroll":2.7007514886865858,"maxScrollStepX":16,"maxScrollStepY":16,"diagonalEvents":4,"clippedEvents":0}
[DebugBridge +54840959.5ms] wheel_scroll_motion {"eventCount":3,"rawAbsX":6,"rawAbsY":10,"rawX":6,"rawY":10,"clippedAbsX":6,"clippedAbsY":10,"clippedX":6,"clippedY":10,"requestedAppliedX":5.5404,"requestedAppliedY":9.234,"appliedX":5.5404,"appliedY":9.234,"actualX":5.5,"actualY":9,"sensitivity":0.9234,"currentZoomForScroll":2.7007514886865858,"maxScrollStepX":16,"maxScrollStepY":16,"diagonalEvents":3,"clippedEvents":0}
[DebugBridge +54840989.0ms] wheel_scroll_motion {"eventCount":2,"rawAbsX":8,"rawAbsY":10,"rawX":8,"rawY":10,"clippedAbsX":8,"clippedAbsY":10,"clippedX":8,"clippedY":10,"requestedAppliedX":7.3872,"requestedAppliedY":9.234,"appliedX":7.3872,"appliedY":9.234,"actualX":7,"actualY":9,"sensitivity":0.9234,"currentZoomForScroll":2.7007514886865858,"maxScrollStepX":16,"maxScrollStepY":16,"diagonalEvents":2,"clippedEvents":0}
[DebugBridge +54841019.2ms] wheel_scroll_motion {"eventCount":2,"rawAbsX":4,"rawAbsY":8,"rawX":4,"rawY":8,"clippedAbsX":4,"clippedAbsY":8,"clippedX":4,"clippedY":8,"requestedAppliedX":3.6936,"requestedAppliedY":7.3872,"appliedX":3.6936,"appliedY":7.3872,"actualX":3.5,"actualY":7,"sensitivity":0.9234,"currentZoomForScroll":2.7007514886865858,"maxScrollStepX":16,"maxScrollStepY":16,"diagonalEvents":2,"clippedEvents":0}
[DebugBridge +54841051.1ms] wheel_scroll_motion {"eventCount":2,"rawAbsX":4,"rawAbsY":6,"rawX":4,"rawY":6,"clippedAbsX":4,"clippedAbsY":6,"clippedX":4,"clippedY":6,"requestedAppliedX":3.6936,"requestedAppliedY":5.5404,"appliedX":3.6936,"appliedY":5.5404,"actualX":3.5,"actualY":5.5,"sensitivity":0.9234,"currentZoomForScroll":2.7007514886865858,"maxScrollStepX":16,"maxScrollStepY":16,"diagonalEvents":2,"clippedEvents":0}
[DebugBridge +54841128.5ms] wheel_scroll_motion {"eventCount":4,"rawAbsX":28,"rawAbsY":8,"rawX":28,"rawY":-8,"clippedAbsX":28,"clippedAbsY":8,"clippedX":28,"clippedY":-8,"requestedAppliedX":26.3412,"requestedAppliedY":-7.3872,"appliedX":16,"appliedY":-7.3872,"actualX":16,"actualY":-7.5,"sensitivity":0.9234,"currentZoomForScroll":2.7007514886865858,"maxScrollStepX":16,"maxScrollStepY":16,"diagonalEvents":2,"clippedEvents":0}
[DebugBridge +54841159.6ms] wheel_scroll_motion {"eventCount":3,"rawAbsX":32,"rawAbsY":12,"rawX":32,"rawY":-12,"clippedAbsX":32,"clippedAbsY":12,"clippedX":32,"clippedY":-12,"requestedAppliedX":29.5488,"requestedAppliedY":-11.0808,"appliedX":16,"appliedY":-11.0808,"actualX":16,"actualY":-11.5,"sensitivity":0.9234,"currentZoomForScroll":2.7007514886865858,"maxScrollStepX":16,"maxScrollStepY":16,"diagonalEvents":3,"clippedEvents":0}
[DebugBridge +54841184.7ms] wheel_scroll_motion {"eventCount":3,"rawAbsX":46,"rawAbsY":18,"rawX":46,"rawY":-18,"clippedAbsX":46,"clippedAbsY":18,"clippedX":46,"clippedY":-18,"requestedAppliedX":42.4764,"requestedAppliedY":-16.6212,"appliedX":16,"appliedY":-16,"actualX":16,"actualY":-16,"sensitivity":0.9234,"currentZoomForScroll":2.7007514886865858,"maxScrollStepX":16,"maxScrollStepY":16,"diagonalEvents":3,"clippedEvents":0}
[DebugBridge +54841263.2ms] wheel_scroll_motion {"eventCount":3,"rawAbsX":120,"rawAbsY":68,"rawX":120,"rawY":-68,"clippedAbsX":120,"clippedAbsY":68,"clippedX":120,"clippedY":-68,"requestedAppliedX":110.808,"requestedAppliedY":-62.7912,"appliedX":75.7188,"appliedY":-44.3232,"actualX":75.5,"actualY":-44.5,"sensitivity":0.9234,"currentZoomForScroll":2.7007514886865858,"maxScrollStepX":75.7188,"maxScrollStepY":44.3232,"diagonalEvents":3,"clippedEvents":0}
[DebugBridge +54841292.8ms] wheel_scroll_motion {"eventCount":3,"rawAbsX":38,"rawAbsY":22,"rawX":38,"rawY":-22,"clippedAbsX":38,"clippedAbsY":22,"clippedX":38,"clippedY":-22,"requestedAppliedX":35.0892,"requestedAppliedY":-20.314799999999998,"appliedX":16,"appliedY":-16,"actualX":16,"actualY":-16,"sensitivity":0.9234,"currentZoomForScroll":2.7007514886865858,"maxScrollStepX":16,"maxScrollStepY":16,"diagonalEvents":3,"clippedEvents":0}
[DebugBridge +54841320.0ms] wheel_scroll_motion {"eventCount":4,"rawAbsX":58,"rawAbsY":30,"rawX":58,"rawY":-30,"clippedAbsX":58,"clippedAbsY":30,"clippedX":58,"clippedY":-30,"requestedAppliedX":53.5572,"requestedAppliedY":-27.701999999999998,"appliedX":16,"appliedY":-16,"actualX":16,"actualY":-16,"sensitivity":0.9234,"currentZoomForScroll":2.7007514886865858,"maxScrollStepX":16,"maxScrollStepY":16,"diagonalEvents":4,"clippedEvents":0}
[DebugBridge +54841352.4ms] wheel_scroll_motion {"eventCount":4,"rawAbsX":64,"rawAbsY":28,"rawX":64,"rawY":-28,"clippedAbsX":64,"clippedAbsY":28,"clippedX":64,"clippedY":-28,"requestedAppliedX":59.0976,"requestedAppliedY":-25.855199999999996,"appliedX":16,"appliedY":-16,"actualX":16,"actualY":-16,"sensitivity":0.9234,"currentZoomForScroll":2.7007514886865858,"maxScrollStepX":16,"maxScrollStepY":16,"diagonalEvents":4,"clippedEvents":0}
[DebugBridge +54841385.9ms] wheel_scroll_motion {"eventCount":4,"rawAbsX":54,"rawAbsY":24,"rawX":54,"rawY":-24,"clippedAbsX":54,"clippedAbsY":24,"clippedX":54,"clippedY":-24,"requestedAppliedX":49.863600000000005,"requestedAppliedY":-22.1616,"appliedX":16,"appliedY":-16,"actualX":16,"actualY":-16,"sensitivity":0.9234,"currentZoomForScroll":2.7007514886865858,"maxScrollStepX":16,"maxScrollStepY":16,"diagonalEvents":4,"clippedEvents":0}
[DebugBridge +54841419.7ms] wheel_scroll_motion {"eventCount":4,"rawAbsX":42,"rawAbsY":24,"rawX":42,"rawY":-24,"clippedAbsX":42,"clippedAbsY":24,"clippedX":42,"clippedY":-24,"requestedAppliedX":38.7828,"requestedAppliedY":-22.1616,"appliedX":16,"appliedY":-16,"actualX":16,"actualY":-16,"sensitivity":0.9234,"currentZoomForScroll":2.7007514886865858,"maxScrollStepX":16,"maxScrollStepY":16,"diagonalEvents":4,"clippedEvents":0}
[DebugBridge +54841453.2ms] wheel_scroll_motion {"eventCount":4,"rawAbsX":36,"rawAbsY":22,"rawX":36,"rawY":-22,"clippedAbsX":36,"clippedAbsY":22,"clippedX":36,"clippedY":-22,"requestedAppliedX":33.2424,"requestedAppliedY":-20.3148,"appliedX":16,"appliedY":-16,"actualX":16,"actualY":-16,"sensitivity":0.9234,"currentZoomForScroll":2.7007514886865858,"maxScrollStepX":16,"maxScrollStepY":16,"diagonalEvents":4,"clippedEvents":0}
[DebugBridge +54841484.9ms] wheel_scroll_motion {"eventCount":3,"rawAbsX":24,"rawAbsY":12,"rawX":24,"rawY":-12,"clippedAbsX":24,"clippedAbsY":12,"clippedX":24,"clippedY":-12,"requestedAppliedX":22.1616,"requestedAppliedY":-11.0808,"appliedX":16,"appliedY":-11.0808,"actualX":16,"actualY":-11.5,"sensitivity":0.9234,"currentZoomForScroll":2.7007514886865858,"maxScrollStepX":16,"maxScrollStepY":16,"diagonalEvents":3,"clippedEvents":0}
[DebugBridge +54841512.4ms] wheel_scroll_motion {"eventCount":4,"rawAbsX":26,"rawAbsY":16,"rawX":26,"rawY":-16,"clippedAbsX":26,"clippedAbsY":16,"clippedX":26,"clippedY":-16,"requestedAppliedX":24.0084,"requestedAppliedY":-14.7744,"appliedX":16,"appliedY":-14.7744,"actualX":16,"actualY":-15,"sensitivity":0.9234,"currentZoomForScroll":2.7007514886865858,"maxScrollStepX":16,"maxScrollStepY":16,"diagonalEvents":4,"clippedEvents":0}
[DebugBridge +54841544.7ms] wheel_scroll_motion {"eventCount":4,"rawAbsX":24,"rawAbsY":16,"rawX":24,"rawY":-16,"clippedAbsX":24,"clippedAbsY":16,"clippedX":24,"clippedY":-16,"requestedAppliedX":22.1616,"requestedAppliedY":-14.7744,"appliedX":16,"appliedY":-14.7744,"actualX":16,"actualY":-15,"sensitivity":0.9234,"currentZoomForScroll":2.7007514886865858,"maxScrollStepX":16,"maxScrollStepY":16,"diagonalEvents":4,"clippedEvents":0}
[DebugBridge +54841579.5ms] wheel_scroll_motion {"eventCount":4,"rawAbsX":24,"rawAbsY":16,"rawX":24,"rawY":-16,"clippedAbsX":24,"clippedAbsY":16,"clippedX":24,"clippedY":-16,"requestedAppliedX":22.1616,"requestedAppliedY":-14.7744,"appliedX":16,"appliedY":-14.7744,"actualX":16,"actualY":-15,"sensitivity":0.9234,"currentZoomForScroll":2.7007514886865858,"maxScrollStepX":16,"maxScrollStepY":16,"diagonalEvents":4,"clippedEvents":0}
[DebugBridge +54841610.2ms] wheel_scroll_motion {"eventCount":4,"rawAbsX":16,"rawAbsY":12,"rawX":16,"rawY":-12,"clippedAbsX":16,"clippedAbsY":12,"clippedX":16,"clippedY":-12,"requestedAppliedX":14.7744,"requestedAppliedY":-11.0808,"appliedX":14.7744,"appliedY":-11.0808,"actualX":14.5,"actualY":-11.5,"sensitivity":0.9234,"currentZoomForScroll":2.7007514886865858,"maxScrollStepX":16,"maxScrollStepY":16,"diagonalEvents":4,"clippedEvents":0}
[DebugBridge +54841644.9ms] wheel_scroll_motion {"eventCount":4,"rawAbsX":16,"rawAbsY":8,"rawX":16,"rawY":-8,"clippedAbsX":16,"clippedAbsY":8,"clippedX":16,"clippedY":-8,"requestedAppliedX":14.7744,"requestedAppliedY":-7.3872,"appliedX":14.7744,"appliedY":-7.3872,"actualX":14.5,"actualY":-7.5,"sensitivity":0.9234,"currentZoomForScroll":2.7007514886865858,"maxScrollStepX":16,"maxScrollStepY":16,"diagonalEvents":4,"clippedEvents":0}
[DebugBridge +54841675.1ms] wheel_scroll_motion {"eventCount":3,"rawAbsX":12,"rawAbsY":6,"rawX":12,"rawY":-6,"clippedAbsX":12,"clippedAbsY":6,"clippedX":12,"clippedY":-6,"requestedAppliedX":11.0808,"requestedAppliedY":-5.5404,"appliedX":11.0808,"appliedY":-5.5404,"actualX":11,"actualY":-6,"sensitivity":0.9234,"currentZoomForScroll":2.7007514886865858,"maxScrollStepX":16,"maxScrollStepY":16,"diagonalEvents":3,"clippedEvents":0}
[DebugBridge +54841701.5ms] wheel_scroll_motion {"eventCount":3,"rawAbsX":12,"rawAbsY":6,"rawX":12,"rawY":-6,"clippedAbsX":12,"clippedAbsY":6,"clippedX":12,"clippedY":-6,"requestedAppliedX":11.0808,"requestedAppliedY":-5.5404,"appliedX":11.0808,"appliedY":-5.5404,"actualX":11,"actualY":-6,"sensitivity":0.9234,"currentZoomForScroll":2.7007514886865858,"maxScrollStepX":16,"maxScrollStepY":16,"diagonalEvents":3,"clippedEvents":0}
[DebugBridge +54841728.9ms] wheel_scroll_motion {"eventCount":3,"rawAbsX":12,"rawAbsY":8,"rawX":12,"rawY":-8,"clippedAbsX":12,"clippedAbsY":8,"clippedX":12,"clippedY":-8,"requestedAppliedX":11.0808,"requestedAppliedY":-7.3872,"appliedX":11.0808,"appliedY":-7.3872,"actualX":11,"actualY":-7.5,"sensitivity":0.9234,"currentZoomForScroll":2.7007514886865858,"maxScrollStepX":16,"maxScrollStepY":16,"diagonalEvents":3,"clippedEvents":0}
[DebugBridge +54841762.2ms] wheel_scroll_motion {"eventCount":2,"rawAbsX":8,"rawAbsY":6,"rawX":8,"rawY":-6,"clippedAbsX":8,"clippedAbsY":6,"clippedX":8,"clippedY":-6,"requestedAppliedX":7.3872,"requestedAppliedY":-5.5404,"appliedX":7.3872,"appliedY":-5.5404,"actualX":7,"actualY":-6,"sensitivity":0.9234,"currentZoomForScroll":2.7007514886865858,"maxScrollStepX":16,"maxScrollStepY":16,"diagonalEvents":2,"clippedEvents":0}
[DebugBridge +54841801.2ms] wheel_scroll_motion {"eventCount":2,"rawAbsX":8,"rawAbsY":4,"rawX":8,"rawY":-4,"clippedAbsX":8,"clippedAbsY":4,"clippedX":8,"clippedY":-4,"requestedAppliedX":7.3872,"requestedAppliedY":-3.6936,"appliedX":7.3872,"appliedY":-3.6936,"actualX":7,"actualY":-4,"sensitivity":0.9234,"currentZoomForScroll":2.7007514886865858,"maxScrollStepX":16,"maxScrollStepY":16,"diagonalEvents":2,"clippedEvents":0}
[DebugBridge +54841834.8ms] wheel_scroll_motion {"eventCount":2,"rawAbsX":4,"rawAbsY":4,"rawX":4,"rawY":-4,"clippedAbsX":4,"clippedAbsY":4,"clippedX":4,"clippedY":-4,"requestedAppliedX":3.6936,"requestedAppliedY":-3.6936,"appliedX":3.6936,"appliedY":-3.6936,"actualX":3.5,"actualY":-4,"sensitivity":0.9234,"currentZoomForScroll":2.7007514886865858,"maxScrollStepX":16,"maxScrollStepY":16,"diagonalEvents":2,"clippedEvents":0}
[DebugBridge +54841862.2ms] wheel_scroll_motion {"eventCount":2,"rawAbsX":4,"rawAbsY":4,"rawX":4,"rawY":-4,"clippedAbsX":4,"clippedAbsY":4,"clippedX":4,"clippedY":-4,"requestedAppliedX":3.6936,"requestedAppliedY":-3.6936,"appliedX":3.6936,"appliedY":-3.6936,"actualX":3.5,"actualY":-4,"sensitivity":0.9234,"currentZoomForScroll":2.7007514886865858,"maxScrollStepX":16,"maxScrollStepY":16,"diagonalEvents":2,"clippedEvents":0}
[DebugBridge +54841903.9ms] wheel_scroll_motion {"eventCount":2,"rawAbsX":4,"rawAbsY":4,"rawX":4,"rawY":-4,"clippedAbsX":4,"clippedAbsY":4,"clippedX":4,"clippedY":-4,"requestedAppliedX":3.6936,"requestedAppliedY":-3.6936,"appliedX":3.6936,"appliedY":-3.6936,"actualX":3.5,"actualY":-4,"sensitivity":0.9234,"currentZoomForScroll":2.7007514886865858,"maxScrollStepX":16,"maxScrollStepY":16,"diagonalEvents":2,"clippedEvents":0}
[DebugBridge +54841950.9ms] wheel_scroll_motion {"eventCount":1,"rawAbsX":2,"rawAbsY":2,"rawX":2,"rawY":-2,"clippedAbsX":2,"clippedAbsY":2,"clippedX":2,"clippedY":-2,"requestedAppliedX":1.8468,"requestedAppliedY":-1.8468,"appliedX":1.8468,"appliedY":-1.8468,"actualX":1.5,"actualY":-2,"sensitivity":0.9234,"currentZoomForScroll":2.7007514886865858,"maxScrollStepX":16,"maxScrollStepY":16,"diagonalEvents":1,"clippedEvents":0}
[DebugBridge +54842043.3ms] wheel_scroll_motion {"eventCount":3,"rawAbsX":6,"rawAbsY":14,"rawX":6,"rawY":-14,"clippedAbsX":6,"clippedAbsY":14,"clippedX":6,"clippedY":-14,"requestedAppliedX":5.5404,"requestedAppliedY":-13.024799999999999,"appliedX":5.5404,"appliedY":-13.024799999999999,"actualX":5.5,"actualY":-13.5,"sensitivity":0.9234,"currentZoomForScroll":2.7007514886865858,"maxScrollStepX":16,"maxScrollStepY":16,"diagonalEvents":2,"clippedEvents":0}
[DebugBridge +54842070.2ms] wheel_scroll_motion {"eventCount":4,"rawAbsX":20,"rawAbsY":46,"rawX":20,"rawY":-46,"clippedAbsX":20,"clippedAbsY":46,"clippedX":20,"clippedY":-46,"requestedAppliedX":18.468,"requestedAppliedY":-42.4764,"appliedX":16,"appliedY":-16,"actualX":16,"actualY":-16,"sensitivity":0.9234,"currentZoomForScroll":2.7007514886865858,"maxScrollStepX":16,"maxScrollStepY":16,"diagonalEvents":4,"clippedEvents":0}
[DebugBridge +54842101.6ms] wheel_scroll_motion {"eventCount":3,"rawAbsX":18,"rawAbsY":48,"rawX":18,"rawY":-48,"clippedAbsX":18,"clippedAbsY":48,"clippedX":18,"clippedY":-48,"requestedAppliedX":16.6212,"requestedAppliedY":-44.3232,"appliedX":16,"appliedY":-16,"actualX":16,"actualY":-16,"sensitivity":0.9234,"currentZoomForScroll":2.7007514886865858,"maxScrollStepX":16,"maxScrollStepY":16,"diagonalEvents":3,"clippedEvents":0}
[DebugBridge +54842127.5ms] wheel_scroll_motion {"eventCount":4,"rawAbsX":14,"rawAbsY":50,"rawX":14,"rawY":-50,"clippedAbsX":14,"clippedAbsY":50,"clippedX":14,"clippedY":-50,"requestedAppliedX":12.9276,"requestedAppliedY":-46.17,"appliedX":12.9276,"appliedY":-16,"actualX":12.5,"actualY":-16,"sensitivity":0.9234,"currentZoomForScroll":2.7007514886865858,"maxScrollStepX":16,"maxScrollStepY":16,"diagonalEvents":4,"clippedEvents":0}
[DebugBridge +54842163.4ms] wheel_scroll_motion {"eventCount":4,"rawAbsX":12,"rawAbsY":36,"rawX":12,"rawY":-36,"clippedAbsX":12,"clippedAbsY":36,"clippedX":12,"clippedY":-36,"requestedAppliedX":11.0808,"requestedAppliedY":-33.534,"appliedX":11.0808,"appliedY":-16,"actualX":11,"actualY":-16,"sensitivity":0.9720000000000001,"currentZoomForScroll":2.7007514886865858,"maxScrollStepX":16,"maxScrollStepY":16,"diagonalEvents":3,"clippedEvents":0}
[DebugBridge +54842194.5ms] wheel_scroll_motion {"eventCount":4,"rawAbsX":0,"rawAbsY":64,"rawX":0,"rawY":-64,"clippedAbsX":0,"clippedAbsY":64,"clippedX":0,"clippedY":-64,"requestedAppliedX":0,"requestedAppliedY":-62.208000000000006,"appliedX":0,"appliedY":-17.496000000000002,"actualX":0,"actualY":-17.5,"sensitivity":0.9720000000000001,"currentZoomForScroll":2.7007514886865858,"maxScrollStepX":16,"maxScrollStepY":17.496000000000002,"diagonalEvents":0,"clippedEvents":0}
[DebugBridge +54842228.6ms] wheel_scroll_motion {"eventCount":4,"rawAbsX":0,"rawAbsY":80,"rawX":0,"rawY":-80,"clippedAbsX":0,"clippedAbsY":80,"clippedX":0,"clippedY":-80,"requestedAppliedX":0,"requestedAppliedY":-77.76,"appliedX":0,"appliedY":-21.384,"actualX":0,"actualY":-21.5,"sensitivity":0.9720000000000001,"currentZoomForScroll":2.7007514886865858,"maxScrollStepX":16,"maxScrollStepY":21.384,"diagonalEvents":0,"clippedEvents":0}
[DebugBridge +54842261.4ms] wheel_scroll_motion {"eventCount":4,"rawAbsX":0,"rawAbsY":80,"rawX":0,"rawY":-80,"clippedAbsX":0,"clippedAbsY":80,"clippedX":0,"clippedY":-80,"requestedAppliedX":0,"requestedAppliedY":-77.75999999999999,"appliedX":0,"appliedY":-21.384,"actualX":0,"actualY":-21.5,"sensitivity":0.9720000000000001,"currentZoomForScroll":2.7007514886865858,"maxScrollStepX":16,"maxScrollStepY":21.384,"diagonalEvents":0,"clippedEvents":0}
[DebugBridge +54842293.0ms] wheel_scroll_motion {"eventCount":3,"rawAbsX":0,"rawAbsY":48,"rawX":0,"rawY":-48,"clippedAbsX":0,"clippedAbsY":48,"clippedX":0,"clippedY":-48,"requestedAppliedX":0,"requestedAppliedY":-46.656000000000006,"appliedX":0,"appliedY":-16,"actualX":0,"actualY":-16,"sensitivity":0.9720000000000001,"currentZoomForScroll":2.7007514886865858,"maxScrollStepX":16,"maxScrollStepY":16,"diagonalEvents":0,"clippedEvents":0}
[DebugBridge +54842319.5ms] wheel_scroll_motion {"eventCount":4,"rawAbsX":0,"rawAbsY":60,"rawX":0,"rawY":-60,"clippedAbsX":0,"clippedAbsY":60,"clippedX":0,"clippedY":-60,"requestedAppliedX":0,"requestedAppliedY":-58.32000000000001,"appliedX":0,"appliedY":-16,"actualX":0,"actualY":-16,"sensitivity":0.9720000000000001,"currentZoomForScroll":2.7007514886865858,"maxScrollStepX":16,"maxScrollStepY":16,"diagonalEvents":0,"clippedEvents":0}
[DebugBridge +54842351.4ms] wheel_scroll_motion {"eventCount":3,"rawAbsX":0,"rawAbsY":40,"rawX":0,"rawY":-40,"clippedAbsX":0,"clippedAbsY":40,"clippedX":0,"clippedY":-40,"requestedAppliedX":0,"requestedAppliedY":-38.88,"appliedX":0,"appliedY":-16,"actualX":0,"actualY":-16,"sensitivity":0.9720000000000001,"currentZoomForScroll":2.7007514886865858,"maxScrollStepX":16,"maxScrollStepY":16,"diagonalEvents":0,"clippedEvents":0}
[DebugBridge +54842378.2ms] wheel_scroll_motion {"eventCount":4,"rawAbsX":0,"rawAbsY":42,"rawX":0,"rawY":-42,"clippedAbsX":0,"clippedAbsY":42,"clippedX":0,"clippedY":-42,"requestedAppliedX":0,"requestedAppliedY":-40.824,"appliedX":0,"appliedY":-16,"actualX":0,"actualY":-16,"sensitivity":0.9720000000000001,"currentZoomForScroll":2.7007514886865858,"maxScrollStepX":16,"maxScrollStepY":16,"diagonalEvents":0,"clippedEvents":0}
[DebugBridge +54842409.5ms] wheel_scroll_motion {"eventCount":3,"rawAbsX":0,"rawAbsY":26,"rawX":0,"rawY":-26,"clippedAbsX":0,"clippedAbsY":26,"clippedX":0,"clippedY":-26,"requestedAppliedX":0,"requestedAppliedY":-25.272000000000002,"appliedX":0,"appliedY":-16,"actualX":0,"actualY":-16,"sensitivity":0.9720000000000001,"currentZoomForScroll":2.7007514886865858,"maxScrollStepX":16,"maxScrollStepY":16,"diagonalEvents":0,"clippedEvents":0}
[DebugBridge +54842437.9ms] wheel_scroll_motion {"eventCount":4,"rawAbsX":0,"rawAbsY":32,"rawX":0,"rawY":-32,"clippedAbsX":0,"clippedAbsY":32,"clippedX":0,"clippedY":-32,"requestedAppliedX":0,"requestedAppliedY":-31.104000000000003,"appliedX":0,"appliedY":-16,"actualX":0,"actualY":-16,"sensitivity":0.9720000000000001,"currentZoomForScroll":2.7007514886865858,"maxScrollStepX":16,"maxScrollStepY":16,"diagonalEvents":0,"clippedEvents":0}
[DebugBridge +54842467.9ms] wheel_scroll_motion {"eventCount":3,"rawAbsX":0,"rawAbsY":18,"rawX":0,"rawY":-18,"clippedAbsX":0,"clippedAbsY":18,"clippedX":0,"clippedY":-18,"requestedAppliedX":0,"requestedAppliedY":-17.496000000000002,"appliedX":0,"appliedY":-16,"actualX":0,"actualY":-16,"sensitivity":0.9720000000000001,"currentZoomForScroll":2.7007514886865858,"maxScrollStepX":16,"maxScrollStepY":16,"diagonalEvents":0,"clippedEvents":0}
[DebugBridge +54842495.8ms] wheel_scroll_motion {"eventCount":4,"rawAbsX":0,"rawAbsY":24,"rawX":0,"rawY":-24,"clippedAbsX":0,"clippedAbsY":24,"clippedX":0,"clippedY":-24,"requestedAppliedX":0,"requestedAppliedY":-23.328000000000003,"appliedX":0,"appliedY":-16,"actualX":0,"actualY":-16,"sensitivity":0.9720000000000001,"currentZoomForScroll":2.7007514886865858,"maxScrollStepX":16,"maxScrollStepY":16,"diagonalEvents":0,"clippedEvents":0}
[DebugBridge +54842526.3ms] wheel_scroll_motion {"eventCount":3,"rawAbsX":0,"rawAbsY":18,"rawX":0,"rawY":-18,"clippedAbsX":0,"clippedAbsY":18,"clippedX":0,"clippedY":-18,"requestedAppliedX":0,"requestedAppliedY":-17.496000000000002,"appliedX":0,"appliedY":-16,"actualX":0,"actualY":-16,"sensitivity":0.9720000000000001,"currentZoomForScroll":2.7007514886865858,"maxScrollStepX":16,"maxScrollStepY":16,"diagonalEvents":0,"clippedEvents":0}
[DebugBridge +54842553.0ms] wheel_scroll_motion {"eventCount":4,"rawAbsX":0,"rawAbsY":18,"rawX":0,"rawY":-18,"clippedAbsX":0,"clippedAbsY":18,"clippedX":0,"clippedY":-18,"requestedAppliedX":0,"requestedAppliedY":-17.496000000000002,"appliedX":0,"appliedY":-16,"actualX":0,"actualY":-16,"sensitivity":0.9720000000000001,"currentZoomForScroll":2.7007514886865858,"maxScrollStepX":16,"maxScrollStepY":16,"diagonalEvents":0,"clippedEvents":0}
[DebugBridge +54842629.0ms] wheel_scroll_motion {"eventCount":4,"rawAbsX":18,"rawAbsY":6,"rawX":6,"rawY":2,"clippedAbsX":18,"clippedAbsY":6,"clippedX":6,"clippedY":2,"requestedAppliedX":5.4432,"requestedAppliedY":1.8468,"appliedX":5.4432,"appliedY":1.8468,"actualX":5,"actualY":1.5,"sensitivity":0.9234,"currentZoomForScroll":2.7007514886865858,"maxScrollStepX":16,"maxScrollStepY":16,"diagonalEvents":3,"clippedEvents":0}
[DebugBridge +54842661.9ms] wheel_scroll_motion {"eventCount":4,"rawAbsX":50,"rawAbsY":16,"rawX":50,"rawY":16,"clippedAbsX":50,"clippedAbsY":16,"clippedX":50,"clippedY":16,"requestedAppliedX":46.17,"requestedAppliedY":14.7744,"appliedX":16,"appliedY":14.7744,"actualX":16,"actualY":14.5,"sensitivity":0.9234,"currentZoomForScroll":2.7007514886865858,"maxScrollStepX":16,"maxScrollStepY":16,"diagonalEvents":4,"clippedEvents":0}
[DebugBridge +54842695.3ms] wheel_scroll_motion {"eventCount":4,"rawAbsX":64,"rawAbsY":32,"rawX":64,"rawY":32,"clippedAbsX":64,"clippedAbsY":32,"clippedX":64,"clippedY":32,"requestedAppliedX":59.0976,"requestedAppliedY":29.5488,"appliedX":20.314799999999998,"appliedY":16,"actualX":20,"actualY":16,"sensitivity":0.9234,"currentZoomForScroll":2.7007514886865858,"maxScrollStepX":20.314799999999998,"maxScrollStepY":16,"diagonalEvents":4,"clippedEvents":0}
[DebugBridge +54842730.0ms] wheel_scroll_motion {"eventCount":4,"rawAbsX":48,"rawAbsY":30,"rawX":48,"rawY":30,"clippedAbsX":48,"clippedAbsY":30,"clippedX":48,"clippedY":30,"requestedAppliedX":44.3232,"requestedAppliedY":27.701999999999998,"appliedX":16,"appliedY":16,"actualX":16,"actualY":16,"sensitivity":0.9234,"currentZoomForScroll":2.7007514886865858,"maxScrollStepX":16,"maxScrollStepY":16,"diagonalEvents":4,"clippedEvents":0}
[DebugBridge +54842759.9ms] wheel_scroll_motion {"eventCount":3,"rawAbsX":54,"rawAbsY":28,"rawX":54,"rawY":28,"clippedAbsX":54,"clippedAbsY":28,"clippedX":54,"clippedY":28,"requestedAppliedX":49.863600000000005,"requestedAppliedY":25.855200000000004,"appliedX":18.468,"appliedY":16,"actualX":18,"actualY":16,"sensitivity":0.9234,"currentZoomForScroll":2.7007514886865858,"maxScrollStepX":18.468,"maxScrollStepY":16,"diagonalEvents":3,"clippedEvents":0}
[DebugBridge +54842787.6ms] wheel_scroll_motion {"eventCount":4,"rawAbsX":84,"rawAbsY":40,"rawX":84,"rawY":40,"clippedAbsX":84,"clippedAbsY":40,"clippedX":84,"clippedY":40,"requestedAppliedX":77.56559999999999,"requestedAppliedY":36.936,"appliedX":22.1616,"appliedY":16,"actualX":22,"actualY":16,"sensitivity":0.9234,"currentZoomForScroll":2.7007514886865858,"maxScrollStepX":22.1616,"maxScrollStepY":16,"diagonalEvents":4,"clippedEvents":0}
[DebugBridge +54842820.6ms] wheel_scroll_motion {"eventCount":4,"rawAbsX":90,"rawAbsY":44,"rawX":90,"rawY":44,"clippedAbsX":90,"clippedAbsY":44,"clippedX":90,"clippedY":44,"requestedAppliedX":83.10600000000001,"requestedAppliedY":40.6296,"appliedX":24.0084,"appliedY":16,"actualX":24,"actualY":16,"sensitivity":0.9234,"currentZoomForScroll":2.7007514886865858,"maxScrollStepX":24.0084,"maxScrollStepY":16,"diagonalEvents":4,"clippedEvents":0}
[DebugBridge +54842853.2ms] wheel_scroll_motion {"eventCount":4,"rawAbsX":76,"rawAbsY":36,"rawX":76,"rawY":36,"clippedAbsX":76,"clippedAbsY":36,"clippedX":76,"clippedY":36,"requestedAppliedX":70.17840000000001,"requestedAppliedY":33.2424,"appliedX":18.468,"appliedY":16,"actualX":18,"actualY":16,"sensitivity":0.9234,"currentZoomForScroll":2.7007514886865858,"maxScrollStepX":18.468,"maxScrollStepY":16,"diagonalEvents":4,"clippedEvents":0}
[DebugBridge +54842887.6ms] wheel_scroll_motion {"eventCount":4,"rawAbsX":64,"rawAbsY":32,"rawX":64,"rawY":32,"clippedAbsX":64,"clippedAbsY":32,"clippedX":64,"clippedY":32,"requestedAppliedX":59.0976,"requestedAppliedY":29.5488,"appliedX":16,"appliedY":16,"actualX":16,"actualY":16,"sensitivity":0.9234,"currentZoomForScroll":2.7007514886865858,"maxScrollStepX":16,"maxScrollStepY":16,"diagonalEvents":4,"clippedEvents":0}
[DebugBridge +54842921.0ms] wheel_scroll_motion {"eventCount":4,"rawAbsX":56,"rawAbsY":24,"rawX":56,"rawY":24,"clippedAbsX":56,"clippedAbsY":24,"clippedX":56,"clippedY":24,"requestedAppliedX":51.7104,"requestedAppliedY":22.1616,"appliedX":16,"appliedY":16,"actualX":16,"actualY":16,"sensitivity":0.9234,"currentZoomForScroll":2.7007514886865858,"maxScrollStepX":16,"maxScrollStepY":16,"diagonalEvents":4,"clippedEvents":0}
[DebugBridge +54842953.0ms] wheel_scroll_motion {"eventCount":4,"rawAbsX":44,"rawAbsY":24,"rawX":44,"rawY":24,"clippedAbsX":44,"clippedAbsY":24,"clippedX":44,"clippedY":24,"requestedAppliedX":40.6296,"requestedAppliedY":22.1616,"appliedX":16,"appliedY":16,"actualX":16,"actualY":16,"sensitivity":0.9234,"currentZoomForScroll":2.7007514886865858,"maxScrollStepX":16,"maxScrollStepY":16,"diagonalEvents":4,"clippedEvents":0}
[DebugBridge +54842987.5ms] wheel_scroll_motion {"eventCount":4,"rawAbsX":38,"rawAbsY":22,"rawX":38,"rawY":22,"clippedAbsX":38,"clippedAbsY":22,"clippedX":38,"clippedY":22,"requestedAppliedX":35.0892,"requestedAppliedY":20.3148,"appliedX":16,"appliedY":16,"actualX":16,"actualY":16,"sensitivity":0.9234,"currentZoomForScroll":2.7007514886865858,"maxScrollStepX":16,"maxScrollStepY":16,"diagonalEvents":4,"clippedEvents":0}
[DebugBridge +54843020.5ms] wheel_scroll_motion {"eventCount":4,"rawAbsX":32,"rawAbsY":16,"rawX":32,"rawY":16,"clippedAbsX":32,"clippedAbsY":16,"clippedX":32,"clippedY":16,"requestedAppliedX":29.5488,"requestedAppliedY":14.7744,"appliedX":16,"appliedY":14.7744,"actualX":16,"actualY":14.5,"sensitivity":0.9234,"currentZoomForScroll":2.7007514886865858,"maxScrollStepX":16,"maxScrollStepY":16,"diagonalEvents":4,"clippedEvents":0}
[DebugBridge +54843052.8ms] wheel_scroll_motion {"eventCount":4,"rawAbsX":26,"rawAbsY":16,"rawX":26,"rawY":16,"clippedAbsX":26,"clippedAbsY":16,"clippedX":26,"clippedY":16,"requestedAppliedX":24.0084,"requestedAppliedY":14.7744,"appliedX":16,"appliedY":14.7744,"actualX":16,"actualY":14.5,"sensitivity":0.9234,"currentZoomForScroll":2.7007514886865858,"maxScrollStepX":16,"maxScrollStepY":16,"diagonalEvents":4,"clippedEvents":0}
[DebugBridge +54843086.4ms] wheel_scroll_motion {"eventCount":4,"rawAbsX":24,"rawAbsY":16,"rawX":24,"rawY":16,"clippedAbsX":24,"clippedAbsY":16,"clippedX":24,"clippedY":16,"requestedAppliedX":22.1616,"requestedAppliedY":14.7744,"appliedX":16,"appliedY":14.7744,"actualX":16,"actualY":14.5,"sensitivity":0.9234,"currentZoomForScroll":2.7007514886865858,"maxScrollStepX":16,"maxScrollStepY":16,"diagonalEvents":4,"clippedEvents":0}
[DebugBridge +54843119.9ms] wheel_scroll_motion {"eventCount":4,"rawAbsX":24,"rawAbsY":16,"rawX":24,"rawY":16,"clippedAbsX":24,"clippedAbsY":16,"clippedX":24,"clippedY":16,"requestedAppliedX":22.1616,"requestedAppliedY":14.7744,"appliedX":16,"appliedY":14.7744,"actualX":16,"actualY":14.5,"sensitivity":0.9234,"currentZoomForScroll":2.7007514886865858,"maxScrollStepX":16,"maxScrollStepY":16,"diagonalEvents":4,"clippedEvents":0}
[DebugBridge +54843151.5ms] wheel_scroll_motion {"eventCount":4,"rawAbsX":18,"rawAbsY":14,"rawX":18,"rawY":14,"clippedAbsX":18,"clippedAbsY":14,"clippedX":18,"clippedY":14,"requestedAppliedX":16.6212,"requestedAppliedY":12.9276,"appliedX":16,"appliedY":12.9276,"actualX":16,"actualY":12.5,"sensitivity":0.9234,"currentZoomForScroll":2.7007514886865858,"maxScrollStepX":16,"maxScrollStepY":16,"diagonalEvents":4,"clippedEvents":0}
[DebugBridge +54843187.1ms] wheel_scroll_motion {"eventCount":4,"rawAbsX":16,"rawAbsY":8,"rawX":16,"rawY":8,"clippedAbsX":16,"clippedAbsY":8,"clippedX":16,"clippedY":8,"requestedAppliedX":14.7744,"requestedAppliedY":7.3872,"appliedX":14.7744,"appliedY":7.3872,"actualX":14.5,"actualY":7,"sensitivity":0.9234,"currentZoomForScroll":2.7007514886865858,"maxScrollStepX":16,"maxScrollStepY":16,"diagonalEvents":4,"clippedEvents":0}
[DebugBridge +54843220.3ms] wheel_scroll_motion {"eventCount":4,"rawAbsX":16,"rawAbsY":8,"rawX":16,"rawY":8,"clippedAbsX":16,"clippedAbsY":8,"clippedX":16,"clippedY":8,"requestedAppliedX":14.7744,"requestedAppliedY":7.3872,"appliedX":14.7744,"appliedY":7.3872,"actualX":14.5,"actualY":7,"sensitivity":0.9234,"currentZoomForScroll":2.7007514886865858,"maxScrollStepX":16,"maxScrollStepY":16,"diagonalEvents":4,"clippedEvents":0}
[DebugBridge +54843254.2ms] wheel_scroll_motion {"eventCount":4,"rawAbsX":18,"rawAbsY":10,"rawX":18,"rawY":10,"clippedAbsX":18,"clippedAbsY":10,"clippedX":18,"clippedY":10,"requestedAppliedX":16.6212,"requestedAppliedY":9.234,"appliedX":16,"appliedY":9.234,"actualX":16,"actualY":9,"sensitivity":0.9234,"currentZoomForScroll":2.7007514886865858,"maxScrollStepX":16,"maxScrollStepY":16,"diagonalEvents":4,"clippedEvents":0}
[DebugBridge +54843392.1ms] wheel_scroll_motion {"eventCount":3,"rawAbsX":8,"rawAbsY":16,"rawX":8,"rawY":16,"clippedAbsX":8,"clippedAbsY":16,"clippedX":8,"clippedY":16,"requestedAppliedX":7.3872,"requestedAppliedY":14.8716,"appliedX":7.3872,"appliedY":14.8716,"actualX":7,"actualY":14.5,"sensitivity":0.9234,"currentZoomForScroll":2.7007514886865858,"maxScrollStepX":16,"maxScrollStepY":16,"diagonalEvents":2,"clippedEvents":0}
[DebugBridge +54843417.9ms] wheel_scroll_motion {"eventCount":3,"rawAbsX":20,"rawAbsY":44,"rawX":20,"rawY":44,"clippedAbsX":20,"clippedAbsY":44,"clippedX":20,"clippedY":44,"requestedAppliedX":18.468,"requestedAppliedY":40.629599999999996,"appliedX":16,"appliedY":18.468,"actualX":16,"actualY":18,"sensitivity":0.9234,"currentZoomForScroll":2.7007514886865858,"maxScrollStepX":16,"maxScrollStepY":18.468,"diagonalEvents":3,"clippedEvents":0}
[DebugBridge +54843442.9ms] wheel_scroll_motion {"eventCount":3,"rawAbsX":28,"rawAbsY":70,"rawX":28,"rawY":70,"clippedAbsX":28,"clippedAbsY":70,"clippedX":28,"clippedY":70,"requestedAppliedX":25.855200000000004,"requestedAppliedY":64.638,"appliedX":16,"appliedY":24.0084,"actualX":16,"actualY":24,"sensitivity":0.9234,"currentZoomForScroll":2.7007514886865858,"maxScrollStepX":16,"maxScrollStepY":24.0084,"diagonalEvents":3,"clippedEvents":0}
[DebugBridge +54843470.2ms] wheel_scroll_motion {"eventCount":4,"rawAbsX":28,"rawAbsY":94,"rawX":28,"rawY":94,"clippedAbsX":28,"clippedAbsY":94,"clippedX":28,"clippedY":94,"requestedAppliedX":25.855199999999996,"requestedAppliedY":86.7996,"appliedX":16,"appliedY":25.8552,"actualX":16,"actualY":25.5,"sensitivity":0.9234,"currentZoomForScroll":2.7007514886865858,"maxScrollStepX":16,"maxScrollStepY":25.8552,"diagonalEvents":4,"clippedEvents":0}
[DebugBridge +54843504.0ms] wheel_scroll_motion {"eventCount":4,"rawAbsX":24,"rawAbsY":80,"rawX":24,"rawY":80,"clippedAbsX":24,"clippedAbsY":80,"clippedX":24,"clippedY":80,"requestedAppliedX":22.1616,"requestedAppliedY":73.87199999999999,"appliedX":16,"appliedY":22.1616,"actualX":16,"actualY":22,"sensitivity":0.9234,"currentZoomForScroll":2.7007514886865858,"maxScrollStepX":16,"maxScrollStepY":22.1616,"diagonalEvents":4,"clippedEvents":0}
[DebugBridge +54843536.4ms] wheel_scroll_motion {"eventCount":4,"rawAbsX":16,"rawAbsY":54,"rawX":16,"rawY":54,"clippedAbsX":16,"clippedAbsY":54,"clippedX":16,"clippedY":54,"requestedAppliedX":14.7744,"requestedAppliedY":49.8636,"appliedX":14.7744,"appliedY":20.314799999999998,"actualX":14.5,"actualY":20,"sensitivity":0.9234,"currentZoomForScroll":2.7007514886865858,"maxScrollStepX":16,"maxScrollStepY":20.314799999999998,"diagonalEvents":4,"clippedEvents":0}
[DebugBridge +54843569.9ms] wheel_scroll_motion {"eventCount":4,"rawAbsX":24,"rawAbsY":106,"rawX":24,"rawY":106,"clippedAbsX":24,"clippedAbsY":106,"clippedX":24,"clippedY":106,"requestedAppliedX":22.1616,"requestedAppliedY":97.88040000000001,"appliedX":16,"appliedY":25.8552,"actualX":16,"actualY":25.5,"sensitivity":0.9234,"currentZoomForScroll":2.7007514886865858,"maxScrollStepX":16,"maxScrollStepY":25.8552,"diagonalEvents":4,"clippedEvents":0}
[DebugBridge +54843603.6ms] wheel_scroll_motion {"eventCount":4,"rawAbsX":24,"rawAbsY":128,"rawX":24,"rawY":128,"clippedAbsX":24,"clippedAbsY":128,"clippedX":24,"clippedY":128,"requestedAppliedX":22.1616,"requestedAppliedY":118.1952,"appliedX":16,"appliedY":31.3956,"actualX":16,"actualY":31,"sensitivity":0.9234,"currentZoomForScroll":2.7007514886865858,"maxScrollStepX":16,"maxScrollStepY":31.3956,"diagonalEvents":4,"clippedEvents":0}
[DebugBridge +54843637.0ms] wheel_scroll_motion {"eventCount":4,"rawAbsX":24,"rawAbsY":116,"rawX":24,"rawY":116,"clippedAbsX":24,"clippedAbsY":116,"clippedX":24,"clippedY":116,"requestedAppliedX":22.1616,"requestedAppliedY":107.11439999999999,"appliedX":16,"appliedY":27.701999999999998,"actualX":16,"actualY":27.5,"sensitivity":0.9234,"currentZoomForScroll":2.7007514886865858,"maxScrollStepX":16,"maxScrollStepY":27.701999999999998,"diagonalEvents":4,"clippedEvents":0}
[DebugBridge +54843668.9ms] wheel_scroll_motion {"eventCount":4,"rawAbsX":20,"rawAbsY":94,"rawX":20,"rawY":94,"clippedAbsX":20,"clippedAbsY":94,"clippedX":20,"clippedY":94,"requestedAppliedX":18.468,"requestedAppliedY":86.7996,"appliedX":16,"appliedY":24.0084,"actualX":16,"actualY":24,"sensitivity":0.9234,"currentZoomForScroll":2.7007514886865858,"maxScrollStepX":16,"maxScrollStepY":24.0084,"diagonalEvents":4,"clippedEvents":0}
[DebugBridge +54843701.1ms] wheel_scroll_motion {"eventCount":3,"rawAbsX":12,"rawAbsY":64,"rawX":12,"rawY":64,"clippedAbsX":12,"clippedAbsY":64,"clippedX":12,"clippedY":64,"requestedAppliedX":11.0808,"requestedAppliedY":59.0976,"appliedX":11.0808,"appliedY":20.314799999999998,"actualX":11,"actualY":20,"sensitivity":0.9234,"currentZoomForScroll":2.7007514886865858,"maxScrollStepX":16,"maxScrollStepY":20.314799999999998,"diagonalEvents":3,"clippedEvents":0}
[DebugBridge +54843727.9ms] wheel_scroll_motion {"eventCount":4,"rawAbsX":16,"rawAbsY":72,"rawX":16,"rawY":72,"clippedAbsX":16,"clippedAbsY":72,"clippedX":16,"clippedY":72,"requestedAppliedX":14.7744,"requestedAppliedY":66.4848,"appliedX":14.7744,"appliedY":18.468,"actualX":14.5,"actualY":18,"sensitivity":0.9234,"currentZoomForScroll":2.7007514886865858,"maxScrollStepX":16,"maxScrollStepY":18.468,"diagonalEvents":4,"clippedEvents":0}
[DebugBridge +54843761.7ms] wheel_scroll_motion {"eventCount":4,"rawAbsX":16,"rawAbsY":62,"rawX":16,"rawY":62,"clippedAbsX":16,"clippedAbsY":62,"clippedX":16,"clippedY":62,"requestedAppliedX":14.7744,"requestedAppliedY":57.2508,"appliedX":14.7744,"appliedY":16,"actualX":14.5,"actualY":16,"sensitivity":0.9234,"currentZoomForScroll":2.7007514886865858,"maxScrollStepX":16,"maxScrollStepY":16,"diagonalEvents":4,"clippedEvents":0}
[DebugBridge +54843795.5ms] wheel_scroll_motion {"eventCount":4,"rawAbsX":16,"rawAbsY":52,"rawX":16,"rawY":52,"clippedAbsX":16,"clippedAbsY":52,"clippedX":16,"clippedY":52,"requestedAppliedX":14.7744,"requestedAppliedY":48.0168,"appliedX":14.7744,"appliedY":16,"actualX":14.5,"actualY":16,"sensitivity":0.9234,"currentZoomForScroll":2.7007514886865858,"maxScrollStepX":16,"maxScrollStepY":16,"diagonalEvents":4,"clippedEvents":0}
[DebugBridge +54843828.6ms] wheel_scroll_motion {"eventCount":4,"rawAbsX":12,"rawAbsY":40,"rawX":12,"rawY":40,"clippedAbsX":12,"clippedAbsY":40,"clippedX":12,"clippedY":40,"requestedAppliedX":11.0808,"requestedAppliedY":36.936,"appliedX":11.0808,"appliedY":16,"actualX":11,"actualY":16,"sensitivity":0.9234,"currentZoomForScroll":2.7007514886865858,"maxScrollStepX":16,"maxScrollStepY":16,"diagonalEvents":4,"clippedEvents":0}
[DebugBridge +54843859.6ms] wheel_scroll_motion {"eventCount":3,"rawAbsX":6,"rawAbsY":26,"rawX":6,"rawY":26,"clippedAbsX":6,"clippedAbsY":26,"clippedX":6,"clippedY":26,"requestedAppliedX":5.5404,"requestedAppliedY":24.0084,"appliedX":5.5404,"appliedY":16,"actualX":5.5,"actualY":16,"sensitivity":0.9234,"currentZoomForScroll":2.7007514886865858,"maxScrollStepX":16,"maxScrollStepY":16,"diagonalEvents":3,"clippedEvents":0}
[DebugBridge +54843886.2ms] wheel_scroll_motion {"eventCount":4,"rawAbsX":8,"rawAbsY":32,"rawX":8,"rawY":32,"clippedAbsX":8,"clippedAbsY":32,"clippedX":8,"clippedY":32,"requestedAppliedX":7.3872,"requestedAppliedY":29.5488,"appliedX":7.3872,"appliedY":16,"actualX":7,"actualY":16,"sensitivity":0.9234,"currentZoomForScroll":2.7007514886865858,"maxScrollStepX":16,"maxScrollStepY":16,"diagonalEvents":4,"clippedEvents":0}
[DebugBridge +54843919.9ms] wheel_scroll_motion {"eventCount":2,"rawAbsX":4,"rawAbsY":14,"rawX":4,"rawY":14,"clippedAbsX":4,"clippedAbsY":14,"clippedX":4,"clippedY":14,"requestedAppliedX":3.6936,"requestedAppliedY":12.9276,"appliedX":3.6936,"appliedY":12.9276,"actualX":3.5,"actualY":12.5,"sensitivity":0.9234,"currentZoomForScroll":2.7007514886865858,"maxScrollStepX":16,"maxScrollStepY":16,"diagonalEvents":2,"clippedEvents":0}
[DebugBridge +54844009.9ms] wheel_scroll_motion {"eventCount":3,"rawAbsX":12,"rawAbsY":18,"rawX":-12,"rawY":18,"clippedAbsX":12,"clippedAbsY":18,"clippedX":-12,"clippedY":18,"requestedAppliedX":-11.0808,"requestedAppliedY":16.6212,"appliedX":-11.0808,"appliedY":16,"actualX":-11.5,"actualY":16,"sensitivity":0.9234,"currentZoomForScroll":2.7007514886865858,"maxScrollStepX":16,"maxScrollStepY":16,"diagonalEvents":3,"clippedEvents":0}
[DebugBridge +54844037.0ms] wheel_scroll_motion {"eventCount":4,"rawAbsX":42,"rawAbsY":50,"rawX":-42,"rawY":50,"clippedAbsX":42,"clippedAbsY":50,"clippedX":-42,"clippedY":50,"requestedAppliedX":-38.782799999999995,"requestedAppliedY":46.17,"appliedX":-16,"appliedY":16.6212,"actualX":-16,"actualY":16.5,"sensitivity":0.9234,"currentZoomForScroll":2.7007514886865858,"maxScrollStepX":16,"maxScrollStepY":16.6212,"diagonalEvents":4,"clippedEvents":0}
[DebugBridge +54844071.0ms] wheel_scroll_motion {"eventCount":4,"rawAbsX":56,"rawAbsY":58,"rawX":-56,"rawY":58,"clippedAbsX":56,"clippedAbsY":58,"clippedX":-56,"clippedY":58,"requestedAppliedX":-51.7104,"requestedAppliedY":53.557199999999995,"appliedX":-20.314799999999998,"appliedY":20.314799999999998,"actualX":-20.5,"actualY":20,"sensitivity":0.9234,"currentZoomForScroll":2.7007514886865858,"maxScrollStepX":20.314799999999998,"maxScrollStepY":20.314799999999998,"diagonalEvents":4,"clippedEvents":0}
[SVGAnnotationLayer] setRotInputVisible(false) reason=selectedIds.size !== 1
[SVGAnnotationLayer] setRotInputVisible(false) reason=selectedIds.size !== 1
[SVGAnnotationLayer] setRotInputVisible(false) reason=selectedIds.size !== 1
[DebugBridge +54844360.9ms] wheel_scroll_motion {"eventCount":7,"rawAbsX":592,"rawAbsY":576,"rawX":-592,"rawY":576,"clippedAbsX":403.8691077381394,"clippedAbsY":389.8691077381394,"clippedX":-403.8691077381394,"clippedY":389.8691077381394,"requestedAppliedX":-372.9327340853979,"requestedAppliedY":360.0051340853979,"appliedX":-123.6147340853979,"appliedY":123.6147340853979,"actualX":-124,"actualY":123.5,"sensitivity":0.9234,"currentZoomForScroll":2.7007514886865858,"maxScrollStepX":123.6147340853979,"maxScrollStepY":123.6147340853979,"diagonalEvents":7,"clippedEvents":1}
[DebugBridge +54844410.0ms] wheel_scroll_motion {"eventCount":3,"rawAbsX":48,"rawAbsY":48,"rawX":-48,"rawY":48,"clippedAbsX":48,"clippedAbsY":48,"clippedX":-48,"clippedY":48,"requestedAppliedX":-44.3232,"requestedAppliedY":44.3232,"appliedX":-29.5488,"appliedY":29.5488,"actualX":-30,"actualY":29.5,"sensitivity":0.9234,"currentZoomForScroll":2.7007514886865858,"maxScrollStepX":29.5488,"maxScrollStepY":29.5488,"diagonalEvents":3,"clippedEvents":0}
[DebugBridge +54844461.2ms] wheel_scroll_motion {"eventCount":4,"rawAbsX":36,"rawAbsY":36,"rawX":-36,"rawY":36,"clippedAbsX":36,"clippedAbsY":36,"clippedX":-36,"clippedY":36,"requestedAppliedX":-33.2424,"requestedAppliedY":33.2424,"appliedX":-16.6212,"appliedY":16.6212,"actualX":-17,"actualY":16.5,"sensitivity":0.9234,"currentZoomForScroll":2.7007514886865858,"maxScrollStepX":16.6212,"maxScrollStepY":16.6212,"diagonalEvents":4,"clippedEvents":0}
[DebugBridge +54844523.0ms] wheel_scroll_motion {"eventCount":3,"rawAbsX":40,"rawAbsY":40,"rawX":-40,"rawY":40,"clippedAbsX":40,"clippedAbsY":40,"clippedX":-40,"clippedY":40,"requestedAppliedX":-36.936,"requestedAppliedY":36.936,"appliedX":-25.8552,"appliedY":25.8552,"actualX":-26,"actualY":25.5,"sensitivity":0.9234,"currentZoomForScroll":2.7007514886865858,"maxScrollStepX":25.8552,"maxScrollStepY":25.8552,"diagonalEvents":3,"clippedEvents":0}
[DebugBridge +54844550.2ms] wheel_scroll_motion {"eventCount":3,"rawAbsX":12,"rawAbsY":12,"rawX":-12,"rawY":12,"clippedAbsX":12,"clippedAbsY":12,"clippedX":-12,"clippedY":12,"requestedAppliedX":-11.0808,"requestedAppliedY":11.0808,"appliedX":-11.0808,"appliedY":11.0808,"actualX":-11.5,"actualY":11,"sensitivity":0.9234,"currentZoomForScroll":2.7007514886865858,"maxScrollStepX":16,"maxScrollStepY":16,"diagonalEvents":3,"clippedEvents":0}
[DebugBridge +54844577.8ms] wheel_scroll_motion {"eventCount":4,"rawAbsX":16,"rawAbsY":16,"rawX":-16,"rawY":16,"clippedAbsX":16,"clippedAbsY":16,"clippedX":-16,"clippedY":16,"requestedAppliedX":-14.7744,"requestedAppliedY":14.7744,"appliedX":-14.7744,"appliedY":14.7744,"actualX":-15,"actualY":14.5,"sensitivity":0.9234,"currentZoomForScroll":2.7007514886865858,"maxScrollStepX":16,"maxScrollStepY":16,"diagonalEvents":4,"clippedEvents":0}
[DebugBridge +54844609.5ms] wheel_scroll_motion {"eventCount":3,"rawAbsX":12,"rawAbsY":12,"rawX":-12,"rawY":12,"clippedAbsX":12,"clippedAbsY":12,"clippedX":-12,"clippedY":12,"requestedAppliedX":-11.0808,"requestedAppliedY":11.0808,"appliedX":-11.0808,"appliedY":11.0808,"actualX":-11.5,"actualY":11,"sensitivity":0.9234,"currentZoomForScroll":2.7007514886865858,"maxScrollStepX":16,"maxScrollStepY":16,"diagonalEvents":3,"clippedEvents":0}
[DebugBridge +54844636.0ms] wheel_scroll_motion {"eventCount":4,"rawAbsX":16,"rawAbsY":16,"rawX":-16,"rawY":16,"clippedAbsX":16,"clippedAbsY":16,"clippedX":-16,"clippedY":16,"requestedAppliedX":-14.7744,"requestedAppliedY":14.7744,"appliedX":-14.7744,"appliedY":14.7744,"actualX":-15,"actualY":14.5,"sensitivity":0.9234,"currentZoomForScroll":2.7007514886865858,"maxScrollStepX":16,"maxScrollStepY":16,"diagonalEvents":4,"clippedEvents":0}
[DebugBridge +54844669.8ms] wheel_scroll_motion {"eventCount":2,"rawAbsX":10,"rawAbsY":10,"rawX":-10,"rawY":10,"clippedAbsX":10,"clippedAbsY":10,"clippedX":-10,"clippedY":10,"requestedAppliedX":-9.234,"requestedAppliedY":9.234,"appliedX":-9.234,"appliedY":9.234,"actualX":-9.5,"actualY":9,"sensitivity":0.9234,"currentZoomForScroll":2.7007514886865858,"maxScrollStepX":16,"maxScrollStepY":16,"diagonalEvents":2,"clippedEvents":0}
[DebugBridge +54844711.0ms] wheel_scroll_motion {"eventCount":3,"rawAbsX":14,"rawAbsY":14,"rawX":-14,"rawY":14,"clippedAbsX":14,"clippedAbsY":14,"clippedX":-14,"clippedY":14,"requestedAppliedX":-12.9276,"requestedAppliedY":12.9276,"appliedX":-12.9276,"appliedY":12.9276,"actualX":-13,"actualY":12.5,"sensitivity":0.9234,"currentZoomForScroll":2.7007514886865858,"maxScrollStepX":16,"maxScrollStepY":16,"diagonalEvents":3,"clippedEvents":0}
[DebugBridge +54844752.3ms] wheel_scroll_motion {"eventCount":2,"rawAbsX":8,"rawAbsY":8,"rawX":-8,"rawY":8,"clippedAbsX":8,"clippedAbsY":8,"clippedX":-8,"clippedY":8,"requestedAppliedX":-7.3872,"requestedAppliedY":7.3872,"appliedX":-7.3872,"appliedY":7.3872,"actualX":-7.5,"actualY":7,"sensitivity":0.9234,"currentZoomForScroll":2.7007514886865858,"maxScrollStepX":16,"maxScrollStepY":16,"diagonalEvents":2,"clippedEvents":0}
[DebugBridge +54844934.8ms] wheel_scroll_motion {"eventCount":3,"rawAbsX":8,"rawAbsY":4,"rawX":-8,"rawY":-4,"clippedAbsX":8,"clippedAbsY":4,"clippedX":-8,"clippedY":-4,"requestedAppliedX":-7.4844,"requestedAppliedY":-3.6936,"appliedX":-7.4844,"appliedY":-3.6936,"actualX":-7.5,"actualY":-4,"sensitivity":0.9234,"currentZoomForScroll":2.7007514886865858,"maxScrollStepX":16,"maxScrollStepY":16,"diagonalEvents":2,"clippedEvents":0}
[DebugBridge +54844961.4ms] wheel_scroll_motion {"eventCount":4,"rawAbsX":18,"rawAbsY":6,"rawX":-18,"rawY":-6,"clippedAbsX":18,"clippedAbsY":6,"clippedX":-18,"clippedY":-6,"requestedAppliedX":-16.8156,"requestedAppliedY":-5.5404,"appliedX":-16,"appliedY":-5.5404,"actualX":-16,"actualY":-6,"sensitivity":0.9234,"currentZoomForScroll":2.7007514886865858,"maxScrollStepX":16,"maxScrollStepY":16,"diagonalEvents":3,"clippedEvents":0}
[DebugBridge +54844995.6ms] wheel_scroll_motion {"eventCount":4,"rawAbsX":30,"rawAbsY":14,"rawX":-30,"rawY":-14,"clippedAbsX":30,"clippedAbsY":14,"clippedX":-30,"clippedY":-14,"requestedAppliedX":-27.701999999999998,"requestedAppliedY":-12.9276,"appliedX":-16,"appliedY":-12.9276,"actualX":-16,"actualY":-13,"sensitivity":0.9234,"currentZoomForScroll":2.7007514886865858,"maxScrollStepX":16,"maxScrollStepY":16,"diagonalEvents":4,"clippedEvents":0}
[DebugBridge +54845025.4ms] wheel_scroll_motion {"eventCount":3,"rawAbsX":36,"rawAbsY":12,"rawX":-36,"rawY":-12,"clippedAbsX":36,"clippedAbsY":12,"clippedX":-36,"clippedY":-12,"requestedAppliedX":-33.2424,"requestedAppliedY":-11.0808,"appliedX":-16,"appliedY":-11.0808,"actualX":-16,"actualY":-11.5,"sensitivity":0.9234,"currentZoomForScroll":2.7007514886865858,"maxScrollStepX":16,"maxScrollStepY":16,"diagonalEvents":3,"clippedEvents":0}
[DebugBridge +54845055.0ms] wheel_scroll_motion {"eventCount":4,"rawAbsX":42,"rawAbsY":16,"rawX":-42,"rawY":-16,"clippedAbsX":42,"clippedAbsY":16,"clippedX":-42,"clippedY":-16,"requestedAppliedX":-38.7828,"requestedAppliedY":-14.7744,"appliedX":-16,"appliedY":-14.7744,"actualX":-16,"actualY":-15,"sensitivity":0.9234,"currentZoomForScroll":2.7007514886865858,"maxScrollStepX":16,"maxScrollStepY":16,"diagonalEvents":4,"clippedEvents":0}
[DebugBridge +54845087.0ms] wheel_scroll_motion {"eventCount":4,"rawAbsX":34,"rawAbsY":16,"rawX":-34,"rawY":-16,"clippedAbsX":34,"clippedAbsY":16,"clippedX":-34,"clippedY":-16,"requestedAppliedX":-31.3956,"requestedAppliedY":-14.7744,"appliedX":-16,"appliedY":-14.7744,"actualX":-16,"actualY":-15,"sensitivity":0.9234,"currentZoomForScroll":2.7007514886865858,"maxScrollStepX":16,"maxScrollStepY":16,"diagonalEvents":4,"clippedEvents":0}
[DebugBridge +54845120.5ms] wheel_scroll_motion {"eventCount":4,"rawAbsX":26,"rawAbsY":16,"rawX":-26,"rawY":-16,"clippedAbsX":26,"clippedAbsY":16,"clippedX":-26,"clippedY":-16,"requestedAppliedX":-24.0084,"requestedAppliedY":-14.7744,"appliedX":-16,"appliedY":-14.7744,"actualX":-16,"actualY":-15,"sensitivity":0.9234,"currentZoomForScroll":2.7007514886865858,"maxScrollStepX":16,"maxScrollStepY":16,"diagonalEvents":4,"clippedEvents":0}
[DebugBridge +54845151.2ms] wheel_scroll_motion {"eventCount":3,"rawAbsX":34,"rawAbsY":10,"rawX":-34,"rawY":-10,"clippedAbsX":34,"clippedAbsY":10,"clippedX":-34,"clippedY":-10,"requestedAppliedX":-31.3956,"requestedAppliedY":-9.234,"appliedX":-18.468,"appliedY":-9.234,"actualX":-18.5,"actualY":-9.5,"sensitivity":0.9234,"currentZoomForScroll":2.7007514886865858,"maxScrollStepX":18.468,"maxScrollStepY":16,"diagonalEvents":3,"clippedEvents":0}
[DebugBridge +54845178.1ms] wheel_scroll_motion {"eventCount":4,"rawAbsX":40,"rawAbsY":16,"rawX":-40,"rawY":-16,"clippedAbsX":40,"clippedAbsY":16,"clippedX":-40,"clippedY":-16,"requestedAppliedX":-36.936,"requestedAppliedY":-14.7744,"appliedX":-16,"appliedY":-14.7744,"actualX":-16,"actualY":-15,"sensitivity":0.9234,"currentZoomForScroll":2.7007514886865858,"maxScrollStepX":16,"maxScrollStepY":16,"diagonalEvents":4,"clippedEvents":0}
[DebugBridge +54845212.1ms] wheel_scroll_motion {"eventCount":4,"rawAbsX":42,"rawAbsY":10,"rawX":-42,"rawY":-10,"clippedAbsX":42,"clippedAbsY":10,"clippedX":-42,"clippedY":-10,"requestedAppliedX":-38.7828,"requestedAppliedY":-9.234,"appliedX":-16,"appliedY":-9.234,"actualX":-16,"actualY":-9.5,"sensitivity":0.9234,"currentZoomForScroll":2.7007514886865858,"maxScrollStepX":16,"maxScrollStepY":16,"diagonalEvents":4,"clippedEvents":0}
[DebugBridge +54845242.8ms] wheel_scroll_motion {"eventCount":3,"rawAbsX":28,"rawAbsY":6,"rawX":-28,"rawY":-6,"clippedAbsX":28,"clippedAbsY":6,"clippedX":-28,"clippedY":-6,"requestedAppliedX":-25.8552,"requestedAppliedY":-5.5404,"appliedX":-16,"appliedY":-5.5404,"actualX":-16,"actualY":-6,"sensitivity":0.9234,"currentZoomForScroll":2.7007514886865858,"maxScrollStepX":16,"maxScrollStepY":16,"diagonalEvents":3,"clippedEvents":0}
[DebugBridge +54845270.3ms] wheel_scroll_motion {"eventCount":4,"rawAbsX":32,"rawAbsY":8,"rawX":-32,"rawY":-8,"clippedAbsX":32,"clippedAbsY":8,"clippedX":-32,"clippedY":-8,"requestedAppliedX":-29.5488,"requestedAppliedY":-7.3872,"appliedX":-16,"appliedY":-7.3872,"actualX":-16,"actualY":-7.5,"sensitivity":0.9234,"currentZoomForScroll":2.7007514886865858,"maxScrollStepX":16,"maxScrollStepY":16,"diagonalEvents":4,"clippedEvents":0}
[DebugBridge +54845300.9ms] wheel_scroll_motion {"eventCount":3,"rawAbsX":20,"rawAbsY":6,"rawX":-20,"rawY":-6,"clippedAbsX":20,"clippedAbsY":6,"clippedX":-20,"clippedY":-6,"requestedAppliedX":-18.468,"requestedAppliedY":-5.5404,"appliedX":-16,"appliedY":-5.5404,"actualX":-16,"actualY":-6,"sensitivity":0.9234,"currentZoomForScroll":2.7007514886865858,"maxScrollStepX":16,"maxScrollStepY":16,"diagonalEvents":3,"clippedEvents":0}
[DebugBridge +54845328.6ms] wheel_scroll_motion {"eventCount":4,"rawAbsX":24,"rawAbsY":8,"rawX":-24,"rawY":-8,"clippedAbsX":24,"clippedAbsY":8,"clippedX":-24,"clippedY":-8,"requestedAppliedX":-22.1616,"requestedAppliedY":-7.3872,"appliedX":-16,"appliedY":-7.3872,"actualX":-16,"actualY":-7.5,"sensitivity":0.9234,"currentZoomForScroll":2.7007514886865858,"maxScrollStepX":16,"maxScrollStepY":16,"diagonalEvents":4,"clippedEvents":0}
[DebugBridge +54845359.9ms] wheel_scroll_motion {"eventCount":3,"rawAbsX":18,"rawAbsY":6,"rawX":-18,"rawY":-6,"clippedAbsX":18,"clippedAbsY":6,"clippedX":-18,"clippedY":-6,"requestedAppliedX":-16.6212,"requestedAppliedY":-5.5404,"appliedX":-16,"appliedY":-5.5404,"actualX":-16,"actualY":-6,"sensitivity":0.9234,"currentZoomForScroll":2.7007514886865858,"maxScrollStepX":16,"maxScrollStepY":16,"diagonalEvents":3,"clippedEvents":0}
[DebugBridge +54845408.0ms] wheel_scroll_motion {"eventCount":3,"rawAbsX":28,"rawAbsY":12,"rawX":-28,"rawY":-12,"clippedAbsX":28,"clippedAbsY":12,"clippedX":-28,"clippedY":-12,"requestedAppliedX":-25.8552,"requestedAppliedY":-11.0808,"appliedX":-16.6212,"appliedY":-11.0808,"actualX":-17,"actualY":-11.5,"sensitivity":0.9234,"currentZoomForScroll":2.7007514886865858,"maxScrollStepX":16.6212,"maxScrollStepY":16,"diagonalEvents":3,"clippedEvents":0}
[DebugBridge +54845434.5ms] wheel_scroll_motion {"eventCount":3,"rawAbsX":12,"rawAbsY":6,"rawX":-12,"rawY":-6,"clippedAbsX":12,"clippedAbsY":6,"clippedX":-12,"clippedY":-6,"requestedAppliedX":-11.0808,"requestedAppliedY":-5.5404,"appliedX":-11.0808,"appliedY":-5.5404,"actualX":-11.5,"actualY":-6,"sensitivity":0.9234,"currentZoomForScroll":2.7007514886865858,"maxScrollStepX":16,"maxScrollStepY":16,"diagonalEvents":3,"clippedEvents":0}
[DebugBridge +54845459.9ms] wheel_scroll_motion {"eventCount":4,"rawAbsX":16,"rawAbsY":8,"rawX":-16,"rawY":-8,"clippedAbsX":16,"clippedAbsY":8,"clippedX":-16,"clippedY":-8,"requestedAppliedX":-14.7744,"requestedAppliedY":-7.3872,"appliedX":-14.7744,"appliedY":-7.3872,"actualX":-15,"actualY":-7.5,"sensitivity":0.9234,"currentZoomForScroll":2.7007514886865858,"maxScrollStepX":16,"maxScrollStepY":16,"diagonalEvents":4,"clippedEvents":0}
[DebugBridge +54845495.0ms] wheel_scroll_motion {"eventCount":4,"rawAbsX":18,"rawAbsY":8,"rawX":-18,"rawY":-8,"clippedAbsX":18,"clippedAbsY":8,"clippedX":-18,"clippedY":-8,"requestedAppliedX":-16.6212,"requestedAppliedY":-7.3872,"appliedX":-16,"appliedY":-7.3872,"actualX":-16,"actualY":-7.5,"sensitivity":0.9234,"currentZoomForScroll":2.7007514886865858,"maxScrollStepX":16,"maxScrollStepY":16,"diagonalEvents":4,"clippedEvents":0}
[DebugBridge +54845534.8ms] wheel_scroll_motion {"eventCount":2,"rawAbsX":8,"rawAbsY":4,"rawX":-8,"rawY":-4,"clippedAbsX":8,"clippedAbsY":4,"clippedX":-8,"clippedY":-4,"requestedAppliedX":-7.3872,"requestedAppliedY":-3.6936,"appliedX":-7.3872,"appliedY":-3.6936,"actualX":-7.5,"actualY":-4,"sensitivity":0.9234,"currentZoomForScroll":2.7007514886865858,"maxScrollStepX":16,"maxScrollStepY":16,"diagonalEvents":2,"clippedEvents":0}
[DebugBridge +54845568.6ms] wheel_scroll_motion {"eventCount":2,"rawAbsX":8,"rawAbsY":4,"rawX":-8,"rawY":-4,"clippedAbsX":8,"clippedAbsY":4,"clippedX":-8,"clippedY":-4,"requestedAppliedX":-7.3872,"requestedAppliedY":-3.6936,"appliedX":-7.3872,"appliedY":-3.6936,"actualX":-7.5,"actualY":-4,"sensitivity":0.9234,"currentZoomForScroll":2.7007514886865858,"maxScrollStepX":16,"maxScrollStepY":16,"diagonalEvents":2,"clippedEvents":0}
[DebugBridge +54845604.1ms] wheel_scroll_motion {"eventCount":2,"rawAbsX":4,"rawAbsY":4,"rawX":-4,"rawY":-4,"clippedAbsX":4,"clippedAbsY":4,"clippedX":-4,"clippedY":-4,"requestedAppliedX":-3.6936,"requestedAppliedY":-3.6936,"appliedX":-3.6936,"appliedY":-3.6936,"actualX":-4,"actualY":-4,"sensitivity":0.9234,"currentZoomForScroll":2.7007514886865858,"maxScrollStepX":16,"maxScrollStepY":16,"diagonalEvents":2,"clippedEvents":0}
[DebugBridge +54845644.8ms] wheel_scroll_motion {"eventCount":2,"rawAbsX":4,"rawAbsY":2,"rawX":-4,"rawY":-2,"clippedAbsX":4,"clippedAbsY":2,"clippedX":-4,"clippedY":-2,"requestedAppliedX":-3.7908,"requestedAppliedY":-1.8468,"appliedX":-3.7908,"appliedY":-1.8468,"actualX":-4,"actualY":-2,"sensitivity":0.9720000000000001,"currentZoomForScroll":2.7007514886865858,"maxScrollStepX":16,"maxScrollStepY":16,"diagonalEvents":1,"clippedEvents":0}
[DebugBridge +54845678.8ms] wheel_scroll_motion {"eventCount":2,"rawAbsX":4,"rawAbsY":0,"rawX":-4,"rawY":0,"clippedAbsX":4,"clippedAbsY":0,"clippedX":-4,"clippedY":0,"requestedAppliedX":-3.8880000000000003,"requestedAppliedY":0,"appliedX":-3.8880000000000003,"appliedY":0,"actualX":-4,"actualY":0,"sensitivity":0.9720000000000001,"currentZoomForScroll":2.7007514886865858,"maxScrollStepX":16,"maxScrollStepY":16,"diagonalEvents":0,"clippedEvents":0}
[DebugBridge +54845720.5ms] wheel_scroll_motion {"eventCount":1,"rawAbsX":2,"rawAbsY":0,"rawX":-2,"rawY":0,"clippedAbsX":2,"clippedAbsY":0,"clippedX":-2,"clippedY":0,"requestedAppliedX":-1.9440000000000002,"requestedAppliedY":0,"appliedX":-1.9440000000000002,"appliedY":0,"actualX":-2,"actualY":0,"sensitivity":0.9720000000000001,"currentZoomForScroll":2.7007514886865858,"maxScrollStepX":16,"maxScrollStepY":16,"diagonalEvents":0,"clippedEvents":0}
[DebugBridge +54845754.7ms] wheel_scroll_motion {"eventCount":2,"rawAbsX":2,"rawAbsY":2,"rawX":-2,"rawY":-2,"clippedAbsX":2,"clippedAbsY":2,"clippedX":-2,"clippedY":-2,"requestedAppliedX":-1.9440000000000002,"requestedAppliedY":-1.9440000000000002,"appliedX":-1.9440000000000002,"appliedY":-1.9440000000000002,"actualX":-2,"actualY":-2,"sensitivity":0.9720000000000001,"currentZoomForScroll":2.7007514886865858,"maxScrollStepX":16,"maxScrollStepY":16,"diagonalEvents":0,"clippedEvents":0}
[DebugBridge +54845784.7ms] wheel_scroll_motion {"eventCount":1,"rawAbsX":2,"rawAbsY":0,"rawX":-2,"rawY":0,"clippedAbsX":2,"clippedAbsY":0,"clippedX":-2,"clippedY":0,"requestedAppliedX":-1.9440000000000002,"requestedAppliedY":0,"appliedX":-1.9440000000000002,"appliedY":0,"actualX":-2,"actualY":0,"sensitivity":0.9720000000000001,"currentZoomForScroll":2.7007514886865858,"maxScrollStepX":16,"maxScrollStepY":16,"diagonalEvents":0,"clippedEvents":0}
[DebugBridge +54845892.5ms] wheel_scroll_motion {"eventCount":3,"rawAbsX":12,"rawAbsY":0,"rawX":-12,"rawY":0,"clippedAbsX":12,"clippedAbsY":0,"clippedX":-12,"clippedY":0,"requestedAppliedX":-11.664000000000001,"requestedAppliedY":0,"appliedX":-11.664000000000001,"appliedY":0,"actualX":-12,"actualY":0,"sensitivity":0.9720000000000001,"currentZoomForScroll":2.7007514886865858,"maxScrollStepX":16,"maxScrollStepY":16,"diagonalEvents":0,"clippedEvents":0}
[DebugBridge +54845920.4ms] wheel_scroll_motion {"eventCount":4,"rawAbsX":42,"rawAbsY":16,"rawX":-42,"rawY":-16,"clippedAbsX":42,"clippedAbsY":16,"clippedX":-42,"clippedY":-16,"requestedAppliedX":-38.7828,"requestedAppliedY":-14.7744,"appliedX":-16,"appliedY":-14.7744,"actualX":-16,"actualY":-15,"sensitivity":0.9234,"currentZoomForScroll":2.7007514886865858,"maxScrollStepX":16,"maxScrollStepY":16,"diagonalEvents":4,"clippedEvents":0}
[DebugBridge +54845953.2ms] wheel_scroll_motion {"eventCount":4,"rawAbsX":68,"rawAbsY":22,"rawX":-68,"rawY":-22,"clippedAbsX":68,"clippedAbsY":22,"clippedX":-68,"clippedY":-22,"requestedAppliedX":-62.7912,"requestedAppliedY":-20.314799999999998,"appliedX":-16.6212,"appliedY":-16,"actualX":-17,"actualY":-16,"sensitivity":0.9234,"currentZoomForScroll":2.7007514886865858,"maxScrollStepX":16.6212,"maxScrollStepY":16,"diagonalEvents":4,"clippedEvents":0}
[DebugBridge +54845984.3ms] wheel_scroll_motion {"eventCount":3,"rawAbsX":42,"rawAbsY":16,"rawX":-42,"rawY":-16,"clippedAbsX":42,"clippedAbsY":16,"clippedX":-42,"clippedY":-16,"requestedAppliedX":-38.7828,"requestedAppliedY":-14.7744,"appliedX":-16,"appliedY":-14.7744,"actualX":-16,"actualY":-15,"sensitivity":0.9234,"currentZoomForScroll":2.7007514886865858,"maxScrollStepX":16,"maxScrollStepY":16,"diagonalEvents":3,"clippedEvents":0}
[DebugBridge +54846009.3ms] wheel_scroll_motion {"eventCount":3,"rawAbsX":30,"rawAbsY":12,"rawX":-30,"rawY":-12,"clippedAbsX":30,"clippedAbsY":12,"clippedX":-30,"clippedY":-12,"requestedAppliedX":-27.701999999999998,"requestedAppliedY":-11.0808,"appliedX":-16,"appliedY":-11.0808,"actualX":-16,"actualY":-11.5,"sensitivity":0.9234,"currentZoomForScroll":2.7007514886865858,"maxScrollStepX":16,"maxScrollStepY":16,"diagonalEvents":3,"clippedEvents":0}
[DebugBridge +54846034.7ms] wheel_scroll_motion {"eventCount":3,"rawAbsX":24,"rawAbsY":12,"rawX":-24,"rawY":-12,"clippedAbsX":24,"clippedAbsY":12,"clippedX":-24,"clippedY":-12,"requestedAppliedX":-22.1616,"requestedAppliedY":-11.0808,"appliedX":-16,"appliedY":-11.0808,"actualX":-16,"actualY":-11.5,"sensitivity":0.9234,"currentZoomForScroll":2.7007514886865858,"maxScrollStepX":16,"maxScrollStepY":16,"diagonalEvents":3,"clippedEvents":0}
[DebugBridge +54846061.7ms] wheel_scroll_motion {"eventCount":4,"rawAbsX":48,"rawAbsY":14,"rawX":-48,"rawY":-14,"clippedAbsX":48,"clippedAbsY":14,"clippedX":-48,"clippedY":-14,"requestedAppliedX":-44.3232,"requestedAppliedY":-12.9276,"appliedX":-16,"appliedY":-12.9276,"actualX":-16,"actualY":-13,"sensitivity":0.9234,"currentZoomForScroll":2.7007514886865858,"maxScrollStepX":16,"maxScrollStepY":16,"diagonalEvents":4,"clippedEvents":0}
[DebugBridge +54846093.1ms] wheel_scroll_motion {"eventCount":3,"rawAbsX":46,"rawAbsY":12,"rawX":-46,"rawY":-12,"clippedAbsX":46,"clippedAbsY":12,"clippedX":-46,"clippedY":-12,"requestedAppliedX":-42.4764,"requestedAppliedY":-11.0808,"appliedX":-16,"appliedY":-11.0808,"actualX":-16,"actualY":-11.5,"sensitivity":0.9234,"currentZoomForScroll":2.7007514886865858,"maxScrollStepX":16,"maxScrollStepY":16,"diagonalEvents":3,"clippedEvents":0}
[DebugBridge +54846120.3ms] wheel_scroll_motion {"eventCount":4,"rawAbsX":70,"rawAbsY":16,"rawX":-70,"rawY":-16,"clippedAbsX":70,"clippedAbsY":16,"clippedX":-70,"clippedY":-16,"requestedAppliedX":-64.638,"requestedAppliedY":-14.7744,"appliedX":-16.6212,"appliedY":-14.7744,"actualX":-17,"actualY":-15,"sensitivity":0.9234,"currentZoomForScroll":2.7007514886865858,"maxScrollStepX":16.6212,"maxScrollStepY":16,"diagonalEvents":4,"clippedEvents":0}
[DebugBridge +54846151.5ms] wheel_scroll_motion {"eventCount":3,"rawAbsX":46,"rawAbsY":12,"rawX":-46,"rawY":-12,"clippedAbsX":46,"clippedAbsY":12,"clippedX":-46,"clippedY":-12,"requestedAppliedX":-42.4764,"requestedAppliedY":-11.0808,"appliedX":-16,"appliedY":-11.0808,"actualX":-16,"actualY":-11.5,"sensitivity":0.9234,"currentZoomForScroll":2.7007514886865858,"maxScrollStepX":16,"maxScrollStepY":16,"diagonalEvents":3,"clippedEvents":0}
[DebugBridge +54846178.6ms] wheel_scroll_motion {"eventCount":4,"rawAbsX":54,"rawAbsY":16,"rawX":-54,"rawY":-16,"clippedAbsX":54,"clippedAbsY":16,"clippedX":-54,"clippedY":-16,"requestedAppliedX":-49.863600000000005,"requestedAppliedY":-14.7744,"appliedX":-16,"appliedY":-14.7744,"actualX":-16,"actualY":-15,"sensitivity":0.9234,"currentZoomForScroll":2.7007514886865858,"maxScrollStepX":16,"maxScrollStepY":16,"diagonalEvents":4,"clippedEvents":0}
[DebugBridge +54846212.2ms] wheel_scroll_motion {"eventCount":4,"rawAbsX":44,"rawAbsY":8,"rawX":-44,"rawY":-8,"clippedAbsX":44,"clippedAbsY":8,"clippedX":-44,"clippedY":-8,"requestedAppliedX":-40.6296,"requestedAppliedY":-7.3872,"appliedX":-16,"appliedY":-7.3872,"actualX":-16,"actualY":-7.5,"sensitivity":0.9234,"currentZoomForScroll":2.7007514886865858,"maxScrollStepX":16,"maxScrollStepY":16,"diagonalEvents":4,"clippedEvents":0}
[DebugBridge +54846245.0ms] wheel_scroll_motion {"eventCount":4,"rawAbsX":48,"rawAbsY":10,"rawX":-48,"rawY":-10,"clippedAbsX":48,"clippedAbsY":10,"clippedX":-48,"clippedY":-10,"requestedAppliedX":-44.3232,"requestedAppliedY":-9.234,"appliedX":-18.468,"appliedY":-9.234,"actualX":-18.5,"actualY":-9.5,"sensitivity":0.9234,"currentZoomForScroll":2.7007514886865858,"maxScrollStepX":18.468,"maxScrollStepY":16,"diagonalEvents":4,"clippedEvents":0}
[DebugBridge +54846278.3ms] wheel_scroll_motion {"eventCount":4,"rawAbsX":32,"rawAbsY":8,"rawX":-32,"rawY":-8,"clippedAbsX":32,"clippedAbsY":8,"clippedX":-32,"clippedY":-8,"requestedAppliedX":-29.5488,"requestedAppliedY":-7.3872,"appliedX":-16,"appliedY":-7.3872,"actualX":-16,"actualY":-7.5,"sensitivity":0.9234,"currentZoomForScroll":2.7007514886865858,"maxScrollStepX":16,"maxScrollStepY":16,"diagonalEvents":4,"clippedEvents":0}
[DebugBridge +54846311.8ms] wheel_scroll_motion {"eventCount":4,"rawAbsX":24,"rawAbsY":8,"rawX":-24,"rawY":-8,"clippedAbsX":24,"clippedAbsY":8,"clippedX":-24,"clippedY":-8,"requestedAppliedX":-22.1616,"requestedAppliedY":-7.3872,"appliedX":-16,"appliedY":-7.3872,"actualX":-16,"actualY":-7.5,"sensitivity":0.9234,"currentZoomForScroll":2.7007514886865858,"maxScrollStepX":16,"maxScrollStepY":16,"diagonalEvents":4,"clippedEvents":0}
[DebugBridge +54846342.8ms] wheel_scroll_motion {"eventCount":3,"rawAbsX":18,"rawAbsY":6,"rawX":-18,"rawY":-6,"clippedAbsX":18,"clippedAbsY":6,"clippedX":-18,"clippedY":-6,"requestedAppliedX":-16.6212,"requestedAppliedY":-5.5404,"appliedX":-16,"appliedY":-5.5404,"actualX":-16,"actualY":-6,"sensitivity":0.9234,"currentZoomForScroll":2.7007514886865858,"maxScrollStepX":16,"maxScrollStepY":16,"diagonalEvents":3,"clippedEvents":0}
[DebugBridge +54846370.0ms] wheel_scroll_motion {"eventCount":2,"rawAbsX":12,"rawAbsY":4,"rawX":-12,"rawY":-4,"clippedAbsX":12,"clippedAbsY":4,"clippedX":-12,"clippedY":-4,"requestedAppliedX":-11.0808,"requestedAppliedY":-3.6936,"appliedX":-11.0808,"appliedY":-3.6936,"actualX":-11.5,"actualY":-4,"sensitivity":0.9234,"currentZoomForScroll":2.7007514886865858,"maxScrollStepX":16,"maxScrollStepY":16,"diagonalEvents":2,"clippedEvents":0}
[DebugBridge +54846469.8ms] wheel_scroll_motion {"eventCount":4,"rawAbsX":46,"rawAbsY":10,"rawX":-46,"rawY":-10,"clippedAbsX":46,"clippedAbsY":10,"clippedX":-46,"clippedY":-10,"requestedAppliedX":-42.573600000000006,"requestedAppliedY":-9.234,"appliedX":-16.6212,"appliedY":-9.234,"actualX":-17,"actualY":-9.5,"sensitivity":0.9234,"currentZoomForScroll":2.7007514886865858,"maxScrollStepX":16.6212,"maxScrollStepY":16,"diagonalEvents":3,"clippedEvents":0}
[DebugBridge +54846501.1ms] wheel_scroll_motion {"eventCount":3,"rawAbsX":68,"rawAbsY":6,"rawX":-68,"rawY":-6,"clippedAbsX":68,"clippedAbsY":6,"clippedX":-68,"clippedY":-6,"requestedAppliedX":-62.791199999999996,"requestedAppliedY":-5.5404,"appliedX":-24.0084,"appliedY":-5.5404,"actualX":-24.5,"actualY":-6,"sensitivity":0.9234,"currentZoomForScroll":2.7007514886865858,"maxScrollStepX":24.0084,"maxScrollStepY":16,"diagonalEvents":3,"clippedEvents":0}
[DebugBridge +54846530.4ms] wheel_scroll_motion {"eventCount":4,"rawAbsX":90,"rawAbsY":8,"rawX":-90,"rawY":8,"clippedAbsX":90,"clippedAbsY":8,"clippedX":-90,"clippedY":8,"requestedAppliedX":-83.8836,"requestedAppliedY":7.3872,"appliedX":-29.5488,"appliedY":7.3872,"actualX":-30,"actualY":7,"sensitivity":0.9234,"currentZoomForScroll":2.7007514886865858,"maxScrollStepX":29.5488,"maxScrollStepY":16,"diagonalEvents":3,"clippedEvents":0}
[DebugBridge +54846563.0ms] wheel_scroll_motion {"eventCount":4,"rawAbsX":70,"rawAbsY":12,"rawX":-70,"rawY":12,"clippedAbsX":70,"clippedAbsY":12,"clippedX":-70,"clippedY":12,"requestedAppliedX":-65.3184,"requestedAppliedY":11.0808,"appliedX":-20.314799999999998,"appliedY":11.0808,"actualX":-20.5,"actualY":11,"sensitivity":0.9720000000000001,"currentZoomForScroll":2.7007514886865858,"maxScrollStepX":20.314799999999998,"maxScrollStepY":16,"diagonalEvents":3,"clippedEvents":0}
[DebugBridge +54846596.3ms] wheel_scroll_motion {"eventCount":4,"rawAbsX":132,"rawAbsY":0,"rawX":-132,"rawY":0,"clippedAbsX":132,"clippedAbsY":0,"clippedX":-132,"clippedY":0,"requestedAppliedX":-128.30400000000003,"requestedAppliedY":0,"appliedX":-34.992000000000004,"appliedY":0,"actualX":-35,"actualY":0,"sensitivity":0.9720000000000001,"currentZoomForScroll":2.7007514886865858,"maxScrollStepX":34.992000000000004,"maxScrollStepY":16,"diagonalEvents":0,"clippedEvents":0}
[DebugBridge +54846628.6ms] wheel_scroll_motion {"eventCount":4,"rawAbsX":162,"rawAbsY":0,"rawX":-162,"rawY":0,"clippedAbsX":162,"clippedAbsY":0,"clippedX":-162,"clippedY":0,"requestedAppliedX":-157.464,"requestedAppliedY":0,"appliedX":-42.768,"appliedY":0,"actualX":-43,"actualY":0,"sensitivity":0.9720000000000001,"currentZoomForScroll":2.7007514886865858,"maxScrollStepX":42.768,"maxScrollStepY":16,"diagonalEvents":0,"clippedEvents":0}
[DebugBridge +54846663.0ms] wheel_scroll_motion {"eventCount":4,"rawAbsX":160,"rawAbsY":0,"rawX":-160,"rawY":0,"clippedAbsX":160,"clippedAbsY":0,"clippedX":-160,"clippedY":0,"requestedAppliedX":-155.52,"requestedAppliedY":0,"appliedX":-40.824000000000005,"appliedY":0,"actualX":-41,"actualY":0,"sensitivity":0.9720000000000001,"currentZoomForScroll":2.7007514886865858,"maxScrollStepX":40.824000000000005,"maxScrollStepY":16,"diagonalEvents":0,"clippedEvents":0}
[DebugBridge +54846693.2ms] wheel_scroll_motion {"eventCount":4,"rawAbsX":132,"rawAbsY":0,"rawX":-132,"rawY":0,"clippedAbsX":132,"clippedAbsY":0,"clippedX":-132,"clippedY":0,"requestedAppliedX":-128.304,"requestedAppliedY":0,"appliedX":-33.048,"appliedY":0,"actualX":-33.5,"actualY":0,"sensitivity":0.9720000000000001,"currentZoomForScroll":2.7007514886865858,"maxScrollStepX":33.048,"maxScrollStepY":16,"diagonalEvents":0,"clippedEvents":0}
[DebugBridge +54846728.1ms] wheel_scroll_motion {"eventCount":4,"rawAbsX":112,"rawAbsY":0,"rawX":-112,"rawY":0,"clippedAbsX":112,"clippedAbsY":0,"clippedX":-112,"clippedY":0,"requestedAppliedX":-108.86400000000002,"requestedAppliedY":0,"appliedX":-29.160000000000004,"appliedY":0,"actualX":-29.5,"actualY":0,"sensitivity":0.9720000000000001,"currentZoomForScroll":2.7007514886865858,"maxScrollStepX":29.160000000000004,"maxScrollStepY":16,"diagonalEvents":0,"clippedEvents":0}
[DebugBridge +54846762.0ms] wheel_scroll_motion {"eventCount":4,"rawAbsX":94,"rawAbsY":0,"rawX":-94,"rawY":0,"clippedAbsX":94,"clippedAbsY":0,"clippedX":-94,"clippedY":0,"requestedAppliedX":-91.36800000000001,"requestedAppliedY":0,"appliedX":-25.272000000000002,"appliedY":0,"actualX":-25.5,"actualY":0,"sensitivity":0.9720000000000001,"currentZoomForScroll":2.7007514886865858,"maxScrollStepX":25.272000000000002,"maxScrollStepY":16,"diagonalEvents":0,"clippedEvents":0}
[DebugBridge +54846795.7ms] wheel_scroll_motion {"eventCount":4,"rawAbsX":80,"rawAbsY":0,"rawX":-80,"rawY":0,"clippedAbsX":80,"clippedAbsY":0,"clippedX":-80,"clippedY":0,"requestedAppliedX":-77.75999999999999,"requestedAppliedY":0,"appliedX":-21.384,"appliedY":0,"actualX":-21.5,"actualY":0,"sensitivity":0.9720000000000001,"currentZoomForScroll":2.7007514886865858,"maxScrollStepX":21.384,"maxScrollStepY":16,"diagonalEvents":0,"clippedEvents":0}
[DebugBridge +54846828.5ms] wheel_scroll_motion {"eventCount":4,"rawAbsX":66,"rawAbsY":0,"rawX":-66,"rawY":0,"clippedAbsX":66,"clippedAbsY":0,"clippedX":-66,"clippedY":0,"requestedAppliedX":-64.152,"requestedAppliedY":0,"appliedX":-17.496000000000002,"appliedY":0,"actualX":-17.5,"actualY":0,"sensitivity":0.9720000000000001,"currentZoomForScroll":2.7007514886865858,"maxScrollStepX":17.496000000000002,"maxScrollStepY":16,"diagonalEvents":0,"clippedEvents":0}
[DebugBridge +54846861.5ms] wheel_scroll_motion {"eventCount":4,"rawAbsX":58,"rawAbsY":0,"rawX":-58,"rawY":0,"clippedAbsX":58,"clippedAbsY":0,"clippedX":-58,"clippedY":0,"requestedAppliedX":-56.376000000000005,"requestedAppliedY":0,"appliedX":-16,"appliedY":0,"actualX":-16,"actualY":0,"sensitivity":0.9720000000000001,"currentZoomForScroll":2.7007514886865858,"maxScrollStepX":16,"maxScrollStepY":16,"diagonalEvents":0,"clippedEvents":0}
[DebugBridge +54846896.3ms] wheel_scroll_motion {"eventCount":4,"rawAbsX":48,"rawAbsY":0,"rawX":-48,"rawY":0,"clippedAbsX":48,"clippedAbsY":0,"clippedX":-48,"clippedY":0,"requestedAppliedX":-46.656000000000006,"requestedAppliedY":0,"appliedX":-16,"appliedY":0,"actualX":-16,"actualY":0,"sensitivity":0.9720000000000001,"currentZoomForScroll":2.7007514886865858,"maxScrollStepX":16,"maxScrollStepY":16,"diagonalEvents":0,"clippedEvents":0}
[DebugBridge +54846928.2ms] wheel_scroll_motion {"eventCount":4,"rawAbsX":38,"rawAbsY":0,"rawX":-38,"rawY":0,"clippedAbsX":38,"clippedAbsY":0,"clippedX":-38,"clippedY":0,"requestedAppliedX":-36.93600000000001,"requestedAppliedY":0,"appliedX":-16,"appliedY":0,"actualX":-16,"actualY":0,"sensitivity":0.9720000000000001,"currentZoomForScroll":2.7007514886865858,"maxScrollStepX":16,"maxScrollStepY":16,"diagonalEvents":0,"clippedEvents":0}
[DebugBridge +54846961.8ms] wheel_scroll_motion {"eventCount":3,"rawAbsX":24,"rawAbsY":0,"rawX":-24,"rawY":0,"clippedAbsX":24,"clippedAbsY":0,"clippedX":-24,"clippedY":0,"requestedAppliedX":-23.328000000000003,"requestedAppliedY":0,"appliedX":-16,"appliedY":0,"actualX":-16,"actualY":0,"sensitivity":0.9720000000000001,"currentZoomForScroll":2.7007514886865858,"maxScrollStepX":16,"maxScrollStepY":16,"diagonalEvents":0,"clippedEvents":0}
[DebugBridge +54847154.1ms] wheel_scroll_motion {"eventCount":4,"rawAbsX":8,"rawAbsY":20,"rawX":-8,"rawY":-20,"clippedAbsX":8,"clippedAbsY":20,"clippedX":-8,"clippedY":-20,"requestedAppliedX":-7.3872,"requestedAppliedY":-18.5652,"appliedX":-7.3872,"appliedY":-16,"actualX":-7.5,"actualY":-16,"sensitivity":0.9234,"currentZoomForScroll":2.7007514886865858,"maxScrollStepX":16,"maxScrollStepY":16,"diagonalEvents":3,"clippedEvents":0}
[DebugBridge +54847187.0ms] wheel_scroll_motion {"eventCount":4,"rawAbsX":28,"rawAbsY":54,"rawX":-28,"rawY":-54,"clippedAbsX":28,"clippedAbsY":54,"clippedX":-28,"clippedY":-54,"requestedAppliedX":-25.855200000000004,"requestedAppliedY":-49.863600000000005,"appliedX":-16,"appliedY":-16.6212,"actualX":-16,"actualY":-17,"sensitivity":0.9234,"currentZoomForScroll":2.7007514886865858,"maxScrollStepX":16,"maxScrollStepY":16.6212,"diagonalEvents":4,"clippedEvents":0}
[SVGAnnotationLayer] setRotInputVisible(false) reason=selectedIds.size !== 1
[SVGAnnotationLayer] setRotInputVisible(false) reason=selectedIds.size !== 1
[SVGAnnotationLayer] setRotInputVisible(false) reason=selectedIds.size !== 1
[SVGAnnotationLayer] setRotInputVisible(false) reason=selectedIds.size !== 1
[DebugBridge +54847428.2ms] wheel_scroll_motion {"eventCount":5,"rawAbsX":230,"rawAbsY":370,"rawX":-230,"rawY":-370,"clippedAbsX":230,"clippedAbsY":277.8691077381394,"clippedX":-230,"clippedY":-277.8691077381394,"requestedAppliedX":-212.382,"requestedAppliedY":-256.5843340853979,"appliedX":-120.042,"appliedY":-123.6147340853979,"actualX":-120.5,"actualY":-124,"sensitivity":0.9234,"currentZoomForScroll":2.7007514886865858,"maxScrollStepX":120.042,"maxScrollStepY":123.6147340853979,"diagonalEvents":5,"clippedEvents":1}
[DebugBridge +54847576.9ms] wheel_scroll_motion {"eventCount":6,"rawAbsX":92,"rawAbsY":142,"rawX":-92,"rawY":-142,"clippedAbsX":92,"clippedAbsY":142,"clippedX":-92,"clippedY":-142,"requestedAppliedX":-84.95280000000001,"requestedAppliedY":-131.1228,"appliedX":-53.5572,"appliedY":-83.106,"actualX":-54,"actualY":-83.5,"sensitivity":0.9234,"currentZoomForScroll":2.7007514886865858,"maxScrollStepX":53.5572,"maxScrollStepY":83.106,"diagonalEvents":6,"clippedEvents":0}
[DebugBridge +54847629.7ms] wheel_scroll_motion {"eventCount":3,"rawAbsX":12,"rawAbsY":16,"rawX":-12,"rawY":-16,"clippedAbsX":12,"clippedAbsY":16,"clippedX":-12,"clippedY":-16,"requestedAppliedX":-11.0808,"requestedAppliedY":-14.7744,"appliedX":-11.0808,"appliedY":-14.7744,"actualX":-11.5,"actualY":-15,"sensitivity":0.9234,"currentZoomForScroll":2.7007514886865858,"maxScrollStepX":16,"maxScrollStepY":16,"diagonalEvents":3,"clippedEvents":0}
[DebugBridge +54847784.6ms] wheel_scroll_motion {"eventCount":3,"rawAbsX":4,"rawAbsY":6,"rawX":-4,"rawY":-6,"clippedAbsX":4,"clippedAbsY":6,"clippedX":-4,"clippedY":-6,"requestedAppliedX":-3.6936,"requestedAppliedY":-5.6376,"appliedX":-3.6936,"appliedY":-5.6376,"actualX":-4,"actualY":-6,"sensitivity":0.9234,"currentZoomForScroll":2.7007514886865858,"maxScrollStepX":16,"maxScrollStepY":16,"diagonalEvents":2,"clippedEvents":0}
[DebugBridge +54847809.8ms] wheel_scroll_motion {"eventCount":3,"rawAbsX":10,"rawAbsY":10,"rawX":-10,"rawY":-10,"clippedAbsX":10,"clippedAbsY":10,"clippedX":-10,"clippedY":-10,"requestedAppliedX":-9.234,"requestedAppliedY":-9.234,"appliedX":-9.234,"appliedY":-9.234,"actualX":-9.5,"actualY":-9.5,"sensitivity":0.9234,"currentZoomForScroll":2.7007514886865858,"maxScrollStepX":16,"maxScrollStepY":16,"diagonalEvents":3,"clippedEvents":0}
[DebugBridge +54847836.5ms] wheel_scroll_motion {"eventCount":4,"rawAbsX":16,"rawAbsY":16,"rawX":-16,"rawY":-16,"clippedAbsX":16,"clippedAbsY":16,"clippedX":-16,"clippedY":-16,"requestedAppliedX":-14.7744,"requestedAppliedY":-14.7744,"appliedX":-14.7744,"appliedY":-14.7744,"actualX":-15,"actualY":-15,"sensitivity":0.9234,"currentZoomForScroll":2.7007514886865858,"maxScrollStepX":16,"maxScrollStepY":16,"diagonalEvents":4,"clippedEvents":0}
[DebugBridge +54847868.1ms] wheel_scroll_motion {"eventCount":3,"rawAbsX":14,"rawAbsY":14,"rawX":-14,"rawY":-14,"clippedAbsX":14,"clippedAbsY":14,"clippedX":-14,"clippedY":-14,"requestedAppliedX":-12.9276,"requestedAppliedY":-12.9276,"appliedX":-12.9276,"appliedY":-12.9276,"actualX":-13,"actualY":-13,"sensitivity":0.9234,"currentZoomForScroll":2.7007514886865858,"maxScrollStepX":16,"maxScrollStepY":16,"diagonalEvents":3,"clippedEvents":0}
[DebugBridge +54847894.6ms] wheel_scroll_motion {"eventCount":4,"rawAbsX":8,"rawAbsY":6,"rawX":-8,"rawY":-6,"clippedAbsX":8,"clippedAbsY":6,"clippedX":-8,"clippedY":-6,"requestedAppliedX":-7.4844,"requestedAppliedY":-5.6376,"appliedX":-7.4844,"appliedY":-5.6376,"actualX":-7.5,"actualY":-6,"sensitivity":0.9720000000000001,"currentZoomForScroll":2.7007514886865858,"maxScrollStepX":16,"maxScrollStepY":16,"diagonalEvents":2,"clippedEvents":0}
[DebugBridge +54847927.4ms] wheel_scroll_motion {"eventCount":3,"rawAbsX":4,"rawAbsY":4,"rawX":-4,"rawY":-4,"clippedAbsX":4,"clippedAbsY":4,"clippedX":-4,"clippedY":-4,"requestedAppliedX":-3.8880000000000003,"requestedAppliedY":-3.8880000000000003,"appliedX":-3.8880000000000003,"appliedY":-3.8880000000000003,"actualX":-4,"actualY":-4,"sensitivity":0.9720000000000001,"currentZoomForScroll":2.7007514886865858,"maxScrollStepX":16,"maxScrollStepY":16,"diagonalEvents":0,"clippedEvents":0}
[DebugBridge +54847976.0ms] wheel_scroll_motion {"eventCount":2,"rawAbsX":4,"rawAbsY":0,"rawX":-4,"rawY":0,"clippedAbsX":4,"clippedAbsY":0,"clippedX":-4,"clippedY":0,"requestedAppliedX":-3.8880000000000003,"requestedAppliedY":0,"appliedX":-3.8880000000000003,"appliedY":0,"actualX":-4,"actualY":0,"sensitivity":0.9720000000000001,"currentZoomForScroll":2.7007514886865858,"maxScrollStepX":16,"maxScrollStepY":16,"diagonalEvents":0,"clippedEvents":0}
[DebugBridge +54848499.4ms] wheel_scroll_motion {"eventCount":4,"rawAbsX":12,"rawAbsY":0,"rawX":-12,"rawY":0,"clippedAbsX":12,"clippedAbsY":0,"clippedX":-12,"clippedY":0,"requestedAppliedX":-11.664000000000001,"requestedAppliedY":0,"appliedX":-11.664000000000001,"appliedY":0,"actualX":-12,"actualY":0,"sensitivity":0.9720000000000001,"currentZoomForScroll":2.7007514886865858,"maxScrollStepX":16,"maxScrollStepY":16,"diagonalEvents":0,"clippedEvents":0}
[DebugBridge +54848532.2ms] wheel_scroll_motion {"eventCount":4,"rawAbsX":24,"rawAbsY":8,"rawX":-24,"rawY":8,"clippedAbsX":24,"clippedAbsY":8,"clippedX":-24,"clippedY":8,"requestedAppliedX":-22.356,"requestedAppliedY":7.3872,"appliedX":-16,"appliedY":7.3872,"actualX":-16,"actualY":7,"sensitivity":0.9234,"currentZoomForScroll":2.7007514886865858,"maxScrollStepX":16,"maxScrollStepY":16,"diagonalEvents":3,"clippedEvents":0}
[DebugBridge +54848565.6ms] wheel_scroll_motion {"eventCount":4,"rawAbsX":46,"rawAbsY":14,"rawX":-46,"rawY":14,"clippedAbsX":46,"clippedAbsY":14,"clippedX":-46,"clippedY":14,"requestedAppliedX":-42.4764,"requestedAppliedY":12.9276,"appliedX":-16,"appliedY":12.9276,"actualX":-16,"actualY":12.5,"sensitivity":0.9234,"currentZoomForScroll":2.7007514886865858,"maxScrollStepX":16,"maxScrollStepY":16,"diagonalEvents":4,"clippedEvents":0}
[DebugBridge +54848599.9ms] wheel_scroll_motion {"eventCount":4,"rawAbsX":60,"rawAbsY":6,"rawX":-60,"rawY":6,"clippedAbsX":60,"clippedAbsY":6,"clippedX":-60,"clippedY":6,"requestedAppliedX":-55.9872,"requestedAppliedY":5.5404,"appliedX":-20.314799999999998,"appliedY":5.5404,"actualX":-20.5,"actualY":5.5,"sensitivity":0.9720000000000001,"currentZoomForScroll":2.7007514886865858,"maxScrollStepX":20.314799999999998,"maxScrollStepY":16,"diagonalEvents":3,"clippedEvents":0}
[DebugBridge +54848632.8ms] wheel_scroll_motion {"eventCount":4,"rawAbsX":48,"rawAbsY":6,"rawX":-48,"rawY":-6,"clippedAbsX":48,"clippedAbsY":6,"clippedX":-48,"clippedY":-6,"requestedAppliedX":-44.906400000000005,"requestedAppliedY":-5.5404,"appliedX":-16,"appliedY":-5.5404,"actualX":-16,"actualY":-6,"sensitivity":0.9234,"currentZoomForScroll":2.7007514886865858,"maxScrollStepX":16,"maxScrollStepY":16,"diagonalEvents":3,"clippedEvents":0}
[DebugBridge +54848666.4ms] wheel_scroll_motion {"eventCount":4,"rawAbsX":28,"rawAbsY":8,"rawX":-28,"rawY":-8,"clippedAbsX":28,"clippedAbsY":8,"clippedX":-28,"clippedY":-8,"requestedAppliedX":-26.1468,"requestedAppliedY":-7.3872,"appliedX":-16,"appliedY":-7.3872,"actualX":-16,"actualY":-7.5,"sensitivity":0.9234,"currentZoomForScroll":2.7007514886865858,"maxScrollStepX":16,"maxScrollStepY":16,"diagonalEvents":3,"clippedEvents":0}
[DebugBridge +54848696.8ms] wheel_scroll_motion {"eventCount":3,"rawAbsX":18,"rawAbsY":2,"rawX":-18,"rawY":-2,"clippedAbsX":18,"clippedAbsY":2,"clippedX":-18,"clippedY":-2,"requestedAppliedX":-17.2044,"requestedAppliedY":-1.8468,"appliedX":-16,"appliedY":-1.8468,"actualX":-16,"actualY":-2,"sensitivity":0.9720000000000001,"currentZoomForScroll":2.7007514886865858,"maxScrollStepX":16,"maxScrollStepY":16,"diagonalEvents":1,"clippedEvents":0}
[DebugBridge +54848724.9ms] wheel_scroll_motion {"eventCount":4,"rawAbsX":40,"rawAbsY":0,"rawX":-40,"rawY":0,"clippedAbsX":40,"clippedAbsY":0,"clippedX":-40,"clippedY":0,"requestedAppliedX":-38.88,"requestedAppliedY":0,"appliedX":-16,"appliedY":0,"actualX":-16,"actualY":0,"sensitivity":0.9720000000000001,"currentZoomForScroll":2.7007514886865858,"maxScrollStepX":16,"maxScrollStepY":16,"diagonalEvents":0,"clippedEvents":0}
[DebugBridge +54848757.5ms] wheel_scroll_motion {"eventCount":4,"rawAbsX":42,"rawAbsY":0,"rawX":-42,"rawY":0,"clippedAbsX":42,"clippedAbsY":0,"clippedX":-42,"clippedY":0,"requestedAppliedX":-40.824000000000005,"requestedAppliedY":0,"appliedX":-16,"appliedY":0,"actualX":-16,"actualY":0,"sensitivity":0.9720000000000001,"currentZoomForScroll":2.7007514886865858,"maxScrollStepX":16,"maxScrollStepY":16,"diagonalEvents":0,"clippedEvents":0}
[DebugBridge +54848792.1ms] wheel_scroll_motion {"eventCount":4,"rawAbsX":40,"rawAbsY":0,"rawX":-40,"rawY":0,"clippedAbsX":40,"clippedAbsY":0,"clippedX":-40,"clippedY":0,"requestedAppliedX":-38.88,"requestedAppliedY":0,"appliedX":-16,"appliedY":0,"actualX":-16,"actualY":0,"sensitivity":0.9720000000000001,"currentZoomForScroll":2.7007514886865858,"maxScrollStepX":16,"maxScrollStepY":16,"diagonalEvents":0,"clippedEvents":0}
[DebugBridge +54848821.9ms] wheel_scroll_motion {"eventCount":3,"rawAbsX":24,"rawAbsY":0,"rawX":-24,"rawY":0,"clippedAbsX":24,"clippedAbsY":0,"clippedX":-24,"clippedY":0,"requestedAppliedX":-23.328000000000003,"requestedAppliedY":0,"appliedX":-16,"appliedY":0,"actualX":-16,"actualY":0,"sensitivity":0.9720000000000001,"currentZoomForScroll":2.7007514886865858,"maxScrollStepX":16,"maxScrollStepY":16,"diagonalEvents":0,"clippedEvents":0}
[DebugBridge +54848849.7ms] wheel_scroll_motion {"eventCount":4,"rawAbsX":30,"rawAbsY":0,"rawX":-30,"rawY":0,"clippedAbsX":30,"clippedAbsY":0,"clippedX":-30,"clippedY":0,"requestedAppliedX":-29.160000000000004,"requestedAppliedY":0,"appliedX":-16,"appliedY":0,"actualX":-16,"actualY":0,"sensitivity":0.9720000000000001,"currentZoomForScroll":2.7007514886865858,"maxScrollStepX":16,"maxScrollStepY":16,"diagonalEvents":0,"clippedEvents":0}
[DebugBridge +54848880.4ms] wheel_scroll_motion {"eventCount":3,"rawAbsX":18,"rawAbsY":0,"rawX":-18,"rawY":0,"clippedAbsX":18,"clippedAbsY":0,"clippedX":-18,"clippedY":0,"requestedAppliedX":-17.496000000000002,"requestedAppliedY":0,"appliedX":-16,"appliedY":0,"actualX":-16,"actualY":0,"sensitivity":0.9720000000000001,"currentZoomForScroll":2.7007514886865858,"maxScrollStepX":16,"maxScrollStepY":16,"diagonalEvents":0,"clippedEvents":0}
[DebugBridge +54848912.2ms] wheel_scroll_motion {"eventCount":4,"rawAbsX":24,"rawAbsY":0,"rawX":-24,"rawY":0,"clippedAbsX":24,"clippedAbsY":0,"clippedX":-24,"clippedY":0,"requestedAppliedX":-23.328000000000003,"requestedAppliedY":0,"appliedX":-16,"appliedY":0,"actualX":-16,"actualY":0,"sensitivity":0.9720000000000001,"currentZoomForScroll":2.7007514886865858,"maxScrollStepX":16,"maxScrollStepY":16,"diagonalEvents":0,"clippedEvents":0}
[DebugBridge +54848938.5ms] wheel_scroll_motion {"eventCount":3,"rawAbsX":22,"rawAbsY":0,"rawX":-22,"rawY":0,"clippedAbsX":22,"clippedAbsY":0,"clippedX":-22,"clippedY":0,"requestedAppliedX":-21.384000000000004,"requestedAppliedY":0,"appliedX":-16,"appliedY":0,"actualX":-16,"actualY":0,"sensitivity":0.9720000000000001,"currentZoomForScroll":2.7007514886865858,"maxScrollStepX":16,"maxScrollStepY":16,"diagonalEvents":0,"clippedEvents":0}
[DebugBridge +54848964.2ms] wheel_scroll_motion {"eventCount":2,"rawAbsX":8,"rawAbsY":0,"rawX":-8,"rawY":0,"clippedAbsX":8,"clippedAbsY":0,"clippedX":-8,"clippedY":0,"requestedAppliedX":-7.776000000000001,"requestedAppliedY":0,"appliedX":-7.776000000000001,"appliedY":0,"actualX":-8,"actualY":0,"sensitivity":0.9720000000000001,"currentZoomForScroll":2.7007514886865858,"maxScrollStepX":16,"maxScrollStepY":16,"diagonalEvents":0,"clippedEvents":0}
[DebugBridge +54848990.4ms] wheel_scroll_motion {"eventCount":3,"rawAbsX":12,"rawAbsY":0,"rawX":-12,"rawY":0,"clippedAbsX":12,"clippedAbsY":0,"clippedX":-12,"clippedY":0,"requestedAppliedX":-11.664000000000001,"requestedAppliedY":0,"appliedX":-11.664000000000001,"appliedY":0,"actualX":-12,"actualY":0,"sensitivity":0.9720000000000001,"currentZoomForScroll":2.7007514886865858,"maxScrollStepX":16,"maxScrollStepY":16,"diagonalEvents":0,"clippedEvents":0}
[DebugBridge +54849058.3ms] wheel_scroll_motion {"eventCount":4,"rawAbsX":24,"rawAbsY":8,"rawX":-24,"rawY":-8,"clippedAbsX":24,"clippedAbsY":8,"clippedX":-24,"clippedY":-8,"requestedAppliedX":-22.2588,"requestedAppliedY":-7.3872,"appliedX":-16,"appliedY":-7.3872,"actualX":-16,"actualY":-7.5,"sensitivity":0.9234,"currentZoomForScroll":2.7007514886865858,"maxScrollStepX":16,"maxScrollStepY":16,"diagonalEvents":3,"clippedEvents":0}
[DebugBridge +54849088.6ms] wheel_scroll_motion {"eventCount":3,"rawAbsX":70,"rawAbsY":24,"rawX":-70,"rawY":-24,"clippedAbsX":70,"clippedAbsY":24,"clippedX":-70,"clippedY":-24,"requestedAppliedX":-64.638,"requestedAppliedY":-22.1616,"appliedX":-25.8552,"appliedY":-16,"actualX":-26,"actualY":-16,"sensitivity":0.9234,"currentZoomForScroll":2.7007514886865858,"maxScrollStepX":25.8552,"maxScrollStepY":16,"diagonalEvents":3,"clippedEvents":0}
[DebugBridge +54849116.2ms] wheel_scroll_motion {"eventCount":4,"rawAbsX":132,"rawAbsY":36,"rawX":-132,"rawY":-36,"clippedAbsX":132,"clippedAbsY":36,"clippedX":-132,"clippedY":-36,"requestedAppliedX":-121.8888,"requestedAppliedY":-33.2424,"appliedX":-51.7104,"appliedY":-16,"actualX":-52,"actualY":-16,"sensitivity":0.9234,"currentZoomForScroll":2.7007514886865858,"maxScrollStepX":51.7104,"maxScrollStepY":16,"diagonalEvents":4,"clippedEvents":0}
[DebugBridge +54849147.2ms] wheel_scroll_motion {"eventCount":3,"rawAbsX":130,"rawAbsY":26,"rawX":-130,"rawY":-26,"clippedAbsX":130,"clippedAbsY":26,"clippedX":-130,"clippedY":-26,"requestedAppliedX":-120.042,"requestedAppliedY":-24.0084,"appliedX":-49.8636,"appliedY":-16,"actualX":-50,"actualY":-16,"sensitivity":0.9234,"currentZoomForScroll":2.7007514886865858,"maxScrollStepX":49.8636,"maxScrollStepY":16,"diagonalEvents":3,"clippedEvents":0}
[DebugBridge +54849174.5ms] wheel_scroll_motion {"eventCount":4,"rawAbsX":242,"rawAbsY":40,"rawX":-242,"rawY":-40,"clippedAbsX":242,"clippedAbsY":40,"clippedX":-242,"clippedY":-40,"requestedAppliedX":-223.4628,"requestedAppliedY":-36.936,"appliedX":-57.2508,"appliedY":-16,"actualX":-57.5,"actualY":-16,"sensitivity":0.9234,"currentZoomForScroll":2.7007514886865858,"maxScrollStepX":57.2508,"maxScrollStepY":16,"diagonalEvents":4,"clippedEvents":0}
[DebugBridge +54849205.6ms] wheel_scroll_motion {"eventCount":3,"rawAbsX":196,"rawAbsY":34,"rawX":-196,"rawY":-34,"clippedAbsX":196,"clippedAbsY":34,"clippedX":-196,"clippedY":-34,"requestedAppliedX":-180.9864,"requestedAppliedY":-31.395599999999998,"appliedX":-62.7912,"appliedY":-16,"actualX":-63,"actualY":-16,"sensitivity":0.9234,"currentZoomForScroll":2.7007514886865858,"maxScrollStepX":62.7912,"maxScrollStepY":16,"diagonalEvents":3,"clippedEvents":0}
[DebugBridge +54849230.3ms] wheel_scroll_motion {"eventCount":3,"rawAbsX":176,"rawAbsY":30,"rawX":-176,"rawY":-30,"clippedAbsX":176,"clippedAbsY":30,"clippedX":-176,"clippedY":-30,"requestedAppliedX":-162.51839999999999,"requestedAppliedY":-27.701999999999998,"appliedX":-55.403999999999996,"appliedY":-16,"actualX":-55.5,"actualY":-16,"sensitivity":0.9234,"currentZoomForScroll":2.7007514886865858,"maxScrollStepX":55.403999999999996,"maxScrollStepY":16,"diagonalEvents":3,"clippedEvents":0}
[DebugBridge +54849257.9ms] wheel_scroll_motion {"eventCount":4,"rawAbsX":208,"rawAbsY":34,"rawX":-208,"rawY":-34,"clippedAbsX":208,"clippedAbsY":34,"clippedX":-208,"clippedY":-34,"requestedAppliedX":-192.0672,"requestedAppliedY":-31.3956,"appliedX":-49.8636,"appliedY":-16,"actualX":-50,"actualY":-16,"sensitivity":0.9234,"currentZoomForScroll":2.7007514886865858,"maxScrollStepX":49.8636,"maxScrollStepY":16,"diagonalEvents":4,"clippedEvents":0}
[DebugBridge +54849289.2ms] wheel_scroll_motion {"eventCount":3,"rawAbsX":136,"rawAbsY":24,"rawX":-136,"rawY":-24,"clippedAbsX":136,"clippedAbsY":24,"clippedX":-136,"clippedY":-24,"requestedAppliedX":-125.5824,"requestedAppliedY":-22.1616,"appliedX":-44.3232,"appliedY":-16,"actualX":-44.5,"actualY":-16,"sensitivity":0.9234,"currentZoomForScroll":2.7007514886865858,"maxScrollStepX":44.3232,"maxScrollStepY":16,"diagonalEvents":3,"clippedEvents":0}
[DebugBridge +54849315.5ms] wheel_scroll_motion {"eventCount":4,"rawAbsX":160,"rawAbsY":24,"rawX":-160,"rawY":-24,"clippedAbsX":160,"clippedAbsY":24,"clippedX":-160,"clippedY":-24,"requestedAppliedX":-147.744,"requestedAppliedY":-22.1616,"appliedX":-38.7828,"appliedY":-16,"actualX":-39,"actualY":-16,"sensitivity":0.9234,"currentZoomForScroll":2.7007514886865858,"maxScrollStepX":38.7828,"maxScrollStepY":16,"diagonalEvents":4,"clippedEvents":0}
[DebugBridge +54849348.6ms] wheel_scroll_motion {"eventCount":2,"rawAbsX":36,"rawAbsY":8,"rawX":-36,"rawY":-4,"clippedAbsX":36,"clippedAbsY":8,"clippedX":-36,"clippedY":-4,"requestedAppliedX":-33.2424,"requestedAppliedY":-3.5964,"appliedX":-33.2424,"appliedY":-3.5964,"actualX":-33.5,"actualY":-4,"sensitivity":0.9720000000000001,"currentZoomForScroll":2.7007514886865858,"maxScrollStepX":33.2424,"maxScrollStepY":16,"diagonalEvents":1,"clippedEvents":0}
[DebugBridge +54849380.7ms] wheel_scroll_motion {"eventCount":3,"rawAbsX":10,"rawAbsY":22,"rawX":10,"rawY":22,"clippedAbsX":10,"clippedAbsY":22,"clippedX":10,"clippedY":22,"requestedAppliedX":9.234,"requestedAppliedY":20.314799999999998,"appliedX":9.234,"appliedY":16,"actualX":9,"actualY":16,"sensitivity":0.9234,"currentZoomForScroll":2.7007514886865858,"maxScrollStepX":16,"maxScrollStepY":16,"diagonalEvents":3,"clippedEvents":0}
[DebugBridge +54849407.3ms] wheel_scroll_motion {"eventCount":4,"rawAbsX":16,"rawAbsY":64,"rawX":16,"rawY":64,"clippedAbsX":16,"clippedAbsY":64,"clippedX":16,"clippedY":64,"requestedAppliedX":14.7744,"requestedAppliedY":59.0976,"appliedX":14.7744,"appliedY":24.0084,"actualX":14.5,"actualY":24,"sensitivity":0.9234,"currentZoomForScroll":2.7007514886865858,"maxScrollStepX":16,"maxScrollStepY":24.0084,"diagonalEvents":4,"clippedEvents":0}
[DebugBridge +54849441.0ms] wheel_scroll_motion {"eventCount":4,"rawAbsX":16,"rawAbsY":130,"rawX":16,"rawY":130,"clippedAbsX":16,"clippedAbsY":130,"clippedX":16,"clippedY":130,"requestedAppliedX":14.7744,"requestedAppliedY":120.042,"appliedX":14.7744,"appliedY":33.2424,"actualX":14.5,"actualY":33,"sensitivity":0.9234,"currentZoomForScroll":2.7007514886865858,"maxScrollStepX":16,"maxScrollStepY":33.2424,"diagonalEvents":4,"clippedEvents":0}
[DebugBridge +54849474.7ms] wheel_scroll_motion {"eventCount":4,"rawAbsX":6,"rawAbsY":172,"rawX":6,"rawY":172,"clippedAbsX":6,"clippedAbsY":172,"clippedX":6,"clippedY":172,"requestedAppliedX":5.5404,"requestedAppliedY":165.4344,"appliedX":5.5404,"appliedY":60.264,"actualX":5.5,"actualY":60,"sensitivity":0.9720000000000001,"currentZoomForScroll":2.7007514886865858,"maxScrollStepX":16,"maxScrollStepY":60.264,"diagonalEvents":1,"clippedEvents":0}
[DebugBridge +54849507.8ms] wheel_scroll_motion {"eventCount":4,"rawAbsX":0,"rawAbsY":274,"rawX":0,"rawY":274,"clippedAbsX":0,"clippedAbsY":274,"clippedX":0,"clippedY":274,"requestedAppliedX":0,"requestedAppliedY":266.32800000000003,"appliedX":0,"appliedY":68.04,"actualX":0,"actualY":68,"sensitivity":0.9720000000000001,"currentZoomForScroll":2.7007514886865858,"maxScrollStepX":16,"maxScrollStepY":68.04,"diagonalEvents":0,"clippedEvents":0}
[DebugBridge +54849539.5ms] wheel_scroll_motion {"eventCount":3,"rawAbsX":0,"rawAbsY":212,"rawX":0,"rawY":212,"clippedAbsX":0,"clippedAbsY":212,"clippedX":0,"clippedY":212,"requestedAppliedX":0,"requestedAppliedY":206.06400000000002,"appliedX":0,"appliedY":71.92800000000001,"actualX":0,"actualY":71.5,"sensitivity":0.9720000000000001,"currentZoomForScroll":2.7007514886865858,"maxScrollStepX":16,"maxScrollStepY":71.92800000000001,"diagonalEvents":0,"clippedEvents":0}
[DebugBridge +54849567.2ms] wheel_scroll_motion {"eventCount":4,"rawAbsX":0,"rawAbsY":256,"rawX":0,"rawY":256,"clippedAbsX":0,"clippedAbsY":256,"clippedX":0,"clippedY":256,"requestedAppliedX":0,"requestedAppliedY":248.832,"appliedX":0,"appliedY":66.096,"actualX":0,"actualY":66,"sensitivity":0.9720000000000001,"currentZoomForScroll":2.7007514886865858,"maxScrollStepX":16,"maxScrollStepY":66.096,"diagonalEvents":0,"clippedEvents":0}
[DebugBridge +54849599.2ms] wheel_scroll_motion {"eventCount":4,"rawAbsX":0,"rawAbsY":222,"rawX":0,"rawY":222,"clippedAbsX":0,"clippedAbsY":222,"clippedX":0,"clippedY":222,"requestedAppliedX":0,"requestedAppliedY":215.78400000000002,"appliedX":0,"appliedY":56.376000000000005,"actualX":0,"actualY":56,"sensitivity":0.9720000000000001,"currentZoomForScroll":2.7007514886865858,"maxScrollStepX":16,"maxScrollStepY":56.376000000000005,"diagonalEvents":0,"clippedEvents":0}
[DebugBridge +54849632.0ms] wheel_scroll_motion {"eventCount":4,"rawAbsX":0,"rawAbsY":194,"rawX":0,"rawY":194,"clippedAbsX":0,"clippedAbsY":194,"clippedX":0,"clippedY":194,"requestedAppliedX":0,"requestedAppliedY":188.56799999999998,"appliedX":0,"appliedY":48.6,"actualX":0,"actualY":48.5,"sensitivity":0.9720000000000001,"currentZoomForScroll":2.7007514886865858,"maxScrollStepX":16,"maxScrollStepY":48.6,"diagonalEvents":0,"clippedEvents":0}
[DebugBridge +54849665.8ms] wheel_scroll_motion {"eventCount":4,"rawAbsX":0,"rawAbsY":162,"rawX":0,"rawY":162,"clippedAbsX":0,"clippedAbsY":162,"clippedX":0,"clippedY":162,"requestedAppliedX":0,"requestedAppliedY":157.46400000000003,"appliedX":0,"appliedY":42.768,"actualX":0,"actualY":42.5,"sensitivity":0.9720000000000001,"currentZoomForScroll":2.7007514886865858,"maxScrollStepX":16,"maxScrollStepY":42.768,"diagonalEvents":0,"clippedEvents":0}
[DebugBridge +54849697.3ms] wheel_scroll_motion {"eventCount":3,"rawAbsX":0,"rawAbsY":108,"rawX":0,"rawY":108,"clippedAbsX":0,"clippedAbsY":108,"clippedX":0,"clippedY":108,"requestedAppliedX":0,"requestedAppliedY":104.976,"appliedX":0,"appliedY":36.936,"actualX":0,"actualY":36.5,"sensitivity":0.9720000000000001,"currentZoomForScroll":2.7007514886865858,"maxScrollStepX":16,"maxScrollStepY":36.936,"diagonalEvents":0,"clippedEvents":0}
[DebugBridge +54849724.8ms] wheel_scroll_motion {"eventCount":4,"rawAbsX":0,"rawAbsY":124,"rawX":0,"rawY":124,"clippedAbsX":0,"clippedAbsY":124,"clippedX":0,"clippedY":124,"requestedAppliedX":0,"requestedAppliedY":120.52800000000002,"appliedX":0,"appliedY":33.048,"actualX":0,"actualY":33,"sensitivity":0.9720000000000001,"currentZoomForScroll":2.7007514886865858,"maxScrollStepX":16,"maxScrollStepY":33.048,"diagonalEvents":0,"clippedEvents":0}
[DebugBridge +54849757.0ms] wheel_scroll_motion {"eventCount":4,"rawAbsX":0,"rawAbsY":102,"rawX":0,"rawY":102,"clippedAbsX":0,"clippedAbsY":102,"clippedX":0,"clippedY":102,"requestedAppliedX":0,"requestedAppliedY":99.144,"appliedX":0,"appliedY":25.272000000000002,"actualX":0,"actualY":25,"sensitivity":0.9720000000000001,"currentZoomForScroll":2.7007514886865858,"maxScrollStepX":16,"maxScrollStepY":25.272000000000002,"diagonalEvents":0,"clippedEvents":0}
[DebugBridge +54849791.2ms] wheel_scroll_motion {"eventCount":4,"rawAbsX":0,"rawAbsY":86,"rawX":0,"rawY":86,"clippedAbsX":0,"clippedAbsY":86,"clippedX":0,"clippedY":86,"requestedAppliedX":0,"requestedAppliedY":83.592,"appliedX":0,"appliedY":21.384,"actualX":0,"actualY":21,"sensitivity":0.9720000000000001,"currentZoomForScroll":2.7007514886865858,"maxScrollStepX":16,"maxScrollStepY":21.384,"diagonalEvents":0,"clippedEvents":0}
[DebugBridge +54849822.2ms] wheel_scroll_motion {"eventCount":3,"rawAbsX":0,"rawAbsY":56,"rawX":0,"rawY":56,"clippedAbsX":0,"clippedAbsY":56,"clippedX":0,"clippedY":56,"requestedAppliedX":0,"requestedAppliedY":54.43200000000001,"appliedX":0,"appliedY":19.44,"actualX":0,"actualY":19,"sensitivity":0.9720000000000001,"currentZoomForScroll":2.7007514886865858,"maxScrollStepX":16,"maxScrollStepY":19.44,"diagonalEvents":0,"clippedEvents":0}
[DebugBridge +54849849.1ms] wheel_scroll_motion {"eventCount":4,"rawAbsX":0,"rawAbsY":64,"rawX":0,"rawY":64,"clippedAbsX":0,"clippedAbsY":64,"clippedX":0,"clippedY":64,"requestedAppliedX":0,"requestedAppliedY":62.208000000000006,"appliedX":0,"appliedY":16,"actualX":0,"actualY":16,"sensitivity":0.9720000000000001,"currentZoomForScroll":2.7007514886865858,"maxScrollStepX":16,"maxScrollStepY":16,"diagonalEvents":0,"clippedEvents":0}
[DebugBridge +54849883.3ms] wheel_scroll_motion {"eventCount":4,"rawAbsX":0,"rawAbsY":56,"rawX":0,"rawY":56,"clippedAbsX":0,"clippedAbsY":56,"clippedX":0,"clippedY":56,"requestedAppliedX":0,"requestedAppliedY":54.432,"appliedX":0,"appliedY":16,"actualX":0,"actualY":16,"sensitivity":0.9720000000000001,"currentZoomForScroll":2.7007514886865858,"maxScrollStepX":16,"maxScrollStepY":16,"diagonalEvents":0,"clippedEvents":0}
[SVGAnnotationLayer] setRotInputVisible(false) reason=selectedIds.size !== 1
[SVGAnnotationLayer] setRotInputVisible(false) reason=selectedIds.size !== 1
[SVGAnnotationLayer] setRotInputVisible(false) reason=selectedIds.size !== 1
[DebugBridge +54850131.3ms] wheel_scroll_motion {"eventCount":6,"rawAbsX":2,"rawAbsY":116,"rawX":2,"rawY":116,"clippedAbsX":2,"clippedAbsY":116,"clippedX":2,"clippedY":116,"requestedAppliedX":1.8468,"requestedAppliedY":112.65480000000001,"appliedX":1.8468,"appliedY":68.04,"actualX":1.5,"actualY":68,"sensitivity":0.9234,"currentZoomForScroll":2.7007514886865858,"maxScrollStepX":16,"maxScrollStepY":68.04,"diagonalEvents":1,"clippedEvents":0}
[DebugBridge +54850231.3ms] wheel_scroll_motion {"eventCount":6,"rawAbsX":242,"rawAbsY":108,"rawX":242,"rawY":108,"clippedAbsX":242,"clippedAbsY":108,"clippedX":242,"clippedY":108,"requestedAppliedX":223.46280000000002,"requestedAppliedY":99.72720000000001,"appliedX":94.1868,"appliedY":40.629599999999996,"actualX":94,"actualY":40.5,"sensitivity":0.9234,"currentZoomForScroll":2.7007514886865858,"maxScrollStepX":94.1868,"maxScrollStepY":40.629599999999996,"diagonalEvents":6,"clippedEvents":0}
[DebugBridge +54850282.2ms] wheel_scroll_motion {"eventCount":3,"rawAbsX":262,"rawAbsY":48,"rawX":262,"rawY":48,"clippedAbsX":223.86910773813938,"clippedAbsY":48,"clippedX":223.86910773813938,"clippedY":48,"requestedAppliedX":206.7207340853979,"requestedAppliedY":44.3232,"appliedX":123.6147340853979,"appliedY":27.701999999999998,"actualX":123.5,"actualY":27.5,"sensitivity":0.9234,"currentZoomForScroll":2.7007514886865858,"maxScrollStepX":123.6147340853979,"maxScrollStepY":27.701999999999998,"diagonalEvents":3,"clippedEvents":1}
[DebugBridge +54850341.4ms] wheel_scroll_motion {"eventCount":3,"rawAbsX":210,"rawAbsY":40,"rawX":210,"rawY":40,"clippedAbsX":201.86910773813938,"clippedAbsY":40,"clippedX":201.86910773813938,"clippedY":40,"requestedAppliedX":186.40593408539792,"requestedAppliedY":36.936,"appliedX":123.6147340853979,"appliedY":25.8552,"actualX":123.5,"actualY":25.5,"sensitivity":0.9234,"currentZoomForScroll":2.7007514886865858,"maxScrollStepX":123.6147340853979,"maxScrollStepY":25.8552,"diagonalEvents":3,"clippedEvents":1}
[DebugBridge +54850371.7ms] wheel_scroll_motion {"eventCount":2,"rawAbsX":50,"rawAbsY":8,"rawX":50,"rawY":8,"clippedAbsX":50,"clippedAbsY":8,"clippedX":50,"clippedY":8,"requestedAppliedX":46.17,"requestedAppliedY":7.3872,"appliedX":24.0084,"appliedY":7.3872,"actualX":24,"actualY":7,"sensitivity":0.9234,"currentZoomForScroll":2.7007514886865858,"maxScrollStepX":24.0084,"maxScrollStepY":16,"diagonalEvents":2,"clippedEvents":0}
[DebugBridge +54850399.2ms] wheel_scroll_motion {"eventCount":4,"rawAbsX":86,"rawAbsY":16,"rawX":86,"rawY":16,"clippedAbsX":86,"clippedAbsY":16,"clippedX":86,"clippedY":16,"requestedAppliedX":79.41239999999999,"requestedAppliedY":14.7744,"appliedX":20.314799999999998,"appliedY":14.7744,"actualX":20,"actualY":14.5,"sensitivity":0.9234,"currentZoomForScroll":2.7007514886865858,"maxScrollStepX":20.314799999999998,"maxScrollStepY":16,"diagonalEvents":4,"clippedEvents":0}
[DebugBridge +54850430.0ms] wheel_scroll_motion {"eventCount":3,"rawAbsX":54,"rawAbsY":12,"rawX":54,"rawY":12,"clippedAbsX":54,"clippedAbsY":12,"clippedX":54,"clippedY":12,"requestedAppliedX":49.863600000000005,"requestedAppliedY":11.0808,"appliedX":18.468,"appliedY":11.0808,"actualX":18,"actualY":11,"sensitivity":0.9234,"currentZoomForScroll":2.7007514886865858,"maxScrollStepX":18.468,"maxScrollStepY":16,"diagonalEvents":3,"clippedEvents":0}
[DebugBridge +54850456.5ms] wheel_scroll_motion {"eventCount":4,"rawAbsX":64,"rawAbsY":16,"rawX":64,"rawY":16,"clippedAbsX":64,"clippedAbsY":16,"clippedX":64,"clippedY":16,"requestedAppliedX":59.0976,"requestedAppliedY":14.7744,"appliedX":16,"appliedY":14.7744,"actualX":16,"actualY":14.5,"sensitivity":0.9234,"currentZoomForScroll":2.7007514886865858,"maxScrollStepX":16,"maxScrollStepY":16,"diagonalEvents":4,"clippedEvents":0}
[DebugBridge +54850490.1ms] wheel_scroll_motion {"eventCount":4,"rawAbsX":56,"rawAbsY":16,"rawX":56,"rawY":16,"clippedAbsX":56,"clippedAbsY":16,"clippedX":56,"clippedY":16,"requestedAppliedX":51.7104,"requestedAppliedY":14.7744,"appliedX":16,"appliedY":14.7744,"actualX":16,"actualY":14.5,"sensitivity":0.9234,"currentZoomForScroll":2.7007514886865858,"maxScrollStepX":16,"maxScrollStepY":16,"diagonalEvents":4,"clippedEvents":0}
[DebugBridge +54850522.0ms] wheel_scroll_motion {"eventCount":3,"rawAbsX":34,"rawAbsY":8,"rawX":34,"rawY":8,"clippedAbsX":34,"clippedAbsY":8,"clippedX":34,"clippedY":8,"requestedAppliedX":31.3956,"requestedAppliedY":7.3872,"appliedX":16,"appliedY":7.3872,"actualX":16,"actualY":7,"sensitivity":0.9234,"currentZoomForScroll":2.7007514886865858,"maxScrollStepX":16,"maxScrollStepY":16,"diagonalEvents":3,"clippedEvents":0}
[DebugBridge +54850549.2ms] wheel_scroll_motion {"eventCount":4,"rawAbsX":40,"rawAbsY":8,"rawX":40,"rawY":8,"clippedAbsX":40,"clippedAbsY":8,"clippedX":40,"clippedY":8,"requestedAppliedX":36.936,"requestedAppliedY":7.3872,"appliedX":16,"appliedY":7.3872,"actualX":16,"actualY":7,"sensitivity":0.9234,"currentZoomForScroll":2.7007514886865858,"maxScrollStepX":16,"maxScrollStepY":16,"diagonalEvents":4,"clippedEvents":0}
[DebugBridge +54850582.6ms] wheel_scroll_motion {"eventCount":4,"rawAbsX":32,"rawAbsY":8,"rawX":32,"rawY":8,"clippedAbsX":32,"clippedAbsY":8,"clippedX":32,"clippedY":8,"requestedAppliedX":29.5488,"requestedAppliedY":7.3872,"appliedX":16,"appliedY":7.3872,"actualX":16,"actualY":7,"sensitivity":0.9234,"currentZoomForScroll":2.7007514886865858,"maxScrollStepX":16,"maxScrollStepY":16,"diagonalEvents":4,"clippedEvents":0}
[DebugBridge +54850616.1ms] wheel_scroll_motion {"eventCount":1,"rawAbsX":8,"rawAbsY":2,"rawX":8,"rawY":2,"clippedAbsX":8,"clippedAbsY":2,"clippedX":8,"clippedY":2,"requestedAppliedX":7.3872,"requestedAppliedY":1.8468,"appliedX":7.3872,"appliedY":1.8468,"actualX":7,"actualY":1.5,"sensitivity":0.9234,"currentZoomForScroll":2.7007514886865858,"maxScrollStepX":16,"maxScrollStepY":16,"diagonalEvents":1,"clippedEvents":0}
[DebugBridge +54850699.4ms] wheel_scroll_motion {"eventCount":3,"rawAbsX":16,"rawAbsY":2,"rawX":16,"rawY":2,"clippedAbsX":16,"clippedAbsY":2,"clippedX":16,"clippedY":2,"requestedAppliedX":15.066,"requestedAppliedY":1.8468,"appliedX":15.066,"appliedY":1.8468,"actualX":15,"actualY":1.5,"sensitivity":0.9234,"currentZoomForScroll":2.7007514886865858,"maxScrollStepX":16,"maxScrollStepY":16,"diagonalEvents":1,"clippedEvents":0}
[DebugBridge +54850733.1ms] wheel_scroll_motion {"eventCount":4,"rawAbsX":60,"rawAbsY":18,"rawX":60,"rawY":18,"clippedAbsX":60,"clippedAbsY":18,"clippedX":60,"clippedY":18,"requestedAppliedX":55.404,"requestedAppliedY":16.6212,"appliedX":18.468,"appliedY":16,"actualX":18,"actualY":16,"sensitivity":0.9234,"currentZoomForScroll":2.7007514886865858,"maxScrollStepX":18.468,"maxScrollStepY":16,"diagonalEvents":4,"clippedEvents":0}
[DebugBridge +54850764.3ms] wheel_scroll_motion {"eventCount":3,"rawAbsX":70,"rawAbsY":22,"rawX":70,"rawY":22,"clippedAbsX":70,"clippedAbsY":22,"clippedX":70,"clippedY":22,"requestedAppliedX":64.638,"requestedAppliedY":20.314799999999998,"appliedX":25.8552,"appliedY":16,"actualX":25.5,"actualY":16,"sensitivity":0.9234,"currentZoomForScroll":2.7007514886865858,"maxScrollStepX":25.8552,"maxScrollStepY":16,"diagonalEvents":3,"clippedEvents":0}
[DebugBridge +54850791.6ms] wheel_scroll_motion {"eventCount":4,"rawAbsX":82,"rawAbsY":28,"rawX":82,"rawY":28,"clippedAbsX":82,"clippedAbsY":28,"clippedX":82,"clippedY":28,"requestedAppliedX":75.7188,"requestedAppliedY":25.855200000000004,"appliedX":25.8552,"appliedY":16,"actualX":25.5,"actualY":16,"sensitivity":0.9234,"currentZoomForScroll":2.7007514886865858,"maxScrollStepX":25.8552,"maxScrollStepY":16,"diagonalEvents":4,"clippedEvents":0}
[DebugBridge +54850821.5ms] wheel_scroll_motion {"eventCount":3,"rawAbsX":64,"rawAbsY":20,"rawX":64,"rawY":20,"clippedAbsX":64,"clippedAbsY":20,"clippedX":64,"clippedY":20,"requestedAppliedX":59.0976,"requestedAppliedY":18.468,"appliedX":27.701999999999998,"appliedY":16,"actualX":27.5,"actualY":16,"sensitivity":0.9234,"currentZoomForScroll":2.7007514886865858,"maxScrollStepX":27.701999999999998,"maxScrollStepY":16,"diagonalEvents":3,"clippedEvents":0}
[DebugBridge +54850847.1ms] wheel_scroll_motion {"eventCount":3,"rawAbsX":150,"rawAbsY":34,"rawX":150,"rawY":34,"clippedAbsX":150,"clippedAbsY":34,"clippedX":150,"clippedY":34,"requestedAppliedX":138.51,"requestedAppliedY":31.3956,"appliedX":72.0252,"appliedY":16,"actualX":72,"actualY":16,"sensitivity":0.9234,"currentZoomForScroll":2.7007514886865858,"maxScrollStepX":72.0252,"maxScrollStepY":16,"diagonalEvents":3,"clippedEvents":0}
[DebugBridge +54850873.8ms] wheel_scroll_motion {"eventCount":4,"rawAbsX":178,"rawAbsY":36,"rawX":178,"rawY":36,"clippedAbsX":178,"clippedAbsY":36,"clippedX":178,"clippedY":36,"requestedAppliedX":164.3652,"requestedAppliedY":33.2424,"appliedX":44.3232,"appliedY":16,"actualX":44,"actualY":16,"sensitivity":0.9234,"currentZoomForScroll":2.7007514886865858,"maxScrollStepX":44.3232,"maxScrollStepY":16,"diagonalEvents":4,"clippedEvents":0}
[DebugBridge +54850907.4ms] wheel_scroll_motion {"eventCount":4,"rawAbsX":162,"rawAbsY":32,"rawX":162,"rawY":32,"clippedAbsX":162,"clippedAbsY":32,"clippedX":162,"clippedY":32,"requestedAppliedX":149.5908,"requestedAppliedY":29.5488,"appliedX":40.629599999999996,"appliedY":16,"actualX":40.5,"actualY":16,"sensitivity":0.9234,"currentZoomForScroll":2.7007514886865858,"maxScrollStepX":40.629599999999996,"maxScrollStepY":16,"diagonalEvents":4,"clippedEvents":0}
[DebugBridge +54850940.8ms] wheel_scroll_motion {"eventCount":4,"rawAbsX":142,"rawAbsY":28,"rawX":142,"rawY":28,"clippedAbsX":142,"clippedAbsY":28,"clippedX":142,"clippedY":28,"requestedAppliedX":131.1228,"requestedAppliedY":25.855199999999996,"appliedX":35.0892,"appliedY":16,"actualX":35,"actualY":16,"sensitivity":0.9234,"currentZoomForScroll":2.7007514886865858,"maxScrollStepX":35.0892,"maxScrollStepY":16,"diagonalEvents":4,"clippedEvents":0}
[DebugBridge +54850974.2ms] wheel_scroll_motion {"eventCount":4,"rawAbsX":114,"rawAbsY":24,"rawX":114,"rawY":24,"clippedAbsX":114,"clippedAbsY":24,"clippedX":114,"clippedY":24,"requestedAppliedX":105.26759999999999,"requestedAppliedY":22.1616,"appliedX":27.701999999999998,"appliedY":16,"actualX":27.5,"actualY":16,"sensitivity":0.9234,"currentZoomForScroll":2.7007514886865858,"maxScrollStepX":27.701999999999998,"maxScrollStepY":16,"diagonalEvents":4,"clippedEvents":0}
[DebugBridge +54851005.3ms] wheel_scroll_motion {"eventCount":3,"rawAbsX":74,"rawAbsY":18,"rawX":74,"rawY":18,"clippedAbsX":74,"clippedAbsY":18,"clippedX":74,"clippedY":18,"requestedAppliedX":68.33160000000001,"requestedAppliedY":16.6212,"appliedX":24.0084,"appliedY":16,"actualX":24,"actualY":16,"sensitivity":0.9234,"currentZoomForScroll":2.7007514886865858,"maxScrollStepX":24.0084,"maxScrollStepY":16,"diagonalEvents":3,"clippedEvents":0}
[DebugBridge +54851033.7ms] wheel_scroll_motion {"eventCount":4,"rawAbsX":86,"rawAbsY":18,"rawX":86,"rawY":18,"clippedAbsX":86,"clippedAbsY":18,"clippedX":86,"clippedY":18,"requestedAppliedX":79.41239999999999,"requestedAppliedY":16.6212,"appliedX":20.314799999999998,"appliedY":16,"actualX":20,"actualY":16,"sensitivity":0.9234,"currentZoomForScroll":2.7007514886865858,"maxScrollStepX":20.314799999999998,"maxScrollStepY":16,"diagonalEvents":4,"clippedEvents":0}
[DebugBridge +54851064.3ms] wheel_scroll_motion {"eventCount":3,"rawAbsX":54,"rawAbsY":12,"rawX":54,"rawY":12,"clippedAbsX":54,"clippedAbsY":12,"clippedX":54,"clippedY":12,"requestedAppliedX":49.863600000000005,"requestedAppliedY":11.0808,"appliedX":18.468,"appliedY":11.0808,"actualX":18,"actualY":11,"sensitivity":0.9234,"currentZoomForScroll":2.7007514886865858,"maxScrollStepX":18.468,"maxScrollStepY":16,"diagonalEvents":3,"clippedEvents":0}
[DebugBridge +54851091.4ms] wheel_scroll_motion {"eventCount":4,"rawAbsX":64,"rawAbsY":16,"rawX":64,"rawY":16,"clippedAbsX":64,"clippedAbsY":16,"clippedX":64,"clippedY":16,"requestedAppliedX":59.0976,"requestedAppliedY":14.7744,"appliedX":16,"appliedY":14.7744,"actualX":16,"actualY":14.5,"sensitivity":0.9234,"currentZoomForScroll":2.7007514886865858,"maxScrollStepX":16,"maxScrollStepY":16,"diagonalEvents":4,"clippedEvents":0}
[DebugBridge +54851125.9ms] wheel_scroll_motion {"eventCount":4,"rawAbsX":56,"rawAbsY":16,"rawX":56,"rawY":16,"clippedAbsX":56,"clippedAbsY":16,"clippedX":56,"clippedY":16,"requestedAppliedX":51.7104,"requestedAppliedY":14.7744,"appliedX":16,"appliedY":14.7744,"actualX":16,"actualY":14.5,"sensitivity":0.9234,"currentZoomForScroll":2.7007514886865858,"maxScrollStepX":16,"maxScrollStepY":16,"diagonalEvents":4,"clippedEvents":0}
[DebugBridge +54851155.3ms] wheel_scroll_motion {"eventCount":3,"rawAbsX":34,"rawAbsY":12,"rawX":34,"rawY":12,"clippedAbsX":34,"clippedAbsY":12,"clippedX":34,"clippedY":12,"requestedAppliedX":31.3956,"requestedAppliedY":11.0808,"appliedX":16,"appliedY":11.0808,"actualX":16,"actualY":11,"sensitivity":0.9234,"currentZoomForScroll":2.7007514886865858,"maxScrollStepX":16,"maxScrollStepY":16,"diagonalEvents":3,"clippedEvents":0}
[DebugBridge +54851183.8ms] wheel_scroll_motion {"eventCount":4,"rawAbsX":38,"rawAbsY":14,"rawX":38,"rawY":14,"clippedAbsX":38,"clippedAbsY":14,"clippedX":38,"clippedY":14,"requestedAppliedX":35.0892,"requestedAppliedY":12.9276,"appliedX":16,"appliedY":12.9276,"actualX":16,"actualY":12.5,"sensitivity":0.9234,"currentZoomForScroll":2.7007514886865858,"maxScrollStepX":16,"maxScrollStepY":16,"diagonalEvents":4,"clippedEvents":0}
[DebugBridge +54851213.9ms] wheel_scroll_motion {"eventCount":3,"rawAbsX":24,"rawAbsY":6,"rawX":24,"rawY":6,"clippedAbsX":24,"clippedAbsY":6,"clippedX":24,"clippedY":6,"requestedAppliedX":22.1616,"requestedAppliedY":5.5404,"appliedX":16,"appliedY":5.5404,"actualX":16,"actualY":5.5,"sensitivity":0.9234,"currentZoomForScroll":2.7007514886865858,"maxScrollStepX":16,"maxScrollStepY":16,"diagonalEvents":3,"clippedEvents":0}
[DebugBridge +54851241.0ms] wheel_scroll_motion {"eventCount":4,"rawAbsX":30,"rawAbsY":8,"rawX":30,"rawY":8,"clippedAbsX":30,"clippedAbsY":8,"clippedX":30,"clippedY":8,"requestedAppliedX":27.701999999999998,"requestedAppliedY":7.3872,"appliedX":16,"appliedY":7.3872,"actualX":16,"actualY":7,"sensitivity":0.9234,"currentZoomForScroll":2.7007514886865858,"maxScrollStepX":16,"maxScrollStepY":16,"diagonalEvents":4,"clippedEvents":0}
[DebugBridge +54851272.6ms] wheel_scroll_motion {"eventCount":3,"rawAbsX":18,"rawAbsY":6,"rawX":18,"rawY":6,"clippedAbsX":18,"clippedAbsY":6,"clippedX":18,"clippedY":6,"requestedAppliedX":16.6212,"requestedAppliedY":5.5404,"appliedX":16,"appliedY":5.5404,"actualX":16,"actualY":5.5,"sensitivity":0.9234,"currentZoomForScroll":2.7007514886865858,"maxScrollStepX":16,"maxScrollStepY":16,"diagonalEvents":3,"clippedEvents":0}
[DebugBridge +54851299.3ms] wheel_scroll_motion {"eventCount":4,"rawAbsX":24,"rawAbsY":8,"rawX":24,"rawY":8,"clippedAbsX":24,"clippedAbsY":8,"clippedX":24,"clippedY":8,"requestedAppliedX":22.1616,"requestedAppliedY":7.3872,"appliedX":16,"appliedY":7.3872,"actualX":16,"actualY":7,"sensitivity":0.9234,"currentZoomForScroll":2.7007514886865858,"maxScrollStepX":16,"maxScrollStepY":16,"diagonalEvents":4,"clippedEvents":0}
[DebugBridge +54851330.6ms] wheel_scroll_motion {"eventCount":3,"rawAbsX":18,"rawAbsY":6,"rawX":18,"rawY":6,"clippedAbsX":18,"clippedAbsY":6,"clippedX":18,"clippedY":6,"requestedAppliedX":16.6212,"requestedAppliedY":5.5404,"appliedX":16,"appliedY":5.5404,"actualX":16,"actualY":5.5,"sensitivity":0.9234,"currentZoomForScroll":2.7007514886865858,"maxScrollStepX":16,"maxScrollStepY":16,"diagonalEvents":3,"clippedEvents":0}
[DebugBridge +54851355.8ms] wheel_scroll_motion {"eventCount":3,"rawAbsX":12,"rawAbsY":6,"rawX":12,"rawY":6,"clippedAbsX":12,"clippedAbsY":6,"clippedX":12,"clippedY":6,"requestedAppliedX":11.0808,"requestedAppliedY":5.5404,"appliedX":11.0808,"appliedY":5.5404,"actualX":11,"actualY":5.5,"sensitivity":0.9234,"currentZoomForScroll":2.7007514886865858,"maxScrollStepX":16,"maxScrollStepY":16,"diagonalEvents":3,"clippedEvents":0}
[DebugBridge +54851383.1ms] wheel_scroll_motion {"eventCount":4,"rawAbsX":16,"rawAbsY":8,"rawX":16,"rawY":8,"clippedAbsX":16,"clippedAbsY":8,"clippedX":16,"clippedY":8,"requestedAppliedX":14.7744,"requestedAppliedY":7.3872,"appliedX":14.7744,"appliedY":7.3872,"actualX":14.5,"actualY":7,"sensitivity":0.9234,"currentZoomForScroll":2.7007514886865858,"maxScrollStepX":16,"maxScrollStepY":16,"diagonalEvents":4,"clippedEvents":0}
[DebugBridge +54851413.5ms] wheel_scroll_motion {"eventCount":3,"rawAbsX":12,"rawAbsY":6,"rawX":12,"rawY":6,"clippedAbsX":12,"clippedAbsY":6,"clippedX":12,"clippedY":6,"requestedAppliedX":11.0808,"requestedAppliedY":5.5404,"appliedX":11.0808,"appliedY":5.5404,"actualX":11,"actualY":5.5,"sensitivity":0.9234,"currentZoomForScroll":2.7007514886865858,"maxScrollStepX":16,"maxScrollStepY":16,"diagonalEvents":3,"clippedEvents":0}
[DebugBridge +54851439.2ms] wheel_scroll_motion {"eventCount":3,"rawAbsX":12,"rawAbsY":6,"rawX":12,"rawY":6,"clippedAbsX":12,"clippedAbsY":6,"clippedX":12,"clippedY":6,"requestedAppliedX":11.0808,"requestedAppliedY":5.5404,"appliedX":11.0808,"appliedY":5.5404,"actualX":11,"actualY":5.5,"sensitivity":0.9234,"currentZoomForScroll":2.7007514886865858,"maxScrollStepX":16,"maxScrollStepY":16,"diagonalEvents":3,"clippedEvents":0}
[DebugBridge +54851471.9ms] wheel_scroll_motion {"eventCount":2,"rawAbsX":10,"rawAbsY":4,"rawX":10,"rawY":4,"clippedAbsX":10,"clippedAbsY":4,"clippedX":10,"clippedY":4,"requestedAppliedX":9.234,"requestedAppliedY":3.6936,"appliedX":9.234,"appliedY":3.6936,"actualX":9,"actualY":3.5,"sensitivity":0.9234,"currentZoomForScroll":2.7007514886865858,"maxScrollStepX":16,"maxScrollStepY":16,"diagonalEvents":2,"clippedEvents":0}
[DebugBridge +54851508.4ms] wheel_scroll_motion {"eventCount":2,"rawAbsX":8,"rawAbsY":4,"rawX":8,"rawY":4,"clippedAbsX":8,"clippedAbsY":4,"clippedX":8,"clippedY":4,"requestedAppliedX":7.3872,"requestedAppliedY":3.6936,"appliedX":7.3872,"appliedY":3.6936,"actualX":7,"actualY":3.5,"sensitivity":0.9234,"currentZoomForScroll":2.7007514886865858,"maxScrollStepX":16,"maxScrollStepY":16,"diagonalEvents":2,"clippedEvents":0}
[DebugBridge +54851684.4ms] wheel_scroll_motion {"eventCount":4,"rawAbsX":18,"rawAbsY":4,"rawX":18,"rawY":-4,"clippedAbsX":18,"clippedAbsY":4,"clippedX":18,"clippedY":-4,"requestedAppliedX":16.9128,"requestedAppliedY":-3.6936,"appliedX":16,"appliedY":-3.6936,"actualX":16,"actualY":-4,"sensitivity":0.9234,"currentZoomForScroll":2.7007514886865858,"maxScrollStepX":16,"maxScrollStepY":16,"diagonalEvents":2,"clippedEvents":0}
[DebugBridge +54851712.6ms] wheel_scroll_motion {"eventCount":3,"rawAbsX":46,"rawAbsY":22,"rawX":46,"rawY":-22,"clippedAbsX":46,"clippedAbsY":22,"clippedX":46,"clippedY":-22,"requestedAppliedX":42.4764,"requestedAppliedY":-20.314799999999998,"appliedX":20.314799999999998,"appliedY":-16,"actualX":20,"actualY":-16,"sensitivity":0.9234,"currentZoomForScroll":2.7007514886865858,"maxScrollStepX":20.314799999999998,"maxScrollStepY":16,"diagonalEvents":3,"clippedEvents":0}
[DebugBridge +54851741.1ms] wheel_scroll_motion {"eventCount":4,"rawAbsX":50,"rawAbsY":32,"rawX":50,"rawY":-32,"clippedAbsX":50,"clippedAbsY":32,"clippedX":50,"clippedY":-32,"requestedAppliedX":46.17,"requestedAppliedY":-29.5488,"appliedX":22.1616,"appliedY":-16,"actualX":22,"actualY":-16,"sensitivity":0.9234,"currentZoomForScroll":2.7007514886865858,"maxScrollStepX":22.1616,"maxScrollStepY":16,"diagonalEvents":4,"clippedEvents":0}
[DebugBridge +54851775.8ms] wheel_scroll_motion {"eventCount":4,"rawAbsX":34,"rawAbsY":36,"rawX":34,"rawY":-36,"clippedAbsX":34,"clippedAbsY":36,"clippedX":34,"clippedY":-36,"requestedAppliedX":31.3956,"requestedAppliedY":-33.2424,"appliedX":16,"appliedY":-16,"actualX":16,"actualY":-16,"sensitivity":0.9234,"currentZoomForScroll":2.7007514886865858,"maxScrollStepX":16,"maxScrollStepY":16,"diagonalEvents":4,"clippedEvents":0}
[DebugBridge +54851807.8ms] wheel_scroll_motion {"eventCount":4,"rawAbsX":24,"rawAbsY":22,"rawX":24,"rawY":-22,"clippedAbsX":24,"clippedAbsY":22,"clippedX":24,"clippedY":-22,"requestedAppliedX":22.1616,"requestedAppliedY":-20.3148,"appliedX":16,"appliedY":-16,"actualX":16,"actualY":-16,"sensitivity":0.9234,"currentZoomForScroll":2.7007514886865858,"maxScrollStepX":16,"maxScrollStepY":16,"diagonalEvents":4,"clippedEvents":0}
[DebugBridge +54851841.0ms] wheel_scroll_motion {"eventCount":4,"rawAbsX":24,"rawAbsY":20,"rawX":24,"rawY":-20,"clippedAbsX":24,"clippedAbsY":20,"clippedX":24,"clippedY":-20,"requestedAppliedX":22.1616,"requestedAppliedY":-18.468,"appliedX":16,"appliedY":-16,"actualX":16,"actualY":-16,"sensitivity":0.9234,"currentZoomForScroll":2.7007514886865858,"maxScrollStepX":16,"maxScrollStepY":16,"diagonalEvents":4,"clippedEvents":0}
[DebugBridge +54851875.6ms] wheel_scroll_motion {"eventCount":4,"rawAbsX":32,"rawAbsY":28,"rawX":32,"rawY":-28,"clippedAbsX":32,"clippedAbsY":28,"clippedX":32,"clippedY":-28,"requestedAppliedX":29.5488,"requestedAppliedY":-25.8552,"appliedX":16,"appliedY":-16,"actualX":16,"actualY":-16,"sensitivity":0.9234,"currentZoomForScroll":2.7007514886865858,"maxScrollStepX":16,"maxScrollStepY":16,"diagonalEvents":4,"clippedEvents":0}
[DebugBridge +54851904.9ms] wheel_scroll_motion {"eventCount":3,"rawAbsX":36,"rawAbsY":30,"rawX":36,"rawY":-30,"clippedAbsX":36,"clippedAbsY":30,"clippedX":36,"clippedY":-30,"requestedAppliedX":33.2424,"requestedAppliedY":-27.701999999999998,"appliedX":16,"appliedY":-16,"actualX":16,"actualY":-16,"sensitivity":0.9234,"currentZoomForScroll":2.7007514886865858,"maxScrollStepX":16,"maxScrollStepY":16,"diagonalEvents":3,"clippedEvents":0}
[DebugBridge +54851930.6ms] wheel_scroll_motion {"eventCount":3,"rawAbsX":24,"rawAbsY":18,"rawX":24,"rawY":-18,"clippedAbsX":24,"clippedAbsY":18,"clippedX":24,"clippedY":-18,"requestedAppliedX":22.1616,"requestedAppliedY":-16.6212,"appliedX":16,"appliedY":-16,"actualX":16,"actualY":-16,"sensitivity":0.9234,"currentZoomForScroll":2.7007514886865858,"maxScrollStepX":16,"maxScrollStepY":16,"diagonalEvents":3,"clippedEvents":0}
[DebugBridge +54851958.1ms] wheel_scroll_motion {"eventCount":4,"rawAbsX":28,"rawAbsY":24,"rawX":28,"rawY":-24,"clippedAbsX":28,"clippedAbsY":24,"clippedX":28,"clippedY":-24,"requestedAppliedX":25.855199999999996,"requestedAppliedY":-22.1616,"appliedX":16,"appliedY":-16,"actualX":16,"actualY":-16,"sensitivity":0.9234,"currentZoomForScroll":2.7007514886865858,"maxScrollStepX":16,"maxScrollStepY":16,"diagonalEvents":4,"clippedEvents":0}
[DebugBridge +54851988.9ms] wheel_scroll_motion {"eventCount":3,"rawAbsX":18,"rawAbsY":18,"rawX":18,"rawY":-18,"clippedAbsX":18,"clippedAbsY":18,"clippedX":18,"clippedY":-18,"requestedAppliedX":16.6212,"requestedAppliedY":-16.6212,"appliedX":16,"appliedY":-16,"actualX":16,"actualY":-16,"sensitivity":0.9234,"currentZoomForScroll":2.7007514886865858,"maxScrollStepX":16,"maxScrollStepY":16,"diagonalEvents":3,"clippedEvents":0}
[DebugBridge +54852017.3ms] wheel_scroll_motion {"eventCount":4,"rawAbsX":24,"rawAbsY":20,"rawX":24,"rawY":-20,"clippedAbsX":24,"clippedAbsY":20,"clippedX":24,"clippedY":-20,"requestedAppliedX":22.1616,"requestedAppliedY":-18.468,"appliedX":16,"appliedY":-16,"actualX":16,"actualY":-16,"sensitivity":0.9234,"currentZoomForScroll":2.7007514886865858,"maxScrollStepX":16,"maxScrollStepY":16,"diagonalEvents":4,"clippedEvents":0}
[DebugBridge +54852050.1ms] wheel_scroll_motion {"eventCount":4,"rawAbsX":20,"rawAbsY":16,"rawX":20,"rawY":-16,"clippedAbsX":20,"clippedAbsY":16,"clippedX":20,"clippedY":-16,"requestedAppliedX":18.468,"requestedAppliedY":-14.7744,"appliedX":16,"appliedY":-14.7744,"actualX":16,"actualY":-15,"sensitivity":0.9234,"currentZoomForScroll":2.7007514886865858,"maxScrollStepX":16,"maxScrollStepY":16,"diagonalEvents":4,"clippedEvents":0}
[DebugBridge +54852083.8ms] wheel_scroll_motion {"eventCount":4,"rawAbsX":16,"rawAbsY":16,"rawX":16,"rawY":-16,"clippedAbsX":16,"clippedAbsY":16,"clippedX":16,"clippedY":-16,"requestedAppliedX":14.7744,"requestedAppliedY":-14.7744,"appliedX":14.7744,"appliedY":-14.7744,"actualX":14.5,"actualY":-15,"sensitivity":0.9234,"currentZoomForScroll":2.7007514886865858,"maxScrollStepX":16,"maxScrollStepY":16,"diagonalEvents":4,"clippedEvents":0}
[DebugBridge +54852113.7ms] wheel_scroll_motion {"eventCount":3,"rawAbsX":12,"rawAbsY":12,"rawX":12,"rawY":-12,"clippedAbsX":12,"clippedAbsY":12,"clippedX":12,"clippedY":-12,"requestedAppliedX":11.0808,"requestedAppliedY":-11.0808,"appliedX":11.0808,"appliedY":-11.0808,"actualX":11,"actualY":-11.5,"sensitivity":0.9234,"currentZoomForScroll":2.7007514886865858,"maxScrollStepX":16,"maxScrollStepY":16,"diagonalEvents":3,"clippedEvents":0}
[DebugBridge +54852139.8ms] wheel_scroll_motion {"eventCount":4,"rawAbsX":16,"rawAbsY":16,"rawX":16,"rawY":-16,"clippedAbsX":16,"clippedAbsY":16,"clippedX":16,"clippedY":-16,"requestedAppliedX":14.7744,"requestedAppliedY":-14.7744,"appliedX":14.7744,"appliedY":-14.7744,"actualX":14.5,"actualY":-15,"sensitivity":0.9234,"currentZoomForScroll":2.7007514886865858,"maxScrollStepX":16,"maxScrollStepY":16,"diagonalEvents":4,"clippedEvents":0}
[DebugBridge +54852175.0ms] wheel_scroll_motion {"eventCount":4,"rawAbsX":16,"rawAbsY":8,"rawX":16,"rawY":-8,"clippedAbsX":16,"clippedAbsY":8,"clippedX":16,"clippedY":-8,"requestedAppliedX":14.7744,"requestedAppliedY":-7.3872,"appliedX":14.7744,"appliedY":-7.3872,"actualX":14.5,"actualY":-7.5,"sensitivity":0.9234,"currentZoomForScroll":2.7007514886865858,"maxScrollStepX":16,"maxScrollStepY":16,"diagonalEvents":4,"clippedEvents":0}
[DebugBridge +54852208.2ms] wheel_scroll_motion {"eventCount":2,"rawAbsX":8,"rawAbsY":6,"rawX":8,"rawY":-6,"clippedAbsX":8,"clippedAbsY":6,"clippedX":8,"clippedY":-6,"requestedAppliedX":7.3872,"requestedAppliedY":-5.5404,"appliedX":7.3872,"appliedY":-5.5404,"actualX":7,"actualY":-6,"sensitivity":0.9234,"currentZoomForScroll":2.7007514886865858,"maxScrollStepX":16,"maxScrollStepY":16,"diagonalEvents":2,"clippedEvents":0}
[DebugBridge +54852238.5ms] wheel_scroll_motion {"eventCount":2,"rawAbsX":8,"rawAbsY":8,"rawX":8,"rawY":-8,"clippedAbsX":8,"clippedAbsY":8,"clippedX":8,"clippedY":-8,"requestedAppliedX":7.3872,"requestedAppliedY":-7.3872,"appliedX":7.3872,"appliedY":-7.3872,"actualX":7,"actualY":-7.5,"sensitivity":0.9234,"currentZoomForScroll":2.7007514886865858,"maxScrollStepX":16,"maxScrollStepY":16,"diagonalEvents":2,"clippedEvents":0}
[DebugBridge +54852274.4ms] wheel_scroll_motion {"eventCount":1,"rawAbsX":4,"rawAbsY":4,"rawX":4,"rawY":-4,"clippedAbsX":4,"clippedAbsY":4,"clippedX":4,"clippedY":-4,"requestedAppliedX":3.6936,"requestedAppliedY":-3.6936,"appliedX":3.6936,"appliedY":-3.6936,"actualX":3.5,"actualY":-4,"sensitivity":0.9234,"currentZoomForScroll":2.7007514886865858,"maxScrollStepX":16,"maxScrollStepY":16,"diagonalEvents":1,"clippedEvents":0}
[DebugBridge +54852372.1ms] wheel_scroll_motion {"eventCount":3,"rawAbsX":10,"rawAbsY":0,"rawX":10,"rawY":0,"clippedAbsX":10,"clippedAbsY":0,"clippedX":10,"clippedY":0,"requestedAppliedX":9.72,"requestedAppliedY":0,"appliedX":9.72,"appliedY":0,"actualX":9.5,"actualY":0,"sensitivity":0.9720000000000001,"currentZoomForScroll":2.7007514886865858,"maxScrollStepX":16,"maxScrollStepY":16,"diagonalEvents":0,"clippedEvents":0}
[DebugBridge +54852399.3ms] wheel_scroll_motion {"eventCount":4,"rawAbsX":28,"rawAbsY":6,"rawX":28,"rawY":-6,"clippedAbsX":28,"clippedAbsY":6,"clippedX":28,"clippedY":-6,"requestedAppliedX":26.0496,"requestedAppliedY":-5.5404,"appliedX":16,"appliedY":-5.5404,"actualX":16,"actualY":-6,"sensitivity":0.9234,"currentZoomForScroll":2.7007514886865858,"maxScrollStepX":16,"maxScrollStepY":16,"diagonalEvents":3,"clippedEvents":0}
[DebugBridge +54852428.8ms] wheel_scroll_motion {"eventCount":3,"rawAbsX":22,"rawAbsY":2,"rawX":22,"rawY":-2,"clippedAbsX":22,"clippedAbsY":2,"clippedX":22,"clippedY":-2,"requestedAppliedX":20.9952,"requestedAppliedY":-1.8468,"appliedX":16,"appliedY":-1.8468,"actualX":16,"actualY":-2,"sensitivity":0.9720000000000001,"currentZoomForScroll":2.7007514886865858,"maxScrollStepX":16,"maxScrollStepY":16,"diagonalEvents":1,"clippedEvents":0}
[DebugBridge +54852454.5ms] wheel_scroll_motion {"eventCount":3,"rawAbsX":32,"rawAbsY":10,"rawX":32,"rawY":2,"clippedAbsX":32,"clippedAbsY":10,"clippedX":32,"clippedY":2,"requestedAppliedX":30.034799999999997,"requestedAppliedY":1.8468,"appliedX":16,"appliedY":1.8468,"actualX":16,"actualY":1.5,"sensitivity":0.9234,"currentZoomForScroll":2.7007514886865858,"maxScrollStepX":16,"maxScrollStepY":16,"diagonalEvents":2,"clippedEvents":0}
[DebugBridge +54852481.9ms] wheel_scroll_motion {"eventCount":4,"rawAbsX":26,"rawAbsY":14,"rawX":26,"rawY":14,"clippedAbsX":26,"clippedAbsY":14,"clippedX":26,"clippedY":14,"requestedAppliedX":24.0084,"requestedAppliedY":12.9276,"appliedX":16,"appliedY":12.9276,"actualX":16,"actualY":12.5,"sensitivity":0.9234,"currentZoomForScroll":2.7007514886865858,"maxScrollStepX":16,"maxScrollStepY":16,"diagonalEvents":4,"clippedEvents":0}
[DebugBridge +54852515.6ms] wheel_scroll_motion {"eventCount":4,"rawAbsX":24,"rawAbsY":14,"rawX":24,"rawY":14,"clippedAbsX":24,"clippedAbsY":14,"clippedX":24,"clippedY":14,"requestedAppliedX":22.1616,"requestedAppliedY":12.9276,"appliedX":16,"appliedY":12.9276,"actualX":16,"actualY":12.5,"sensitivity":0.9234,"currentZoomForScroll":2.7007514886865858,"maxScrollStepX":16,"maxScrollStepY":16,"diagonalEvents":4,"clippedEvents":0}
[DebugBridge +54852547.2ms] wheel_scroll_motion {"eventCount":3,"rawAbsX":10,"rawAbsY":8,"rawX":10,"rawY":8,"clippedAbsX":10,"clippedAbsY":8,"clippedX":10,"clippedY":8,"requestedAppliedX":9.234,"requestedAppliedY":7.3872,"appliedX":9.234,"appliedY":7.3872,"actualX":9,"actualY":7,"sensitivity":0.9234,"currentZoomForScroll":2.7007514886865858,"maxScrollStepX":16,"maxScrollStepY":16,"diagonalEvents":3,"clippedEvents":0}
[DebugBridge +54852574.3ms] wheel_scroll_motion {"eventCount":4,"rawAbsX":14,"rawAbsY":10,"rawX":14,"rawY":10,"clippedAbsX":14,"clippedAbsY":10,"clippedX":14,"clippedY":10,"requestedAppliedX":12.9276,"requestedAppliedY":9.234,"appliedX":12.9276,"appliedY":9.234,"actualX":12.5,"actualY":9,"sensitivity":0.9234,"currentZoomForScroll":2.7007514886865858,"maxScrollStepX":16,"maxScrollStepY":16,"diagonalEvents":4,"clippedEvents":0}
[DebugBridge +54852607.4ms] wheel_scroll_motion {"eventCount":4,"rawAbsX":6,"rawAbsY":4,"rawX":6,"rawY":4,"clippedAbsX":6,"clippedAbsY":4,"clippedX":6,"clippedY":4,"requestedAppliedX":5.7348,"requestedAppliedY":3.7908,"appliedX":5.7348,"appliedY":3.7908,"actualX":5.5,"actualY":3.5,"sensitivity":0.9720000000000001,"currentZoomForScroll":2.7007514886865858,"maxScrollStepX":16,"maxScrollStepY":16,"diagonalEvents":1,"clippedEvents":0}
[DebugBridge +54852641.1ms] wheel_scroll_motion {"eventCount":1,"rawAbsX":0,"rawAbsY":2,"rawX":0,"rawY":2,"clippedAbsX":0,"clippedAbsY":2,"clippedX":0,"clippedY":2,"requestedAppliedX":0,"requestedAppliedY":1.9440000000000002,"appliedX":0,"appliedY":1.9440000000000002,"actualX":0,"actualY":1.5,"sensitivity":0.9720000000000001,"currentZoomForScroll":2.7007514886865858,"maxScrollStepX":16,"maxScrollStepY":16,"diagonalEvents":0,"clippedEvents":0}
[DebugBridge +54852690.4ms] wheel_scroll_motion {"eventCount":2,"rawAbsX":4,"rawAbsY":0,"rawX":4,"rawY":0,"clippedAbsX":4,"clippedAbsY":0,"clippedX":4,"clippedY":0,"requestedAppliedX":3.8880000000000003,"requestedAppliedY":0,"appliedX":3.8880000000000003,"appliedY":0,"actualX":3.5,"actualY":0,"sensitivity":0.9720000000000001,"currentZoomForScroll":2.7007514886865858,"maxScrollStepX":16,"maxScrollStepY":16,"diagonalEvents":0,"clippedEvents":0}
[DebugBridge +54852724.1ms] wheel_scroll_motion {"eventCount":2,"rawAbsX":4,"rawAbsY":0,"rawX":4,"rawY":0,"clippedAbsX":4,"clippedAbsY":0,"clippedX":4,"clippedY":0,"requestedAppliedX":3.8880000000000003,"requestedAppliedY":0,"appliedX":3.8880000000000003,"appliedY":0,"actualX":3.5,"actualY":0,"sensitivity":0.9720000000000001,"currentZoomForScroll":2.7007514886865858,"maxScrollStepX":16,"maxScrollStepY":16,"diagonalEvents":0,"clippedEvents":0}
[DebugBridge +54852757.7ms] wheel_scroll_motion {"eventCount":3,"rawAbsX":2,"rawAbsY":4,"rawX":2,"rawY":-4,"clippedAbsX":2,"clippedAbsY":4,"clippedX":2,"clippedY":-4,"requestedAppliedX":1.9440000000000002,"requestedAppliedY":-3.8880000000000003,"appliedX":1.9440000000000002,"appliedY":-3.8880000000000003,"actualX":1.5,"actualY":-4,"sensitivity":0.9720000000000001,"currentZoomForScroll":2.7007514886865858,"maxScrollStepX":16,"maxScrollStepY":16,"diagonalEvents":0,"clippedEvents":0}
[DebugBridge +54853430.3ms] wheel_scroll_motion {"eventCount":3,"rawAbsX":16,"rawAbsY":0,"rawX":-16,"rawY":0,"clippedAbsX":16,"clippedAbsY":0,"clippedX":-16,"clippedY":0,"requestedAppliedX":-15.552000000000001,"requestedAppliedY":0,"appliedX":-15.552000000000001,"appliedY":0,"actualX":-16,"actualY":0,"sensitivity":0.9720000000000001,"currentZoomForScroll":2.7007514886865858,"maxScrollStepX":16,"maxScrollStepY":16,"diagonalEvents":0,"clippedEvents":0}
[DebugBridge +54853458.1ms] wheel_scroll_motion {"eventCount":4,"rawAbsX":62,"rawAbsY":12,"rawX":-62,"rawY":-12,"clippedAbsX":62,"clippedAbsY":12,"clippedX":-62,"clippedY":-12,"requestedAppliedX":-57.5424,"requestedAppliedY":-11.0808,"appliedX":-24.0084,"appliedY":-11.0808,"actualX":-24.5,"actualY":-11.5,"sensitivity":0.9234,"currentZoomForScroll":2.7007514886865858,"maxScrollStepX":24.0084,"maxScrollStepY":16,"diagonalEvents":3,"clippedEvents":0}
[DebugBridge +54853491.1ms] wheel_scroll_motion {"eventCount":4,"rawAbsX":132,"rawAbsY":16,"rawX":-132,"rawY":-16,"clippedAbsX":132,"clippedAbsY":16,"clippedX":-132,"clippedY":-16,"requestedAppliedX":-121.8888,"requestedAppliedY":-14.7744,"appliedX":-31.3956,"appliedY":-14.7744,"actualX":-31.5,"actualY":-15,"sensitivity":0.9234,"currentZoomForScroll":2.7007514886865858,"maxScrollStepX":31.3956,"maxScrollStepY":16,"diagonalEvents":4,"clippedEvents":0}
[DebugBridge +54853522.0ms] wheel_scroll_motion {"eventCount":3,"rawAbsX":80,"rawAbsY":4,"rawX":-80,"rawY":-4,"clippedAbsX":80,"clippedAbsY":4,"clippedX":-80,"clippedY":-4,"requestedAppliedX":-76.8852,"requestedAppliedY":-3.6936,"appliedX":-38.88,"appliedY":-3.6936,"actualX":-39,"actualY":-4,"sensitivity":0.9720000000000001,"currentZoomForScroll":2.7007514886865858,"maxScrollStepX":38.88,"maxScrollStepY":16,"diagonalEvents":1,"clippedEvents":0}
[DebugBridge +54853549.9ms] wheel_scroll_motion {"eventCount":4,"rawAbsX":256,"rawAbsY":0,"rawX":-256,"rawY":0,"clippedAbsX":256,"clippedAbsY":0,"clippedX":-256,"clippedY":0,"requestedAppliedX":-248.83200000000002,"requestedAppliedY":0,"appliedX":-93.31200000000001,"appliedY":0,"actualX":-93.5,"actualY":0,"sensitivity":0.9720000000000001,"currentZoomForScroll":2.7007514886865858,"maxScrollStepX":93.31200000000001,"maxScrollStepY":16,"diagonalEvents":0,"clippedEvents":0}
[DebugBridge +54853582.5ms] wheel_scroll_motion {"eventCount":4,"rawAbsX":230,"rawAbsY":0,"rawX":-230,"rawY":0,"clippedAbsX":230,"clippedAbsY":0,"clippedX":-230,"clippedY":0,"requestedAppliedX":-223.56,"requestedAppliedY":0,"appliedX":-58.32000000000001,"appliedY":0,"actualX":-58.5,"actualY":0,"sensitivity":0.9720000000000001,"currentZoomForScroll":2.7007514886865858,"maxScrollStepX":58.32000000000001,"maxScrollStepY":16,"diagonalEvents":0,"clippedEvents":0}
[DebugBridge +54853613.0ms] wheel_scroll_motion {"eventCount":3,"rawAbsX":154,"rawAbsY":0,"rawX":-154,"rawY":0,"clippedAbsX":154,"clippedAbsY":0,"clippedX":-154,"clippedY":0,"requestedAppliedX":-149.68800000000002,"requestedAppliedY":0,"appliedX":-50.544000000000004,"appliedY":0,"actualX":-51,"actualY":0,"sensitivity":0.9720000000000001,"currentZoomForScroll":2.7007514886865858,"maxScrollStepX":50.544000000000004,"maxScrollStepY":16,"diagonalEvents":0,"clippedEvents":0}
[DebugBridge +54853641.7ms] wheel_scroll_motion {"eventCount":4,"rawAbsX":178,"rawAbsY":0,"rawX":-178,"rawY":0,"clippedAbsX":178,"clippedAbsY":0,"clippedX":-178,"clippedY":0,"requestedAppliedX":-173.01600000000002,"requestedAppliedY":0,"appliedX":-46.656000000000006,"appliedY":0,"actualX":-47,"actualY":0,"sensitivity":0.9720000000000001,"currentZoomForScroll":2.7007514886865858,"maxScrollStepX":46.656000000000006,"maxScrollStepY":16,"diagonalEvents":0,"clippedEvents":0}
[DebugBridge +54853671.5ms] wheel_scroll_motion {"eventCount":3,"rawAbsX":120,"rawAbsY":0,"rawX":-120,"rawY":0,"clippedAbsX":120,"clippedAbsY":0,"clippedX":-120,"clippedY":0,"requestedAppliedX":-116.64000000000001,"requestedAppliedY":0,"appliedX":-40.824000000000005,"appliedY":0,"actualX":-41,"actualY":0,"sensitivity":0.9720000000000001,"currentZoomForScroll":2.7007514886865858,"maxScrollStepX":40.824000000000005,"maxScrollStepY":16,"diagonalEvents":0,"clippedEvents":0}
[DebugBridge +54853697.3ms] wheel_scroll_motion {"eventCount":3,"rawAbsX":106,"rawAbsY":0,"rawX":-106,"rawY":0,"clippedAbsX":106,"clippedAbsY":0,"clippedX":-106,"clippedY":0,"requestedAppliedX":-103.03200000000001,"requestedAppliedY":0,"appliedX":-36.936,"appliedY":0,"actualX":-37,"actualY":0,"sensitivity":0.9720000000000001,"currentZoomForScroll":2.7007514886865858,"maxScrollStepX":36.936,"maxScrollStepY":16,"diagonalEvents":0,"clippedEvents":0}
[DebugBridge +54853724.3ms] wheel_scroll_motion {"eventCount":2,"rawAbsX":60,"rawAbsY":0,"rawX":-60,"rawY":0,"clippedAbsX":60,"clippedAbsY":0,"clippedX":-60,"clippedY":0,"requestedAppliedX":-58.32000000000001,"requestedAppliedY":0,"appliedX":-29.160000000000004,"appliedY":0,"actualX":-29.5,"actualY":0,"sensitivity":0.9720000000000001,"currentZoomForScroll":2.7007514886865858,"maxScrollStepX":29.160000000000004,"maxScrollStepY":16,"diagonalEvents":0,"clippedEvents":0}
[DebugBridge +54854433.1ms] wheel_scroll_motion {"eventCount":4,"rawAbsX":8,"rawAbsY":24,"rawX":8,"rawY":24,"clippedAbsX":8,"clippedAbsY":24,"clippedX":8,"clippedY":24,"requestedAppliedX":7.3872,"requestedAppliedY":22.2588,"appliedX":7.3872,"appliedY":16,"actualX":7,"actualY":16,"sensitivity":0.9234,"currentZoomForScroll":2.7007514886865858,"maxScrollStepX":16,"maxScrollStepY":16,"diagonalEvents":3,"clippedEvents":0}
[DebugBridge +54854466.3ms] wheel_scroll_motion {"eventCount":4,"rawAbsX":12,"rawAbsY":44,"rawX":12,"rawY":44,"clippedAbsX":12,"clippedAbsY":44,"clippedX":12,"clippedY":44,"requestedAppliedX":11.0808,"requestedAppliedY":40.6296,"appliedX":11.0808,"appliedY":16.6212,"actualX":11,"actualY":16.5,"sensitivity":0.9234,"currentZoomForScroll":2.7007514886865858,"maxScrollStepX":16,"maxScrollStepY":16.6212,"diagonalEvents":4,"clippedEvents":0}
[DebugBridge +54854500.0ms] wheel_scroll_motion {"eventCount":4,"rawAbsX":26,"rawAbsY":98,"rawX":26,"rawY":98,"clippedAbsX":26,"clippedAbsY":98,"clippedX":26,"clippedY":98,"requestedAppliedX":24.0084,"requestedAppliedY":90.4932,"appliedX":16,"appliedY":31.3956,"actualX":16,"actualY":31,"sensitivity":0.9234,"currentZoomForScroll":2.7007514886865858,"maxScrollStepX":16,"maxScrollStepY":31.3956,"diagonalEvents":4,"clippedEvents":0}
[DebugBridge +54854532.6ms] wheel_scroll_motion {"eventCount":4,"rawAbsX":14,"rawAbsY":94,"rawX":14,"rawY":94,"clippedAbsX":14,"clippedAbsY":94,"clippedX":14,"clippedY":94,"requestedAppliedX":12.9276,"requestedAppliedY":88.1604,"appliedX":12.9276,"appliedY":27.216,"actualX":12.5,"actualY":27,"sensitivity":0.9720000000000001,"currentZoomForScroll":2.7007514886865858,"maxScrollStepX":16,"maxScrollStepY":27.216,"diagonalEvents":3,"clippedEvents":0}
[DebugBridge +54854566.1ms] wheel_scroll_motion {"eventCount":4,"rawAbsX":0,"rawAbsY":142,"rawX":0,"rawY":142,"clippedAbsX":0,"clippedAbsY":142,"clippedX":0,"clippedY":142,"requestedAppliedX":0,"requestedAppliedY":138.024,"appliedX":0,"appliedY":36.936,"actualX":0,"actualY":36.5,"sensitivity":0.9720000000000001,"currentZoomForScroll":2.7007514886865858,"maxScrollStepX":16,"maxScrollStepY":36.936,"diagonalEvents":0,"clippedEvents":0}
[DebugBridge +54854597.1ms] wheel_scroll_motion {"eventCount":3,"rawAbsX":0,"rawAbsY":126,"rawX":0,"rawY":126,"clippedAbsX":0,"clippedAbsY":126,"clippedX":0,"clippedY":126,"requestedAppliedX":0,"requestedAppliedY":122.47200000000001,"appliedX":0,"appliedY":42.768,"actualX":0,"actualY":42.5,"sensitivity":0.9720000000000001,"currentZoomForScroll":2.7007514886865858,"maxScrollStepX":16,"maxScrollStepY":42.768,"diagonalEvents":0,"clippedEvents":0}
[DebugBridge +54854623.5ms] wheel_scroll_motion {"eventCount":4,"rawAbsX":0,"rawAbsY":160,"rawX":0,"rawY":160,"clippedAbsX":0,"clippedAbsY":160,"clippedX":0,"clippedY":160,"requestedAppliedX":0,"requestedAppliedY":155.52,"appliedX":0,"appliedY":40.824000000000005,"actualX":0,"actualY":40.5,"sensitivity":0.9720000000000001,"currentZoomForScroll":2.7007514886865858,"maxScrollStepX":16,"maxScrollStepY":40.824000000000005,"diagonalEvents":0,"clippedEvents":0}
[DebugBridge +54854655.4ms] wheel_scroll_motion {"eventCount":3,"rawAbsX":0,"rawAbsY":102,"rawX":0,"rawY":102,"clippedAbsX":0,"clippedAbsY":102,"clippedX":0,"clippedY":102,"requestedAppliedX":0,"requestedAppliedY":99.144,"appliedX":0,"appliedY":33.048,"actualX":0,"actualY":33,"sensitivity":0.9720000000000001,"currentZoomForScroll":2.7007514886865858,"maxScrollStepX":16,"maxScrollStepY":33.048,"diagonalEvents":0,"clippedEvents":0}
[DebugBridge +54854683.0ms] wheel_scroll_motion {"eventCount":4,"rawAbsX":0,"rawAbsY":116,"rawX":0,"rawY":116,"clippedAbsX":0,"clippedAbsY":116,"clippedX":0,"clippedY":116,"requestedAppliedX":0,"requestedAppliedY":112.75200000000002,"appliedX":0,"appliedY":29.160000000000004,"actualX":0,"actualY":29,"sensitivity":0.9720000000000001,"currentZoomForScroll":2.7007514886865858,"maxScrollStepX":16,"maxScrollStepY":29.160000000000004,"diagonalEvents":0,"clippedEvents":0}
[DebugBridge +54854714.6ms] wheel_scroll_motion {"eventCount":4,"rawAbsX":0,"rawAbsY":98,"rawX":0,"rawY":98,"clippedAbsX":0,"clippedAbsY":98,"clippedX":0,"clippedY":98,"requestedAppliedX":0,"requestedAppliedY":95.25600000000001,"appliedX":0,"appliedY":25.272000000000002,"actualX":0,"actualY":25,"sensitivity":0.9720000000000001,"currentZoomForScroll":2.7007514886865858,"maxScrollStepX":16,"maxScrollStepY":25.272000000000002,"diagonalEvents":0,"clippedEvents":0}
[DebugBridge +54854748.5ms] wheel_scroll_motion {"eventCount":4,"rawAbsX":0,"rawAbsY":84,"rawX":0,"rawY":84,"clippedAbsX":0,"clippedAbsY":84,"clippedX":0,"clippedY":84,"requestedAppliedX":0,"requestedAppliedY":81.648,"appliedX":0,"appliedY":21.384,"actualX":0,"actualY":21,"sensitivity":0.9720000000000001,"currentZoomForScroll":2.7007514886865858,"maxScrollStepX":16,"maxScrollStepY":21.384,"diagonalEvents":0,"clippedEvents":0}
[DebugBridge +54854782.0ms] wheel_scroll_motion {"eventCount":4,"rawAbsX":0,"rawAbsY":68,"rawX":0,"rawY":68,"clippedAbsX":0,"clippedAbsY":68,"clippedX":0,"clippedY":68,"requestedAppliedX":0,"requestedAppliedY":66.096,"appliedX":0,"appliedY":17.496000000000002,"actualX":0,"actualY":17,"sensitivity":0.9720000000000001,"currentZoomForScroll":2.7007514886865858,"maxScrollStepX":16,"maxScrollStepY":17.496000000000002,"diagonalEvents":0,"clippedEvents":0}
[DebugBridge +54854816.3ms] wheel_scroll_motion {"eventCount":4,"rawAbsX":0,"rawAbsY":60,"rawX":0,"rawY":60,"clippedAbsX":0,"clippedAbsY":60,"clippedX":0,"clippedY":60,"requestedAppliedX":0,"requestedAppliedY":58.32000000000001,"appliedX":0,"appliedY":16,"actualX":0,"actualY":16,"sensitivity":0.9720000000000001,"currentZoomForScroll":2.7007514886865858,"maxScrollStepX":16,"maxScrollStepY":16,"diagonalEvents":0,"clippedEvents":0}
[DebugBridge +54854850.1ms] wheel_scroll_motion {"eventCount":4,"rawAbsX":0,"rawAbsY":52,"rawX":0,"rawY":52,"clippedAbsX":0,"clippedAbsY":52,"clippedX":0,"clippedY":52,"requestedAppliedX":0,"requestedAppliedY":50.544000000000004,"appliedX":0,"appliedY":16,"actualX":0,"actualY":16,"sensitivity":0.9720000000000001,"currentZoomForScroll":2.7007514886865858,"maxScrollStepX":16,"maxScrollStepY":16,"diagonalEvents":0,"clippedEvents":0}
[DebugBridge +54854915.8ms] wheel_scroll_motion {"eventCount":4,"rawAbsX":8,"rawAbsY":20,"rawX":8,"rawY":20,"clippedAbsX":8,"clippedAbsY":20,"clippedX":8,"clippedY":20,"requestedAppliedX":7.3872,"requestedAppliedY":18.565199999999997,"appliedX":7.3872,"appliedY":16,"actualX":7,"actualY":16,"sensitivity":0.9234,"currentZoomForScroll":2.7007514886865858,"maxScrollStepX":16,"maxScrollStepY":16,"diagonalEvents":3,"clippedEvents":0}
[DebugBridge +54854947.1ms] wheel_scroll_motion {"eventCount":3,"rawAbsX":12,"rawAbsY":46,"rawX":12,"rawY":46,"clippedAbsX":12,"clippedAbsY":46,"clippedX":12,"clippedY":46,"requestedAppliedX":11.0808,"requestedAppliedY":42.476400000000005,"appliedX":11.0808,"appliedY":22.1616,"actualX":11,"actualY":22,"sensitivity":0.9234,"currentZoomForScroll":2.7007514886865858,"maxScrollStepX":16,"maxScrollStepY":22.1616,"diagonalEvents":3,"clippedEvents":0}
[DebugBridge +54854975.1ms] wheel_scroll_motion {"eventCount":4,"rawAbsX":32,"rawAbsY":170,"rawX":32,"rawY":170,"clippedAbsX":32,"clippedAbsY":170,"clippedX":32,"clippedY":170,"requestedAppliedX":29.5488,"requestedAppliedY":156.978,"appliedX":16,"appliedY":62.7912,"actualX":16,"actualY":62.5,"sensitivity":0.9234,"currentZoomForScroll":2.7007514886865858,"maxScrollStepX":16,"maxScrollStepY":62.7912,"diagonalEvents":4,"clippedEvents":0}
[SVGAnnotationLayer] setRotInputVisible(false) reason=selectedIds.size !== 1
[DebugBridge +54855062.4ms] wheel_scroll_motion {"eventCount":3,"rawAbsX":54,"rawAbsY":220,"rawX":54,"rawY":220,"clippedAbsX":54,"clippedAbsY":203.86910773813938,"clippedX":54,"clippedY":203.86910773813938,"requestedAppliedX":49.8636,"requestedAppliedY":188.2527340853979,"appliedX":36.936,"appliedY":123.6147340853979,"actualX":36.5,"actualY":123.5,"sensitivity":0.9234,"currentZoomForScroll":2.7007514886865858,"maxScrollStepX":36.936,"maxScrollStepY":123.6147340853979,"diagonalEvents":3,"clippedEvents":1}
[DebugBridge +54855088.4ms] wheel_scroll_motion {"eventCount":3,"rawAbsX":0,"rawAbsY":164,"rawX":0,"rawY":164,"clippedAbsX":0,"clippedAbsY":164,"clippedX":0,"clippedY":164,"requestedAppliedX":0,"requestedAppliedY":159.40800000000002,"appliedX":0,"appliedY":81.64800000000001,"actualX":0,"actualY":81.5,"sensitivity":0.9720000000000001,"currentZoomForScroll":2.7007514886865858,"maxScrollStepX":16,"maxScrollStepY":81.64800000000001,"diagonalEvents":0,"clippedEvents":0}
[DebugBridge +54855114.8ms] wheel_scroll_motion {"eventCount":4,"rawAbsX":0,"rawAbsY":200,"rawX":0,"rawY":200,"clippedAbsX":0,"clippedAbsY":200,"clippedX":0,"clippedY":200,"requestedAppliedX":0,"requestedAppliedY":194.40000000000003,"appliedX":0,"appliedY":50.544000000000004,"actualX":0,"actualY":50.5,"sensitivity":0.9720000000000001,"currentZoomForScroll":2.7007514886865858,"maxScrollStepX":16,"maxScrollStepY":50.544000000000004,"diagonalEvents":0,"clippedEvents":0}
[DebugBridge +54855147.0ms] wheel_scroll_motion {"eventCount":3,"rawAbsX":0,"rawAbsY":148,"rawX":0,"rawY":148,"clippedAbsX":0,"clippedAbsY":148,"clippedX":0,"clippedY":148,"requestedAppliedX":0,"requestedAppliedY":143.856,"appliedX":0,"appliedY":50.544000000000004,"actualX":0,"actualY":50.5,"sensitivity":0.9720000000000001,"currentZoomForScroll":2.7007514886865858,"maxScrollStepX":16,"maxScrollStepY":50.544000000000004,"diagonalEvents":0,"clippedEvents":0}
[DebugBridge +54855172.4ms] wheel_scroll_motion {"eventCount":4,"rawAbsX":0,"rawAbsY":174,"rawX":0,"rawY":174,"clippedAbsX":0,"clippedAbsY":174,"clippedX":0,"clippedY":174,"requestedAppliedX":0,"requestedAppliedY":169.12800000000001,"appliedX":0,"appliedY":44.712,"actualX":0,"actualY":44.5,"sensitivity":0.9720000000000001,"currentZoomForScroll":2.7007514886865858,"maxScrollStepX":16,"maxScrollStepY":44.712,"diagonalEvents":0,"clippedEvents":0}
[DebugBridge +54855206.8ms] wheel_scroll_motion {"eventCount":4,"rawAbsX":0,"rawAbsY":144,"rawX":0,"rawY":144,"clippedAbsX":0,"clippedAbsY":144,"clippedX":0,"clippedY":144,"requestedAppliedX":0,"requestedAppliedY":139.96800000000002,"appliedX":0,"appliedY":36.936,"actualX":0,"actualY":36.5,"sensitivity":0.9720000000000001,"currentZoomForScroll":2.7007514886865858,"maxScrollStepX":16,"maxScrollStepY":36.936,"diagonalEvents":0,"clippedEvents":0}
[DebugBridge +54855240.6ms] wheel_scroll_motion {"eventCount":4,"rawAbsX":0,"rawAbsY":126,"rawX":0,"rawY":126,"clippedAbsX":0,"clippedAbsY":126,"clippedX":0,"clippedY":126,"requestedAppliedX":0,"requestedAppliedY":122.47200000000001,"appliedX":0,"appliedY":33.048,"actualX":0,"actualY":33,"sensitivity":0.9720000000000001,"currentZoomForScroll":2.7007514886865858,"maxScrollStepX":16,"maxScrollStepY":33.048,"diagonalEvents":0,"clippedEvents":0}
[DebugBridge +54855273.6ms] wheel_scroll_motion {"eventCount":4,"rawAbsX":0,"rawAbsY":102,"rawX":0,"rawY":102,"clippedAbsX":0,"clippedAbsY":102,"clippedX":0,"clippedY":102,"requestedAppliedX":0,"requestedAppliedY":99.144,"appliedX":0,"appliedY":25.272000000000002,"actualX":0,"actualY":25,"sensitivity":0.9720000000000001,"currentZoomForScroll":2.7007514886865858,"maxScrollStepX":16,"maxScrollStepY":25.272000000000002,"diagonalEvents":0,"clippedEvents":0}
[DebugBridge +54855307.0ms] wheel_scroll_motion {"eventCount":4,"rawAbsX":0,"rawAbsY":88,"rawX":0,"rawY":88,"clippedAbsX":0,"clippedAbsY":88,"clippedX":0,"clippedY":88,"requestedAppliedX":0,"requestedAppliedY":85.536,"appliedX":0,"appliedY":21.384,"actualX":0,"actualY":21,"sensitivity":0.9720000000000001,"currentZoomForScroll":2.7007514886865858,"maxScrollStepX":16,"maxScrollStepY":21.384,"diagonalEvents":0,"clippedEvents":0}
[DebugBridge +54855339.0ms] wheel_scroll_motion {"eventCount":4,"rawAbsX":0,"rawAbsY":76,"rawX":0,"rawY":76,"clippedAbsX":0,"clippedAbsY":76,"clippedX":0,"clippedY":76,"requestedAppliedX":0,"requestedAppliedY":73.87200000000001,"appliedX":0,"appliedY":19.44,"actualX":0,"actualY":19,"sensitivity":0.9720000000000001,"currentZoomForScroll":2.7007514886865858,"maxScrollStepX":16,"maxScrollStepY":19.44,"diagonalEvents":0,"clippedEvents":0}
[DebugBridge +54855371.6ms] wheel_scroll_motion {"eventCount":3,"rawAbsX":0,"rawAbsY":48,"rawX":0,"rawY":48,"clippedAbsX":0,"clippedAbsY":48,"clippedX":0,"clippedY":48,"requestedAppliedX":0,"requestedAppliedY":46.656000000000006,"appliedX":0,"appliedY":16,"actualX":0,"actualY":16,"sensitivity":0.9720000000000001,"currentZoomForScroll":2.7007514886865858,"maxScrollStepX":16,"maxScrollStepY":16,"diagonalEvents":0,"clippedEvents":0}
[DebugBridge +54855398.4ms] wheel_scroll_motion {"eventCount":4,"rawAbsX":0,"rawAbsY":58,"rawX":0,"rawY":58,"clippedAbsX":0,"clippedAbsY":58,"clippedX":0,"clippedY":58,"requestedAppliedX":0,"requestedAppliedY":56.376000000000005,"appliedX":0,"appliedY":16,"actualX":0,"actualY":16,"sensitivity":0.9720000000000001,"currentZoomForScroll":2.7007514886865858,"maxScrollStepX":16,"maxScrollStepY":16,"diagonalEvents":0,"clippedEvents":0}
[DebugBridge +54855430.5ms] wheel_scroll_motion {"eventCount":3,"rawAbsX":0,"rawAbsY":38,"rawX":0,"rawY":38,"clippedAbsX":0,"clippedAbsY":38,"clippedX":0,"clippedY":38,"requestedAppliedX":0,"requestedAppliedY":36.93600000000001,"appliedX":0,"appliedY":16,"actualX":0,"actualY":16,"sensitivity":0.9720000000000001,"currentZoomForScroll":2.7007514886865858,"maxScrollStepX":16,"maxScrollStepY":16,"diagonalEvents":0,"clippedEvents":0}
[DebugBridge +54855455.5ms] wheel_scroll_motion {"eventCount":3,"rawAbsX":0,"rawAbsY":30,"rawX":0,"rawY":30,"clippedAbsX":0,"clippedAbsY":30,"clippedX":0,"clippedY":30,"requestedAppliedX":0,"requestedAppliedY":29.160000000000004,"appliedX":0,"appliedY":16,"actualX":0,"actualY":16,"sensitivity":0.9720000000000001,"currentZoomForScroll":2.7007514886865858,"maxScrollStepX":16,"maxScrollStepY":16,"diagonalEvents":0,"clippedEvents":0}
[DebugBridge +54855523.8ms] wheel_scroll_motion {"eventCount":4,"rawAbsX":18,"rawAbsY":10,"rawX":18,"rawY":10,"clippedAbsX":18,"clippedAbsY":10,"clippedX":18,"clippedY":10,"requestedAppliedX":16.7184,"requestedAppliedY":9.234,"appliedX":16,"appliedY":9.234,"actualX":16,"actualY":9,"sensitivity":0.9234,"currentZoomForScroll":2.7007514886865858,"maxScrollStepX":16,"maxScrollStepY":16,"diagonalEvents":3,"clippedEvents":0}
[DebugBridge +54855555.1ms] wheel_scroll_motion {"eventCount":3,"rawAbsX":44,"rawAbsY":26,"rawX":44,"rawY":26,"clippedAbsX":44,"clippedAbsY":26,"clippedX":44,"clippedY":26,"requestedAppliedX":40.629599999999996,"requestedAppliedY":24.0084,"appliedX":25.8552,"appliedY":16,"actualX":25.5,"actualY":16,"sensitivity":0.9234,"currentZoomForScroll":2.7007514886865858,"maxScrollStepX":25.8552,"maxScrollStepY":16,"diagonalEvents":3,"clippedEvents":0}
[DebugBridge +54855580.4ms] wheel_scroll_motion {"eventCount":3,"rawAbsX":42,"rawAbsY":20,"rawX":42,"rawY":20,"clippedAbsX":42,"clippedAbsY":20,"clippedX":42,"clippedY":20,"requestedAppliedX":38.7828,"requestedAppliedY":18.468000000000004,"appliedX":18.468,"appliedY":16,"actualX":18,"actualY":16,"sensitivity":0.9234,"currentZoomForScroll":2.7007514886865858,"maxScrollStepX":18.468,"maxScrollStepY":16,"diagonalEvents":3,"clippedEvents":0}
[DebugBridge +54855608.1ms] wheel_scroll_motion {"eventCount":4,"rawAbsX":82,"rawAbsY":24,"rawX":82,"rawY":24,"clippedAbsX":82,"clippedAbsY":24,"clippedX":82,"clippedY":24,"requestedAppliedX":75.7188,"requestedAppliedY":22.1616,"appliedX":31.3956,"appliedY":16,"actualX":31,"actualY":16,"sensitivity":0.9234,"currentZoomForScroll":2.7007514886865858,"maxScrollStepX":31.3956,"maxScrollStepY":16,"diagonalEvents":4,"clippedEvents":0}
[DebugBridge +54855640.9ms] wheel_scroll_motion {"eventCount":4,"rawAbsX":46,"rawAbsY":16,"rawX":46,"rawY":16,"clippedAbsX":46,"clippedAbsY":16,"clippedX":46,"clippedY":16,"requestedAppliedX":42.476400000000005,"requestedAppliedY":14.7744,"appliedX":16,"appliedY":14.7744,"actualX":16,"actualY":14.5,"sensitivity":0.9234,"currentZoomForScroll":2.7007514886865858,"maxScrollStepX":16,"maxScrollStepY":16,"diagonalEvents":4,"clippedEvents":0}
[DebugBridge +54855674.0ms] wheel_scroll_motion {"eventCount":4,"rawAbsX":50,"rawAbsY":0,"rawX":50,"rawY":0,"clippedAbsX":50,"clippedAbsY":0,"clippedX":50,"clippedY":0,"requestedAppliedX":48.60000000000001,"requestedAppliedY":0,"appliedX":17.496000000000002,"appliedY":0,"actualX":17,"actualY":0,"sensitivity":0.9720000000000001,"currentZoomForScroll":2.7007514886865858,"maxScrollStepX":17.496000000000002,"maxScrollStepY":16,"diagonalEvents":0,"clippedEvents":0}
[DebugBridge +54855707.4ms] wheel_scroll_motion {"eventCount":4,"rawAbsX":80,"rawAbsY":0,"rawX":80,"rawY":0,"clippedAbsX":80,"clippedAbsY":0,"clippedX":80,"clippedY":0,"requestedAppliedX":77.76,"requestedAppliedY":0,"appliedX":19.44,"appliedY":0,"actualX":19,"actualY":0,"sensitivity":0.9720000000000001,"currentZoomForScroll":2.7007514886865858,"maxScrollStepX":19.44,"maxScrollStepY":16,"diagonalEvents":0,"clippedEvents":0}
[DebugBridge +54855741.5ms] wheel_scroll_motion {"eventCount":4,"rawAbsX":94,"rawAbsY":0,"rawX":94,"rawY":0,"clippedAbsX":94,"clippedAbsY":0,"clippedX":94,"clippedY":0,"requestedAppliedX":91.36800000000001,"requestedAppliedY":0,"appliedX":25.272000000000002,"appliedY":0,"actualX":25,"actualY":0,"sensitivity":0.9720000000000001,"currentZoomForScroll":2.7007514886865858,"maxScrollStepX":25.272000000000002,"maxScrollStepY":16,"diagonalEvents":0,"clippedEvents":0}
[DebugBridge +54855773.9ms] wheel_scroll_motion {"eventCount":4,"rawAbsX":78,"rawAbsY":0,"rawX":78,"rawY":0,"clippedAbsX":78,"clippedAbsY":0,"clippedX":78,"clippedY":0,"requestedAppliedX":75.816,"requestedAppliedY":0,"appliedX":19.44,"appliedY":0,"actualX":19,"actualY":0,"sensitivity":0.9720000000000001,"currentZoomForScroll":2.7007514886865858,"maxScrollStepX":19.44,"maxScrollStepY":16,"diagonalEvents":0,"clippedEvents":0}
[DebugBridge +54855807.7ms] wheel_scroll_motion {"eventCount":4,"rawAbsX":66,"rawAbsY":0,"rawX":66,"rawY":0,"clippedAbsX":66,"clippedAbsY":0,"clippedX":66,"clippedY":0,"requestedAppliedX":64.152,"requestedAppliedY":0,"appliedX":17.496000000000002,"appliedY":0,"actualX":17,"actualY":0,"sensitivity":0.9720000000000001,"currentZoomForScroll":2.7007514886865858,"maxScrollStepX":17.496000000000002,"maxScrollStepY":16,"diagonalEvents":0,"clippedEvents":0}
[DebugBridge +54855839.7ms] wheel_scroll_motion {"eventCount":4,"rawAbsX":58,"rawAbsY":0,"rawX":58,"rawY":0,"clippedAbsX":58,"clippedAbsY":0,"clippedX":58,"clippedY":0,"requestedAppliedX":56.376000000000005,"requestedAppliedY":0,"appliedX":16,"appliedY":0,"actualX":16,"actualY":0,"sensitivity":0.9720000000000001,"currentZoomForScroll":2.7007514886865858,"maxScrollStepX":16,"maxScrollStepY":16,"diagonalEvents":0,"clippedEvents":0}
[DebugBridge +54855872.4ms] wheel_scroll_motion {"eventCount":3,"rawAbsX":38,"rawAbsY":0,"rawX":38,"rawY":0,"clippedAbsX":38,"clippedAbsY":0,"clippedX":38,"clippedY":0,"requestedAppliedX":36.93600000000001,"requestedAppliedY":0,"appliedX":16,"appliedY":0,"actualX":16,"actualY":0,"sensitivity":0.9720000000000001,"currentZoomForScroll":2.7007514886865858,"maxScrollStepX":16,"maxScrollStepY":16,"diagonalEvents":0,"clippedEvents":0}
[DebugBridge +54855899.0ms] wheel_scroll_motion {"eventCount":4,"rawAbsX":40,"rawAbsY":0,"rawX":40,"rawY":0,"clippedAbsX":40,"clippedAbsY":0,"clippedX":40,"clippedY":0,"requestedAppliedX":38.88,"requestedAppliedY":0,"appliedX":16,"appliedY":0,"actualX":16,"actualY":0,"sensitivity":0.9720000000000001,"currentZoomForScroll":2.7007514886865858,"maxScrollStepX":16,"maxScrollStepY":16,"diagonalEvents":0,"clippedEvents":0}
[DebugBridge +54855930.5ms] wheel_scroll_motion {"eventCount":3,"rawAbsX":26,"rawAbsY":0,"rawX":26,"rawY":0,"clippedAbsX":26,"clippedAbsY":0,"clippedX":26,"clippedY":0,"requestedAppliedX":25.272000000000002,"requestedAppliedY":0,"appliedX":16,"appliedY":0,"actualX":16,"actualY":0,"sensitivity":0.9720000000000001,"currentZoomForScroll":2.7007514886865858,"maxScrollStepX":16,"maxScrollStepY":16,"diagonalEvents":0,"clippedEvents":0}
[DebugBridge +54855954.9ms] wheel_scroll_motion {"eventCount":3,"rawAbsX":32,"rawAbsY":0,"rawX":32,"rawY":0,"clippedAbsX":32,"clippedAbsY":0,"clippedX":32,"clippedY":0,"requestedAppliedX":31.104000000000003,"requestedAppliedY":0,"appliedX":16,"appliedY":0,"actualX":16,"actualY":0,"sensitivity":0.9720000000000001,"currentZoomForScroll":2.7007514886865858,"maxScrollStepX":16,"maxScrollStepY":16,"diagonalEvents":0,"clippedEvents":0}
[DebugBridge +54855982.0ms] wheel_scroll_motion {"eventCount":2,"rawAbsX":12,"rawAbsY":0,"rawX":12,"rawY":0,"clippedAbsX":12,"clippedAbsY":0,"clippedX":12,"clippedY":0,"requestedAppliedX":11.664000000000001,"requestedAppliedY":0,"appliedX":11.664000000000001,"appliedY":0,"actualX":11.5,"actualY":0,"sensitivity":0.9720000000000001,"currentZoomForScroll":2.7007514886865858,"maxScrollStepX":16,"maxScrollStepY":16,"diagonalEvents":0,"clippedEvents":0}
[DebugBridge +54856048.7ms] wheel_scroll_motion {"eventCount":4,"rawAbsX":18,"rawAbsY":30,"rawX":18,"rawY":30,"clippedAbsX":18,"clippedAbsY":30,"clippedX":18,"clippedY":30,"requestedAppliedX":16.6212,"requestedAppliedY":27.7992,"appliedX":16,"appliedY":16,"actualX":16,"actualY":16,"sensitivity":0.9234,"currentZoomForScroll":2.7007514886865858,"maxScrollStepX":16,"maxScrollStepY":16,"diagonalEvents":3,"clippedEvents":0}
[DebugBridge +54856082.4ms] wheel_scroll_motion {"eventCount":4,"rawAbsX":32,"rawAbsY":68,"rawX":32,"rawY":68,"clippedAbsX":32,"clippedAbsY":68,"clippedX":32,"clippedY":68,"requestedAppliedX":29.5488,"requestedAppliedY":62.791199999999996,"appliedX":16,"appliedY":20.314799999999998,"actualX":16,"actualY":20,"sensitivity":0.9234,"currentZoomForScroll":2.7007514886865858,"maxScrollStepX":16,"maxScrollStepY":20.314799999999998,"diagonalEvents":4,"clippedEvents":0}
[DebugBridge +54856115.9ms] wheel_scroll_motion {"eventCount":4,"rawAbsX":64,"rawAbsY":140,"rawX":64,"rawY":140,"clippedAbsX":64,"clippedAbsY":140,"clippedX":64,"clippedY":140,"requestedAppliedX":59.0976,"requestedAppliedY":129.27599999999998,"appliedX":25.8552,"appliedY":51.7104,"actualX":25.5,"actualY":51.5,"sensitivity":0.9234,"currentZoomForScroll":2.7007514886865858,"maxScrollStepX":25.8552,"maxScrollStepY":51.7104,"diagonalEvents":4,"clippedEvents":0}
[DebugBridge +54856155.5ms] wheel_scroll_motion {"eventCount":2,"rawAbsX":22,"rawAbsY":42,"rawX":22,"rawY":42,"clippedAbsX":22,"clippedAbsY":42,"clippedX":22,"clippedY":42,"requestedAppliedX":20.314799999999998,"requestedAppliedY":38.7828,"appliedX":16,"appliedY":25.8552,"actualX":16,"actualY":25.5,"sensitivity":0.9234,"currentZoomForScroll":2.7007514886865858,"maxScrollStepX":16,"maxScrollStepY":25.8552,"diagonalEvents":2,"clippedEvents":0}
[DebugBridge +54856182.4ms] wheel_scroll_motion {"eventCount":4,"rawAbsX":102,"rawAbsY":208,"rawX":102,"rawY":208,"clippedAbsX":102,"clippedAbsY":208,"clippedX":102,"clippedY":208,"requestedAppliedX":94.1868,"requestedAppliedY":192.06719999999999,"appliedX":49.8636,"appliedY":110.80799999999999,"actualX":49.5,"actualY":110.5,"sensitivity":0.9234,"currentZoomForScroll":2.7007514886865858,"maxScrollStepX":49.8636,"maxScrollStepY":110.80799999999999,"diagonalEvents":4,"clippedEvents":0}
[DebugBridge +54856213.2ms] wheel_scroll_motion {"eventCount":3,"rawAbsX":58,"rawAbsY":136,"rawX":58,"rawY":136,"clippedAbsX":58,"clippedAbsY":136,"clippedX":58,"clippedY":136,"requestedAppliedX":53.5572,"requestedAppliedY":125.58239999999999,"appliedX":20.314799999999998,"appliedY":44.3232,"actualX":20,"actualY":44,"sensitivity":0.9234,"currentZoomForScroll":2.7007514886865858,"maxScrollStepX":20.314799999999998,"maxScrollStepY":44.3232,"diagonalEvents":3,"clippedEvents":0}
[DebugBridge +54856237.8ms] wheel_scroll_motion {"eventCount":3,"rawAbsX":64,"rawAbsY":144,"rawX":64,"rawY":144,"clippedAbsX":64,"clippedAbsY":144,"clippedX":64,"clippedY":144,"requestedAppliedX":59.0976,"requestedAppliedY":132.9696,"appliedX":20.314799999999998,"appliedY":46.17,"actualX":20,"actualY":46,"sensitivity":0.9234,"currentZoomForScroll":2.7007514886865858,"maxScrollStepX":20.314799999999998,"maxScrollStepY":46.17,"diagonalEvents":3,"clippedEvents":0}
[DebugBridge +54856264.4ms] wheel_scroll_motion {"eventCount":4,"rawAbsX":70,"rawAbsY":166,"rawX":70,"rawY":166,"clippedAbsX":70,"clippedAbsY":166,"clippedX":70,"clippedY":166,"requestedAppliedX":64.638,"requestedAppliedY":153.2844,"appliedX":18.468,"appliedY":40.629599999999996,"actualX":18,"actualY":40.5,"sensitivity":0.9234,"currentZoomForScroll":2.7007514886865858,"maxScrollStepX":18.468,"maxScrollStepY":40.629599999999996,"diagonalEvents":4,"clippedEvents":0}
[DebugBridge +54856273.4ms] page_visit_start {"page":9,"pageCount":36,"revisited":false,"hasContainer":true,"hasPdfSurface":true,"spinnerVisible":false,"hasAnnotationOverlay":true,"ready":true}
[DebugBridge +54856274.5ms] page_visit_ready {"page":9,"pageCount":36,"revisited":false,"waitMs":2,"hasContainer":true,"hasPdfSurface":true,"spinnerVisible":false,"hasAnnotationOverlay":true,"ready":true}
[DebugBridge +54856445.2ms] wheel_scroll_motion {"eventCount":5,"rawAbsX":234,"rawAbsY":554,"rawX":234,"rawY":554,"clippedAbsX":231.86910773813938,"clippedAbsY":365.73821547627875,"clippedX":231.86910773813938,"clippedY":365.73821547627875,"requestedAppliedX":214.1079340853979,"requestedAppliedY":337.72266817079577,"appliedX":123.6147340853979,"appliedY":123.6147340853979,"actualX":123.5,"actualY":123.5,"sensitivity":0.9234,"currentZoomForScroll":2.7007514886865858,"maxScrollStepX":123.6147340853979,"maxScrollStepY":123.6147340853979,"diagonalEvents":5,"clippedEvents":2}
[DebugBridge +54856488.0ms] wheel_scroll_motion {"eventCount":4,"rawAbsX":24,"rawAbsY":58,"rawX":24,"rawY":58,"clippedAbsX":24,"clippedAbsY":58,"clippedX":24,"clippedY":58,"requestedAppliedX":22.1616,"requestedAppliedY":53.557199999999995,"appliedX":16,"appliedY":16,"actualX":16,"actualY":16,"sensitivity":0.9234,"currentZoomForScroll":2.7007514886865858,"maxScrollStepX":16,"maxScrollStepY":16,"diagonalEvents":4,"clippedEvents":0}
[DebugBridge +54857198.7ms] wheel_scroll_motion {"eventCount":7,"rawAbsX":342,"rawAbsY":1114,"rawX":-174,"rawY":1114,"clippedAbsX":325.8691077381394,"clippedAbsY":343.73821547627875,"clippedX":-157.86910773813938,"clippedY":343.73821547627875,"requestedAppliedX":-145.8735340853979,"requestedAppliedY":325.3719068068694,"appliedX":-123.6147340853979,"appliedY":130.1207727214715,"actualX":-124,"actualY":130,"sensitivity":0.9234,"currentZoomForScroll":2.7007514886865858,"maxScrollStepX":123.6147340853979,"maxScrollStepY":130.1207727214715,"diagonalEvents":3,"clippedEvents":3}
[DebugBridge +54857236.5ms] wheel_scroll_motion {"eventCount":4,"rawAbsX":816,"rawAbsY":0,"rawX":-816,"rawY":0,"clippedAbsX":205.86910773813938,"clippedAbsY":0,"clippedX":-205.86910773813938,"clippedY":0,"requestedAppliedX":-200.10477272147153,"requestedAppliedY":0,"appliedX":-130.1207727214715,"appliedY":0,"actualX":-130.5,"actualY":0,"sensitivity":0.9720000000000001,"currentZoomForScroll":2.7007514886865858,"maxScrollStepX":130.1207727214715,"maxScrollStepY":16,"diagonalEvents":0,"clippedEvents":1}
[DebugBridge +54857266.9ms] wheel_scroll_motion {"eventCount":4,"rawAbsX":76,"rawAbsY":0,"rawX":-76,"rawY":0,"clippedAbsX":76,"clippedAbsY":0,"clippedX":-76,"clippedY":0,"requestedAppliedX":-73.87200000000001,"requestedAppliedY":0,"appliedX":-19.44,"appliedY":0,"actualX":-19.5,"actualY":0,"sensitivity":0.9720000000000001,"currentZoomForScroll":2.7007514886865858,"maxScrollStepX":19.44,"maxScrollStepY":16,"diagonalEvents":0,"clippedEvents":0}
[DebugBridge +54857525.7ms] wheel_scroll_motion {"eventCount":4,"rawAbsX":264,"rawAbsY":0,"rawX":-264,"rawY":0,"clippedAbsX":181.86910773813938,"clippedAbsY":0,"clippedX":-181.86910773813938,"clippedY":0,"requestedAppliedX":-176.7767727214715,"requestedAppliedY":0,"appliedX":-130.1207727214715,"appliedY":0,"actualX":-130.5,"actualY":0,"sensitivity":0.9720000000000001,"currentZoomForScroll":2.7007514886865858,"maxScrollStepX":130.1207727214715,"maxScrollStepY":16,"diagonalEvents":0,"clippedEvents":1}
[DebugBridge +54858117.0ms] wheel_scroll_motion {"eventCount":4,"rawAbsX":16,"rawAbsY":8,"rawX":-16,"rawY":8,"clippedAbsX":16,"clippedAbsY":8,"clippedX":-16,"clippedY":8,"requestedAppliedX":-14.8716,"requestedAppliedY":7.3872,"appliedX":-14.8716,"appliedY":7.3872,"actualX":-15,"actualY":7,"sensitivity":0.9234,"currentZoomForScroll":2.7007514886865858,"maxScrollStepX":16,"maxScrollStepY":16,"diagonalEvents":3,"clippedEvents":0}
[DebugBridge +54858146.8ms] wheel_scroll_motion {"eventCount":3,"rawAbsX":40,"rawAbsY":16,"rawX":-40,"rawY":16,"clippedAbsX":40,"clippedAbsY":16,"clippedX":-40,"clippedY":16,"requestedAppliedX":-36.936,"requestedAppliedY":14.7744,"appliedX":-18.468,"appliedY":14.7744,"actualX":-18.5,"actualY":14.5,"sensitivity":0.9234,"currentZoomForScroll":2.7007514886865858,"maxScrollStepX":18.468,"maxScrollStepY":16,"diagonalEvents":3,"clippedEvents":0}
[DebugBridge +54858172.5ms] wheel_scroll_motion {"eventCount":3,"rawAbsX":40,"rawAbsY":14,"rawX":-40,"rawY":14,"clippedAbsX":40,"clippedAbsY":14,"clippedX":-40,"clippedY":14,"requestedAppliedX":-36.936,"requestedAppliedY":12.9276,"appliedX":-16,"appliedY":12.9276,"actualX":-16,"actualY":12.5,"sensitivity":0.9234,"currentZoomForScroll":2.7007514886865858,"maxScrollStepX":16,"maxScrollStepY":16,"diagonalEvents":3,"clippedEvents":0}
[DebugBridge +54858200.8ms] wheel_scroll_motion {"eventCount":4,"rawAbsX":92,"rawAbsY":26,"rawX":-92,"rawY":26,"clippedAbsX":92,"clippedAbsY":26,"clippedX":-92,"clippedY":26,"requestedAppliedX":-84.9528,"requestedAppliedY":24.0084,"appliedX":-29.5488,"appliedY":16,"actualX":-30,"actualY":16,"sensitivity":0.9234,"currentZoomForScroll":2.7007514886865858,"maxScrollStepX":29.5488,"maxScrollStepY":16,"diagonalEvents":4,"clippedEvents":0}
[DebugBridge +54858230.6ms] wheel_scroll_motion {"eventCount":3,"rawAbsX":38,"rawAbsY":10,"rawX":-38,"rawY":10,"clippedAbsX":38,"clippedAbsY":10,"clippedX":-38,"clippedY":10,"requestedAppliedX":-35.089200000000005,"requestedAppliedY":9.234,"appliedX":-16,"appliedY":9.234,"actualX":-16,"actualY":9,"sensitivity":0.9234,"currentZoomForScroll":2.7007514886865858,"maxScrollStepX":16,"maxScrollStepY":16,"diagonalEvents":3,"clippedEvents":0}
[DebugBridge +54858257.7ms] wheel_scroll_motion {"eventCount":4,"rawAbsX":76,"rawAbsY":2,"rawX":-76,"rawY":2,"clippedAbsX":76,"clippedAbsY":2,"clippedX":-76,"clippedY":2,"requestedAppliedX":-73.1916,"requestedAppliedY":1.8468,"appliedX":-21.384,"appliedY":1.8468,"actualX":-21.5,"actualY":1.5,"sensitivity":0.9720000000000001,"currentZoomForScroll":2.7007514886865858,"maxScrollStepX":21.384,"maxScrollStepY":16,"diagonalEvents":1,"clippedEvents":0}
[DebugBridge +54858291.6ms] wheel_scroll_motion {"eventCount":4,"rawAbsX":98,"rawAbsY":0,"rawX":-98,"rawY":0,"clippedAbsX":98,"clippedAbsY":0,"clippedX":-98,"clippedY":0,"requestedAppliedX":-95.256,"requestedAppliedY":0,"appliedX":-27.216,"appliedY":0,"actualX":-27.5,"actualY":0,"sensitivity":0.9720000000000001,"currentZoomForScroll":2.7007514886865858,"maxScrollStepX":27.216,"maxScrollStepY":16,"diagonalEvents":0,"clippedEvents":0}
[DebugBridge +54858322.3ms] wheel_scroll_motion {"eventCount":3,"rawAbsX":78,"rawAbsY":0,"rawX":-78,"rawY":0,"clippedAbsX":78,"clippedAbsY":0,"clippedX":-78,"clippedY":0,"requestedAppliedX":-75.816,"requestedAppliedY":0,"appliedX":-25.272000000000002,"appliedY":0,"actualX":-25.5,"actualY":0,"sensitivity":0.9720000000000001,"currentZoomForScroll":2.7007514886865858,"maxScrollStepX":25.272000000000002,"maxScrollStepY":16,"diagonalEvents":0,"clippedEvents":0}
[DebugBridge +54858348.9ms] wheel_scroll_motion {"eventCount":4,"rawAbsX":90,"rawAbsY":0,"rawX":-90,"rawY":0,"clippedAbsX":90,"clippedAbsY":0,"clippedX":-90,"clippedY":0,"requestedAppliedX":-87.48,"requestedAppliedY":0,"appliedX":-23.328000000000003,"appliedY":0,"actualX":-23.5,"actualY":0,"sensitivity":0.9720000000000001,"currentZoomForScroll":2.7007514886865858,"maxScrollStepX":23.328000000000003,"maxScrollStepY":16,"diagonalEvents":0,"clippedEvents":0}
[DebugBridge +54858383.9ms] wheel_scroll_motion {"eventCount":4,"rawAbsX":90,"rawAbsY":0,"rawX":-90,"rawY":0,"clippedAbsX":90,"clippedAbsY":0,"clippedX":-90,"clippedY":0,"requestedAppliedX":-87.48000000000002,"requestedAppliedY":0,"appliedX":-36.936,"appliedY":0,"actualX":-37,"actualY":0,"sensitivity":0.9720000000000001,"currentZoomForScroll":2.7007514886865858,"maxScrollStepX":36.936,"maxScrollStepY":16,"diagonalEvents":0,"clippedEvents":0}
[DebugBridge +54858413.6ms] wheel_scroll_motion {"eventCount":3,"rawAbsX":46,"rawAbsY":0,"rawX":-46,"rawY":0,"clippedAbsX":46,"clippedAbsY":0,"clippedX":-46,"clippedY":0,"requestedAppliedX":-44.712,"requestedAppliedY":0,"appliedX":-16,"appliedY":0,"actualX":-16,"actualY":0,"sensitivity":0.9720000000000001,"currentZoomForScroll":2.7007514886865858,"maxScrollStepX":16,"maxScrollStepY":16,"diagonalEvents":0,"clippedEvents":0}
[DebugBridge +54858441.2ms] wheel_scroll_motion {"eventCount":4,"rawAbsX":54,"rawAbsY":0,"rawX":-54,"rawY":0,"clippedAbsX":54,"clippedAbsY":0,"clippedX":-54,"clippedY":0,"requestedAppliedX":-52.488,"requestedAppliedY":0,"appliedX":-16,"appliedY":0,"actualX":-16,"actualY":0,"sensitivity":0.9720000000000001,"currentZoomForScroll":2.7007514886865858,"maxScrollStepX":16,"maxScrollStepY":16,"diagonalEvents":0,"clippedEvents":0}
[DebugBridge +54858474.5ms] wheel_scroll_motion {"eventCount":1,"rawAbsX":12,"rawAbsY":0,"rawX":-12,"rawY":0,"clippedAbsX":12,"clippedAbsY":0,"clippedX":-12,"clippedY":0,"requestedAppliedX":-11.664000000000001,"requestedAppliedY":0,"appliedX":-11.664000000000001,"appliedY":0,"actualX":-12,"actualY":0,"sensitivity":0.9720000000000001,"currentZoomForScroll":2.7007514886865858,"maxScrollStepX":16,"maxScrollStepY":16,"diagonalEvents":0,"clippedEvents":0}
[DebugBridge +54858558.9ms] wheel_scroll_motion {"eventCount":4,"rawAbsX":58,"rawAbsY":32,"rawX":-58,"rawY":32,"clippedAbsX":58,"clippedAbsY":32,"clippedX":-58,"clippedY":32,"requestedAppliedX":-53.5572,"requestedAppliedY":29.5488,"appliedX":-16.6212,"appliedY":16,"actualX":-17,"actualY":16,"sensitivity":0.9234,"currentZoomForScroll":2.7007514886865858,"maxScrollStepX":16.6212,"maxScrollStepY":16,"diagonalEvents":4,"clippedEvents":0}
[DebugBridge +54858590.9ms] wheel_scroll_motion {"eventCount":4,"rawAbsX":102,"rawAbsY":58,"rawX":-102,"rawY":58,"clippedAbsX":102,"clippedAbsY":58,"clippedX":-102,"clippedY":58,"requestedAppliedX":-94.1868,"requestedAppliedY":53.557199999999995,"appliedX":-35.0892,"appliedY":18.468,"actualX":-35.5,"actualY":18,"sensitivity":0.9234,"currentZoomForScroll":2.7007514886865858,"maxScrollStepX":35.0892,"maxScrollStepY":18.468,"diagonalEvents":4,"clippedEvents":0}
[DebugBridge +54858622.5ms] wheel_scroll_motion {"eventCount":3,"rawAbsX":92,"rawAbsY":40,"rawX":-92,"rawY":40,"clippedAbsX":92,"clippedAbsY":40,"clippedX":-92,"clippedY":40,"requestedAppliedX":-84.9528,"requestedAppliedY":36.936,"appliedX":-40.629599999999996,"appliedY":16.6212,"actualX":-41,"actualY":16.5,"sensitivity":0.9234,"currentZoomForScroll":2.7007514886865858,"maxScrollStepX":40.629599999999996,"maxScrollStepY":16.6212,"diagonalEvents":3,"clippedEvents":0}
[DebugBridge +54858650.3ms] wheel_scroll_motion {"eventCount":4,"rawAbsX":110,"rawAbsY":46,"rawX":-110,"rawY":46,"clippedAbsX":110,"clippedAbsY":46,"clippedX":-110,"clippedY":46,"requestedAppliedX":-101.57400000000001,"requestedAppliedY":42.4764,"appliedX":-36.936,"appliedY":16,"actualX":-37,"actualY":16,"sensitivity":0.9234,"currentZoomForScroll":2.7007514886865858,"maxScrollStepX":36.936,"maxScrollStepY":16,"diagonalEvents":4,"clippedEvents":0}
[DebugBridge +54858684.6ms] wheel_scroll_motion {"eventCount":4,"rawAbsX":184,"rawAbsY":68,"rawX":-184,"rawY":68,"clippedAbsX":184,"clippedAbsY":68,"clippedX":-184,"clippedY":68,"requestedAppliedX":-169.9056,"requestedAppliedY":62.7912,"appliedX":-44.3232,"appliedY":16.6212,"actualX":-44.5,"actualY":16.5,"sensitivity":0.9234,"currentZoomForScroll":2.7007514886865858,"maxScrollStepX":44.3232,"maxScrollStepY":16.6212,"diagonalEvents":4,"clippedEvents":0}
[DebugBridge +54858713.3ms] wheel_scroll_motion {"eventCount":3,"rawAbsX":156,"rawAbsY":66,"rawX":-156,"rawY":66,"clippedAbsX":156,"clippedAbsY":66,"clippedX":-156,"clippedY":66,"requestedAppliedX":-144.05040000000002,"requestedAppliedY":60.944399999999995,"appliedX":-48.0168,"appliedY":20.314799999999998,"actualX":-48.5,"actualY":20,"sensitivity":0.9234,"currentZoomForScroll":2.7007514886865858,"maxScrollStepX":48.0168,"maxScrollStepY":20.314799999999998,"diagonalEvents":3,"clippedEvents":0}
[DebugBridge +54858741.3ms] wheel_scroll_motion {"eventCount":4,"rawAbsX":186,"rawAbsY":74,"rawX":-186,"rawY":74,"clippedAbsX":186,"clippedAbsY":74,"clippedX":-186,"clippedY":74,"requestedAppliedX":-171.75239999999997,"requestedAppliedY":68.33160000000001,"appliedX":-46.17,"appliedY":18.468,"actualX":-46.5,"actualY":18,"sensitivity":0.9234,"currentZoomForScroll":2.7007514886865858,"maxScrollStepX":46.17,"maxScrollStepY":18.468,"diagonalEvents":4,"clippedEvents":0}
[DebugBridge +54858772.3ms] wheel_scroll_motion {"eventCount":3,"rawAbsX":122,"rawAbsY":48,"rawX":-122,"rawY":48,"clippedAbsX":122,"clippedAbsY":48,"clippedX":-122,"clippedY":48,"requestedAppliedX":-112.6548,"requestedAppliedY":44.3232,"appliedX":-38.7828,"appliedY":16,"actualX":-39,"actualY":16,"sensitivity":0.9234,"currentZoomForScroll":2.7007514886865858,"maxScrollStepX":38.7828,"maxScrollStepY":16,"diagonalEvents":3,"clippedEvents":0}
[DebugBridge +54858799.4ms] wheel_scroll_motion {"eventCount":4,"rawAbsX":140,"rawAbsY":58,"rawX":-140,"rawY":58,"clippedAbsX":140,"clippedAbsY":58,"clippedX":-140,"clippedY":58,"requestedAppliedX":-129.276,"requestedAppliedY":53.557199999999995,"appliedX":-35.0892,"appliedY":16,"actualX":-35.5,"actualY":16,"sensitivity":0.9234,"currentZoomForScroll":2.7007514886865858,"maxScrollStepX":35.0892,"maxScrollStepY":16,"diagonalEvents":4,"clippedEvents":0}
[DebugBridge +54858833.3ms] wheel_scroll_motion {"eventCount":4,"rawAbsX":118,"rawAbsY":48,"rawX":-118,"rawY":48,"clippedAbsX":118,"clippedAbsY":48,"clippedX":-118,"clippedY":48,"requestedAppliedX":-108.96119999999999,"requestedAppliedY":44.32320000000001,"appliedX":-29.5488,"appliedY":16,"actualX":-30,"actualY":16,"sensitivity":0.9234,"currentZoomForScroll":2.7007514886865858,"maxScrollStepX":29.5488,"maxScrollStepY":16,"diagonalEvents":4,"clippedEvents":0}
[DebugBridge +54858863.8ms] wheel_scroll_motion {"eventCount":3,"rawAbsX":76,"rawAbsY":30,"rawX":-76,"rawY":30,"clippedAbsX":76,"clippedAbsY":30,"clippedX":-76,"clippedY":30,"requestedAppliedX":-70.17840000000001,"requestedAppliedY":27.701999999999998,"appliedX":-24.0084,"appliedY":16,"actualX":-24.5,"actualY":16,"sensitivity":0.9234,"currentZoomForScroll":2.7007514886865858,"maxScrollStepX":24.0084,"maxScrollStepY":16,"diagonalEvents":3,"clippedEvents":0}
[DebugBridge +54858890.9ms] wheel_scroll_motion {"eventCount":4,"rawAbsX":88,"rawAbsY":32,"rawX":-88,"rawY":32,"clippedAbsX":88,"clippedAbsY":32,"clippedX":-88,"clippedY":32,"requestedAppliedX":-81.25919999999999,"requestedAppliedY":29.5488,"appliedX":-20.314799999999998,"appliedY":16,"actualX":-20.5,"actualY":16,"sensitivity":0.9234,"currentZoomForScroll":2.7007514886865858,"maxScrollStepX":20.314799999999998,"maxScrollStepY":16,"diagonalEvents":4,"clippedEvents":0}
[DebugBridge +54858924.4ms] wheel_scroll_motion {"eventCount":4,"rawAbsX":76,"rawAbsY":28,"rawX":-76,"rawY":28,"clippedAbsX":76,"clippedAbsY":28,"clippedX":-76,"clippedY":28,"requestedAppliedX":-70.17840000000001,"requestedAppliedY":25.855199999999996,"appliedX":-18.468,"appliedY":16,"actualX":-18.5,"actualY":16,"sensitivity":0.9234,"currentZoomForScroll":2.7007514886865858,"maxScrollStepX":18.468,"maxScrollStepY":16,"diagonalEvents":4,"clippedEvents":0}
[DebugBridge +54858955.4ms] wheel_scroll_motion {"eventCount":3,"rawAbsX":48,"rawAbsY":18,"rawX":-48,"rawY":18,"clippedAbsX":48,"clippedAbsY":18,"clippedX":-48,"clippedY":18,"requestedAppliedX":-44.3232,"requestedAppliedY":16.6212,"appliedX":-16,"appliedY":16,"actualX":-16,"actualY":16,"sensitivity":0.9234,"currentZoomForScroll":2.7007514886865858,"maxScrollStepX":16,"maxScrollStepY":16,"diagonalEvents":3,"clippedEvents":0}
[DebugBridge +54858983.2ms] wheel_scroll_motion {"eventCount":4,"rawAbsX":58,"rawAbsY":24,"rawX":-58,"rawY":24,"clippedAbsX":58,"clippedAbsY":24,"clippedX":-58,"clippedY":24,"requestedAppliedX":-53.557199999999995,"requestedAppliedY":22.1616,"appliedX":-16,"appliedY":16,"actualX":-16,"actualY":16,"sensitivity":0.9234,"currentZoomForScroll":2.7007514886865858,"maxScrollStepX":16,"maxScrollStepY":16,"diagonalEvents":4,"clippedEvents":0}
[DebugBridge +54859016.5ms] wheel_scroll_motion {"eventCount":4,"rawAbsX":48,"rawAbsY":20,"rawX":-48,"rawY":20,"clippedAbsX":48,"clippedAbsY":20,"clippedX":-48,"clippedY":20,"requestedAppliedX":-44.32320000000001,"requestedAppliedY":18.468,"appliedX":-16,"appliedY":16,"actualX":-16,"actualY":16,"sensitivity":0.9234,"currentZoomForScroll":2.7007514886865858,"maxScrollStepX":16,"maxScrollStepY":16,"diagonalEvents":4,"clippedEvents":0}
[DebugBridge +54859050.2ms] wheel_scroll_motion {"eventCount":4,"rawAbsX":38,"rawAbsY":16,"rawX":-38,"rawY":16,"clippedAbsX":38,"clippedAbsY":16,"clippedX":-38,"clippedY":16,"requestedAppliedX":-35.0892,"requestedAppliedY":14.7744,"appliedX":-16,"appliedY":14.7744,"actualX":-16,"actualY":14.5,"sensitivity":0.9234,"currentZoomForScroll":2.7007514886865858,"maxScrollStepX":16,"maxScrollStepY":16,"diagonalEvents":4,"clippedEvents":0}
[DebugBridge +54859083.4ms] wheel_scroll_motion {"eventCount":2,"rawAbsX":16,"rawAbsY":8,"rawX":-16,"rawY":8,"clippedAbsX":16,"clippedAbsY":8,"clippedX":-16,"clippedY":8,"requestedAppliedX":-14.7744,"requestedAppliedY":7.3872,"appliedX":-14.7744,"appliedY":7.3872,"actualX":-15,"actualY":7,"sensitivity":0.9234,"currentZoomForScroll":2.7007514886865858,"maxScrollStepX":16,"maxScrollStepY":16,"diagonalEvents":2,"clippedEvents":0}
[DebugBridge +54859191.9ms] zoom_wheel_request {"rawDeltaY":-8.694746732711792,"reportedZoom":270,"trustedReactZoom":270.0751488686586,"currentZoom":270.0751488686586,"reportedCurrentZoom":270,"nextZoom":260.84367003401167,"requestedDeltaAbs":9.231478834646907,"reportedLagAbs":0.07514886865857306,"rawGetZoomValue":270,"rawViewerZoomValue":270,"rawMagnificationZoom":null,"correctedSuspiciousZoom":false}
[DebugBridge +54859192.0ms] zoom_start {"scale":2.7007514886865858,"source":"overlay_wheel_zoom_pre","reportedScale":2.7,"correctedSuspiciousZoom":false}
[DebugBridge +54859327.6ms] zoom_wheel_request {"rawDeltaY":-84.7375465631485,"reportedZoom":260,"trustedReactZoom":260.84367003401167,"currentZoom":260.84367003401167,"reportedCurrentZoom":260,"nextZoom":236.84367003401167,"requestedDeltaAbs":24,"reportedLagAbs":0.8436700340116658,"rawGetZoomValue":260,"rawViewerZoomValue":260,"rawMagnificationZoom":null,"correctedSuspiciousZoom":false}
[DebugBridge +54859459.0ms] zoom_wheel_request {"rawDeltaY":-12.291050434112549,"reportedZoom":236,"trustedReactZoom":236.84367003401167,"currentZoom":236.84367003401167,"reportedCurrentZoom":236,"nextZoom":225.48104587575568,"requestedDeltaAbs":11.362624158255983,"reportedLagAbs":0.8436700340116658,"rawGetZoomValue":236,"rawViewerZoomValue":236,"rawMagnificationZoom":null,"correctedSuspiciousZoom":false}
[DebugBridge +54859717.2ms] wheel_scroll_motion {"eventCount":3,"rawAbsX":12,"rawAbsY":12,"rawX":-12,"rawY":-12,"clippedAbsX":12,"clippedAbsY":12,"clippedX":-12,"clippedY":-12,"requestedAppliedX":-11.0808,"requestedAppliedY":-11.0808,"appliedX":-11.0808,"appliedY":-11.0808,"actualX":-11.5,"actualY":-11.5,"sensitivity":0.9234,"currentZoomForScroll":2.254810458757557,"maxScrollStepX":16,"maxScrollStepY":16,"diagonalEvents":3,"clippedEvents":0}
[DebugBridge +54859746.9ms] wheel_scroll_motion {"eventCount":3,"rawAbsX":26,"rawAbsY":30,"rawX":-26,"rawY":-30,"clippedAbsX":26,"clippedAbsY":30,"clippedX":-26,"clippedY":-30,"requestedAppliedX":-24.0084,"requestedAppliedY":-27.701999999999998,"appliedX":-16,"appliedY":-16,"actualX":-16,"actualY":-16,"sensitivity":0.9234,"currentZoomForScroll":2.254810458757557,"maxScrollStepX":16,"maxScrollStepY":16,"diagonalEvents":3,"clippedEvents":0}
[DebugBridge +54859774.5ms] wheel_scroll_motion {"eventCount":4,"rawAbsX":34,"rawAbsY":42,"rawX":-34,"rawY":-42,"clippedAbsX":34,"clippedAbsY":42,"clippedX":-34,"clippedY":-42,"requestedAppliedX":-31.3956,"requestedAppliedY":-38.782799999999995,"appliedX":-16,"appliedY":-16,"actualX":-16,"actualY":-16,"sensitivity":0.9234,"currentZoomForScroll":2.254810458757557,"maxScrollStepX":16,"maxScrollStepY":16,"diagonalEvents":4,"clippedEvents":0}
[DebugBridge +54859808.3ms] wheel_scroll_motion {"eventCount":4,"rawAbsX":42,"rawAbsY":50,"rawX":-42,"rawY":-50,"clippedAbsX":42,"clippedAbsY":50,"clippedX":-42,"clippedY":-50,"requestedAppliedX":-38.782799999999995,"requestedAppliedY":-46.17,"appliedX":-16,"appliedY":-16,"actualX":-16,"actualY":-16,"sensitivity":0.9234,"currentZoomForScroll":2.254810458757557,"maxScrollStepX":16,"maxScrollStepY":16,"diagonalEvents":4,"clippedEvents":0}
[DebugBridge +54859841.6ms] wheel_scroll_motion {"eventCount":4,"rawAbsX":24,"rawAbsY":30,"rawX":-24,"rawY":-30,"clippedAbsX":24,"clippedAbsY":30,"clippedX":-24,"clippedY":-30,"requestedAppliedX":-22.1616,"requestedAppliedY":-27.701999999999998,"appliedX":-16,"appliedY":-16,"actualX":-16,"actualY":-16,"sensitivity":0.9234,"currentZoomForScroll":2.254810458757557,"maxScrollStepX":16,"maxScrollStepY":16,"diagonalEvents":4,"clippedEvents":0}
[DebugBridge +54859875.1ms] wheel_scroll_motion {"eventCount":4,"rawAbsX":20,"rawAbsY":28,"rawX":-20,"rawY":-28,"clippedAbsX":20,"clippedAbsY":28,"clippedX":-20,"clippedY":-28,"requestedAppliedX":-18.468000000000004,"requestedAppliedY":-25.855200000000004,"appliedX":-16,"appliedY":-16,"actualX":-16,"actualY":-16,"sensitivity":0.9234,"currentZoomForScroll":2.254810458757557,"maxScrollStepX":16,"maxScrollStepY":16,"diagonalEvents":4,"clippedEvents":0}
[DebugBridge +54859908.8ms] wheel_scroll_motion {"eventCount":4,"rawAbsX":18,"rawAbsY":26,"rawX":-18,"rawY":-26,"clippedAbsX":18,"clippedAbsY":26,"clippedX":-18,"clippedY":-26,"requestedAppliedX":-16.6212,"requestedAppliedY":-24.008399999999998,"appliedX":-16,"appliedY":-16,"actualX":-16,"actualY":-16,"sensitivity":0.9234,"currentZoomForScroll":2.254810458757557,"maxScrollStepX":16,"maxScrollStepY":16,"diagonalEvents":4,"clippedEvents":0}
[DebugBridge +54859939.1ms] wheel_scroll_motion {"eventCount":3,"rawAbsX":12,"rawAbsY":14,"rawX":-12,"rawY":-14,"clippedAbsX":12,"clippedAbsY":14,"clippedX":-12,"clippedY":-14,"requestedAppliedX":-11.0808,"requestedAppliedY":-12.9276,"appliedX":-11.0808,"appliedY":-12.9276,"actualX":-11.5,"actualY":-13,"sensitivity":0.9234,"currentZoomForScroll":2.254810458757557,"maxScrollStepX":16,"maxScrollStepY":16,"diagonalEvents":3,"clippedEvents":0}
[DebugBridge +54859968.7ms] wheel_scroll_motion {"eventCount":4,"rawAbsX":16,"rawAbsY":24,"rawX":-16,"rawY":-24,"clippedAbsX":16,"clippedAbsY":24,"clippedX":-16,"clippedY":-24,"requestedAppliedX":-14.7744,"requestedAppliedY":-22.1616,"appliedX":-14.7744,"appliedY":-16,"actualX":-15,"actualY":-16,"sensitivity":0.9234,"currentZoomForScroll":2.254810458757557,"maxScrollStepX":16,"maxScrollStepY":16,"diagonalEvents":4,"clippedEvents":0}
[DebugBridge +54859997.3ms] wheel_scroll_motion {"eventCount":3,"rawAbsX":12,"rawAbsY":18,"rawX":-12,"rawY":-18,"clippedAbsX":12,"clippedAbsY":18,"clippedX":-12,"clippedY":-18,"requestedAppliedX":-11.0808,"requestedAppliedY":-16.6212,"appliedX":-11.0808,"appliedY":-16,"actualX":-11.5,"actualY":-16,"sensitivity":0.9234,"currentZoomForScroll":2.254810458757557,"maxScrollStepX":16,"maxScrollStepY":16,"diagonalEvents":3,"clippedEvents":0}
[DebugBridge +54860024.9ms] wheel_scroll_motion {"eventCount":4,"rawAbsX":16,"rawAbsY":24,"rawX":-16,"rawY":-24,"clippedAbsX":16,"clippedAbsY":24,"clippedX":-16,"clippedY":-24,"requestedAppliedX":-14.7744,"requestedAppliedY":-22.1616,"appliedX":-14.7744,"appliedY":-16,"actualX":-15,"actualY":-16,"sensitivity":0.9234,"currentZoomForScroll":2.254810458757557,"maxScrollStepX":16,"maxScrollStepY":16,"diagonalEvents":4,"clippedEvents":0}
[DebugBridge +54860055.4ms] wheel_scroll_motion {"eventCount":3,"rawAbsX":12,"rawAbsY":18,"rawX":-12,"rawY":-18,"clippedAbsX":12,"clippedAbsY":18,"clippedX":-12,"clippedY":-18,"requestedAppliedX":-11.0808,"requestedAppliedY":-16.6212,"appliedX":-11.0808,"appliedY":-16,"actualX":-11.5,"actualY":-16,"sensitivity":0.9234,"currentZoomForScroll":2.254810458757557,"maxScrollStepX":16,"maxScrollStepY":16,"diagonalEvents":3,"clippedEvents":0}
[DebugBridge +54860083.2ms] wheel_scroll_motion {"eventCount":4,"rawAbsX":14,"rawAbsY":18,"rawX":-14,"rawY":-18,"clippedAbsX":14,"clippedAbsY":18,"clippedX":-14,"clippedY":-18,"requestedAppliedX":-12.9276,"requestedAppliedY":-16.6212,"appliedX":-12.9276,"appliedY":-16,"actualX":-13,"actualY":-16,"sensitivity":0.9234,"currentZoomForScroll":2.254810458757557,"maxScrollStepX":16,"maxScrollStepY":16,"diagonalEvents":4,"clippedEvents":0}
[DebugBridge +54860117.5ms] wheel_scroll_motion {"eventCount":4,"rawAbsX":8,"rawAbsY":16,"rawX":-8,"rawY":-16,"clippedAbsX":8,"clippedAbsY":16,"clippedX":-8,"clippedY":-16,"requestedAppliedX":-7.3872,"requestedAppliedY":-14.7744,"appliedX":-7.3872,"appliedY":-14.7744,"actualX":-7.5,"actualY":-15,"sensitivity":0.9234,"currentZoomForScroll":2.254810458757557,"maxScrollStepX":16,"maxScrollStepY":16,"diagonalEvents":4,"clippedEvents":0}
[DebugBridge +54860146.6ms] wheel_scroll_motion {"eventCount":3,"rawAbsX":6,"rawAbsY":12,"rawX":-6,"rawY":-12,"clippedAbsX":6,"clippedAbsY":12,"clippedX":-6,"clippedY":-12,"requestedAppliedX":-5.5404,"requestedAppliedY":-11.0808,"appliedX":-5.5404,"appliedY":-11.0808,"actualX":-6,"actualY":-11.5,"sensitivity":0.9234,"currentZoomForScroll":2.254810458757557,"maxScrollStepX":16,"maxScrollStepY":16,"diagonalEvents":3,"clippedEvents":0}
[DebugBridge +54860174.6ms] wheel_scroll_motion {"eventCount":4,"rawAbsX":8,"rawAbsY":16,"rawX":-8,"rawY":-16,"clippedAbsX":8,"clippedAbsY":16,"clippedX":-8,"clippedY":-16,"requestedAppliedX":-7.3872,"requestedAppliedY":-14.7744,"appliedX":-7.3872,"appliedY":-14.7744,"actualX":-7.5,"actualY":-15,"sensitivity":0.9234,"currentZoomForScroll":2.254810458757557,"maxScrollStepX":16,"maxScrollStepY":16,"diagonalEvents":4,"clippedEvents":0}
[DebugBridge +54860208.5ms] wheel_scroll_motion {"eventCount":3,"rawAbsX":14,"rawAbsY":18,"rawX":-14,"rawY":-18,"clippedAbsX":14,"clippedAbsY":18,"clippedX":-14,"clippedY":-18,"requestedAppliedX":-12.9276,"requestedAppliedY":-16.6212,"appliedX":-12.9276,"appliedY":-16,"actualX":-13,"actualY":-16,"sensitivity":0.9234,"currentZoomForScroll":2.254810458757557,"maxScrollStepX":16,"maxScrollStepY":16,"diagonalEvents":3,"clippedEvents":0}
[DebugBridge +54860249.6ms] wheel_scroll_motion {"eventCount":1,"rawAbsX":2,"rawAbsY":4,"rawX":-2,"rawY":-4,"clippedAbsX":2,"clippedAbsY":4,"clippedX":-2,"clippedY":-4,"requestedAppliedX":-1.8468,"requestedAppliedY":-3.6936,"appliedX":-1.8468,"appliedY":-3.6936,"actualX":-2,"actualY":-4,"sensitivity":0.9234,"currentZoomForScroll":2.254810458757557,"maxScrollStepX":16,"maxScrollStepY":16,"diagonalEvents":1,"clippedEvents":0}
[DebugBridge +54860469.1ms] wheel_scroll_motion {"eventCount":4,"rawAbsX":266,"rawAbsY":216,"rawX":-266,"rawY":216,"clippedAbsX":242.51013230023094,"clippedAbsY":216,"clippedX":-242.51013230023094,"clippedY":216,"requestedAppliedX":-223.93385616603325,"requestedAppliedY":199.55159999999998,"appliedX":-135.28745616603325,"appliedY":134.8164,"actualX":-135.5,"actualY":134.5,"sensitivity":0.9234,"currentZoomForScroll":2.254810458757557,"maxScrollStepX":135.28745616603325,"maxScrollStepY":134.8164,"diagonalEvents":3,"clippedEvents":1}
[DebugBridge +54860503.5ms] wheel_scroll_motion {"eventCount":4,"rawAbsX":92,"rawAbsY":62,"rawX":-92,"rawY":62,"clippedAbsX":92,"clippedAbsY":62,"clippedX":-92,"clippedY":62,"requestedAppliedX":-84.9528,"requestedAppliedY":57.2508,"appliedX":-24.0084,"appliedY":16,"actualX":-24.5,"actualY":16,"sensitivity":0.9234,"currentZoomForScroll":2.254810458757557,"maxScrollStepX":24.0084,"maxScrollStepY":16,"diagonalEvents":4,"clippedEvents":0}
[DebugBridge +54860795.2ms] wheel_scroll_motion {"eventCount":4,"rawAbsX":336,"rawAbsY":232,"rawX":-336,"rawY":232,"clippedAbsX":208.51013230023094,"clippedAbsY":192.51013230023094,"clippedX":-208.51013230023094,"clippedY":192.51013230023094,"requestedAppliedX":-192.53825616603325,"requestedAppliedY":177.76385616603324,"appliedX":-135.28745616603325,"appliedY":135.28745616603325,"actualX":-63.5,"actualY":135,"sensitivity":0.9234,"currentZoomForScroll":2.254810458757557,"maxScrollStepX":135.28745616603325,"maxScrollStepY":135.28745616603325,"diagonalEvents":4,"clippedEvents":1}
[DebugBridge +54861051.3ms] zoom_end {"source":"zoomChange_settle"}
[DebugBridge +54861207.3ms] wheel_scroll_motion {"eventCount":8,"rawAbsX":98,"rawAbsY":168,"rawX":34,"rawY":168,"clippedAbsX":98,"clippedAbsY":168,"clippedX":34,"clippedY":168,"requestedAppliedX":31.395599999999998,"requestedAppliedY":155.1312,"appliedX":27.701999999999998,"appliedY":73.872,"actualX":27.5,"actualY":73.5,"sensitivity":0.9234,"currentZoomForScroll":2.254810458757557,"maxScrollStepX":27.701999999999998,"maxScrollStepY":73.872,"diagonalEvents":8,"clippedEvents":0}
[DebugBridge +54861724.3ms] wheel_scroll_motion {"eventCount":2,"rawAbsX":8,"rawAbsY":4,"rawX":8,"rawY":4,"clippedAbsX":8,"clippedAbsY":4,"clippedX":8,"clippedY":4,"requestedAppliedX":7.3872,"requestedAppliedY":3.7908,"appliedX":7.3872,"appliedY":3.7908,"actualX":7,"actualY":3.5,"sensitivity":0.9234,"currentZoomForScroll":2.254810458757557,"maxScrollStepX":16,"maxScrollStepY":16,"diagonalEvents":1,"clippedEvents":0}
[DebugBridge +54861909.0ms] wheel_scroll_motion {"eventCount":4,"rawAbsX":18,"rawAbsY":16,"rawX":18,"rawY":16,"clippedAbsX":18,"clippedAbsY":16,"clippedX":18,"clippedY":16,"requestedAppliedX":16.6212,"requestedAppliedY":14.7744,"appliedX":16,"appliedY":14.7744,"actualX":16,"actualY":14.5,"sensitivity":0.9234,"currentZoomForScroll":2.254810458757557,"maxScrollStepX":16,"maxScrollStepY":16,"diagonalEvents":4,"clippedEvents":0}
[DebugBridge +54861938.7ms] wheel_scroll_motion {"eventCount":3,"rawAbsX":28,"rawAbsY":18,"rawX":28,"rawY":18,"clippedAbsX":28,"clippedAbsY":18,"clippedX":28,"clippedY":18,"requestedAppliedX":25.8552,"requestedAppliedY":16.6212,"appliedX":16,"appliedY":16,"actualX":16,"actualY":16,"sensitivity":0.9234,"currentZoomForScroll":2.254810458757557,"maxScrollStepX":16,"maxScrollStepY":16,"diagonalEvents":3,"clippedEvents":0}
[DebugBridge +54861966.7ms] wheel_scroll_motion {"eventCount":4,"rawAbsX":46,"rawAbsY":30,"rawX":46,"rawY":30,"clippedAbsX":46,"clippedAbsY":30,"clippedX":46,"clippedY":30,"requestedAppliedX":42.4764,"requestedAppliedY":27.701999999999998,"appliedX":16.6212,"appliedY":16,"actualX":16.5,"actualY":16,"sensitivity":0.9234,"currentZoomForScroll":2.254810458757557,"maxScrollStepX":16.6212,"maxScrollStepY":16,"diagonalEvents":4,"clippedEvents":0}
[DebugBridge +54862000.7ms] wheel_scroll_motion {"eventCount":3,"rawAbsX":42,"rawAbsY":16,"rawX":42,"rawY":16,"clippedAbsX":42,"clippedAbsY":16,"clippedX":42,"clippedY":16,"requestedAppliedX":38.7828,"requestedAppliedY":14.7744,"appliedX":16,"appliedY":14.7744,"actualX":16,"actualY":14.5,"sensitivity":0.9234,"currentZoomForScroll":2.254810458757557,"maxScrollStepX":16,"maxScrollStepY":16,"diagonalEvents":3,"clippedEvents":0}
[DebugBridge +54862033.8ms] wheel_scroll_motion {"eventCount":4,"rawAbsX":52,"rawAbsY":18,"rawX":52,"rawY":18,"clippedAbsX":52,"clippedAbsY":18,"clippedX":52,"clippedY":18,"requestedAppliedX":48.016799999999996,"requestedAppliedY":16.6212,"appliedX":20.314799999999998,"appliedY":16,"actualX":20,"actualY":16,"sensitivity":0.9234,"currentZoomForScroll":2.254810458757557,"maxScrollStepX":20.314799999999998,"maxScrollStepY":16,"diagonalEvents":4,"clippedEvents":0}
[DebugBridge +54862067.4ms] wheel_scroll_motion {"eventCount":4,"rawAbsX":46,"rawAbsY":16,"rawX":46,"rawY":16,"clippedAbsX":46,"clippedAbsY":16,"clippedX":46,"clippedY":16,"requestedAppliedX":42.4764,"requestedAppliedY":14.7744,"appliedX":16,"appliedY":14.7744,"actualX":16,"actualY":14.5,"sensitivity":0.9234,"currentZoomForScroll":2.254810458757557,"maxScrollStepX":16,"maxScrollStepY":16,"diagonalEvents":4,"clippedEvents":0}
[DebugBridge +54862097.3ms] wheel_scroll_motion {"eventCount":3,"rawAbsX":48,"rawAbsY":14,"rawX":48,"rawY":14,"clippedAbsX":48,"clippedAbsY":14,"clippedX":48,"clippedY":14,"requestedAppliedX":44.3232,"requestedAppliedY":12.9276,"appliedX":16,"appliedY":12.9276,"actualX":16,"actualY":12.5,"sensitivity":0.9234,"currentZoomForScroll":2.254810458757557,"maxScrollStepX":16,"maxScrollStepY":16,"diagonalEvents":3,"clippedEvents":0}
[DebugBridge +54862125.1ms] wheel_scroll_motion {"eventCount":4,"rawAbsX":68,"rawAbsY":18,"rawX":68,"rawY":18,"clippedAbsX":68,"clippedAbsY":18,"clippedX":68,"clippedY":18,"requestedAppliedX":62.7912,"requestedAppliedY":16.6212,"appliedX":16.6212,"appliedY":16,"actualX":16.5,"actualY":16,"sensitivity":0.9234,"currentZoomForScroll":2.254810458757557,"maxScrollStepX":16.6212,"maxScrollStepY":16,"diagonalEvents":4,"clippedEvents":0}
[DebugBridge +54862155.4ms] wheel_scroll_motion {"eventCount":3,"rawAbsX":50,"rawAbsY":12,"rawX":50,"rawY":12,"clippedAbsX":50,"clippedAbsY":12,"clippedX":50,"clippedY":12,"requestedAppliedX":46.17,"requestedAppliedY":11.0808,"appliedX":16.6212,"appliedY":11.0808,"actualX":16.5,"actualY":11,"sensitivity":0.9234,"currentZoomForScroll":2.254810458757557,"maxScrollStepX":16.6212,"maxScrollStepY":16,"diagonalEvents":3,"clippedEvents":0}
[DebugBridge +54862183.4ms] wheel_scroll_motion {"eventCount":4,"rawAbsX":58,"rawAbsY":16,"rawX":58,"rawY":16,"clippedAbsX":58,"clippedAbsY":16,"clippedX":58,"clippedY":16,"requestedAppliedX":53.557199999999995,"requestedAppliedY":14.7744,"appliedX":16,"appliedY":14.7744,"actualX":16,"actualY":14.5,"sensitivity":0.9234,"currentZoomForScroll":2.254810458757557,"maxScrollStepX":16,"maxScrollStepY":16,"diagonalEvents":4,"clippedEvents":0}
[DebugBridge +54862213.9ms] wheel_scroll_motion {"eventCount":3,"rawAbsX":38,"rawAbsY":12,"rawX":38,"rawY":12,"clippedAbsX":38,"clippedAbsY":12,"clippedX":38,"clippedY":12,"requestedAppliedX":35.089200000000005,"requestedAppliedY":11.0808,"appliedX":16,"appliedY":11.0808,"actualX":16,"actualY":11,"sensitivity":0.9234,"currentZoomForScroll":2.254810458757557,"maxScrollStepX":16,"maxScrollStepY":16,"diagonalEvents":3,"clippedEvents":0}
[DebugBridge +54862241.7ms] wheel_scroll_motion {"eventCount":4,"rawAbsX":42,"rawAbsY":16,"rawX":42,"rawY":16,"clippedAbsX":42,"clippedAbsY":16,"clippedX":42,"clippedY":16,"requestedAppliedX":38.7828,"requestedAppliedY":14.7744,"appliedX":16,"appliedY":14.7744,"actualX":16,"actualY":14.5,"sensitivity":0.9234,"currentZoomForScroll":2.254810458757557,"maxScrollStepX":16,"maxScrollStepY":16,"diagonalEvents":4,"clippedEvents":0}
[DebugBridge +54862272.2ms] wheel_scroll_motion {"eventCount":3,"rawAbsX":30,"rawAbsY":12,"rawX":30,"rawY":12,"clippedAbsX":30,"clippedAbsY":12,"clippedX":30,"clippedY":12,"requestedAppliedX":27.701999999999998,"requestedAppliedY":11.0808,"appliedX":16,"appliedY":11.0808,"actualX":16,"actualY":11,"sensitivity":0.9234,"currentZoomForScroll":2.254810458757557,"maxScrollStepX":16,"maxScrollStepY":16,"diagonalEvents":3,"clippedEvents":0}
[DebugBridge +54862297.1ms] wheel_scroll_motion {"eventCount":3,"rawAbsX":32,"rawAbsY":12,"rawX":32,"rawY":12,"clippedAbsX":32,"clippedAbsY":12,"clippedX":32,"clippedY":12,"requestedAppliedX":29.5488,"requestedAppliedY":11.0808,"appliedX":16,"appliedY":11.0808,"actualX":16,"actualY":11,"sensitivity":0.9234,"currentZoomForScroll":2.254810458757557,"maxScrollStepX":16,"maxScrollStepY":16,"diagonalEvents":3,"clippedEvents":0}
[DebugBridge +54862324.6ms] wheel_scroll_motion {"eventCount":4,"rawAbsX":26,"rawAbsY":8,"rawX":26,"rawY":8,"clippedAbsX":26,"clippedAbsY":8,"clippedX":26,"clippedY":8,"requestedAppliedX":24.0084,"requestedAppliedY":7.3872,"appliedX":16,"appliedY":7.3872,"actualX":16,"actualY":7,"sensitivity":0.9234,"currentZoomForScroll":2.254810458757557,"maxScrollStepX":16,"maxScrollStepY":16,"diagonalEvents":4,"clippedEvents":0}
[DebugBridge +54862358.4ms] wheel_scroll_motion {"eventCount":4,"rawAbsX":24,"rawAbsY":8,"rawX":24,"rawY":8,"clippedAbsX":24,"clippedAbsY":8,"clippedX":24,"clippedY":8,"requestedAppliedX":22.1616,"requestedAppliedY":7.3872,"appliedX":16,"appliedY":7.3872,"actualX":16,"actualY":7,"sensitivity":0.9234,"currentZoomForScroll":2.254810458757557,"maxScrollStepX":16,"maxScrollStepY":16,"diagonalEvents":4,"clippedEvents":0}
[DebugBridge +54862389.1ms] wheel_scroll_motion {"eventCount":3,"rawAbsX":18,"rawAbsY":6,"rawX":18,"rawY":6,"clippedAbsX":18,"clippedAbsY":6,"clippedX":18,"clippedY":6,"requestedAppliedX":16.6212,"requestedAppliedY":5.5404,"appliedX":16,"appliedY":5.5404,"actualX":16,"actualY":5.5,"sensitivity":0.9234,"currentZoomForScroll":2.254810458757557,"maxScrollStepX":16,"maxScrollStepY":16,"diagonalEvents":3,"clippedEvents":0}
[DebugBridge +54862416.5ms] wheel_scroll_motion {"eventCount":4,"rawAbsX":18,"rawAbsY":8,"rawX":18,"rawY":8,"clippedAbsX":18,"clippedAbsY":8,"clippedX":18,"clippedY":8,"requestedAppliedX":16.6212,"requestedAppliedY":7.3872,"appliedX":16,"appliedY":7.3872,"actualX":16,"actualY":7,"sensitivity":0.9234,"currentZoomForScroll":2.254810458757557,"maxScrollStepX":16,"maxScrollStepY":16,"diagonalEvents":4,"clippedEvents":0}
[DebugBridge +54862450.3ms] wheel_scroll_motion {"eventCount":4,"rawAbsX":16,"rawAbsY":8,"rawX":16,"rawY":8,"clippedAbsX":16,"clippedAbsY":8,"clippedX":16,"clippedY":8,"requestedAppliedX":14.7744,"requestedAppliedY":7.3872,"appliedX":14.7744,"appliedY":7.3872,"actualX":14.5,"actualY":7,"sensitivity":0.9234,"currentZoomForScroll":2.254810458757557,"maxScrollStepX":16,"maxScrollStepY":16,"diagonalEvents":4,"clippedEvents":0}
[DebugBridge +54862483.6ms] wheel_scroll_motion {"eventCount":4,"rawAbsX":16,"rawAbsY":8,"rawX":16,"rawY":8,"clippedAbsX":16,"clippedAbsY":8,"clippedX":16,"clippedY":8,"requestedAppliedX":14.7744,"requestedAppliedY":7.3872,"appliedX":14.7744,"appliedY":7.3872,"actualX":14.5,"actualY":7,"sensitivity":0.9234,"currentZoomForScroll":2.254810458757557,"maxScrollStepX":16,"maxScrollStepY":16,"diagonalEvents":4,"clippedEvents":0}
[DebugBridge +54862513.9ms] wheel_scroll_motion {"eventCount":3,"rawAbsX":12,"rawAbsY":6,"rawX":12,"rawY":6,"clippedAbsX":12,"clippedAbsY":6,"clippedX":12,"clippedY":6,"requestedAppliedX":11.0808,"requestedAppliedY":5.5404,"appliedX":11.0808,"appliedY":5.5404,"actualX":11,"actualY":5.5,"sensitivity":0.9234,"currentZoomForScroll":2.254810458757557,"maxScrollStepX":16,"maxScrollStepY":16,"diagonalEvents":3,"clippedEvents":0}
[DebugBridge +54862541.3ms] wheel_scroll_motion {"eventCount":1,"rawAbsX":2,"rawAbsY":2,"rawX":2,"rawY":2,"clippedAbsX":2,"clippedAbsY":2,"clippedX":2,"clippedY":2,"requestedAppliedX":1.8468,"requestedAppliedY":1.8468,"appliedX":1.8468,"appliedY":1.8468,"actualX":1.5,"actualY":1.5,"sensitivity":0.9234,"currentZoomForScroll":2.254810458757557,"maxScrollStepX":16,"maxScrollStepY":16,"diagonalEvents":1,"clippedEvents":0}
[DebugBridge +54862583.1ms] wheel_scroll_motion {"eventCount":4,"rawAbsX":18,"rawAbsY":4,"rawX":18,"rawY":4,"clippedAbsX":18,"clippedAbsY":4,"clippedX":18,"clippedY":4,"requestedAppliedX":17.1072,"requestedAppliedY":3.6936,"appliedX":16,"appliedY":3.6936,"actualX":16,"actualY":3.5,"sensitivity":0.9234,"currentZoomForScroll":2.254810458757557,"maxScrollStepX":16,"maxScrollStepY":16,"diagonalEvents":1,"clippedEvents":0}
[DebugBridge +54862617.5ms] wheel_scroll_motion {"eventCount":4,"rawAbsX":52,"rawAbsY":4,"rawX":52,"rawY":4,"clippedAbsX":52,"clippedAbsY":4,"clippedX":52,"clippedY":4,"requestedAppliedX":49.960800000000006,"requestedAppliedY":3.6936,"appliedX":17.496000000000002,"appliedY":3.6936,"actualX":17,"actualY":3.5,"sensitivity":0.9720000000000001,"currentZoomForScroll":2.254810458757557,"maxScrollStepX":17.496000000000002,"maxScrollStepY":16,"diagonalEvents":1,"clippedEvents":0}
[DebugBridge +54862651.1ms] wheel_scroll_motion {"eventCount":4,"rawAbsX":112,"rawAbsY":14,"rawX":112,"rawY":-14,"clippedAbsX":112,"clippedAbsY":14,"clippedX":112,"clippedY":-14,"requestedAppliedX":103.4208,"requestedAppliedY":-12.9276,"appliedX":35.0892,"appliedY":-12.9276,"actualX":35,"actualY":-13,"sensitivity":0.9234,"currentZoomForScroll":2.254810458757557,"maxScrollStepX":35.0892,"maxScrollStepY":16,"diagonalEvents":4,"clippedEvents":0}
[DebugBridge +54862682.5ms] wheel_scroll_motion {"eventCount":4,"rawAbsX":108,"rawAbsY":22,"rawX":108,"rawY":-22,"clippedAbsX":108,"clippedAbsY":22,"clippedX":108,"clippedY":-22,"requestedAppliedX":99.72720000000001,"requestedAppliedY":-20.314799999999998,"appliedX":46.17,"appliedY":-16,"actualX":46,"actualY":-16,"sensitivity":0.9234,"currentZoomForScroll":2.254810458757557,"maxScrollStepX":46.17,"maxScrollStepY":16,"diagonalEvents":4,"clippedEvents":0}
[DebugBridge +54862713.2ms] wheel_scroll_motion {"eventCount":3,"rawAbsX":68,"rawAbsY":16,"rawX":68,"rawY":-16,"clippedAbsX":68,"clippedAbsY":16,"clippedX":68,"clippedY":-16,"requestedAppliedX":62.7912,"requestedAppliedY":-14.7744,"appliedX":29.5488,"appliedY":-14.7744,"actualX":29.5,"actualY":-15,"sensitivity":0.9234,"currentZoomForScroll":2.254810458757557,"maxScrollStepX":29.5488,"maxScrollStepY":16,"diagonalEvents":3,"clippedEvents":0}
[DebugBridge +54862740.9ms] wheel_scroll_motion {"eventCount":4,"rawAbsX":146,"rawAbsY":0,"rawX":146,"rawY":0,"clippedAbsX":146,"clippedAbsY":0,"clippedX":146,"clippedY":0,"requestedAppliedX":141.912,"requestedAppliedY":0,"appliedX":38.88,"appliedY":0,"actualX":38.5,"actualY":0,"sensitivity":0.9720000000000001,"currentZoomForScroll":2.254810458757557,"maxScrollStepX":38.88,"maxScrollStepY":16,"diagonalEvents":0,"clippedEvents":0}
[DebugBridge +54862774.5ms] wheel_scroll_motion {"eventCount":4,"rawAbsX":174,"rawAbsY":0,"rawX":174,"rawY":0,"clippedAbsX":174,"clippedAbsY":0,"clippedX":174,"clippedY":0,"requestedAppliedX":169.12800000000001,"requestedAppliedY":0,"appliedX":46.656000000000006,"appliedY":0,"actualX":46.5,"actualY":0,"sensitivity":0.9720000000000001,"currentZoomForScroll":2.254810458757557,"maxScrollStepX":46.656000000000006,"maxScrollStepY":16,"diagonalEvents":0,"clippedEvents":0}
[DebugBridge +54862807.9ms] wheel_scroll_motion {"eventCount":4,"rawAbsX":168,"rawAbsY":0,"rawX":168,"rawY":0,"clippedAbsX":168,"clippedAbsY":0,"clippedX":168,"clippedY":0,"requestedAppliedX":163.29600000000002,"requestedAppliedY":0,"appliedX":42.768,"appliedY":0,"actualX":42.5,"actualY":0,"sensitivity":0.9720000000000001,"currentZoomForScroll":2.254810458757557,"maxScrollStepX":42.768,"maxScrollStepY":16,"diagonalEvents":0,"clippedEvents":0}
[DebugBridge +54862841.5ms] wheel_scroll_motion {"eventCount":4,"rawAbsX":146,"rawAbsY":0,"rawX":146,"rawY":0,"clippedAbsX":146,"clippedAbsY":0,"clippedX":146,"clippedY":0,"requestedAppliedX":141.912,"requestedAppliedY":0,"appliedX":36.936,"appliedY":0,"actualX":36.5,"actualY":0,"sensitivity":0.9720000000000001,"currentZoomForScroll":2.254810458757557,"maxScrollStepX":36.936,"maxScrollStepY":16,"diagonalEvents":0,"clippedEvents":0}
[DebugBridge +54862871.5ms] wheel_scroll_motion {"eventCount":3,"rawAbsX":94,"rawAbsY":0,"rawX":94,"rawY":0,"clippedAbsX":94,"clippedAbsY":0,"clippedX":94,"clippedY":0,"requestedAppliedX":91.36800000000001,"requestedAppliedY":0,"appliedX":33.048,"appliedY":0,"actualX":33,"actualY":0,"sensitivity":0.9720000000000001,"currentZoomForScroll":2.254810458757557,"maxScrollStepX":33.048,"maxScrollStepY":16,"diagonalEvents":0,"clippedEvents":0}
[DebugBridge +54862899.4ms] wheel_scroll_motion {"eventCount":2,"rawAbsX":54,"rawAbsY":0,"rawX":54,"rawY":0,"clippedAbsX":54,"clippedAbsY":0,"clippedX":54,"clippedY":0,"requestedAppliedX":52.488,"requestedAppliedY":0,"appliedX":27.216,"appliedY":0,"actualX":27,"actualY":0,"sensitivity":0.9720000000000001,"currentZoomForScroll":2.254810458757557,"maxScrollStepX":27.216,"maxScrollStepY":16,"diagonalEvents":0,"clippedEvents":0}
[DebugBridge +54862934.8ms] wheel_scroll_motion {"eventCount":4,"rawAbsX":8,"rawAbsY":20,"rawX":-8,"rawY":20,"clippedAbsX":8,"clippedAbsY":20,"clippedX":-8,"clippedY":20,"requestedAppliedX":-7.3872,"requestedAppliedY":18.5652,"appliedX":-7.3872,"appliedY":16,"actualX":-7.5,"actualY":16,"sensitivity":0.9234,"currentZoomForScroll":2.254810458757557,"maxScrollStepX":16,"maxScrollStepY":16,"diagonalEvents":3,"clippedEvents":0}
[DebugBridge +54862963.6ms] wheel_scroll_motion {"eventCount":3,"rawAbsX":14,"rawAbsY":44,"rawX":-14,"rawY":44,"clippedAbsX":14,"clippedAbsY":44,"clippedX":-14,"clippedY":44,"requestedAppliedX":-12.9276,"requestedAppliedY":40.6296,"appliedX":-12.9276,"appliedY":16.6212,"actualX":-13,"actualY":16.5,"sensitivity":0.9234,"currentZoomForScroll":2.254810458757557,"maxScrollStepX":16,"maxScrollStepY":16.6212,"diagonalEvents":3,"clippedEvents":0}
[DebugBridge +54862988.7ms] wheel_scroll_motion {"eventCount":3,"rawAbsX":18,"rawAbsY":64,"rawX":-18,"rawY":64,"clippedAbsX":18,"clippedAbsY":64,"clippedX":-18,"clippedY":64,"requestedAppliedX":-16.6212,"requestedAppliedY":59.09760000000001,"appliedX":-16,"appliedY":33.2424,"actualX":-16,"actualY":33,"sensitivity":0.9234,"currentZoomForScroll":2.254810458757557,"maxScrollStepX":16,"maxScrollStepY":33.2424,"diagonalEvents":3,"clippedEvents":0}
[DebugBridge +54863016.4ms] wheel_scroll_motion {"eventCount":4,"rawAbsX":14,"rawAbsY":92,"rawX":-14,"rawY":92,"clippedAbsX":14,"clippedAbsY":92,"clippedX":-14,"clippedY":92,"requestedAppliedX":-12.9276,"requestedAppliedY":86.6052,"appliedX":-12.9276,"appliedY":38.7828,"actualX":-13,"actualY":38.5,"sensitivity":0.9720000000000001,"currentZoomForScroll":2.254810458757557,"maxScrollStepX":16,"maxScrollStepY":38.7828,"diagonalEvents":3,"clippedEvents":0}
[DebugBridge +54863049.8ms] wheel_scroll_motion {"eventCount":4,"rawAbsX":0,"rawAbsY":172,"rawX":0,"rawY":172,"clippedAbsX":0,"clippedAbsY":172,"clippedX":0,"clippedY":172,"requestedAppliedX":0,"requestedAppliedY":167.18400000000003,"appliedX":0,"appliedY":44.712,"actualX":0,"actualY":44.5,"sensitivity":0.9720000000000001,"currentZoomForScroll":2.254810458757557,"maxScrollStepX":16,"maxScrollStepY":44.712,"diagonalEvents":0,"clippedEvents":0}
[DebugBridge +54863082.5ms] wheel_scroll_motion {"eventCount":4,"rawAbsX":0,"rawAbsY":190,"rawX":0,"rawY":190,"clippedAbsX":0,"clippedAbsY":190,"clippedX":0,"clippedY":190,"requestedAppliedX":0,"requestedAppliedY":184.68,"appliedX":0,"appliedY":48.6,"actualX":0,"actualY":48.5,"sensitivity":0.9720000000000001,"currentZoomForScroll":2.254810458757557,"maxScrollStepX":16,"maxScrollStepY":48.6,"diagonalEvents":0,"clippedEvents":0}
[DebugBridge +54863116.0ms] wheel_scroll_motion {"eventCount":4,"rawAbsX":0,"rawAbsY":174,"rawX":0,"rawY":174,"clippedAbsX":0,"clippedAbsY":174,"clippedX":0,"clippedY":174,"requestedAppliedX":0,"requestedAppliedY":169.12800000000001,"appliedX":0,"appliedY":44.712,"actualX":0,"actualY":44.5,"sensitivity":0.9720000000000001,"currentZoomForScroll":2.254810458757557,"maxScrollStepX":16,"maxScrollStepY":44.712,"diagonalEvents":0,"clippedEvents":0}
[DebugBridge +54863150.3ms] wheel_scroll_motion {"eventCount":4,"rawAbsX":0,"rawAbsY":150,"rawX":0,"rawY":150,"clippedAbsX":0,"clippedAbsY":150,"clippedX":0,"clippedY":150,"requestedAppliedX":0,"requestedAppliedY":145.8,"appliedX":0,"appliedY":36.936,"actualX":0,"actualY":36.5,"sensitivity":0.9720000000000001,"currentZoomForScroll":2.254810458757557,"maxScrollStepX":16,"maxScrollStepY":36.936,"diagonalEvents":0,"clippedEvents":0}
[DebugBridge +54863182.9ms] wheel_scroll_motion {"eventCount":4,"rawAbsX":0,"rawAbsY":124,"rawX":0,"rawY":124,"clippedAbsX":0,"clippedAbsY":124,"clippedX":0,"clippedY":124,"requestedAppliedX":0,"requestedAppliedY":120.52800000000002,"appliedX":0,"appliedY":33.048,"actualX":0,"actualY":33,"sensitivity":0.9720000000000001,"currentZoomForScroll":2.254810458757557,"maxScrollStepX":16,"maxScrollStepY":33.048,"diagonalEvents":0,"clippedEvents":0}
[DebugBridge +54863216.4ms] wheel_scroll_motion {"eventCount":4,"rawAbsX":0,"rawAbsY":108,"rawX":0,"rawY":108,"clippedAbsX":0,"clippedAbsY":108,"clippedX":0,"clippedY":108,"requestedAppliedX":0,"requestedAppliedY":104.97600000000001,"appliedX":0,"appliedY":29.160000000000004,"actualX":0,"actualY":29,"sensitivity":0.9720000000000001,"currentZoomForScroll":2.254810458757557,"maxScrollStepX":16,"maxScrollStepY":29.160000000000004,"diagonalEvents":0,"clippedEvents":0}
[DebugBridge +54863247.2ms] wheel_scroll_motion {"eventCount":3,"rawAbsX":0,"rawAbsY":66,"rawX":0,"rawY":66,"clippedAbsX":0,"clippedAbsY":66,"clippedX":0,"clippedY":66,"requestedAppliedX":0,"requestedAppliedY":64.152,"appliedX":0,"appliedY":21.384,"actualX":0,"actualY":21,"sensitivity":0.9720000000000001,"currentZoomForScroll":2.254810458757557,"maxScrollStepX":16,"maxScrollStepY":21.384,"diagonalEvents":0,"clippedEvents":0}
[DebugBridge +54863274.6ms] wheel_scroll_motion {"eventCount":4,"rawAbsX":0,"rawAbsY":80,"rawX":0,"rawY":80,"clippedAbsX":0,"clippedAbsY":80,"clippedX":0,"clippedY":80,"requestedAppliedX":0,"requestedAppliedY":77.75999999999999,"appliedX":0,"appliedY":21.384,"actualX":0,"actualY":21,"sensitivity":0.9720000000000001,"currentZoomForScroll":2.254810458757557,"maxScrollStepX":16,"maxScrollStepY":21.384,"diagonalEvents":0,"clippedEvents":0}
[DebugBridge +54863308.3ms] wheel_scroll_motion {"eventCount":4,"rawAbsX":0,"rawAbsY":64,"rawX":0,"rawY":64,"clippedAbsX":0,"clippedAbsY":64,"clippedX":0,"clippedY":64,"requestedAppliedX":0,"requestedAppliedY":62.208000000000006,"appliedX":0,"appliedY":16,"actualX":0,"actualY":16,"sensitivity":0.9720000000000001,"currentZoomForScroll":2.254810458757557,"maxScrollStepX":16,"maxScrollStepY":16,"diagonalEvents":0,"clippedEvents":0}
[SVGAnnotationLayer] setRotInputVisible(false) reason=selectedIds.size !== 1
[SVGAnnotationLayer] setRotInputVisible(false) reason=selectedIds.size !== 1
[SVGAnnotationLayer] setRotInputVisible(false) reason=selectedIds.size !== 1
[DebugBridge +54863569.0ms] wheel_scroll_motion {"eventCount":1,"rawAbsX":0,"rawAbsY":16,"rawX":0,"rawY":16,"clippedAbsX":0,"clippedAbsY":16,"clippedX":0,"clippedY":16,"requestedAppliedX":0,"requestedAppliedY":15.552000000000001,"appliedX":0,"appliedY":15.552000000000001,"actualX":0,"actualY":15.5,"sensitivity":0.9720000000000001,"currentZoomForScroll":2.254810458757557,"maxScrollStepX":16,"maxScrollStepY":16,"diagonalEvents":0,"clippedEvents":0}
[DebugBridge +54863785.4ms] wheel_scroll_motion {"eventCount":4,"rawAbsX":12,"rawAbsY":22,"rawX":-12,"rawY":22,"clippedAbsX":12,"clippedAbsY":22,"clippedX":-12,"clippedY":22,"requestedAppliedX":-11.0808,"requestedAppliedY":20.412,"appliedX":-11.0808,"appliedY":16,"actualX":-11.5,"actualY":16,"sensitivity":0.9234,"currentZoomForScroll":2.254810458757557,"maxScrollStepX":16,"maxScrollStepY":16,"diagonalEvents":3,"clippedEvents":0}
[DebugBridge +54863814.8ms] wheel_scroll_motion {"eventCount":4,"rawAbsX":42,"rawAbsY":72,"rawX":-42,"rawY":72,"clippedAbsX":42,"clippedAbsY":72,"clippedX":-42,"clippedY":72,"requestedAppliedX":-38.7828,"requestedAppliedY":66.48479999999999,"appliedX":-22.1616,"appliedY":36.936,"actualX":-22.5,"actualY":36.5,"sensitivity":0.9234,"currentZoomForScroll":2.254810458757557,"maxScrollStepX":22.1616,"maxScrollStepY":36.936,"diagonalEvents":4,"clippedEvents":0}
[DebugBridge +54863849.7ms] wheel_scroll_motion {"eventCount":4,"rawAbsX":42,"rawAbsY":82,"rawX":-42,"rawY":82,"clippedAbsX":42,"clippedAbsY":82,"clippedX":-42,"clippedY":82,"requestedAppliedX":-38.7828,"requestedAppliedY":75.71879999999999,"appliedX":-18.468,"appliedY":35.0892,"actualX":-18.5,"actualY":35,"sensitivity":0.9234,"currentZoomForScroll":2.254810458757557,"maxScrollStepX":18.468,"maxScrollStepY":35.0892,"diagonalEvents":4,"clippedEvents":0}
[DebugBridge +54863880.7ms] wheel_scroll_motion {"eventCount":3,"rawAbsX":22,"rawAbsY":46,"rawX":-22,"rawY":46,"clippedAbsX":22,"clippedAbsY":46,"clippedX":-22,"clippedY":46,"requestedAppliedX":-20.314799999999998,"requestedAppliedY":42.4764,"appliedX":-16,"appliedY":18.468,"actualX":-16,"actualY":18,"sensitivity":0.9234,"currentZoomForScroll":2.254810458757557,"maxScrollStepX":16,"maxScrollStepY":18.468,"diagonalEvents":3,"clippedEvents":0}
[SVGAnnotationLayer] setRotInputVisible(false) reason=selectedIds.size !== 1
[DebugBridge +54863952.6ms] wheel_scroll_motion {"eventCount":3,"rawAbsX":104,"rawAbsY":266,"rawX":-104,"rawY":266,"clippedAbsX":104,"clippedAbsY":194.51013230023094,"clippedX":-104,"clippedY":194.51013230023094,"requestedAppliedX":-96.0336,"requestedAppliedY":179.61065616603327,"appliedX":-77.5656,"appliedY":135.28745616603325,"actualX":-78,"actualY":135,"sensitivity":0.9234,"currentZoomForScroll":2.254810458757557,"maxScrollStepX":77.5656,"maxScrollStepY":135.28745616603325,"diagonalEvents":3,"clippedEvents":1}
[DebugBridge +54863984.2ms] wheel_scroll_motion {"eventCount":4,"rawAbsX":36,"rawAbsY":96,"rawX":-36,"rawY":96,"clippedAbsX":36,"clippedAbsY":96,"clippedX":-36,"clippedY":96,"requestedAppliedX":-33.2424,"requestedAppliedY":88.6464,"appliedX":-16,"appliedY":24.0084,"actualX":-16,"actualY":24,"sensitivity":0.9234,"currentZoomForScroll":2.254810458757557,"maxScrollStepX":16,"maxScrollStepY":24.0084,"diagonalEvents":4,"clippedEvents":0}
[DebugBridge +54864016.0ms] wheel_scroll_motion {"eventCount":4,"rawAbsX":32,"rawAbsY":82,"rawX":-32,"rawY":82,"clippedAbsX":32,"clippedAbsY":82,"clippedX":-32,"clippedY":82,"requestedAppliedX":-29.5488,"requestedAppliedY":75.7188,"appliedX":-16,"appliedY":20.314799999999998,"actualX":-16,"actualY":20,"sensitivity":0.9234,"currentZoomForScroll":2.254810458757557,"maxScrollStepX":16,"maxScrollStepY":20.314799999999998,"diagonalEvents":4,"clippedEvents":0}
[DebugBridge +54864047.2ms] wheel_scroll_motion {"eventCount":3,"rawAbsX":18,"rawAbsY":52,"rawX":-18,"rawY":52,"clippedAbsX":18,"clippedAbsY":52,"clippedX":-18,"clippedY":52,"requestedAppliedX":-16.6212,"requestedAppliedY":48.0168,"appliedX":-16,"appliedY":16.6212,"actualX":-16,"actualY":16.5,"sensitivity":0.9234,"currentZoomForScroll":2.254810458757557,"maxScrollStepX":16,"maxScrollStepY":16.6212,"diagonalEvents":3,"clippedEvents":0}
[DebugBridge +54864074.3ms] wheel_scroll_motion {"eventCount":4,"rawAbsX":24,"rawAbsY":62,"rawX":-24,"rawY":62,"clippedAbsX":24,"clippedAbsY":62,"clippedX":-24,"clippedY":62,"requestedAppliedX":-22.1616,"requestedAppliedY":57.2508,"appliedX":-16,"appliedY":16,"actualX":-16,"actualY":16,"sensitivity":0.9234,"currentZoomForScroll":2.254810458757557,"maxScrollStepX":16,"maxScrollStepY":16,"diagonalEvents":4,"clippedEvents":0}
[DebugBridge +54864107.7ms] wheel_scroll_motion {"eventCount":2,"rawAbsX":12,"rawAbsY":28,"rawX":-12,"rawY":28,"clippedAbsX":12,"clippedAbsY":28,"clippedX":-12,"clippedY":28,"requestedAppliedX":-11.0808,"requestedAppliedY":25.8552,"appliedX":-11.0808,"appliedY":16,"actualX":-11.5,"actualY":16,"sensitivity":0.9234,"currentZoomForScroll":2.254810458757557,"maxScrollStepX":16,"maxScrollStepY":16,"diagonalEvents":2,"clippedEvents":0}
[DebugBridge +54864207.5ms] wheel_scroll_motion {"eventCount":3,"rawAbsX":8,"rawAbsY":6,"rawX":-8,"rawY":-6,"clippedAbsX":8,"clippedAbsY":6,"clippedX":-8,"clippedY":-6,"requestedAppliedX":-7.4844,"requestedAppliedY":-5.5404,"appliedX":-7.4844,"appliedY":-5.5404,"actualX":-7.5,"actualY":-6,"sensitivity":0.9234,"currentZoomForScroll":2.254810458757557,"maxScrollStepX":16,"maxScrollStepY":16,"diagonalEvents":2,"clippedEvents":0}
[DebugBridge +54864241.2ms] wheel_scroll_motion {"eventCount":4,"rawAbsX":16,"rawAbsY":14,"rawX":-16,"rawY":-14,"clippedAbsX":16,"clippedAbsY":14,"clippedX":-16,"clippedY":-14,"requestedAppliedX":-14.7744,"requestedAppliedY":-12.9276,"appliedX":-14.7744,"appliedY":-12.9276,"actualX":-15,"actualY":-13,"sensitivity":0.9234,"currentZoomForScroll":2.254810458757557,"maxScrollStepX":16,"maxScrollStepY":16,"diagonalEvents":4,"clippedEvents":0}
[DebugBridge +54864274.6ms] wheel_scroll_motion {"eventCount":4,"rawAbsX":18,"rawAbsY":16,"rawX":-18,"rawY":-16,"clippedAbsX":18,"clippedAbsY":16,"clippedX":-18,"clippedY":-16,"requestedAppliedX":-16.6212,"requestedAppliedY":-14.7744,"appliedX":-16,"appliedY":-14.7744,"actualX":-16,"actualY":-15,"sensitivity":0.9234,"currentZoomForScroll":2.254810458757557,"maxScrollStepX":16,"maxScrollStepY":16,"diagonalEvents":4,"clippedEvents":0}
[DebugBridge +54864308.2ms] wheel_scroll_motion {"eventCount":4,"rawAbsX":14,"rawAbsY":18,"rawX":-14,"rawY":-18,"clippedAbsX":14,"clippedAbsY":18,"clippedX":-14,"clippedY":-18,"requestedAppliedX":-12.9276,"requestedAppliedY":-16.6212,"appliedX":-12.9276,"appliedY":-16,"actualX":-13,"actualY":-16,"sensitivity":0.9234,"currentZoomForScroll":2.254810458757557,"maxScrollStepX":16,"maxScrollStepY":16,"diagonalEvents":4,"clippedEvents":0}
[DebugBridge +54864341.9ms] wheel_scroll_motion {"eventCount":4,"rawAbsX":24,"rawAbsY":48,"rawX":-24,"rawY":-48,"clippedAbsX":24,"clippedAbsY":48,"clippedX":-24,"clippedY":-48,"requestedAppliedX":-22.1616,"requestedAppliedY":-44.3232,"appliedX":-16,"appliedY":-16.6212,"actualX":-16,"actualY":-17,"sensitivity":0.9234,"currentZoomForScroll":2.254810458757557,"maxScrollStepX":16,"maxScrollStepY":16.6212,"diagonalEvents":4,"clippedEvents":0}
[DebugBridge +54864370.5ms] wheel_scroll_motion {"eventCount":3,"rawAbsX":20,"rawAbsY":46,"rawX":-20,"rawY":-46,"clippedAbsX":20,"clippedAbsY":46,"clippedX":-20,"clippedY":-46,"requestedAppliedX":-18.468,"requestedAppliedY":-42.476400000000005,"appliedX":-16,"appliedY":-16.6212,"actualX":-16,"actualY":-17,"sensitivity":0.9234,"currentZoomForScroll":2.254810458757557,"maxScrollStepX":16,"maxScrollStepY":16.6212,"diagonalEvents":3,"clippedEvents":0}
[DebugBridge +54864399.9ms] wheel_scroll_motion {"eventCount":4,"rawAbsX":22,"rawAbsY":44,"rawX":-22,"rawY":-44,"clippedAbsX":22,"clippedAbsY":44,"clippedX":-22,"clippedY":-44,"requestedAppliedX":-20.314799999999998,"requestedAppliedY":-40.6296,"appliedX":-16,"appliedY":-16,"actualX":-16,"actualY":-16,"sensitivity":0.9234,"currentZoomForScroll":2.254810458757557,"maxScrollStepX":16,"maxScrollStepY":16,"diagonalEvents":4,"clippedEvents":0}
[DebugBridge +54864429.9ms] wheel_scroll_motion {"eventCount":3,"rawAbsX":18,"rawAbsY":32,"rawX":-18,"rawY":-32,"clippedAbsX":18,"clippedAbsY":32,"clippedX":-18,"clippedY":-32,"requestedAppliedX":-16.6212,"requestedAppliedY":-29.5488,"appliedX":-16,"appliedY":-16,"actualX":-16,"actualY":-16,"sensitivity":0.9234,"currentZoomForScroll":2.254810458757557,"maxScrollStepX":16,"maxScrollStepY":16,"diagonalEvents":3,"clippedEvents":0}
[DebugBridge +54864456.7ms] wheel_scroll_motion {"eventCount":4,"rawAbsX":18,"rawAbsY":30,"rawX":-18,"rawY":-30,"clippedAbsX":18,"clippedAbsY":30,"clippedX":-18,"clippedY":-30,"requestedAppliedX":-16.6212,"requestedAppliedY":-27.702,"appliedX":-16,"appliedY":-16,"actualX":-16,"actualY":-16,"sensitivity":0.9234,"currentZoomForScroll":2.254810458757557,"maxScrollStepX":16,"maxScrollStepY":16,"diagonalEvents":4,"clippedEvents":0}
[DebugBridge +54864491.5ms] wheel_scroll_motion {"eventCount":4,"rawAbsX":16,"rawAbsY":18,"rawX":-16,"rawY":-18,"clippedAbsX":16,"clippedAbsY":18,"clippedX":-16,"clippedY":-18,"requestedAppliedX":-14.7744,"requestedAppliedY":-16.6212,"appliedX":-14.7744,"appliedY":-16,"actualX":-15,"actualY":-16,"sensitivity":0.9234,"currentZoomForScroll":2.254810458757557,"maxScrollStepX":16,"maxScrollStepY":16,"diagonalEvents":4,"clippedEvents":0}
[DebugBridge +54864524.8ms] wheel_scroll_motion {"eventCount":4,"rawAbsX":16,"rawAbsY":16,"rawX":-16,"rawY":-16,"clippedAbsX":16,"clippedAbsY":16,"clippedX":-16,"clippedY":-16,"requestedAppliedX":-14.7744,"requestedAppliedY":-14.7744,"appliedX":-14.7744,"appliedY":-14.7744,"actualX":-15,"actualY":-15,"sensitivity":0.9234,"currentZoomForScroll":2.254810458757557,"maxScrollStepX":16,"maxScrollStepY":16,"diagonalEvents":4,"clippedEvents":0}
[DebugBridge +54864558.4ms] wheel_scroll_motion {"eventCount":4,"rawAbsX":16,"rawAbsY":14,"rawX":-16,"rawY":-14,"clippedAbsX":16,"clippedAbsY":14,"clippedX":-16,"clippedY":-14,"requestedAppliedX":-14.7744,"requestedAppliedY":-12.9276,"appliedX":-14.7744,"appliedY":-12.9276,"actualX":-15,"actualY":-13,"sensitivity":0.9234,"currentZoomForScroll":2.254810458757557,"maxScrollStepX":16,"maxScrollStepY":16,"diagonalEvents":4,"clippedEvents":0}
[DebugBridge +54864588.9ms] wheel_scroll_motion {"eventCount":3,"rawAbsX":6,"rawAbsY":6,"rawX":-6,"rawY":-6,"clippedAbsX":6,"clippedAbsY":6,"clippedX":-6,"clippedY":-6,"requestedAppliedX":-5.6376,"requestedAppliedY":-5.5404,"appliedX":-5.6376,"appliedY":-5.5404,"actualX":-6,"actualY":-6,"sensitivity":0.9234,"currentZoomForScroll":2.254810458757557,"maxScrollStepX":16,"maxScrollStepY":16,"diagonalEvents":2,"clippedEvents":0}
[DebugBridge +54864616.4ms] wheel_scroll_motion {"eventCount":4,"rawAbsX":6,"rawAbsY":4,"rawX":-6,"rawY":-4,"clippedAbsX":6,"clippedAbsY":4,"clippedX":-6,"clippedY":-4,"requestedAppliedX":-5.7348,"requestedAppliedY":-3.7908,"appliedX":-5.7348,"appliedY":-3.7908,"actualX":-6,"actualY":-4,"sensitivity":0.9234,"currentZoomForScroll":2.254810458757557,"maxScrollStepX":16,"maxScrollStepY":16,"diagonalEvents":1,"clippedEvents":0}
[DebugBridge +54864647.0ms] wheel_scroll_motion {"eventCount":3,"rawAbsX":4,"rawAbsY":4,"rawX":-4,"rawY":-4,"clippedAbsX":4,"clippedAbsY":4,"clippedX":-4,"clippedY":-4,"requestedAppliedX":-3.7908,"requestedAppliedY":-3.7908,"appliedX":-3.7908,"appliedY":-3.7908,"actualX":-4,"actualY":-4,"sensitivity":0.9234,"currentZoomForScroll":2.254810458757557,"maxScrollStepX":16,"maxScrollStepY":16,"diagonalEvents":1,"clippedEvents":0}
[DebugBridge +54864674.7ms] wheel_scroll_motion {"eventCount":4,"rawAbsX":6,"rawAbsY":2,"rawX":-6,"rawY":-2,"clippedAbsX":6,"clippedAbsY":2,"clippedX":-6,"clippedY":-2,"requestedAppliedX":-5.832000000000001,"requestedAppliedY":-1.9440000000000002,"appliedX":-5.832000000000001,"appliedY":-1.9440000000000002,"actualX":-6,"actualY":-2,"sensitivity":0.9720000000000001,"currentZoomForScroll":2.254810458757557,"maxScrollStepX":16,"maxScrollStepY":16,"diagonalEvents":0,"clippedEvents":0}
[DebugBridge +54864858.2ms] wheel_scroll_motion {"eventCount":2,"rawAbsX":0,"rawAbsY":4,"rawX":0,"rawY":-4,"clippedAbsX":0,"clippedAbsY":4,"clippedX":0,"clippedY":-4,"requestedAppliedX":0,"requestedAppliedY":-3.8880000000000003,"appliedX":0,"appliedY":-3.8880000000000003,"actualX":0,"actualY":-4,"sensitivity":0.9720000000000001,"currentZoomForScroll":2.254810458757557,"maxScrollStepX":16,"maxScrollStepY":16,"diagonalEvents":0,"clippedEvents":0}
[DebugBridge +54865266.4ms] wheel_scroll_motion {"eventCount":5,"rawAbsX":30,"rawAbsY":14,"rawX":-30,"rawY":14,"clippedAbsX":30,"clippedAbsY":14,"clippedX":-30,"clippedY":14,"requestedAppliedX":-27.799200000000003,"requestedAppliedY":12.9276,"appliedX":-16,"appliedY":12.9276,"actualX":-16,"actualY":12.5,"sensitivity":0.9234,"currentZoomForScroll":2.254810458757557,"maxScrollStepX":16,"maxScrollStepY":16,"diagonalEvents":4,"clippedEvents":0}
[DebugBridge +54865298.7ms] wheel_scroll_motion {"eventCount":4,"rawAbsX":54,"rawAbsY":34,"rawX":-54,"rawY":34,"clippedAbsX":54,"clippedAbsY":34,"clippedX":-54,"clippedY":34,"requestedAppliedX":-49.863600000000005,"requestedAppliedY":31.3956,"appliedX":-25.8552,"appliedY":16.6212,"actualX":-26,"actualY":16.5,"sensitivity":0.9234,"currentZoomForScroll":2.254810458757557,"maxScrollStepX":25.8552,"maxScrollStepY":16.6212,"diagonalEvents":4,"clippedEvents":0}
[DebugBridge +54865332.5ms] wheel_scroll_motion {"eventCount":4,"rawAbsX":54,"rawAbsY":38,"rawX":-54,"rawY":38,"clippedAbsX":54,"clippedAbsY":38,"clippedX":-54,"clippedY":38,"requestedAppliedX":-49.8636,"requestedAppliedY":35.0892,"appliedX":-25.8552,"appliedY":18.468,"actualX":-26,"actualY":18,"sensitivity":0.9234,"currentZoomForScroll":2.254810458757557,"maxScrollStepX":25.8552,"maxScrollStepY":18.468,"diagonalEvents":4,"clippedEvents":0}
[DebugBridge +54865365.9ms] wheel_scroll_motion {"eventCount":4,"rawAbsX":50,"rawAbsY":32,"rawX":-50,"rawY":32,"clippedAbsX":50,"clippedAbsY":32,"clippedX":-50,"clippedY":32,"requestedAppliedX":-46.169999999999995,"requestedAppliedY":29.5488,"appliedX":-18.468,"appliedY":16,"actualX":-18.5,"actualY":16,"sensitivity":0.9234,"currentZoomForScroll":2.254810458757557,"maxScrollStepX":18.468,"maxScrollStepY":16,"diagonalEvents":4,"clippedEvents":0}
[DebugBridge +54865399.5ms] wheel_scroll_motion {"eventCount":4,"rawAbsX":70,"rawAbsY":48,"rawX":-70,"rawY":48,"clippedAbsX":70,"clippedAbsY":48,"clippedX":-70,"clippedY":48,"requestedAppliedX":-64.638,"requestedAppliedY":44.3232,"appliedX":-16.6212,"appliedY":16,"actualX":-17,"actualY":16,"sensitivity":0.9234,"currentZoomForScroll":2.254810458757557,"maxScrollStepX":16.6212,"maxScrollStepY":16,"diagonalEvents":4,"clippedEvents":0}
[DebugBridge +54865433.2ms] wheel_scroll_motion {"eventCount":4,"rawAbsX":84,"rawAbsY":54,"rawX":-84,"rawY":54,"clippedAbsX":84,"clippedAbsY":54,"clippedX":-84,"clippedY":54,"requestedAppliedX":-77.56559999999999,"requestedAppliedY":49.8636,"appliedX":-20.314799999999998,"appliedY":16,"actualX":-20.5,"actualY":16,"sensitivity":0.9234,"currentZoomForScroll":2.254810458757557,"maxScrollStepX":20.314799999999998,"maxScrollStepY":16,"diagonalEvents":4,"clippedEvents":0}
[DebugBridge +54865466.0ms] wheel_scroll_motion {"eventCount":4,"rawAbsX":74,"rawAbsY":48,"rawX":-74,"rawY":48,"clippedAbsX":74,"clippedAbsY":48,"clippedX":-74,"clippedY":48,"requestedAppliedX":-68.33160000000001,"requestedAppliedY":44.32320000000001,"appliedX":-18.468,"appliedY":16,"actualX":-18.5,"actualY":16,"sensitivity":0.9234,"currentZoomForScroll":2.254810458757557,"maxScrollStepX":18.468,"maxScrollStepY":16,"diagonalEvents":4,"clippedEvents":0}
[DebugBridge +54865499.4ms] wheel_scroll_motion {"eventCount":4,"rawAbsX":64,"rawAbsY":40,"rawX":-64,"rawY":40,"clippedAbsX":64,"clippedAbsY":40,"clippedX":-64,"clippedY":40,"requestedAppliedX":-59.0976,"requestedAppliedY":36.936,"appliedX":-16,"appliedY":16,"actualX":-16,"actualY":16,"sensitivity":0.9234,"currentZoomForScroll":2.254810458757557,"maxScrollStepX":16,"maxScrollStepY":16,"diagonalEvents":4,"clippedEvents":0}
[DebugBridge +54865533.0ms] wheel_scroll_motion {"eventCount":4,"rawAbsX":56,"rawAbsY":32,"rawX":-56,"rawY":32,"clippedAbsX":56,"clippedAbsY":32,"clippedX":-56,"clippedY":32,"requestedAppliedX":-51.7104,"requestedAppliedY":29.5488,"appliedX":-16,"appliedY":16,"actualX":-16,"actualY":16,"sensitivity":0.9234,"currentZoomForScroll":2.254810458757557,"maxScrollStepX":16,"maxScrollStepY":16,"diagonalEvents":4,"clippedEvents":0}
[DebugBridge +54865563.9ms] wheel_scroll_motion {"eventCount":3,"rawAbsX":34,"rawAbsY":22,"rawX":-34,"rawY":22,"clippedAbsX":34,"clippedAbsY":22,"clippedX":-34,"clippedY":22,"requestedAppliedX":-31.3956,"requestedAppliedY":20.314799999999998,"appliedX":-16,"appliedY":16,"actualX":-16,"actualY":16,"sensitivity":0.9234,"currentZoomForScroll":2.254810458757557,"maxScrollStepX":16,"maxScrollStepY":16,"diagonalEvents":3,"clippedEvents":0}
[DebugBridge +54865591.1ms] wheel_scroll_motion {"eventCount":3,"rawAbsX":30,"rawAbsY":18,"rawX":-30,"rawY":18,"clippedAbsX":30,"clippedAbsY":18,"clippedX":-30,"clippedY":18,"requestedAppliedX":-27.701999999999998,"requestedAppliedY":16.6212,"appliedX":-16,"appliedY":16,"actualX":-16,"actualY":16,"sensitivity":0.9234,"currentZoomForScroll":2.254810458757557,"maxScrollStepX":16,"maxScrollStepY":16,"diagonalEvents":3,"clippedEvents":0}
[DebugBridge +54867022.1ms] wheel_scroll_motion {"eventCount":1,"rawAbsX":2,"rawAbsY":0,"rawX":2,"rawY":0,"clippedAbsX":2,"clippedAbsY":0,"clippedX":2,"clippedY":0,"requestedAppliedX":1.9440000000000002,"requestedAppliedY":0,"appliedX":1.9440000000000002,"appliedY":0,"actualX":1.5,"actualY":0,"sensitivity":0.9720000000000001,"currentZoomForScroll":2.254810458757557,"maxScrollStepX":16,"maxScrollStepY":16,"diagonalEvents":0,"clippedEvents":0}
[DebugBridge +54867065.0ms] wheel_scroll_motion {"eventCount":2,"rawAbsX":4,"rawAbsY":0,"rawX":4,"rawY":0,"clippedAbsX":4,"clippedAbsY":0,"clippedX":4,"clippedY":0,"requestedAppliedX":3.8880000000000003,"requestedAppliedY":0,"appliedX":3.8880000000000003,"appliedY":0,"actualX":3.5,"actualY":0,"sensitivity":0.9720000000000001,"currentZoomForScroll":2.254810458757557,"maxScrollStepX":16,"maxScrollStepY":16,"diagonalEvents":0,"clippedEvents":0}
[DebugBridge +54869795.9ms] wheel_scroll_motion {"eventCount":2,"rawAbsX":4,"rawAbsY":0,"rawX":4,"rawY":0,"clippedAbsX":4,"clippedAbsY":0,"clippedX":4,"clippedY":0,"requestedAppliedX":3.8880000000000003,"requestedAppliedY":0,"appliedX":3.8880000000000003,"appliedY":0,"actualX":3.5,"actualY":0,"sensitivity":0.9720000000000001,"currentZoomForScroll":2.254810458757557,"maxScrollStepX":16,"maxScrollStepY":16,"diagonalEvents":0,"clippedEvents":0}
[DebugBridge +54870736.0ms] wheel_scroll_motion {"eventCount":1,"rawAbsX":0,"rawAbsY":2,"rawX":0,"rawY":2,"clippedAbsX":0,"clippedAbsY":2,"clippedX":0,"clippedY":2,"requestedAppliedX":0,"requestedAppliedY":1.9440000000000002,"appliedX":0,"appliedY":1.9440000000000002,"actualX":0,"actualY":1.5,"sensitivity":0.9720000000000001,"currentZoomForScroll":2.254810458757557,"maxScrollStepX":16,"maxScrollStepY":16,"diagonalEvents":0,"clippedEvents":0}
[DebugBridge +54871455.5ms] wheel_scroll_motion {"eventCount":3,"rawAbsX":2,"rawAbsY":4,"rawX":2,"rawY":4,"clippedAbsX":2,"clippedAbsY":4,"clippedX":2,"clippedY":4,"requestedAppliedX":1.9440000000000002,"requestedAppliedY":3.8880000000000003,"appliedX":1.9440000000000002,"appliedY":3.8880000000000003,"actualX":1.5,"actualY":3.5,"sensitivity":0.9720000000000001,"currentZoomForScroll":2.254810458757557,"maxScrollStepX":16,"maxScrollStepY":16,"diagonalEvents":0,"clippedEvents":0}
[DebugBridge +54871482.6ms] wheel_scroll_motion {"eventCount":1,"rawAbsX":2,"rawAbsY":0,"rawX":2,"rawY":0,"clippedAbsX":2,"clippedAbsY":0,"clippedX":2,"clippedY":0,"requestedAppliedX":1.9440000000000002,"requestedAppliedY":0,"appliedX":1.9440000000000002,"appliedY":0,"actualX":1.5,"actualY":0,"sensitivity":0.9720000000000001,"currentZoomForScroll":2.254810458757557,"maxScrollStepX":16,"maxScrollStepY":16,"diagonalEvents":0,"clippedEvents":0}
[DebugBridge +54871522.3ms] wheel_scroll_motion {"eventCount":3,"rawAbsX":6,"rawAbsY":6,"rawX":6,"rawY":6,"clippedAbsX":6,"clippedAbsY":6,"clippedX":6,"clippedY":6,"requestedAppliedX":5.5404,"requestedAppliedY":5.5404,"appliedX":5.5404,"appliedY":5.5404,"actualX":5.5,"actualY":5.5,"sensitivity":0.9234,"currentZoomForScroll":2.254810458757557,"maxScrollStepX":16,"maxScrollStepY":16,"diagonalEvents":3,"clippedEvents":0}
[DebugBridge +54871550.2ms] wheel_scroll_motion {"eventCount":4,"rawAbsX":16,"rawAbsY":18,"rawX":16,"rawY":18,"clippedAbsX":16,"clippedAbsY":18,"clippedX":16,"clippedY":18,"requestedAppliedX":14.7744,"requestedAppliedY":16.6212,"appliedX":14.7744,"appliedY":16,"actualX":14.5,"actualY":16,"sensitivity":0.9234,"currentZoomForScroll":2.254810458757557,"maxScrollStepX":16,"maxScrollStepY":16,"diagonalEvents":4,"clippedEvents":0}
[DebugBridge +54871583.8ms] wheel_scroll_motion {"eventCount":4,"rawAbsX":16,"rawAbsY":26,"rawX":16,"rawY":26,"clippedAbsX":16,"clippedAbsY":26,"clippedX":16,"clippedY":26,"requestedAppliedX":14.7744,"requestedAppliedY":24.0084,"appliedX":14.7744,"appliedY":16,"actualX":14.5,"actualY":16,"sensitivity":0.9234,"currentZoomForScroll":2.254810458757557,"maxScrollStepX":16,"maxScrollStepY":16,"diagonalEvents":4,"clippedEvents":0}
[DebugBridge +54871616.4ms] wheel_scroll_motion {"eventCount":4,"rawAbsX":16,"rawAbsY":38,"rawX":16,"rawY":38,"clippedAbsX":16,"clippedAbsY":38,"clippedX":16,"clippedY":38,"requestedAppliedX":14.7744,"requestedAppliedY":35.0892,"appliedX":14.7744,"appliedY":16,"actualX":14.5,"actualY":16,"sensitivity":0.9234,"currentZoomForScroll":2.254810458757557,"maxScrollStepX":16,"maxScrollStepY":16,"diagonalEvents":4,"clippedEvents":0}
[DebugBridge +54871649.3ms] wheel_scroll_motion {"eventCount":4,"rawAbsX":14,"rawAbsY":36,"rawX":14,"rawY":36,"clippedAbsX":14,"clippedAbsY":36,"clippedX":14,"clippedY":36,"requestedAppliedX":12.9276,"requestedAppliedY":33.2424,"appliedX":12.9276,"appliedY":16,"actualX":12.5,"actualY":16,"sensitivity":0.9234,"currentZoomForScroll":2.254810458757557,"maxScrollStepX":16,"maxScrollStepY":16,"diagonalEvents":4,"clippedEvents":0}
[DebugBridge +54871683.6ms] wheel_scroll_motion {"eventCount":4,"rawAbsX":16,"rawAbsY":40,"rawX":16,"rawY":40,"clippedAbsX":16,"clippedAbsY":40,"clippedX":16,"clippedY":40,"requestedAppliedX":14.7744,"requestedAppliedY":36.93600000000001,"appliedX":14.7744,"appliedY":16,"actualX":14.5,"actualY":16,"sensitivity":0.9234,"currentZoomForScroll":2.254810458757557,"maxScrollStepX":16,"maxScrollStepY":16,"diagonalEvents":4,"clippedEvents":0}
[DebugBridge +54871716.6ms] wheel_scroll_motion {"eventCount":4,"rawAbsX":18,"rawAbsY":38,"rawX":18,"rawY":38,"clippedAbsX":18,"clippedAbsY":38,"clippedX":18,"clippedY":38,"requestedAppliedX":16.6212,"requestedAppliedY":35.0892,"appliedX":16,"appliedY":16,"actualX":16,"actualY":16,"sensitivity":0.9234,"currentZoomForScroll":2.254810458757557,"maxScrollStepX":16,"maxScrollStepY":16,"diagonalEvents":4,"clippedEvents":0}
[DebugBridge +54871746.7ms] wheel_scroll_motion {"eventCount":3,"rawAbsX":10,"rawAbsY":18,"rawX":10,"rawY":18,"clippedAbsX":10,"clippedAbsY":18,"clippedX":10,"clippedY":18,"requestedAppliedX":9.234,"requestedAppliedY":16.6212,"appliedX":9.234,"appliedY":16,"actualX":9,"actualY":16,"sensitivity":0.9234,"currentZoomForScroll":2.254810458757557,"maxScrollStepX":16,"maxScrollStepY":16,"diagonalEvents":3,"clippedEvents":0}
[DebugBridge +54871774.6ms] wheel_scroll_motion {"eventCount":4,"rawAbsX":12,"rawAbsY":16,"rawX":12,"rawY":16,"clippedAbsX":12,"clippedAbsY":16,"clippedX":12,"clippedY":16,"requestedAppliedX":11.0808,"requestedAppliedY":14.7744,"appliedX":11.0808,"appliedY":14.7744,"actualX":11,"actualY":14.5,"sensitivity":0.9234,"currentZoomForScroll":2.254810458757557,"maxScrollStepX":16,"maxScrollStepY":16,"diagonalEvents":4,"clippedEvents":0}
[DebugBridge +54871808.2ms] wheel_scroll_motion {"eventCount":4,"rawAbsX":16,"rawAbsY":16,"rawX":16,"rawY":16,"clippedAbsX":16,"clippedAbsY":16,"clippedX":16,"clippedY":16,"requestedAppliedX":14.7744,"requestedAppliedY":14.7744,"appliedX":14.7744,"appliedY":14.7744,"actualX":14.5,"actualY":14.5,"sensitivity":0.9234,"currentZoomForScroll":2.254810458757557,"maxScrollStepX":16,"maxScrollStepY":16,"diagonalEvents":4,"clippedEvents":0}
[DebugBridge +54871842.4ms] wheel_scroll_motion {"eventCount":4,"rawAbsX":16,"rawAbsY":16,"rawX":16,"rawY":16,"clippedAbsX":16,"clippedAbsY":16,"clippedX":16,"clippedY":16,"requestedAppliedX":14.7744,"requestedAppliedY":14.7744,"appliedX":14.7744,"appliedY":14.7744,"actualX":14.5,"actualY":14.5,"sensitivity":0.9234,"currentZoomForScroll":2.254810458757557,"maxScrollStepX":16,"maxScrollStepY":16,"diagonalEvents":4,"clippedEvents":0}
[DebugBridge +54871875.9ms] wheel_scroll_motion {"eventCount":4,"rawAbsX":6,"rawAbsY":12,"rawX":6,"rawY":12,"clippedAbsX":6,"clippedAbsY":12,"clippedX":6,"clippedY":12,"requestedAppliedX":5.5404,"requestedAppliedY":11.3724,"appliedX":5.5404,"appliedY":11.3724,"actualX":5.5,"actualY":11,"sensitivity":0.9234,"currentZoomForScroll":2.254810458757557,"maxScrollStepX":16,"maxScrollStepY":16,"diagonalEvents":2,"clippedEvents":0}
[DebugBridge +54871907.9ms] wheel_scroll_motion {"eventCount":1,"rawAbsX":0,"rawAbsY":2,"rawX":0,"rawY":2,"clippedAbsX":0,"clippedAbsY":2,"clippedX":0,"clippedY":2,"requestedAppliedX":0,"requestedAppliedY":1.9440000000000002,"appliedX":0,"appliedY":1.9440000000000002,"actualX":0,"actualY":1.5,"sensitivity":0.9720000000000001,"currentZoomForScroll":2.254810458757557,"maxScrollStepX":16,"maxScrollStepY":16,"diagonalEvents":0,"clippedEvents":0}
[DebugBridge +54872508.7ms] wheel_scroll_motion {"eventCount":4,"rawAbsX":20,"rawAbsY":32,"rawX":-20,"rawY":32,"clippedAbsX":20,"clippedAbsY":32,"clippedX":-20,"clippedY":32,"requestedAppliedX":-18.468,"requestedAppliedY":29.5488,"appliedX":-16,"appliedY":16,"actualX":-16,"actualY":16,"sensitivity":0.9234,"currentZoomForScroll":2.254810458757557,"maxScrollStepX":16,"maxScrollStepY":16,"diagonalEvents":4,"clippedEvents":0}
[DebugBridge +54872541.5ms] wheel_scroll_motion {"eventCount":4,"rawAbsX":28,"rawAbsY":46,"rawX":-28,"rawY":46,"clippedAbsX":28,"clippedAbsY":46,"clippedX":-28,"clippedY":46,"requestedAppliedX":-25.855199999999996,"requestedAppliedY":42.4764,"appliedX":-16,"appliedY":16,"actualX":-16,"actualY":16,"sensitivity":0.9234,"currentZoomForScroll":2.254810458757557,"maxScrollStepX":16,"maxScrollStepY":16,"diagonalEvents":4,"clippedEvents":0}
[DebugBridge +54872575.1ms] wheel_scroll_motion {"eventCount":4,"rawAbsX":40,"rawAbsY":52,"rawX":-40,"rawY":52,"clippedAbsX":40,"clippedAbsY":52,"clippedX":-40,"clippedY":52,"requestedAppliedX":-36.936,"requestedAppliedY":48.016799999999996,"appliedX":-16,"appliedY":16,"actualX":-16,"actualY":16,"sensitivity":0.9234,"currentZoomForScroll":2.254810458757557,"maxScrollStepX":16,"maxScrollStepY":16,"diagonalEvents":4,"clippedEvents":0}
[DebugBridge +54872610.4ms] wheel_scroll_motion {"eventCount":4,"rawAbsX":34,"rawAbsY":34,"rawX":-34,"rawY":34,"clippedAbsX":34,"clippedAbsY":34,"clippedX":-34,"clippedY":34,"requestedAppliedX":-31.3956,"requestedAppliedY":31.3956,"appliedX":-16,"appliedY":16,"actualX":-16,"actualY":16,"sensitivity":0.9234,"currentZoomForScroll":2.254810458757557,"maxScrollStepX":16,"maxScrollStepY":16,"diagonalEvents":4,"clippedEvents":0}
[DebugBridge +54872638.3ms] wheel_scroll_motion {"eventCount":3,"rawAbsX":18,"rawAbsY":18,"rawX":-18,"rawY":18,"clippedAbsX":18,"clippedAbsY":18,"clippedX":-18,"clippedY":18,"requestedAppliedX":-16.6212,"requestedAppliedY":16.6212,"appliedX":-16,"appliedY":16,"actualX":-16,"actualY":16,"sensitivity":0.9234,"currentZoomForScroll":2.254810458757557,"maxScrollStepX":16,"maxScrollStepY":16,"diagonalEvents":3,"clippedEvents":0}
[DebugBridge +54872665.5ms] wheel_scroll_motion {"eventCount":4,"rawAbsX":16,"rawAbsY":18,"rawX":-16,"rawY":18,"clippedAbsX":16,"clippedAbsY":18,"clippedX":-16,"clippedY":18,"requestedAppliedX":-14.7744,"requestedAppliedY":16.6212,"appliedX":-14.7744,"appliedY":16,"actualX":-15,"actualY":16,"sensitivity":0.9234,"currentZoomForScroll":2.254810458757557,"maxScrollStepX":16,"maxScrollStepY":16,"diagonalEvents":4,"clippedEvents":0}
[DebugBridge +54872699.9ms] wheel_scroll_motion {"eventCount":4,"rawAbsX":14,"rawAbsY":14,"rawX":-14,"rawY":14,"clippedAbsX":14,"clippedAbsY":14,"clippedX":-14,"clippedY":14,"requestedAppliedX":-12.9276,"requestedAppliedY":12.9276,"appliedX":-12.9276,"appliedY":12.9276,"actualX":-13,"actualY":12.5,"sensitivity":0.9234,"currentZoomForScroll":2.254810458757557,"maxScrollStepX":16,"maxScrollStepY":16,"diagonalEvents":4,"clippedEvents":0}
[DebugBridge +54872729.7ms] wheel_scroll_motion {"eventCount":2,"rawAbsX":6,"rawAbsY":6,"rawX":-6,"rawY":6,"clippedAbsX":6,"clippedAbsY":6,"clippedX":-6,"clippedY":6,"requestedAppliedX":-5.5404,"requestedAppliedY":5.5404,"appliedX":-5.5404,"appliedY":5.5404,"actualX":-6,"actualY":5.5,"sensitivity":0.9234,"currentZoomForScroll":2.254810458757557,"maxScrollStepX":16,"maxScrollStepY":16,"diagonalEvents":2,"clippedEvents":0}
[DebugBridge +54872791.0ms] wheel_scroll_motion {"eventCount":3,"rawAbsX":0,"rawAbsY":8,"rawX":0,"rawY":8,"clippedAbsX":0,"clippedAbsY":8,"clippedX":0,"clippedY":8,"requestedAppliedX":0,"requestedAppliedY":7.776000000000001,"appliedX":0,"appliedY":7.776000000000001,"actualX":0,"actualY":7.5,"sensitivity":0.9720000000000001,"currentZoomForScroll":2.254810458757557,"maxScrollStepX":16,"maxScrollStepY":16,"diagonalEvents":0,"clippedEvents":0}
[DebugBridge +54872824.6ms] wheel_scroll_motion {"eventCount":4,"rawAbsX":6,"rawAbsY":14,"rawX":6,"rawY":14,"clippedAbsX":6,"clippedAbsY":14,"clippedX":6,"clippedY":14,"requestedAppliedX":5.5404,"requestedAppliedY":13.3164,"appliedX":5.5404,"appliedY":13.3164,"actualX":5.5,"actualY":13,"sensitivity":0.9234,"currentZoomForScroll":2.254810458757557,"maxScrollStepX":16,"maxScrollStepY":16,"diagonalEvents":2,"clippedEvents":0}
[DebugBridge +54872855.2ms] wheel_scroll_motion {"eventCount":1,"rawAbsX":2,"rawAbsY":2,"rawX":2,"rawY":2,"clippedAbsX":2,"clippedAbsY":2,"clippedX":2,"clippedY":2,"requestedAppliedX":1.8468,"requestedAppliedY":1.8468,"appliedX":1.8468,"appliedY":1.8468,"actualX":1.5,"actualY":1.5,"sensitivity":0.9234,"currentZoomForScroll":2.254810458757557,"maxScrollStepX":16,"maxScrollStepY":16,"diagonalEvents":1,"clippedEvents":0}
[DebugBridge +54872882.5ms] wheel_scroll_motion {"eventCount":2,"rawAbsX":4,"rawAbsY":0,"rawX":4,"rawY":0,"clippedAbsX":4,"clippedAbsY":0,"clippedX":4,"clippedY":0,"requestedAppliedX":3.8880000000000003,"requestedAppliedY":0,"appliedX":3.8880000000000003,"appliedY":0,"actualX":3.5,"actualY":0,"sensitivity":0.9720000000000001,"currentZoomForScroll":2.254810458757557,"maxScrollStepX":16,"maxScrollStepY":16,"diagonalEvents":0,"clippedEvents":0}
[DebugBridge +54872966.1ms] wheel_scroll_motion {"eventCount":4,"rawAbsX":6,"rawAbsY":6,"rawX":6,"rawY":6,"clippedAbsX":6,"clippedAbsY":6,"clippedX":6,"clippedY":6,"requestedAppliedX":5.6376,"requestedAppliedY":5.6376,"appliedX":5.6376,"appliedY":5.6376,"actualX":5.5,"actualY":5.5,"sensitivity":0.9234,"currentZoomForScroll":2.254810458757557,"maxScrollStepX":16,"maxScrollStepY":16,"diagonalEvents":2,"clippedEvents":0}
[DebugBridge +54872999.8ms] wheel_scroll_motion {"eventCount":4,"rawAbsX":14,"rawAbsY":16,"rawX":14,"rawY":16,"clippedAbsX":14,"clippedAbsY":16,"clippedX":14,"clippedY":16,"requestedAppliedX":12.9276,"requestedAppliedY":14.7744,"appliedX":12.9276,"appliedY":14.7744,"actualX":12.5,"actualY":14.5,"sensitivity":0.9234,"currentZoomForScroll":2.254810458757557,"maxScrollStepX":16,"maxScrollStepY":16,"diagonalEvents":4,"clippedEvents":0}
[DebugBridge +54873033.4ms] wheel_scroll_motion {"eventCount":4,"rawAbsX":10,"rawAbsY":14,"rawX":10,"rawY":14,"clippedAbsX":10,"clippedAbsY":14,"clippedX":10,"clippedY":14,"requestedAppliedX":9.234,"requestedAppliedY":12.9276,"appliedX":9.234,"appliedY":12.9276,"actualX":9,"actualY":12.5,"sensitivity":0.9234,"currentZoomForScroll":2.254810458757557,"maxScrollStepX":16,"maxScrollStepY":16,"diagonalEvents":4,"clippedEvents":0}
[DebugBridge +54873067.2ms] wheel_scroll_motion {"eventCount":4,"rawAbsX":16,"rawAbsY":20,"rawX":16,"rawY":20,"clippedAbsX":16,"clippedAbsY":20,"clippedX":16,"clippedY":20,"requestedAppliedX":14.7744,"requestedAppliedY":18.468,"appliedX":14.7744,"appliedY":16,"actualX":14.5,"actualY":16,"sensitivity":0.9234,"currentZoomForScroll":2.254810458757557,"maxScrollStepX":16,"maxScrollStepY":16,"diagonalEvents":4,"clippedEvents":0}
[DebugBridge +54873099.6ms] wheel_scroll_motion {"eventCount":4,"rawAbsX":16,"rawAbsY":26,"rawX":16,"rawY":26,"clippedAbsX":16,"clippedAbsY":26,"clippedX":16,"clippedY":26,"requestedAppliedX":14.7744,"requestedAppliedY":24.0084,"appliedX":14.7744,"appliedY":16,"actualX":14.5,"actualY":16,"sensitivity":0.9234,"currentZoomForScroll":2.254810458757557,"maxScrollStepX":16,"maxScrollStepY":16,"diagonalEvents":4,"clippedEvents":0}
[DebugBridge +54873133.7ms] wheel_scroll_motion {"eventCount":4,"rawAbsX":26,"rawAbsY":34,"rawX":26,"rawY":34,"clippedAbsX":26,"clippedAbsY":34,"clippedX":26,"clippedY":34,"requestedAppliedX":24.0084,"requestedAppliedY":31.3956,"appliedX":16,"appliedY":16,"actualX":16,"actualY":16,"sensitivity":0.9234,"currentZoomForScroll":2.254810458757557,"maxScrollStepX":16,"maxScrollStepY":16,"diagonalEvents":4,"clippedEvents":0}
[DebugBridge +54873166.1ms] wheel_scroll_motion {"eventCount":4,"rawAbsX":18,"rawAbsY":26,"rawX":18,"rawY":26,"clippedAbsX":18,"clippedAbsY":26,"clippedX":18,"clippedY":26,"requestedAppliedX":16.6212,"requestedAppliedY":24.0084,"appliedX":16,"appliedY":16,"actualX":16,"actualY":16,"sensitivity":0.9234,"currentZoomForScroll":2.254810458757557,"maxScrollStepX":16,"maxScrollStepY":16,"diagonalEvents":4,"clippedEvents":0}
[DebugBridge +54873199.6ms] wheel_scroll_motion {"eventCount":4,"rawAbsX":22,"rawAbsY":26,"rawX":22,"rawY":26,"clippedAbsX":22,"clippedAbsY":26,"clippedX":22,"clippedY":26,"requestedAppliedX":20.314799999999998,"requestedAppliedY":24.0084,"appliedX":16,"appliedY":16,"actualX":16,"actualY":16,"sensitivity":0.9234,"currentZoomForScroll":2.254810458757557,"maxScrollStepX":16,"maxScrollStepY":16,"diagonalEvents":4,"clippedEvents":0}
[DebugBridge +54873233.0ms] wheel_scroll_motion {"eventCount":4,"rawAbsX":20,"rawAbsY":22,"rawX":20,"rawY":22,"clippedAbsX":20,"clippedAbsY":22,"clippedX":20,"clippedY":22,"requestedAppliedX":18.468000000000004,"requestedAppliedY":20.314799999999998,"appliedX":16,"appliedY":16,"actualX":16,"actualY":16,"sensitivity":0.9234,"currentZoomForScroll":2.254810458757557,"maxScrollStepX":16,"maxScrollStepY":16,"diagonalEvents":4,"clippedEvents":0}
[DebugBridge +54873265.6ms] wheel_scroll_motion {"eventCount":4,"rawAbsX":18,"rawAbsY":24,"rawX":18,"rawY":24,"clippedAbsX":18,"clippedAbsY":24,"clippedX":18,"clippedY":24,"requestedAppliedX":16.6212,"requestedAppliedY":22.1616,"appliedX":16,"appliedY":16,"actualX":16,"actualY":16,"sensitivity":0.9234,"currentZoomForScroll":2.254810458757557,"maxScrollStepX":16,"maxScrollStepY":16,"diagonalEvents":4,"clippedEvents":0}
[DebugBridge +54873299.1ms] wheel_scroll_motion {"eventCount":4,"rawAbsX":12,"rawAbsY":12,"rawX":12,"rawY":12,"clippedAbsX":12,"clippedAbsY":12,"clippedX":12,"clippedY":12,"requestedAppliedX":11.0808,"requestedAppliedY":11.0808,"appliedX":11.0808,"appliedY":11.0808,"actualX":11,"actualY":11,"sensitivity":0.9234,"currentZoomForScroll":2.254810458757557,"maxScrollStepX":16,"maxScrollStepY":16,"diagonalEvents":4,"clippedEvents":0}
[DebugBridge +54873333.1ms] wheel_scroll_motion {"eventCount":4,"rawAbsX":16,"rawAbsY":16,"rawX":16,"rawY":16,"clippedAbsX":16,"clippedAbsY":16,"clippedX":16,"clippedY":16,"requestedAppliedX":14.7744,"requestedAppliedY":14.7744,"appliedX":14.7744,"appliedY":14.7744,"actualX":14.5,"actualY":14.5,"sensitivity":0.9234,"currentZoomForScroll":2.254810458757557,"maxScrollStepX":16,"maxScrollStepY":16,"diagonalEvents":4,"clippedEvents":0}
[DebugBridge +54873363.8ms] wheel_scroll_motion {"eventCount":2,"rawAbsX":8,"rawAbsY":8,"rawX":8,"rawY":8,"clippedAbsX":8,"clippedAbsY":8,"clippedX":8,"clippedY":8,"requestedAppliedX":7.3872,"requestedAppliedY":7.3872,"appliedX":7.3872,"appliedY":7.3872,"actualX":7,"actualY":7,"sensitivity":0.9234,"currentZoomForScroll":2.254810458757557,"maxScrollStepX":16,"maxScrollStepY":16,"diagonalEvents":2,"clippedEvents":0}
[DebugBridge +54873416.7ms] wheel_scroll_motion {"eventCount":3,"rawAbsX":6,"rawAbsY":4,"rawX":6,"rawY":4,"clippedAbsX":6,"clippedAbsY":4,"clippedX":6,"clippedY":4,"requestedAppliedX":5.7348,"requestedAppliedY":3.6936,"appliedX":5.7348,"appliedY":3.6936,"actualX":5.5,"actualY":3.5,"sensitivity":0.9720000000000001,"currentZoomForScroll":2.254810458757557,"maxScrollStepX":16,"maxScrollStepY":16,"diagonalEvents":1,"clippedEvents":0}
[DebugBridge +54873457.8ms] wheel_scroll_motion {"eventCount":4,"rawAbsX":6,"rawAbsY":4,"rawX":6,"rawY":4,"clippedAbsX":6,"clippedAbsY":4,"clippedX":6,"clippedY":4,"requestedAppliedX":5.7348,"requestedAppliedY":3.7908,"appliedX":5.7348,"appliedY":3.7908,"actualX":5.5,"actualY":3.5,"sensitivity":0.9720000000000001,"currentZoomForScroll":2.254810458757557,"maxScrollStepX":16,"maxScrollStepY":16,"diagonalEvents":1,"clippedEvents":0}
[DebugBridge +54873491.1ms] wheel_scroll_motion {"eventCount":4,"rawAbsX":6,"rawAbsY":4,"rawX":6,"rawY":4,"clippedAbsX":6,"clippedAbsY":4,"clippedX":6,"clippedY":4,"requestedAppliedX":5.7348,"requestedAppliedY":3.7908,"appliedX":5.7348,"appliedY":3.7908,"actualX":5.5,"actualY":3.5,"sensitivity":0.9234,"currentZoomForScroll":2.254810458757557,"maxScrollStepX":16,"maxScrollStepY":16,"diagonalEvents":1,"clippedEvents":0}
[DebugBridge +54873524.5ms] wheel_scroll_motion {"eventCount":1,"rawAbsX":2,"rawAbsY":0,"rawX":2,"rawY":0,"clippedAbsX":2,"clippedAbsY":0,"clippedX":2,"clippedY":0,"requestedAppliedX":1.9440000000000002,"requestedAppliedY":0,"appliedX":1.9440000000000002,"appliedY":0,"actualX":1.5,"actualY":0,"sensitivity":0.9720000000000001,"currentZoomForScroll":2.254810458757557,"maxScrollStepX":16,"maxScrollStepY":16,"diagonalEvents":0,"clippedEvents":0}
[DebugBridge +54876907.0ms] wheel_scroll_motion {"eventCount":3,"rawAbsX":88,"rawAbsY":44,"rawX":88,"rawY":-44,"clippedAbsX":88,"clippedAbsY":44,"clippedX":88,"clippedY":-44,"requestedAppliedX":81.35640000000001,"requestedAppliedY":-40.6296,"appliedX":75.7188,"appliedY":-38.7828,"actualX":75.5,"actualY":-39,"sensitivity":0.9234,"currentZoomForScroll":2.254810458757557,"maxScrollStepX":75.7188,"maxScrollStepY":38.7828,"diagonalEvents":2,"clippedEvents":0}
[DebugBridge +54876940.8ms] wheel_scroll_motion {"eventCount":4,"rawAbsX":34,"rawAbsY":14,"rawX":34,"rawY":-14,"clippedAbsX":34,"clippedAbsY":14,"clippedX":34,"clippedY":-14,"requestedAppliedX":31.395599999999998,"requestedAppliedY":-12.9276,"appliedX":16,"appliedY":-12.9276,"actualX":16,"actualY":-13,"sensitivity":0.9234,"currentZoomForScroll":2.254810458757557,"maxScrollStepX":16,"maxScrollStepY":16,"diagonalEvents":4,"clippedEvents":0}
[DebugBridge +54876973.5ms] wheel_scroll_motion {"eventCount":4,"rawAbsX":22,"rawAbsY":10,"rawX":22,"rawY":-10,"clippedAbsX":22,"clippedAbsY":10,"clippedX":22,"clippedY":-10,"requestedAppliedX":20.3148,"requestedAppliedY":-9.234,"appliedX":16,"appliedY":-9.234,"actualX":16,"actualY":-9.5,"sensitivity":0.9234,"currentZoomForScroll":2.254810458757557,"maxScrollStepX":16,"maxScrollStepY":16,"diagonalEvents":4,"clippedEvents":0}
[DebugBridge +54877007.7ms] wheel_scroll_motion {"eventCount":4,"rawAbsX":34,"rawAbsY":10,"rawX":34,"rawY":-10,"clippedAbsX":34,"clippedAbsY":10,"clippedX":34,"clippedY":-10,"requestedAppliedX":31.3956,"requestedAppliedY":-9.234,"appliedX":16,"appliedY":-9.234,"actualX":16,"actualY":-9.5,"sensitivity":0.9234,"currentZoomForScroll":2.254810458757557,"maxScrollStepX":16,"maxScrollStepY":16,"diagonalEvents":4,"clippedEvents":0}
[DebugBridge +54877038.0ms] wheel_scroll_motion {"eventCount":3,"rawAbsX":24,"rawAbsY":12,"rawX":24,"rawY":-12,"clippedAbsX":24,"clippedAbsY":12,"clippedX":24,"clippedY":-12,"requestedAppliedX":22.1616,"requestedAppliedY":-11.0808,"appliedX":16,"appliedY":-11.0808,"actualX":16,"actualY":-11.5,"sensitivity":0.9234,"currentZoomForScroll":2.254810458757557,"maxScrollStepX":16,"maxScrollStepY":16,"diagonalEvents":3,"clippedEvents":0}
[DebugBridge +54877066.2ms] wheel_scroll_motion {"eventCount":4,"rawAbsX":36,"rawAbsY":12,"rawX":36,"rawY":-12,"clippedAbsX":36,"clippedAbsY":12,"clippedX":36,"clippedY":-12,"requestedAppliedX":33.2424,"requestedAppliedY":-11.0808,"appliedX":16,"appliedY":-11.0808,"actualX":16,"actualY":-11.5,"sensitivity":0.9234,"currentZoomForScroll":2.254810458757557,"maxScrollStepX":16,"maxScrollStepY":16,"diagonalEvents":4,"clippedEvents":0}
[DebugBridge +54877117.6ms] wheel_scroll_motion {"eventCount":4,"rawAbsX":52,"rawAbsY":14,"rawX":52,"rawY":-14,"clippedAbsX":52,"clippedAbsY":14,"clippedX":52,"clippedY":-14,"requestedAppliedX":48.016799999999996,"requestedAppliedY":-12.9276,"appliedX":20.314799999999998,"appliedY":-12.9276,"actualX":20,"actualY":-13,"sensitivity":0.9234,"currentZoomForScroll":2.254810458757557,"maxScrollStepX":20.314799999999998,"maxScrollStepY":16,"diagonalEvents":4,"clippedEvents":0}
[DebugBridge +54877145.2ms] wheel_scroll_motion {"eventCount":3,"rawAbsX":18,"rawAbsY":6,"rawX":18,"rawY":-6,"clippedAbsX":18,"clippedAbsY":6,"clippedX":18,"clippedY":-6,"requestedAppliedX":16.6212,"requestedAppliedY":-5.5404,"appliedX":16,"appliedY":-5.5404,"actualX":16,"actualY":-6,"sensitivity":0.9234,"currentZoomForScroll":2.254810458757557,"maxScrollStepX":16,"maxScrollStepY":16,"diagonalEvents":3,"clippedEvents":0}
[DebugBridge +54877173.7ms] wheel_scroll_motion {"eventCount":4,"rawAbsX":24,"rawAbsY":8,"rawX":24,"rawY":-8,"clippedAbsX":24,"clippedAbsY":8,"clippedX":24,"clippedY":-8,"requestedAppliedX":22.1616,"requestedAppliedY":-7.3872,"appliedX":16,"appliedY":-7.3872,"actualX":16,"actualY":-7.5,"sensitivity":0.9234,"currentZoomForScroll":2.254810458757557,"maxScrollStepX":16,"maxScrollStepY":16,"diagonalEvents":4,"clippedEvents":0}
[DebugBridge +54877208.1ms] wheel_scroll_motion {"eventCount":4,"rawAbsX":20,"rawAbsY":8,"rawX":20,"rawY":-8,"clippedAbsX":20,"clippedAbsY":8,"clippedX":20,"clippedY":-8,"requestedAppliedX":18.468,"requestedAppliedY":-7.3872,"appliedX":16,"appliedY":-7.3872,"actualX":16,"actualY":-7.5,"sensitivity":0.9234,"currentZoomForScroll":2.254810458757557,"maxScrollStepX":16,"maxScrollStepY":16,"diagonalEvents":4,"clippedEvents":0}
[DebugBridge +54877240.9ms] wheel_scroll_motion {"eventCount":4,"rawAbsX":16,"rawAbsY":8,"rawX":16,"rawY":-8,"clippedAbsX":16,"clippedAbsY":8,"clippedX":16,"clippedY":-8,"requestedAppliedX":14.7744,"requestedAppliedY":-7.3872,"appliedX":14.7744,"appliedY":-7.3872,"actualX":14.5,"actualY":-7.5,"sensitivity":0.9234,"currentZoomForScroll":2.254810458757557,"maxScrollStepX":16,"maxScrollStepY":16,"diagonalEvents":4,"clippedEvents":0}
[DebugBridge +54877274.6ms] wheel_scroll_motion {"eventCount":4,"rawAbsX":16,"rawAbsY":8,"rawX":16,"rawY":-8,"clippedAbsX":16,"clippedAbsY":8,"clippedX":16,"clippedY":-8,"requestedAppliedX":14.7744,"requestedAppliedY":-7.3872,"appliedX":14.7744,"appliedY":-7.3872,"actualX":14.5,"actualY":-7.5,"sensitivity":0.9234,"currentZoomForScroll":2.254810458757557,"maxScrollStepX":16,"maxScrollStepY":16,"diagonalEvents":4,"clippedEvents":0}
[DebugBridge +54877305.7ms] wheel_scroll_motion {"eventCount":3,"rawAbsX":12,"rawAbsY":6,"rawX":12,"rawY":-6,"clippedAbsX":12,"clippedAbsY":6,"clippedX":12,"clippedY":-6,"requestedAppliedX":11.0808,"requestedAppliedY":-5.5404,"appliedX":11.0808,"appliedY":-5.5404,"actualX":11,"actualY":-6,"sensitivity":0.9234,"currentZoomForScroll":2.254810458757557,"maxScrollStepX":16,"maxScrollStepY":16,"diagonalEvents":3,"clippedEvents":0}
[DebugBridge +54877332.2ms] wheel_scroll_motion {"eventCount":2,"rawAbsX":10,"rawAbsY":4,"rawX":10,"rawY":-4,"clippedAbsX":10,"clippedAbsY":4,"clippedX":10,"clippedY":-4,"requestedAppliedX":9.234,"requestedAppliedY":-3.6936,"appliedX":9.234,"appliedY":-3.6936,"actualX":9,"actualY":-4,"sensitivity":0.9234,"currentZoomForScroll":2.254810458757557,"maxScrollStepX":16,"maxScrollStepY":16,"diagonalEvents":2,"clippedEvents":0}
[DebugBridge +54877365.7ms] wheel_scroll_motion {"eventCount":2,"rawAbsX":8,"rawAbsY":4,"rawX":8,"rawY":-4,"clippedAbsX":8,"clippedAbsY":4,"clippedX":8,"clippedY":-4,"requestedAppliedX":7.3872,"requestedAppliedY":-3.6936,"appliedX":7.3872,"appliedY":-3.6936,"actualX":7,"actualY":-4,"sensitivity":0.9234,"currentZoomForScroll":2.254810458757557,"maxScrollStepX":16,"maxScrollStepY":16,"diagonalEvents":2,"clippedEvents":0}
[DebugBridge +54877399.3ms] wheel_scroll_motion {"eventCount":2,"rawAbsX":8,"rawAbsY":4,"rawX":8,"rawY":-4,"clippedAbsX":8,"clippedAbsY":4,"clippedX":8,"clippedY":-4,"requestedAppliedX":7.3872,"requestedAppliedY":-3.6936,"appliedX":7.3872,"appliedY":-3.6936,"actualX":7,"actualY":-4,"sensitivity":0.9234,"currentZoomForScroll":2.254810458757557,"maxScrollStepX":16,"maxScrollStepY":16,"diagonalEvents":2,"clippedEvents":0}
[DebugBridge +54877432.8ms] wheel_scroll_motion {"eventCount":2,"rawAbsX":4,"rawAbsY":4,"rawX":4,"rawY":-4,"clippedAbsX":4,"clippedAbsY":4,"clippedX":4,"clippedY":-4,"requestedAppliedX":3.6936,"requestedAppliedY":-3.6936,"appliedX":3.6936,"appliedY":-3.6936,"actualX":3.5,"actualY":-4,"sensitivity":0.9234,"currentZoomForScroll":2.254810458757557,"maxScrollStepX":16,"maxScrollStepY":16,"diagonalEvents":2,"clippedEvents":0}
[DebugBridge +54877463.2ms] wheel_scroll_motion {"eventCount":2,"rawAbsX":4,"rawAbsY":4,"rawX":4,"rawY":-4,"clippedAbsX":4,"clippedAbsY":4,"clippedX":4,"clippedY":-4,"requestedAppliedX":3.6936,"requestedAppliedY":-3.6936,"appliedX":3.6936,"appliedY":-3.6936,"actualX":3.5,"actualY":-4,"sensitivity":0.9234,"currentZoomForScroll":2.254810458757557,"maxScrollStepX":16,"maxScrollStepY":16,"diagonalEvents":2,"clippedEvents":0}
[DebugBridge +54877499.3ms] wheel_scroll_motion {"eventCount":2,"rawAbsX":4,"rawAbsY":0,"rawX":4,"rawY":0,"clippedAbsX":4,"clippedAbsY":0,"clippedX":4,"clippedY":0,"requestedAppliedX":3.8880000000000003,"requestedAppliedY":0,"appliedX":3.8880000000000003,"appliedY":0,"actualX":3.5,"actualY":0,"sensitivity":0.9720000000000001,"currentZoomForScroll":2.254810458757557,"maxScrollStepX":16,"maxScrollStepY":16,"diagonalEvents":0,"clippedEvents":0}
[DebugBridge +54877546.7ms] wheel_scroll_motion {"eventCount":1,"rawAbsX":2,"rawAbsY":0,"rawX":2,"rawY":0,"clippedAbsX":2,"clippedAbsY":0,"clippedX":2,"clippedY":0,"requestedAppliedX":1.9440000000000002,"requestedAppliedY":0,"appliedX":1.9440000000000002,"appliedY":0,"actualX":1.5,"actualY":0,"sensitivity":0.9720000000000001,"currentZoomForScroll":2.254810458757557,"maxScrollStepX":16,"maxScrollStepY":16,"diagonalEvents":0,"clippedEvents":0}
[DebugBridge +54877580.4ms] wheel_scroll_motion {"eventCount":1,"rawAbsX":2,"rawAbsY":2,"rawX":2,"rawY":-2,"clippedAbsX":2,"clippedAbsY":2,"clippedX":2,"clippedY":-2,"requestedAppliedX":1.8468,"requestedAppliedY":-1.8468,"appliedX":1.8468,"appliedY":-1.8468,"actualX":1.5,"actualY":-2,"sensitivity":0.9234,"currentZoomForScroll":2.254810458757557,"maxScrollStepX":16,"maxScrollStepY":16,"diagonalEvents":1,"clippedEvents":0}
[DebugBridge +54877615.4ms] wheel_scroll_motion {"eventCount":1,"rawAbsX":2,"rawAbsY":0,"rawX":2,"rawY":0,"clippedAbsX":2,"clippedAbsY":0,"clippedX":2,"clippedY":0,"requestedAppliedX":1.9440000000000002,"requestedAppliedY":0,"appliedX":1.9440000000000002,"appliedY":0,"actualX":1.5,"actualY":0,"sensitivity":0.9720000000000001,"currentZoomForScroll":2.254810458757557,"maxScrollStepX":16,"maxScrollStepY":16,"diagonalEvents":0,"clippedEvents":0}
[DebugBridge +54877681.5ms] wheel_scroll_motion {"eventCount":1,"rawAbsX":2,"rawAbsY":0,"rawX":2,"rawY":0,"clippedAbsX":2,"clippedAbsY":0,"clippedX":2,"clippedY":0,"requestedAppliedX":1.9440000000000002,"requestedAppliedY":0,"appliedX":1.9440000000000002,"appliedY":0,"actualX":1.5,"actualY":0,"sensitivity":0.9720000000000001,"currentZoomForScroll":2.254810458757557,"maxScrollStepX":16,"maxScrollStepY":16,"diagonalEvents":0,"clippedEvents":0}
[DebugBridge +54877941.6ms] wheel_scroll_motion {"eventCount":4,"rawAbsX":8,"rawAbsY":20,"rawX":8,"rawY":-20,"clippedAbsX":8,"clippedAbsY":20,"clippedX":8,"clippedY":-20,"requestedAppliedX":7.3872,"requestedAppliedY":-18.5652,"appliedX":7.3872,"appliedY":-16,"actualX":7,"actualY":-16,"sensitivity":0.9234,"currentZoomForScroll":2.254810458757557,"maxScrollStepX":16,"maxScrollStepY":16,"diagonalEvents":3,"clippedEvents":0}
[DebugBridge +54877974.9ms] wheel_scroll_motion {"eventCount":4,"rawAbsX":14,"rawAbsY":52,"rawX":14,"rawY":-52,"clippedAbsX":14,"clippedAbsY":52,"clippedX":14,"clippedY":-52,"requestedAppliedX":12.9276,"requestedAppliedY":-48.0168,"appliedX":12.9276,"appliedY":-16.6212,"actualX":12.5,"actualY":-17,"sensitivity":0.9234,"currentZoomForScroll":2.254810458757557,"maxScrollStepX":16,"maxScrollStepY":16.6212,"diagonalEvents":4,"clippedEvents":0}
[DebugBridge +54878005.2ms] wheel_scroll_motion {"eventCount":3,"rawAbsX":12,"rawAbsY":56,"rawX":12,"rawY":-56,"clippedAbsX":12,"clippedAbsY":56,"clippedX":12,"clippedY":-56,"requestedAppliedX":11.0808,"requestedAppliedY":-51.7104,"appliedX":11.0808,"appliedY":-22.1616,"actualX":11,"actualY":-22.5,"sensitivity":0.9234,"currentZoomForScroll":2.254810458757557,"maxScrollStepX":16,"maxScrollStepY":22.1616,"diagonalEvents":3,"clippedEvents":0}
[DebugBridge +54878034.9ms] wheel_scroll_motion {"eventCount":4,"rawAbsX":10,"rawAbsY":54,"rawX":10,"rawY":-54,"clippedAbsX":10,"clippedAbsY":54,"clippedX":10,"clippedY":-54,"requestedAppliedX":9.234,"requestedAppliedY":-49.863600000000005,"appliedX":9.234,"appliedY":-16,"actualX":9,"actualY":-16,"sensitivity":0.9234,"currentZoomForScroll":2.254810458757557,"maxScrollStepX":16,"maxScrollStepY":16,"diagonalEvents":4,"clippedEvents":0}
[DebugBridge +54878066.9ms] wheel_scroll_motion {"eventCount":4,"rawAbsX":0,"rawAbsY":52,"rawX":0,"rawY":-52,"clippedAbsX":0,"clippedAbsY":52,"clippedX":0,"clippedY":-52,"requestedAppliedX":0,"requestedAppliedY":-50.544000000000004,"appliedX":0,"appliedY":-17.496000000000002,"actualX":0,"actualY":-17.5,"sensitivity":0.9720000000000001,"currentZoomForScroll":2.254810458757557,"maxScrollStepX":16,"maxScrollStepY":17.496000000000002,"diagonalEvents":0,"clippedEvents":0}
[DebugBridge +54878099.9ms] wheel_scroll_motion {"eventCount":4,"rawAbsX":0,"rawAbsY":78,"rawX":0,"rawY":-78,"clippedAbsX":0,"clippedAbsY":78,"clippedX":0,"clippedY":-78,"requestedAppliedX":0,"requestedAppliedY":-75.816,"appliedX":0,"appliedY":-19.44,"actualX":0,"actualY":-19.5,"sensitivity":0.9720000000000001,"currentZoomForScroll":2.254810458757557,"maxScrollStepX":16,"maxScrollStepY":19.44,"diagonalEvents":0,"clippedEvents":0}
[DebugBridge +54878132.3ms] wheel_scroll_motion {"eventCount":4,"rawAbsX":0,"rawAbsY":94,"rawX":0,"rawY":-94,"clippedAbsX":0,"clippedAbsY":94,"clippedX":0,"clippedY":-94,"requestedAppliedX":0,"requestedAppliedY":-91.36800000000001,"appliedX":0,"appliedY":-25.272000000000002,"actualX":0,"actualY":-25.5,"sensitivity":0.9720000000000001,"currentZoomForScroll":2.254810458757557,"maxScrollStepX":16,"maxScrollStepY":25.272000000000002,"diagonalEvents":0,"clippedEvents":0}
[DebugBridge +54878163.7ms] wheel_scroll_motion {"eventCount":3,"rawAbsX":0,"rawAbsY":60,"rawX":0,"rawY":-60,"clippedAbsX":0,"clippedAbsY":60,"clippedX":0,"clippedY":-60,"requestedAppliedX":0,"requestedAppliedY":-58.32000000000001,"appliedX":0,"appliedY":-19.44,"actualX":0,"actualY":-19.5,"sensitivity":0.9720000000000001,"currentZoomForScroll":2.254810458757557,"maxScrollStepX":16,"maxScrollStepY":19.44,"diagonalEvents":0,"clippedEvents":0}
[DebugBridge +54878192.4ms] wheel_scroll_motion {"eventCount":4,"rawAbsX":0,"rawAbsY":68,"rawX":0,"rawY":-68,"clippedAbsX":0,"clippedAbsY":68,"clippedX":0,"clippedY":-68,"requestedAppliedX":0,"requestedAppliedY":-66.096,"appliedX":0,"appliedY":-17.496000000000002,"actualX":0,"actualY":-17.5,"sensitivity":0.9720000000000001,"currentZoomForScroll":2.254810458757557,"maxScrollStepX":16,"maxScrollStepY":17.496000000000002,"diagonalEvents":0,"clippedEvents":0}
[DebugBridge +54878224.8ms] wheel_scroll_motion {"eventCount":4,"rawAbsX":0,"rawAbsY":60,"rawX":0,"rawY":-60,"clippedAbsX":0,"clippedAbsY":60,"clippedX":0,"clippedY":-60,"requestedAppliedX":0,"requestedAppliedY":-58.32000000000001,"appliedX":0,"appliedY":-16,"actualX":0,"actualY":-16,"sensitivity":0.9720000000000001,"currentZoomForScroll":2.254810458757557,"maxScrollStepX":16,"maxScrollStepY":16,"diagonalEvents":0,"clippedEvents":0}
[DebugBridge +54878258.3ms] wheel_scroll_motion {"eventCount":4,"rawAbsX":0,"rawAbsY":52,"rawX":0,"rawY":-52,"clippedAbsX":0,"clippedAbsY":52,"clippedX":0,"clippedY":-52,"requestedAppliedX":0,"requestedAppliedY":-50.544000000000004,"appliedX":0,"appliedY":-16,"actualX":0,"actualY":-16,"sensitivity":0.9720000000000001,"currentZoomForScroll":2.254810458757557,"maxScrollStepX":16,"maxScrollStepY":16,"diagonalEvents":0,"clippedEvents":0}
[DebugBridge +54878292.3ms] wheel_scroll_motion {"eventCount":4,"rawAbsX":0,"rawAbsY":40,"rawX":0,"rawY":-40,"clippedAbsX":0,"clippedAbsY":40,"clippedX":0,"clippedY":-40,"requestedAppliedX":0,"requestedAppliedY":-38.88,"appliedX":0,"appliedY":-16,"actualX":0,"actualY":-16,"sensitivity":0.9720000000000001,"currentZoomForScroll":2.254810458757557,"maxScrollStepX":16,"maxScrollStepY":16,"diagonalEvents":0,"clippedEvents":0}
[DebugBridge +54878322.5ms] wheel_scroll_motion {"eventCount":3,"rawAbsX":0,"rawAbsY":26,"rawX":0,"rawY":-26,"clippedAbsX":0,"clippedAbsY":26,"clippedX":0,"clippedY":-26,"requestedAppliedX":0,"requestedAppliedY":-25.272000000000002,"appliedX":0,"appliedY":-16,"actualX":0,"actualY":-16,"sensitivity":0.9720000000000001,"currentZoomForScroll":2.254810458757557,"maxScrollStepX":16,"maxScrollStepY":16,"diagonalEvents":0,"clippedEvents":0}
[DebugBridge +54878349.9ms] wheel_scroll_motion {"eventCount":4,"rawAbsX":0,"rawAbsY":32,"rawX":0,"rawY":-32,"clippedAbsX":0,"clippedAbsY":32,"clippedX":0,"clippedY":-32,"requestedAppliedX":0,"requestedAppliedY":-31.104000000000003,"appliedX":0,"appliedY":-16,"actualX":0,"actualY":-16,"sensitivity":0.9720000000000001,"currentZoomForScroll":2.254810458757557,"maxScrollStepX":16,"maxScrollStepY":16,"diagonalEvents":0,"clippedEvents":0}
[DebugBridge +54878383.2ms] wheel_scroll_motion {"eventCount":4,"rawAbsX":0,"rawAbsY":24,"rawX":0,"rawY":-24,"clippedAbsX":0,"clippedAbsY":24,"clippedX":0,"clippedY":-24,"requestedAppliedX":0,"requestedAppliedY":-23.328000000000003,"appliedX":0,"appliedY":-16,"actualX":0,"actualY":-16,"sensitivity":0.9720000000000001,"currentZoomForScroll":2.254810458757557,"maxScrollStepX":16,"maxScrollStepY":16,"diagonalEvents":0,"clippedEvents":0}
[DebugBridge +54878416.8ms] wheel_scroll_motion {"eventCount":4,"rawAbsX":0,"rawAbsY":24,"rawX":0,"rawY":-24,"clippedAbsX":0,"clippedAbsY":24,"clippedX":0,"clippedY":-24,"requestedAppliedX":0,"requestedAppliedY":-23.328000000000003,"appliedX":0,"appliedY":-16,"actualX":0,"actualY":-16,"sensitivity":0.9720000000000001,"currentZoomForScroll":2.254810458757557,"maxScrollStepX":16,"maxScrollStepY":16,"diagonalEvents":0,"clippedEvents":0}
[DebugBridge +54878449.7ms] wheel_scroll_motion {"eventCount":2,"rawAbsX":0,"rawAbsY":12,"rawX":0,"rawY":-12,"clippedAbsX":0,"clippedAbsY":12,"clippedX":0,"clippedY":-12,"requestedAppliedX":0,"requestedAppliedY":-11.664000000000001,"appliedX":0,"appliedY":-11.664000000000001,"actualX":0,"actualY":-12,"sensitivity":0.9720000000000001,"currentZoomForScroll":2.254810458757557,"maxScrollStepX":16,"maxScrollStepY":16,"diagonalEvents":0,"clippedEvents":0}
[DebugBridge +54878558.7ms] wheel_scroll_motion {"eventCount":4,"rawAbsX":14,"rawAbsY":6,"rawX":14,"rawY":-6,"clippedAbsX":14,"clippedAbsY":6,"clippedX":14,"clippedY":-6,"requestedAppliedX":13.024799999999999,"requestedAppliedY":-5.5404,"appliedX":13.024799999999999,"appliedY":-5.5404,"actualX":13,"actualY":-6,"sensitivity":0.9234,"currentZoomForScroll":2.254810458757557,"maxScrollStepX":16,"maxScrollStepY":16,"diagonalEvents":3,"clippedEvents":0}
[DebugBridge +54878588.9ms] wheel_scroll_motion {"eventCount":3,"rawAbsX":36,"rawAbsY":10,"rawX":36,"rawY":-10,"clippedAbsX":36,"clippedAbsY":10,"clippedX":36,"clippedY":-10,"requestedAppliedX":33.2424,"requestedAppliedY":-9.234,"appliedX":16.6212,"appliedY":-9.234,"actualX":16.5,"actualY":-9.5,"sensitivity":0.9234,"currentZoomForScroll":2.254810458757557,"maxScrollStepX":16.6212,"maxScrollStepY":16,"diagonalEvents":3,"clippedEvents":0}
[DebugBridge +54878617.5ms] wheel_scroll_motion {"eventCount":4,"rawAbsX":32,"rawAbsY":12,"rawX":32,"rawY":-12,"clippedAbsX":32,"clippedAbsY":12,"clippedX":32,"clippedY":-12,"requestedAppliedX":29.548800000000004,"requestedAppliedY":-11.0808,"appliedX":16,"appliedY":-11.0808,"actualX":16,"actualY":-11.5,"sensitivity":0.9234,"currentZoomForScroll":2.254810458757557,"maxScrollStepX":16,"maxScrollStepY":16,"diagonalEvents":4,"clippedEvents":0}
[DebugBridge +54878646.8ms] wheel_scroll_motion {"eventCount":3,"rawAbsX":32,"rawAbsY":12,"rawX":32,"rawY":-12,"clippedAbsX":32,"clippedAbsY":12,"clippedX":32,"clippedY":-12,"requestedAppliedX":29.5488,"requestedAppliedY":-11.0808,"appliedX":16,"appliedY":-11.0808,"actualX":16,"actualY":-11.5,"sensitivity":0.9234,"currentZoomForScroll":2.254810458757557,"maxScrollStepX":16,"maxScrollStepY":16,"diagonalEvents":3,"clippedEvents":0}
[DebugBridge +54878675.1ms] wheel_scroll_motion {"eventCount":4,"rawAbsX":26,"rawAbsY":2,"rawX":26,"rawY":-2,"clippedAbsX":26,"clippedAbsY":2,"clippedX":26,"clippedY":-2,"requestedAppliedX":25.174800000000005,"requestedAppliedY":-1.8468,"appliedX":16,"appliedY":-1.8468,"actualX":16,"actualY":-2,"sensitivity":0.9720000000000001,"currentZoomForScroll":2.254810458757557,"maxScrollStepX":16,"maxScrollStepY":16,"diagonalEvents":1,"clippedEvents":0}
[DebugBridge +54878705.7ms] wheel_scroll_motion {"eventCount":3,"rawAbsX":30,"rawAbsY":0,"rawX":30,"rawY":0,"clippedAbsX":30,"clippedAbsY":0,"clippedX":30,"clippedY":0,"requestedAppliedX":29.160000000000004,"requestedAppliedY":0,"appliedX":16,"appliedY":0,"actualX":16,"actualY":0,"sensitivity":0.9720000000000001,"currentZoomForScroll":2.254810458757557,"maxScrollStepX":16,"maxScrollStepY":16,"diagonalEvents":0,"clippedEvents":0}
[DebugBridge +54878733.5ms] wheel_scroll_motion {"eventCount":4,"rawAbsX":42,"rawAbsY":0,"rawX":42,"rawY":0,"clippedAbsX":42,"clippedAbsY":0,"clippedX":42,"clippedY":0,"requestedAppliedX":40.824000000000005,"requestedAppliedY":0,"appliedX":16,"appliedY":0,"actualX":16,"actualY":0,"sensitivity":0.9720000000000001,"currentZoomForScroll":2.254810458757557,"maxScrollStepX":16,"maxScrollStepY":16,"diagonalEvents":0,"clippedEvents":0}
[DebugBridge +54878766.9ms] wheel_scroll_motion {"eventCount":4,"rawAbsX":40,"rawAbsY":0,"rawX":40,"rawY":0,"clippedAbsX":40,"clippedAbsY":0,"clippedX":40,"clippedY":0,"requestedAppliedX":38.88,"requestedAppliedY":0,"appliedX":16,"appliedY":0,"actualX":16,"actualY":0,"sensitivity":0.9720000000000001,"currentZoomForScroll":2.254810458757557,"maxScrollStepX":16,"maxScrollStepY":16,"diagonalEvents":0,"clippedEvents":0}
[DebugBridge +54878798.8ms] wheel_scroll_motion {"eventCount":4,"rawAbsX":32,"rawAbsY":0,"rawX":32,"rawY":0,"clippedAbsX":32,"clippedAbsY":0,"clippedX":32,"clippedY":0,"requestedAppliedX":31.104000000000003,"requestedAppliedY":0,"appliedX":16,"appliedY":0,"actualX":16,"actualY":0,"sensitivity":0.9720000000000001,"currentZoomForScroll":2.254810458757557,"maxScrollStepX":16,"maxScrollStepY":16,"diagonalEvents":0,"clippedEvents":0}
[DebugBridge +54878833.5ms] wheel_scroll_motion {"eventCount":4,"rawAbsX":28,"rawAbsY":0,"rawX":28,"rawY":0,"clippedAbsX":28,"clippedAbsY":0,"clippedX":28,"clippedY":0,"requestedAppliedX":27.216,"requestedAppliedY":0,"appliedX":16,"appliedY":0,"actualX":16,"actualY":0,"sensitivity":0.9720000000000001,"currentZoomForScroll":2.254810458757557,"maxScrollStepX":16,"maxScrollStepY":16,"diagonalEvents":0,"clippedEvents":0}
[DebugBridge +54878867.1ms] wheel_scroll_motion {"eventCount":4,"rawAbsX":24,"rawAbsY":0,"rawX":24,"rawY":0,"clippedAbsX":24,"clippedAbsY":0,"clippedX":24,"clippedY":0,"requestedAppliedX":23.328000000000003,"requestedAppliedY":0,"appliedX":16,"appliedY":0,"actualX":16,"actualY":0,"sensitivity":0.9720000000000001,"currentZoomForScroll":2.254810458757557,"maxScrollStepX":16,"maxScrollStepY":16,"diagonalEvents":0,"clippedEvents":0}
[DebugBridge +54878899.6ms] wheel_scroll_motion {"eventCount":4,"rawAbsX":24,"rawAbsY":0,"rawX":24,"rawY":0,"clippedAbsX":24,"clippedAbsY":0,"clippedX":24,"clippedY":0,"requestedAppliedX":23.328000000000003,"requestedAppliedY":0,"appliedX":16,"appliedY":0,"actualX":16,"actualY":0,"sensitivity":0.9720000000000001,"currentZoomForScroll":2.254810458757557,"maxScrollStepX":16,"maxScrollStepY":16,"diagonalEvents":0,"clippedEvents":0}
[DebugBridge +54878933.2ms] wheel_scroll_motion {"eventCount":4,"rawAbsX":18,"rawAbsY":0,"rawX":18,"rawY":0,"clippedAbsX":18,"clippedAbsY":0,"clippedX":18,"clippedY":0,"requestedAppliedX":17.496000000000002,"requestedAppliedY":0,"appliedX":16,"appliedY":0,"actualX":16,"actualY":0,"sensitivity":0.9720000000000001,"currentZoomForScroll":2.254810458757557,"maxScrollStepX":16,"maxScrollStepY":16,"diagonalEvents":0,"clippedEvents":0}
[DebugBridge +54878965.8ms] wheel_scroll_motion {"eventCount":4,"rawAbsX":16,"rawAbsY":0,"rawX":16,"rawY":0,"clippedAbsX":16,"clippedAbsY":0,"clippedX":16,"clippedY":0,"requestedAppliedX":15.552000000000001,"requestedAppliedY":0,"appliedX":15.552000000000001,"appliedY":0,"actualX":15.5,"actualY":0,"sensitivity":0.9720000000000001,"currentZoomForScroll":2.254810458757557,"maxScrollStepX":16,"maxScrollStepY":16,"diagonalEvents":0,"clippedEvents":0}
[DebugBridge +54878997.4ms] wheel_scroll_motion {"eventCount":3,"rawAbsX":12,"rawAbsY":0,"rawX":12,"rawY":0,"clippedAbsX":12,"clippedAbsY":0,"clippedX":12,"clippedY":0,"requestedAppliedX":11.664000000000001,"requestedAppliedY":0,"appliedX":11.664000000000001,"appliedY":0,"actualX":11.5,"actualY":0,"sensitivity":0.9720000000000001,"currentZoomForScroll":2.254810458757557,"maxScrollStepX":16,"maxScrollStepY":16,"diagonalEvents":0,"clippedEvents":0}
[DebugBridge +54879025.2ms] wheel_scroll_motion {"eventCount":4,"rawAbsX":12,"rawAbsY":0,"rawX":12,"rawY":0,"clippedAbsX":12,"clippedAbsY":0,"clippedX":12,"clippedY":0,"requestedAppliedX":11.664000000000001,"requestedAppliedY":0,"appliedX":11.664000000000001,"appliedY":0,"actualX":11.5,"actualY":0,"sensitivity":0.9720000000000001,"currentZoomForScroll":2.254810458757557,"maxScrollStepX":16,"maxScrollStepY":16,"diagonalEvents":0,"clippedEvents":0}
[DebugBridge +54879066.2ms] wheel_scroll_motion {"eventCount":3,"rawAbsX":12,"rawAbsY":0,"rawX":12,"rawY":0,"clippedAbsX":12,"clippedAbsY":0,"clippedX":12,"clippedY":0,"requestedAppliedX":11.664000000000001,"requestedAppliedY":0,"appliedX":11.664000000000001,"appliedY":0,"actualX":11.5,"actualY":0,"sensitivity":0.9720000000000001,"currentZoomForScroll":2.254810458757557,"maxScrollStepX":16,"maxScrollStepY":16,"diagonalEvents":0,"clippedEvents":0}
[DebugBridge +54879105.6ms] wheel_scroll_motion {"eventCount":2,"rawAbsX":8,"rawAbsY":0,"rawX":8,"rawY":0,"clippedAbsX":8,"clippedAbsY":0,"clippedX":8,"clippedY":0,"requestedAppliedX":7.776000000000001,"requestedAppliedY":0,"appliedX":7.776000000000001,"appliedY":0,"actualX":7.5,"actualY":0,"sensitivity":0.9720000000000001,"currentZoomForScroll":2.254810458757557,"maxScrollStepX":16,"maxScrollStepY":16,"diagonalEvents":0,"clippedEvents":0}
[DebugBridge +54879141.3ms] wheel_scroll_motion {"eventCount":2,"rawAbsX":4,"rawAbsY":0,"rawX":4,"rawY":0,"clippedAbsX":4,"clippedAbsY":0,"clippedX":4,"clippedY":0,"requestedAppliedX":3.8880000000000003,"requestedAppliedY":0,"appliedX":3.8880000000000003,"appliedY":0,"actualX":3.5,"actualY":0,"sensitivity":0.9720000000000001,"currentZoomForScroll":2.254810458757557,"maxScrollStepX":16,"maxScrollStepY":16,"diagonalEvents":0,"clippedEvents":0}
[DebugBridge +54879175.1ms] wheel_scroll_motion {"eventCount":2,"rawAbsX":4,"rawAbsY":0,"rawX":4,"rawY":0,"clippedAbsX":4,"clippedAbsY":0,"clippedX":4,"clippedY":0,"requestedAppliedX":3.8880000000000003,"requestedAppliedY":0,"appliedX":3.8880000000000003,"appliedY":0,"actualX":3.5,"actualY":0,"sensitivity":0.9720000000000001,"currentZoomForScroll":2.254810458757557,"maxScrollStepX":16,"maxScrollStepY":16,"diagonalEvents":0,"clippedEvents":0}
[DebugBridge +54879205.5ms] wheel_scroll_motion {"eventCount":1,"rawAbsX":2,"rawAbsY":0,"rawX":2,"rawY":0,"clippedAbsX":2,"clippedAbsY":0,"clippedX":2,"clippedY":0,"requestedAppliedX":1.9440000000000002,"requestedAppliedY":0,"appliedX":1.9440000000000002,"appliedY":0,"actualX":1.5,"actualY":0,"sensitivity":0.9720000000000001,"currentZoomForScroll":2.254810458757557,"maxScrollStepX":16,"maxScrollStepY":16,"diagonalEvents":0,"clippedEvents":0}
[DebugBridge +54879241.5ms] wheel_scroll_motion {"eventCount":1,"rawAbsX":2,"rawAbsY":0,"rawX":2,"rawY":0,"clippedAbsX":2,"clippedAbsY":0,"clippedX":2,"clippedY":0,"requestedAppliedX":1.9440000000000002,"requestedAppliedY":0,"appliedX":1.9440000000000002,"appliedY":0,"actualX":1.5,"actualY":0,"sensitivity":0.9720000000000001,"currentZoomForScroll":2.254810458757557,"maxScrollStepX":16,"maxScrollStepY":16,"diagonalEvents":0,"clippedEvents":0}
[DebugBridge +54879274.0ms] wheel_scroll_motion {"eventCount":1,"rawAbsX":2,"rawAbsY":0,"rawX":2,"rawY":0,"clippedAbsX":2,"clippedAbsY":0,"clippedX":2,"clippedY":0,"requestedAppliedX":1.9440000000000002,"requestedAppliedY":0,"appliedX":1.9440000000000002,"appliedY":0,"actualX":1.5,"actualY":0,"sensitivity":0.9720000000000001,"currentZoomForScroll":2.254810458757557,"maxScrollStepX":16,"maxScrollStepY":16,"diagonalEvents":0,"clippedEvents":0}
[DebugBridge +54879307.7ms] wheel_scroll_motion {"eventCount":1,"rawAbsX":2,"rawAbsY":0,"rawX":2,"rawY":0,"clippedAbsX":2,"clippedAbsY":0,"clippedX":2,"clippedY":0,"requestedAppliedX":1.9440000000000002,"requestedAppliedY":0,"appliedX":1.9440000000000002,"appliedY":0,"actualX":1.5,"actualY":0,"sensitivity":0.9720000000000001,"currentZoomForScroll":2.254810458757557,"maxScrollStepX":16,"maxScrollStepY":16,"diagonalEvents":0,"clippedEvents":0}
[DebugBridge +54879373.9ms] wheel_scroll_motion {"eventCount":1,"rawAbsX":2,"rawAbsY":0,"rawX":2,"rawY":0,"clippedAbsX":2,"clippedAbsY":0,"clippedX":2,"clippedY":0,"requestedAppliedX":1.9440000000000002,"requestedAppliedY":0,"appliedX":1.9440000000000002,"appliedY":0,"actualX":1.5,"actualY":0,"sensitivity":0.9720000000000001,"currentZoomForScroll":2.254810458757557,"maxScrollStepX":16,"maxScrollStepY":16,"diagonalEvents":0,"clippedEvents":0}
[DebugBridge +54881121.9ms] wheel_scroll_motion {"eventCount":4,"rawAbsX":250,"rawAbsY":48,"rawX":250,"rawY":-48,"clippedAbsX":202.51013230023094,"clippedAbsY":48,"clippedX":202.51013230023094,"clippedY":-48,"requestedAppliedX":189.71945616603324,"requestedAppliedY":-44.3232,"appliedX":135.28745616603325,"appliedY":-44.3232,"actualX":135,"actualY":-44.5,"sensitivity":0.9720000000000001,"currentZoomForScroll":2.254810458757557,"maxScrollStepX":135.28745616603325,"maxScrollStepY":44.3232,"diagonalEvents":1,"clippedEvents":1}
[DebugBridge +54881154.5ms] wheel_scroll_motion {"eventCount":4,"rawAbsX":110,"rawAbsY":0,"rawX":110,"rawY":0,"clippedAbsX":110,"clippedAbsY":0,"clippedX":110,"clippedY":0,"requestedAppliedX":106.92,"requestedAppliedY":0,"appliedX":42.768,"appliedY":0,"actualX":42.5,"actualY":0,"sensitivity":0.9720000000000001,"currentZoomForScroll":2.254810458757557,"maxScrollStepX":42.768,"maxScrollStepY":16,"diagonalEvents":0,"clippedEvents":0}
[DebugBridge +54881194.5ms] wheel_scroll_motion {"eventCount":4,"rawAbsX":104,"rawAbsY":0,"rawX":104,"rawY":0,"clippedAbsX":104,"clippedAbsY":0,"clippedX":104,"clippedY":0,"requestedAppliedX":101.08800000000001,"requestedAppliedY":0,"appliedX":40.824000000000005,"appliedY":0,"actualX":40.5,"actualY":0,"sensitivity":0.9720000000000001,"currentZoomForScroll":2.254810458757557,"maxScrollStepX":40.824000000000005,"maxScrollStepY":16,"diagonalEvents":0,"clippedEvents":0}
[DebugBridge +54881221.9ms] wheel_scroll_motion {"eventCount":3,"rawAbsX":52,"rawAbsY":0,"rawX":52,"rawY":0,"clippedAbsX":52,"clippedAbsY":0,"clippedX":52,"clippedY":0,"requestedAppliedX":50.544000000000004,"requestedAppliedY":0,"appliedX":17.496000000000002,"appliedY":0,"actualX":17,"actualY":0,"sensitivity":0.9720000000000001,"currentZoomForScroll":2.254810458757557,"maxScrollStepX":17.496000000000002,"maxScrollStepY":16,"diagonalEvents":0,"clippedEvents":0}
[DebugBridge +54881249.5ms] wheel_scroll_motion {"eventCount":4,"rawAbsX":62,"rawAbsY":0,"rawX":62,"rawY":0,"clippedAbsX":62,"clippedAbsY":0,"clippedX":62,"clippedY":0,"requestedAppliedX":60.26400000000001,"requestedAppliedY":0,"appliedX":16,"appliedY":0,"actualX":16,"actualY":0,"sensitivity":0.9720000000000001,"currentZoomForScroll":2.254810458757557,"maxScrollStepX":16,"maxScrollStepY":16,"diagonalEvents":0,"clippedEvents":0}
[DebugBridge +54881280.0ms] wheel_scroll_motion {"eventCount":3,"rawAbsX":42,"rawAbsY":0,"rawX":42,"rawY":0,"clippedAbsX":42,"clippedAbsY":0,"clippedX":42,"clippedY":0,"requestedAppliedX":40.824,"requestedAppliedY":0,"appliedX":16,"appliedY":0,"actualX":16,"actualY":0,"sensitivity":0.9720000000000001,"currentZoomForScroll":2.254810458757557,"maxScrollStepX":16,"maxScrollStepY":16,"diagonalEvents":0,"clippedEvents":0}
[DebugBridge +54881307.4ms] wheel_scroll_motion {"eventCount":4,"rawAbsX":44,"rawAbsY":0,"rawX":44,"rawY":0,"clippedAbsX":44,"clippedAbsY":0,"clippedX":44,"clippedY":0,"requestedAppliedX":42.768,"requestedAppliedY":0,"appliedX":16,"appliedY":0,"actualX":16,"actualY":0,"sensitivity":0.9720000000000001,"currentZoomForScroll":2.254810458757557,"maxScrollStepX":16,"maxScrollStepY":16,"diagonalEvents":0,"clippedEvents":0}
[DebugBridge +54881340.6ms] wheel_scroll_motion {"eventCount":4,"rawAbsX":38,"rawAbsY":0,"rawX":38,"rawY":0,"clippedAbsX":38,"clippedAbsY":0,"clippedX":38,"clippedY":0,"requestedAppliedX":36.93600000000001,"requestedAppliedY":0,"appliedX":16,"appliedY":0,"actualX":16,"actualY":0,"sensitivity":0.9720000000000001,"currentZoomForScroll":2.254810458757557,"maxScrollStepX":16,"maxScrollStepY":16,"diagonalEvents":0,"clippedEvents":0}
[DebugBridge +54881375.1ms] wheel_scroll_motion {"eventCount":4,"rawAbsX":32,"rawAbsY":0,"rawX":32,"rawY":0,"clippedAbsX":32,"clippedAbsY":0,"clippedX":32,"clippedY":0,"requestedAppliedX":31.104000000000003,"requestedAppliedY":0,"appliedX":16,"appliedY":0,"actualX":16,"actualY":0,"sensitivity":0.9720000000000001,"currentZoomForScroll":2.254810458757557,"maxScrollStepX":16,"maxScrollStepY":16,"diagonalEvents":0,"clippedEvents":0}
[DebugBridge +54881405.0ms] wheel_scroll_motion {"eventCount":3,"rawAbsX":20,"rawAbsY":0,"rawX":20,"rawY":0,"clippedAbsX":20,"clippedAbsY":0,"clippedX":20,"clippedY":0,"requestedAppliedX":19.44,"requestedAppliedY":0,"appliedX":16,"appliedY":0,"actualX":16,"actualY":0,"sensitivity":0.9720000000000001,"currentZoomForScroll":2.254810458757557,"maxScrollStepX":16,"maxScrollStepY":16,"diagonalEvents":0,"clippedEvents":0}
[DebugBridge +54881432.6ms] wheel_scroll_motion {"eventCount":4,"rawAbsX":24,"rawAbsY":0,"rawX":24,"rawY":0,"clippedAbsX":24,"clippedAbsY":0,"clippedX":24,"clippedY":0,"requestedAppliedX":23.328000000000003,"requestedAppliedY":0,"appliedX":16,"appliedY":0,"actualX":16,"actualY":0,"sensitivity":0.9720000000000001,"currentZoomForScroll":2.254810458757557,"maxScrollStepX":16,"maxScrollStepY":16,"diagonalEvents":0,"clippedEvents":0}
[DebugBridge +54881464.0ms] wheel_scroll_motion {"eventCount":3,"rawAbsX":18,"rawAbsY":0,"rawX":18,"rawY":0,"clippedAbsX":18,"clippedAbsY":0,"clippedX":18,"clippedY":0,"requestedAppliedX":17.496000000000002,"requestedAppliedY":0,"appliedX":16,"appliedY":0,"actualX":16,"actualY":0,"sensitivity":0.9720000000000001,"currentZoomForScroll":2.254810458757557,"maxScrollStepX":16,"maxScrollStepY":16,"diagonalEvents":0,"clippedEvents":0}
[DebugBridge +54881491.7ms] wheel_scroll_motion {"eventCount":4,"rawAbsX":22,"rawAbsY":0,"rawX":22,"rawY":0,"clippedAbsX":22,"clippedAbsY":0,"clippedX":22,"clippedY":0,"requestedAppliedX":21.384000000000004,"requestedAppliedY":0,"appliedX":16,"appliedY":0,"actualX":16,"actualY":0,"sensitivity":0.9720000000000001,"currentZoomForScroll":2.254810458757557,"maxScrollStepX":16,"maxScrollStepY":16,"diagonalEvents":0,"clippedEvents":0}
[DebugBridge +54881522.1ms] wheel_scroll_motion {"eventCount":3,"rawAbsX":12,"rawAbsY":0,"rawX":12,"rawY":0,"clippedAbsX":12,"clippedAbsY":0,"clippedX":12,"clippedY":0,"requestedAppliedX":11.664000000000001,"requestedAppliedY":0,"appliedX":11.664000000000001,"appliedY":0,"actualX":11.5,"actualY":0,"sensitivity":0.9720000000000001,"currentZoomForScroll":2.254810458757557,"maxScrollStepX":16,"maxScrollStepY":16,"diagonalEvents":0,"clippedEvents":0}
[DebugBridge +54881549.8ms] wheel_scroll_motion {"eventCount":4,"rawAbsX":16,"rawAbsY":0,"rawX":16,"rawY":0,"clippedAbsX":16,"clippedAbsY":0,"clippedX":16,"clippedY":0,"requestedAppliedX":15.552000000000001,"requestedAppliedY":0,"appliedX":15.552000000000001,"appliedY":0,"actualX":15.5,"actualY":0,"sensitivity":0.9720000000000001,"currentZoomForScroll":2.254810458757557,"maxScrollStepX":16,"maxScrollStepY":16,"diagonalEvents":0,"clippedEvents":0}
[DebugBridge +54881583.6ms] wheel_scroll_motion {"eventCount":4,"rawAbsX":16,"rawAbsY":0,"rawX":16,"rawY":0,"clippedAbsX":16,"clippedAbsY":0,"clippedX":16,"clippedY":0,"requestedAppliedX":15.552000000000001,"requestedAppliedY":0,"appliedX":15.552000000000001,"appliedY":0,"actualX":15.5,"actualY":0,"sensitivity":0.9720000000000001,"currentZoomForScroll":2.254810458757557,"maxScrollStepX":16,"maxScrollStepY":16,"diagonalEvents":0,"clippedEvents":0}
[DebugBridge +54881624.0ms] wheel_scroll_motion {"eventCount":2,"rawAbsX":10,"rawAbsY":0,"rawX":10,"rawY":0,"clippedAbsX":10,"clippedAbsY":0,"clippedX":10,"clippedY":0,"requestedAppliedX":9.72,"requestedAppliedY":0,"appliedX":9.72,"appliedY":0,"actualX":9.5,"actualY":0,"sensitivity":0.9720000000000001,"currentZoomForScroll":2.254810458757557,"maxScrollStepX":16,"maxScrollStepY":16,"diagonalEvents":0,"clippedEvents":0}
[DebugBridge +54881657.8ms] wheel_scroll_motion {"eventCount":2,"rawAbsX":8,"rawAbsY":0,"rawX":8,"rawY":0,"clippedAbsX":8,"clippedAbsY":0,"clippedX":8,"clippedY":0,"requestedAppliedX":7.776000000000001,"requestedAppliedY":0,"appliedX":7.776000000000001,"appliedY":0,"actualX":7.5,"actualY":0,"sensitivity":0.9720000000000001,"currentZoomForScroll":2.254810458757557,"maxScrollStepX":16,"maxScrollStepY":16,"diagonalEvents":0,"clippedEvents":0}
[DebugBridge +54881693.1ms] wheel_scroll_motion {"eventCount":2,"rawAbsX":6,"rawAbsY":0,"rawX":6,"rawY":0,"clippedAbsX":6,"clippedAbsY":0,"clippedX":6,"clippedY":0,"requestedAppliedX":5.832000000000001,"requestedAppliedY":0,"appliedX":5.832000000000001,"appliedY":0,"actualX":5.5,"actualY":0,"sensitivity":0.9720000000000001,"currentZoomForScroll":2.254810458757557,"maxScrollStepX":16,"maxScrollStepY":16,"diagonalEvents":0,"clippedEvents":0}
[DebugBridge +54881732.6ms] wheel_scroll_motion {"eventCount":2,"rawAbsX":4,"rawAbsY":0,"rawX":4,"rawY":0,"clippedAbsX":4,"clippedAbsY":0,"clippedX":4,"clippedY":0,"requestedAppliedX":3.8880000000000003,"requestedAppliedY":0,"appliedX":3.8880000000000003,"appliedY":0,"actualX":3.5,"actualY":0,"sensitivity":0.9720000000000001,"currentZoomForScroll":2.254810458757557,"maxScrollStepX":16,"maxScrollStepY":16,"diagonalEvents":0,"clippedEvents":0}
[DebugBridge +54881761.9ms] wheel_scroll_motion {"eventCount":2,"rawAbsX":4,"rawAbsY":0,"rawX":4,"rawY":0,"clippedAbsX":4,"clippedAbsY":0,"clippedX":4,"clippedY":0,"requestedAppliedX":3.8880000000000003,"requestedAppliedY":0,"appliedX":3.8880000000000003,"appliedY":0,"actualX":3.5,"actualY":0,"sensitivity":0.9720000000000001,"currentZoomForScroll":2.254810458757557,"maxScrollStepX":16,"maxScrollStepY":16,"diagonalEvents":0,"clippedEvents":0}
[DebugBridge +54881810.4ms] wheel_scroll_motion {"eventCount":1,"rawAbsX":2,"rawAbsY":0,"rawX":2,"rawY":0,"clippedAbsX":2,"clippedAbsY":0,"clippedX":2,"clippedY":0,"requestedAppliedX":1.9440000000000002,"requestedAppliedY":0,"appliedX":1.9440000000000002,"appliedY":0,"actualX":1.5,"actualY":0,"sensitivity":0.9720000000000001,"currentZoomForScroll":2.254810458757557,"maxScrollStepX":16,"maxScrollStepY":16,"diagonalEvents":0,"clippedEvents":0}
[DebugBridge +54881878.0ms] wheel_scroll_motion {"eventCount":2,"rawAbsX":4,"rawAbsY":0,"rawX":4,"rawY":0,"clippedAbsX":4,"clippedAbsY":0,"clippedX":4,"clippedY":0,"requestedAppliedX":3.8880000000000003,"requestedAppliedY":0,"appliedX":3.8880000000000003,"appliedY":0,"actualX":3.5,"actualY":0,"sensitivity":0.9720000000000001,"currentZoomForScroll":2.254810458757557,"maxScrollStepX":16,"maxScrollStepY":16,"diagonalEvents":0,"clippedEvents":0}
[DebugBridge +54881948.0ms] wheel_scroll_motion {"eventCount":1,"rawAbsX":2,"rawAbsY":0,"rawX":2,"rawY":0,"clippedAbsX":2,"clippedAbsY":0,"clippedX":2,"clippedY":0,"requestedAppliedX":1.9440000000000002,"requestedAppliedY":0,"appliedX":1.9440000000000002,"appliedY":0,"actualX":1.5,"actualY":0,"sensitivity":0.9720000000000001,"currentZoomForScroll":2.254810458757557,"maxScrollStepX":16,"maxScrollStepY":16,"diagonalEvents":0,"clippedEvents":0}
[DebugBridge +54883682.8ms] wheel_scroll_motion {"eventCount":4,"rawAbsX":6,"rawAbsY":36,"rawX":-6,"rawY":-36,"clippedAbsX":6,"clippedAbsY":36,"clippedX":-6,"clippedY":-36,"requestedAppliedX":-5.5404,"requestedAppliedY":-33.339600000000004,"appliedX":-5.5404,"appliedY":-16,"actualX":-6,"actualY":-16,"sensitivity":0.9234,"currentZoomForScroll":2.254810458757557,"maxScrollStepX":16,"maxScrollStepY":16,"diagonalEvents":3,"clippedEvents":0}
[DebugBridge +54883713.8ms] wheel_scroll_motion {"eventCount":3,"rawAbsX":10,"rawAbsY":40,"rawX":-10,"rawY":-40,"clippedAbsX":10,"clippedAbsY":40,"clippedX":-10,"clippedY":-40,"requestedAppliedX":-9.234,"requestedAppliedY":-36.936,"appliedX":-9.234,"appliedY":-24.0084,"actualX":-9.5,"actualY":-24.5,"sensitivity":0.9234,"currentZoomForScroll":2.254810458757557,"maxScrollStepX":16,"maxScrollStepY":24.0084,"diagonalEvents":3,"clippedEvents":0}
[DebugBridge +54883741.6ms] wheel_scroll_motion {"eventCount":4,"rawAbsX":14,"rawAbsY":68,"rawX":-14,"rawY":-68,"clippedAbsX":14,"clippedAbsY":68,"clippedX":-14,"clippedY":-68,"requestedAppliedX":-12.9276,"requestedAppliedY":-62.7912,"appliedX":-12.9276,"appliedY":-38.7828,"actualX":-13,"actualY":-39,"sensitivity":0.9234,"currentZoomForScroll":2.254810458757557,"maxScrollStepX":16,"maxScrollStepY":38.7828,"diagonalEvents":4,"clippedEvents":0}
[DebugBridge +54883772.3ms] wheel_scroll_motion {"eventCount":3,"rawAbsX":14,"rawAbsY":70,"rawX":-14,"rawY":-70,"clippedAbsX":14,"clippedAbsY":70,"clippedX":-14,"clippedY":-70,"requestedAppliedX":-12.9276,"requestedAppliedY":-64.638,"appliedX":-12.9276,"appliedY":-36.936,"actualX":-13,"actualY":-37,"sensitivity":0.9234,"currentZoomForScroll":2.254810458757557,"maxScrollStepX":16,"maxScrollStepY":36.936,"diagonalEvents":3,"clippedEvents":0}
[DebugBridge +54883800.0ms] wheel_scroll_motion {"eventCount":4,"rawAbsX":14,"rawAbsY":38,"rawX":-14,"rawY":-38,"clippedAbsX":14,"clippedAbsY":38,"clippedX":-14,"clippedY":-38,"requestedAppliedX":-12.9276,"requestedAppliedY":-35.0892,"appliedX":-12.9276,"appliedY":-16,"actualX":-13,"actualY":-16,"sensitivity":0.9234,"currentZoomForScroll":2.254810458757557,"maxScrollStepX":16,"maxScrollStepY":16,"diagonalEvents":4,"clippedEvents":0}
[DebugBridge +54883831.7ms] wheel_scroll_motion {"eventCount":3,"rawAbsX":2,"rawAbsY":40,"rawX":-2,"rawY":-40,"clippedAbsX":2,"clippedAbsY":40,"clippedX":-2,"clippedY":-40,"requestedAppliedX":-1.8468,"requestedAppliedY":-38.58840000000001,"appliedX":-1.8468,"appliedY":-17.496000000000002,"actualX":-2,"actualY":-17.5,"sensitivity":0.9720000000000001,"currentZoomForScroll":2.254810458757557,"maxScrollStepX":16,"maxScrollStepY":17.496000000000002,"diagonalEvents":1,"clippedEvents":0}
[DebugBridge +54883866.5ms] wheel_scroll_motion {"eventCount":4,"rawAbsX":0,"rawAbsY":80,"rawX":0,"rawY":-80,"clippedAbsX":0,"clippedAbsY":80,"clippedX":0,"clippedY":-80,"requestedAppliedX":0,"requestedAppliedY":-77.76,"appliedX":0,"appliedY":-19.44,"actualX":0,"actualY":-19.5,"sensitivity":0.9720000000000001,"currentZoomForScroll":2.254810458757557,"maxScrollStepX":16,"maxScrollStepY":19.44,"diagonalEvents":0,"clippedEvents":0}
[DebugBridge +54883897.1ms] wheel_scroll_motion {"eventCount":3,"rawAbsX":0,"rawAbsY":72,"rawX":0,"rawY":-72,"clippedAbsX":0,"clippedAbsY":72,"clippedX":0,"clippedY":-72,"requestedAppliedX":0,"requestedAppliedY":-69.98400000000001,"appliedX":0,"appliedY":-25.272000000000002,"actualX":0,"actualY":-25.5,"sensitivity":0.9720000000000001,"currentZoomForScroll":2.254810458757557,"maxScrollStepX":16,"maxScrollStepY":25.272000000000002,"diagonalEvents":0,"clippedEvents":0}
[DebugBridge +54883924.8ms] wheel_scroll_motion {"eventCount":4,"rawAbsX":0,"rawAbsY":82,"rawX":0,"rawY":-82,"clippedAbsX":0,"clippedAbsY":82,"clippedX":0,"clippedY":-82,"requestedAppliedX":0,"requestedAppliedY":-79.704,"appliedX":0,"appliedY":-21.384,"actualX":0,"actualY":-21.5,"sensitivity":0.9720000000000001,"currentZoomForScroll":2.254810458757557,"maxScrollStepX":16,"maxScrollStepY":21.384,"diagonalEvents":0,"clippedEvents":0}
[DebugBridge +54883955.0ms] wheel_scroll_motion {"eventCount":3,"rawAbsX":0,"rawAbsY":52,"rawX":0,"rawY":-52,"clippedAbsX":0,"clippedAbsY":52,"clippedX":0,"clippedY":-52,"requestedAppliedX":0,"requestedAppliedY":-50.544000000000004,"appliedX":0,"appliedY":-17.496000000000002,"actualX":0,"actualY":-17.5,"sensitivity":0.9720000000000001,"currentZoomForScroll":2.254810458757557,"maxScrollStepX":16,"maxScrollStepY":17.496000000000002,"diagonalEvents":0,"clippedEvents":0}
[DebugBridge +54883982.8ms] wheel_scroll_motion {"eventCount":4,"rawAbsX":0,"rawAbsY":62,"rawX":0,"rawY":-62,"clippedAbsX":0,"clippedAbsY":62,"clippedX":0,"clippedY":-62,"requestedAppliedX":0,"requestedAppliedY":-60.26400000000001,"appliedX":0,"appliedY":-16,"actualX":0,"actualY":-16,"sensitivity":0.9720000000000001,"currentZoomForScroll":2.254810458757557,"maxScrollStepX":16,"maxScrollStepY":16,"diagonalEvents":0,"clippedEvents":0}
[DebugBridge +54884016.3ms] wheel_scroll_motion {"eventCount":4,"rawAbsX":0,"rawAbsY":54,"rawX":0,"rawY":-54,"clippedAbsX":0,"clippedAbsY":54,"clippedX":0,"clippedY":-54,"requestedAppliedX":0,"requestedAppliedY":-52.488,"appliedX":0,"appliedY":-16,"actualX":0,"actualY":-16,"sensitivity":0.9720000000000001,"currentZoomForScroll":2.254810458757557,"maxScrollStepX":16,"maxScrollStepY":16,"diagonalEvents":0,"clippedEvents":0}
[DebugBridge +54884050.5ms] wheel_scroll_motion {"eventCount":4,"rawAbsX":0,"rawAbsY":42,"rawX":0,"rawY":-42,"clippedAbsX":0,"clippedAbsY":42,"clippedX":0,"clippedY":-42,"requestedAppliedX":0,"requestedAppliedY":-40.824,"appliedX":0,"appliedY":-16,"actualX":0,"actualY":-16,"sensitivity":0.9720000000000001,"currentZoomForScroll":2.254810458757557,"maxScrollStepX":16,"maxScrollStepY":16,"diagonalEvents":0,"clippedEvents":0}
[DebugBridge +54884082.3ms] wheel_scroll_motion {"eventCount":4,"rawAbsX":0,"rawAbsY":36,"rawX":0,"rawY":-36,"clippedAbsX":0,"clippedAbsY":36,"clippedX":0,"clippedY":-36,"requestedAppliedX":0,"requestedAppliedY":-34.992000000000004,"appliedX":0,"appliedY":-16,"actualX":0,"actualY":-16,"sensitivity":0.9720000000000001,"currentZoomForScroll":2.254810458757557,"maxScrollStepX":16,"maxScrollStepY":16,"diagonalEvents":0,"clippedEvents":0}
[DebugBridge +54884115.9ms] wheel_scroll_motion {"eventCount":3,"rawAbsX":0,"rawAbsY":24,"rawX":0,"rawY":-24,"clippedAbsX":0,"clippedAbsY":24,"clippedX":0,"clippedY":-24,"requestedAppliedX":0,"requestedAppliedY":-23.328000000000003,"appliedX":0,"appliedY":-16,"actualX":0,"actualY":-16,"sensitivity":0.9720000000000001,"currentZoomForScroll":2.254810458757557,"maxScrollStepX":16,"maxScrollStepY":16,"diagonalEvents":0,"clippedEvents":0}
[DebugBridge +54884217.2ms] wheel_scroll_motion {"eventCount":3,"rawAbsX":12,"rawAbsY":152,"rawX":12,"rawY":-152,"clippedAbsX":12,"clippedAbsY":152,"clippedX":12,"clippedY":-152,"requestedAppliedX":11.0808,"requestedAppliedY":-140.55120000000002,"appliedX":11.0808,"appliedY":-131.1228,"actualX":11,"actualY":-131.5,"sensitivity":0.9234,"currentZoomForScroll":2.254810458757557,"maxScrollStepX":16,"maxScrollStepY":131.1228,"diagonalEvents":2,"clippedEvents":0}
[DebugBridge +54884252.3ms] wheel_scroll_motion {"eventCount":4,"rawAbsX":14,"rawAbsY":72,"rawX":-14,"rawY":-72,"clippedAbsX":14,"clippedAbsY":72,"clippedX":-14,"clippedY":-72,"requestedAppliedX":-12.9276,"requestedAppliedY":-66.4848,"appliedX":-12.9276,"appliedY":-20.314799999999998,"actualX":-13,"actualY":-20.5,"sensitivity":0.9234,"currentZoomForScroll":2.254810458757557,"maxScrollStepX":16,"maxScrollStepY":20.314799999999998,"diagonalEvents":4,"clippedEvents":0}
[DebugBridge +54884279.6ms] wheel_scroll_motion {"eventCount":3,"rawAbsX":10,"rawAbsY":34,"rawX":-10,"rawY":-34,"clippedAbsX":10,"clippedAbsY":34,"clippedX":-10,"clippedY":-34,"requestedAppliedX":-9.234,"requestedAppliedY":-31.3956,"appliedX":-9.234,"appliedY":-16.6212,"actualX":-9.5,"actualY":-17,"sensitivity":0.9234,"currentZoomForScroll":2.254810458757557,"maxScrollStepX":16,"maxScrollStepY":16.6212,"diagonalEvents":3,"clippedEvents":0}
[DebugBridge +54884305.6ms] wheel_scroll_motion {"eventCount":3,"rawAbsX":2,"rawAbsY":34,"rawX":-2,"rawY":-34,"clippedAbsX":2,"clippedAbsY":34,"clippedX":-2,"clippedY":-34,"requestedAppliedX":-1.8468,"requestedAppliedY":-32.9508,"appliedX":-1.8468,"appliedY":-19.44,"actualX":-2,"actualY":-19.5,"sensitivity":0.9720000000000001,"currentZoomForScroll":2.254810458757557,"maxScrollStepX":16,"maxScrollStepY":19.44,"diagonalEvents":1,"clippedEvents":0}
[DebugBridge +54884332.7ms] wheel_scroll_motion {"eventCount":4,"rawAbsX":0,"rawAbsY":134,"rawX":0,"rawY":-134,"clippedAbsX":0,"clippedAbsY":134,"clippedX":0,"clippedY":-134,"requestedAppliedX":0,"requestedAppliedY":-130.24800000000002,"appliedX":0,"appliedY":-50.544000000000004,"actualX":0,"actualY":-51,"sensitivity":0.9720000000000001,"currentZoomForScroll":2.254810458757557,"maxScrollStepX":16,"maxScrollStepY":50.544000000000004,"diagonalEvents":0,"clippedEvents":0}
[DebugBridge +54884366.1ms] wheel_scroll_motion {"eventCount":4,"rawAbsX":0,"rawAbsY":130,"rawX":0,"rawY":-130,"clippedAbsX":0,"clippedAbsY":130,"clippedX":0,"clippedY":-130,"requestedAppliedX":0,"requestedAppliedY":-126.36000000000001,"appliedX":0,"appliedY":-33.048,"actualX":0,"actualY":-33.5,"sensitivity":0.9720000000000001,"currentZoomForScroll":2.254810458757557,"maxScrollStepX":16,"maxScrollStepY":33.048,"diagonalEvents":0,"clippedEvents":0}
[SVGAnnotationLayer] setRotInputVisible(false) reason=selectedIds.size !== 1
[SVGAnnotationLayer] setRotInputVisible(false) reason=selectedIds.size !== 1
[SVGAnnotationLayer] setRotInputVisible(false) reason=selectedIds.size !== 1
[SVGAnnotationLayer] setRotInputVisible(false) reason=selectedIds.size !== 1
[DebugBridge +54884634.0ms] wheel_scroll_motion {"eventCount":5,"rawAbsX":0,"rawAbsY":440,"rawX":0,"rawY":-440,"clippedAbsX":0,"clippedAbsY":228.51013230023094,"clippedX":0,"clippedY":-228.51013230023094,"requestedAppliedX":0,"requestedAppliedY":-222.11184859582445,"appliedX":0,"appliedY":-142.40784859582448,"actualX":0,"actualY":-142.5,"sensitivity":0.9720000000000001,"currentZoomForScroll":2.254810458757557,"maxScrollStepX":16,"maxScrollStepY":142.40784859582448,"diagonalEvents":0,"clippedEvents":1}
[DebugBridge +54885799.9ms] wheel_scroll_motion {"eventCount":4,"rawAbsX":2,"rawAbsY":12,"rawX":-2,"rawY":-12,"clippedAbsX":2,"clippedAbsY":12,"clippedX":-2,"clippedY":-12,"requestedAppliedX":-1.8468,"requestedAppliedY":-11.4696,"appliedX":-1.8468,"appliedY":-11.4696,"actualX":-2,"actualY":-11.5,"sensitivity":0.9234,"currentZoomForScroll":2.254810458757557,"maxScrollStepX":16,"maxScrollStepY":16,"diagonalEvents":1,"clippedEvents":0}
[DebugBridge +54885833.4ms] wheel_scroll_motion {"eventCount":4,"rawAbsX":14,"rawAbsY":20,"rawX":-14,"rawY":-20,"clippedAbsX":14,"clippedAbsY":20,"clippedX":-14,"clippedY":-20,"requestedAppliedX":-12.9276,"requestedAppliedY":-18.468,"appliedX":-12.9276,"appliedY":-16,"actualX":-13,"actualY":-16,"sensitivity":0.9234,"currentZoomForScroll":2.254810458757557,"maxScrollStepX":16,"maxScrollStepY":16,"diagonalEvents":4,"clippedEvents":0}
[DebugBridge +54885867.2ms] wheel_scroll_motion {"eventCount":4,"rawAbsX":36,"rawAbsY":56,"rawX":-36,"rawY":-56,"clippedAbsX":36,"clippedAbsY":56,"clippedX":-36,"clippedY":-56,"requestedAppliedX":-33.242399999999996,"requestedAppliedY":-51.71039999999999,"appliedX":-16,"appliedY":-18.468,"actualX":-16,"actualY":-18.5,"sensitivity":0.9234,"currentZoomForScroll":2.254810458757557,"maxScrollStepX":16,"maxScrollStepY":18.468,"diagonalEvents":4,"clippedEvents":0}
[DebugBridge +54885896.9ms] wheel_scroll_motion {"eventCount":3,"rawAbsX":28,"rawAbsY":42,"rawX":-28,"rawY":-42,"clippedAbsX":28,"clippedAbsY":42,"clippedX":-28,"clippedY":-42,"requestedAppliedX":-25.8552,"requestedAppliedY":-38.782799999999995,"appliedX":-16,"appliedY":-16,"actualX":-16,"actualY":-16,"sensitivity":0.9234,"currentZoomForScroll":2.254810458757557,"maxScrollStepX":16,"maxScrollStepY":16,"diagonalEvents":3,"clippedEvents":0}
[DebugBridge +54885925.1ms] wheel_scroll_motion {"eventCount":4,"rawAbsX":30,"rawAbsY":38,"rawX":-30,"rawY":-38,"clippedAbsX":30,"clippedAbsY":38,"clippedX":-30,"clippedY":-38,"requestedAppliedX":-27.701999999999998,"requestedAppliedY":-35.0892,"appliedX":-16,"appliedY":-16,"actualX":-16,"actualY":-16,"sensitivity":0.9234,"currentZoomForScroll":2.254810458757557,"maxScrollStepX":16,"maxScrollStepY":16,"diagonalEvents":4,"clippedEvents":0}
[DebugBridge +54885955.4ms] wheel_scroll_motion {"eventCount":3,"rawAbsX":22,"rawAbsY":34,"rawX":-22,"rawY":-34,"clippedAbsX":22,"clippedAbsY":34,"clippedX":-22,"clippedY":-34,"requestedAppliedX":-20.314799999999998,"requestedAppliedY":-31.3956,"appliedX":-16,"appliedY":-16,"actualX":-16,"actualY":-16,"sensitivity":0.9234,"currentZoomForScroll":2.254810458757557,"maxScrollStepX":16,"maxScrollStepY":16,"diagonalEvents":3,"clippedEvents":0}
[DebugBridge +54885984.8ms] wheel_scroll_motion {"eventCount":4,"rawAbsX":44,"rawAbsY":72,"rawX":-44,"rawY":-72,"clippedAbsX":44,"clippedAbsY":72,"clippedX":-44,"clippedY":-72,"requestedAppliedX":-40.6296,"requestedAppliedY":-66.4848,"appliedX":-16.6212,"appliedY":-25.8552,"actualX":-17,"actualY":-26,"sensitivity":0.9234,"currentZoomForScroll":2.254810458757557,"maxScrollStepX":16.6212,"maxScrollStepY":25.8552,"diagonalEvents":4,"clippedEvents":0}
[DebugBridge +54886015.6ms] wheel_scroll_motion {"eventCount":4,"rawAbsX":34,"rawAbsY":64,"rawX":-34,"rawY":-64,"clippedAbsX":34,"clippedAbsY":64,"clippedX":-34,"clippedY":-64,"requestedAppliedX":-31.3956,"requestedAppliedY":-59.0976,"appliedX":-16,"appliedY":-16,"actualX":-16,"actualY":-16,"sensitivity":0.9234,"currentZoomForScroll":2.254810458757557,"maxScrollStepX":16,"maxScrollStepY":16,"diagonalEvents":4,"clippedEvents":0}
[DebugBridge +54886049.4ms] wheel_scroll_motion {"eventCount":4,"rawAbsX":32,"rawAbsY":54,"rawX":-32,"rawY":-54,"clippedAbsX":32,"clippedAbsY":54,"clippedX":-32,"clippedY":-54,"requestedAppliedX":-29.5488,"requestedAppliedY":-49.863600000000005,"appliedX":-16,"appliedY":-16,"actualX":-16,"actualY":-16,"sensitivity":0.9234,"currentZoomForScroll":2.254810458757557,"maxScrollStepX":16,"maxScrollStepY":16,"diagonalEvents":4,"clippedEvents":0}
[DebugBridge +54886083.1ms] wheel_scroll_motion {"eventCount":4,"rawAbsX":24,"rawAbsY":42,"rawX":-24,"rawY":-42,"clippedAbsX":24,"clippedAbsY":42,"clippedX":-24,"clippedY":-42,"requestedAppliedX":-22.1616,"requestedAppliedY":-38.7828,"appliedX":-16,"appliedY":-16,"actualX":-16,"actualY":-16,"sensitivity":0.9234,"currentZoomForScroll":2.254810458757557,"maxScrollStepX":16,"maxScrollStepY":16,"diagonalEvents":4,"clippedEvents":0}
[DebugBridge +54886112.3ms] wheel_scroll_motion {"eventCount":3,"rawAbsX":18,"rawAbsY":28,"rawX":-18,"rawY":-28,"clippedAbsX":18,"clippedAbsY":28,"clippedX":-18,"clippedY":-28,"requestedAppliedX":-16.6212,"requestedAppliedY":-25.8552,"appliedX":-16,"appliedY":-16,"actualX":-16,"actualY":-16,"sensitivity":0.9234,"currentZoomForScroll":2.254810458757557,"maxScrollStepX":16,"maxScrollStepY":16,"diagonalEvents":3,"clippedEvents":0}
[DebugBridge +54886141.4ms] wheel_scroll_motion {"eventCount":4,"rawAbsX":22,"rawAbsY":32,"rawX":-22,"rawY":-32,"clippedAbsX":22,"clippedAbsY":32,"clippedX":-22,"clippedY":-32,"requestedAppliedX":-20.3148,"requestedAppliedY":-29.5488,"appliedX":-16,"appliedY":-16,"actualX":-16,"actualY":-16,"sensitivity":0.9234,"currentZoomForScroll":2.254810458757557,"maxScrollStepX":16,"maxScrollStepY":16,"diagonalEvents":4,"clippedEvents":0}
[DebugBridge +54886171.6ms] wheel_scroll_motion {"eventCount":3,"rawAbsX":12,"rawAbsY":20,"rawX":-12,"rawY":-20,"clippedAbsX":12,"clippedAbsY":20,"clippedX":-12,"clippedY":-20,"requestedAppliedX":-11.0808,"requestedAppliedY":-18.468,"appliedX":-11.0808,"appliedY":-16,"actualX":-11.5,"actualY":-16,"sensitivity":0.9234,"currentZoomForScroll":2.254810458757557,"maxScrollStepX":16,"maxScrollStepY":16,"diagonalEvents":3,"clippedEvents":0}
[DebugBridge +54886198.9ms] wheel_scroll_motion {"eventCount":4,"rawAbsX":16,"rawAbsY":24,"rawX":-16,"rawY":-24,"clippedAbsX":16,"clippedAbsY":24,"clippedX":-16,"clippedY":-24,"requestedAppliedX":-14.7744,"requestedAppliedY":-22.1616,"appliedX":-14.7744,"appliedY":-16,"actualX":-15,"actualY":-16,"sensitivity":0.9234,"currentZoomForScroll":2.254810458757557,"maxScrollStepX":16,"maxScrollStepY":16,"diagonalEvents":4,"clippedEvents":0}
[DebugBridge +54886233.0ms] wheel_scroll_motion {"eventCount":4,"rawAbsX":16,"rawAbsY":24,"rawX":-16,"rawY":-24,"clippedAbsX":16,"clippedAbsY":24,"clippedX":-16,"clippedY":-24,"requestedAppliedX":-14.7744,"requestedAppliedY":-22.1616,"appliedX":-14.7744,"appliedY":-16,"actualX":-15,"actualY":-16,"sensitivity":0.9234,"currentZoomForScroll":2.254810458757557,"maxScrollStepX":16,"maxScrollStepY":16,"diagonalEvents":4,"clippedEvents":0}
[DebugBridge +54886266.3ms] wheel_scroll_motion {"eventCount":4,"rawAbsX":16,"rawAbsY":18,"rawX":-16,"rawY":-18,"clippedAbsX":16,"clippedAbsY":18,"clippedX":-16,"clippedY":-18,"requestedAppliedX":-14.7744,"requestedAppliedY":-16.6212,"appliedX":-14.7744,"appliedY":-16,"actualX":-15,"actualY":-16,"sensitivity":0.9234,"currentZoomForScroll":2.254810458757557,"maxScrollStepX":16,"maxScrollStepY":16,"diagonalEvents":4,"clippedEvents":0}
[DebugBridge +54886299.2ms] wheel_scroll_motion {"eventCount":4,"rawAbsX":16,"rawAbsY":16,"rawX":-16,"rawY":-16,"clippedAbsX":16,"clippedAbsY":16,"clippedX":-16,"clippedY":-16,"requestedAppliedX":-14.7744,"requestedAppliedY":-14.7744,"appliedX":-14.7744,"appliedY":-14.7744,"actualX":-15,"actualY":-15,"sensitivity":0.9234,"currentZoomForScroll":2.254810458757557,"maxScrollStepX":16,"maxScrollStepY":16,"diagonalEvents":4,"clippedEvents":0}
[DebugBridge +54886332.0ms] wheel_scroll_motion {"eventCount":4,"rawAbsX":8,"rawAbsY":16,"rawX":-8,"rawY":-16,"clippedAbsX":8,"clippedAbsY":16,"clippedX":-8,"clippedY":-16,"requestedAppliedX":-7.3872,"requestedAppliedY":-14.7744,"appliedX":-7.3872,"appliedY":-14.7744,"actualX":-7.5,"actualY":-15,"sensitivity":0.9234,"currentZoomForScroll":2.254810458757557,"maxScrollStepX":16,"maxScrollStepY":16,"diagonalEvents":4,"clippedEvents":0}
[DebugBridge +54886366.0ms] wheel_scroll_motion {"eventCount":4,"rawAbsX":8,"rawAbsY":16,"rawX":-8,"rawY":-16,"clippedAbsX":8,"clippedAbsY":16,"clippedX":-8,"clippedY":-16,"requestedAppliedX":-7.3872,"requestedAppliedY":-14.7744,"appliedX":-7.3872,"appliedY":-14.7744,"actualX":-7.5,"actualY":-15,"sensitivity":0.9234,"currentZoomForScroll":2.254810458757557,"maxScrollStepX":16,"maxScrollStepY":16,"diagonalEvents":4,"clippedEvents":0}
[DebugBridge +54886396.6ms] wheel_scroll_motion {"eventCount":1,"rawAbsX":2,"rawAbsY":4,"rawX":-2,"rawY":-4,"clippedAbsX":2,"clippedAbsY":4,"clippedX":-2,"clippedY":-4,"requestedAppliedX":-1.8468,"requestedAppliedY":-3.6936,"appliedX":-1.8468,"appliedY":-3.6936,"actualX":-2,"actualY":-4,"sensitivity":0.9234,"currentZoomForScroll":2.254810458757557,"maxScrollStepX":16,"maxScrollStepY":16,"diagonalEvents":1,"clippedEvents":0}
[DebugBridge +54886541.1ms] wheel_scroll_motion {"eventCount":3,"rawAbsX":6,"rawAbsY":10,"rawX":6,"rawY":10,"clippedAbsX":6,"clippedAbsY":10,"clippedX":6,"clippedY":10,"requestedAppliedX":5.5404,"requestedAppliedY":9.331199999999999,"appliedX":5.5404,"appliedY":9.331199999999999,"actualX":5.5,"actualY":9,"sensitivity":0.9234,"currentZoomForScroll":2.254810458757557,"maxScrollStepX":16,"maxScrollStepY":16,"diagonalEvents":2,"clippedEvents":0}
[DebugBridge +54886575.2ms] wheel_scroll_motion {"eventCount":4,"rawAbsX":14,"rawAbsY":18,"rawX":14,"rawY":18,"clippedAbsX":14,"clippedAbsY":18,"clippedX":14,"clippedY":18,"requestedAppliedX":12.9276,"requestedAppliedY":16.6212,"appliedX":12.9276,"appliedY":16,"actualX":12.5,"actualY":16,"sensitivity":0.9234,"currentZoomForScroll":2.254810458757557,"maxScrollStepX":16,"maxScrollStepY":16,"diagonalEvents":4,"clippedEvents":0}
[DebugBridge +54886608.2ms] wheel_scroll_motion {"eventCount":4,"rawAbsX":14,"rawAbsY":24,"rawX":14,"rawY":24,"clippedAbsX":14,"clippedAbsY":24,"clippedX":14,"clippedY":24,"requestedAppliedX":12.9276,"requestedAppliedY":22.1616,"appliedX":12.9276,"appliedY":16,"actualX":12.5,"actualY":16,"sensitivity":0.9234,"currentZoomForScroll":2.254810458757557,"maxScrollStepX":16,"maxScrollStepY":16,"diagonalEvents":4,"clippedEvents":0}
[DebugBridge +54886641.4ms] wheel_scroll_motion {"eventCount":4,"rawAbsX":12,"rawAbsY":16,"rawX":12,"rawY":16,"clippedAbsX":12,"clippedAbsY":16,"clippedX":12,"clippedY":16,"requestedAppliedX":11.0808,"requestedAppliedY":14.7744,"appliedX":11.0808,"appliedY":14.7744,"actualX":11,"actualY":14.5,"sensitivity":0.9234,"currentZoomForScroll":2.254810458757557,"maxScrollStepX":16,"maxScrollStepY":16,"diagonalEvents":4,"clippedEvents":0}
[DebugBridge +54886674.3ms] wheel_scroll_motion {"eventCount":4,"rawAbsX":12,"rawAbsY":16,"rawX":12,"rawY":16,"clippedAbsX":12,"clippedAbsY":16,"clippedX":12,"clippedY":16,"requestedAppliedX":11.0808,"requestedAppliedY":14.9688,"appliedX":11.0808,"appliedY":14.9688,"actualX":11,"actualY":14.5,"sensitivity":0.9234,"currentZoomForScroll":2.254810458757557,"maxScrollStepX":16,"maxScrollStepY":16,"diagonalEvents":3,"clippedEvents":0}
[DebugBridge +54886704.2ms] wheel_scroll_motion {"eventCount":1,"rawAbsX":0,"rawAbsY":4,"rawX":0,"rawY":4,"clippedAbsX":0,"clippedAbsY":4,"clippedX":0,"clippedY":4,"requestedAppliedX":0,"requestedAppliedY":3.8880000000000003,"appliedX":0,"appliedY":3.8880000000000003,"actualX":0,"actualY":3.5,"sensitivity":0.9720000000000001,"currentZoomForScroll":2.254810458757557,"maxScrollStepX":16,"maxScrollStepY":16,"diagonalEvents":0,"clippedEvents":0}
[DebugBridge +54886925.6ms] wheel_scroll_motion {"eventCount":3,"rawAbsX":2,"rawAbsY":4,"rawX":2,"rawY":4,"clippedAbsX":2,"clippedAbsY":4,"clippedX":2,"clippedY":4,"requestedAppliedX":1.9440000000000002,"requestedAppliedY":3.8880000000000003,"appliedX":1.9440000000000002,"appliedY":3.8880000000000003,"actualX":1.5,"actualY":3.5,"sensitivity":0.9720000000000001,"currentZoomForScroll":2.254810458757557,"maxScrollStepX":16,"maxScrollStepY":16,"diagonalEvents":0,"clippedEvents":0}
[DebugBridge +54886958.1ms] wheel_scroll_motion {"eventCount":4,"rawAbsX":8,"rawAbsY":4,"rawX":8,"rawY":4,"clippedAbsX":8,"clippedAbsY":4,"clippedX":8,"clippedY":4,"requestedAppliedX":7.776000000000001,"requestedAppliedY":3.8880000000000003,"appliedX":7.776000000000001,"appliedY":3.8880000000000003,"actualX":7.5,"actualY":3.5,"sensitivity":0.9720000000000001,"currentZoomForScroll":2.254810458757557,"maxScrollStepX":16,"maxScrollStepY":16,"diagonalEvents":0,"clippedEvents":0}
[DebugBridge +54886991.9ms] wheel_scroll_motion {"eventCount":4,"rawAbsX":6,"rawAbsY":10,"rawX":6,"rawY":10,"clippedAbsX":6,"clippedAbsY":10,"clippedX":6,"clippedY":10,"requestedAppliedX":5.7348,"requestedAppliedY":9.5256,"appliedX":5.7348,"appliedY":9.5256,"actualX":5.5,"actualY":9.5,"sensitivity":0.9720000000000001,"currentZoomForScroll":2.254810458757557,"maxScrollStepX":16,"maxScrollStepY":16,"diagonalEvents":1,"clippedEvents":0}
[DebugBridge +54887032.1ms] wheel_scroll_motion {"eventCount":1,"rawAbsX":2,"rawAbsY":2,"rawX":2,"rawY":2,"clippedAbsX":2,"clippedAbsY":2,"clippedX":2,"clippedY":2,"requestedAppliedX":1.8468,"requestedAppliedY":1.8468,"appliedX":1.8468,"appliedY":1.8468,"actualX":1.5,"actualY":1.5,"sensitivity":0.9234,"currentZoomForScroll":2.254810458757557,"maxScrollStepX":16,"maxScrollStepY":16,"diagonalEvents":1,"clippedEvents":0}
[Diag] tool-switch DETECTED → select (scheduling t+1000ms capture)
[Diag select] screenshot saved (397 KB) → /Users/isaiahcalvo/Desktop/Survey-BetaSafeS2/TestLogs/testlog-screenshot-select.png
[Diag select] CAPTURED @ t+1006ms — annotations=1382 callouts=0 svgWrappers=4 svgVis=[visible,visible,visible,visible] svgElems=2105 svgVisElems=2105 eraserCanvases=0 svgMarkupBytes=8114269
[DebugBridge +54896850.0ms] wheel_scroll_motion {"eventCount":3,"rawAbsX":32,"rawAbsY":84,"rawX":32,"rawY":-84,"clippedAbsX":32,"clippedAbsY":84,"clippedX":32,"clippedY":-84,"requestedAppliedX":29.5488,"requestedAppliedY":-77.66279999999999,"appliedX":27.701999999999998,"appliedY":-70.1784,"actualX":27.5,"actualY":-70.5,"sensitivity":0.9234,"currentZoomForScroll":2.254810458757557,"maxScrollStepX":27.701999999999998,"maxScrollStepY":70.1784,"diagonalEvents":2,"clippedEvents":0}
[DebugBridge +54896933.3ms] wheel_scroll_motion {"eventCount":9,"rawAbsX":28,"rawAbsY":80,"rawX":28,"rawY":-80,"clippedAbsX":28,"clippedAbsY":80,"clippedX":28,"clippedY":-80,"requestedAppliedX":25.8552,"requestedAppliedY":-74.2608,"appliedX":16,"appliedY":-16,"actualX":16,"actualY":-16,"sensitivity":0.9720000000000001,"currentZoomForScroll":2.254810458757557,"maxScrollStepX":16,"maxScrollStepY":16,"diagonalEvents":8,"clippedEvents":0}
[DebugBridge +54896965.4ms] wheel_scroll_motion {"eventCount":4,"rawAbsX":4,"rawAbsY":16,"rawX":4,"rawY":-16,"clippedAbsX":4,"clippedAbsY":16,"clippedX":4,"clippedY":-16,"requestedAppliedX":3.6936,"requestedAppliedY":-15.163200000000002,"appliedX":3.6936,"appliedY":-15.163200000000002,"actualX":3.5,"actualY":-15.5,"sensitivity":0.9720000000000001,"currentZoomForScroll":2.254810458757557,"maxScrollStepX":16,"maxScrollStepY":16,"diagonalEvents":2,"clippedEvents":0}
[DebugBridge +54896998.5ms] wheel_scroll_motion {"eventCount":4,"rawAbsX":4,"rawAbsY":18,"rawX":4,"rawY":-18,"clippedAbsX":4,"clippedAbsY":18,"clippedX":4,"clippedY":-18,"requestedAppliedX":3.6936,"requestedAppliedY":-16.9128,"appliedX":3.6936,"appliedY":-16,"actualX":3.5,"actualY":-16,"sensitivity":0.9720000000000001,"currentZoomForScroll":2.254810458757557,"maxScrollStepX":16,"maxScrollStepY":16,"diagonalEvents":2,"clippedEvents":0}
[DebugBridge +54897030.6ms] wheel_scroll_motion {"eventCount":4,"rawAbsX":6,"rawAbsY":14,"rawX":6,"rawY":-14,"clippedAbsX":6,"clippedAbsY":14,"clippedX":6,"clippedY":-14,"requestedAppliedX":5.5404,"requestedAppliedY":-13.2192,"appliedX":5.5404,"appliedY":-13.2192,"actualX":5.5,"actualY":-13.5,"sensitivity":0.9720000000000001,"currentZoomForScroll":2.254810458757557,"maxScrollStepX":16,"maxScrollStepY":16,"diagonalEvents":2,"clippedEvents":0}
[DebugBridge +54897064.6ms] wheel_scroll_motion {"eventCount":4,"rawAbsX":0,"rawAbsY":12,"rawX":0,"rawY":-12,"clippedAbsX":0,"clippedAbsY":12,"clippedX":0,"clippedY":-12,"requestedAppliedX":0,"requestedAppliedY":-11.664000000000001,"appliedX":0,"appliedY":-11.664000000000001,"actualX":0,"actualY":-12,"sensitivity":0.9720000000000001,"currentZoomForScroll":2.254810458757557,"maxScrollStepX":16,"maxScrollStepY":16,"diagonalEvents":0,"clippedEvents":0}
[DebugBridge +54897096.8ms] wheel_scroll_motion {"eventCount":2,"rawAbsX":0,"rawAbsY":10,"rawX":0,"rawY":-10,"clippedAbsX":0,"clippedAbsY":10,"clippedX":0,"clippedY":-10,"requestedAppliedX":0,"requestedAppliedY":-9.72,"appliedX":0,"appliedY":-9.72,"actualX":0,"actualY":-10,"sensitivity":0.9720000000000001,"currentZoomForScroll":2.254810458757557,"maxScrollStepX":16,"maxScrollStepY":16,"diagonalEvents":0,"clippedEvents":0}
[DebugBridge +54897130.7ms] wheel_scroll_motion {"eventCount":3,"rawAbsX":2,"rawAbsY":4,"rawX":2,"rawY":-4,"clippedAbsX":2,"clippedAbsY":4,"clippedX":2,"clippedY":-4,"requestedAppliedX":1.9440000000000002,"requestedAppliedY":-3.8880000000000003,"appliedX":1.9440000000000002,"appliedY":-3.8880000000000003,"actualX":1.5,"actualY":-4,"sensitivity":0.9720000000000001,"currentZoomForScroll":2.254810458757557,"maxScrollStepX":16,"maxScrollStepY":16,"diagonalEvents":0,"clippedEvents":0}
[DebugBridge +54897164.8ms] wheel_scroll_motion {"eventCount":3,"rawAbsX":6,"rawAbsY":0,"rawX":6,"rawY":0,"clippedAbsX":6,"clippedAbsY":0,"clippedX":6,"clippedY":0,"requestedAppliedX":5.832000000000001,"requestedAppliedY":0,"appliedX":5.832000000000001,"appliedY":0,"actualX":5.5,"actualY":0,"sensitivity":0.9720000000000001,"currentZoomForScroll":2.254810458757557,"maxScrollStepX":16,"maxScrollStepY":16,"diagonalEvents":0,"clippedEvents":0}
[DebugBridge +54897448.7ms] wheel_scroll_motion {"eventCount":3,"rawAbsX":10,"rawAbsY":6,"rawX":-10,"rawY":-6,"clippedAbsX":10,"clippedAbsY":6,"clippedX":-10,"clippedY":-6,"requestedAppliedX":-9.331199999999999,"requestedAppliedY":-5.5404,"appliedX":-9.331199999999999,"appliedY":-5.5404,"actualX":-9.5,"actualY":-6,"sensitivity":0.9234,"currentZoomForScroll":2.254810458757557,"maxScrollStepX":16,"maxScrollStepY":16,"diagonalEvents":2,"clippedEvents":0}
[DebugBridge +54897475.9ms] wheel_scroll_motion {"eventCount":3,"rawAbsX":20,"rawAbsY":14,"rawX":-20,"rawY":-14,"clippedAbsX":20,"clippedAbsY":14,"clippedX":-20,"clippedY":-14,"requestedAppliedX":-18.468,"requestedAppliedY":-12.9276,"appliedX":-16,"appliedY":-12.9276,"actualX":-16,"actualY":-13,"sensitivity":0.9234,"currentZoomForScroll":2.254810458757557,"maxScrollStepX":16,"maxScrollStepY":16,"diagonalEvents":3,"clippedEvents":0}
[DebugBridge +54897506.2ms] wheel_scroll_motion {"eventCount":4,"rawAbsX":26,"rawAbsY":20,"rawX":-26,"rawY":-20,"clippedAbsX":26,"clippedAbsY":20,"clippedX":-26,"clippedY":-20,"requestedAppliedX":-24.0084,"requestedAppliedY":-18.468000000000004,"appliedX":-16,"appliedY":-16,"actualX":-16,"actualY":-16,"sensitivity":0.9234,"currentZoomForScroll":2.254810458757557,"maxScrollStepX":16,"maxScrollStepY":16,"diagonalEvents":4,"clippedEvents":0}
[DebugBridge +54897539.4ms] wheel_scroll_motion {"eventCount":4,"rawAbsX":36,"rawAbsY":24,"rawX":-36,"rawY":-24,"clippedAbsX":36,"clippedAbsY":24,"clippedX":-36,"clippedY":-24,"requestedAppliedX":-33.242399999999996,"requestedAppliedY":-22.1616,"appliedX":-16,"appliedY":-16,"actualX":-16,"actualY":-16,"sensitivity":0.9234,"currentZoomForScroll":2.254810458757557,"maxScrollStepX":16,"maxScrollStepY":16,"diagonalEvents":4,"clippedEvents":0}
[DebugBridge +54897572.5ms] wheel_scroll_motion {"eventCount":4,"rawAbsX":18,"rawAbsY":16,"rawX":-18,"rawY":-16,"clippedAbsX":18,"clippedAbsY":16,"clippedX":-18,"clippedY":-16,"requestedAppliedX":-16.6212,"requestedAppliedY":-14.7744,"appliedX":-16,"appliedY":-14.7744,"actualX":-16,"actualY":-15,"sensitivity":0.9234,"currentZoomForScroll":2.254810458757557,"maxScrollStepX":16,"maxScrollStepY":16,"diagonalEvents":4,"clippedEvents":0}
[DebugBridge +54897606.0ms] wheel_scroll_motion {"eventCount":4,"rawAbsX":20,"rawAbsY":22,"rawX":-20,"rawY":-22,"clippedAbsX":20,"clippedAbsY":22,"clippedX":-20,"clippedY":-22,"requestedAppliedX":-18.468,"requestedAppliedY":-20.3148,"appliedX":-16,"appliedY":-16,"actualX":-16,"actualY":-16,"sensitivity":0.9234,"currentZoomForScroll":2.254810458757557,"maxScrollStepX":16,"maxScrollStepY":16,"diagonalEvents":4,"clippedEvents":0}
[DebugBridge +54897675.0ms] wheel_scroll_motion {"eventCount":4,"rawAbsX":42,"rawAbsY":40,"rawX":-42,"rawY":-40,"clippedAbsX":42,"clippedAbsY":40,"clippedX":-42,"clippedY":-40,"requestedAppliedX":-38.7828,"requestedAppliedY":-36.936,"appliedX":-25.8552,"appliedY":-22.1616,"actualX":-26,"actualY":-22.5,"sensitivity":0.9234,"currentZoomForScroll":2.254810458757557,"maxScrollStepX":25.8552,"maxScrollStepY":22.1616,"diagonalEvents":4,"clippedEvents":0}
[DebugBridge +54897755.3ms] wheel_scroll_motion {"eventCount":5,"rawAbsX":18,"rawAbsY":18,"rawX":-18,"rawY":-18,"clippedAbsX":18,"clippedAbsY":18,"clippedX":-18,"clippedY":-18,"requestedAppliedX":-16.6212,"requestedAppliedY":-16.6212,"appliedX":-16,"appliedY":-16,"actualX":-16,"actualY":-16,"sensitivity":0.9234,"currentZoomForScroll":2.254810458757557,"maxScrollStepX":16,"maxScrollStepY":16,"diagonalEvents":5,"clippedEvents":0}
[DebugBridge +54898398.6ms] wheel_scroll_motion {"eventCount":4,"rawAbsX":12,"rawAbsY":12,"rawX":-12,"rawY":12,"clippedAbsX":12,"clippedAbsY":12,"clippedX":-12,"clippedY":12,"requestedAppliedX":-11.0808,"requestedAppliedY":11.0808,"appliedX":-11.0808,"appliedY":11.0808,"actualX":-11.5,"actualY":11,"sensitivity":0.9234,"currentZoomForScroll":2.254810458757557,"maxScrollStepX":16,"maxScrollStepY":16,"diagonalEvents":4,"clippedEvents":0}
[DebugBridge +54898425.5ms] wheel_scroll_motion {"eventCount":3,"rawAbsX":26,"rawAbsY":22,"rawX":-26,"rawY":22,"clippedAbsX":26,"clippedAbsY":22,"clippedX":-26,"clippedY":22,"requestedAppliedX":-24.0084,"requestedAppliedY":20.314799999999998,"appliedX":-16,"appliedY":16,"actualX":-16,"actualY":16,"sensitivity":0.9234,"currentZoomForScroll":2.254810458757557,"maxScrollStepX":16,"maxScrollStepY":16,"diagonalEvents":3,"clippedEvents":0}
[DebugBridge +54898451.1ms] wheel_scroll_motion {"eventCount":3,"rawAbsX":20,"rawAbsY":18,"rawX":-20,"rawY":18,"clippedAbsX":20,"clippedAbsY":18,"clippedX":-20,"clippedY":18,"requestedAppliedX":-18.468,"requestedAppliedY":16.6212,"appliedX":-16,"appliedY":16,"actualX":-16,"actualY":16,"sensitivity":0.9234,"currentZoomForScroll":2.254810458757557,"maxScrollStepX":16,"maxScrollStepY":16,"diagonalEvents":3,"clippedEvents":0}
[DebugBridge +54898531.3ms] wheel_scroll_motion {"eventCount":3,"rawAbsX":24,"rawAbsY":18,"rawX":-24,"rawY":18,"clippedAbsX":24,"clippedAbsY":18,"clippedX":-24,"clippedY":18,"requestedAppliedX":-22.1616,"requestedAppliedY":16.6212,"appliedX":-16,"appliedY":16,"actualX":-16,"actualY":16,"sensitivity":0.9234,"currentZoomForScroll":2.254810458757557,"maxScrollStepX":16,"maxScrollStepY":16,"diagonalEvents":3,"clippedEvents":0}
[DebugBridge +54898557.1ms] wheel_scroll_motion {"eventCount":3,"rawAbsX":38,"rawAbsY":36,"rawX":-38,"rawY":36,"clippedAbsX":38,"clippedAbsY":36,"clippedX":-38,"clippedY":36,"requestedAppliedX":-35.089200000000005,"requestedAppliedY":33.2424,"appliedX":-25.8552,"appliedY":24.0084,"actualX":-26,"actualY":24,"sensitivity":0.9234,"currentZoomForScroll":2.254810458757557,"maxScrollStepX":25.8552,"maxScrollStepY":24.0084,"diagonalEvents":3,"clippedEvents":0}
[DebugBridge +54898590.7ms] wheel_scroll_motion {"eventCount":4,"rawAbsX":8,"rawAbsY":4,"rawX":-8,"rawY":4,"clippedAbsX":8,"clippedAbsY":4,"clippedX":-8,"clippedY":4,"requestedAppliedX":-7.5816,"requestedAppliedY":3.6936,"appliedX":-7.5816,"appliedY":3.6936,"actualX":-8,"actualY":3.5,"sensitivity":0.9720000000000001,"currentZoomForScroll":2.254810458757557,"maxScrollStepX":16,"maxScrollStepY":16,"diagonalEvents":2,"clippedEvents":0}
[DebugBridge +54899140.8ms] zoom_wheel_request {"rawDeltaY":-3.411569356918335,"reportedZoom":225,"trustedReactZoom":225.48104587575568,"currentZoom":225.48104587575568,"reportedCurrentZoom":225,"nextZoom":222.42496843466128,"requestedDeltaAbs":3.056077441094402,"reportedLagAbs":0.48104587575568303,"rawGetZoomValue":225,"rawViewerZoomValue":225,"rawMagnificationZoom":null,"correctedSuspiciousZoom":false}
[DebugBridge +54899140.8ms] zoom_start {"scale":2.254810458757557,"source":"overlay_wheel_zoom_pre","reportedScale":2.25,"correctedSuspiciousZoom":false}
[DebugBridge +54899284.2ms] zoom_wheel_request {"rawDeltaY":-40.07012403011322,"reportedZoom":222,"trustedReactZoom":222.42496843466125,"currentZoom":222.42496843466125,"reportedCurrentZoom":222,"nextZoom":198.42496843466125,"requestedDeltaAbs":24,"reportedLagAbs":0.42496843466125256,"rawGetZoomValue":222,"rawViewerZoomValue":222,"rawMagnificationZoom":null,"correctedSuspiciousZoom":false}
[DebugBridge +54899406.0ms] zoom_wheel_request {"rawDeltaY":-21.52441132068634,"reportedZoom":198,"trustedReactZoom":198.42496843466125,"currentZoom":198.42496843466125,"reportedCurrentZoom":198,"nextZoom":182.05582860488303,"requestedDeltaAbs":16.36913982977822,"reportedLagAbs":0.42496843466125256,"rawGetZoomValue":198,"rawViewerZoomValue":198,"rawMagnificationZoom":null,"correctedSuspiciousZoom":false}
[DebugBridge +54899556.4ms] zoom_wheel_request {"rawDeltaY":-12.221499800682068,"reportedZoom":182,"trustedReactZoom":182.05582860488303,"currentZoom":182.05582860488303,"reportedCurrentZoom":182,"nextZoom":173.36988772808834,"requestedDeltaAbs":8.685940876794689,"reportedLagAbs":0.05582860488303254,"rawGetZoomValue":182,"rawViewerZoomValue":182,"rawMagnificationZoom":null,"correctedSuspiciousZoom":false}
[DebugBridge +54900130.7ms] zoom_wheel_request {"rawDeltaY":-6.056082487106323,"reportedZoom":173,"trustedReactZoom":173.36988772808834,"currentZoom":173.36988772808834,"reportedCurrentZoom":173,"nextZoom":169.22057838940287,"requestedDeltaAbs":4.14930933868547,"reportedLagAbs":0.3698877280883437,"rawGetZoomValue":173,"rawViewerZoomValue":173,"rawMagnificationZoom":null,"correctedSuspiciousZoom":false}
[DebugBridge +54900258.8ms] zoom_wheel_request {"rawDeltaY":-90.50239539146423,"reportedZoom":169,"trustedReactZoom":169.22057838940287,"currentZoom":169.22057838940287,"reportedCurrentZoom":169,"nextZoom":145.22057838940287,"requestedDeltaAbs":24,"reportedLagAbs":0.2205783894028741,"rawGetZoomValue":169,"rawViewerZoomValue":169,"rawMagnificationZoom":null,"correctedSuspiciousZoom":false}
[DebugBridge +54900380.6ms] zoom_wheel_request {"rawDeltaY":-27.7749842107296,"reportedZoom":145,"trustedReactZoom":145.22057838940287,"currentZoom":145.22057838940287,"reportedCurrentZoom":145,"nextZoom":129.9505352473805,"requestedDeltaAbs":15.270043142022388,"reportedLagAbs":0.2205783894028741,"rawGetZoomValue":145,"rawViewerZoomValue":145,"rawMagnificationZoom":null,"correctedSuspiciousZoom":false}
[DebugBridge +54900513.0ms] zoom_wheel_request {"rawDeltaY":-5.268902495503426,"reportedZoom":129,"trustedReactZoom":129.9505352473805,"currentZoom":129.9505352473805,"reportedCurrentZoom":129,"nextZoom":127.24040756154227,"requestedDeltaAbs":2.7101276858382164,"reportedLagAbs":0.9505352473804862,"rawGetZoomValue":129,"rawViewerZoomValue":129,"rawMagnificationZoom":null,"correctedSuspiciousZoom":false}
[DebugBridge +54901142.8ms] zoom_wheel_request {"rawDeltaY":-2.8182249069213867,"reportedZoom":127,"trustedReactZoom":127.24040756154227,"currentZoom":127.24040756154227,"reportedCurrentZoom":127,"nextZoom":125.81409366961188,"requestedDeltaAbs":1.4263138919303913,"reportedLagAbs":0.24040756154226983,"rawGetZoomValue":127,"rawViewerZoomValue":127,"rawMagnificationZoom":null,"correctedSuspiciousZoom":false}
[DebugBridge +54901273.4ms] zoom_wheel_request {"rawDeltaY":-86.04819178581238,"reportedZoom":125,"trustedReactZoom":125.81409366961186,"currentZoom":125.81409366961186,"reportedCurrentZoom":125,"nextZoom":101.81409366961186,"requestedDeltaAbs":24,"reportedLagAbs":0.8140936696118644,"rawGetZoomValue":125,"rawViewerZoomValue":125,"rawMagnificationZoom":null,"correctedSuspiciousZoom":false}
[DebugBridge +54901406.8ms] zoom_wheel_request {"rawDeltaY":-26.597048610448837,"reportedZoom":101,"trustedReactZoom":101.81409366961188,"currentZoom":101.81409366961188,"reportedCurrentZoom":101,"nextZoom":91.53856370822731,"requestedDeltaAbs":10.275529961384564,"reportedLagAbs":0.8140936696118786,"rawGetZoomValue":101,"rawViewerZoomValue":101,"rawMagnificationZoom":null,"correctedSuspiciousZoom":false}
[SVGAnnotationLayer] setRotInputVisible(false) reason=selectedIds.size !== 1
[SVGAnnotationLayer] setRotInputVisible(false) reason=selectedIds.size !== 1
[SVGAnnotationLayer] setRotInputVisible(false) reason=selectedIds.size !== 1
[SVGAnnotationLayer] setRotInputVisible(false) reason=selectedIds.size !== 1
[SVGAnnotationLayer] setRotInputVisible(false) reason=selectedIds.size !== 1
[SVGAnnotationLayer] setRotInputVisible(false) reason=selectedIds.size !== 1
[DebugBridge +54901803.4ms] zoom_wheel_request {"rawDeltaY":-6.985537171363831,"reportedZoom":91,"trustedReactZoom":91.53856370822731,"currentZoom":91.53856370822731,"reportedCurrentZoom":91,"nextZoom":89.01618401788055,"requestedDeltaAbs":2.5223796903467672,"reportedLagAbs":0.5385637082273149,"rawGetZoomValue":91,"rawViewerZoomValue":91,"rawMagnificationZoom":null,"correctedSuspiciousZoom":false}
[DebugBridge +54902173.5ms] zoom_wheel_request {"rawDeltaY":-31.689948797225952,"reportedZoom":89,"trustedReactZoom":89.01618401788055,"currentZoom":89.01618401788055,"reportedCurrentZoom":89,"nextZoom":78.41838488185466,"requestedDeltaAbs":10.597799136025884,"reportedLagAbs":0.016184017880547685,"rawGetZoomValue":89,"rawViewerZoomValue":89,"rawMagnificationZoom":null,"correctedSuspiciousZoom":false}
[DebugBridge +54902390.1ms] zoom_wheel_request {"rawDeltaY":-39.81426501274109,"reportedZoom":78,"trustedReactZoom":78.41838488185466,"currentZoom":78.41838488185466,"reportedCurrentZoom":78,"nextZoom":66.8734040901162,"requestedDeltaAbs":11.544980791738467,"reportedLagAbs":0.4183848818546636,"rawGetZoomValue":78,"rawViewerZoomValue":78,"rawMagnificationZoom":null,"correctedSuspiciousZoom":false}
[DebugBridge +54902512.4ms] zoom_wheel_request {"rawDeltaY":-31.913111686706543,"reportedZoom":66,"trustedReactZoom":66.8734040901162,"currentZoom":66.8734040901162,"reportedCurrentZoom":66,"nextZoom":58.85924373074368,"requestedDeltaAbs":8.014160359372518,"reportedLagAbs":0.8734040901161961,"rawGetZoomValue":66,"rawViewerZoomValue":66,"rawMagnificationZoom":null,"correctedSuspiciousZoom":false}
[DebugBridge +54902628.9ms] zoom_wheel_request {"rawDeltaY":-2.4202282428741455,"reportedZoom":58,"trustedReactZoom":58.859243730743685,"currentZoom":58.859243730743685,"reportedCurrentZoom":58,"nextZoom":58.29218178205608,"requestedDeltaAbs":0.5670619486876021,"reportedLagAbs":0.8592437307436853,"rawGetZoomValue":58,"rawViewerZoomValue":58,"rawMagnificationZoom":null,"correctedSuspiciousZoom":false}
[DebugBridge +54903121.7ms] zoom_wheel_request {"rawDeltaY":11.139006614685059,"reportedZoom":58,"trustedReactZoom":58.29218178205608,"currentZoom":58.29218178205608,"reportedCurrentZoom":58,"nextZoom":60.94818077153019,"requestedDeltaAbs":2.6559989894741065,"reportedLagAbs":0.29218178205608325,"rawGetZoomValue":58,"rawViewerZoomValue":58,"rawMagnificationZoom":null,"correctedSuspiciousZoom":false}
[DebugBridge +54903258.9ms] zoom_wheel_request {"rawDeltaY":90.08554410934448,"reportedZoom":60,"trustedReactZoom":60.94818077153019,"currentZoom":60.94818077153019,"reportedCurrentZoom":60,"nextZoom":84.94818077153019,"requestedDeltaAbs":24,"reportedLagAbs":0.9481807715301898,"rawGetZoomValue":60,"rawViewerZoomValue":60,"rawMagnificationZoom":null,"correctedSuspiciousZoom":false}
[DebugBridge +54903805.4ms] zoom_wheel_request {"rawDeltaY":24.196826934814453,"reportedZoom":84,"trustedReactZoom":84.94818077153019,"currentZoom":84.94818077153019,"reportedCurrentZoom":84,"nextZoom":93.58112810478248,"requestedDeltaAbs":8.63294733325229,"reportedLagAbs":0.9481807715301898,"rawGetZoomValue":84,"rawViewerZoomValue":84,"rawMagnificationZoom":null,"correctedSuspiciousZoom":false}
[DebugBridge +54903933.1ms] zoom_wheel_request {"rawDeltaY":23.35864543914795,"reportedZoom":93,"trustedReactZoom":93.58112810478248,"currentZoom":93.58112810478248,"reportedCurrentZoom":93,"nextZoom":102.74634922614999,"requestedDeltaAbs":9.165221121367509,"reportedLagAbs":0.5811281047824792,"rawGetZoomValue":93,"rawViewerZoomValue":93,"rawMagnificationZoom":null,"correctedSuspiciousZoom":false}
[DebugBridge +54905253.8ms] zoom_wheel_request {"rawDeltaY":62.999311447143555,"reportedZoom":102,"trustedReactZoom":102.74634922614997,"currentZoom":102.74634922614997,"reportedCurrentZoom":102,"nextZoom":126.74634922614997,"requestedDeltaAbs":24,"reportedLagAbs":0.7463492261499738,"rawGetZoomValue":102,"rawViewerZoomValue":102,"rawMagnificationZoom":null,"correctedSuspiciousZoom":false}
[DebugBridge +54905662.0ms] zoom_wheel_request {"rawDeltaY":28.05024826526642,"reportedZoom":126,"trustedReactZoom":126.74634922614997,"currentZoom":126.74634922614997,"reportedCurrentZoom":126,"nextZoom":141.79591878106052,"requestedDeltaAbs":15.049569554910548,"reportedLagAbs":0.7463492261499738,"rawGetZoomValue":126,"rawViewerZoomValue":126,"rawMagnificationZoom":null,"correctedSuspiciousZoom":false}
[DebugBridge +54906087.3ms] zoom_wheel_request {"rawDeltaY":19.385398864746094,"reportedZoom":141,"trustedReactZoom":141.79591878106052,"currentZoom":141.79591878106052,"reportedCurrentZoom":141,"nextZoom":153.22852394817934,"requestedDeltaAbs":11.432605167118822,"reportedLagAbs":0.7959187810605215,"rawGetZoomValue":141,"rawViewerZoomValue":141,"rawMagnificationZoom":null,"correctedSuspiciousZoom":false}
[DebugBridge +54906622.7ms] wheel_scroll_motion {"eventCount":2,"rawAbsX":152,"rawAbsY":126,"rawX":-152,"rawY":-126,"clippedAbsX":152,"clippedAbsY":126,"clippedX":-152,"clippedY":-126,"requestedAppliedX":-146.35027109297187,"requestedAppliedY":-121.31667209022669,"appliedX":-144.42460963122224,"appliedY":-119.39101062847706,"actualX":-144.5,"actualY":-119.5,"sensitivity":0.962830730874815,"currentZoomForScroll":1.5322852394817934,"maxScrollStepX":144.42460963122224,"maxScrollStepY":119.39101062847706,"diagonalEvents":2,"clippedEvents":0}
[DebugBridge +54906888.7ms] wheel_scroll_motion {"eventCount":1,"rawAbsX":82,"rawAbsY":74,"rawX":-82,"rawY":-74,"clippedAbsX":82,"clippedAbsY":74,"clippedX":-82,"clippedY":-74,"requestedAppliedX":-78.95211993173483,"requestedAppliedY":-71.2494740847363,"appliedX":-78.95211993173483,"appliedY":-71.2494740847363,"actualX":-79,"actualY":-71.5,"sensitivity":0.962830730874815,"currentZoomForScroll":1.5322852394817934,"maxScrollStepX":78.95211993173483,"maxScrollStepY":71.2494740847363,"diagonalEvents":1,"clippedEvents":0}
[DebugBridge +54907767.0ms] zoom_end {"source":"zoomChange_settle"}
[SVGAnnotationLayer] setRotInputVisible(false) reason=selectedIds.size !== 1
[BboxScaleDiag] annotation-pointerdown {"ts":"2026-05-07T20:59:40.913Z","annotationIndex":1378,"objType":"path","shiftKey":false,"altKey":false,"metaKey":false,"alreadySelected":false,"objSnapshot":{"left":328.80600000000004,"top":109.606,"width":3.255999999999972,"height":3.620999999999981}}
[DebugBridge +54910683.6ms] zoom_wheel_request {"rawDeltaY":62.42477631568909,"reportedZoom":153,"trustedReactZoom":153.22852394817934,"currentZoom":153.22852394817934,"reportedCurrentZoom":153,"nextZoom":177.22852394817934,"requestedDeltaAbs":24,"reportedLagAbs":0.22852394817934396,"rawGetZoomValue":153,"rawViewerZoomValue":153,"rawMagnificationZoom":null,"correctedSuspiciousZoom":false}
[DebugBridge +54910683.6ms] zoom_start {"scale":1.5322852394817934,"source":"overlay_wheel_zoom_pre","reportedScale":1.53,"correctedSuspiciousZoom":false}
[DebugBridge +54910810.0ms] zoom_wheel_request {"rawDeltaY":11.798359245061874,"reportedZoom":177,"trustedReactZoom":177.22852394817934,"currentZoom":177.22852394817934,"reportedCurrentZoom":177,"nextZoom":185.79305235802113,"requestedDeltaAbs":8.564528409841785,"reportedLagAbs":0.22852394817934396,"rawGetZoomValue":177,"rawViewerZoomValue":177,"rawMagnificationZoom":null,"correctedSuspiciousZoom":false}
[BboxScaleDiag] annotation-pointerdown {"ts":"2026-05-07T20:59:43.252Z","annotationIndex":1360,"objType":"path","shiftKey":false,"altKey":false,"metaKey":false,"alreadySelected":false,"objSnapshot":{"left":317.08399999999995,"top":69.69500000000005,"width":21.37200000000007,"height":22.559999999999945}}
[DebugBridge +54912363.0ms] zoom_end {"source":"zoomChange_settle"}
[SVGAnnotationLayer] setRotInputVisible(false) reason=selectedIds.size !== 1
[DebugBridge +54915955.3ms] wheel_scroll_motion {"eventCount":6,"rawAbsX":98,"rawAbsY":34,"rawX":98,"rawY":-34,"clippedAbsX":98,"clippedAbsY":34,"clippedX":98,"clippedY":-34,"requestedAppliedX":91.66040796765867,"requestedAppliedY":-31.766428941581278,"appliedX":63.53285788316256,"appliedY":-22.42336160582208,"actualX":63.5,"actualY":-22.5,"sensitivity":0.9343067335759201,"currentZoomForScroll":1.8579305235802113,"maxScrollStepX":63.53285788316256,"maxScrollStepY":22.42336160582208,"diagonalEvents":5,"clippedEvents":0}
[DebugBridge +54915982.7ms] wheel_scroll_motion {"eventCount":3,"rawAbsX":36,"rawAbsY":6,"rawX":36,"rawY":2,"clippedAbsX":36,"clippedAbsY":6,"clippedX":36,"clippedY":2,"requestedAppliedX":33.83173856317016,"requestedAppliedY":1.8686134671518402,"appliedX":18.686134671518403,"appliedY":1.8686134671518402,"actualX":18.5,"actualY":1.5,"sensitivity":0.9343067335759201,"currentZoomForScroll":1.8579305235802113,"maxScrollStepX":18.686134671518403,"maxScrollStepY":16,"diagonalEvents":2,"clippedEvents":0}
[DebugBridge +54916046.5ms] wheel_scroll_motion {"eventCount":3,"rawAbsX":40,"rawAbsY":12,"rawX":40,"rawY":12,"clippedAbsX":40,"clippedAbsY":12,"clippedX":40,"clippedY":12,"requestedAppliedX":37.47061742025532,"requestedAppliedY":11.21168080291104,"appliedX":26.16058854012576,"appliedY":11.21168080291104,"actualX":26,"actualY":11,"sensitivity":0.9343067335759201,"currentZoomForScroll":1.8579305235802113,"maxScrollStepX":26.16058854012576,"maxScrollStepY":16,"diagonalEvents":2,"clippedEvents":0}
[DebugBridge +54916123.7ms] wheel_scroll_motion {"eventCount":5,"rawAbsX":210,"rawAbsY":0,"rawX":210,"rawY":0,"clippedAbsX":210,"clippedAbsY":0,"clippedX":210,"clippedY":0,"requestedAppliedX":206.53096215888758,"requestedAppliedY":0,"appliedX":84.5793464079254,"appliedY":0,"actualX":84.5,"actualY":0,"sensitivity":0.983480772185179,"currentZoomForScroll":1.8579305235802113,"maxScrollStepX":84.5793464079254,"maxScrollStepY":16,"diagonalEvents":0,"clippedEvents":0}
[DebugBridge +54916156.0ms] wheel_scroll_motion {"eventCount":4,"rawAbsX":54,"rawAbsY":0,"rawX":54,"rawY":0,"clippedAbsX":54,"clippedAbsY":0,"clippedX":54,"clippedY":0,"requestedAppliedX":53.10796169799967,"requestedAppliedY":0,"appliedX":16,"appliedY":0,"actualX":16,"actualY":0,"sensitivity":0.983480772185179,"currentZoomForScroll":1.8579305235802113,"maxScrollStepX":16,"maxScrollStepY":16,"diagonalEvents":0,"clippedEvents":0}
[DebugBridge +54916189.2ms] wheel_scroll_motion {"eventCount":4,"rawAbsX":46,"rawAbsY":0,"rawX":46,"rawY":0,"clippedAbsX":46,"clippedAbsY":0,"clippedX":46,"clippedY":0,"requestedAppliedX":45.24011552051823,"requestedAppliedY":0,"appliedX":16,"appliedY":0,"actualX":16,"actualY":0,"sensitivity":0.983480772185179,"currentZoomForScroll":1.8579305235802113,"maxScrollStepX":16,"maxScrollStepY":16,"diagonalEvents":0,"clippedEvents":0}
[DebugBridge +54916221.6ms] wheel_scroll_motion {"eventCount":4,"rawAbsX":40,"rawAbsY":0,"rawX":40,"rawY":0,"clippedAbsX":40,"clippedAbsY":0,"clippedX":40,"clippedY":0,"requestedAppliedX":39.33923088740716,"requestedAppliedY":0,"appliedX":16,"appliedY":0,"actualX":16,"actualY":0,"sensitivity":0.983480772185179,"currentZoomForScroll":1.8579305235802113,"maxScrollStepX":16,"maxScrollStepY":16,"diagonalEvents":0,"clippedEvents":0}
[DebugBridge +54916256.9ms] wheel_scroll_motion {"eventCount":4,"rawAbsX":32,"rawAbsY":0,"rawX":32,"rawY":0,"clippedAbsX":32,"clippedAbsY":0,"clippedX":32,"clippedY":0,"requestedAppliedX":31.47138470992573,"requestedAppliedY":0,"appliedX":16,"appliedY":0,"actualX":16,"actualY":0,"sensitivity":0.983480772185179,"currentZoomForScroll":1.8579305235802113,"maxScrollStepX":16,"maxScrollStepY":16,"diagonalEvents":0,"clippedEvents":0}
[DebugBridge +54916288.9ms] wheel_scroll_motion {"eventCount":4,"rawAbsX":26,"rawAbsY":0,"rawX":26,"rawY":0,"clippedAbsX":26,"clippedAbsY":0,"clippedX":26,"clippedY":0,"requestedAppliedX":25.570500076814653,"requestedAppliedY":0,"appliedX":16,"appliedY":0,"actualX":16,"actualY":0,"sensitivity":0.983480772185179,"currentZoomForScroll":1.8579305235802113,"maxScrollStepX":16,"maxScrollStepY":16,"diagonalEvents":0,"clippedEvents":0}
[DebugBridge +54916317.2ms] wheel_scroll_motion {"eventCount":3,"rawAbsX":18,"rawAbsY":0,"rawX":18,"rawY":0,"clippedAbsX":18,"clippedAbsY":0,"clippedX":18,"clippedY":0,"requestedAppliedX":17.70265389933322,"requestedAppliedY":0,"appliedX":16,"appliedY":0,"actualX":16,"actualY":0,"sensitivity":0.983480772185179,"currentZoomForScroll":1.8579305235802113,"maxScrollStepX":16,"maxScrollStepY":16,"diagonalEvents":0,"clippedEvents":0}
[DebugBridge +54916347.6ms] wheel_scroll_motion {"eventCount":4,"rawAbsX":24,"rawAbsY":0,"rawX":24,"rawY":0,"clippedAbsX":24,"clippedAbsY":0,"clippedX":24,"clippedY":0,"requestedAppliedX":23.603538532444297,"requestedAppliedY":0,"appliedX":16,"appliedY":0,"actualX":16,"actualY":0,"sensitivity":0.983480772185179,"currentZoomForScroll":1.8579305235802113,"maxScrollStepX":16,"maxScrollStepY":16,"diagonalEvents":0,"clippedEvents":0}
[DebugBridge +54916380.8ms] wheel_scroll_motion {"eventCount":4,"rawAbsX":18,"rawAbsY":0,"rawX":18,"rawY":0,"clippedAbsX":18,"clippedAbsY":0,"clippedX":18,"clippedY":0,"requestedAppliedX":17.70265389933322,"requestedAppliedY":0,"appliedX":16,"appliedY":0,"actualX":16,"actualY":0,"sensitivity":0.983480772185179,"currentZoomForScroll":1.8579305235802113,"maxScrollStepX":16,"maxScrollStepY":16,"diagonalEvents":0,"clippedEvents":0}
[DebugBridge +54916415.5ms] wheel_scroll_motion {"eventCount":4,"rawAbsX":16,"rawAbsY":0,"rawX":16,"rawY":0,"clippedAbsX":16,"clippedAbsY":0,"clippedX":16,"clippedY":0,"requestedAppliedX":15.735692354962865,"requestedAppliedY":0,"appliedX":15.735692354962865,"appliedY":0,"actualX":15.5,"actualY":0,"sensitivity":0.983480772185179,"currentZoomForScroll":1.8579305235802113,"maxScrollStepX":16,"maxScrollStepY":16,"diagonalEvents":0,"clippedEvents":0}
[DebugBridge +54916448.0ms] wheel_scroll_motion {"eventCount":4,"rawAbsX":16,"rawAbsY":0,"rawX":16,"rawY":0,"clippedAbsX":16,"clippedAbsY":0,"clippedX":16,"clippedY":0,"requestedAppliedX":15.735692354962865,"requestedAppliedY":0,"appliedX":15.735692354962865,"appliedY":0,"actualX":15.5,"actualY":0,"sensitivity":0.983480772185179,"currentZoomForScroll":1.8579305235802113,"maxScrollStepX":16,"maxScrollStepY":16,"diagonalEvents":0,"clippedEvents":0}
[DebugBridge +54916479.9ms] wheel_scroll_motion {"eventCount":2,"rawAbsX":8,"rawAbsY":0,"rawX":8,"rawY":0,"clippedAbsX":8,"clippedAbsY":0,"clippedX":8,"clippedY":0,"requestedAppliedX":7.867846177481432,"requestedAppliedY":0,"appliedX":7.867846177481432,"appliedY":0,"actualX":7.5,"actualY":0,"sensitivity":0.983480772185179,"currentZoomForScroll":1.8579305235802113,"maxScrollStepX":16,"maxScrollStepY":16,"diagonalEvents":0,"clippedEvents":0}
[DebugBridge +54916564.0ms] wheel_scroll_motion {"eventCount":4,"rawAbsX":16,"rawAbsY":8,"rawX":16,"rawY":8,"clippedAbsX":16,"clippedAbsY":8,"clippedX":16,"clippedY":8,"requestedAppliedX":15.047255814433239,"requestedAppliedY":7.474453868607361,"appliedX":15.047255814433239,"appliedY":7.474453868607361,"actualX":15,"actualY":7,"sensitivity":0.9343067335759201,"currentZoomForScroll":1.8579305235802113,"maxScrollStepX":16,"maxScrollStepY":16,"diagonalEvents":3,"clippedEvents":0}
[DebugBridge +54916596.7ms] wheel_scroll_motion {"eventCount":4,"rawAbsX":36,"rawAbsY":22,"rawX":36,"rawY":22,"clippedAbsX":36,"clippedAbsY":22,"clippedX":36,"clippedY":22,"requestedAppliedX":33.63504240873313,"requestedAppliedY":20.554748138670245,"appliedX":16,"appliedY":16,"actualX":16,"actualY":16,"sensitivity":0.9343067335759201,"currentZoomForScroll":1.8579305235802113,"maxScrollStepX":16,"maxScrollStepY":16,"diagonalEvents":4,"clippedEvents":0}
[DebugBridge +54916630.6ms] wheel_scroll_motion {"eventCount":4,"rawAbsX":40,"rawAbsY":40,"rawX":40,"rawY":40,"clippedAbsX":40,"clippedAbsY":40,"clippedX":40,"clippedY":40,"requestedAppliedX":37.372269343036805,"requestedAppliedY":37.372269343036805,"appliedX":16,"appliedY":16,"actualX":16,"actualY":16,"sensitivity":0.9343067335759201,"currentZoomForScroll":1.8579305235802113,"maxScrollStepX":16,"maxScrollStepY":16,"diagonalEvents":4,"clippedEvents":0}
[DebugBridge +54916664.5ms] wheel_scroll_motion {"eventCount":4,"rawAbsX":30,"rawAbsY":52,"rawX":30,"rawY":52,"clippedAbsX":30,"clippedAbsY":52,"clippedX":30,"clippedY":52,"requestedAppliedX":28.0292020072776,"requestedAppliedY":48.583950145947846,"appliedX":16,"appliedY":24.291975072973923,"actualX":16,"actualY":24,"sensitivity":0.9343067335759201,"currentZoomForScroll":1.8579305235802113,"maxScrollStepX":16,"maxScrollStepY":24.291975072973923,"diagonalEvents":4,"clippedEvents":0}
[DebugBridge +54916693.0ms] wheel_scroll_motion {"eventCount":3,"rawAbsX":18,"rawAbsY":48,"rawX":18,"rawY":48,"clippedAbsX":18,"clippedAbsY":48,"clippedX":18,"clippedY":48,"requestedAppliedX":16.817521204366564,"requestedAppliedY":44.84672321164416,"appliedX":16,"appliedY":18.686134671518403,"actualX":16,"actualY":18.5,"sensitivity":0.9343067335759201,"currentZoomForScroll":1.8579305235802113,"maxScrollStepX":16,"maxScrollStepY":18.686134671518403,"diagonalEvents":3,"clippedEvents":0}
[DebugBridge +54916723.9ms] wheel_scroll_motion {"eventCount":4,"rawAbsX":30,"rawAbsY":80,"rawX":30,"rawY":80,"clippedAbsX":30,"clippedAbsY":80,"clippedX":30,"clippedY":80,"requestedAppliedX":28.029202007277604,"requestedAppliedY":74.74453868607361,"appliedX":16,"appliedY":18.686134671518403,"actualX":16,"actualY":18.5,"sensitivity":0.9343067335759201,"currentZoomForScroll":1.8579305235802113,"maxScrollStepX":16,"maxScrollStepY":18.686134671518403,"diagonalEvents":4,"clippedEvents":0}
[DebugBridge +54916750.2ms] wheel_scroll_motion {"eventCount":3,"rawAbsX":24,"rawAbsY":72,"rawX":24,"rawY":72,"clippedAbsX":24,"clippedAbsY":72,"clippedX":24,"clippedY":72,"requestedAppliedX":22.42336160582208,"requestedAppliedY":67.27008481746626,"appliedX":16,"appliedY":24.291975072973923,"actualX":16,"actualY":24,"sensitivity":0.9343067335759201,"currentZoomForScroll":1.8579305235802113,"maxScrollStepX":16,"maxScrollStepY":24.291975072973923,"diagonalEvents":3,"clippedEvents":0}
[DebugBridge +54916782.9ms] wheel_scroll_motion {"eventCount":4,"rawAbsX":24,"rawAbsY":82,"rawX":24,"rawY":82,"clippedAbsX":24,"clippedAbsY":82,"clippedX":24,"clippedY":82,"requestedAppliedX":22.42336160582208,"requestedAppliedY":76.61315215322546,"appliedX":16,"appliedY":20.55474813867024,"actualX":16,"actualY":20.5,"sensitivity":0.9343067335759201,"currentZoomForScroll":1.8579305235802113,"maxScrollStepX":16,"maxScrollStepY":20.55474813867024,"diagonalEvents":4,"clippedEvents":0}
[DebugBridge +54916815.8ms] wheel_scroll_motion {"eventCount":4,"rawAbsX":24,"rawAbsY":68,"rawX":24,"rawY":68,"clippedAbsX":24,"clippedAbsY":68,"clippedX":24,"clippedY":68,"requestedAppliedX":22.42336160582208,"requestedAppliedY":63.53285788316256,"appliedX":16,"appliedY":16.81752120436656,"actualX":16,"actualY":16.5,"sensitivity":0.9343067335759201,"currentZoomForScroll":1.8579305235802113,"maxScrollStepX":16,"maxScrollStepY":16.81752120436656,"diagonalEvents":4,"clippedEvents":0}
[DebugBridge +54916841.1ms] wheel_scroll_motion {"eventCount":3,"rawAbsX":18,"rawAbsY":46,"rawX":18,"rawY":46,"clippedAbsX":18,"clippedAbsY":46,"clippedX":18,"clippedY":46,"requestedAppliedX":16.81752120436656,"requestedAppliedY":42.97810974449232,"appliedX":16,"appliedY":16,"actualX":16,"actualY":16,"sensitivity":0.9343067335759201,"currentZoomForScroll":1.8579305235802113,"maxScrollStepX":16,"maxScrollStepY":16,"diagonalEvents":3,"clippedEvents":0}
[DebugBridge +54916874.5ms] wheel_scroll_motion {"eventCount":4,"rawAbsX":20,"rawAbsY":54,"rawX":20,"rawY":54,"clippedAbsX":20,"clippedAbsY":54,"clippedX":20,"clippedY":54,"requestedAppliedX":18.686134671518403,"requestedAppliedY":50.452563613099684,"appliedX":16,"appliedY":16,"actualX":16,"actualY":16,"sensitivity":0.9343067335759201,"currentZoomForScroll":1.8579305235802113,"maxScrollStepX":16,"maxScrollStepY":16,"diagonalEvents":4,"clippedEvents":0}
[DebugBridge +54916905.4ms] wheel_scroll_motion {"eventCount":4,"rawAbsX":16,"rawAbsY":42,"rawX":16,"rawY":42,"clippedAbsX":16,"clippedAbsY":42,"clippedX":16,"clippedY":42,"requestedAppliedX":14.948907737214721,"requestedAppliedY":39.240882810188644,"appliedX":14.948907737214721,"appliedY":16,"actualX":14.5,"actualY":16,"sensitivity":0.9343067335759201,"currentZoomForScroll":1.8579305235802113,"maxScrollStepX":16,"maxScrollStepY":16,"diagonalEvents":4,"clippedEvents":0}
[DebugBridge +54916940.5ms] wheel_scroll_motion {"eventCount":4,"rawAbsX":16,"rawAbsY":36,"rawX":16,"rawY":36,"clippedAbsX":16,"clippedAbsY":36,"clippedX":16,"clippedY":36,"requestedAppliedX":14.948907737214721,"requestedAppliedY":33.63504240873313,"appliedX":14.948907737214721,"appliedY":16,"actualX":14.5,"actualY":16,"sensitivity":0.9343067335759201,"currentZoomForScroll":1.8579305235802113,"maxScrollStepX":16,"maxScrollStepY":16,"diagonalEvents":4,"clippedEvents":0}
[DebugBridge +54916973.9ms] wheel_scroll_motion {"eventCount":4,"rawAbsX":16,"rawAbsY":32,"rawX":16,"rawY":32,"clippedAbsX":16,"clippedAbsY":32,"clippedX":16,"clippedY":32,"requestedAppliedX":14.948907737214721,"requestedAppliedY":29.897815474429443,"appliedX":14.948907737214721,"appliedY":16,"actualX":14.5,"actualY":16,"sensitivity":0.9343067335759201,"currentZoomForScroll":1.8579305235802113,"maxScrollStepX":16,"maxScrollStepY":16,"diagonalEvents":4,"clippedEvents":0}
[DebugBridge +54917004.6ms] wheel_scroll_motion {"eventCount":4,"rawAbsX":14,"rawAbsY":24,"rawX":14,"rawY":24,"clippedAbsX":14,"clippedAbsY":24,"clippedX":14,"clippedY":24,"requestedAppliedX":13.08029427006288,"requestedAppliedY":22.42336160582208,"appliedX":13.08029427006288,"appliedY":16,"actualX":13,"actualY":16,"sensitivity":0.9343067335759201,"currentZoomForScroll":1.8579305235802113,"maxScrollStepX":16,"maxScrollStepY":16,"diagonalEvents":4,"clippedEvents":0}
[DebugBridge +54917034.1ms] wheel_scroll_motion {"eventCount":3,"rawAbsX":6,"rawAbsY":18,"rawX":6,"rawY":18,"clippedAbsX":6,"clippedAbsY":18,"clippedX":6,"clippedY":18,"requestedAppliedX":5.60584040145552,"requestedAppliedY":16.81752120436656,"appliedX":5.60584040145552,"appliedY":16,"actualX":5.5,"actualY":16,"sensitivity":0.9343067335759201,"currentZoomForScroll":1.8579305235802113,"maxScrollStepX":16,"maxScrollStepY":16,"diagonalEvents":3,"clippedEvents":0}
[DebugBridge +54917065.0ms] wheel_scroll_motion {"eventCount":4,"rawAbsX":8,"rawAbsY":24,"rawX":8,"rawY":24,"clippedAbsX":8,"clippedAbsY":24,"clippedX":8,"clippedY":24,"requestedAppliedX":7.474453868607361,"requestedAppliedY":22.42336160582208,"appliedX":7.474453868607361,"appliedY":16,"actualX":7,"actualY":16,"sensitivity":0.9343067335759201,"currentZoomForScroll":1.8579305235802113,"maxScrollStepX":16,"maxScrollStepY":16,"diagonalEvents":4,"clippedEvents":0}
[DebugBridge +54917097.9ms] wheel_scroll_motion {"eventCount":4,"rawAbsX":8,"rawAbsY":18,"rawX":8,"rawY":18,"clippedAbsX":8,"clippedAbsY":18,"clippedX":8,"clippedY":18,"requestedAppliedX":7.474453868607361,"requestedAppliedY":16.817521204366564,"appliedX":7.474453868607361,"appliedY":16,"actualX":7,"actualY":16,"sensitivity":0.9343067335759201,"currentZoomForScroll":1.8579305235802113,"maxScrollStepX":16,"maxScrollStepY":16,"diagonalEvents":4,"clippedEvents":0}
[DebugBridge +54917131.5ms] wheel_scroll_motion {"eventCount":4,"rawAbsX":8,"rawAbsY":16,"rawX":8,"rawY":16,"clippedAbsX":8,"clippedAbsY":16,"clippedX":8,"clippedY":16,"requestedAppliedX":7.474453868607361,"requestedAppliedY":14.948907737214721,"appliedX":7.474453868607361,"appliedY":14.948907737214721,"actualX":7,"actualY":14.5,"sensitivity":0.9343067335759201,"currentZoomForScroll":1.8579305235802113,"maxScrollStepX":16,"maxScrollStepY":16,"diagonalEvents":4,"clippedEvents":0}
[DebugBridge +54917164.1ms] wheel_scroll_motion {"eventCount":3,"rawAbsX":6,"rawAbsY":12,"rawX":6,"rawY":12,"clippedAbsX":6,"clippedAbsY":12,"clippedX":6,"clippedY":12,"requestedAppliedX":5.60584040145552,"requestedAppliedY":11.21168080291104,"appliedX":5.60584040145552,"appliedY":11.21168080291104,"actualX":5.5,"actualY":11,"sensitivity":0.9343067335759201,"currentZoomForScroll":1.8579305235802113,"maxScrollStepX":16,"maxScrollStepY":16,"diagonalEvents":3,"clippedEvents":0}
[DebugBridge +54917217.9ms] wheel_scroll_motion {"eventCount":3,"rawAbsX":10,"rawAbsY":0,"rawX":10,"rawY":0,"clippedAbsX":10,"clippedAbsY":0,"clippedX":10,"clippedY":0,"requestedAppliedX":9.83480772185179,"requestedAppliedY":0,"appliedX":9.83480772185179,"appliedY":0,"actualX":9.5,"actualY":0,"sensitivity":0.983480772185179,"currentZoomForScroll":1.8579305235802113,"maxScrollStepX":16,"maxScrollStepY":16,"diagonalEvents":0,"clippedEvents":0}
[DebugBridge +54917248.3ms] wheel_scroll_motion {"eventCount":4,"rawAbsX":38,"rawAbsY":12,"rawX":38,"rawY":12,"clippedAbsX":38,"clippedAbsY":12,"clippedX":38,"clippedY":12,"requestedAppliedX":35.897048184759036,"requestedAppliedY":11.21168080291104,"appliedX":16,"appliedY":11.21168080291104,"actualX":16,"actualY":11,"sensitivity":0.9343067335759201,"currentZoomForScroll":1.8579305235802113,"maxScrollStepX":16,"maxScrollStepY":16,"diagonalEvents":3,"clippedEvents":0}
[DebugBridge +54917282.5ms] wheel_scroll_motion {"eventCount":4,"rawAbsX":56,"rawAbsY":16,"rawX":56,"rawY":16,"clippedAbsX":56,"clippedAbsY":16,"clippedX":56,"clippedY":16,"requestedAppliedX":52.32117708025152,"requestedAppliedY":14.948907737214721,"appliedX":28.029202007277604,"appliedY":14.948907737214721,"actualX":28,"actualY":14.5,"sensitivity":0.9343067335759201,"currentZoomForScroll":1.8579305235802113,"maxScrollStepX":28.029202007277604,"maxScrollStepY":16,"diagonalEvents":4,"clippedEvents":0}
[DebugBridge +54917315.8ms] wheel_scroll_motion {"eventCount":4,"rawAbsX":64,"rawAbsY":20,"rawX":64,"rawY":20,"clippedAbsX":64,"clippedAbsY":20,"clippedX":64,"clippedY":20,"requestedAppliedX":59.795630948858886,"requestedAppliedY":18.686134671518403,"appliedX":29.897815474429443,"appliedY":16,"actualX":29.5,"actualY":16,"sensitivity":0.9343067335759201,"currentZoomForScroll":1.8579305235802113,"maxScrollStepX":29.897815474429443,"maxScrollStepY":16,"diagonalEvents":4,"clippedEvents":0}
[DebugBridge +54917347.5ms] wheel_scroll_motion {"eventCount":4,"rawAbsX":80,"rawAbsY":4,"rawX":80,"rawY":4,"clippedAbsX":80,"clippedAbsY":4,"clippedX":80,"clippedY":4,"requestedAppliedX":78.0883733115032,"requestedAppliedY":3.7372269343036804,"appliedX":23.603538532444297,"appliedY":3.7372269343036804,"actualX":23.5,"actualY":3.5,"sensitivity":0.983480772185179,"currentZoomForScroll":1.8579305235802113,"maxScrollStepX":23.603538532444297,"maxScrollStepY":16,"diagonalEvents":1,"clippedEvents":0}
[DebugBridge +54917381.5ms] wheel_scroll_motion {"eventCount":4,"rawAbsX":108,"rawAbsY":0,"rawX":108,"rawY":0,"clippedAbsX":108,"clippedAbsY":0,"clippedX":108,"clippedY":0,"requestedAppliedX":106.21592339599934,"requestedAppliedY":0,"appliedX":31.47138470992573,"appliedY":0,"actualX":31,"actualY":0,"sensitivity":0.983480772185179,"currentZoomForScroll":1.8579305235802113,"maxScrollStepX":31.47138470992573,"maxScrollStepY":16,"diagonalEvents":0,"clippedEvents":0}
[DebugBridge +54917488.0ms] wheel_scroll_motion {"eventCount":7,"rawAbsX":326,"rawAbsY":0,"rawX":326,"rawY":0,"clippedAbsX":317.401640999429,"clippedAbsY":0,"clippedX":317.401640999429,"clippedY":0,"requestedAppliedX":312.1584109829614,"requestedAppliedY":0,"appliedX":158.7354105220735,"appliedY":0,"actualX":158.5,"actualY":0,"sensitivity":0.983480772185179,"currentZoomForScroll":1.8579305235802113,"maxScrollStepX":158.7354105220735,"maxScrollStepY":16,"diagonalEvents":0,"clippedEvents":1}
[DebugBridge +54917522.3ms] wheel_scroll_motion {"eventCount":4,"rawAbsX":64,"rawAbsY":0,"rawX":64,"rawY":0,"clippedAbsX":64,"clippedAbsY":0,"clippedX":64,"clippedY":0,"requestedAppliedX":62.94276941985146,"requestedAppliedY":0,"appliedX":16,"appliedY":0,"actualX":16,"actualY":0,"sensitivity":0.983480772185179,"currentZoomForScroll":1.8579305235802113,"maxScrollStepX":16,"maxScrollStepY":16,"diagonalEvents":0,"clippedEvents":0}
[DebugBridge +54917556.4ms] wheel_scroll_motion {"eventCount":4,"rawAbsX":56,"rawAbsY":0,"rawX":56,"rawY":0,"clippedAbsX":56,"clippedAbsY":0,"clippedX":56,"clippedY":0,"requestedAppliedX":55.074923242370026,"requestedAppliedY":0,"appliedX":16,"appliedY":0,"actualX":16,"actualY":0,"sensitivity":0.983480772185179,"currentZoomForScroll":1.8579305235802113,"maxScrollStepX":16,"maxScrollStepY":16,"diagonalEvents":0,"clippedEvents":0}
[DebugBridge +54917589.0ms] wheel_scroll_motion {"eventCount":4,"rawAbsX":44,"rawAbsY":0,"rawX":44,"rawY":0,"clippedAbsX":44,"clippedAbsY":0,"clippedX":44,"clippedY":0,"requestedAppliedX":43.273153976147874,"requestedAppliedY":0,"appliedX":16,"appliedY":0,"actualX":16,"actualY":0,"sensitivity":0.983480772185179,"currentZoomForScroll":1.8579305235802113,"maxScrollStepX":16,"maxScrollStepY":16,"diagonalEvents":0,"clippedEvents":0}
[DebugBridge +54917623.0ms] wheel_scroll_motion {"eventCount":4,"rawAbsX":36,"rawAbsY":0,"rawX":36,"rawY":0,"clippedAbsX":36,"clippedAbsY":0,"clippedX":36,"clippedY":0,"requestedAppliedX":35.40530779866644,"requestedAppliedY":0,"appliedX":16,"appliedY":0,"actualX":16,"actualY":0,"sensitivity":0.983480772185179,"currentZoomForScroll":1.8579305235802113,"maxScrollStepX":16,"maxScrollStepY":16,"diagonalEvents":0,"clippedEvents":0}
[DebugBridge +54917656.4ms] wheel_scroll_motion {"eventCount":4,"rawAbsX":32,"rawAbsY":0,"rawX":32,"rawY":0,"clippedAbsX":32,"clippedAbsY":0,"clippedX":32,"clippedY":0,"requestedAppliedX":31.47138470992573,"requestedAppliedY":0,"appliedX":16,"appliedY":0,"actualX":16,"actualY":0,"sensitivity":0.983480772185179,"currentZoomForScroll":1.8579305235802113,"maxScrollStepX":16,"maxScrollStepY":16,"diagonalEvents":0,"clippedEvents":0}
[DebugBridge +54917689.4ms] wheel_scroll_motion {"eventCount":4,"rawAbsX":24,"rawAbsY":0,"rawX":24,"rawY":0,"clippedAbsX":24,"clippedAbsY":0,"clippedX":24,"clippedY":0,"requestedAppliedX":23.603538532444297,"requestedAppliedY":0,"appliedX":16,"appliedY":0,"actualX":16,"actualY":0,"sensitivity":0.983480772185179,"currentZoomForScroll":1.8579305235802113,"maxScrollStepX":16,"maxScrollStepY":16,"diagonalEvents":0,"clippedEvents":0}
[DebugBridge +54917721.9ms] wheel_scroll_motion {"eventCount":2,"rawAbsX":12,"rawAbsY":0,"rawX":12,"rawY":0,"clippedAbsX":12,"clippedAbsY":0,"clippedX":12,"clippedY":0,"requestedAppliedX":11.801769266222149,"requestedAppliedY":0,"appliedX":11.801769266222149,"appliedY":0,"actualX":11.5,"actualY":0,"sensitivity":0.983480772185179,"currentZoomForScroll":1.8579305235802113,"maxScrollStepX":16,"maxScrollStepY":16,"diagonalEvents":0,"clippedEvents":0}
[DebugBridge +54917948.0ms] zoom_wheel_request {"rawDeltaY":-6.0316877365112305,"reportedZoom":185,"trustedReactZoom":185.79305235802113,"currentZoom":185.79305235802113,"reportedCurrentZoom":185,"nextZoom":181.36411245966465,"requestedDeltaAbs":4.428939898356475,"reportedLagAbs":0.7930523580211286,"rawGetZoomValue":185,"rawViewerZoomValue":185,"rawMagnificationZoom":null,"correctedSuspiciousZoom":false}
[DebugBridge +54917948.0ms] zoom_start {"scale":1.8579305235802113,"source":"overlay_wheel_zoom_pre","reportedScale":1.85,"correctedSuspiciousZoom":false}
[DebugBridge +54918069.6ms] zoom_wheel_request {"rawDeltaY":-22.003615975379944,"reportedZoom":181,"trustedReactZoom":181.36411245966465,"currentZoom":181.36411245966465,"reportedCurrentZoom":181,"nextZoom":166.08375639574098,"requestedDeltaAbs":15.280356063923676,"reportedLagAbs":0.36411245966465344,"rawGetZoomValue":181,"rawViewerZoomValue":181,"rawMagnificationZoom":null,"correctedSuspiciousZoom":false}
[DebugBridge +54918469.7ms] wheel_scroll_motion {"eventCount":4,"rawAbsX":16,"rawAbsY":190,"rawX":-16,"rawY":190,"clippedAbsX":16,"clippedAbsY":190,"clippedX":-16,"clippedY":190,"requestedAppliedX":-15.21449493637933,"requestedAppliedY":181.67308098374002,"appliedX":-15.21449493637933,"appliedY":161.65400869903038,"actualX":-15.5,"actualY":161.5,"sensitivity":0.9509059335237081,"currentZoomForScroll":1.6608375639574098,"maxScrollStepX":16,"maxScrollStepY":161.65400869903038,"diagonalEvents":1,"clippedEvents":0}
[DebugBridge +54918496.1ms] wheel_scroll_motion {"eventCount":3,"rawAbsX":4,"rawAbsY":48,"rawX":-4,"rawY":48,"clippedAbsX":4,"clippedAbsY":48,"clippedX":-4,"clippedY":48,"requestedAppliedX":-3.8036237340948325,"requestedAppliedY":46.444247700526375,"appliedX":-3.8036237340948325,"appliedY":17.116306803426745,"actualX":-4,"actualY":17,"sensitivity":1.0009536142354822,"currentZoomForScroll":1.6608375639574098,"maxScrollStepX":16,"maxScrollStepY":17.116306803426745,"diagonalEvents":2,"clippedEvents":0}
[DebugBridge +54918525.6ms] wheel_scroll_motion {"eventCount":4,"rawAbsX":4,"rawAbsY":48,"rawX":-4,"rawY":48,"clippedAbsX":4,"clippedAbsY":48,"clippedX":-4,"clippedY":48,"requestedAppliedX":-3.8036237340948325,"requestedAppliedY":47.14491523049121,"appliedX":-3.8036237340948325,"appliedY":20.019072284709644,"actualX":-4,"actualY":20,"sensitivity":1.0009536142354822,"currentZoomForScroll":1.6608375639574098,"maxScrollStepX":16,"maxScrollStepY":20.019072284709644,"diagonalEvents":2,"clippedEvents":0}
[DebugBridge +54918558.5ms] wheel_scroll_motion {"eventCount":4,"rawAbsX":0,"rawAbsY":106,"rawX":0,"rawY":106,"clippedAbsX":0,"clippedAbsY":106,"clippedX":0,"clippedY":106,"requestedAppliedX":0,"requestedAppliedY":106.1010831089611,"appliedX":0,"appliedY":28.026701198593504,"actualX":0,"actualY":28,"sensitivity":1.0009536142354822,"currentZoomForScroll":1.6608375639574098,"maxScrollStepX":16,"maxScrollStepY":28.026701198593504,"diagonalEvents":0,"clippedEvents":0}
[DebugBridge +54918592.0ms] wheel_scroll_motion {"eventCount":4,"rawAbsX":0,"rawAbsY":128,"rawX":0,"rawY":128,"clippedAbsX":0,"clippedAbsY":128,"clippedX":0,"clippedY":128,"requestedAppliedX":0,"requestedAppliedY":128.12206262214173,"appliedX":0,"appliedY":34.032422884006394,"actualX":0,"actualY":34,"sensitivity":1.0009536142354822,"currentZoomForScroll":1.6608375639574098,"maxScrollStepX":16,"maxScrollStepY":34.032422884006394,"diagonalEvents":0,"clippedEvents":0}
[DebugBridge +54918679.3ms] wheel_scroll_motion {"eventCount":3,"rawAbsX":0,"rawAbsY":274,"rawX":0,"rawY":274,"clippedAbsX":0,"clippedAbsY":230.71005464393667,"clippedX":0,"clippedY":230.71005464393667,"requestedAppliedX":0,"requestedAppliedY":230.930063036314,"appliedX":0,"appliedY":170.87284618218507,"actualX":0,"actualY":170.5,"sensitivity":1.0009536142354822,"currentZoomForScroll":1.6608375639574098,"maxScrollStepX":16,"maxScrollStepY":170.87284618218507,"diagonalEvents":0,"clippedEvents":1}
[DebugBridge +54918705.6ms] wheel_scroll_motion {"eventCount":3,"rawAbsX":0,"rawAbsY":56,"rawX":0,"rawY":56,"clippedAbsX":0,"clippedAbsY":56,"clippedX":0,"clippedY":56,"requestedAppliedX":0,"requestedAppliedY":56.05340239718701,"appliedX":0,"appliedY":20.019072284709644,"actualX":0,"actualY":20,"sensitivity":1.0009536142354822,"currentZoomForScroll":1.6608375639574098,"maxScrollStepX":16,"maxScrollStepY":20.019072284709644,"diagonalEvents":0,"clippedEvents":0}
[DebugBridge +54918732.7ms] wheel_scroll_motion {"eventCount":4,"rawAbsX":0,"rawAbsY":64,"rawX":0,"rawY":64,"clippedAbsX":0,"clippedAbsY":64,"clippedX":0,"clippedY":64,"requestedAppliedX":0,"requestedAppliedY":64.06103131107086,"appliedX":0,"appliedY":16.015257827767716,"actualX":0,"actualY":16,"sensitivity":1.0009536142354822,"currentZoomForScroll":1.6608375639574098,"maxScrollStepX":16,"maxScrollStepY":16.015257827767716,"diagonalEvents":0,"clippedEvents":0}
[DebugBridge +54918766.2ms] wheel_scroll_motion {"eventCount":4,"rawAbsX":0,"rawAbsY":54,"rawX":0,"rawY":54,"clippedAbsX":0,"clippedAbsY":54,"clippedX":0,"clippedY":54,"requestedAppliedX":0,"requestedAppliedY":54.051495168716045,"appliedX":0,"appliedY":16,"actualX":0,"actualY":16,"sensitivity":1.0009536142354822,"currentZoomForScroll":1.6608375639574098,"maxScrollStepX":16,"maxScrollStepY":16,"diagonalEvents":0,"clippedEvents":0}
[DebugBridge +54918799.5ms] wheel_scroll_motion {"eventCount":4,"rawAbsX":0,"rawAbsY":42,"rawX":0,"rawY":42,"clippedAbsX":0,"clippedAbsY":42,"clippedX":0,"clippedY":42,"requestedAppliedX":0,"requestedAppliedY":42.04005179789026,"appliedX":0,"appliedY":16,"actualX":0,"actualY":16,"sensitivity":1.0009536142354822,"currentZoomForScroll":1.6608375639574098,"maxScrollStepX":16,"maxScrollStepY":16,"diagonalEvents":0,"clippedEvents":0}
[DebugBridge +54918833.9ms] wheel_scroll_motion {"eventCount":4,"rawAbsX":0,"rawAbsY":36,"rawX":0,"rawY":36,"clippedAbsX":0,"clippedAbsY":36,"clippedX":0,"clippedY":36,"requestedAppliedX":0,"requestedAppliedY":36.034330112477356,"appliedX":0,"appliedY":16,"actualX":0,"actualY":16,"sensitivity":1.0009536142354822,"currentZoomForScroll":1.6608375639574098,"maxScrollStepX":16,"maxScrollStepY":16,"diagonalEvents":0,"clippedEvents":0}
[DebugBridge +54918866.0ms] wheel_scroll_motion {"eventCount":4,"rawAbsX":0,"rawAbsY":32,"rawX":0,"rawY":32,"clippedAbsX":0,"clippedAbsY":32,"clippedX":0,"clippedY":32,"requestedAppliedX":0,"requestedAppliedY":32.03051565553543,"appliedX":0,"appliedY":16,"actualX":0,"actualY":16,"sensitivity":1.0009536142354822,"currentZoomForScroll":1.6608375639574098,"maxScrollStepX":16,"maxScrollStepY":16,"diagonalEvents":0,"clippedEvents":0}
[DebugBridge +54919426.2ms] wheel_scroll_motion {"eventCount":6,"rawAbsX":70,"rawAbsY":246,"rawX":-70,"rawY":246,"clippedAbsX":70,"clippedAbsY":228.71005464393667,"clippedX":-70,"clippedY":228.71005464393667,"requestedAppliedX":-66.56341534665957,"requestedAppliedY":220.38451349873378,"appliedX":-66.56341534665957,"appliedY":162.3292038730758,"actualX":-67,"actualY":162,"sensitivity":0.9509059335237081,"currentZoomForScroll":1.6608375639574098,"maxScrollStepX":66.56341534665957,"maxScrollStepY":162.3292038730758,"diagonalEvents":1,"clippedEvents":1}
[SVGAnnotationLayer] setRotInputVisible(false) reason=selectedIds.size !== 1
[SVGAnnotationLayer] setRotInputVisible(false) reason=selectedIds.size !== 1
[SVGAnnotationLayer] setRotInputVisible(false) reason=selectedIds.size !== 1
[SVGAnnotationLayer] setRotInputVisible(false) reason=selectedIds.size !== 1
[SVGAnnotationLayer] setRotInputVisible(false) reason=selectedIds.size !== 1
[DebugBridge +54919893.2ms] wheel_scroll_motion {"eventCount":10,"rawAbsX":240,"rawAbsY":672,"rawX":-240,"rawY":672,"clippedAbsX":240,"clippedAbsY":310.7100546439367,"clippedX":-240,"clippedY":310.7100546439367,"requestedAppliedX":-228.21742404569,"requestedAppliedY":295.5561299278185,"appliedX":-121.71595949103464,"appliedY":162.3292038730758,"actualX":-122,"actualY":162,"sensitivity":0.9509059335237081,"currentZoomForScroll":1.6608375639574098,"maxScrollStepX":121.71595949103464,"maxScrollStepY":162.3292038730758,"diagonalEvents":9,"clippedEvents":1}
[DebugBridge +54919894.5ms] zoom_end {"source":"zoomChange_settle"}
[DebugBridge +54920146.0ms] wheel_scroll_motion {"eventCount":3,"rawAbsX":30,"rawAbsY":22,"rawX":-30,"rawY":-22,"clippedAbsX":30,"clippedAbsY":22,"clippedX":-30,"clippedY":-22,"requestedAppliedX":-28.62727336713479,"requestedAppliedY":-20.91993053752158,"appliedX":-16,"appliedY":-16,"actualX":-16,"actualY":-16,"sensitivity":0.9509059335237081,"currentZoomForScroll":1.6608375639574098,"maxScrollStepX":16,"maxScrollStepY":16,"diagonalEvents":2,"clippedEvents":0}
[DebugBridge +54920371.2ms] wheel_scroll_motion {"eventCount":2,"rawAbsX":98,"rawAbsY":22,"rawX":-98,"rawY":-22,"clippedAbsX":98,"clippedAbsY":22,"clippedX":-98,"clippedY":-22,"requestedAppliedX":-93.1887814853234,"requestedAppliedY":-20.919930537521576,"appliedX":-87.48334588418115,"appliedY":-17.116306803426745,"actualX":-87.5,"actualY":-17.5,"sensitivity":0.9509059335237081,"currentZoomForScroll":1.6608375639574098,"maxScrollStepX":87.48334588418115,"maxScrollStepY":17.116306803426745,"diagonalEvents":2,"clippedEvents":0}
[DebugBridge +54920632.7ms] wheel_scroll_motion {"eventCount":2,"rawAbsX":64,"rawAbsY":2,"rawX":-64,"rawY":-2,"clippedAbsX":64,"clippedAbsY":2,"clippedX":-64,"clippedY":-2,"requestedAppliedX":-61.158265829787965,"requestedAppliedY":-1.9018118670474162,"appliedX":-55.15254414437507,"appliedY":-1.9018118670474162,"actualX":-55.5,"actualY":-2,"sensitivity":1.0009536142354822,"currentZoomForScroll":1.6608375639574098,"maxScrollStepX":55.15254414437507,"maxScrollStepY":16,"diagonalEvents":1,"clippedEvents":0}
[DebugBridge +54920849.5ms] wheel_scroll_motion {"eventCount":2,"rawAbsX":164,"rawAbsY":0,"rawX":-164,"rawY":0,"clippedAbsX":164,"clippedAbsY":0,"clippedX":-164,"clippedY":0,"requestedAppliedX":-164.1563927346191,"requestedAppliedY":0,"appliedX":-158.15067104920618,"appliedY":0,"actualX":-158.5,"actualY":0,"sensitivity":1.0009536142354822,"currentZoomForScroll":1.6608375639574098,"maxScrollStepX":158.15067104920618,"maxScrollStepY":16,"diagonalEvents":0,"clippedEvents":0}
[DebugBridge +54921019.6ms] wheel_scroll_motion {"eventCount":2,"rawAbsX":8,"rawAbsY":0,"rawX":-8,"rawY":0,"clippedAbsX":8,"clippedAbsY":0,"clippedX":-8,"clippedY":0,"requestedAppliedX":-8.007628913883858,"requestedAppliedY":0,"appliedX":-8.007628913883858,"appliedY":0,"actualX":-8.5,"actualY":0,"sensitivity":1.0009536142354822,"currentZoomForScroll":1.6608375639574098,"maxScrollStepX":16,"maxScrollStepY":16,"diagonalEvents":0,"clippedEvents":0}
[DebugBridge +54921246.6ms] wheel_scroll_motion {"eventCount":2,"rawAbsX":232,"rawAbsY":56,"rawX":-232,"rawY":56,"clippedAbsX":172.71005464393667,"clippedAbsY":56,"clippedX":-172.71005464393667,"clippedY":56,"requestedAppliedX":-164.33111110154678,"requestedAppliedY":53.25073227732766,"appliedX":-162.3292038730758,"appliedY":53.25073227732766,"actualX":-162.5,"actualY":53,"sensitivity":0.9509059335237081,"currentZoomForScroll":1.6608375639574098,"maxScrollStepX":162.3292038730758,"maxScrollStepY":53.25073227732766,"diagonalEvents":1,"clippedEvents":1}
[DebugBridge +54921294.6ms] wheel_scroll_motion {"eventCount":3,"rawAbsX":394,"rawAbsY":0,"rawX":-394,"rawY":0,"clippedAbsX":206.71005464393667,"clippedAbsY":0,"clippedX":-206.71005464393667,"clippedY":0,"requestedAppliedX":-206.90717629466243,"requestedAppliedY":0,"appliedX":-170.87284618218507,"appliedY":0,"actualX":-171,"actualY":0,"sensitivity":1.0009536142354822,"currentZoomForScroll":1.6608375639574098,"maxScrollStepX":170.87284618218507,"maxScrollStepY":16,"diagonalEvents":0,"clippedEvents":1}
[DebugBridge +54921327.4ms] wheel_scroll_motion {"eventCount":4,"rawAbsX":54,"rawAbsY":0,"rawX":-54,"rawY":0,"clippedAbsX":54,"clippedAbsY":0,"clippedX":-54,"clippedY":0,"requestedAppliedX":-54.05149516871604,"requestedAppliedY":0,"appliedX":-20.019072284709644,"appliedY":0,"actualX":-20.5,"actualY":0,"sensitivity":1.0009536142354822,"currentZoomForScroll":1.6608375639574098,"maxScrollStepX":20.019072284709644,"maxScrollStepY":16,"diagonalEvents":0,"clippedEvents":0}
[DebugBridge +54921359.7ms] wheel_scroll_motion {"eventCount":4,"rawAbsX":30,"rawAbsY":0,"rawX":-30,"rawY":0,"clippedAbsX":30,"clippedAbsY":0,"clippedX":-30,"clippedY":0,"requestedAppliedX":-30.02860842706447,"requestedAppliedY":0,"appliedX":-16,"appliedY":0,"actualX":-16,"actualY":0,"sensitivity":1.0009536142354822,"currentZoomForScroll":1.6608375639574098,"maxScrollStepX":16,"maxScrollStepY":16,"diagonalEvents":0,"clippedEvents":0}
[DebugBridge +54921393.9ms] wheel_scroll_motion {"eventCount":4,"rawAbsX":24,"rawAbsY":0,"rawX":-24,"rawY":0,"clippedAbsX":24,"clippedAbsY":0,"clippedX":-24,"clippedY":0,"requestedAppliedX":-24.022886741651575,"requestedAppliedY":0,"appliedX":-16,"appliedY":0,"actualX":-16,"actualY":0,"sensitivity":1.0009536142354822,"currentZoomForScroll":1.6608375639574098,"maxScrollStepX":16,"maxScrollStepY":16,"diagonalEvents":0,"clippedEvents":0}
[DebugBridge +54921426.0ms] wheel_scroll_motion {"eventCount":4,"rawAbsX":24,"rawAbsY":0,"rawX":-24,"rawY":0,"clippedAbsX":24,"clippedAbsY":0,"clippedX":-24,"clippedY":0,"requestedAppliedX":-24.022886741651575,"requestedAppliedY":0,"appliedX":-16,"appliedY":0,"actualX":-16,"actualY":0,"sensitivity":1.0009536142354822,"currentZoomForScroll":1.6608375639574098,"maxScrollStepX":16,"maxScrollStepY":16,"diagonalEvents":0,"clippedEvents":0}
[DebugBridge +54921459.4ms] wheel_scroll_motion {"eventCount":4,"rawAbsX":20,"rawAbsY":0,"rawX":-20,"rawY":0,"clippedAbsX":20,"clippedAbsY":0,"clippedX":-20,"clippedY":0,"requestedAppliedX":-20.019072284709644,"requestedAppliedY":0,"appliedX":-16,"appliedY":0,"actualX":-16,"actualY":0,"sensitivity":1.0009536142354822,"currentZoomForScroll":1.6608375639574098,"maxScrollStepX":16,"maxScrollStepY":16,"diagonalEvents":0,"clippedEvents":0}
[DebugBridge +54921493.1ms] wheel_scroll_motion {"eventCount":4,"rawAbsX":16,"rawAbsY":0,"rawX":-16,"rawY":0,"clippedAbsX":16,"clippedAbsY":0,"clippedX":-16,"clippedY":0,"requestedAppliedX":-16.015257827767716,"requestedAppliedY":0,"appliedX":-16,"appliedY":0,"actualX":-16,"actualY":0,"sensitivity":1.0009536142354822,"currentZoomForScroll":1.6608375639574098,"maxScrollStepX":16,"maxScrollStepY":16,"diagonalEvents":0,"clippedEvents":0}
[DebugBridge +54921526.2ms] wheel_scroll_motion {"eventCount":4,"rawAbsX":16,"rawAbsY":0,"rawX":-16,"rawY":0,"clippedAbsX":16,"clippedAbsY":0,"clippedX":-16,"clippedY":0,"requestedAppliedX":-16.015257827767716,"requestedAppliedY":0,"appliedX":-16,"appliedY":0,"actualX":-16,"actualY":0,"sensitivity":1.0009536142354822,"currentZoomForScroll":1.6608375639574098,"maxScrollStepX":16,"maxScrollStepY":16,"diagonalEvents":0,"clippedEvents":0}
[DebugBridge +54921559.4ms] wheel_scroll_motion {"eventCount":4,"rawAbsX":12,"rawAbsY":0,"rawX":-12,"rawY":0,"clippedAbsX":12,"clippedAbsY":0,"clippedX":-12,"clippedY":0,"requestedAppliedX":-12.011443370825786,"requestedAppliedY":0,"appliedX":-12.011443370825786,"appliedY":0,"actualX":-12.5,"actualY":0,"sensitivity":1.0009536142354822,"currentZoomForScroll":1.6608375639574098,"maxScrollStepX":16,"maxScrollStepY":16,"diagonalEvents":0,"clippedEvents":0}
[DebugBridge +54921593.6ms] wheel_scroll_motion {"eventCount":2,"rawAbsX":8,"rawAbsY":0,"rawX":-8,"rawY":0,"clippedAbsX":8,"clippedAbsY":0,"clippedX":-8,"clippedY":0,"requestedAppliedX":-8.007628913883858,"requestedAppliedY":0,"appliedX":-8.007628913883858,"appliedY":0,"actualX":-8.5,"actualY":0,"sensitivity":1.0009536142354822,"currentZoomForScroll":1.6608375639574098,"maxScrollStepX":16,"maxScrollStepY":16,"diagonalEvents":0,"clippedEvents":0}
[DebugBridge +54921621.2ms] wheel_scroll_motion {"eventCount":2,"rawAbsX":8,"rawAbsY":0,"rawX":-8,"rawY":0,"clippedAbsX":8,"clippedAbsY":0,"clippedX":-8,"clippedY":0,"requestedAppliedX":-8.007628913883858,"requestedAppliedY":0,"appliedX":-8.007628913883858,"appliedY":0,"actualX":-8.5,"actualY":0,"sensitivity":1.0009536142354822,"currentZoomForScroll":1.6608375639574098,"maxScrollStepX":16,"maxScrollStepY":16,"diagonalEvents":0,"clippedEvents":0}
[DebugBridge +54921660.7ms] wheel_scroll_motion {"eventCount":2,"rawAbsX":6,"rawAbsY":0,"rawX":-6,"rawY":0,"clippedAbsX":6,"clippedAbsY":0,"clippedX":-6,"clippedY":0,"requestedAppliedX":-6.005721685412894,"requestedAppliedY":0,"appliedX":-6.005721685412894,"appliedY":0,"actualX":-6.5,"actualY":0,"sensitivity":1.0009536142354822,"currentZoomForScroll":1.6608375639574098,"maxScrollStepX":16,"maxScrollStepY":16,"diagonalEvents":0,"clippedEvents":0}
[DebugBridge +54921692.9ms] wheel_scroll_motion {"eventCount":2,"rawAbsX":4,"rawAbsY":0,"rawX":-4,"rawY":0,"clippedAbsX":4,"clippedAbsY":0,"clippedX":-4,"clippedY":0,"requestedAppliedX":-4.003814456941929,"requestedAppliedY":0,"appliedX":-4.003814456941929,"appliedY":0,"actualX":-4.5,"actualY":0,"sensitivity":1.0009536142354822,"currentZoomForScroll":1.6608375639574098,"maxScrollStepX":16,"maxScrollStepY":16,"diagonalEvents":0,"clippedEvents":0}
[DebugBridge +54921725.5ms] wheel_scroll_motion {"eventCount":2,"rawAbsX":4,"rawAbsY":0,"rawX":-4,"rawY":0,"clippedAbsX":4,"clippedAbsY":0,"clippedX":-4,"clippedY":0,"requestedAppliedX":-4.003814456941929,"requestedAppliedY":0,"appliedX":-4.003814456941929,"appliedY":0,"actualX":-4.5,"actualY":0,"sensitivity":1.0009536142354822,"currentZoomForScroll":1.6608375639574098,"maxScrollStepX":16,"maxScrollStepY":16,"diagonalEvents":0,"clippedEvents":0}
[DebugBridge +54921776.1ms] wheel_scroll_motion {"eventCount":1,"rawAbsX":2,"rawAbsY":0,"rawX":-2,"rawY":0,"clippedAbsX":2,"clippedAbsY":0,"clippedX":-2,"clippedY":0,"requestedAppliedX":-2.0019072284709645,"requestedAppliedY":0,"appliedX":-2.0019072284709645,"appliedY":0,"actualX":-2.5,"actualY":0,"sensitivity":1.0009536142354822,"currentZoomForScroll":1.6608375639574098,"maxScrollStepX":16,"maxScrollStepY":16,"diagonalEvents":0,"clippedEvents":0}
[DebugBridge +54921843.2ms] wheel_scroll_motion {"eventCount":3,"rawAbsX":6,"rawAbsY":20,"rawX":-6,"rawY":-20,"clippedAbsX":6,"clippedAbsY":20,"clippedX":-6,"clippedY":-20,"requestedAppliedX":-5.7054356011422485,"requestedAppliedY":-19.11821403189771,"appliedX":-5.7054356011422485,"appliedY":-16,"actualX":-6,"actualY":-16,"sensitivity":0.9509059335237081,"currentZoomForScroll":1.6608375639574098,"maxScrollStepX":16,"maxScrollStepY":16,"diagonalEvents":2,"clippedEvents":0}
[DebugBridge +54921877.1ms] wheel_scroll_motion {"eventCount":4,"rawAbsX":20,"rawAbsY":54,"rawX":-20,"rawY":-54,"clippedAbsX":20,"clippedAbsY":54,"clippedX":-20,"clippedY":-54,"requestedAppliedX":-19.018118670474163,"requestedAppliedY":-51.348920410280236,"appliedX":-16,"appliedY":-24.72355427161641,"actualX":-16,"actualY":-25,"sensitivity":0.9509059335237081,"currentZoomForScroll":1.6608375639574098,"maxScrollStepX":16,"maxScrollStepY":24.72355427161641,"diagonalEvents":4,"clippedEvents":0}
[DebugBridge +54921905.2ms] wheel_scroll_motion {"eventCount":3,"rawAbsX":20,"rawAbsY":48,"rawX":-20,"rawY":-48,"clippedAbsX":20,"clippedAbsY":48,"clippedX":-20,"clippedY":-48,"requestedAppliedX":-19.018118670474163,"requestedAppliedY":-45.64348480913799,"appliedX":-16,"appliedY":-17.116306803426745,"actualX":-16,"actualY":-17.5,"sensitivity":0.9509059335237081,"currentZoomForScroll":1.6608375639574098,"maxScrollStepX":16,"maxScrollStepY":17.116306803426745,"diagonalEvents":3,"clippedEvents":0}
[DebugBridge +54921936.0ms] wheel_scroll_motion {"eventCount":4,"rawAbsX":32,"rawAbsY":58,"rawX":-32,"rawY":-58,"clippedAbsX":32,"clippedAbsY":58,"clippedX":-32,"clippedY":-58,"requestedAppliedX":-30.428989872758663,"requestedAppliedY":-55.15254414437508,"appliedX":-16,"appliedY":-16,"actualX":-16,"actualY":-16,"sensitivity":0.9509059335237081,"currentZoomForScroll":1.6608375639574098,"maxScrollStepX":16,"maxScrollStepY":16,"diagonalEvents":4,"clippedEvents":0}
[DebugBridge +54921968.7ms] wheel_scroll_motion {"eventCount":4,"rawAbsX":20,"rawAbsY":34,"rawX":-20,"rawY":-34,"clippedAbsX":20,"clippedAbsY":34,"clippedX":-20,"clippedY":-34,"requestedAppliedX":-19.018118670474163,"requestedAppliedY":-32.33080173980608,"appliedX":-16,"appliedY":-16,"actualX":-16,"actualY":-16,"sensitivity":0.9509059335237081,"currentZoomForScroll":1.6608375639574098,"maxScrollStepX":16,"maxScrollStepY":16,"diagonalEvents":4,"clippedEvents":0}
[DebugBridge +54922045.5ms] wheel_scroll_motion {"eventCount":5,"rawAbsX":68,"rawAbsY":172,"rawX":-68,"rawY":-172,"clippedAbsX":68,"clippedAbsY":172,"clippedX":-68,"clippedY":-172,"requestedAppliedX":-64.66160347961215,"requestedAppliedY":-163.55582056607778,"appliedX":-36.13442547390091,"appliedY":-93.18878148532339,"actualX":-36.5,"actualY":-93.5,"sensitivity":0.9509059335237081,"currentZoomForScroll":1.6608375639574098,"maxScrollStepX":36.13442547390091,"maxScrollStepY":93.18878148532339,"diagonalEvents":5,"clippedEvents":0}
[DebugBridge +54922120.2ms] wheel_scroll_motion {"eventCount":5,"rawAbsX":54,"rawAbsY":146,"rawX":-54,"rawY":-146,"clippedAbsX":54,"clippedAbsY":146,"clippedX":-54,"clippedY":-146,"requestedAppliedX":-51.348920410280236,"requestedAppliedY":-138.8322662944614,"appliedX":-28.527178005711242,"appliedY":-76.07247468189665,"actualX":-29,"actualY":-76.5,"sensitivity":0.9509059335237081,"currentZoomForScroll":1.6608375639574098,"maxScrollStepX":28.527178005711242,"maxScrollStepY":76.07247468189665,"diagonalEvents":5,"clippedEvents":0}
[DebugBridge +54922153.2ms] wheel_scroll_motion {"eventCount":4,"rawAbsX":22,"rawAbsY":52,"rawX":-22,"rawY":-52,"clippedAbsX":22,"clippedAbsY":52,"clippedX":-22,"clippedY":-52,"requestedAppliedX":-20.919930537521576,"requestedAppliedY":-49.44710854323282,"appliedX":-16,"appliedY":-16,"actualX":-16,"actualY":-16,"sensitivity":0.9509059335237081,"currentZoomForScroll":1.6608375639574098,"maxScrollStepX":16,"maxScrollStepY":16,"diagonalEvents":4,"clippedEvents":0}
[DebugBridge +54922185.1ms] wheel_scroll_motion {"eventCount":3,"rawAbsX":12,"rawAbsY":30,"rawX":-12,"rawY":-30,"clippedAbsX":12,"clippedAbsY":30,"clippedX":-12,"clippedY":-30,"requestedAppliedX":-11.410871202284497,"requestedAppliedY":-28.527178005711242,"appliedX":-11.410871202284497,"appliedY":-16,"actualX":-11.5,"actualY":-16,"sensitivity":0.9509059335237081,"currentZoomForScroll":1.6608375639574098,"maxScrollStepX":16,"maxScrollStepY":16,"diagonalEvents":3,"clippedEvents":0}
[DebugBridge +54922218.2ms] wheel_scroll_motion {"eventCount":4,"rawAbsX":20,"rawAbsY":42,"rawX":-20,"rawY":-42,"clippedAbsX":20,"clippedAbsY":42,"clippedX":-20,"clippedY":-42,"requestedAppliedX":-19.018118670474163,"requestedAppliedY":-39.93804920799574,"appliedX":-16,"appliedY":-17.116306803426745,"actualX":-16,"actualY":-17.5,"sensitivity":0.9509059335237081,"currentZoomForScroll":1.6608375639574098,"maxScrollStepX":16,"maxScrollStepY":17.116306803426745,"diagonalEvents":4,"clippedEvents":0}
[DebugBridge +54922251.6ms] wheel_scroll_motion {"eventCount":4,"rawAbsX":16,"rawAbsY":28,"rawX":-16,"rawY":-28,"clippedAbsX":16,"clippedAbsY":28,"clippedX":-16,"clippedY":-28,"requestedAppliedX":-15.21449493637933,"requestedAppliedY":-26.62536613866383,"appliedX":-15.21449493637933,"appliedY":-16,"actualX":-15.5,"actualY":-16,"sensitivity":0.9509059335237081,"currentZoomForScroll":1.6608375639574098,"maxScrollStepX":16,"maxScrollStepY":16,"diagonalEvents":4,"clippedEvents":0}
[DebugBridge +54922284.6ms] wheel_scroll_motion {"eventCount":4,"rawAbsX":16,"rawAbsY":24,"rawX":-16,"rawY":-24,"clippedAbsX":16,"clippedAbsY":24,"clippedX":-16,"clippedY":-24,"requestedAppliedX":-15.21449493637933,"requestedAppliedY":-22.821742404568994,"appliedX":-15.21449493637933,"appliedY":-16,"actualX":-15.5,"actualY":-16,"sensitivity":0.9509059335237081,"currentZoomForScroll":1.6608375639574098,"maxScrollStepX":16,"maxScrollStepY":16,"diagonalEvents":4,"clippedEvents":0}
[DebugBridge +54922313.2ms] wheel_scroll_motion {"eventCount":3,"rawAbsX":6,"rawAbsY":18,"rawX":-6,"rawY":-18,"clippedAbsX":6,"clippedAbsY":18,"clippedX":-6,"clippedY":-18,"requestedAppliedX":-5.7054356011422485,"requestedAppliedY":-17.116306803426745,"appliedX":-5.7054356011422485,"appliedY":-16,"actualX":-4.5,"actualY":-16,"sensitivity":0.9509059335237081,"currentZoomForScroll":1.6608375639574098,"maxScrollStepX":16,"maxScrollStepY":16,"diagonalEvents":3,"clippedEvents":0}
[SVGAnnotationLayer] setRotInputVisible(false) reason=selectedIds.size !== 1
[SVGAnnotationLayer] setRotInputVisible(false) reason=selectedIds.size !== 1
[SVGAnnotationLayer] setRotInputVisible(false) reason=selectedIds.size !== 1
[SVGAnnotationLayer] setRotInputVisible(false) reason=selectedIds.size !== 1
[SVGAnnotationLayer] setRotInputVisible(false) reason=selectedIds.size !== 1
[SVGAnnotationLayer] setRotInputVisible(false) reason=selectedIds.size !== 1
[DebugBridge +54922595.6ms] wheel_scroll_motion {"eventCount":4,"rawAbsX":72,"rawAbsY":524,"rawX":72,"rawY":-524,"clippedAbsX":72,"clippedAbsY":361.42010928787334,"clippedX":72,"clippedY":-361.42010928787334,"requestedAppliedX":68.46522721370698,"requestedAppliedY":-353.2211223399705,"appliedX":68.46522721370698,"appliedY":-170.87284618218507,"actualX":68,"actualY":-171,"sensitivity":1.0009536142354822,"currentZoomForScroll":1.6608375639574098,"maxScrollStepX":68.46522721370698,"maxScrollStepY":170.87284618218507,"diagonalEvents":1,"clippedEvents":2}
[DebugBridge +54922661.8ms] wheel_scroll_motion {"eventCount":4,"rawAbsX":0,"rawAbsY":134,"rawX":0,"rawY":-134,"clippedAbsX":0,"clippedAbsY":134,"clippedX":0,"clippedY":-134,"requestedAppliedX":0,"requestedAppliedY":-134.12778430755463,"appliedX":0,"appliedY":-82.07819636730954,"actualX":0,"actualY":-82.5,"sensitivity":1.0009536142354822,"currentZoomForScroll":1.6608375639574098,"maxScrollStepX":16,"maxScrollStepY":82.07819636730954,"diagonalEvents":0,"clippedEvents":0}
[DebugBridge +54922759.4ms] wheel_scroll_motion {"eventCount":8,"rawAbsX":0,"rawAbsY":132,"rawX":0,"rawY":-132,"clippedAbsX":0,"clippedAbsY":132,"clippedX":0,"clippedY":-132,"requestedAppliedX":0,"requestedAppliedY":-132.12587707908366,"appliedX":0,"appliedY":-48.04577348330315,"actualX":0,"actualY":-48.5,"sensitivity":1.0009536142354822,"currentZoomForScroll":1.6608375639574098,"maxScrollStepX":16,"maxScrollStepY":48.04577348330315,"diagonalEvents":0,"clippedEvents":0}
[DebugBridge +54922828.8ms] wheel_scroll_motion {"eventCount":3,"rawAbsX":0,"rawAbsY":56,"rawX":0,"rawY":-56,"clippedAbsX":0,"clippedAbsY":56,"clippedX":0,"clippedY":-56,"requestedAppliedX":0,"requestedAppliedY":-56.053402397187,"appliedX":0,"appliedY":-40.03814456941929,"actualX":0,"actualY":-40.5,"sensitivity":1.0009536142354822,"currentZoomForScroll":1.6608375639574098,"maxScrollStepX":16,"maxScrollStepY":40.03814456941929,"diagonalEvents":0,"clippedEvents":0}
[DebugBridge +54922860.6ms] wheel_scroll_motion {"eventCount":4,"rawAbsX":0,"rawAbsY":24,"rawX":0,"rawY":-24,"clippedAbsX":0,"clippedAbsY":24,"clippedX":0,"clippedY":-24,"requestedAppliedX":0,"requestedAppliedY":-24.022886741651575,"appliedX":0,"appliedY":-16,"actualX":0,"actualY":-16,"sensitivity":1.0009536142354822,"currentZoomForScroll":1.6608375639574098,"maxScrollStepX":16,"maxScrollStepY":16,"diagonalEvents":0,"clippedEvents":0}
[DebugBridge +54922891.9ms] wheel_scroll_motion {"eventCount":3,"rawAbsX":0,"rawAbsY":18,"rawX":0,"rawY":-18,"clippedAbsX":0,"clippedAbsY":18,"clippedX":0,"clippedY":-18,"requestedAppliedX":0,"requestedAppliedY":-18.01716505623868,"appliedX":0,"appliedY":-16,"actualX":0,"actualY":-16,"sensitivity":1.0009536142354822,"currentZoomForScroll":1.6608375639574098,"maxScrollStepX":16,"maxScrollStepY":16,"diagonalEvents":0,"clippedEvents":0}
[DebugBridge +54923021.4ms] wheel_scroll_motion {"eventCount":3,"rawAbsX":12,"rawAbsY":6,"rawX":12,"rawY":6,"clippedAbsX":12,"clippedAbsY":6,"clippedX":12,"clippedY":6,"requestedAppliedX":11.510966563708045,"requestedAppliedY":5.7054356011422485,"appliedX":11.510966563708045,"appliedY":5.7054356011422485,"actualX":11.5,"actualY":5.5,"sensitivity":0.9509059335237081,"currentZoomForScroll":1.6608375639574098,"maxScrollStepX":16,"maxScrollStepY":16,"diagonalEvents":2,"clippedEvents":0}
[DebugBridge +54923050.9ms] wheel_scroll_motion {"eventCount":4,"rawAbsX":24,"rawAbsY":14,"rawX":24,"rawY":14,"clippedAbsX":24,"clippedAbsY":14,"clippedX":24,"clippedY":14,"requestedAppliedX":22.821742404568997,"requestedAppliedY":13.312683069331912,"appliedX":16,"appliedY":13.312683069331912,"actualX":16,"actualY":13,"sensitivity":0.9509059335237081,"currentZoomForScroll":1.6608375639574098,"maxScrollStepX":16,"maxScrollStepY":16,"diagonalEvents":4,"clippedEvents":0}
[DebugBridge +54923085.5ms] wheel_scroll_motion {"eventCount":4,"rawAbsX":46,"rawAbsY":4,"rawX":46,"rawY":0,"clippedAbsX":46,"clippedAbsY":4,"clippedX":46,"clippedY":0,"requestedAppliedX":44.74262655632606,"requestedAppliedY":0,"appliedX":16,"appliedY":0,"actualX":16,"actualY":0,"sensitivity":0.9509059335237081,"currentZoomForScroll":1.6608375639574098,"maxScrollStepX":16,"maxScrollStepY":16,"diagonalEvents":2,"clippedEvents":0}
[DebugBridge +54923177.9ms] wheel_scroll_motion {"eventCount":5,"rawAbsX":70,"rawAbsY":40,"rawX":70,"rawY":-40,"clippedAbsX":70,"clippedAbsY":40,"clippedX":70,"clippedY":-40,"requestedAppliedX":66.56341534665957,"requestedAppliedY":-38.036237340948325,"appliedX":41.83986107504316,"appliedY":-26.62536613866383,"actualX":41.5,"actualY":-27,"sensitivity":0.9509059335237081,"currentZoomForScroll":1.6608375639574098,"maxScrollStepX":41.83986107504316,"maxScrollStepY":26.62536613866383,"diagonalEvents":5,"clippedEvents":0}
[DebugBridge +54923205.2ms] wheel_scroll_motion {"eventCount":3,"rawAbsX":12,"rawAbsY":10,"rawX":12,"rawY":-10,"clippedAbsX":12,"clippedAbsY":10,"clippedX":12,"clippedY":-10,"requestedAppliedX":11.410871202284497,"requestedAppliedY":-9.509059335237081,"appliedX":11.410871202284497,"appliedY":-9.509059335237081,"actualX":11,"actualY":-10,"sensitivity":0.9509059335237081,"currentZoomForScroll":1.6608375639574098,"maxScrollStepX":16,"maxScrollStepY":16,"diagonalEvents":3,"clippedEvents":0}
[DebugBridge +54923234.4ms] wheel_scroll_motion {"eventCount":4,"rawAbsX":22,"rawAbsY":10,"rawX":22,"rawY":-10,"clippedAbsX":22,"clippedAbsY":10,"clippedX":22,"clippedY":-10,"requestedAppliedX":20.919930537521576,"requestedAppliedY":-9.509059335237081,"appliedX":16,"appliedY":-9.509059335237081,"actualX":16,"actualY":-10,"sensitivity":0.9509059335237081,"currentZoomForScroll":1.6608375639574098,"maxScrollStepX":16,"maxScrollStepY":16,"diagonalEvents":4,"clippedEvents":0}
[DebugBridge +54923268.2ms] wheel_scroll_motion {"eventCount":4,"rawAbsX":18,"rawAbsY":8,"rawX":18,"rawY":-8,"clippedAbsX":18,"clippedAbsY":8,"clippedX":18,"clippedY":-8,"requestedAppliedX":17.116306803426745,"requestedAppliedY":-7.607247468189665,"appliedX":16,"appliedY":-7.607247468189665,"actualX":16,"actualY":-8,"sensitivity":0.9509059335237081,"currentZoomForScroll":1.6608375639574098,"maxScrollStepX":16,"maxScrollStepY":16,"diagonalEvents":4,"clippedEvents":0}
[DebugBridge +54923302.5ms] wheel_scroll_motion {"eventCount":4,"rawAbsX":16,"rawAbsY":8,"rawX":16,"rawY":-8,"clippedAbsX":16,"clippedAbsY":8,"clippedX":16,"clippedY":-8,"requestedAppliedX":15.21449493637933,"requestedAppliedY":-7.607247468189665,"appliedX":15.21449493637933,"appliedY":-7.607247468189665,"actualX":15,"actualY":-8,"sensitivity":0.9509059335237081,"currentZoomForScroll":1.6608375639574098,"maxScrollStepX":16,"maxScrollStepY":16,"diagonalEvents":4,"clippedEvents":0}
[DebugBridge +54923333.8ms] wheel_scroll_motion {"eventCount":4,"rawAbsX":16,"rawAbsY":8,"rawX":16,"rawY":-8,"clippedAbsX":16,"clippedAbsY":8,"clippedX":16,"clippedY":-8,"requestedAppliedX":15.21449493637933,"requestedAppliedY":-7.607247468189665,"appliedX":15.21449493637933,"appliedY":-7.607247468189665,"actualX":15,"actualY":-8,"sensitivity":0.9509059335237081,"currentZoomForScroll":1.6608375639574098,"maxScrollStepX":16,"maxScrollStepY":16,"diagonalEvents":4,"clippedEvents":0}
[DebugBridge +54923368.3ms] wheel_scroll_motion {"eventCount":4,"rawAbsX":16,"rawAbsY":8,"rawX":16,"rawY":-8,"clippedAbsX":16,"clippedAbsY":8,"clippedX":16,"clippedY":-8,"requestedAppliedX":15.21449493637933,"requestedAppliedY":-7.607247468189665,"appliedX":15.21449493637933,"appliedY":-7.607247468189665,"actualX":15,"actualY":-8,"sensitivity":0.9509059335237081,"currentZoomForScroll":1.6608375639574098,"maxScrollStepX":16,"maxScrollStepY":16,"diagonalEvents":4,"clippedEvents":0}
[DebugBridge +54923400.7ms] wheel_scroll_motion {"eventCount":2,"rawAbsX":10,"rawAbsY":4,"rawX":10,"rawY":-4,"clippedAbsX":10,"clippedAbsY":4,"clippedX":10,"clippedY":-4,"requestedAppliedX":9.509059335237081,"requestedAppliedY":-3.8036237340948325,"appliedX":9.509059335237081,"appliedY":-3.8036237340948325,"actualX":9.5,"actualY":-4,"sensitivity":0.9509059335237081,"currentZoomForScroll":1.6608375639574098,"maxScrollStepX":16,"maxScrollStepY":16,"diagonalEvents":2,"clippedEvents":0}
[DebugBridge +54923434.0ms] wheel_scroll_motion {"eventCount":2,"rawAbsX":8,"rawAbsY":4,"rawX":8,"rawY":-4,"clippedAbsX":8,"clippedAbsY":4,"clippedX":8,"clippedY":-4,"requestedAppliedX":7.607247468189665,"requestedAppliedY":-3.8036237340948325,"appliedX":7.607247468189665,"appliedY":-3.8036237340948325,"actualX":7.5,"actualY":-4,"sensitivity":0.9509059335237081,"currentZoomForScroll":1.6608375639574098,"maxScrollStepX":16,"maxScrollStepY":16,"diagonalEvents":2,"clippedEvents":0}
[DebugBridge +54923467.5ms] wheel_scroll_motion {"eventCount":2,"rawAbsX":8,"rawAbsY":4,"rawX":8,"rawY":-4,"clippedAbsX":8,"clippedAbsY":4,"clippedX":8,"clippedY":-4,"requestedAppliedX":7.607247468189665,"requestedAppliedY":-3.8036237340948325,"appliedX":7.607247468189665,"appliedY":-3.8036237340948325,"actualX":7.5,"actualY":-4,"sensitivity":0.9509059335237081,"currentZoomForScroll":1.6608375639574098,"maxScrollStepX":16,"maxScrollStepY":16,"diagonalEvents":2,"clippedEvents":0}
[DebugBridge +54923525.6ms] wheel_scroll_motion {"eventCount":3,"rawAbsX":6,"rawAbsY":14,"rawX":6,"rawY":-14,"clippedAbsX":6,"clippedAbsY":14,"clippedX":6,"clippedY":-14,"requestedAppliedX":5.7054356011422485,"requestedAppliedY":-13.412778430755463,"appliedX":5.7054356011422485,"appliedY":-13.412778430755463,"actualX":5.5,"actualY":-13.5,"sensitivity":0.9509059335237081,"currentZoomForScroll":1.6608375639574098,"maxScrollStepX":16,"maxScrollStepY":16,"diagonalEvents":2,"clippedEvents":0}
[DebugBridge +54923560.5ms] wheel_scroll_motion {"eventCount":4,"rawAbsX":14,"rawAbsY":34,"rawX":14,"rawY":-34,"clippedAbsX":14,"clippedAbsY":34,"clippedX":14,"clippedY":-34,"requestedAppliedX":13.312683069331912,"requestedAppliedY":-32.33080173980608,"appliedX":13.312683069331912,"appliedY":-16,"actualX":13,"actualY":-16,"sensitivity":0.9509059335237081,"currentZoomForScroll":1.6608375639574098,"maxScrollStepX":16,"maxScrollStepY":16,"diagonalEvents":4,"clippedEvents":0}
[DebugBridge +54923591.9ms] wheel_scroll_motion {"eventCount":4,"rawAbsX":16,"rawAbsY":68,"rawX":16,"rawY":-68,"clippedAbsX":16,"clippedAbsY":68,"clippedX":16,"clippedY":-68,"requestedAppliedX":15.21449493637933,"requestedAppliedY":-64.66160347961215,"appliedX":15.21449493637933,"appliedY":-24.72355427161641,"actualX":15,"actualY":-25,"sensitivity":0.9509059335237081,"currentZoomForScroll":1.6608375639574098,"maxScrollStepX":16,"maxScrollStepY":24.72355427161641,"diagonalEvents":4,"clippedEvents":0}
[DebugBridge +54923626.5ms] wheel_scroll_motion {"eventCount":4,"rawAbsX":0,"rawAbsY":44,"rawX":0,"rawY":-44,"clippedAbsX":0,"clippedAbsY":44,"clippedX":0,"clippedY":-44,"requestedAppliedX":0,"requestedAppliedY":-44.04195902636122,"appliedX":0,"appliedY":-16,"actualX":0,"actualY":-16,"sensitivity":1.0009536142354822,"currentZoomForScroll":1.6608375639574098,"maxScrollStepX":16,"maxScrollStepY":16,"diagonalEvents":0,"clippedEvents":0}
[DebugBridge +54923669.6ms] wheel_scroll_motion {"eventCount":5,"rawAbsX":12,"rawAbsY":34,"rawX":-12,"rawY":-34,"clippedAbsX":12,"clippedAbsY":34,"clippedX":-12,"clippedY":-34,"requestedAppliedX":-11.410871202284497,"requestedAppliedY":-33.03146926977091,"appliedX":-11.410871202284497,"appliedY":-16,"actualX":-11.5,"actualY":-16,"sensitivity":1.0009536142354822,"currentZoomForScroll":1.6608375639574098,"maxScrollStepX":16,"maxScrollStepY":16,"diagonalEvents":3,"clippedEvents":0}
[DebugBridge +54923696.7ms] wheel_scroll_motion {"eventCount":3,"rawAbsX":0,"rawAbsY":34,"rawX":0,"rawY":-34,"clippedAbsX":0,"clippedAbsY":34,"clippedX":0,"clippedY":-34,"requestedAppliedX":0,"requestedAppliedY":-34.032422884006394,"appliedX":0,"appliedY":-16,"actualX":0,"actualY":-16,"sensitivity":1.0009536142354822,"currentZoomForScroll":1.6608375639574098,"maxScrollStepX":16,"maxScrollStepY":16,"diagonalEvents":0,"clippedEvents":0}
[DebugBridge +54923727.0ms] wheel_scroll_motion {"eventCount":4,"rawAbsX":0,"rawAbsY":50,"rawX":0,"rawY":-50,"clippedAbsX":0,"clippedAbsY":50,"clippedX":0,"clippedY":-50,"requestedAppliedX":0,"requestedAppliedY":-50.04768071177411,"appliedX":0,"appliedY":-16,"actualX":0,"actualY":-16,"sensitivity":1.0009536142354822,"currentZoomForScroll":1.6608375639574098,"maxScrollStepX":16,"maxScrollStepY":16,"diagonalEvents":0,"clippedEvents":0}
[DebugBridge +54923760.2ms] wheel_scroll_motion {"eventCount":4,"rawAbsX":0,"rawAbsY":54,"rawX":0,"rawY":-54,"clippedAbsX":0,"clippedAbsY":54,"clippedX":0,"clippedY":-54,"requestedAppliedX":0,"requestedAppliedY":-54.051495168716045,"appliedX":0,"appliedY":-16,"actualX":0,"actualY":-16,"sensitivity":1.0009536142354822,"currentZoomForScroll":1.6608375639574098,"maxScrollStepX":16,"maxScrollStepY":16,"diagonalEvents":0,"clippedEvents":0}
[DebugBridge +54923794.0ms] wheel_scroll_motion {"eventCount":4,"rawAbsX":0,"rawAbsY":42,"rawX":0,"rawY":-42,"clippedAbsX":0,"clippedAbsY":42,"clippedX":0,"clippedY":-42,"requestedAppliedX":0,"requestedAppliedY":-42.04005179789026,"appliedX":0,"appliedY":-16,"actualX":0,"actualY":-16,"sensitivity":1.0009536142354822,"currentZoomForScroll":1.6608375639574098,"maxScrollStepX":16,"maxScrollStepY":16,"diagonalEvents":0,"clippedEvents":0}
[DebugBridge +54923820.9ms] wheel_scroll_motion {"eventCount":3,"rawAbsX":0,"rawAbsY":28,"rawX":0,"rawY":-28,"clippedAbsX":0,"clippedAbsY":28,"clippedX":0,"clippedY":-28,"requestedAppliedX":0,"requestedAppliedY":-28.0267011985935,"appliedX":0,"appliedY":-16,"actualX":0,"actualY":-16,"sensitivity":1.0009536142354822,"currentZoomForScroll":1.6608375639574098,"maxScrollStepX":16,"maxScrollStepY":16,"diagonalEvents":0,"clippedEvents":0}
[DebugBridge +54923852.0ms] wheel_scroll_motion {"eventCount":4,"rawAbsX":0,"rawAbsY":32,"rawX":0,"rawY":-32,"clippedAbsX":0,"clippedAbsY":32,"clippedX":0,"clippedY":-32,"requestedAppliedX":0,"requestedAppliedY":-32.03051565553543,"appliedX":0,"appliedY":-16,"actualX":0,"actualY":-16,"sensitivity":1.0009536142354822,"currentZoomForScroll":1.6608375639574098,"maxScrollStepX":16,"maxScrollStepY":16,"diagonalEvents":0,"clippedEvents":0}
[DebugBridge +54923885.4ms] wheel_scroll_motion {"eventCount":4,"rawAbsX":0,"rawAbsY":26,"rawX":0,"rawY":-26,"clippedAbsX":0,"clippedAbsY":26,"clippedX":0,"clippedY":-26,"requestedAppliedX":0,"requestedAppliedY":-26.024793970122538,"appliedX":0,"appliedY":-16,"actualX":0,"actualY":-16,"sensitivity":1.0009536142354822,"currentZoomForScroll":1.6608375639574098,"maxScrollStepX":16,"maxScrollStepY":16,"diagonalEvents":0,"clippedEvents":0}
[DebugBridge +54923918.8ms] wheel_scroll_motion {"eventCount":4,"rawAbsX":0,"rawAbsY":24,"rawX":0,"rawY":-24,"clippedAbsX":0,"clippedAbsY":24,"clippedX":0,"clippedY":-24,"requestedAppliedX":0,"requestedAppliedY":-24.022886741651575,"appliedX":0,"appliedY":-16,"actualX":0,"actualY":-16,"sensitivity":1.0009536142354822,"currentZoomForScroll":1.6608375639574098,"maxScrollStepX":16,"maxScrollStepY":16,"diagonalEvents":0,"clippedEvents":0}
[DebugBridge +54923952.2ms] wheel_scroll_motion {"eventCount":4,"rawAbsX":0,"rawAbsY":24,"rawX":0,"rawY":-24,"clippedAbsX":0,"clippedAbsY":24,"clippedX":0,"clippedY":-24,"requestedAppliedX":0,"requestedAppliedY":-24.022886741651575,"appliedX":0,"appliedY":-16,"actualX":0,"actualY":-16,"sensitivity":1.0009536142354822,"currentZoomForScroll":1.6608375639574098,"maxScrollStepX":16,"maxScrollStepY":16,"diagonalEvents":0,"clippedEvents":0}
[BboxScaleDiag] annotation-pointerdown {"ts":"2026-05-07T20:59:56.944Z","annotationIndex":1359,"objType":"path","shiftKey":false,"altKey":false,"metaKey":false,"alreadySelected":false,"objSnapshot":{"left":362.79600000000005,"top":70.91099999999994,"width":20.936999999999898,"height":22.512000000000057}}
[BboxScaleDiag] annotation-pointerdown {"ts":"2026-05-07T20:59:58.330Z","annotationIndex":1359,"objType":"path","shiftKey":false,"altKey":false,"metaKey":false,"alreadySelected":true,"objSnapshot":{"left":362.79600000000005,"top":70.91099999999994,"width":20.936999999999898,"height":22.512000000000057}}