===== SurveyApp Save Log =====
version:   0.1.45
runtime:   dev-server
platform:  desktop
device:    Mac
os:        macOS 10.15.7
screen:    1512x982 @2x
viewport:  1203x826
locale:    en-US
timestamp: 2026-05-07T03:41:46.808Z (5/6/2026, 11:41:46 PM)
==============================
[dev-auto-login] boot {"hasDevEmail":true,"devEmailHint":"isai***","hasDevPassword":true,"hasCachedSession":true,"cachedSessionEmail":"isaiahcalvo123@gmail.com","cachedSessionExpiresAt":1778127093}
[dev-auto-login] cached session matches dev email, keeping it
[dev-auto-login] decision {"needsAutoLogin":false,"willAttemptSignIn":false}
[CloudSync][hook] session id minted {"sessionId":"66ce3b4f-f919-4ce2-b70d-18601d4a5611"}
[CloudSync][hook][state-obs] annotationsByPage initial {"currentCount":0,"pages":0,"hydrated":false}
[CloudSync][hook][state-obs] callouts initial {"currentCount":0,"hydrated":false}
[CloudSync][hook] hydrate effect fired {"enabled":false,"documentId":"d30ac66b-5d2e-4a93-aab3-8fdd84a0af86","userId":"170d915c-5741-4e0b-b03f-deaeedae27bd","pdfId":null}
[CloudSync][hook] hydrate skipped — missing prerequisite {"enabled":false,"hasDocumentId":true,"hasUserId":true,"hasPdfId":false}
[Cloud render cache] doc=Package 2 - Rev 4 -- IC.pdf-6291605 painting verified cloud snapshot immediately — count=2867.
[CSeries wipe] doc=Package 2 - Rev 4 -- IC.pdf-6291605 totalCounters=0 legacyRemoved=0 — nothing to wipe.
[Phase31 UAT] backfill:effect {"hasYdoc":true,"docId":"d30ac66b-5d2e-4a93-aab3-8fdd84a0af86","userId":null,"alreadyRanFor":null,"willRun":false}
[CloudSync][hook][state-obs] change {"prevCount":0,"currentCount":2867,"delta":2867,"hydrated":false,"sameRefAsLastByPage":false}
[CloudSync][hook][state-obs] callout change {"prevCount":0,"currentCount":0,"delta":0,"hydrated":false,"sameRefAsLastCallouts":false}
[CloudSync][hook] hydrate effect fired {"enabled":false,"documentId":"d30ac66b-5d2e-4a93-aab3-8fdd84a0af86","userId":"170d915c-5741-4e0b-b03f-deaeedae27bd","pdfId":"Package 2 - Rev 4 -- IC.pdf-6291605"}
[CloudSync][hook] hydrate skipped — missing prerequisite {"enabled":false,"hasDocumentId":true,"hasUserId":true,"hasPdfId":true}
[Phase31 UAT] backfill:effect {"hasYdoc":true,"docId":"d30ac66b-5d2e-4a93-aab3-8fdd84a0af86","userId":"170d915c-5741-4e0b-b03f-deaeedae27bd","alreadyRanFor":null,"willRun":true}
[Phase31 UAT] backfill:start {"hasYdoc":true,"hasSupabase":true,"documentId":"d30ac66b-5d2e-4a93-aab3-8fdd84a0af86","userId":"170d915c-5741-4e0b-b03f-deaeedae27bd","markCutoverComplete":true}
[HIGHLIGHT-SYNC][load.legacy][pdf=Package 2 - Rev 4 -- IC.pdf] {"documentId":"d30ac66b-5d2e-4a93-aab3-8fdd84a0af86","totalRows":0,"fabricCarryingDropped":0,"keptCount":0,"keptIds":[]}
[CloudSync][hook] hydrate effect fired {"enabled":true,"documentId":"d30ac66b-5d2e-4a93-aab3-8fdd84a0af86","userId":"170d915c-5741-4e0b-b03f-deaeedae27bd","pdfId":"Package 2 - Rev 4 -- IC.pdf-6291605"}
[CloudSync][hook] stage=hydrating
[CloudSync][hook] fabric push skipped — not hydrated yet
[CloudSync][hook] callout push skipped — not hydrated yet
[CloudSync][realtime] subscribing {"documentId":"d30ac66b-5d2e-4a93-aab3-8fdd84a0af86","currentUserId":"170d915c-5741-4e0b-b03f-deaeedae27bd","currentSessionId":"66ce3b4f-f919-4ce2-b70d-18601d4a5611","hasFabricInsert":true,"hasFabricUpdate":true,"hasFabricDelete":true,"hasCalloutInsert":true,"hasCalloutUpdate":true,"hasCalloutDelete":true}
[PDFImport] skipped embedded PDF annotation import — cloud/Y.Doc is authoritative {"documentId":"d30ac66b-5d2e-4a93-aab3-8fdd84a0af86"}
[PrintPanel] RENDER — panel closed
[DebugBridge +6248.9ms] zoom_start {"scale":1.1629859917440768,"targetScale":0.9,"source":"zoomChange"}
[CloudSync][realtime] subscribe status {"status":"SUBSCRIBED","error":null}
[CloudSync][hook] post-subscribe catch-up skipped — startup sync already in flight
[CloudSync][hook] cutover-complete hydrate — reading from Y.Doc {"documentId":"d30ac66b-5d2e-4a93-aab3-8fdd84a0af86","cutoverTs":"2026-05-05T16:30:00.778+00:00"}
[Phase31 UAT] hydrate:cutover-sealed {"documentId":"d30ac66b-5d2e-4a93-aab3-8fdd84a0af86","pdfId":"Package 2 - Rev 4 -- IC.pdf-6291605","cutoverTs":"2026-05-05T16:30:00.778+00:00","yMapSize":2867,"materializedTotal":2867,"materializedDrawnByMe":2867,"materializedDrawnByOthers":0,"materializedImported":0,"pages":6,"perPage":{"6":359,"7":146,"8":393,"9":1382,"10":330,"11":257},"currentStateCount":2867,"ydocLooksDegenerate":false}
[Phase31 UAT] hydrate:cutover-sealed:by-type {"documentId":"d30ac66b-5d2e-4a93-aab3-8fdd84a0af86","pdfFile":"Package 2 - Rev 4 -- IC.pdf-6291605","viewerUserId":"170d915c-5741-4e0b-b03f-deaeedae27bd","yMapTotal":2867,"yMapByType":{"path":2860,"rect":6,"textbox":1},"yMapByAuthor":{"byMe":2867,"byOthers":0,"anonymous":0},"yMapByTypeByAuthor":{"path":{"byMe":2860,"byOthers":0,"anonymous":0},"rect":{"byMe":6,"byOthers":0,"anonymous":0},"textbox":{"byMe":1,"byOthers":0,"anonymous":0}},"yMapPerTypePerPage":{"path":{"6":357,"7":145,"8":392,"9":1381,"10":329,"11":256},"rect":{"6":1,"7":1,"8":1,"9":1,"10":1,"11":1},"textbox":{"6":1}},"byPageTotal":2867,"byPageByType":{"path":2860,"rect":6,"textbox":1},"byPagePerPagePerType":{"6":{"path":357,"rect":1,"textbox":1},"7":{"path":145,"rect":1},"8":{"path":392,"rect":1},"9":{"path":1381,"rect":1},"10":{"rect":1,"path":329},"11":{"path":256,"rect":1}}}
[CloudSync][hook][state-obs] change {"prevCount":2867,"currentCount":2867,"delta":0,"hydrated":true,"sameRefAsLastByPage":true}
[Phase31 UAT] backfill:cutover-dedupe-anchor-skip {"documentId":"d30ac66b-5d2e-4a93-aab3-8fdd84a0af86","userId":"170d915c-5741-4e0b-b03f-deaeedae27bd","yMapSize":2867,"lastGoodSize":2867}
[DebugBridge +7249.9ms] zoom_end {"source":"zoomChange_settle"}
[DebugBridge +7917.8ms] zoom_start {"scale":0.9,"targetScale":0.9,"source":"zoomChange"}
[SVGAnnotationLayer] setRotInputVisible(false) reason=selectedIds.size !== 1
[SVGAnnotationLayer] setRotInputVisible(false) reason=selectedIds.size !== 1
[SVGAnnotationLayer] setRotInputVisible(false) reason=selectedIds.size !== 1
[SVGAnnotationLayer] setRotInputVisible(false) reason=selectedIds.size !== 1
[SVGAnnotationLayer] setRotInputVisible(false) reason=selectedIds.size !== 1
[DebugBridge +8362.8ms] pdf_loaded {"pageCount":36,"currentPage":1}
[DebugBridge +8922.1ms] zoom_wheel_request {"rawDeltaY":8.689151525497437,"reportedZoom":67,"trustedReactZoom":66.81881526941173,"currentZoom":66.81881526941173,"reportedCurrentZoom":67,"nextZoom":68.10841950500662,"requestedDeltaAbs":1.2896042355948936,"reportedLagAbs":0.18118473058827078,"rawGetZoomValue":67,"rawViewerZoomValue":67,"rawMagnificationZoom":null,"correctedSuspiciousZoom":false}
[DebugBridge +8946.7ms] zoom_wheel_request {"rawDeltaY":5.816688537597656,"reportedZoom":68,"trustedReactZoom":68.10841950500662,"currentZoom":68.10841950500662,"reportedCurrentZoom":68,"nextZoom":68.98558396538286,"requestedDeltaAbs":0.8771644603762354,"reportedLagAbs":0.10841950500662279,"rawGetZoomValue":68,"rawViewerZoomValue":68,"rawMagnificationZoom":null,"correctedSuspiciousZoom":false}
[DebugBridge +8972.6ms] zoom_wheel_request {"rawDeltaY":26.398906707763672,"reportedZoom":68,"trustedReactZoom":68.98558396538286,"currentZoom":68.98558396538286,"reportedCurrentZoom":68,"nextZoom":73.11073060523644,"requestedDeltaAbs":4.1251466398535825,"reportedLagAbs":0.9855839653828582,"rawGetZoomValue":68,"rawViewerZoomValue":68,"rawMagnificationZoom":null,"correctedSuspiciousZoom":false}
[DebugBridge +8991.1ms] zoom_wheel_request {"rawDeltaY":36.11164855957031,"reportedZoom":73,"trustedReactZoom":73.11073060523644,"currentZoom":73.11073060523644,"reportedCurrentZoom":73,"nextZoom":79.15601483639288,"requestedDeltaAbs":6.045284231156444,"reportedLagAbs":0.11073060523644074,"rawGetZoomValue":73,"rawViewerZoomValue":73,"rawMagnificationZoom":null,"correctedSuspiciousZoom":false}
[DebugBridge +9008.7ms] zoom_wheel_request {"rawDeltaY":17.840389251708984,"reportedZoom":79,"trustedReactZoom":79.15601483639288,"currentZoom":79.15601483639288,"reportedCurrentZoom":79,"nextZoom":82.32457227418855,"requestedDeltaAbs":3.16855743779567,"reportedLagAbs":0.1560148363928846,"rawGetZoomValue":79,"rawViewerZoomValue":79,"rawMagnificationZoom":null,"correctedSuspiciousZoom":false}
[DebugBridge +9028.3ms] zoom_wheel_request {"rawDeltaY":15.53693675994873,"reportedZoom":82,"trustedReactZoom":82.32457227418855,"currentZoom":82.32457227418855,"reportedCurrentZoom":82,"nextZoom":85.18717493260456,"requestedDeltaAbs":2.8626026584160087,"reportedLagAbs":0.3245722741885544,"rawGetZoomValue":82,"rawViewerZoomValue":82,"rawMagnificationZoom":null,"correctedSuspiciousZoom":false}
[DebugBridge +9053.0ms] zoom_wheel_request {"rawDeltaY":11.012770652770996,"reportedZoom":85,"trustedReactZoom":85.18717493260456,"currentZoom":85.18717493260456,"reportedCurrentZoom":85,"nextZoom":87.27630354822766,"requestedDeltaAbs":2.089128615623096,"reportedLagAbs":0.18717493260456308,"rawGetZoomValue":85,"rawViewerZoomValue":85,"rawMagnificationZoom":null,"correctedSuspiciousZoom":false}
[DebugBridge +9080.0ms] zoom_wheel_request {"rawDeltaY":13.352087020874023,"reportedZoom":87,"trustedReactZoom":87.27630354822766,"currentZoom":87.27630354822766,"reportedCurrentZoom":87,"nextZoom":89.87803462537019,"requestedDeltaAbs":2.6017310771425315,"reportedLagAbs":0.27630354822765923,"rawGetZoomValue":87,"rawViewerZoomValue":87,"rawMagnificationZoom":null,"correctedSuspiciousZoom":false}
[DebugBridge +9108.6ms] zoom_wheel_request {"rawDeltaY":8.626997947692871,"reportedZoom":89,"trustedReactZoom":89.87803462537019,"currentZoom":89.87803462537019,"reportedCurrentZoom":89,"nextZoom":91.60015610773544,"requestedDeltaAbs":1.722121482365253,"reportedLagAbs":0.8780346253701907,"rawGetZoomValue":89,"rawViewerZoomValue":89,"rawMagnificationZoom":null,"correctedSuspiciousZoom":false}
[DebugBridge +9367.0ms] zoom_wheel_request {"rawDeltaY":6.858217656612396,"reportedZoom":91,"trustedReactZoom":91.60015610773544,"currentZoom":91.60015610773544,"reportedCurrentZoom":91,"nextZoom":92.99270551515202,"requestedDeltaAbs":1.3925494074165812,"reportedLagAbs":0.6001561077354438,"rawGetZoomValue":91,"rawViewerZoomValue":91,"rawMagnificationZoom":null,"correctedSuspiciousZoom":false}
[HyperlinkDiag] post-load scan {"hyperlinkCount":0,"samples":[]}
[HyperlinkDiag] page 1 layers {"hyperlinkChildren":0,"layerClasses":["DIV","e-spinner-pane e-spin-show","e-pv-page-canvas","e-pv-annotation-canvas","DIV","e-pv-text-layer"]}
[HyperlinkDiag] page 2 layers {"hyperlinkChildren":0,"layerClasses":["DIV","e-spinner-pane e-spin-show","e-pv-page-canvas","e-pv-annotation-canvas","DIV","e-pv-text-layer"]}
[HyperlinkDiag] page 3 layers {"hyperlinkChildren":0,"layerClasses":["DIV","e-spinner-pane e-spin-show","e-pv-page-canvas","e-pv-annotation-canvas","DIV","IMG","IMG","IMG","IMG","e-pv-text-layer"]}
[HyperlinkDiag] page 4 layers {"hyperlinkChildren":0,"layerClasses":["DIV","e-spinner-pane e-spin-show","e-pv-page-canvas","e-pv-annotation-canvas","DIV","IMG"]}
[HyperlinkDiag] page 5 layers {"hyperlinkChildren":0,"layerClasses":["DIV","e-spinner-pane e-spin-show","e-pv-page-canvas","e-pv-annotation-canvas","DIV"]}
[HyperlinkDiag] page 6 layers {"hyperlinkChildren":0,"layerClasses":["DIV","e-spinner-pane e-spin-show","e-pv-page-canvas","e-pv-annotation-canvas","DIV"]}
[HyperlinkDiag] page 7 layers {"hyperlinkChildren":0,"layerClasses":["DIV","e-spinner-pane e-spin-show","e-pv-page-canvas","e-pv-annotation-canvas","DIV"]}
[HyperlinkDiag] page 8 layers {"hyperlinkChildren":0,"layerClasses":["DIV","e-spinner-pane e-spin-show","e-pv-page-canvas","e-pv-annotation-canvas","DIV"]}
[HyperlinkDiag] page 9 layers {"hyperlinkChildren":0,"layerClasses":["DIV","e-spinner-pane e-spin-show","e-pv-page-canvas","e-pv-annotation-canvas","DIV"]}
[HyperlinkDiag] page 10 layers {"hyperlinkChildren":0,"layerClasses":["DIV","e-spinner-pane e-spin-show","e-pv-page-canvas","e-pv-annotation-canvas","DIV"]}
[DebugBridge +9552.2ms] zoom_wheel_request {"rawDeltaY":4.740730285644531,"reportedZoom":67,"trustedReactZoom":66.92431281720289,"currentZoom":66.92431281720289,"reportedCurrentZoom":67,"nextZoom":67.6259596638409,"requestedDeltaAbs":0.7016468466380132,"reportedLagAbs":0.07568718279711106,"rawGetZoomValue":67,"rawViewerZoomValue":67,"rawMagnificationZoom":null,"correctedSuspiciousZoom":false}
[DebugBridge +9619.6ms] zoom_wheel_request {"rawDeltaY":8.130216598510742,"reportedZoom":67,"trustedReactZoom":67.6259596638409,"currentZoom":67.6259596638409,"reportedCurrentZoom":67,"nextZoom":68.84643224210433,"requestedDeltaAbs":1.2204725782634256,"reportedLagAbs":0.6259596638409022,"rawGetZoomValue":67,"rawViewerZoomValue":67,"rawMagnificationZoom":null,"correctedSuspiciousZoom":false}
[DebugBridge +9657.8ms] zoom_wheel_request {"rawDeltaY":102.71730041503906,"reportedZoom":68,"trustedReactZoom":68.84643224210433,"currentZoom":68.84643224210433,"reportedCurrentZoom":68,"nextZoom":86.30231868508521,"requestedDeltaAbs":17.455886442980884,"reportedLagAbs":0.8464322421043278,"rawGetZoomValue":68,"rawViewerZoomValue":68,"rawMagnificationZoom":null,"correctedSuspiciousZoom":false}
[DebugBridge +9925.2ms] zoom_wheel_request {"rawDeltaY":36.1505126953125,"reportedZoom":86,"trustedReactZoom":86.30231868508521,"currentZoom":86.30231868508521,"reportedCurrentZoom":86,"nextZoom":93.44636107985592,"requestedDeltaAbs":7.1440423947707075,"reportedLagAbs":0.3023186850852113,"rawGetZoomValue":86,"rawViewerZoomValue":86,"rawMagnificationZoom":null,"correctedSuspiciousZoom":false}
[DebugBridge +9947.8ms] zoom_wheel_request {"rawDeltaY":31.283802032470703,"reportedZoom":93,"trustedReactZoom":93.44636107985592,"currentZoom":93.44636107985592,"reportedCurrentZoom":93,"nextZoom":100.10423147041254,"requestedDeltaAbs":6.657870390556624,"reportedLagAbs":0.4463610798559188,"rawGetZoomValue":93,"rawViewerZoomValue":93,"rawMagnificationZoom":null,"correctedSuspiciousZoom":false}
[DebugBridge +10449.4ms] wheel_scroll_motion {"eventCount":1,"rawAbsX":0,"rawAbsY":2,"rawX":0,"rawY":-2,"clippedAbsX":0,"clippedAbsY":2,"clippedX":0,"clippedY":-2,"requestedAppliedX":0,"requestedAppliedY":-1.64,"appliedX":0,"appliedY":-1.64,"actualX":0,"actualY":-2,"sensitivity":0.82,"currentZoomForScroll":1.0010423147041254,"maxScrollStepX":22,"maxScrollStepY":22,"diagonalEvents":0,"clippedEvents":0}
[DebugBridge +10457.7ms] wheel_scroll_motion {"eventCount":1,"rawAbsX":78,"rawAbsY":152,"rawX":-78,"rawY":-152,"clippedAbsX":47.97500398568956,"clippedAbsY":47.97500398568956,"clippedX":-47.97500398568956,"clippedY":-47.97500398568956,"requestedAppliedX":-31.864997647295006,"requestedAppliedY":-31.864997647295006,"appliedX":-22,"appliedY":-22,"actualX":-22,"actualY":-22,"sensitivity":0.6642,"currentZoomForScroll":1.0010423147041254,"maxScrollStepX":22,"maxScrollStepY":22,"diagonalEvents":1,"clippedEvents":1}
[DebugBridge +11061.2ms] zoom_end {"source":"zoomChange_settle"}
[DebugBridge +11100.6ms] zoom_wheel_request {"rawDeltaY":5.523009777069092,"reportedZoom":100,"trustedReactZoom":100.10423147041254,"currentZoom":100.10423147041254,"reportedCurrentZoom":100,"nextZoom":101.32797969335327,"requestedDeltaAbs":1.2237482229407277,"reportedLagAbs":0.1042314704125431,"rawGetZoomValue":100,"rawViewerZoomValue":100,"rawMagnificationZoom":null,"correctedSuspiciousZoom":false}
[DebugBridge +11100.9ms] zoom_start {"scale":1.0010423147041254,"source":"overlay_wheel_zoom_pre","reportedScale":1,"correctedSuspiciousZoom":false}
[DebugBridge +11146.6ms] zoom_wheel_request {"rawDeltaY":10.368034362792969,"reportedZoom":101,"trustedReactZoom":101.32797969335327,"currentZoom":101.32797969335327,"reportedCurrentZoom":101,"nextZoom":103.66579913123398,"requestedDeltaAbs":2.337819437880711,"reportedLagAbs":0.3279796933532708,"rawGetZoomValue":101,"rawViewerZoomValue":101,"rawMagnificationZoom":null,"correctedSuspiciousZoom":false}
[DebugBridge +11171.8ms] zoom_wheel_request {"rawDeltaY":57.218505859375,"reportedZoom":103,"trustedReactZoom":103.66579913123397,"currentZoom":103.66579913123397,"reportedCurrentZoom":103,"nextZoom":117.57224172598502,"requestedDeltaAbs":13.906442594751056,"reportedLagAbs":0.6657991312339675,"rawGetZoomValue":103,"rawViewerZoomValue":103,"rawMagnificationZoom":null,"correctedSuspiciousZoom":false}
[DebugBridge +11190.8ms] zoom_wheel_request {"rawDeltaY":26.446264266967773,"reportedZoom":117,"trustedReactZoom":117.57224172598501,"currentZoom":117.57224172598501,"reportedCurrentZoom":117,"nextZoom":124.61571839566847,"requestedDeltaAbs":7.043476669683457,"reportedLagAbs":0.572241725985009,"rawGetZoomValue":117,"rawViewerZoomValue":117,"rawMagnificationZoom":null,"correctedSuspiciousZoom":false}
[DebugBridge +11241.4ms] zoom_wheel_request {"rawDeltaY":38.41579532623291,"reportedZoom":124,"trustedReactZoom":124.61571839566847,"currentZoom":124.61571839566847,"reportedCurrentZoom":124,"nextZoom":135.60544084985113,"requestedDeltaAbs":10.989722454182669,"reportedLagAbs":0.6157183956684662,"rawGetZoomValue":124,"rawViewerZoomValue":124,"rawMagnificationZoom":null,"correctedSuspiciousZoom":false}
[DebugBridge +11298.4ms] zoom_wheel_request {"rawDeltaY":18.052626848220825,"reportedZoom":135,"trustedReactZoom":100.10423147041254,"currentZoom":100.10423147041254,"reportedCurrentZoom":135,"nextZoom":104.15995400974968,"requestedDeltaAbs":4.05572253933714,"reportedLagAbs":34.89576852958746,"rawGetZoomValue":135,"rawViewerZoomValue":135,"rawMagnificationZoom":null,"correctedSuspiciousZoom":false}
[DebugBridge +11325.9ms] zoom_wheel_request {"rawDeltaY":1.2139596939086914,"reportedZoom":104,"trustedReactZoom":104.15995400974968,"currentZoom":104.15995400974968,"reportedCurrentZoom":104,"nextZoom":104.43850698041895,"requestedDeltaAbs":0.2785529706692671,"reportedLagAbs":0.15995400974968277,"rawGetZoomValue":104,"rawViewerZoomValue":104,"rawMagnificationZoom":null,"correctedSuspiciousZoom":false}
[DebugBridge +12040.9ms] wheel_scroll_motion {"eventCount":1,"rawAbsX":0,"rawAbsY":2,"rawX":0,"rawY":2,"clippedAbsX":0,"clippedAbsY":2,"clippedX":0,"clippedY":2,"requestedAppliedX":0,"requestedAppliedY":1.64,"appliedX":0,"appliedY":1.64,"actualX":0,"actualY":1.5,"sensitivity":0.82,"currentZoomForScroll":1.0443850698041894,"maxScrollStepX":22,"maxScrollStepY":22,"diagonalEvents":0,"clippedEvents":0}
[DebugBridge +12047.7ms] wheel_scroll_motion {"eventCount":1,"rawAbsX":0,"rawAbsY":340,"rawX":0,"rawY":340,"clippedAbsX":0,"clippedAbsY":46.9689563258415,"clippedX":0,"clippedY":46.9689563258415,"requestedAppliedX":0,"requestedAppliedY":34.66308976847103,"appliedX":0,"appliedY":22,"actualX":0,"actualY":22,"sensitivity":0.738,"currentZoomForScroll":1.0443850698041894,"maxScrollStepX":22,"maxScrollStepY":22,"diagonalEvents":0,"clippedEvents":1}
[DebugBridge +12051.3ms] wheel_scroll_motion {"eventCount":1,"rawAbsX":0,"rawAbsY":106,"rawX":0,"rawY":106,"clippedAbsX":0,"clippedAbsY":46.9689563258415,"clippedX":0,"clippedY":46.9689563258415,"requestedAppliedX":0,"requestedAppliedY":34.66308976847103,"appliedX":0,"appliedY":22,"actualX":0,"actualY":22,"sensitivity":0.738,"currentZoomForScroll":1.0443850698041894,"maxScrollStepX":22,"maxScrollStepY":22,"diagonalEvents":0,"clippedEvents":1}
[DebugBridge +12060.3ms] wheel_scroll_motion {"eventCount":2,"rawAbsX":0,"rawAbsY":478,"rawX":0,"rawY":478,"clippedAbsX":0,"clippedAbsY":93.937912651683,"clippedX":0,"clippedY":93.937912651683,"requestedAppliedX":0,"requestedAppliedY":69.32617953694206,"appliedX":0,"appliedY":22,"actualX":0,"actualY":22,"sensitivity":0.738,"currentZoomForScroll":1.0443850698041894,"maxScrollStepX":22,"maxScrollStepY":22,"diagonalEvents":0,"clippedEvents":2}
[DebugBridge +12074.2ms] wheel_scroll_motion {"eventCount":1,"rawAbsX":0,"rawAbsY":116,"rawX":0,"rawY":116,"clippedAbsX":0,"clippedAbsY":46.9689563258415,"clippedX":0,"clippedY":46.9689563258415,"requestedAppliedX":0,"requestedAppliedY":34.66308976847103,"appliedX":0,"appliedY":22,"actualX":0,"actualY":22,"sensitivity":0.738,"currentZoomForScroll":1.0443850698041894,"maxScrollStepX":22,"maxScrollStepY":22,"diagonalEvents":0,"clippedEvents":1}
[DebugBridge +12083.3ms] wheel_scroll_motion {"eventCount":1,"rawAbsX":0,"rawAbsY":112,"rawX":0,"rawY":112,"clippedAbsX":0,"clippedAbsY":46.9689563258415,"clippedX":0,"clippedY":46.9689563258415,"requestedAppliedX":0,"requestedAppliedY":34.66308976847103,"appliedX":0,"appliedY":22,"actualX":0,"actualY":22,"sensitivity":0.738,"currentZoomForScroll":1.0443850698041894,"maxScrollStepX":22,"maxScrollStepY":22,"diagonalEvents":0,"clippedEvents":1}
[DebugBridge +12112.8ms] wheel_scroll_motion {"eventCount":2,"rawAbsX":0,"rawAbsY":214,"rawX":0,"rawY":214,"clippedAbsX":0,"clippedAbsY":93.937912651683,"clippedX":0,"clippedY":93.937912651683,"requestedAppliedX":0,"requestedAppliedY":69.32617953694206,"appliedX":0,"appliedY":22,"actualX":0,"actualY":22,"sensitivity":0.738,"currentZoomForScroll":1.0443850698041894,"maxScrollStepX":22,"maxScrollStepY":22,"diagonalEvents":0,"clippedEvents":2}
[DebugBridge +12118.9ms] wheel_scroll_motion {"eventCount":1,"rawAbsX":0,"rawAbsY":208,"rawX":0,"rawY":208,"clippedAbsX":0,"clippedAbsY":46.9689563258415,"clippedX":0,"clippedY":46.9689563258415,"requestedAppliedX":0,"requestedAppliedY":34.66308976847103,"appliedX":0,"appliedY":22,"actualX":0,"actualY":22,"sensitivity":0.738,"currentZoomForScroll":1.0443850698041894,"maxScrollStepX":22,"maxScrollStepY":22,"diagonalEvents":0,"clippedEvents":1}
[DebugBridge +12126.1ms] wheel_scroll_motion {"eventCount":1,"rawAbsX":0,"rawAbsY":98,"rawX":0,"rawY":98,"clippedAbsX":0,"clippedAbsY":46.9689563258415,"clippedX":0,"clippedY":46.9689563258415,"requestedAppliedX":0,"requestedAppliedY":34.66308976847103,"appliedX":0,"appliedY":22,"actualX":0,"actualY":22,"sensitivity":0.738,"currentZoomForScroll":1.0443850698041894,"maxScrollStepX":22,"maxScrollStepY":22,"diagonalEvents":0,"clippedEvents":1}
[DebugBridge +12143.4ms] wheel_scroll_motion {"eventCount":2,"rawAbsX":0,"rawAbsY":284,"rawX":0,"rawY":284,"clippedAbsX":0,"clippedAbsY":93.937912651683,"clippedX":0,"clippedY":93.937912651683,"requestedAppliedX":0,"requestedAppliedY":69.32617953694206,"appliedX":0,"appliedY":22,"actualX":0,"actualY":22,"sensitivity":0.738,"currentZoomForScroll":1.0443850698041894,"maxScrollStepX":22,"maxScrollStepY":22,"diagonalEvents":0,"clippedEvents":2}
[DebugBridge +12151.9ms] wheel_scroll_motion {"eventCount":1,"rawAbsX":0,"rawAbsY":90,"rawX":0,"rawY":90,"clippedAbsX":0,"clippedAbsY":46.9689563258415,"clippedX":0,"clippedY":46.9689563258415,"requestedAppliedX":0,"requestedAppliedY":34.66308976847103,"appliedX":0,"appliedY":22,"actualX":0,"actualY":22,"sensitivity":0.738,"currentZoomForScroll":1.0443850698041894,"maxScrollStepX":22,"maxScrollStepY":22,"diagonalEvents":0,"clippedEvents":1}
[DebugBridge +12157.2ms] wheel_scroll_motion {"eventCount":1,"rawAbsX":0,"rawAbsY":90,"rawX":0,"rawY":90,"clippedAbsX":0,"clippedAbsY":46.9689563258415,"clippedX":0,"clippedY":46.9689563258415,"requestedAppliedX":0,"requestedAppliedY":34.66308976847103,"appliedX":0,"appliedY":22,"actualX":0,"actualY":22,"sensitivity":0.738,"currentZoomForScroll":1.0443850698041894,"maxScrollStepX":22,"maxScrollStepY":22,"diagonalEvents":0,"clippedEvents":1}
[DebugBridge +12167.6ms] wheel_scroll_motion {"eventCount":1,"rawAbsX":0,"rawAbsY":86,"rawX":0,"rawY":86,"clippedAbsX":0,"clippedAbsY":46.9689563258415,"clippedX":0,"clippedY":46.9689563258415,"requestedAppliedX":0,"requestedAppliedY":34.66308976847103,"appliedX":0,"appliedY":22,"actualX":0,"actualY":22,"sensitivity":0.738,"currentZoomForScroll":1.0443850698041894,"maxScrollStepX":22,"maxScrollStepY":22,"diagonalEvents":0,"clippedEvents":1}
[DebugBridge +12175.0ms] wheel_scroll_motion {"eventCount":1,"rawAbsX":0,"rawAbsY":82,"rawX":0,"rawY":82,"clippedAbsX":0,"clippedAbsY":46.9689563258415,"clippedX":0,"clippedY":46.9689563258415,"requestedAppliedX":0,"requestedAppliedY":34.66308976847103,"appliedX":0,"appliedY":22,"actualX":0,"actualY":22,"sensitivity":0.738,"currentZoomForScroll":1.0443850698041894,"maxScrollStepX":22,"maxScrollStepY":22,"diagonalEvents":0,"clippedEvents":1}
[DebugBridge +12183.0ms] wheel_scroll_motion {"eventCount":1,"rawAbsX":0,"rawAbsY":80,"rawX":0,"rawY":80,"clippedAbsX":0,"clippedAbsY":46.9689563258415,"clippedX":0,"clippedY":46.9689563258415,"requestedAppliedX":0,"requestedAppliedY":34.66308976847103,"appliedX":0,"appliedY":22,"actualX":0,"actualY":22,"sensitivity":0.738,"currentZoomForScroll":1.0443850698041894,"maxScrollStepX":22,"maxScrollStepY":22,"diagonalEvents":0,"clippedEvents":1}
[DebugBridge +12191.3ms] wheel_scroll_motion {"eventCount":1,"rawAbsX":0,"rawAbsY":80,"rawX":0,"rawY":80,"clippedAbsX":0,"clippedAbsY":46.9689563258415,"clippedX":0,"clippedY":46.9689563258415,"requestedAppliedX":0,"requestedAppliedY":34.66308976847103,"appliedX":0,"appliedY":22,"actualX":0,"actualY":22,"sensitivity":0.738,"currentZoomForScroll":1.0443850698041894,"maxScrollStepX":22,"maxScrollStepY":22,"diagonalEvents":0,"clippedEvents":1}
[DebugBridge +12199.4ms] wheel_scroll_motion {"eventCount":1,"rawAbsX":0,"rawAbsY":76,"rawX":0,"rawY":76,"clippedAbsX":0,"clippedAbsY":46.9689563258415,"clippedX":0,"clippedY":46.9689563258415,"requestedAppliedX":0,"requestedAppliedY":34.66308976847103,"appliedX":0,"appliedY":22,"actualX":0,"actualY":22,"sensitivity":0.738,"currentZoomForScroll":1.0443850698041894,"maxScrollStepX":22,"maxScrollStepY":22,"diagonalEvents":0,"clippedEvents":1}
[DebugBridge +12207.9ms] wheel_scroll_motion {"eventCount":1,"rawAbsX":0,"rawAbsY":72,"rawX":0,"rawY":72,"clippedAbsX":0,"clippedAbsY":46.9689563258415,"clippedX":0,"clippedY":46.9689563258415,"requestedAppliedX":0,"requestedAppliedY":34.66308976847103,"appliedX":0,"appliedY":22,"actualX":0,"actualY":22,"sensitivity":0.738,"currentZoomForScroll":1.0443850698041894,"maxScrollStepX":22,"maxScrollStepY":22,"diagonalEvents":0,"clippedEvents":1}
[DebugBridge +12218.2ms] wheel_scroll_motion {"eventCount":1,"rawAbsX":0,"rawAbsY":72,"rawX":0,"rawY":72,"clippedAbsX":0,"clippedAbsY":46.9689563258415,"clippedX":0,"clippedY":46.9689563258415,"requestedAppliedX":0,"requestedAppliedY":34.66308976847103,"appliedX":0,"appliedY":22,"actualX":0,"actualY":22,"sensitivity":0.738,"currentZoomForScroll":1.0443850698041894,"maxScrollStepX":22,"maxScrollStepY":22,"diagonalEvents":0,"clippedEvents":1}
[DebugBridge +12224.5ms] wheel_scroll_motion {"eventCount":1,"rawAbsX":0,"rawAbsY":68,"rawX":0,"rawY":68,"clippedAbsX":0,"clippedAbsY":46.9689563258415,"clippedX":0,"clippedY":46.9689563258415,"requestedAppliedX":0,"requestedAppliedY":34.66308976847103,"appliedX":0,"appliedY":22,"actualX":0,"actualY":22,"sensitivity":0.738,"currentZoomForScroll":1.0443850698041894,"maxScrollStepX":22,"maxScrollStepY":22,"diagonalEvents":0,"clippedEvents":1}
[DebugBridge +12233.4ms] wheel_scroll_motion {"eventCount":1,"rawAbsX":0,"rawAbsY":68,"rawX":0,"rawY":68,"clippedAbsX":0,"clippedAbsY":46.9689563258415,"clippedX":0,"clippedY":46.9689563258415,"requestedAppliedX":0,"requestedAppliedY":34.66308976847103,"appliedX":0,"appliedY":22,"actualX":0,"actualY":22,"sensitivity":0.738,"currentZoomForScroll":1.0443850698041894,"maxScrollStepX":22,"maxScrollStepY":22,"diagonalEvents":0,"clippedEvents":1}
[DebugBridge +12241.5ms] wheel_scroll_motion {"eventCount":1,"rawAbsX":0,"rawAbsY":64,"rawX":0,"rawY":64,"clippedAbsX":0,"clippedAbsY":46.9689563258415,"clippedX":0,"clippedY":46.9689563258415,"requestedAppliedX":0,"requestedAppliedY":34.66308976847103,"appliedX":0,"appliedY":22,"actualX":0,"actualY":22,"sensitivity":0.738,"currentZoomForScroll":1.0443850698041894,"maxScrollStepX":22,"maxScrollStepY":22,"diagonalEvents":0,"clippedEvents":1}
[DebugBridge +12288.0ms] wheel_scroll_motion {"eventCount":2,"rawAbsX":0,"rawAbsY":238,"rawX":0,"rawY":238,"clippedAbsX":0,"clippedAbsY":93.937912651683,"clippedX":0,"clippedY":93.937912651683,"requestedAppliedX":0,"requestedAppliedY":69.32617953694206,"appliedX":0,"appliedY":22,"actualX":0,"actualY":22,"sensitivity":0.738,"currentZoomForScroll":1.0443850698041894,"maxScrollStepX":22,"maxScrollStepY":22,"diagonalEvents":0,"clippedEvents":2}
[DebugBridge +12291.6ms] wheel_scroll_motion {"eventCount":1,"rawAbsX":0,"rawAbsY":106,"rawX":0,"rawY":106,"clippedAbsX":0,"clippedAbsY":46.9689563258415,"clippedX":0,"clippedY":46.9689563258415,"requestedAppliedX":0,"requestedAppliedY":34.66308976847103,"appliedX":0,"appliedY":22,"actualX":0,"actualY":22,"sensitivity":0.738,"currentZoomForScroll":1.0443850698041894,"maxScrollStepX":22,"maxScrollStepY":22,"diagonalEvents":0,"clippedEvents":1}
[DebugBridge +12299.7ms] wheel_scroll_motion {"eventCount":1,"rawAbsX":0,"rawAbsY":50,"rawX":0,"rawY":50,"clippedAbsX":0,"clippedAbsY":46.9689563258415,"clippedX":0,"clippedY":46.9689563258415,"requestedAppliedX":0,"requestedAppliedY":34.66308976847103,"appliedX":0,"appliedY":22,"actualX":0,"actualY":22,"sensitivity":0.738,"currentZoomForScroll":1.0443850698041894,"maxScrollStepX":22,"maxScrollStepY":22,"diagonalEvents":0,"clippedEvents":1}
[DebugBridge +12308.8ms] wheel_scroll_motion {"eventCount":1,"rawAbsX":0,"rawAbsY":48,"rawX":0,"rawY":48,"clippedAbsX":0,"clippedAbsY":46.9689563258415,"clippedX":0,"clippedY":46.9689563258415,"requestedAppliedX":0,"requestedAppliedY":34.66308976847103,"appliedX":0,"appliedY":22,"actualX":0,"actualY":22,"sensitivity":0.738,"currentZoomForScroll":1.0443850698041894,"maxScrollStepX":22,"maxScrollStepY":22,"diagonalEvents":0,"clippedEvents":1}
[DebugBridge +12315.9ms] wheel_scroll_motion {"eventCount":1,"rawAbsX":0,"rawAbsY":46,"rawX":0,"rawY":46,"clippedAbsX":0,"clippedAbsY":46,"clippedX":0,"clippedY":46,"requestedAppliedX":0,"requestedAppliedY":37.72,"appliedX":0,"appliedY":22,"actualX":0,"actualY":22,"sensitivity":0.82,"currentZoomForScroll":1.0443850698041894,"maxScrollStepX":22,"maxScrollStepY":22,"diagonalEvents":0,"clippedEvents":0}
[DebugBridge +12324.7ms] wheel_scroll_motion {"eventCount":1,"rawAbsX":0,"rawAbsY":46,"rawX":0,"rawY":46,"clippedAbsX":0,"clippedAbsY":46,"clippedX":0,"clippedY":46,"requestedAppliedX":0,"requestedAppliedY":37.72,"appliedX":0,"appliedY":22,"actualX":0,"actualY":22,"sensitivity":0.82,"currentZoomForScroll":1.0443850698041894,"maxScrollStepX":22,"maxScrollStepY":22,"diagonalEvents":0,"clippedEvents":0}
[DebugBridge +12333.0ms] wheel_scroll_motion {"eventCount":1,"rawAbsX":0,"rawAbsY":42,"rawX":0,"rawY":42,"clippedAbsX":0,"clippedAbsY":42,"clippedX":0,"clippedY":42,"requestedAppliedX":0,"requestedAppliedY":34.44,"appliedX":0,"appliedY":22,"actualX":0,"actualY":22,"sensitivity":0.82,"currentZoomForScroll":1.0443850698041894,"maxScrollStepX":22,"maxScrollStepY":22,"diagonalEvents":0,"clippedEvents":0}
[DebugBridge +12340.3ms] wheel_scroll_motion {"eventCount":1,"rawAbsX":0,"rawAbsY":42,"rawX":0,"rawY":42,"clippedAbsX":0,"clippedAbsY":42,"clippedX":0,"clippedY":42,"requestedAppliedX":0,"requestedAppliedY":34.44,"appliedX":0,"appliedY":22,"actualX":0,"actualY":22,"sensitivity":0.82,"currentZoomForScroll":1.0443850698041894,"maxScrollStepX":22,"maxScrollStepY":22,"diagonalEvents":0,"clippedEvents":0}
[DebugBridge +12341.1ms] zoom_end {"source":"zoomChange_settle"}
[DebugBridge +12358.9ms] page_visit_start {"page":2,"pageCount":36,"revisited":false,"hasContainer":true,"hasPdfSurface":true,"spinnerVisible":false,"hasAnnotationOverlay":false,"ready":true}
[DebugBridge +12360.8ms] wheel_scroll_motion {"eventCount":1,"rawAbsX":0,"rawAbsY":40,"rawX":0,"rawY":40,"clippedAbsX":0,"clippedAbsY":40,"clippedX":0,"clippedY":40,"requestedAppliedX":0,"requestedAppliedY":32.8,"appliedX":0,"appliedY":22,"actualX":0,"actualY":22,"sensitivity":0.82,"currentZoomForScroll":1.0443850698041894,"maxScrollStepX":22,"maxScrollStepY":22,"diagonalEvents":0,"clippedEvents":0}
[DebugBridge +12361.2ms] page_visit_ready {"page":2,"pageCount":36,"revisited":false,"waitMs":2,"hasContainer":true,"hasPdfSurface":true,"spinnerVisible":false,"hasAnnotationOverlay":false,"ready":true}
[DebugBridge +12406.3ms] wheel_scroll_motion {"eventCount":1,"rawAbsX":0,"rawAbsY":6,"rawX":0,"rawY":6,"clippedAbsX":0,"clippedAbsY":6,"clippedX":0,"clippedY":6,"requestedAppliedX":0,"requestedAppliedY":4.92,"appliedX":0,"appliedY":4.92,"actualX":0,"actualY":4.5,"sensitivity":0.82,"currentZoomForScroll":1.0443850698041894,"maxScrollStepX":22,"maxScrollStepY":22,"diagonalEvents":0,"clippedEvents":0}
[DebugBridge +12420.8ms] wheel_scroll_motion {"eventCount":2,"rawAbsX":2,"rawAbsY":24,"rawX":2,"rawY":24,"clippedAbsX":2,"clippedAbsY":24,"clippedX":2,"clippedY":24,"requestedAppliedX":1.476,"requestedAppliedY":18.86,"appliedX":1.476,"appliedY":18.86,"actualX":1,"actualY":18.5,"sensitivity":0.82,"currentZoomForScroll":1.0443850698041894,"maxScrollStepX":22,"maxScrollStepY":22,"diagonalEvents":1,"clippedEvents":0}
[DebugBridge +12424.8ms] wheel_scroll_motion {"eventCount":1,"rawAbsX":2,"rawAbsY":14,"rawX":2,"rawY":14,"clippedAbsX":2,"clippedAbsY":14,"clippedX":2,"clippedY":14,"requestedAppliedX":1.476,"requestedAppliedY":10.332,"appliedX":1.476,"appliedY":10.332,"actualX":1,"actualY":10,"sensitivity":0.738,"currentZoomForScroll":1.0443850698041894,"maxScrollStepX":22,"maxScrollStepY":22,"diagonalEvents":1,"clippedEvents":0}
[DebugBridge +12437.6ms] wheel_scroll_motion {"eventCount":2,"rawAbsX":4,"rawAbsY":36,"rawX":4,"rawY":36,"clippedAbsX":4,"clippedAbsY":36,"clippedX":4,"clippedY":36,"requestedAppliedX":2.952,"requestedAppliedY":26.567999999999998,"appliedX":2.952,"appliedY":22,"actualX":2.5,"actualY":22,"sensitivity":0.738,"currentZoomForScroll":1.0443850698041894,"maxScrollStepX":22,"maxScrollStepY":22,"diagonalEvents":2,"clippedEvents":0}
[DebugBridge +12441.1ms] wheel_scroll_motion {"eventCount":1,"rawAbsX":4,"rawAbsY":58,"rawX":4,"rawY":58,"clippedAbsX":4,"clippedAbsY":46.9689563258415,"clippedX":4,"clippedY":46.9689563258415,"requestedAppliedX":2.6568,"requestedAppliedY":31.196780791623926,"appliedX":2.6568,"appliedY":22,"actualX":2.5,"actualY":22,"sensitivity":0.6642,"currentZoomForScroll":1.0443850698041894,"maxScrollStepX":22,"maxScrollStepY":22,"diagonalEvents":1,"clippedEvents":1}
[DebugBridge +12449.2ms] wheel_scroll_motion {"eventCount":2,"rawAbsX":4,"rawAbsY":72,"rawX":4,"rawY":72,"clippedAbsX":4,"clippedAbsY":72,"clippedX":4,"clippedY":72,"requestedAppliedX":2.952,"requestedAppliedY":53.135999999999996,"appliedX":2.952,"appliedY":22,"actualX":2.5,"actualY":22,"sensitivity":0.738,"currentZoomForScroll":1.0443850698041894,"maxScrollStepX":22,"maxScrollStepY":22,"diagonalEvents":2,"clippedEvents":0}
[DebugBridge +12457.9ms] wheel_scroll_motion {"eventCount":2,"rawAbsX":4,"rawAbsY":94,"rawX":4,"rawY":94,"clippedAbsX":4,"clippedAbsY":70.9689563258415,"clippedX":4,"clippedY":70.9689563258415,"requestedAppliedX":2.8044000000000002,"requestedAppliedY":48.908780791623926,"appliedX":2.8044000000000002,"appliedY":22,"actualX":2.5,"actualY":22,"sensitivity":0.6642,"currentZoomForScroll":1.0443850698041894,"maxScrollStepX":22,"maxScrollStepY":22,"diagonalEvents":2,"clippedEvents":1}
[DebugBridge +12465.5ms] wheel_scroll_motion {"eventCount":2,"rawAbsX":4,"rawAbsY":110,"rawX":4,"rawY":110,"clippedAbsX":4,"clippedAbsY":78.9689563258415,"clippedX":4,"clippedY":78.9689563258415,"requestedAppliedX":2.8044000000000002,"requestedAppliedY":54.81278079162392,"appliedX":2.8044000000000002,"appliedY":22,"actualX":2.5,"actualY":22,"sensitivity":0.6642,"currentZoomForScroll":1.0443850698041894,"maxScrollStepX":22,"maxScrollStepY":22,"diagonalEvents":2,"clippedEvents":1}
[DebugBridge +12498.3ms] wheel_scroll_motion {"eventCount":2,"rawAbsX":4,"rawAbsY":148,"rawX":4,"rawY":148,"clippedAbsX":4,"clippedAbsY":78.9689563258415,"clippedX":4,"clippedY":78.9689563258415,"requestedAppliedX":2.8044000000000002,"requestedAppliedY":54.81278079162392,"appliedX":2.8044000000000002,"appliedY":22,"actualX":2.5,"actualY":22,"sensitivity":0.6642,"currentZoomForScroll":1.0443850698041894,"maxScrollStepX":22,"maxScrollStepY":22,"diagonalEvents":2,"clippedEvents":1}
[DebugBridge +12501.4ms] wheel_scroll_motion {"eventCount":1,"rawAbsX":0,"rawAbsY":224,"rawX":0,"rawY":224,"clippedAbsX":0,"clippedAbsY":46.9689563258415,"clippedX":0,"clippedY":46.9689563258415,"requestedAppliedX":0,"requestedAppliedY":34.66308976847103,"appliedX":0,"appliedY":22,"actualX":0,"actualY":22,"sensitivity":0.738,"currentZoomForScroll":1.0443850698041894,"maxScrollStepX":22,"maxScrollStepY":22,"diagonalEvents":0,"clippedEvents":1}
[DebugBridge +12507.3ms] wheel_scroll_motion {"eventCount":2,"rawAbsX":0,"rawAbsY":352,"rawX":0,"rawY":352,"clippedAbsX":0,"clippedAbsY":93.937912651683,"clippedX":0,"clippedY":93.937912651683,"requestedAppliedX":0,"requestedAppliedY":69.32617953694206,"appliedX":0,"appliedY":22,"actualX":0,"actualY":22,"sensitivity":0.738,"currentZoomForScroll":1.0443850698041894,"maxScrollStepX":22,"maxScrollStepY":22,"diagonalEvents":0,"clippedEvents":2}
[DebugBridge +12515.0ms] wheel_scroll_motion {"eventCount":1,"rawAbsX":0,"rawAbsY":174,"rawX":0,"rawY":174,"clippedAbsX":0,"clippedAbsY":46.9689563258415,"clippedX":0,"clippedY":46.9689563258415,"requestedAppliedX":0,"requestedAppliedY":34.66308976847103,"appliedX":0,"appliedY":22,"actualX":0,"actualY":22,"sensitivity":0.738,"currentZoomForScroll":1.0443850698041894,"maxScrollStepX":22,"maxScrollStepY":22,"diagonalEvents":0,"clippedEvents":1}
[DebugBridge +12524.8ms] wheel_scroll_motion {"eventCount":1,"rawAbsX":0,"rawAbsY":168,"rawX":0,"rawY":168,"clippedAbsX":0,"clippedAbsY":46.9689563258415,"clippedX":0,"clippedY":46.9689563258415,"requestedAppliedX":0,"requestedAppliedY":34.66308976847103,"appliedX":0,"appliedY":22,"actualX":0,"actualY":22,"sensitivity":0.738,"currentZoomForScroll":1.0443850698041894,"maxScrollStepX":22,"maxScrollStepY":22,"diagonalEvents":0,"clippedEvents":1}
[DebugBridge +12564.8ms] wheel_scroll_motion {"eventCount":2,"rawAbsX":0,"rawAbsY":742,"rawX":0,"rawY":742,"clippedAbsX":0,"clippedAbsY":93.937912651683,"clippedX":0,"clippedY":93.937912651683,"requestedAppliedX":0,"requestedAppliedY":69.32617953694206,"appliedX":0,"appliedY":22,"actualX":0,"actualY":22,"sensitivity":0.738,"currentZoomForScroll":1.0443850698041894,"maxScrollStepX":22,"maxScrollStepY":22,"diagonalEvents":0,"clippedEvents":2}
[DebugBridge +12573.7ms] wheel_scroll_motion {"eventCount":1,"rawAbsX":0,"rawAbsY":132,"rawX":0,"rawY":132,"clippedAbsX":0,"clippedAbsY":46.9689563258415,"clippedX":0,"clippedY":46.9689563258415,"requestedAppliedX":0,"requestedAppliedY":34.66308976847103,"appliedX":0,"appliedY":22,"actualX":0,"actualY":22,"sensitivity":0.738,"currentZoomForScroll":1.0443850698041894,"maxScrollStepX":22,"maxScrollStepY":22,"diagonalEvents":0,"clippedEvents":1}
[DebugBridge +12582.6ms] wheel_scroll_motion {"eventCount":1,"rawAbsX":0,"rawAbsY":134,"rawX":0,"rawY":134,"clippedAbsX":0,"clippedAbsY":46.9689563258415,"clippedX":0,"clippedY":46.9689563258415,"requestedAppliedX":0,"requestedAppliedY":34.66308976847103,"appliedX":0,"appliedY":22,"actualX":0,"actualY":22,"sensitivity":0.738,"currentZoomForScroll":1.0443850698041894,"maxScrollStepX":22,"maxScrollStepY":22,"diagonalEvents":0,"clippedEvents":1}
[DebugBridge +12593.3ms] wheel_scroll_motion {"eventCount":1,"rawAbsX":0,"rawAbsY":128,"rawX":0,"rawY":128,"clippedAbsX":0,"clippedAbsY":46.9689563258415,"clippedX":0,"clippedY":46.9689563258415,"requestedAppliedX":0,"requestedAppliedY":34.66308976847103,"appliedX":0,"appliedY":22,"actualX":0,"actualY":22,"sensitivity":0.738,"currentZoomForScroll":1.0443850698041894,"maxScrollStepX":22,"maxScrollStepY":22,"diagonalEvents":0,"clippedEvents":1}
[DebugBridge +12877.1ms] wheel_scroll_motion {"eventCount":2,"rawAbsX":0,"rawAbsY":250,"rawX":0,"rawY":250,"clippedAbsX":0,"clippedAbsY":93.937912651683,"clippedX":0,"clippedY":93.937912651683,"requestedAppliedX":0,"requestedAppliedY":69.32617953694206,"appliedX":0,"appliedY":22,"actualX":0,"actualY":22,"sensitivity":0.738,"currentZoomForScroll":1.0443850698041894,"maxScrollStepX":22,"maxScrollStepY":22,"diagonalEvents":0,"clippedEvents":2}
[DebugBridge +12896.0ms] wheel_scroll_motion {"eventCount":1,"rawAbsX":0,"rawAbsY":2208,"rawX":0,"rawY":2208,"clippedAbsX":0,"clippedAbsY":46.9689563258415,"clippedX":0,"clippedY":46.9689563258415,"requestedAppliedX":0,"requestedAppliedY":34.66308976847103,"appliedX":0,"appliedY":22,"actualX":0,"actualY":22,"sensitivity":0.738,"currentZoomForScroll":1.0443850698041894,"maxScrollStepX":22,"maxScrollStepY":22,"diagonalEvents":0,"clippedEvents":1}
[DebugBridge +12907.8ms] wheel_scroll_motion {"eventCount":2,"rawAbsX":14,"rawAbsY":22,"rawX":-14,"rawY":22,"clippedAbsX":14,"clippedAbsY":22,"clippedX":-14,"clippedY":22,"requestedAppliedX":-10.332,"requestedAppliedY":16.564,"appliedX":-10.332,"appliedY":16.564,"actualX":-10.5,"actualY":16.5,"sensitivity":0.738,"currentZoomForScroll":1.0443850698041894,"maxScrollStepX":22,"maxScrollStepY":22,"diagonalEvents":1,"clippedEvents":0}
[DebugBridge +12941.3ms] wheel_scroll_motion {"eventCount":3,"rawAbsX":10,"rawAbsY":14,"rawX":-10,"rawY":14,"clippedAbsX":10,"clippedAbsY":14,"clippedX":-10,"clippedY":14,"requestedAppliedX":-7.38,"requestedAppliedY":10.332,"appliedX":-7.38,"appliedY":10.332,"actualX":-7.5,"actualY":10,"sensitivity":0.738,"currentZoomForScroll":1.0443850698041894,"maxScrollStepX":22,"maxScrollStepY":22,"diagonalEvents":3,"clippedEvents":0}
[DebugBridge +12946.7ms] wheel_scroll_motion {"eventCount":1,"rawAbsX":20,"rawAbsY":20,"rawX":-20,"rawY":20,"clippedAbsX":20,"clippedAbsY":20,"clippedX":-20,"clippedY":20,"requestedAppliedX":-14.76,"requestedAppliedY":14.76,"appliedX":-14.76,"appliedY":14.76,"actualX":-15,"actualY":14.5,"sensitivity":0.738,"currentZoomForScroll":1.0443850698041894,"maxScrollStepX":22,"maxScrollStepY":22,"diagonalEvents":1,"clippedEvents":0}
[DebugBridge +12950.0ms] wheel_scroll_motion {"eventCount":1,"rawAbsX":10,"rawAbsY":10,"rawX":-10,"rawY":10,"clippedAbsX":10,"clippedAbsY":10,"clippedX":-10,"clippedY":10,"requestedAppliedX":-7.38,"requestedAppliedY":7.38,"appliedX":-7.38,"appliedY":7.38,"actualX":-7.5,"actualY":7,"sensitivity":0.738,"currentZoomForScroll":1.0443850698041894,"maxScrollStepX":22,"maxScrollStepY":22,"diagonalEvents":1,"clippedEvents":0}
[DebugBridge +12957.7ms] wheel_scroll_motion {"eventCount":2,"rawAbsX":10,"rawAbsY":10,"rawX":-10,"rawY":10,"clippedAbsX":10,"clippedAbsY":10,"clippedX":-10,"clippedY":10,"requestedAppliedX":-7.38,"requestedAppliedY":7.38,"appliedX":-7.38,"appliedY":7.38,"actualX":-7.5,"actualY":7,"sensitivity":0.738,"currentZoomForScroll":1.0443850698041894,"maxScrollStepX":22,"maxScrollStepY":22,"diagonalEvents":2,"clippedEvents":0}
[DebugBridge +12965.4ms] wheel_scroll_motion {"eventCount":2,"rawAbsX":10,"rawAbsY":10,"rawX":-10,"rawY":10,"clippedAbsX":10,"clippedAbsY":10,"clippedX":-10,"clippedY":10,"requestedAppliedX":-7.38,"requestedAppliedY":7.38,"appliedX":-7.38,"appliedY":7.38,"actualX":-7.5,"actualY":7,"sensitivity":0.738,"currentZoomForScroll":1.0443850698041894,"maxScrollStepX":22,"maxScrollStepY":22,"diagonalEvents":2,"clippedEvents":0}
[DebugBridge +12974.0ms] wheel_scroll_motion {"eventCount":2,"rawAbsX":10,"rawAbsY":10,"rawX":-10,"rawY":10,"clippedAbsX":10,"clippedAbsY":10,"clippedX":-10,"clippedY":10,"requestedAppliedX":-7.38,"requestedAppliedY":7.38,"appliedX":-7.38,"appliedY":7.38,"actualX":-7.5,"actualY":7,"sensitivity":0.738,"currentZoomForScroll":1.0443850698041894,"maxScrollStepX":22,"maxScrollStepY":22,"diagonalEvents":2,"clippedEvents":0}
[DebugBridge +12981.9ms] wheel_scroll_motion {"eventCount":2,"rawAbsX":12,"rawAbsY":12,"rawX":-12,"rawY":12,"clippedAbsX":12,"clippedAbsY":12,"clippedX":-12,"clippedY":12,"requestedAppliedX":-8.856,"requestedAppliedY":8.856,"appliedX":-8.856,"appliedY":8.856,"actualX":-9,"actualY":8.5,"sensitivity":0.738,"currentZoomForScroll":1.0443850698041894,"maxScrollStepX":22,"maxScrollStepY":22,"diagonalEvents":2,"clippedEvents":0}
[DebugBridge +12990.8ms] wheel_scroll_motion {"eventCount":2,"rawAbsX":12,"rawAbsY":14,"rawX":-12,"rawY":14,"clippedAbsX":12,"clippedAbsY":14,"clippedX":-12,"clippedY":14,"requestedAppliedX":-8.856,"requestedAppliedY":10.332,"appliedX":-8.856,"appliedY":10.332,"actualX":-9,"actualY":10,"sensitivity":0.738,"currentZoomForScroll":1.0443850698041894,"maxScrollStepX":22,"maxScrollStepY":22,"diagonalEvents":2,"clippedEvents":0}
[DebugBridge +13000.2ms] wheel_scroll_motion {"eventCount":1,"rawAbsX":2,"rawAbsY":4,"rawX":-2,"rawY":4,"clippedAbsX":2,"clippedAbsY":4,"clippedX":-2,"clippedY":4,"requestedAppliedX":-1.476,"requestedAppliedY":2.952,"appliedX":-1.476,"appliedY":2.952,"actualX":-1.5,"actualY":2.5,"sensitivity":0.738,"currentZoomForScroll":1.0443850698041894,"maxScrollStepX":22,"maxScrollStepY":22,"diagonalEvents":1,"clippedEvents":0}
[DebugBridge +13008.2ms] wheel_scroll_motion {"eventCount":2,"rawAbsX":14,"rawAbsY":24,"rawX":-14,"rawY":24,"clippedAbsX":14,"clippedAbsY":24,"clippedX":-14,"clippedY":24,"requestedAppliedX":-10.332,"requestedAppliedY":17.712,"appliedX":-10.332,"appliedY":17.712,"actualX":-10.5,"actualY":17.5,"sensitivity":0.738,"currentZoomForScroll":1.0443850698041894,"maxScrollStepX":22,"maxScrollStepY":22,"diagonalEvents":2,"clippedEvents":0}
[DebugBridge +13016.8ms] wheel_scroll_motion {"eventCount":2,"rawAbsX":8,"rawAbsY":18,"rawX":-8,"rawY":18,"clippedAbsX":8,"clippedAbsY":18,"clippedX":-8,"clippedY":18,"requestedAppliedX":-5.904,"requestedAppliedY":13.284,"appliedX":-5.904,"appliedY":13.284,"actualX":-6,"actualY":13,"sensitivity":0.738,"currentZoomForScroll":1.0443850698041894,"maxScrollStepX":22,"maxScrollStepY":22,"diagonalEvents":2,"clippedEvents":0}
[DebugBridge +13026.0ms] wheel_scroll_motion {"eventCount":2,"rawAbsX":8,"rawAbsY":18,"rawX":-8,"rawY":18,"clippedAbsX":8,"clippedAbsY":18,"clippedX":-8,"clippedY":18,"requestedAppliedX":-5.904,"requestedAppliedY":13.283999999999999,"appliedX":-5.904,"appliedY":13.283999999999999,"actualX":-6,"actualY":13,"sensitivity":0.738,"currentZoomForScroll":1.0443850698041894,"maxScrollStepX":22,"maxScrollStepY":22,"diagonalEvents":2,"clippedEvents":0}
[DebugBridge +13034.6ms] wheel_scroll_motion {"eventCount":1,"rawAbsX":2,"rawAbsY":2,"rawX":-2,"rawY":2,"clippedAbsX":2,"clippedAbsY":2,"clippedX":-2,"clippedY":2,"requestedAppliedX":-1.476,"requestedAppliedY":1.476,"appliedX":-1.476,"appliedY":1.476,"actualX":-1.5,"actualY":1,"sensitivity":0.738,"currentZoomForScroll":1.0443850698041894,"maxScrollStepX":22,"maxScrollStepY":22,"diagonalEvents":1,"clippedEvents":0}
[DebugBridge +13057.2ms] wheel_scroll_motion {"eventCount":2,"rawAbsX":12,"rawAbsY":74,"rawX":-12,"rawY":74,"clippedAbsX":12,"clippedAbsY":68.9689563258415,"clippedX":-12,"clippedY":68.9689563258415,"requestedAppliedX":-8.4132,"requestedAppliedY":47.43278079162393,"appliedX":-8.4132,"appliedY":22,"actualX":-8.5,"actualY":22,"sensitivity":0.6642,"currentZoomForScroll":1.0443850698041894,"maxScrollStepX":22,"maxScrollStepY":22,"diagonalEvents":2,"clippedEvents":1}
[DebugBridge +13065.6ms] wheel_scroll_motion {"eventCount":1,"rawAbsX":2,"rawAbsY":26,"rawX":-2,"rawY":26,"clippedAbsX":2,"clippedAbsY":26,"clippedX":-2,"clippedY":26,"requestedAppliedX":-1.476,"requestedAppliedY":19.188,"appliedX":-1.476,"appliedY":19.188,"actualX":-1.5,"actualY":19,"sensitivity":0.738,"currentZoomForScroll":1.0443850698041894,"maxScrollStepX":22,"maxScrollStepY":22,"diagonalEvents":1,"clippedEvents":0}
[DebugBridge +13079.2ms] wheel_scroll_motion {"eventCount":1,"rawAbsX":2,"rawAbsY":30,"rawX":-2,"rawY":30,"clippedAbsX":2,"clippedAbsY":30,"clippedX":-2,"clippedY":30,"requestedAppliedX":-1.476,"requestedAppliedY":22.14,"appliedX":-1.476,"appliedY":22,"actualX":-1.5,"actualY":22,"sensitivity":0.738,"currentZoomForScroll":1.0443850698041894,"maxScrollStepX":22,"maxScrollStepY":22,"diagonalEvents":1,"clippedEvents":0}
[DebugBridge +13115.2ms] wheel_scroll_motion {"eventCount":1,"rawAbsX":4,"rawAbsY":32,"rawX":-4,"rawY":32,"clippedAbsX":4,"clippedAbsY":32,"clippedX":-4,"clippedY":32,"requestedAppliedX":-2.952,"requestedAppliedY":23.616,"appliedX":-2.952,"appliedY":22,"actualX":-3,"actualY":22,"sensitivity":0.738,"currentZoomForScroll":1.0443850698041894,"maxScrollStepX":22,"maxScrollStepY":22,"diagonalEvents":1,"clippedEvents":0}
[DebugBridge +13176.1ms] wheel_scroll_motion {"eventCount":1,"rawAbsX":4,"rawAbsY":36,"rawX":-4,"rawY":36,"clippedAbsX":4,"clippedAbsY":36,"clippedX":-4,"clippedY":36,"requestedAppliedX":-2.952,"requestedAppliedY":26.567999999999998,"appliedX":-2.952,"appliedY":22,"actualX":-3,"actualY":22,"sensitivity":0.738,"currentZoomForScroll":1.0443850698041894,"maxScrollStepX":22,"maxScrollStepY":22,"diagonalEvents":1,"clippedEvents":0}
[DebugBridge +13179.2ms] wheel_scroll_motion {"eventCount":1,"rawAbsX":12,"rawAbsY":168,"rawX":-12,"rawY":168,"clippedAbsX":12,"clippedAbsY":46.9689563258415,"clippedX":-12,"clippedY":46.9689563258415,"requestedAppliedX":-7.9704,"requestedAppliedY":31.196780791623926,"appliedX":-7.9704,"appliedY":22,"actualX":-8,"actualY":22,"sensitivity":0.6642,"currentZoomForScroll":1.0443850698041894,"maxScrollStepX":22,"maxScrollStepY":22,"diagonalEvents":1,"clippedEvents":1}
[DebugBridge +13184.3ms] wheel_scroll_motion {"eventCount":1,"rawAbsX":0,"rawAbsY":46,"rawX":0,"rawY":46,"clippedAbsX":0,"clippedAbsY":46,"clippedX":0,"clippedY":46,"requestedAppliedX":0,"requestedAppliedY":37.72,"appliedX":0,"appliedY":22,"actualX":0,"actualY":22,"sensitivity":0.82,"currentZoomForScroll":1.0443850698041894,"maxScrollStepX":22,"maxScrollStepY":22,"diagonalEvents":0,"clippedEvents":0}
[DebugBridge +13190.8ms] wheel_scroll_motion {"eventCount":2,"rawAbsX":0,"rawAbsY":408,"rawX":0,"rawY":408,"clippedAbsX":0,"clippedAbsY":93.937912651683,"clippedX":0,"clippedY":93.937912651683,"requestedAppliedX":0,"requestedAppliedY":69.32617953694206,"appliedX":0,"appliedY":22,"actualX":0,"actualY":22,"sensitivity":0.738,"currentZoomForScroll":1.0443850698041894,"maxScrollStepX":22,"maxScrollStepY":22,"diagonalEvents":0,"clippedEvents":2}
[DebugBridge +13201.2ms] wheel_scroll_motion {"eventCount":1,"rawAbsX":0,"rawAbsY":60,"rawX":0,"rawY":60,"clippedAbsX":0,"clippedAbsY":46.9689563258415,"clippedX":0,"clippedY":46.9689563258415,"requestedAppliedX":0,"requestedAppliedY":34.66308976847103,"appliedX":0,"appliedY":22,"actualX":0,"actualY":22,"sensitivity":0.738,"currentZoomForScroll":1.0443850698041894,"maxScrollStepX":22,"maxScrollStepY":22,"diagonalEvents":0,"clippedEvents":1}
[DebugBridge +13215.4ms] wheel_scroll_motion {"eventCount":1,"rawAbsX":0,"rawAbsY":58,"rawX":0,"rawY":58,"clippedAbsX":0,"clippedAbsY":46.9689563258415,"clippedX":0,"clippedY":46.9689563258415,"requestedAppliedX":0,"requestedAppliedY":34.66308976847103,"appliedX":0,"appliedY":22,"actualX":0,"actualY":22,"sensitivity":0.738,"currentZoomForScroll":1.0443850698041894,"maxScrollStepX":22,"maxScrollStepY":22,"diagonalEvents":0,"clippedEvents":1}
[DebugBridge +13221.4ms] wheel_scroll_motion {"eventCount":1,"rawAbsX":0,"rawAbsY":56,"rawX":0,"rawY":56,"clippedAbsX":0,"clippedAbsY":46.9689563258415,"clippedX":0,"clippedY":46.9689563258415,"requestedAppliedX":0,"requestedAppliedY":34.66308976847103,"appliedX":0,"appliedY":22,"actualX":0,"actualY":22,"sensitivity":0.738,"currentZoomForScroll":1.0443850698041894,"maxScrollStepX":22,"maxScrollStepY":22,"diagonalEvents":0,"clippedEvents":1}
[DebugBridge +13226.1ms] wheel_scroll_motion {"eventCount":1,"rawAbsX":0,"rawAbsY":54,"rawX":0,"rawY":54,"clippedAbsX":0,"clippedAbsY":46.9689563258415,"clippedX":0,"clippedY":46.9689563258415,"requestedAppliedX":0,"requestedAppliedY":34.66308976847103,"appliedX":0,"appliedY":22,"actualX":0,"actualY":22,"sensitivity":0.738,"currentZoomForScroll":1.0443850698041894,"maxScrollStepX":22,"maxScrollStepY":22,"diagonalEvents":0,"clippedEvents":1}
[DebugBridge +13236.6ms] wheel_scroll_motion {"eventCount":1,"rawAbsX":0,"rawAbsY":52,"rawX":0,"rawY":52,"clippedAbsX":0,"clippedAbsY":46.9689563258415,"clippedX":0,"clippedY":46.9689563258415,"requestedAppliedX":0,"requestedAppliedY":34.66308976847103,"appliedX":0,"appliedY":22,"actualX":0,"actualY":22,"sensitivity":0.738,"currentZoomForScroll":1.0443850698041894,"maxScrollStepX":22,"maxScrollStepY":22,"diagonalEvents":0,"clippedEvents":1}
[DebugBridge +13241.1ms] wheel_scroll_motion {"eventCount":1,"rawAbsX":0,"rawAbsY":50,"rawX":0,"rawY":50,"clippedAbsX":0,"clippedAbsY":46.9689563258415,"clippedX":0,"clippedY":46.9689563258415,"requestedAppliedX":0,"requestedAppliedY":34.66308976847103,"appliedX":0,"appliedY":22,"actualX":0,"actualY":22,"sensitivity":0.738,"currentZoomForScroll":1.0443850698041894,"maxScrollStepX":22,"maxScrollStepY":22,"diagonalEvents":0,"clippedEvents":1}
[DebugBridge +13250.6ms] wheel_scroll_motion {"eventCount":1,"rawAbsX":0,"rawAbsY":48,"rawX":0,"rawY":48,"clippedAbsX":0,"clippedAbsY":46.9689563258415,"clippedX":0,"clippedY":46.9689563258415,"requestedAppliedX":0,"requestedAppliedY":34.66308976847103,"appliedX":0,"appliedY":22,"actualX":0,"actualY":22,"sensitivity":0.738,"currentZoomForScroll":1.0443850698041894,"maxScrollStepX":22,"maxScrollStepY":22,"diagonalEvents":0,"clippedEvents":1}
[DebugBridge +13257.0ms] wheel_scroll_motion {"eventCount":1,"rawAbsX":0,"rawAbsY":46,"rawX":0,"rawY":46,"clippedAbsX":0,"clippedAbsY":46,"clippedX":0,"clippedY":46,"requestedAppliedX":0,"requestedAppliedY":37.72,"appliedX":0,"appliedY":22,"actualX":0,"actualY":22,"sensitivity":0.82,"currentZoomForScroll":1.0443850698041894,"maxScrollStepX":22,"maxScrollStepY":22,"diagonalEvents":0,"clippedEvents":0}
[DebugBridge +13267.1ms] wheel_scroll_motion {"eventCount":1,"rawAbsX":0,"rawAbsY":46,"rawX":0,"rawY":46,"clippedAbsX":0,"clippedAbsY":46,"clippedX":0,"clippedY":46,"requestedAppliedX":0,"requestedAppliedY":37.72,"appliedX":0,"appliedY":22,"actualX":0,"actualY":22,"sensitivity":0.82,"currentZoomForScroll":1.0443850698041894,"maxScrollStepX":22,"maxScrollStepY":22,"diagonalEvents":0,"clippedEvents":0}
[DebugBridge +13276.7ms] wheel_scroll_motion {"eventCount":1,"rawAbsX":0,"rawAbsY":44,"rawX":0,"rawY":44,"clippedAbsX":0,"clippedAbsY":44,"clippedX":0,"clippedY":44,"requestedAppliedX":0,"requestedAppliedY":36.08,"appliedX":0,"appliedY":22,"actualX":0,"actualY":22,"sensitivity":0.82,"currentZoomForScroll":1.0443850698041894,"maxScrollStepX":22,"maxScrollStepY":22,"diagonalEvents":0,"clippedEvents":0}
[DebugBridge +13285.4ms] wheel_scroll_motion {"eventCount":1,"rawAbsX":0,"rawAbsY":42,"rawX":0,"rawY":42,"clippedAbsX":0,"clippedAbsY":42,"clippedX":0,"clippedY":42,"requestedAppliedX":0,"requestedAppliedY":34.44,"appliedX":0,"appliedY":22,"actualX":0,"actualY":22,"sensitivity":0.82,"currentZoomForScroll":1.0443850698041894,"maxScrollStepX":22,"maxScrollStepY":22,"diagonalEvents":0,"clippedEvents":0}
[DebugBridge +13328.3ms] wheel_scroll_motion {"eventCount":1,"rawAbsX":0,"rawAbsY":42,"rawX":0,"rawY":42,"clippedAbsX":0,"clippedAbsY":42,"clippedX":0,"clippedY":42,"requestedAppliedX":0,"requestedAppliedY":34.44,"appliedX":0,"appliedY":22,"actualX":0,"actualY":22,"sensitivity":0.82,"currentZoomForScroll":1.0443850698041894,"maxScrollStepX":22,"maxScrollStepY":22,"diagonalEvents":0,"clippedEvents":0}
[DebugBridge +13336.0ms] wheel_scroll_motion {"eventCount":1,"rawAbsX":0,"rawAbsY":144,"rawX":0,"rawY":144,"clippedAbsX":0,"clippedAbsY":46.9689563258415,"clippedX":0,"clippedY":46.9689563258415,"requestedAppliedX":0,"requestedAppliedY":34.66308976847103,"appliedX":0,"appliedY":22,"actualX":0,"actualY":22,"sensitivity":0.738,"currentZoomForScroll":1.0443850698041894,"maxScrollStepX":22,"maxScrollStepY":22,"diagonalEvents":0,"clippedEvents":1}
[DebugBridge +13342.8ms] wheel_scroll_motion {"eventCount":1,"rawAbsX":0,"rawAbsY":34,"rawX":0,"rawY":34,"clippedAbsX":0,"clippedAbsY":34,"clippedX":0,"clippedY":34,"requestedAppliedX":0,"requestedAppliedY":27.88,"appliedX":0,"appliedY":22,"actualX":0,"actualY":22,"sensitivity":0.82,"currentZoomForScroll":1.0443850698041894,"maxScrollStepX":22,"maxScrollStepY":22,"diagonalEvents":0,"clippedEvents":0}
[DebugBridge +13361.1ms] wheel_scroll_motion {"eventCount":2,"rawAbsX":0,"rawAbsY":90,"rawX":0,"rawY":90,"clippedAbsX":0,"clippedAbsY":76.9689563258415,"clippedX":0,"clippedY":76.9689563258415,"requestedAppliedX":0,"requestedAppliedY":59.26308976847103,"appliedX":0,"appliedY":22,"actualX":0,"actualY":22,"sensitivity":0.738,"currentZoomForScroll":1.0443850698041894,"maxScrollStepX":22,"maxScrollStepY":22,"diagonalEvents":0,"clippedEvents":1}
[DebugBridge +13370.1ms] wheel_scroll_motion {"eventCount":1,"rawAbsX":0,"rawAbsY":26,"rawX":0,"rawY":26,"clippedAbsX":0,"clippedAbsY":26,"clippedX":0,"clippedY":26,"requestedAppliedX":0,"requestedAppliedY":21.32,"appliedX":0,"appliedY":21.32,"actualX":0,"actualY":21,"sensitivity":0.82,"currentZoomForScroll":1.0443850698041894,"maxScrollStepX":22,"maxScrollStepY":22,"diagonalEvents":0,"clippedEvents":0}
[DebugBridge +13438.5ms] wheel_scroll_motion {"eventCount":2,"rawAbsX":4,"rawAbsY":16,"rawX":4,"rawY":16,"clippedAbsX":4,"clippedAbsY":16,"clippedX":4,"clippedY":16,"requestedAppliedX":2.952,"requestedAppliedY":12.136,"appliedX":2.952,"appliedY":12.136,"actualX":2.5,"actualY":12,"sensitivity":0.738,"currentZoomForScroll":1.0443850698041894,"maxScrollStepX":22,"maxScrollStepY":22,"diagonalEvents":1,"clippedEvents":0}
[DebugBridge +13452.5ms] wheel_scroll_motion {"eventCount":1,"rawAbsX":4,"rawAbsY":18,"rawX":4,"rawY":18,"clippedAbsX":4,"clippedAbsY":18,"clippedX":4,"clippedY":18,"requestedAppliedX":2.952,"requestedAppliedY":13.283999999999999,"appliedX":2.952,"appliedY":13.283999999999999,"actualX":2.5,"actualY":13,"sensitivity":0.738,"currentZoomForScroll":1.0443850698041894,"maxScrollStepX":22,"maxScrollStepY":22,"diagonalEvents":1,"clippedEvents":0}
[DebugBridge +13457.3ms] wheel_scroll_motion {"eventCount":1,"rawAbsX":4,"rawAbsY":20,"rawX":4,"rawY":20,"clippedAbsX":4,"clippedAbsY":20,"clippedX":4,"clippedY":20,"requestedAppliedX":2.952,"requestedAppliedY":14.76,"appliedX":2.952,"appliedY":14.76,"actualX":2.5,"actualY":14.5,"sensitivity":0.738,"currentZoomForScroll":1.0443850698041894,"maxScrollStepX":22,"maxScrollStepY":22,"diagonalEvents":1,"clippedEvents":0}
[DebugBridge +13460.6ms] wheel_scroll_motion {"eventCount":1,"rawAbsX":10,"rawAbsY":40,"rawX":10,"rawY":40,"clippedAbsX":10,"clippedAbsY":40,"clippedX":10,"clippedY":40,"requestedAppliedX":7.38,"requestedAppliedY":29.52,"appliedX":7.38,"appliedY":22,"actualX":7,"actualY":22,"sensitivity":0.738,"currentZoomForScroll":1.0443850698041894,"maxScrollStepX":22,"maxScrollStepY":22,"diagonalEvents":1,"clippedEvents":0}
[DebugBridge +13466.1ms] page_visit_start {"page":3,"pageCount":36,"revisited":false,"hasContainer":true,"hasPdfSurface":true,"spinnerVisible":true,"hasAnnotationOverlay":false,"ready":true}
[DebugBridge +13467.0ms] wheel_scroll_motion {"eventCount":2,"rawAbsX":10,"rawAbsY":50,"rawX":10,"rawY":50,"clippedAbsX":10,"clippedAbsY":50,"clippedX":10,"clippedY":50,"requestedAppliedX":7.38,"requestedAppliedY":36.9,"appliedX":7.38,"appliedY":22,"actualX":7,"actualY":22,"sensitivity":0.738,"currentZoomForScroll":1.0443850698041894,"maxScrollStepX":22,"maxScrollStepY":22,"diagonalEvents":2,"clippedEvents":0}
[DebugBridge +13467.2ms] page_visit_ready {"page":3,"pageCount":36,"revisited":false,"waitMs":1,"hasContainer":true,"hasPdfSurface":true,"spinnerVisible":true,"hasAnnotationOverlay":false,"ready":true}
[DebugBridge +13478.2ms] wheel_scroll_motion {"eventCount":2,"rawAbsX":12,"rawAbsY":68,"rawX":12,"rawY":68,"clippedAbsX":12,"clippedAbsY":66.9689563258415,"clippedX":12,"clippedY":66.9689563258415,"requestedAppliedX":8.2656,"requestedAppliedY":45.95678079162393,"appliedX":8.2656,"appliedY":22,"actualX":8,"actualY":22,"sensitivity":0.6642,"currentZoomForScroll":1.0443850698041894,"maxScrollStepX":22,"maxScrollStepY":22,"diagonalEvents":2,"clippedEvents":1}
[DebugBridge +13491.1ms] wheel_scroll_motion {"eventCount":2,"rawAbsX":14,"rawAbsY":64,"rawX":14,"rawY":64,"clippedAbsX":14,"clippedAbsY":64,"clippedX":14,"clippedY":64,"requestedAppliedX":10.332,"requestedAppliedY":47.232,"appliedX":10.332,"appliedY":22,"actualX":10,"actualY":22,"sensitivity":0.738,"currentZoomForScroll":1.0443850698041894,"maxScrollStepX":22,"maxScrollStepY":22,"diagonalEvents":2,"clippedEvents":0}
[DebugBridge +13495.0ms] wheel_scroll_motion {"eventCount":1,"rawAbsX":12,"rawAbsY":52,"rawX":12,"rawY":52,"clippedAbsX":12,"clippedAbsY":46.9689563258415,"clippedX":12,"clippedY":46.9689563258415,"requestedAppliedX":7.9704,"requestedAppliedY":31.196780791623926,"appliedX":7.9704,"appliedY":22,"actualX":7.5,"actualY":22,"sensitivity":0.6642,"currentZoomForScroll":1.0443850698041894,"maxScrollStepX":22,"maxScrollStepY":22,"diagonalEvents":1,"clippedEvents":1}
[DebugBridge +13500.1ms] wheel_scroll_motion {"eventCount":1,"rawAbsX":4,"rawAbsY":16,"rawX":4,"rawY":16,"clippedAbsX":4,"clippedAbsY":16,"clippedX":4,"clippedY":16,"requestedAppliedX":2.952,"requestedAppliedY":11.808,"appliedX":2.952,"appliedY":11.808,"actualX":2.5,"actualY":11.5,"sensitivity":0.738,"currentZoomForScroll":1.0443850698041894,"maxScrollStepX":22,"maxScrollStepY":22,"diagonalEvents":1,"clippedEvents":0}
[DebugBridge +13507.9ms] wheel_scroll_motion {"eventCount":2,"rawAbsX":18,"rawAbsY":80,"rawX":18,"rawY":80,"clippedAbsX":18,"clippedAbsY":76.9689563258415,"clippedX":18,"clippedY":76.9689563258415,"requestedAppliedX":12.398399999999999,"requestedAppliedY":53.33678079162392,"appliedX":12.398399999999999,"appliedY":22,"actualX":12,"actualY":22,"sensitivity":0.6642,"currentZoomForScroll":1.0443850698041894,"maxScrollStepX":22,"maxScrollStepY":22,"diagonalEvents":2,"clippedEvents":1}
[DebugBridge +13516.9ms] wheel_scroll_motion {"eventCount":2,"rawAbsX":10,"rawAbsY":38,"rawX":10,"rawY":38,"clippedAbsX":10,"clippedAbsY":38,"clippedX":10,"clippedY":38,"requestedAppliedX":7.38,"requestedAppliedY":28.043999999999997,"appliedX":7.38,"appliedY":22,"actualX":7,"actualY":22,"sensitivity":0.738,"currentZoomForScroll":1.0443850698041894,"maxScrollStepX":22,"maxScrollStepY":22,"diagonalEvents":2,"clippedEvents":0}
[DebugBridge +13524.1ms] wheel_scroll_motion {"eventCount":2,"rawAbsX":8,"rawAbsY":28,"rawX":8,"rawY":28,"clippedAbsX":8,"clippedAbsY":28,"clippedX":8,"clippedY":28,"requestedAppliedX":5.904,"requestedAppliedY":20.664,"appliedX":5.904,"appliedY":20.664,"actualX":5.5,"actualY":20.5,"sensitivity":0.738,"currentZoomForScroll":1.0443850698041894,"maxScrollStepX":22,"maxScrollStepY":22,"diagonalEvents":2,"clippedEvents":0}
[DebugBridge +13720.0ms] wheel_scroll_motion {"eventCount":1,"rawAbsX":40,"rawAbsY":64,"rawX":40,"rawY":64,"clippedAbsX":40,"clippedAbsY":46.9689563258415,"clippedX":40,"clippedY":46.9689563258415,"requestedAppliedX":26.568,"requestedAppliedY":31.196780791623926,"appliedX":22,"appliedY":22,"actualX":22,"actualY":22,"sensitivity":0.6642,"currentZoomForScroll":1.0443850698041894,"maxScrollStepX":22,"maxScrollStepY":22,"diagonalEvents":1,"clippedEvents":1}
[DebugBridge +13724.7ms] wheel_scroll_motion {"eventCount":1,"rawAbsX":12,"rawAbsY":36,"rawX":12,"rawY":36,"clippedAbsX":12,"clippedAbsY":36,"clippedX":12,"clippedY":36,"requestedAppliedX":8.856,"requestedAppliedY":26.567999999999998,"appliedX":8.856,"appliedY":22,"actualX":8.5,"actualY":22,"sensitivity":0.738,"currentZoomForScroll":1.0443850698041894,"maxScrollStepX":22,"maxScrollStepY":22,"diagonalEvents":1,"clippedEvents":0}
[DebugBridge +13740.0ms] wheel_scroll_motion {"eventCount":3,"rawAbsX":268,"rawAbsY":968,"rawX":268,"rawY":968,"clippedAbsX":66.9689563258415,"clippedAbsY":122.9689563258415,"clippedX":66.9689563258415,"clippedY":122.9689563258415,"requestedAppliedX":45.95678079162393,"requestedAppliedY":87.28478079162393,"appliedX":22,"appliedY":22,"actualX":22,"actualY":22,"sensitivity":0.738,"currentZoomForScroll":1.0443850698041894,"maxScrollStepX":22,"maxScrollStepY":22,"diagonalEvents":3,"clippedEvents":1}
[DebugBridge +13748.8ms] wheel_scroll_motion {"eventCount":1,"rawAbsX":8,"rawAbsY":34,"rawX":8,"rawY":34,"clippedAbsX":8,"clippedAbsY":34,"clippedX":8,"clippedY":34,"requestedAppliedX":5.904,"requestedAppliedY":25.092,"appliedX":5.904,"appliedY":22,"actualX":5.5,"actualY":22,"sensitivity":0.738,"currentZoomForScroll":1.0443850698041894,"maxScrollStepX":22,"maxScrollStepY":22,"diagonalEvents":1,"clippedEvents":0}
[DebugBridge +13756.5ms] wheel_scroll_motion {"eventCount":1,"rawAbsX":8,"rawAbsY":34,"rawX":8,"rawY":34,"clippedAbsX":8,"clippedAbsY":34,"clippedX":8,"clippedY":34,"requestedAppliedX":5.904,"requestedAppliedY":25.092,"appliedX":5.904,"appliedY":22,"actualX":5.5,"actualY":22,"sensitivity":0.738,"currentZoomForScroll":1.0443850698041894,"maxScrollStepX":22,"maxScrollStepY":22,"diagonalEvents":1,"clippedEvents":0}
[DebugBridge +13766.5ms] wheel_scroll_motion {"eventCount":1,"rawAbsX":8,"rawAbsY":30,"rawX":8,"rawY":30,"clippedAbsX":8,"clippedAbsY":30,"clippedX":8,"clippedY":30,"requestedAppliedX":5.904,"requestedAppliedY":22.14,"appliedX":5.904,"appliedY":22,"actualX":5.5,"actualY":22,"sensitivity":0.738,"currentZoomForScroll":1.0443850698041894,"maxScrollStepX":22,"maxScrollStepY":22,"diagonalEvents":1,"clippedEvents":0}
[DebugBridge +13774.4ms] wheel_scroll_motion {"eventCount":1,"rawAbsX":8,"rawAbsY":30,"rawX":8,"rawY":30,"clippedAbsX":8,"clippedAbsY":30,"clippedX":8,"clippedY":30,"requestedAppliedX":5.904,"requestedAppliedY":22.14,"appliedX":5.904,"appliedY":22,"actualX":5.5,"actualY":22,"sensitivity":0.738,"currentZoomForScroll":1.0443850698041894,"maxScrollStepX":22,"maxScrollStepY":22,"diagonalEvents":1,"clippedEvents":0}
[DebugBridge +13855.7ms] wheel_scroll_motion {"eventCount":1,"rawAbsX":0,"rawAbsY":2,"rawX":0,"rawY":2,"clippedAbsX":0,"clippedAbsY":2,"clippedX":0,"clippedY":2,"requestedAppliedX":0,"requestedAppliedY":1.64,"appliedX":0,"appliedY":1.64,"actualX":0,"actualY":1.5,"sensitivity":0.82,"currentZoomForScroll":1.0443850698041894,"maxScrollStepX":22,"maxScrollStepY":22,"diagonalEvents":0,"clippedEvents":0}
[DebugBridge +13891.4ms] wheel_scroll_motion {"eventCount":1,"rawAbsX":8,"rawAbsY":20,"rawX":-8,"rawY":20,"clippedAbsX":8,"clippedAbsY":20,"clippedX":-8,"clippedY":20,"requestedAppliedX":-5.904,"requestedAppliedY":14.76,"appliedX":-5.904,"appliedY":14.76,"actualX":-6,"actualY":14.5,"sensitivity":0.738,"currentZoomForScroll":1.0443850698041894,"maxScrollStepX":22,"maxScrollStepY":22,"diagonalEvents":1,"clippedEvents":0}
[DebugBridge +13902.3ms] wheel_scroll_motion {"eventCount":2,"rawAbsX":22,"rawAbsY":224,"rawX":-22,"rawY":224,"clippedAbsX":22,"clippedAbsY":93.937912651683,"clippedX":-22,"clippedY":93.937912651683,"requestedAppliedX":-14.612400000000001,"requestedAppliedY":65.85987056009496,"appliedX":-14.612400000000001,"appliedY":22,"actualX":-15,"actualY":22,"sensitivity":0.738,"currentZoomForScroll":1.0443850698041894,"maxScrollStepX":22,"maxScrollStepY":22,"diagonalEvents":1,"clippedEvents":2}
[DebugBridge +13907.7ms] wheel_scroll_motion {"eventCount":2,"rawAbsX":0,"rawAbsY":80,"rawX":0,"rawY":80,"clippedAbsX":0,"clippedAbsY":60.9689563258415,"clippedX":0,"clippedY":60.9689563258415,"requestedAppliedX":0,"requestedAppliedY":46.14308976847103,"appliedX":0,"appliedY":22,"actualX":0,"actualY":22,"sensitivity":0.82,"currentZoomForScroll":1.0443850698041894,"maxScrollStepX":22,"maxScrollStepY":22,"diagonalEvents":0,"clippedEvents":1}
[DebugBridge +13916.6ms] wheel_scroll_motion {"eventCount":2,"rawAbsX":0,"rawAbsY":66,"rawX":0,"rawY":66,"clippedAbsX":0,"clippedAbsY":56.9689563258415,"clippedX":0,"clippedY":56.9689563258415,"requestedAppliedX":0,"requestedAppliedY":42.86308976847103,"appliedX":0,"appliedY":22,"actualX":0,"actualY":22,"sensitivity":0.82,"currentZoomForScroll":1.0443850698041894,"maxScrollStepX":22,"maxScrollStepY":22,"diagonalEvents":0,"clippedEvents":1}
[DebugBridge +13925.0ms] wheel_scroll_motion {"eventCount":2,"rawAbsX":0,"rawAbsY":74,"rawX":0,"rawY":74,"clippedAbsX":0,"clippedAbsY":52.9689563258415,"clippedX":0,"clippedY":52.9689563258415,"requestedAppliedX":0,"requestedAppliedY":39.583089768471034,"appliedX":0,"appliedY":22,"actualX":0,"actualY":22,"sensitivity":0.82,"currentZoomForScroll":1.0443850698041894,"maxScrollStepX":22,"maxScrollStepY":22,"diagonalEvents":0,"clippedEvents":1}
[DebugBridge +13932.5ms] wheel_scroll_motion {"eventCount":2,"rawAbsX":0,"rawAbsY":186,"rawX":0,"rawY":186,"clippedAbsX":0,"clippedAbsY":93.937912651683,"clippedX":0,"clippedY":93.937912651683,"requestedAppliedX":0,"requestedAppliedY":69.32617953694206,"appliedX":0,"appliedY":22,"actualX":0,"actualY":22,"sensitivity":0.738,"currentZoomForScroll":1.0443850698041894,"maxScrollStepX":22,"maxScrollStepY":22,"diagonalEvents":0,"clippedEvents":2}
[DebugBridge +13942.4ms] wheel_scroll_motion {"eventCount":1,"rawAbsX":0,"rawAbsY":128,"rawX":0,"rawY":128,"clippedAbsX":0,"clippedAbsY":46.9689563258415,"clippedX":0,"clippedY":46.9689563258415,"requestedAppliedX":0,"requestedAppliedY":34.66308976847103,"appliedX":0,"appliedY":22,"actualX":0,"actualY":22,"sensitivity":0.738,"currentZoomForScroll":1.0443850698041894,"maxScrollStepX":22,"maxScrollStepY":22,"diagonalEvents":0,"clippedEvents":1}
[DebugBridge +13985.8ms] wheel_scroll_motion {"eventCount":2,"rawAbsX":0,"rawAbsY":256,"rawX":0,"rawY":256,"clippedAbsX":0,"clippedAbsY":93.937912651683,"clippedX":0,"clippedY":93.937912651683,"requestedAppliedX":0,"requestedAppliedY":69.32617953694206,"appliedX":0,"appliedY":22,"actualX":0,"actualY":22,"sensitivity":0.738,"currentZoomForScroll":1.0443850698041894,"maxScrollStepX":22,"maxScrollStepY":22,"diagonalEvents":0,"clippedEvents":2}
[DebugBridge +13991.5ms] wheel_scroll_motion {"eventCount":1,"rawAbsX":0,"rawAbsY":366,"rawX":0,"rawY":366,"clippedAbsX":0,"clippedAbsY":46.9689563258415,"clippedX":0,"clippedY":46.9689563258415,"requestedAppliedX":0,"requestedAppliedY":34.66308976847103,"appliedX":0,"appliedY":22,"actualX":0,"actualY":22,"sensitivity":0.738,"currentZoomForScroll":1.0443850698041894,"maxScrollStepX":22,"maxScrollStepY":22,"diagonalEvents":0,"clippedEvents":1}
[DebugBridge +14006.1ms] wheel_scroll_motion {"eventCount":2,"rawAbsX":0,"rawAbsY":224,"rawX":0,"rawY":224,"clippedAbsX":0,"clippedAbsY":93.937912651683,"clippedX":0,"clippedY":93.937912651683,"requestedAppliedX":0,"requestedAppliedY":69.32617953694206,"appliedX":0,"appliedY":22,"actualX":0,"actualY":22,"sensitivity":0.738,"currentZoomForScroll":1.0443850698041894,"maxScrollStepX":22,"maxScrollStepY":22,"diagonalEvents":0,"clippedEvents":2}
[DebugBridge +14018.7ms] wheel_scroll_motion {"eventCount":2,"rawAbsX":0,"rawAbsY":214,"rawX":0,"rawY":214,"clippedAbsX":0,"clippedAbsY":93.937912651683,"clippedX":0,"clippedY":93.937912651683,"requestedAppliedX":0,"requestedAppliedY":69.32617953694206,"appliedX":0,"appliedY":22,"actualX":0,"actualY":22,"sensitivity":0.738,"currentZoomForScroll":1.0443850698041894,"maxScrollStepX":22,"maxScrollStepY":22,"diagonalEvents":0,"clippedEvents":2}
[DebugBridge +14028.3ms] wheel_scroll_motion {"eventCount":1,"rawAbsX":0,"rawAbsY":104,"rawX":0,"rawY":104,"clippedAbsX":0,"clippedAbsY":46.9689563258415,"clippedX":0,"clippedY":46.9689563258415,"requestedAppliedX":0,"requestedAppliedY":34.66308976847103,"appliedX":0,"appliedY":22,"actualX":0,"actualY":22,"sensitivity":0.738,"currentZoomForScroll":1.0443850698041894,"maxScrollStepX":22,"maxScrollStepY":22,"diagonalEvents":0,"clippedEvents":1}
[DebugBridge +14034.5ms] wheel_scroll_motion {"eventCount":1,"rawAbsX":0,"rawAbsY":100,"rawX":0,"rawY":100,"clippedAbsX":0,"clippedAbsY":46.9689563258415,"clippedX":0,"clippedY":46.9689563258415,"requestedAppliedX":0,"requestedAppliedY":34.66308976847103,"appliedX":0,"appliedY":22,"actualX":0,"actualY":22,"sensitivity":0.738,"currentZoomForScroll":1.0443850698041894,"maxScrollStepX":22,"maxScrollStepY":22,"diagonalEvents":0,"clippedEvents":1}
[DebugBridge +14055.8ms] wheel_scroll_motion {"eventCount":2,"rawAbsX":0,"rawAbsY":194,"rawX":0,"rawY":194,"clippedAbsX":0,"clippedAbsY":93.937912651683,"clippedX":0,"clippedY":93.937912651683,"requestedAppliedX":0,"requestedAppliedY":69.32617953694206,"appliedX":0,"appliedY":22,"actualX":0,"actualY":22,"sensitivity":0.738,"currentZoomForScroll":1.0443850698041894,"maxScrollStepX":22,"maxScrollStepY":22,"diagonalEvents":0,"clippedEvents":2}
[DebugBridge +14059.8ms] wheel_scroll_motion {"eventCount":1,"rawAbsX":0,"rawAbsY":94,"rawX":0,"rawY":94,"clippedAbsX":0,"clippedAbsY":46.9689563258415,"clippedX":0,"clippedY":46.9689563258415,"requestedAppliedX":0,"requestedAppliedY":34.66308976847103,"appliedX":0,"appliedY":22,"actualX":0,"actualY":22,"sensitivity":0.738,"currentZoomForScroll":1.0443850698041894,"maxScrollStepX":22,"maxScrollStepY":22,"diagonalEvents":0,"clippedEvents":1}
[DebugBridge +14071.1ms] wheel_scroll_motion {"eventCount":1,"rawAbsX":0,"rawAbsY":92,"rawX":0,"rawY":92,"clippedAbsX":0,"clippedAbsY":46.9689563258415,"clippedX":0,"clippedY":46.9689563258415,"requestedAppliedX":0,"requestedAppliedY":34.66308976847103,"appliedX":0,"appliedY":22,"actualX":0,"actualY":22,"sensitivity":0.738,"currentZoomForScroll":1.0443850698041894,"maxScrollStepX":22,"maxScrollStepY":22,"diagonalEvents":0,"clippedEvents":1}
[DebugBridge +14083.6ms] wheel_scroll_motion {"eventCount":2,"rawAbsX":0,"rawAbsY":180,"rawX":0,"rawY":180,"clippedAbsX":0,"clippedAbsY":93.937912651683,"clippedX":0,"clippedY":93.937912651683,"requestedAppliedX":0,"requestedAppliedY":69.32617953694206,"appliedX":0,"appliedY":22,"actualX":0,"actualY":22,"sensitivity":0.738,"currentZoomForScroll":1.0443850698041894,"maxScrollStepX":22,"maxScrollStepY":22,"diagonalEvents":0,"clippedEvents":2}
[DebugBridge +14090.8ms] wheel_scroll_motion {"eventCount":1,"rawAbsX":0,"rawAbsY":86,"rawX":0,"rawY":86,"clippedAbsX":0,"clippedAbsY":46.9689563258415,"clippedX":0,"clippedY":46.9689563258415,"requestedAppliedX":0,"requestedAppliedY":34.66308976847103,"appliedX":0,"appliedY":22,"actualX":0,"actualY":22,"sensitivity":0.738,"currentZoomForScroll":1.0443850698041894,"maxScrollStepX":22,"maxScrollStepY":22,"diagonalEvents":0,"clippedEvents":1}
[DebugBridge +14190.0ms] wheel_scroll_motion {"eventCount":2,"rawAbsX":0,"rawAbsY":162,"rawX":0,"rawY":162,"clippedAbsX":0,"clippedAbsY":93.937912651683,"clippedX":0,"clippedY":93.937912651683,"requestedAppliedX":0,"requestedAppliedY":69.32617953694206,"appliedX":0,"appliedY":22,"actualX":0,"actualY":22,"sensitivity":0.738,"currentZoomForScroll":1.0443850698041894,"maxScrollStepX":22,"maxScrollStepY":22,"diagonalEvents":0,"clippedEvents":2}
[DebugBridge +14193.9ms] wheel_scroll_motion {"eventCount":1,"rawAbsX":0,"rawAbsY":614,"rawX":0,"rawY":614,"clippedAbsX":0,"clippedAbsY":46.9689563258415,"clippedX":0,"clippedY":46.9689563258415,"requestedAppliedX":0,"requestedAppliedY":34.66308976847103,"appliedX":0,"appliedY":22,"actualX":0,"actualY":22,"sensitivity":0.738,"currentZoomForScroll":1.0443850698041894,"maxScrollStepX":22,"maxScrollStepY":22,"diagonalEvents":0,"clippedEvents":1}
[DebugBridge +14201.0ms] wheel_scroll_motion {"eventCount":2,"rawAbsX":0,"rawAbsY":112,"rawX":0,"rawY":112,"clippedAbsX":0,"clippedAbsY":93.937912651683,"clippedX":0,"clippedY":93.937912651683,"requestedAppliedX":0,"requestedAppliedY":69.32617953694206,"appliedX":0,"appliedY":22,"actualX":0,"actualY":22,"sensitivity":0.738,"currentZoomForScroll":1.0443850698041894,"maxScrollStepX":22,"maxScrollStepY":22,"diagonalEvents":0,"clippedEvents":2}
[DebugBridge +14235.0ms] wheel_scroll_motion {"eventCount":1,"rawAbsX":0,"rawAbsY":6,"rawX":0,"rawY":6,"clippedAbsX":0,"clippedAbsY":6,"clippedX":0,"clippedY":6,"requestedAppliedX":0,"requestedAppliedY":4.92,"appliedX":0,"appliedY":4.92,"actualX":0,"actualY":4.5,"sensitivity":0.82,"currentZoomForScroll":1.0443850698041894,"maxScrollStepX":22,"maxScrollStepY":22,"diagonalEvents":0,"clippedEvents":0}
[DebugBridge +14248.9ms] wheel_scroll_motion {"eventCount":1,"rawAbsX":4,"rawAbsY":10,"rawX":4,"rawY":10,"clippedAbsX":4,"clippedAbsY":10,"clippedX":4,"clippedY":10,"requestedAppliedX":2.952,"requestedAppliedY":7.38,"appliedX":2.952,"appliedY":7.38,"actualX":2.5,"actualY":7,"sensitivity":0.738,"currentZoomForScroll":1.0443850698041894,"maxScrollStepX":22,"maxScrollStepY":22,"diagonalEvents":1,"clippedEvents":0}
[DebugBridge +14258.2ms] wheel_scroll_motion {"eventCount":1,"rawAbsX":2,"rawAbsY":4,"rawX":2,"rawY":4,"clippedAbsX":2,"clippedAbsY":4,"clippedX":2,"clippedY":4,"requestedAppliedX":1.476,"requestedAppliedY":2.952,"appliedX":1.476,"appliedY":2.952,"actualX":1,"actualY":2.5,"sensitivity":0.738,"currentZoomForScroll":1.0443850698041894,"maxScrollStepX":22,"maxScrollStepY":22,"diagonalEvents":1,"clippedEvents":0}
[DebugBridge +14311.2ms] wheel_scroll_motion {"eventCount":2,"rawAbsX":64,"rawAbsY":492,"rawX":64,"rawY":492,"clippedAbsX":50.9689563258415,"clippedAbsY":58.9689563258415,"clippedX":50.9689563258415,"clippedY":58.9689563258415,"requestedAppliedX":34.14878079162393,"requestedAppliedY":40.052780791623924,"appliedX":22,"appliedY":22,"actualX":22,"actualY":22,"sensitivity":0.6642,"currentZoomForScroll":1.0443850698041894,"maxScrollStepX":22,"maxScrollStepY":22,"diagonalEvents":2,"clippedEvents":1}
[DebugBridge +14335.7ms] wheel_scroll_motion {"eventCount":1,"rawAbsX":2,"rawAbsY":10,"rawX":2,"rawY":10,"clippedAbsX":2,"clippedAbsY":10,"clippedX":2,"clippedY":10,"requestedAppliedX":1.476,"requestedAppliedY":7.38,"appliedX":1.476,"appliedY":7.38,"actualX":1,"actualY":7,"sensitivity":0.738,"currentZoomForScroll":1.0443850698041894,"maxScrollStepX":22,"maxScrollStepY":22,"diagonalEvents":1,"clippedEvents":0}
[DebugBridge +14350.1ms] wheel_scroll_motion {"eventCount":1,"rawAbsX":10,"rawAbsY":258,"rawX":10,"rawY":258,"clippedAbsX":10,"clippedAbsY":46.9689563258415,"clippedX":10,"clippedY":46.9689563258415,"requestedAppliedX":6.642,"requestedAppliedY":31.196780791623926,"appliedX":6.642,"appliedY":22,"actualX":6.5,"actualY":22,"sensitivity":0.6642,"currentZoomForScroll":1.0443850698041894,"maxScrollStepX":22,"maxScrollStepY":22,"diagonalEvents":1,"clippedEvents":1}
[DebugBridge +14356.2ms] wheel_scroll_motion {"eventCount":1,"rawAbsX":0,"rawAbsY":62,"rawX":0,"rawY":62,"clippedAbsX":0,"clippedAbsY":46.9689563258415,"clippedX":0,"clippedY":46.9689563258415,"requestedAppliedX":0,"requestedAppliedY":34.66308976847103,"appliedX":0,"appliedY":22,"actualX":0,"actualY":22,"sensitivity":0.738,"currentZoomForScroll":1.0443850698041894,"maxScrollStepX":22,"maxScrollStepY":22,"diagonalEvents":0,"clippedEvents":1}
[DebugBridge +14367.8ms] wheel_scroll_motion {"eventCount":1,"rawAbsX":0,"rawAbsY":92,"rawX":0,"rawY":92,"clippedAbsX":0,"clippedAbsY":46.9689563258415,"clippedX":0,"clippedY":46.9689563258415,"requestedAppliedX":0,"requestedAppliedY":34.66308976847103,"appliedX":0,"appliedY":22,"actualX":0,"actualY":22,"sensitivity":0.738,"currentZoomForScroll":1.0443850698041894,"maxScrollStepX":22,"maxScrollStepY":22,"diagonalEvents":0,"clippedEvents":1}
[DebugBridge +14383.4ms] wheel_scroll_motion {"eventCount":1,"rawAbsX":0,"rawAbsY":96,"rawX":0,"rawY":96,"clippedAbsX":0,"clippedAbsY":46.9689563258415,"clippedX":0,"clippedY":46.9689563258415,"requestedAppliedX":0,"requestedAppliedY":34.66308976847103,"appliedX":0,"appliedY":22,"actualX":0,"actualY":22,"sensitivity":0.738,"currentZoomForScroll":1.0443850698041894,"maxScrollStepX":22,"maxScrollStepY":22,"diagonalEvents":0,"clippedEvents":1}
[DebugBridge +14394.7ms] wheel_scroll_motion {"eventCount":1,"rawAbsX":0,"rawAbsY":116,"rawX":0,"rawY":116,"clippedAbsX":0,"clippedAbsY":46.9689563258415,"clippedX":0,"clippedY":46.9689563258415,"requestedAppliedX":0,"requestedAppliedY":34.66308976847103,"appliedX":0,"appliedY":22,"actualX":0,"actualY":22,"sensitivity":0.738,"currentZoomForScroll":1.0443850698041894,"maxScrollStepX":22,"maxScrollStepY":22,"diagonalEvents":0,"clippedEvents":1}
[DebugBridge +14400.3ms] wheel_scroll_motion {"eventCount":1,"rawAbsX":0,"rawAbsY":118,"rawX":0,"rawY":118,"clippedAbsX":0,"clippedAbsY":46.9689563258415,"clippedX":0,"clippedY":46.9689563258415,"requestedAppliedX":0,"requestedAppliedY":34.66308976847103,"appliedX":0,"appliedY":22,"actualX":0,"actualY":22,"sensitivity":0.738,"currentZoomForScroll":1.0443850698041894,"maxScrollStepX":22,"maxScrollStepY":22,"diagonalEvents":0,"clippedEvents":1}
[DebugBridge +14413.3ms] wheel_scroll_motion {"eventCount":1,"rawAbsX":0,"rawAbsY":236,"rawX":0,"rawY":236,"clippedAbsX":0,"clippedAbsY":46.9689563258415,"clippedX":0,"clippedY":46.9689563258415,"requestedAppliedX":0,"requestedAppliedY":34.66308976847103,"appliedX":0,"appliedY":22,"actualX":0,"actualY":22,"sensitivity":0.738,"currentZoomForScroll":1.0443850698041894,"maxScrollStepX":22,"maxScrollStepY":22,"diagonalEvents":0,"clippedEvents":1}
[DebugBridge +14419.9ms] wheel_scroll_motion {"eventCount":1,"rawAbsX":0,"rawAbsY":116,"rawX":0,"rawY":116,"clippedAbsX":0,"clippedAbsY":46.9689563258415,"clippedX":0,"clippedY":46.9689563258415,"requestedAppliedX":0,"requestedAppliedY":34.66308976847103,"appliedX":0,"appliedY":22,"actualX":0,"actualY":22,"sensitivity":0.738,"currentZoomForScroll":1.0443850698041894,"maxScrollStepX":22,"maxScrollStepY":22,"diagonalEvents":0,"clippedEvents":1}
[DebugBridge +14426.8ms] wheel_scroll_motion {"eventCount":1,"rawAbsX":0,"rawAbsY":112,"rawX":0,"rawY":112,"clippedAbsX":0,"clippedAbsY":46.9689563258415,"clippedX":0,"clippedY":46.9689563258415,"requestedAppliedX":0,"requestedAppliedY":34.66308976847103,"appliedX":0,"appliedY":22,"actualX":0,"actualY":22,"sensitivity":0.738,"currentZoomForScroll":1.0443850698041894,"maxScrollStepX":22,"maxScrollStepY":22,"diagonalEvents":0,"clippedEvents":1}
[DebugBridge +14434.2ms] wheel_scroll_motion {"eventCount":1,"rawAbsX":0,"rawAbsY":108,"rawX":0,"rawY":108,"clippedAbsX":0,"clippedAbsY":46.9689563258415,"clippedX":0,"clippedY":46.9689563258415,"requestedAppliedX":0,"requestedAppliedY":34.66308976847103,"appliedX":0,"appliedY":22,"actualX":0,"actualY":22,"sensitivity":0.738,"currentZoomForScroll":1.0443850698041894,"maxScrollStepX":22,"maxScrollStepY":22,"diagonalEvents":0,"clippedEvents":1}
[DebugBridge +14442.3ms] wheel_scroll_motion {"eventCount":1,"rawAbsX":0,"rawAbsY":106,"rawX":0,"rawY":106,"clippedAbsX":0,"clippedAbsY":46.9689563258415,"clippedX":0,"clippedY":46.9689563258415,"requestedAppliedX":0,"requestedAppliedY":34.66308976847103,"appliedX":0,"appliedY":22,"actualX":0,"actualY":22,"sensitivity":0.738,"currentZoomForScroll":1.0443850698041894,"maxScrollStepX":22,"maxScrollStepY":22,"diagonalEvents":0,"clippedEvents":1}
[DebugBridge +14671.4ms] wheel_scroll_motion {"eventCount":2,"rawAbsX":0,"rawAbsY":208,"rawX":0,"rawY":208,"clippedAbsX":0,"clippedAbsY":93.937912651683,"clippedX":0,"clippedY":93.937912651683,"requestedAppliedX":0,"requestedAppliedY":69.32617953694206,"appliedX":0,"appliedY":22,"actualX":0,"actualY":22,"sensitivity":0.738,"currentZoomForScroll":1.0443850698041894,"maxScrollStepX":22,"maxScrollStepY":22,"diagonalEvents":0,"clippedEvents":2}
[DebugBridge +14715.4ms] wheel_scroll_motion {"eventCount":3,"rawAbsX":10,"rawAbsY":1680,"rawX":10,"rawY":1680,"clippedAbsX":10,"clippedAbsY":97.937912651683,"clippedX":10,"clippedY":97.937912651683,"requestedAppliedX":6.642,"requestedAppliedY":69.13987056009496,"appliedX":6.642,"appliedY":22,"actualX":6.5,"actualY":22,"sensitivity":0.6642,"currentZoomForScroll":1.0443850698041894,"maxScrollStepX":22,"maxScrollStepY":22,"diagonalEvents":1,"clippedEvents":2}
[DebugBridge +14724.5ms] page_visit_start {"page":4,"pageCount":36,"revisited":false,"hasContainer":true,"hasPdfSurface":true,"spinnerVisible":true,"hasAnnotationOverlay":false,"ready":true}
[DebugBridge +14726.1ms] wheel_scroll_motion {"eventCount":1,"rawAbsX":4,"rawAbsY":80,"rawX":4,"rawY":80,"clippedAbsX":4,"clippedAbsY":46.9689563258415,"clippedX":4,"clippedY":46.9689563258415,"requestedAppliedX":2.6568,"requestedAppliedY":31.196780791623926,"appliedX":2.6568,"appliedY":22,"actualX":2.5,"actualY":22,"sensitivity":0.6642,"currentZoomForScroll":1.0443850698041894,"maxScrollStepX":22,"maxScrollStepY":22,"diagonalEvents":1,"clippedEvents":1}
[DebugBridge +14726.2ms] page_visit_ready {"page":4,"pageCount":36,"revisited":false,"waitMs":2,"hasContainer":true,"hasPdfSurface":true,"spinnerVisible":true,"hasAnnotationOverlay":false,"ready":true}
[DebugBridge +14841.7ms] wheel_scroll_motion {"eventCount":2,"rawAbsX":8,"rawAbsY":174,"rawX":8,"rawY":174,"clippedAbsX":8,"clippedAbsY":93.937912651683,"clippedX":8,"clippedY":93.937912651683,"requestedAppliedX":5.3136,"requestedAppliedY":62.39356158324785,"appliedX":5.3136,"appliedY":22,"actualX":5,"actualY":22,"sensitivity":0.6642,"currentZoomForScroll":1.0443850698041894,"maxScrollStepX":22,"maxScrollStepY":22,"diagonalEvents":2,"clippedEvents":2}
[DebugBridge +14850.2ms] wheel_scroll_motion {"eventCount":1,"rawAbsX":12,"rawAbsY":664,"rawX":12,"rawY":664,"clippedAbsX":12,"clippedAbsY":46.9689563258415,"clippedX":12,"clippedY":46.9689563258415,"requestedAppliedX":7.9704,"requestedAppliedY":31.196780791623926,"appliedX":7.9704,"appliedY":22,"actualX":7.5,"actualY":22,"sensitivity":0.6642,"currentZoomForScroll":1.0443850698041894,"maxScrollStepX":22,"maxScrollStepY":22,"diagonalEvents":1,"clippedEvents":1}
[DebugBridge +14853.7ms] wheel_scroll_motion {"eventCount":1,"rawAbsX":0,"rawAbsY":140,"rawX":0,"rawY":140,"clippedAbsX":0,"clippedAbsY":46.9689563258415,"clippedX":0,"clippedY":46.9689563258415,"requestedAppliedX":0,"requestedAppliedY":34.66308976847103,"appliedX":0,"appliedY":22,"actualX":0,"actualY":22,"sensitivity":0.738,"currentZoomForScroll":1.0443850698041894,"maxScrollStepX":22,"maxScrollStepY":22,"diagonalEvents":0,"clippedEvents":1}
[DebugBridge +14918.4ms] wheel_scroll_motion {"eventCount":2,"rawAbsX":0,"rawAbsY":1130,"rawX":0,"rawY":1130,"clippedAbsX":0,"clippedAbsY":93.937912651683,"clippedX":0,"clippedY":93.937912651683,"requestedAppliedX":0,"requestedAppliedY":69.32617953694206,"appliedX":0,"appliedY":22,"actualX":0,"actualY":22,"sensitivity":0.738,"currentZoomForScroll":1.0443850698041894,"maxScrollStepX":22,"maxScrollStepY":22,"diagonalEvents":0,"clippedEvents":2}
[DebugBridge +14925.7ms] wheel_scroll_motion {"eventCount":1,"rawAbsX":0,"rawAbsY":704,"rawX":0,"rawY":704,"clippedAbsX":0,"clippedAbsY":46.9689563258415,"clippedX":0,"clippedY":46.9689563258415,"requestedAppliedX":0,"requestedAppliedY":34.66308976847103,"appliedX":0,"appliedY":22,"actualX":0,"actualY":22,"sensitivity":0.738,"currentZoomForScroll":1.0443850698041894,"maxScrollStepX":22,"maxScrollStepY":22,"diagonalEvents":0,"clippedEvents":1}
[DebugBridge +14932.7ms] wheel_scroll_motion {"eventCount":1,"rawAbsX":0,"rawAbsY":108,"rawX":0,"rawY":108,"clippedAbsX":0,"clippedAbsY":46.9689563258415,"clippedX":0,"clippedY":46.9689563258415,"requestedAppliedX":0,"requestedAppliedY":34.66308976847103,"appliedX":0,"appliedY":22,"actualX":0,"actualY":22,"sensitivity":0.738,"currentZoomForScroll":1.0443850698041894,"maxScrollStepX":22,"maxScrollStepY":22,"diagonalEvents":0,"clippedEvents":1}
[DebugBridge +14937.9ms] wheel_scroll_motion {"eventCount":1,"rawAbsX":0,"rawAbsY":106,"rawX":0,"rawY":106,"clippedAbsX":0,"clippedAbsY":46.9689563258415,"clippedX":0,"clippedY":46.9689563258415,"requestedAppliedX":0,"requestedAppliedY":34.66308976847103,"appliedX":0,"appliedY":22,"actualX":0,"actualY":22,"sensitivity":0.738,"currentZoomForScroll":1.0443850698041894,"maxScrollStepX":22,"maxScrollStepY":22,"diagonalEvents":0,"clippedEvents":1}
[DebugBridge +14945.3ms] wheel_scroll_motion {"eventCount":1,"rawAbsX":0,"rawAbsY":104,"rawX":0,"rawY":104,"clippedAbsX":0,"clippedAbsY":46.9689563258415,"clippedX":0,"clippedY":46.9689563258415,"requestedAppliedX":0,"requestedAppliedY":34.66308976847103,"appliedX":0,"appliedY":22,"actualX":0,"actualY":22,"sensitivity":0.738,"currentZoomForScroll":1.0443850698041894,"maxScrollStepX":22,"maxScrollStepY":22,"diagonalEvents":0,"clippedEvents":1}
[DebugBridge +14951.0ms] wheel_scroll_motion {"eventCount":1,"rawAbsX":0,"rawAbsY":100,"rawX":0,"rawY":100,"clippedAbsX":0,"clippedAbsY":46.9689563258415,"clippedX":0,"clippedY":46.9689563258415,"requestedAppliedX":0,"requestedAppliedY":34.66308976847103,"appliedX":0,"appliedY":22,"actualX":0,"actualY":22,"sensitivity":0.738,"currentZoomForScroll":1.0443850698041894,"maxScrollStepX":22,"maxScrollStepY":22,"diagonalEvents":0,"clippedEvents":1}
[DebugBridge +15337.6ms] wheel_scroll_motion {"eventCount":2,"rawAbsX":0,"rawAbsY":196,"rawX":0,"rawY":196,"clippedAbsX":0,"clippedAbsY":93.937912651683,"clippedX":0,"clippedY":93.937912651683,"requestedAppliedX":0,"requestedAppliedY":69.32617953694206,"appliedX":0,"appliedY":22,"actualX":0,"actualY":22,"sensitivity":0.738,"currentZoomForScroll":1.0443850698041894,"maxScrollStepX":22,"maxScrollStepY":22,"diagonalEvents":0,"clippedEvents":2}
[DebugBridge +15344.5ms] wheel_scroll_motion {"eventCount":1,"rawAbsX":0,"rawAbsY":1174,"rawX":0,"rawY":1174,"clippedAbsX":0,"clippedAbsY":46.9689563258415,"clippedX":0,"clippedY":46.9689563258415,"requestedAppliedX":0,"requestedAppliedY":34.66308976847103,"appliedX":0,"appliedY":22,"actualX":0,"actualY":22,"sensitivity":0.738,"currentZoomForScroll":1.0443850698041894,"maxScrollStepX":22,"maxScrollStepY":22,"diagonalEvents":0,"clippedEvents":1}
[DebugBridge +15403.0ms] wheel_scroll_motion {"eventCount":2,"rawAbsX":14,"rawAbsY":1118,"rawX":-14,"rawY":1118,"clippedAbsX":14,"clippedAbsY":50.9689563258415,"clippedX":-14,"clippedY":50.9689563258415,"requestedAppliedX":-9.2988,"requestedAppliedY":34.47678079162392,"appliedX":-9.2988,"appliedY":22,"actualX":-9.5,"actualY":22,"sensitivity":0.6642,"currentZoomForScroll":1.0443850698041894,"maxScrollStepX":22,"maxScrollStepY":22,"diagonalEvents":1,"clippedEvents":1}
[DebugBridge +15409.0ms] wheel_scroll_motion {"eventCount":1,"rawAbsX":0,"rawAbsY":148,"rawX":0,"rawY":148,"clippedAbsX":0,"clippedAbsY":46.9689563258415,"clippedX":0,"clippedY":46.9689563258415,"requestedAppliedX":0,"requestedAppliedY":34.66308976847103,"appliedX":0,"appliedY":22,"actualX":0,"actualY":22,"sensitivity":0.738,"currentZoomForScroll":1.0443850698041894,"maxScrollStepX":22,"maxScrollStepY":22,"diagonalEvents":0,"clippedEvents":1}
[DebugBridge +15421.3ms] wheel_scroll_motion {"eventCount":2,"rawAbsX":0,"rawAbsY":2254,"rawX":0,"rawY":2254,"clippedAbsX":0,"clippedAbsY":93.937912651683,"clippedX":0,"clippedY":93.937912651683,"requestedAppliedX":0,"requestedAppliedY":69.32617953694206,"appliedX":0,"appliedY":22,"actualX":0,"actualY":22,"sensitivity":0.738,"currentZoomForScroll":1.0443850698041894,"maxScrollStepX":22,"maxScrollStepY":22,"diagonalEvents":0,"clippedEvents":2}
[DebugBridge +15424.6ms] wheel_scroll_motion {"eventCount":1,"rawAbsX":0,"rawAbsY":106,"rawX":0,"rawY":106,"clippedAbsX":0,"clippedAbsY":46.9689563258415,"clippedX":0,"clippedY":46.9689563258415,"requestedAppliedX":0,"requestedAppliedY":34.66308976847103,"appliedX":0,"appliedY":22,"actualX":0,"actualY":22,"sensitivity":0.738,"currentZoomForScroll":1.0443850698041894,"maxScrollStepX":22,"maxScrollStepY":22,"diagonalEvents":0,"clippedEvents":1}
[DebugBridge +15470.0ms] wheel_scroll_motion {"eventCount":1,"rawAbsX":0,"rawAbsY":106,"rawX":0,"rawY":106,"clippedAbsX":0,"clippedAbsY":46.9689563258415,"clippedX":0,"clippedY":46.9689563258415,"requestedAppliedX":0,"requestedAppliedY":34.66308976847103,"appliedX":0,"appliedY":22,"actualX":0,"actualY":22,"sensitivity":0.738,"currentZoomForScroll":1.0443850698041894,"maxScrollStepX":22,"maxScrollStepY":22,"diagonalEvents":0,"clippedEvents":1}
[DebugBridge +15476.2ms] wheel_scroll_motion {"eventCount":1,"rawAbsX":0,"rawAbsY":390,"rawX":0,"rawY":390,"clippedAbsX":0,"clippedAbsY":46.9689563258415,"clippedX":0,"clippedY":46.9689563258415,"requestedAppliedX":0,"requestedAppliedY":34.66308976847103,"appliedX":0,"appliedY":22,"actualX":0,"actualY":22,"sensitivity":0.738,"currentZoomForScroll":1.0443850698041894,"maxScrollStepX":22,"maxScrollStepY":22,"diagonalEvents":0,"clippedEvents":1}
[DebugBridge +15483.2ms] wheel_scroll_motion {"eventCount":1,"rawAbsX":0,"rawAbsY":92,"rawX":0,"rawY":92,"clippedAbsX":0,"clippedAbsY":46.9689563258415,"clippedX":0,"clippedY":46.9689563258415,"requestedAppliedX":0,"requestedAppliedY":34.66308976847103,"appliedX":0,"appliedY":22,"actualX":0,"actualY":22,"sensitivity":0.738,"currentZoomForScroll":1.0443850698041894,"maxScrollStepX":22,"maxScrollStepY":22,"diagonalEvents":0,"clippedEvents":1}
[DebugBridge +15582.0ms] wheel_scroll_motion {"eventCount":3,"rawAbsX":0,"rawAbsY":266,"rawX":0,"rawY":266,"clippedAbsX":0,"clippedAbsY":140.9068689775245,"clippedX":0,"clippedY":140.9068689775245,"requestedAppliedX":0,"requestedAppliedY":103.9892693054131,"appliedX":0,"appliedY":22,"actualX":0,"actualY":22,"sensitivity":0.738,"currentZoomForScroll":1.0443850698041894,"maxScrollStepX":22,"maxScrollStepY":22,"diagonalEvents":0,"clippedEvents":3}
[DebugBridge +15591.2ms] wheel_scroll_motion {"eventCount":1,"rawAbsX":0,"rawAbsY":722,"rawX":0,"rawY":722,"clippedAbsX":0,"clippedAbsY":46.9689563258415,"clippedX":0,"clippedY":46.9689563258415,"requestedAppliedX":0,"requestedAppliedY":34.66308976847103,"appliedX":0,"appliedY":22,"actualX":0,"actualY":22,"sensitivity":0.738,"currentZoomForScroll":1.0443850698041894,"maxScrollStepX":22,"maxScrollStepY":22,"diagonalEvents":0,"clippedEvents":1}
[DebugBridge +15602.8ms] wheel_scroll_motion {"eventCount":1,"rawAbsX":0,"rawAbsY":58,"rawX":0,"rawY":58,"clippedAbsX":0,"clippedAbsY":46.9689563258415,"clippedX":0,"clippedY":46.9689563258415,"requestedAppliedX":0,"requestedAppliedY":34.66308976847103,"appliedX":0,"appliedY":22,"actualX":0,"actualY":22,"sensitivity":0.738,"currentZoomForScroll":1.0443850698041894,"maxScrollStepX":22,"maxScrollStepY":22,"diagonalEvents":0,"clippedEvents":1}
[DebugBridge +15621.6ms] wheel_scroll_motion {"eventCount":2,"rawAbsX":0,"rawAbsY":112,"rawX":0,"rawY":112,"clippedAbsX":0,"clippedAbsY":93.937912651683,"clippedX":0,"clippedY":93.937912651683,"requestedAppliedX":0,"requestedAppliedY":69.32617953694206,"appliedX":0,"appliedY":22,"actualX":0,"actualY":22,"sensitivity":0.738,"currentZoomForScroll":1.0443850698041894,"maxScrollStepX":22,"maxScrollStepY":22,"diagonalEvents":0,"clippedEvents":2}
[DebugBridge +15658.4ms] wheel_scroll_motion {"eventCount":1,"rawAbsX":0,"rawAbsY":4,"rawX":0,"rawY":4,"clippedAbsX":0,"clippedAbsY":4,"clippedX":0,"clippedY":4,"requestedAppliedX":0,"requestedAppliedY":3.28,"appliedX":0,"appliedY":3.28,"actualX":0,"actualY":3,"sensitivity":0.82,"currentZoomForScroll":1.0443850698041894,"maxScrollStepX":22,"maxScrollStepY":22,"diagonalEvents":0,"clippedEvents":0}
[DebugBridge +15666.8ms] wheel_scroll_motion {"eventCount":1,"rawAbsX":2,"rawAbsY":6,"rawX":-2,"rawY":6,"clippedAbsX":2,"clippedAbsY":6,"clippedX":-2,"clippedY":6,"requestedAppliedX":-1.476,"requestedAppliedY":4.428,"appliedX":-1.476,"appliedY":4.428,"actualX":-1.5,"actualY":4,"sensitivity":0.738,"currentZoomForScroll":1.0443850698041894,"maxScrollStepX":22,"maxScrollStepY":22,"diagonalEvents":1,"clippedEvents":0}
[DebugBridge +15672.7ms] wheel_scroll_motion {"eventCount":1,"rawAbsX":2,"rawAbsY":2,"rawX":-2,"rawY":2,"clippedAbsX":2,"clippedAbsY":2,"clippedX":-2,"clippedY":2,"requestedAppliedX":-1.476,"requestedAppliedY":1.476,"appliedX":-1.476,"appliedY":1.476,"actualX":-1.5,"actualY":1,"sensitivity":0.738,"currentZoomForScroll":1.0443850698041894,"maxScrollStepX":22,"maxScrollStepY":22,"diagonalEvents":1,"clippedEvents":0}
[DebugBridge +15680.3ms] wheel_scroll_motion {"eventCount":1,"rawAbsX":4,"rawAbsY":12,"rawX":-4,"rawY":12,"clippedAbsX":4,"clippedAbsY":12,"clippedX":-4,"clippedY":12,"requestedAppliedX":-2.952,"requestedAppliedY":8.856,"appliedX":-2.952,"appliedY":8.856,"actualX":-3,"actualY":8.5,"sensitivity":0.738,"currentZoomForScroll":1.0443850698041894,"maxScrollStepX":22,"maxScrollStepY":22,"diagonalEvents":1,"clippedEvents":0}
[DebugBridge +15684.5ms] wheel_scroll_motion {"eventCount":2,"rawAbsX":4,"rawAbsY":18,"rawX":-4,"rawY":18,"clippedAbsX":4,"clippedAbsY":18,"clippedX":-4,"clippedY":18,"requestedAppliedX":-2.952,"requestedAppliedY":13.283999999999999,"appliedX":-2.952,"appliedY":13.283999999999999,"actualX":-3,"actualY":13,"sensitivity":0.738,"currentZoomForScroll":1.0443850698041894,"maxScrollStepX":22,"maxScrollStepY":22,"diagonalEvents":2,"clippedEvents":0}
[DebugBridge +15694.6ms] wheel_scroll_motion {"eventCount":2,"rawAbsX":4,"rawAbsY":26,"rawX":-4,"rawY":26,"clippedAbsX":4,"clippedAbsY":26,"clippedX":-4,"clippedY":26,"requestedAppliedX":-2.952,"requestedAppliedY":19.188,"appliedX":-2.952,"appliedY":19.188,"actualX":-3,"actualY":19,"sensitivity":0.738,"currentZoomForScroll":1.0443850698041894,"maxScrollStepX":22,"maxScrollStepY":22,"diagonalEvents":2,"clippedEvents":0}
[DebugBridge +15701.1ms] wheel_scroll_motion {"eventCount":2,"rawAbsX":4,"rawAbsY":46,"rawX":-4,"rawY":46,"clippedAbsX":4,"clippedAbsY":46,"clippedX":-4,"clippedY":46,"requestedAppliedX":-2.952,"requestedAppliedY":33.948,"appliedX":-2.952,"appliedY":22,"actualX":-3,"actualY":22,"sensitivity":0.738,"currentZoomForScroll":1.0443850698041894,"maxScrollStepX":22,"maxScrollStepY":22,"diagonalEvents":2,"clippedEvents":0}
[DebugBridge +15708.9ms] wheel_scroll_motion {"eventCount":2,"rawAbsX":4,"rawAbsY":56,"rawX":-4,"rawY":56,"clippedAbsX":4,"clippedAbsY":56,"clippedX":-4,"clippedY":56,"requestedAppliedX":-2.952,"requestedAppliedY":41.328,"appliedX":-2.952,"appliedY":22,"actualX":-3,"actualY":22,"sensitivity":0.738,"currentZoomForScroll":1.0443850698041894,"maxScrollStepX":22,"maxScrollStepY":22,"diagonalEvents":2,"clippedEvents":0}
[DebugBridge +15716.2ms] wheel_scroll_motion {"eventCount":2,"rawAbsX":4,"rawAbsY":94,"rawX":-4,"rawY":94,"clippedAbsX":4,"clippedAbsY":62.9689563258415,"clippedX":-4,"clippedY":62.9689563258415,"requestedAppliedX":-2.8044000000000002,"requestedAppliedY":43.00478079162393,"appliedX":-2.8044000000000002,"appliedY":22,"actualX":-3,"actualY":22,"sensitivity":0.738,"currentZoomForScroll":1.0443850698041894,"maxScrollStepX":22,"maxScrollStepY":22,"diagonalEvents":2,"clippedEvents":1}
[DebugBridge +15724.1ms] wheel_scroll_motion {"eventCount":2,"rawAbsX":0,"rawAbsY":92,"rawX":0,"rawY":92,"clippedAbsX":0,"clippedAbsY":56.9689563258415,"clippedX":0,"clippedY":56.9689563258415,"requestedAppliedX":0,"requestedAppliedY":42.86308976847103,"appliedX":0,"appliedY":22,"actualX":0,"actualY":22,"sensitivity":0.82,"currentZoomForScroll":1.0443850698041894,"maxScrollStepX":22,"maxScrollStepY":22,"diagonalEvents":0,"clippedEvents":1}
[DebugBridge +15733.3ms] wheel_scroll_motion {"eventCount":1,"rawAbsX":2,"rawAbsY":92,"rawX":-2,"rawY":92,"clippedAbsX":2,"clippedAbsY":46.9689563258415,"clippedX":-2,"clippedY":46.9689563258415,"requestedAppliedX":-1.3284,"requestedAppliedY":31.196780791623926,"appliedX":-1.3284,"appliedY":22,"actualX":-1.5,"actualY":22,"sensitivity":0.6642,"currentZoomForScroll":1.0443850698041894,"maxScrollStepX":22,"maxScrollStepY":22,"diagonalEvents":1,"clippedEvents":1}
[DebugBridge +15779.3ms] wheel_scroll_motion {"eventCount":2,"rawAbsX":4,"rawAbsY":172,"rawX":-4,"rawY":172,"clippedAbsX":4,"clippedAbsY":93.937912651683,"clippedX":-4,"clippedY":93.937912651683,"requestedAppliedX":-2.6568,"requestedAppliedY":62.39356158324785,"appliedX":-2.6568,"appliedY":22,"actualX":-3,"actualY":22,"sensitivity":0.6642,"currentZoomForScroll":1.0443850698041894,"maxScrollStepX":22,"maxScrollStepY":22,"diagonalEvents":2,"clippedEvents":2}
[DebugBridge +15792.9ms] wheel_scroll_motion {"eventCount":1,"rawAbsX":18,"rawAbsY":410,"rawX":-18,"rawY":410,"clippedAbsX":18,"clippedAbsY":46.9689563258415,"clippedX":-18,"clippedY":46.9689563258415,"requestedAppliedX":-11.9556,"requestedAppliedY":31.196780791623926,"appliedX":-11.9556,"appliedY":22,"actualX":-12,"actualY":22,"sensitivity":0.6642,"currentZoomForScroll":1.0443850698041894,"maxScrollStepX":22,"maxScrollStepY":22,"diagonalEvents":1,"clippedEvents":1}
[DebugBridge +15841.9ms] wheel_scroll_motion {"eventCount":1,"rawAbsX":2,"rawAbsY":26,"rawX":-2,"rawY":26,"clippedAbsX":2,"clippedAbsY":26,"clippedX":-2,"clippedY":26,"requestedAppliedX":-1.476,"requestedAppliedY":19.188,"appliedX":-1.476,"appliedY":19.188,"actualX":-1.5,"actualY":19,"sensitivity":0.738,"currentZoomForScroll":1.0443850698041894,"maxScrollStepX":22,"maxScrollStepY":22,"diagonalEvents":1,"clippedEvents":0}
[DebugBridge +15850.8ms] wheel_scroll_motion {"eventCount":1,"rawAbsX":0,"rawAbsY":144,"rawX":0,"rawY":144,"clippedAbsX":0,"clippedAbsY":46.9689563258415,"clippedX":0,"clippedY":46.9689563258415,"requestedAppliedX":0,"requestedAppliedY":34.66308976847103,"appliedX":0,"appliedY":22,"actualX":0,"actualY":22,"sensitivity":0.738,"currentZoomForScroll":1.0443850698041894,"maxScrollStepX":22,"maxScrollStepY":22,"diagonalEvents":0,"clippedEvents":1}
[DebugBridge +15860.1ms] wheel_scroll_motion {"eventCount":2,"rawAbsX":0,"rawAbsY":1154,"rawX":0,"rawY":1154,"clippedAbsX":0,"clippedAbsY":93.937912651683,"clippedX":0,"clippedY":93.937912651683,"requestedAppliedX":0,"requestedAppliedY":69.32617953694206,"appliedX":0,"appliedY":22,"actualX":0,"actualY":22,"sensitivity":0.738,"currentZoomForScroll":1.0443850698041894,"maxScrollStepX":22,"maxScrollStepY":22,"diagonalEvents":0,"clippedEvents":2}
[DebugBridge +15867.2ms] wheel_scroll_motion {"eventCount":1,"rawAbsX":0,"rawAbsY":124,"rawX":0,"rawY":124,"clippedAbsX":0,"clippedAbsY":46.9689563258415,"clippedX":0,"clippedY":46.9689563258415,"requestedAppliedX":0,"requestedAppliedY":34.66308976847103,"appliedX":0,"appliedY":22,"actualX":0,"actualY":22,"sensitivity":0.738,"currentZoomForScroll":1.0443850698041894,"maxScrollStepX":22,"maxScrollStepY":22,"diagonalEvents":0,"clippedEvents":1}
[DebugBridge +15875.8ms] wheel_scroll_motion {"eventCount":1,"rawAbsX":0,"rawAbsY":120,"rawX":0,"rawY":120,"clippedAbsX":0,"clippedAbsY":46.9689563258415,"clippedX":0,"clippedY":46.9689563258415,"requestedAppliedX":0,"requestedAppliedY":34.66308976847103,"appliedX":0,"appliedY":22,"actualX":0,"actualY":22,"sensitivity":0.738,"currentZoomForScroll":1.0443850698041894,"maxScrollStepX":22,"maxScrollStepY":22,"diagonalEvents":0,"clippedEvents":1}
[DebugBridge +15884.8ms] wheel_scroll_motion {"eventCount":1,"rawAbsX":0,"rawAbsY":120,"rawX":0,"rawY":120,"clippedAbsX":0,"clippedAbsY":46.9689563258415,"clippedX":0,"clippedY":46.9689563258415,"requestedAppliedX":0,"requestedAppliedY":34.66308976847103,"appliedX":0,"appliedY":22,"actualX":0,"actualY":22,"sensitivity":0.738,"currentZoomForScroll":1.0443850698041894,"maxScrollStepX":22,"maxScrollStepY":22,"diagonalEvents":0,"clippedEvents":1}
[DebugBridge +15898.3ms] wheel_scroll_motion {"eventCount":1,"rawAbsX":0,"rawAbsY":118,"rawX":0,"rawY":118,"clippedAbsX":0,"clippedAbsY":46.9689563258415,"clippedX":0,"clippedY":46.9689563258415,"requestedAppliedX":0,"requestedAppliedY":34.66308976847103,"appliedX":0,"appliedY":22,"actualX":0,"actualY":22,"sensitivity":0.738,"currentZoomForScroll":1.0443850698041894,"maxScrollStepX":22,"maxScrollStepY":22,"diagonalEvents":0,"clippedEvents":1}
[DebugBridge +15903.2ms] wheel_scroll_motion {"eventCount":1,"rawAbsX":0,"rawAbsY":112,"rawX":0,"rawY":112,"clippedAbsX":0,"clippedAbsY":46.9689563258415,"clippedX":0,"clippedY":46.9689563258415,"requestedAppliedX":0,"requestedAppliedY":34.66308976847103,"appliedX":0,"appliedY":22,"actualX":0,"actualY":22,"sensitivity":0.738,"currentZoomForScroll":1.0443850698041894,"maxScrollStepX":22,"maxScrollStepY":22,"diagonalEvents":0,"clippedEvents":1}
[DebugBridge +15913.2ms] wheel_scroll_motion {"eventCount":1,"rawAbsX":0,"rawAbsY":114,"rawX":0,"rawY":114,"clippedAbsX":0,"clippedAbsY":46.9689563258415,"clippedX":0,"clippedY":46.9689563258415,"requestedAppliedX":0,"requestedAppliedY":34.66308976847103,"appliedX":0,"appliedY":22,"actualX":0,"actualY":22,"sensitivity":0.738,"currentZoomForScroll":1.0443850698041894,"maxScrollStepX":22,"maxScrollStepY":22,"diagonalEvents":0,"clippedEvents":1}
[DebugBridge +15920.8ms] wheel_scroll_motion {"eventCount":1,"rawAbsX":0,"rawAbsY":108,"rawX":0,"rawY":108,"clippedAbsX":0,"clippedAbsY":46.9689563258415,"clippedX":0,"clippedY":46.9689563258415,"requestedAppliedX":0,"requestedAppliedY":34.66308976847103,"appliedX":0,"appliedY":22,"actualX":0,"actualY":22,"sensitivity":0.738,"currentZoomForScroll":1.0443850698041894,"maxScrollStepX":22,"maxScrollStepY":22,"diagonalEvents":0,"clippedEvents":1}
[DebugBridge +15926.1ms] wheel_scroll_motion {"eventCount":1,"rawAbsX":0,"rawAbsY":108,"rawX":0,"rawY":108,"clippedAbsX":0,"clippedAbsY":46.9689563258415,"clippedX":0,"clippedY":46.9689563258415,"requestedAppliedX":0,"requestedAppliedY":34.66308976847103,"appliedX":0,"appliedY":22,"actualX":0,"actualY":22,"sensitivity":0.738,"currentZoomForScroll":1.0443850698041894,"maxScrollStepX":22,"maxScrollStepY":22,"diagonalEvents":0,"clippedEvents":1}
[DebugBridge +15938.5ms] wheel_scroll_motion {"eventCount":1,"rawAbsX":0,"rawAbsY":106,"rawX":0,"rawY":106,"clippedAbsX":0,"clippedAbsY":46.9689563258415,"clippedX":0,"clippedY":46.9689563258415,"requestedAppliedX":0,"requestedAppliedY":34.66308976847103,"appliedX":0,"appliedY":22,"actualX":0,"actualY":22,"sensitivity":0.738,"currentZoomForScroll":1.0443850698041894,"maxScrollStepX":22,"maxScrollStepY":22,"diagonalEvents":0,"clippedEvents":1}
[DebugBridge +16568.4ms] wheel_scroll_motion {"eventCount":3,"rawAbsX":0,"rawAbsY":1372,"rawX":0,"rawY":1372,"clippedAbsX":0,"clippedAbsY":140.9068689775245,"clippedX":0,"clippedY":140.9068689775245,"requestedAppliedX":0,"requestedAppliedY":103.9892693054131,"appliedX":0,"appliedY":22,"actualX":0,"actualY":22,"sensitivity":0.738,"currentZoomForScroll":1.0443850698041894,"maxScrollStepX":22,"maxScrollStepY":22,"diagonalEvents":0,"clippedEvents":3}
[DebugBridge +16790.4ms] wheel_scroll_motion {"eventCount":2,"rawAbsX":62,"rawAbsY":1172,"rawX":-62,"rawY":1172,"clippedAbsX":46.9689563258415,"clippedAbsY":50.9689563258415,"clippedX":-46.9689563258415,"clippedY":50.9689563258415,"requestedAppliedX":-31.196780791623926,"requestedAppliedY":34.47678079162392,"appliedX":-22,"appliedY":22,"actualX":-22,"actualY":22,"sensitivity":0.6642,"currentZoomForScroll":1.0443850698041894,"maxScrollStepX":22,"maxScrollStepY":22,"diagonalEvents":1,"clippedEvents":1}
[DebugBridge +16815.3ms] wheel_scroll_motion {"eventCount":6,"rawAbsX":2,"rawAbsY":7096,"rawX":-2,"rawY":7096,"clippedAbsX":2,"clippedAbsY":238.84478162920752,"clippedX":-2,"clippedY":238.84478162920752,"requestedAppliedX":-1.3284,"requestedAppliedY":173.12913986550805,"appliedX":-1.3284,"appliedY":22,"actualX":-1.5,"actualY":22,"sensitivity":0.738,"currentZoomForScroll":1.0443850698041894,"maxScrollStepX":22,"maxScrollStepY":22,"diagonalEvents":1,"clippedEvents":5}
[DebugBridge +16824.2ms] wheel_scroll_motion {"eventCount":1,"rawAbsX":0,"rawAbsY":114,"rawX":0,"rawY":114,"clippedAbsX":0,"clippedAbsY":46.9689563258415,"clippedX":0,"clippedY":46.9689563258415,"requestedAppliedX":0,"requestedAppliedY":34.66308976847103,"appliedX":0,"appliedY":22,"actualX":0,"actualY":22,"sensitivity":0.738,"currentZoomForScroll":1.0443850698041894,"maxScrollStepX":22,"maxScrollStepY":22,"diagonalEvents":0,"clippedEvents":1}
[DebugBridge +16834.3ms] wheel_scroll_motion {"eventCount":1,"rawAbsX":0,"rawAbsY":110,"rawX":0,"rawY":110,"clippedAbsX":0,"clippedAbsY":46.9689563258415,"clippedX":0,"clippedY":46.9689563258415,"requestedAppliedX":0,"requestedAppliedY":34.66308976847103,"appliedX":0,"appliedY":22,"actualX":0,"actualY":22,"sensitivity":0.738,"currentZoomForScroll":1.0443850698041894,"maxScrollStepX":22,"maxScrollStepY":22,"diagonalEvents":0,"clippedEvents":1}
[DebugBridge +17090.2ms] wheel_scroll_motion {"eventCount":2,"rawAbsX":0,"rawAbsY":218,"rawX":0,"rawY":218,"clippedAbsX":0,"clippedAbsY":93.937912651683,"clippedX":0,"clippedY":93.937912651683,"requestedAppliedX":0,"requestedAppliedY":69.32617953694206,"appliedX":0,"appliedY":22,"actualX":0,"actualY":22,"sensitivity":0.738,"currentZoomForScroll":1.0443850698041894,"maxScrollStepX":22,"maxScrollStepY":22,"diagonalEvents":0,"clippedEvents":2}
[DebugBridge +17093.9ms] page_visit_start {"page":5,"pageCount":36,"revisited":false,"hasContainer":true,"hasPdfSurface":true,"spinnerVisible":true,"hasAnnotationOverlay":false,"ready":true}
[DebugBridge +17096.0ms] wheel_scroll_motion {"eventCount":1,"rawAbsX":0,"rawAbsY":2058,"rawX":0,"rawY":2058,"clippedAbsX":0,"clippedAbsY":46.9689563258415,"clippedX":0,"clippedY":46.9689563258415,"requestedAppliedX":0,"requestedAppliedY":34.66308976847103,"appliedX":0,"appliedY":22,"actualX":0,"actualY":22,"sensitivity":0.738,"currentZoomForScroll":1.0443850698041894,"maxScrollStepX":22,"maxScrollStepY":22,"diagonalEvents":0,"clippedEvents":1}
[DebugBridge +17096.2ms] page_visit_ready {"page":5,"pageCount":36,"revisited":false,"waitMs":2,"hasContainer":true,"hasPdfSurface":true,"spinnerVisible":true,"hasAnnotationOverlay":false,"ready":true}
[DebugBridge +17175.7ms] wheel_scroll_motion {"eventCount":1,"rawAbsX":0,"rawAbsY":6,"rawX":0,"rawY":6,"clippedAbsX":0,"clippedAbsY":6,"clippedX":0,"clippedY":6,"requestedAppliedX":0,"requestedAppliedY":4.92,"appliedX":0,"appliedY":4.92,"actualX":0,"actualY":4.5,"sensitivity":0.82,"currentZoomForScroll":1.0443850698041894,"maxScrollStepX":22,"maxScrollStepY":22,"diagonalEvents":0,"clippedEvents":0}
[DebugBridge +17183.3ms] wheel_scroll_motion {"eventCount":1,"rawAbsX":0,"rawAbsY":102,"rawX":0,"rawY":102,"clippedAbsX":0,"clippedAbsY":46.9689563258415,"clippedX":0,"clippedY":46.9689563258415,"requestedAppliedX":0,"requestedAppliedY":34.66308976847103,"appliedX":0,"appliedY":22,"actualX":0,"actualY":22,"sensitivity":0.738,"currentZoomForScroll":1.0443850698041894,"maxScrollStepX":22,"maxScrollStepY":22,"diagonalEvents":0,"clippedEvents":1}
[DebugBridge +17186.6ms] wheel_scroll_motion {"eventCount":1,"rawAbsX":0,"rawAbsY":64,"rawX":0,"rawY":64,"clippedAbsX":0,"clippedAbsY":46.9689563258415,"clippedX":0,"clippedY":46.9689563258415,"requestedAppliedX":0,"requestedAppliedY":34.66308976847103,"appliedX":0,"appliedY":22,"actualX":0,"actualY":22,"sensitivity":0.738,"currentZoomForScroll":1.0443850698041894,"maxScrollStepX":22,"maxScrollStepY":22,"diagonalEvents":0,"clippedEvents":1}
[DebugBridge +17194.0ms] wheel_scroll_motion {"eventCount":2,"rawAbsX":0,"rawAbsY":54,"rawX":0,"rawY":54,"clippedAbsX":0,"clippedAbsY":54,"clippedX":0,"clippedY":54,"requestedAppliedX":0,"requestedAppliedY":44.28,"appliedX":0,"appliedY":22,"actualX":0,"actualY":22,"sensitivity":0.82,"currentZoomForScroll":1.0443850698041894,"maxScrollStepX":22,"maxScrollStepY":22,"diagonalEvents":0,"clippedEvents":0}
[DebugBridge +17357.3ms] wheel_scroll_motion {"eventCount":2,"rawAbsX":0,"rawAbsY":100,"rawX":0,"rawY":100,"clippedAbsX":0,"clippedAbsY":86.9689563258415,"clippedX":0,"clippedY":86.9689563258415,"requestedAppliedX":0,"requestedAppliedY":67.46308976847104,"appliedX":0,"appliedY":22,"actualX":0,"actualY":22,"sensitivity":0.82,"currentZoomForScroll":1.0443850698041894,"maxScrollStepX":22,"maxScrollStepY":22,"diagonalEvents":0,"clippedEvents":1}
[DebugBridge +17360.7ms] wheel_scroll_motion {"eventCount":1,"rawAbsX":48,"rawAbsY":724,"rawX":-48,"rawY":724,"clippedAbsX":46.9689563258415,"clippedAbsY":46.9689563258415,"clippedX":-46.9689563258415,"clippedY":46.9689563258415,"requestedAppliedX":-31.196780791623926,"requestedAppliedY":31.196780791623926,"appliedX":-22,"appliedY":22,"actualX":-22,"actualY":22,"sensitivity":0.6642,"currentZoomForScroll":1.0443850698041894,"maxScrollStepX":22,"maxScrollStepY":22,"diagonalEvents":1,"clippedEvents":1}
[DebugBridge +17369.0ms] wheel_scroll_motion {"eventCount":2,"rawAbsX":0,"rawAbsY":1082,"rawX":0,"rawY":1082,"clippedAbsX":0,"clippedAbsY":93.937912651683,"clippedX":0,"clippedY":93.937912651683,"requestedAppliedX":0,"requestedAppliedY":69.32617953694206,"appliedX":0,"appliedY":22,"actualX":0,"actualY":22,"sensitivity":0.738,"currentZoomForScroll":1.0443850698041894,"maxScrollStepX":22,"maxScrollStepY":22,"diagonalEvents":0,"clippedEvents":2}
[DebugBridge +17403.9ms] wheel_scroll_motion {"eventCount":2,"rawAbsX":0,"rawAbsY":198,"rawX":0,"rawY":198,"clippedAbsX":0,"clippedAbsY":93.937912651683,"clippedX":0,"clippedY":93.937912651683,"requestedAppliedX":0,"requestedAppliedY":69.32617953694206,"appliedX":0,"appliedY":22,"actualX":0,"actualY":22,"sensitivity":0.738,"currentZoomForScroll":1.0443850698041894,"maxScrollStepX":22,"maxScrollStepY":22,"diagonalEvents":0,"clippedEvents":2}
[DebugBridge +17407.2ms] wheel_scroll_motion {"eventCount":1,"rawAbsX":0,"rawAbsY":186,"rawX":0,"rawY":186,"clippedAbsX":0,"clippedAbsY":46.9689563258415,"clippedX":0,"clippedY":46.9689563258415,"requestedAppliedX":0,"requestedAppliedY":34.66308976847103,"appliedX":0,"appliedY":22,"actualX":0,"actualY":22,"sensitivity":0.738,"currentZoomForScroll":1.0443850698041894,"maxScrollStepX":22,"maxScrollStepY":22,"diagonalEvents":0,"clippedEvents":1}
[DebugBridge +17610.1ms] wheel_scroll_motion {"eventCount":2,"rawAbsX":0,"rawAbsY":182,"rawX":0,"rawY":182,"clippedAbsX":0,"clippedAbsY":93.937912651683,"clippedX":0,"clippedY":93.937912651683,"requestedAppliedX":0,"requestedAppliedY":69.32617953694206,"appliedX":0,"appliedY":22,"actualX":0,"actualY":22,"sensitivity":0.738,"currentZoomForScroll":1.0443850698041894,"maxScrollStepX":22,"maxScrollStepY":22,"diagonalEvents":0,"clippedEvents":2}
[DebugBridge +17616.3ms] wheel_scroll_motion {"eventCount":1,"rawAbsX":0,"rawAbsY":1422,"rawX":0,"rawY":1422,"clippedAbsX":0,"clippedAbsY":46.9689563258415,"clippedX":0,"clippedY":46.9689563258415,"requestedAppliedX":0,"requestedAppliedY":34.66308976847103,"appliedX":0,"appliedY":22,"actualX":0,"actualY":22,"sensitivity":0.738,"currentZoomForScroll":1.0443850698041894,"maxScrollStepX":22,"maxScrollStepY":22,"diagonalEvents":0,"clippedEvents":1}
[DebugBridge +17619.0ms] wheel_scroll_motion {"eventCount":1,"rawAbsX":0,"rawAbsY":40,"rawX":0,"rawY":40,"clippedAbsX":0,"clippedAbsY":40,"clippedX":0,"clippedY":40,"requestedAppliedX":0,"requestedAppliedY":32.8,"appliedX":0,"appliedY":22,"actualX":0,"actualY":22,"sensitivity":0.82,"currentZoomForScroll":1.0443850698041894,"maxScrollStepX":22,"maxScrollStepY":22,"diagonalEvents":0,"clippedEvents":0}
[DebugBridge +17732.1ms] wheel_scroll_motion {"eventCount":1,"rawAbsX":0,"rawAbsY":4,"rawX":0,"rawY":4,"clippedAbsX":0,"clippedAbsY":4,"clippedX":0,"clippedY":4,"requestedAppliedX":0,"requestedAppliedY":3.28,"appliedX":0,"appliedY":3.28,"actualX":0,"actualY":3,"sensitivity":0.82,"currentZoomForScroll":1.0443850698041894,"maxScrollStepX":22,"maxScrollStepY":22,"diagonalEvents":0,"clippedEvents":0}
[DebugBridge +17737.8ms] wheel_scroll_motion {"eventCount":1,"rawAbsX":26,"rawAbsY":334,"rawX":-26,"rawY":334,"clippedAbsX":26,"clippedAbsY":46.9689563258415,"clippedX":-26,"clippedY":46.9689563258415,"requestedAppliedX":-17.2692,"requestedAppliedY":31.196780791623926,"appliedX":-17.2692,"appliedY":22,"actualX":-17.5,"actualY":22,"sensitivity":0.6642,"currentZoomForScroll":1.0443850698041894,"maxScrollStepX":22,"maxScrollStepY":22,"diagonalEvents":1,"clippedEvents":1}
[DebugBridge +17743.7ms] wheel_scroll_motion {"eventCount":1,"rawAbsX":2,"rawAbsY":56,"rawX":-2,"rawY":56,"clippedAbsX":2,"clippedAbsY":46.9689563258415,"clippedX":-2,"clippedY":46.9689563258415,"requestedAppliedX":-1.3284,"requestedAppliedY":31.196780791623926,"appliedX":-1.3284,"appliedY":22,"actualX":-1.5,"actualY":22,"sensitivity":0.6642,"currentZoomForScroll":1.0443850698041894,"maxScrollStepX":22,"maxScrollStepY":22,"diagonalEvents":1,"clippedEvents":1}
[DebugBridge +17757.7ms] wheel_scroll_motion {"eventCount":2,"rawAbsX":6,"rawAbsY":134,"rawX":-6,"rawY":134,"clippedAbsX":6,"clippedAbsY":72.9689563258415,"clippedX":-6,"clippedY":72.9689563258415,"requestedAppliedX":-4.1328,"requestedAppliedY":50.384780791623925,"appliedX":-4.1328,"appliedY":22,"actualX":-4.5,"actualY":22,"sensitivity":0.6642,"currentZoomForScroll":1.0443850698041894,"maxScrollStepX":22,"maxScrollStepY":22,"diagonalEvents":2,"clippedEvents":1}
[DebugBridge +17767.6ms] wheel_scroll_motion {"eventCount":1,"rawAbsX":4,"rawAbsY":80,"rawX":-4,"rawY":80,"clippedAbsX":4,"clippedAbsY":46.9689563258415,"clippedX":-4,"clippedY":46.9689563258415,"requestedAppliedX":-2.6568,"requestedAppliedY":31.196780791623926,"appliedX":-2.6568,"appliedY":22,"actualX":-3,"actualY":22,"sensitivity":0.6642,"currentZoomForScroll":1.0443850698041894,"maxScrollStepX":22,"maxScrollStepY":22,"diagonalEvents":1,"clippedEvents":1}
[DebugBridge +17775.6ms] wheel_scroll_motion {"eventCount":1,"rawAbsX":10,"rawAbsY":206,"rawX":-10,"rawY":206,"clippedAbsX":10,"clippedAbsY":46.9689563258415,"clippedX":-10,"clippedY":46.9689563258415,"requestedAppliedX":-6.642,"requestedAppliedY":31.196780791623926,"appliedX":-6.642,"appliedY":22,"actualX":-7,"actualY":22,"sensitivity":0.6642,"currentZoomForScroll":1.0443850698041894,"maxScrollStepX":22,"maxScrollStepY":22,"diagonalEvents":1,"clippedEvents":1}
[DebugBridge +17787.9ms] wheel_scroll_motion {"eventCount":1,"rawAbsX":2,"rawAbsY":18,"rawX":-2,"rawY":18,"clippedAbsX":2,"clippedAbsY":18,"clippedX":-2,"clippedY":18,"requestedAppliedX":-1.476,"requestedAppliedY":13.283999999999999,"appliedX":-1.476,"appliedY":13.283999999999999,"actualX":-1.5,"actualY":13,"sensitivity":0.738,"currentZoomForScroll":1.0443850698041894,"maxScrollStepX":22,"maxScrollStepY":22,"diagonalEvents":1,"clippedEvents":0}
[DebugBridge +17796.1ms] wheel_scroll_motion {"eventCount":1,"rawAbsX":10,"rawAbsY":138,"rawX":-10,"rawY":138,"clippedAbsX":10,"clippedAbsY":46.9689563258415,"clippedX":-10,"clippedY":46.9689563258415,"requestedAppliedX":-6.642,"requestedAppliedY":31.196780791623926,"appliedX":-6.642,"appliedY":22,"actualX":-7,"actualY":22,"sensitivity":0.6642,"currentZoomForScroll":1.0443850698041894,"maxScrollStepX":22,"maxScrollStepY":22,"diagonalEvents":1,"clippedEvents":1}
[DebugBridge +17806.1ms] wheel_scroll_motion {"eventCount":1,"rawAbsX":0,"rawAbsY":140,"rawX":0,"rawY":140,"clippedAbsX":0,"clippedAbsY":46.9689563258415,"clippedX":0,"clippedY":46.9689563258415,"requestedAppliedX":0,"requestedAppliedY":34.66308976847103,"appliedX":0,"appliedY":22,"actualX":0,"actualY":22,"sensitivity":0.738,"currentZoomForScroll":1.0443850698041894,"maxScrollStepX":22,"maxScrollStepY":22,"diagonalEvents":0,"clippedEvents":1}
[DebugBridge +17812.0ms] wheel_scroll_motion {"eventCount":1,"rawAbsX":0,"rawAbsY":156,"rawX":0,"rawY":156,"clippedAbsX":0,"clippedAbsY":46.9689563258415,"clippedX":0,"clippedY":46.9689563258415,"requestedAppliedX":0,"requestedAppliedY":34.66308976847103,"appliedX":0,"appliedY":22,"actualX":0,"actualY":22,"sensitivity":0.738,"currentZoomForScroll":1.0443850698041894,"maxScrollStepX":22,"maxScrollStepY":22,"diagonalEvents":0,"clippedEvents":1}
[DebugBridge +17818.7ms] wheel_scroll_motion {"eventCount":1,"rawAbsX":0,"rawAbsY":152,"rawX":0,"rawY":152,"clippedAbsX":0,"clippedAbsY":46.9689563258415,"clippedX":0,"clippedY":46.9689563258415,"requestedAppliedX":0,"requestedAppliedY":34.66308976847103,"appliedX":0,"appliedY":22,"actualX":0,"actualY":22,"sensitivity":0.738,"currentZoomForScroll":1.0443850698041894,"maxScrollStepX":22,"maxScrollStepY":22,"diagonalEvents":0,"clippedEvents":1}
[DebugBridge +17826.0ms] wheel_scroll_motion {"eventCount":1,"rawAbsX":0,"rawAbsY":150,"rawX":0,"rawY":150,"clippedAbsX":0,"clippedAbsY":46.9689563258415,"clippedX":0,"clippedY":46.9689563258415,"requestedAppliedX":0,"requestedAppliedY":34.66308976847103,"appliedX":0,"appliedY":22,"actualX":0,"actualY":22,"sensitivity":0.738,"currentZoomForScroll":1.0443850698041894,"maxScrollStepX":22,"maxScrollStepY":22,"diagonalEvents":0,"clippedEvents":1}
[DebugBridge +17833.7ms] wheel_scroll_motion {"eventCount":1,"rawAbsX":0,"rawAbsY":146,"rawX":0,"rawY":146,"clippedAbsX":0,"clippedAbsY":46.9689563258415,"clippedX":0,"clippedY":46.9689563258415,"requestedAppliedX":0,"requestedAppliedY":34.66308976847103,"appliedX":0,"appliedY":22,"actualX":0,"actualY":22,"sensitivity":0.738,"currentZoomForScroll":1.0443850698041894,"maxScrollStepX":22,"maxScrollStepY":22,"diagonalEvents":0,"clippedEvents":1}
[DebugBridge +17878.0ms] wheel_scroll_motion {"eventCount":1,"rawAbsX":0,"rawAbsY":142,"rawX":0,"rawY":142,"clippedAbsX":0,"clippedAbsY":46.9689563258415,"clippedX":0,"clippedY":46.9689563258415,"requestedAppliedX":0,"requestedAppliedY":34.66308976847103,"appliedX":0,"appliedY":22,"actualX":0,"actualY":22,"sensitivity":0.738,"currentZoomForScroll":1.0443850698041894,"maxScrollStepX":22,"maxScrollStepY":22,"diagonalEvents":0,"clippedEvents":1}
[DebugBridge +18039.8ms] wheel_scroll_motion {"eventCount":1,"rawAbsX":0,"rawAbsY":134,"rawX":0,"rawY":134,"clippedAbsX":0,"clippedAbsY":46.9689563258415,"clippedX":0,"clippedY":46.9689563258415,"requestedAppliedX":0,"requestedAppliedY":34.66308976847103,"appliedX":0,"appliedY":22,"actualX":0,"actualY":22,"sensitivity":0.738,"currentZoomForScroll":1.0443850698041894,"maxScrollStepX":22,"maxScrollStepY":22,"diagonalEvents":0,"clippedEvents":1}
[DebugBridge +18046.6ms] wheel_scroll_motion {"eventCount":1,"rawAbsX":0,"rawAbsY":2338,"rawX":0,"rawY":2338,"clippedAbsX":0,"clippedAbsY":46.9689563258415,"clippedX":0,"clippedY":46.9689563258415,"requestedAppliedX":0,"requestedAppliedY":34.66308976847103,"appliedX":0,"appliedY":22,"actualX":0,"actualY":22,"sensitivity":0.738,"currentZoomForScroll":1.0443850698041894,"maxScrollStepX":22,"maxScrollStepY":22,"diagonalEvents":0,"clippedEvents":1}
[DebugBridge +18050.9ms] wheel_scroll_motion {"eventCount":1,"rawAbsX":0,"rawAbsY":72,"rawX":0,"rawY":72,"clippedAbsX":0,"clippedAbsY":46.9689563258415,"clippedX":0,"clippedY":46.9689563258415,"requestedAppliedX":0,"requestedAppliedY":34.66308976847103,"appliedX":0,"appliedY":22,"actualX":0,"actualY":22,"sensitivity":0.738,"currentZoomForScroll":1.0443850698041894,"maxScrollStepX":22,"maxScrollStepY":22,"diagonalEvents":0,"clippedEvents":1}
[DebugBridge +18057.4ms] wheel_scroll_motion {"eventCount":1,"rawAbsX":0,"rawAbsY":72,"rawX":0,"rawY":72,"clippedAbsX":0,"clippedAbsY":46.9689563258415,"clippedX":0,"clippedY":46.9689563258415,"requestedAppliedX":0,"requestedAppliedY":34.66308976847103,"appliedX":0,"appliedY":22,"actualX":0,"actualY":22,"sensitivity":0.738,"currentZoomForScroll":1.0443850698041894,"maxScrollStepX":22,"maxScrollStepY":22,"diagonalEvents":0,"clippedEvents":1}
[DebugBridge +18157.9ms] wheel_scroll_motion {"eventCount":2,"rawAbsX":0,"rawAbsY":132,"rawX":0,"rawY":132,"clippedAbsX":0,"clippedAbsY":93.937912651683,"clippedX":0,"clippedY":93.937912651683,"requestedAppliedX":0,"requestedAppliedY":69.32617953694206,"appliedX":0,"appliedY":22,"actualX":0,"actualY":22,"sensitivity":0.738,"currentZoomForScroll":1.0443850698041894,"maxScrollStepX":22,"maxScrollStepY":22,"diagonalEvents":0,"clippedEvents":2}
[DebugBridge +18162.8ms] wheel_scroll_motion {"eventCount":1,"rawAbsX":0,"rawAbsY":406,"rawX":0,"rawY":406,"clippedAbsX":0,"clippedAbsY":46.9689563258415,"clippedX":0,"clippedY":46.9689563258415,"requestedAppliedX":0,"requestedAppliedY":34.66308976847103,"appliedX":0,"appliedY":22,"actualX":0,"actualY":22,"sensitivity":0.738,"currentZoomForScroll":1.0443850698041894,"maxScrollStepX":22,"maxScrollStepY":22,"diagonalEvents":0,"clippedEvents":1}
[DebugBridge +18201.6ms] wheel_scroll_motion {"eventCount":2,"rawAbsX":0,"rawAbsY":14,"rawX":0,"rawY":14,"clippedAbsX":0,"clippedAbsY":14,"clippedX":0,"clippedY":14,"requestedAppliedX":0,"requestedAppliedY":11.479999999999999,"appliedX":0,"appliedY":11.479999999999999,"actualX":0,"actualY":11,"sensitivity":0.82,"currentZoomForScroll":1.0443850698041894,"maxScrollStepX":22,"maxScrollStepY":22,"diagonalEvents":0,"clippedEvents":0}
[DebugBridge +18208.4ms] wheel_scroll_motion {"eventCount":1,"rawAbsX":0,"rawAbsY":30,"rawX":0,"rawY":30,"clippedAbsX":0,"clippedAbsY":30,"clippedX":0,"clippedY":30,"requestedAppliedX":0,"requestedAppliedY":24.599999999999998,"appliedX":0,"appliedY":22,"actualX":0,"actualY":22,"sensitivity":0.82,"currentZoomForScroll":1.0443850698041894,"maxScrollStepX":22,"maxScrollStepY":22,"diagonalEvents":0,"clippedEvents":0}
[DebugBridge +18249.7ms] wheel_scroll_motion {"eventCount":2,"rawAbsX":2,"rawAbsY":370,"rawX":-2,"rawY":370,"clippedAbsX":2,"clippedAbsY":66.9689563258415,"clippedX":-2,"clippedY":66.9689563258415,"requestedAppliedX":-1.3284,"requestedAppliedY":47.59678079162393,"appliedX":-1.3284,"appliedY":22,"actualX":-1.5,"actualY":22,"sensitivity":0.6642,"currentZoomForScroll":1.0443850698041894,"maxScrollStepX":22,"maxScrollStepY":22,"diagonalEvents":1,"clippedEvents":1}
[DebugBridge +18431.6ms] wheel_scroll_motion {"eventCount":3,"rawAbsX":2,"rawAbsY":192,"rawX":-2,"rawY":192,"clippedAbsX":2,"clippedAbsY":125.937912651683,"clippedX":-2,"clippedY":125.937912651683,"requestedAppliedX":-1.3284,"requestedAppliedY":92.09987056009496,"appliedX":-1.3284,"appliedY":22,"actualX":-1.5,"actualY":22,"sensitivity":0.6642,"currentZoomForScroll":1.0443850698041894,"maxScrollStepX":22,"maxScrollStepY":22,"diagonalEvents":1,"clippedEvents":2}
[DebugBridge +18440.9ms] wheel_scroll_motion {"eventCount":1,"rawAbsX":18,"rawAbsY":622,"rawX":-18,"rawY":622,"clippedAbsX":18,"clippedAbsY":46.9689563258415,"clippedX":-18,"clippedY":46.9689563258415,"requestedAppliedX":-11.9556,"requestedAppliedY":31.196780791623926,"appliedX":-11.9556,"appliedY":22,"actualX":-12,"actualY":22,"sensitivity":0.6642,"currentZoomForScroll":1.0443850698041894,"maxScrollStepX":22,"maxScrollStepY":22,"diagonalEvents":1,"clippedEvents":1}
[DebugBridge +18445.3ms] wheel_scroll_motion {"eventCount":1,"rawAbsX":0,"rawAbsY":176,"rawX":0,"rawY":176,"clippedAbsX":0,"clippedAbsY":46.9689563258415,"clippedX":0,"clippedY":46.9689563258415,"requestedAppliedX":0,"requestedAppliedY":34.66308976847103,"appliedX":0,"appliedY":22,"actualX":0,"actualY":22,"sensitivity":0.738,"currentZoomForScroll":1.0443850698041894,"maxScrollStepX":22,"maxScrollStepY":22,"diagonalEvents":0,"clippedEvents":1}
[DebugBridge +18683.4ms] wheel_scroll_motion {"eventCount":2,"rawAbsX":0,"rawAbsY":2470,"rawX":0,"rawY":2470,"clippedAbsX":0,"clippedAbsY":93.937912651683,"clippedX":0,"clippedY":93.937912651683,"requestedAppliedX":0,"requestedAppliedY":69.32617953694206,"appliedX":0,"appliedY":22,"actualX":0,"actualY":22,"sensitivity":0.738,"currentZoomForScroll":1.0443850698041894,"maxScrollStepX":22,"maxScrollStepY":22,"diagonalEvents":0,"clippedEvents":2}
[DebugBridge +18689.8ms] wheel_scroll_motion {"eventCount":1,"rawAbsX":0,"rawAbsY":1580,"rawX":0,"rawY":1580,"clippedAbsX":0,"clippedAbsY":46.9689563258415,"clippedX":0,"clippedY":46.9689563258415,"requestedAppliedX":0,"requestedAppliedY":34.66308976847103,"appliedX":0,"appliedY":22,"actualX":0,"actualY":22,"sensitivity":0.738,"currentZoomForScroll":1.0443850698041894,"maxScrollStepX":22,"maxScrollStepY":22,"diagonalEvents":0,"clippedEvents":1}
[DebugBridge +18730.0ms] wheel_scroll_motion {"eventCount":3,"rawAbsX":14,"rawAbsY":254,"rawX":-14,"rawY":254,"clippedAbsX":14,"clippedAbsY":123.937912651683,"clippedX":-14,"clippedY":123.937912651683,"requestedAppliedX":-9.4464,"requestedAppliedY":87.99987056009496,"appliedX":-9.4464,"appliedY":22,"actualX":-9.5,"actualY":22,"sensitivity":0.738,"currentZoomForScroll":1.0443850698041894,"maxScrollStepX":22,"maxScrollStepY":22,"diagonalEvents":2,"clippedEvents":2}
[DebugBridge +18734.8ms] wheel_scroll_motion {"eventCount":1,"rawAbsX":4,"rawAbsY":266,"rawX":4,"rawY":266,"clippedAbsX":4,"clippedAbsY":46.9689563258415,"clippedX":4,"clippedY":46.9689563258415,"requestedAppliedX":2.6568,"requestedAppliedY":31.196780791623926,"appliedX":2.6568,"appliedY":22,"actualX":2.5,"actualY":22,"sensitivity":0.6642,"currentZoomForScroll":1.0443850698041894,"maxScrollStepX":22,"maxScrollStepY":22,"diagonalEvents":1,"clippedEvents":1}
[DebugBridge +18911.8ms] wheel_scroll_motion {"eventCount":1,"rawAbsX":0,"rawAbsY":210,"rawX":0,"rawY":210,"clippedAbsX":0,"clippedAbsY":46.9689563258415,"clippedX":0,"clippedY":46.9689563258415,"requestedAppliedX":0,"requestedAppliedY":34.66308976847103,"appliedX":0,"appliedY":22,"actualX":0,"actualY":22,"sensitivity":0.738,"currentZoomForScroll":1.0443850698041894,"maxScrollStepX":22,"maxScrollStepY":22,"diagonalEvents":0,"clippedEvents":1}
[DebugBridge +18916.4ms] wheel_scroll_motion {"eventCount":1,"rawAbsX":18,"rawAbsY":374,"rawX":-18,"rawY":374,"clippedAbsX":18,"clippedAbsY":46.9689563258415,"clippedX":-18,"clippedY":46.9689563258415,"requestedAppliedX":-11.9556,"requestedAppliedY":31.196780791623926,"appliedX":-11.9556,"appliedY":22,"actualX":-12,"actualY":22,"sensitivity":0.6642,"currentZoomForScroll":1.0443850698041894,"maxScrollStepX":22,"maxScrollStepY":22,"diagonalEvents":1,"clippedEvents":1}
[DebugBridge +18925.7ms] wheel_scroll_motion {"eventCount":3,"rawAbsX":0,"rawAbsY":2140,"rawX":0,"rawY":2140,"clippedAbsX":0,"clippedAbsY":140.9068689775245,"clippedX":0,"clippedY":140.9068689775245,"requestedAppliedX":0,"requestedAppliedY":103.9892693054131,"appliedX":0,"appliedY":22,"actualX":0,"actualY":22,"sensitivity":0.738,"currentZoomForScroll":1.0443850698041894,"maxScrollStepX":22,"maxScrollStepY":22,"diagonalEvents":0,"clippedEvents":3}
[DebugBridge +18933.4ms] wheel_scroll_motion {"eventCount":1,"rawAbsX":0,"rawAbsY":104,"rawX":0,"rawY":104,"clippedAbsX":0,"clippedAbsY":46.9689563258415,"clippedX":0,"clippedY":46.9689563258415,"requestedAppliedX":0,"requestedAppliedY":34.66308976847103,"appliedX":0,"appliedY":22,"actualX":0,"actualY":22,"sensitivity":0.738,"currentZoomForScroll":1.0443850698041894,"maxScrollStepX":22,"maxScrollStepY":22,"diagonalEvents":0,"clippedEvents":1}
[DebugBridge +18941.3ms] wheel_scroll_motion {"eventCount":1,"rawAbsX":0,"rawAbsY":100,"rawX":0,"rawY":100,"clippedAbsX":0,"clippedAbsY":46.9689563258415,"clippedX":0,"clippedY":46.9689563258415,"requestedAppliedX":0,"requestedAppliedY":34.66308976847103,"appliedX":0,"appliedY":22,"actualX":0,"actualY":22,"sensitivity":0.738,"currentZoomForScroll":1.0443850698041894,"maxScrollStepX":22,"maxScrollStepY":22,"diagonalEvents":0,"clippedEvents":1}
[DebugBridge +19081.9ms] wheel_scroll_motion {"eventCount":1,"rawAbsX":0,"rawAbsY":98,"rawX":0,"rawY":98,"clippedAbsX":0,"clippedAbsY":46.9689563258415,"clippedX":0,"clippedY":46.9689563258415,"requestedAppliedX":0,"requestedAppliedY":34.66308976847103,"appliedX":0,"appliedY":22,"actualX":0,"actualY":22,"sensitivity":0.738,"currentZoomForScroll":1.0443850698041894,"maxScrollStepX":22,"maxScrollStepY":22,"diagonalEvents":0,"clippedEvents":1}
[DebugBridge +19087.7ms] wheel_scroll_motion {"eventCount":1,"rawAbsX":0,"rawAbsY":1240,"rawX":0,"rawY":1240,"clippedAbsX":0,"clippedAbsY":46.9689563258415,"clippedX":0,"clippedY":46.9689563258415,"requestedAppliedX":0,"requestedAppliedY":34.66308976847103,"appliedX":0,"appliedY":22,"actualX":0,"actualY":22,"sensitivity":0.738,"currentZoomForScroll":1.0443850698041894,"maxScrollStepX":22,"maxScrollStepY":22,"diagonalEvents":0,"clippedEvents":1}
[DebugBridge +19094.2ms] wheel_scroll_motion {"eventCount":1,"rawAbsX":0,"rawAbsY":60,"rawX":0,"rawY":60,"clippedAbsX":0,"clippedAbsY":46.9689563258415,"clippedX":0,"clippedY":46.9689563258415,"requestedAppliedX":0,"requestedAppliedY":34.66308976847103,"appliedX":0,"appliedY":22,"actualX":0,"actualY":22,"sensitivity":0.738,"currentZoomForScroll":1.0443850698041894,"maxScrollStepX":22,"maxScrollStepY":22,"diagonalEvents":0,"clippedEvents":1}
[DebugBridge +19274.2ms] wheel_scroll_motion {"eventCount":1,"rawAbsX":0,"rawAbsY":6,"rawX":0,"rawY":6,"clippedAbsX":0,"clippedAbsY":6,"clippedX":0,"clippedY":6,"requestedAppliedX":0,"requestedAppliedY":4.92,"appliedX":0,"appliedY":4.92,"actualX":0,"actualY":4.5,"sensitivity":0.82,"currentZoomForScroll":1.0443850698041894,"maxScrollStepX":22,"maxScrollStepY":22,"diagonalEvents":0,"clippedEvents":0}
[DebugBridge +19277.9ms] wheel_scroll_motion {"eventCount":1,"rawAbsX":38,"rawAbsY":954,"rawX":38,"rawY":954,"clippedAbsX":38,"clippedAbsY":46.9689563258415,"clippedX":38,"clippedY":46.9689563258415,"requestedAppliedX":25.2396,"requestedAppliedY":31.196780791623926,"appliedX":22,"appliedY":22,"actualX":22,"actualY":22,"sensitivity":0.6642,"currentZoomForScroll":1.0443850698041894,"maxScrollStepX":22,"maxScrollStepY":22,"diagonalEvents":1,"clippedEvents":1}
[DebugBridge +19285.3ms] wheel_scroll_motion {"eventCount":1,"rawAbsX":0,"rawAbsY":110,"rawX":0,"rawY":110,"clippedAbsX":0,"clippedAbsY":46.9689563258415,"clippedX":0,"clippedY":46.9689563258415,"requestedAppliedX":0,"requestedAppliedY":34.66308976847103,"appliedX":0,"appliedY":22,"actualX":0,"actualY":22,"sensitivity":0.738,"currentZoomForScroll":1.0443850698041894,"maxScrollStepX":22,"maxScrollStepY":22,"diagonalEvents":0,"clippedEvents":1}
[DebugBridge +19290.9ms] page_visit_start {"page":6,"pageCount":36,"revisited":false,"hasContainer":true,"hasPdfSurface":true,"spinnerVisible":false,"hasAnnotationOverlay":true,"ready":true}
[DebugBridge +19292.8ms] wheel_scroll_motion {"eventCount":2,"rawAbsX":0,"rawAbsY":388,"rawX":0,"rawY":388,"clippedAbsX":0,"clippedAbsY":93.937912651683,"clippedX":0,"clippedY":93.937912651683,"requestedAppliedX":0,"requestedAppliedY":69.32617953694206,"appliedX":0,"appliedY":22,"actualX":0,"actualY":22,"sensitivity":0.738,"currentZoomForScroll":1.0443850698041894,"maxScrollStepX":22,"maxScrollStepY":22,"diagonalEvents":0,"clippedEvents":2}
[DebugBridge +19293.2ms] page_visit_ready {"page":6,"pageCount":36,"revisited":false,"waitMs":2,"hasContainer":true,"hasPdfSurface":true,"spinnerVisible":false,"hasAnnotationOverlay":true,"ready":true}
[DebugBridge +19415.5ms] wheel_scroll_motion {"eventCount":2,"rawAbsX":0,"rawAbsY":254,"rawX":0,"rawY":254,"clippedAbsX":0,"clippedAbsY":93.937912651683,"clippedX":0,"clippedY":93.937912651683,"requestedAppliedX":0,"requestedAppliedY":69.32617953694206,"appliedX":0,"appliedY":22,"actualX":0,"actualY":22,"sensitivity":0.738,"currentZoomForScroll":1.0443850698041894,"maxScrollStepX":22,"maxScrollStepY":22,"diagonalEvents":0,"clippedEvents":2}
[DebugBridge +19427.6ms] wheel_scroll_motion {"eventCount":1,"rawAbsX":0,"rawAbsY":1338,"rawX":0,"rawY":1338,"clippedAbsX":0,"clippedAbsY":46.9689563258415,"clippedX":0,"clippedY":46.9689563258415,"requestedAppliedX":0,"requestedAppliedY":34.66308976847103,"appliedX":0,"appliedY":22,"actualX":0,"actualY":22,"sensitivity":0.738,"currentZoomForScroll":1.0443850698041894,"maxScrollStepX":22,"maxScrollStepY":22,"diagonalEvents":0,"clippedEvents":1}
[DebugBridge +19432.7ms] wheel_scroll_motion {"eventCount":1,"rawAbsX":0,"rawAbsY":172,"rawX":0,"rawY":172,"clippedAbsX":0,"clippedAbsY":46.9689563258415,"clippedX":0,"clippedY":46.9689563258415,"requestedAppliedX":0,"requestedAppliedY":34.66308976847103,"appliedX":0,"appliedY":22,"actualX":0,"actualY":22,"sensitivity":0.738,"currentZoomForScroll":1.0443850698041894,"maxScrollStepX":22,"maxScrollStepY":22,"diagonalEvents":0,"clippedEvents":1}
[DebugBridge +19437.7ms] wheel_scroll_motion {"eventCount":1,"rawAbsX":0,"rawAbsY":82,"rawX":0,"rawY":82,"clippedAbsX":0,"clippedAbsY":46.9689563258415,"clippedX":0,"clippedY":46.9689563258415,"requestedAppliedX":0,"requestedAppliedY":34.66308976847103,"appliedX":0,"appliedY":22,"actualX":0,"actualY":22,"sensitivity":0.738,"currentZoomForScroll":1.0443850698041894,"maxScrollStepX":22,"maxScrollStepY":22,"diagonalEvents":0,"clippedEvents":1}
[DebugBridge +19498.9ms] wheel_scroll_motion {"eventCount":1,"rawAbsX":0,"rawAbsY":80,"rawX":0,"rawY":80,"clippedAbsX":0,"clippedAbsY":46.9689563258415,"clippedX":0,"clippedY":46.9689563258415,"requestedAppliedX":0,"requestedAppliedY":34.66308976847103,"appliedX":0,"appliedY":22,"actualX":0,"actualY":22,"sensitivity":0.738,"currentZoomForScroll":1.0443850698041894,"maxScrollStepX":22,"maxScrollStepY":22,"diagonalEvents":0,"clippedEvents":1}
[DebugBridge +19503.2ms] wheel_scroll_motion {"eventCount":1,"rawAbsX":0,"rawAbsY":428,"rawX":0,"rawY":428,"clippedAbsX":0,"clippedAbsY":46.9689563258415,"clippedX":0,"clippedY":46.9689563258415,"requestedAppliedX":0,"requestedAppliedY":34.66308976847103,"appliedX":0,"appliedY":22,"actualX":0,"actualY":22,"sensitivity":0.738,"currentZoomForScroll":1.0443850698041894,"maxScrollStepX":22,"maxScrollStepY":22,"diagonalEvents":0,"clippedEvents":1}
[DebugBridge +19523.5ms] wheel_scroll_motion {"eventCount":2,"rawAbsX":0,"rawAbsY":124,"rawX":0,"rawY":124,"clippedAbsX":0,"clippedAbsY":93.937912651683,"clippedX":0,"clippedY":93.937912651683,"requestedAppliedX":0,"requestedAppliedY":69.32617953694206,"appliedX":0,"appliedY":22,"actualX":0,"actualY":22,"sensitivity":0.738,"currentZoomForScroll":1.0443850698041894,"maxScrollStepX":22,"maxScrollStepY":22,"diagonalEvents":0,"clippedEvents":2}
[DebugBridge +19527.1ms] wheel_scroll_motion {"eventCount":1,"rawAbsX":0,"rawAbsY":58,"rawX":0,"rawY":58,"clippedAbsX":0,"clippedAbsY":46.9689563258415,"clippedX":0,"clippedY":46.9689563258415,"requestedAppliedX":0,"requestedAppliedY":34.66308976847103,"appliedX":0,"appliedY":22,"actualX":0,"actualY":22,"sensitivity":0.738,"currentZoomForScroll":1.0443850698041894,"maxScrollStepX":22,"maxScrollStepY":22,"diagonalEvents":0,"clippedEvents":1}
[DebugBridge +19534.8ms] wheel_scroll_motion {"eventCount":1,"rawAbsX":0,"rawAbsY":56,"rawX":0,"rawY":56,"clippedAbsX":0,"clippedAbsY":46.9689563258415,"clippedX":0,"clippedY":46.9689563258415,"requestedAppliedX":0,"requestedAppliedY":34.66308976847103,"appliedX":0,"appliedY":22,"actualX":0,"actualY":22,"sensitivity":0.738,"currentZoomForScroll":1.0443850698041894,"maxScrollStepX":22,"maxScrollStepY":22,"diagonalEvents":0,"clippedEvents":1}
[DebugBridge +19554.8ms] wheel_scroll_motion {"eventCount":2,"rawAbsX":0,"rawAbsY":110,"rawX":0,"rawY":110,"clippedAbsX":0,"clippedAbsY":93.937912651683,"clippedX":0,"clippedY":93.937912651683,"requestedAppliedX":0,"requestedAppliedY":69.32617953694206,"appliedX":0,"appliedY":22,"actualX":0,"actualY":22,"sensitivity":0.738,"currentZoomForScroll":1.0443850698041894,"maxScrollStepX":22,"maxScrollStepY":22,"diagonalEvents":0,"clippedEvents":2}
[DebugBridge +19558.7ms] wheel_scroll_motion {"eventCount":1,"rawAbsX":0,"rawAbsY":52,"rawX":0,"rawY":52,"clippedAbsX":0,"clippedAbsY":46.9689563258415,"clippedX":0,"clippedY":46.9689563258415,"requestedAppliedX":0,"requestedAppliedY":34.66308976847103,"appliedX":0,"appliedY":22,"actualX":0,"actualY":22,"sensitivity":0.738,"currentZoomForScroll":1.0443850698041894,"maxScrollStepX":22,"maxScrollStepY":22,"diagonalEvents":0,"clippedEvents":1}
[DebugBridge +19609.1ms] wheel_scroll_motion {"eventCount":1,"rawAbsX":0,"rawAbsY":4,"rawX":0,"rawY":4,"clippedAbsX":0,"clippedAbsY":4,"clippedX":0,"clippedY":4,"requestedAppliedX":0,"requestedAppliedY":3.28,"appliedX":0,"appliedY":3.28,"actualX":0,"actualY":3,"sensitivity":0.82,"currentZoomForScroll":1.0443850698041894,"maxScrollStepX":22,"maxScrollStepY":22,"diagonalEvents":0,"clippedEvents":0}
[DebugBridge +19616.0ms] wheel_scroll_motion {"eventCount":1,"rawAbsX":0,"rawAbsY":8,"rawX":0,"rawY":8,"clippedAbsX":0,"clippedAbsY":8,"clippedX":0,"clippedY":8,"requestedAppliedX":0,"requestedAppliedY":6.56,"appliedX":0,"appliedY":6.56,"actualX":0,"actualY":6.5,"sensitivity":0.82,"currentZoomForScroll":1.0443850698041894,"maxScrollStepX":22,"maxScrollStepY":22,"diagonalEvents":0,"clippedEvents":0}
[DebugBridge +19625.6ms] wheel_scroll_motion {"eventCount":1,"rawAbsX":2,"rawAbsY":12,"rawX":2,"rawY":12,"clippedAbsX":2,"clippedAbsY":12,"clippedX":2,"clippedY":12,"requestedAppliedX":1.476,"requestedAppliedY":8.856,"appliedX":1.476,"appliedY":8.856,"actualX":1,"actualY":8.5,"sensitivity":0.738,"currentZoomForScroll":1.0443850698041894,"maxScrollStepX":22,"maxScrollStepY":22,"diagonalEvents":1,"clippedEvents":0}
[DebugBridge +19632.9ms] wheel_scroll_motion {"eventCount":2,"rawAbsX":4,"rawAbsY":34,"rawX":4,"rawY":34,"clippedAbsX":4,"clippedAbsY":34,"clippedX":4,"clippedY":34,"requestedAppliedX":2.952,"requestedAppliedY":25.092,"appliedX":2.952,"appliedY":22,"actualX":2.5,"actualY":22,"sensitivity":0.738,"currentZoomForScroll":1.0443850698041894,"maxScrollStepX":22,"maxScrollStepY":22,"diagonalEvents":2,"clippedEvents":0}
[DebugBridge +19645.1ms] wheel_scroll_motion {"eventCount":2,"rawAbsX":4,"rawAbsY":38,"rawX":4,"rawY":38,"clippedAbsX":4,"clippedAbsY":38,"clippedX":4,"clippedY":38,"requestedAppliedX":2.952,"requestedAppliedY":28.044,"appliedX":2.952,"appliedY":22,"actualX":2.5,"actualY":22,"sensitivity":0.738,"currentZoomForScroll":1.0443850698041894,"maxScrollStepX":22,"maxScrollStepY":22,"diagonalEvents":2,"clippedEvents":0}
[DebugBridge +19654.5ms] wheel_scroll_motion {"eventCount":1,"rawAbsX":2,"rawAbsY":18,"rawX":2,"rawY":18,"clippedAbsX":2,"clippedAbsY":18,"clippedX":2,"clippedY":18,"requestedAppliedX":1.476,"requestedAppliedY":13.283999999999999,"appliedX":1.476,"appliedY":13.283999999999999,"actualX":1,"actualY":13,"sensitivity":0.738,"currentZoomForScroll":1.0443850698041894,"maxScrollStepX":22,"maxScrollStepY":22,"diagonalEvents":1,"clippedEvents":0}
[DebugBridge +19659.1ms] wheel_scroll_motion {"eventCount":1,"rawAbsX":2,"rawAbsY":36,"rawX":2,"rawY":36,"clippedAbsX":2,"clippedAbsY":36,"clippedX":2,"clippedY":36,"requestedAppliedX":1.476,"requestedAppliedY":26.567999999999998,"appliedX":1.476,"appliedY":22,"actualX":1,"actualY":22,"sensitivity":0.738,"currentZoomForScroll":1.0443850698041894,"maxScrollStepX":22,"maxScrollStepY":22,"diagonalEvents":1,"clippedEvents":0}
[DebugBridge +19666.5ms] wheel_scroll_motion {"eventCount":2,"rawAbsX":8,"rawAbsY":160,"rawX":8,"rawY":160,"clippedAbsX":8,"clippedAbsY":93.937912651683,"clippedX":8,"clippedY":93.937912651683,"requestedAppliedX":5.3136,"requestedAppliedY":62.39356158324785,"appliedX":5.3136,"appliedY":22,"actualX":5,"actualY":22,"sensitivity":0.6642,"currentZoomForScroll":1.0443850698041894,"maxScrollStepX":22,"maxScrollStepY":22,"diagonalEvents":2,"clippedEvents":2}
[DebugBridge +19676.3ms] wheel_scroll_motion {"eventCount":2,"rawAbsX":4,"rawAbsY":104,"rawX":4,"rawY":104,"clippedAbsX":4,"clippedAbsY":80.9689563258415,"clippedX":4,"clippedY":80.9689563258415,"requestedAppliedX":2.8044000000000002,"requestedAppliedY":56.28878079162392,"appliedX":2.8044000000000002,"appliedY":22,"actualX":2.5,"actualY":22,"sensitivity":0.6642,"currentZoomForScroll":1.0443850698041894,"maxScrollStepX":22,"maxScrollStepY":22,"diagonalEvents":2,"clippedEvents":1}
[DebugBridge +19683.5ms] wheel_scroll_motion {"eventCount":2,"rawAbsX":6,"rawAbsY":100,"rawX":6,"rawY":100,"clippedAbsX":6,"clippedAbsY":72.9689563258415,"clippedX":6,"clippedY":72.9689563258415,"requestedAppliedX":4.1328,"requestedAppliedY":50.384780791623925,"appliedX":4.1328,"appliedY":22,"actualX":4,"actualY":22,"sensitivity":0.6642,"currentZoomForScroll":1.0443850698041894,"maxScrollStepX":22,"maxScrollStepY":22,"diagonalEvents":2,"clippedEvents":1}
[DebugBridge +19691.2ms] wheel_scroll_motion {"eventCount":2,"rawAbsX":4,"rawAbsY":106,"rawX":4,"rawY":106,"clippedAbsX":4,"clippedAbsY":70.9689563258415,"clippedX":4,"clippedY":70.9689563258415,"requestedAppliedX":2.8044000000000002,"requestedAppliedY":48.908780791623926,"appliedX":2.8044000000000002,"appliedY":22,"actualX":2.5,"actualY":22,"sensitivity":0.6642,"currentZoomForScroll":1.0443850698041894,"maxScrollStepX":22,"maxScrollStepY":22,"diagonalEvents":2,"clippedEvents":1}
[DebugBridge +19700.3ms] wheel_scroll_motion {"eventCount":2,"rawAbsX":4,"rawAbsY":114,"rawX":4,"rawY":114,"clippedAbsX":4,"clippedAbsY":66.9689563258415,"clippedX":4,"clippedY":66.9689563258415,"requestedAppliedX":2.8044000000000002,"requestedAppliedY":45.95678079162393,"appliedX":2.8044000000000002,"appliedY":22,"actualX":2.5,"actualY":22,"sensitivity":0.6642,"currentZoomForScroll":1.0443850698041894,"maxScrollStepX":22,"maxScrollStepY":22,"diagonalEvents":2,"clippedEvents":1}
[DebugBridge +19708.2ms] wheel_scroll_motion {"eventCount":2,"rawAbsX":2,"rawAbsY":120,"rawX":2,"rawY":120,"clippedAbsX":2,"clippedAbsY":62.9689563258415,"clippedX":2,"clippedY":62.9689563258415,"requestedAppliedX":1.476,"requestedAppliedY":46.47108976847103,"appliedX":1.476,"appliedY":22,"actualX":1,"actualY":22,"sensitivity":0.738,"currentZoomForScroll":1.0443850698041894,"maxScrollStepX":22,"maxScrollStepY":22,"diagonalEvents":1,"clippedEvents":1}
[DebugBridge +19716.8ms] wheel_scroll_motion {"eventCount":2,"rawAbsX":2,"rawAbsY":148,"rawX":-2,"rawY":148,"clippedAbsX":2,"clippedAbsY":60.9689563258415,"clippedX":-2,"clippedY":60.9689563258415,"requestedAppliedX":-1.3284,"requestedAppliedY":42.676780791623926,"appliedX":-1.3284,"appliedY":22,"actualX":-1.5,"actualY":22,"sensitivity":0.6642,"currentZoomForScroll":1.0443850698041894,"maxScrollStepX":22,"maxScrollStepY":22,"diagonalEvents":1,"clippedEvents":1}
[DebugBridge +19724.7ms] wheel_scroll_motion {"eventCount":1,"rawAbsX":4,"rawAbsY":86,"rawX":-4,"rawY":86,"clippedAbsX":4,"clippedAbsY":46.9689563258415,"clippedX":-4,"clippedY":46.9689563258415,"requestedAppliedX":-2.6568,"requestedAppliedY":31.196780791623926,"appliedX":-2.6568,"appliedY":22,"actualX":-3,"actualY":22,"sensitivity":0.6642,"currentZoomForScroll":1.0443850698041894,"maxScrollStepX":22,"maxScrollStepY":22,"diagonalEvents":1,"clippedEvents":1}
[DebugBridge +19733.8ms] wheel_scroll_motion {"eventCount":1,"rawAbsX":0,"rawAbsY":56,"rawX":0,"rawY":56,"clippedAbsX":0,"clippedAbsY":46.9689563258415,"clippedX":0,"clippedY":46.9689563258415,"requestedAppliedX":0,"requestedAppliedY":34.66308976847103,"appliedX":0,"appliedY":22,"actualX":0,"actualY":22,"sensitivity":0.738,"currentZoomForScroll":1.0443850698041894,"maxScrollStepX":22,"maxScrollStepY":22,"diagonalEvents":0,"clippedEvents":1}
[DebugBridge +19742.3ms] wheel_scroll_motion {"eventCount":1,"rawAbsX":0,"rawAbsY":166,"rawX":0,"rawY":166,"clippedAbsX":0,"clippedAbsY":46.9689563258415,"clippedX":0,"clippedY":46.9689563258415,"requestedAppliedX":0,"requestedAppliedY":34.66308976847103,"appliedX":0,"appliedY":22,"actualX":0,"actualY":22,"sensitivity":0.738,"currentZoomForScroll":1.0443850698041894,"maxScrollStepX":22,"maxScrollStepY":22,"diagonalEvents":0,"clippedEvents":1}
[DebugBridge +19750.5ms] wheel_scroll_motion {"eventCount":1,"rawAbsX":0,"rawAbsY":178,"rawX":0,"rawY":178,"clippedAbsX":0,"clippedAbsY":46.9689563258415,"clippedX":0,"clippedY":46.9689563258415,"requestedAppliedX":0,"requestedAppliedY":34.66308976847103,"appliedX":0,"appliedY":22,"actualX":0,"actualY":22,"sensitivity":0.738,"currentZoomForScroll":1.0443850698041894,"maxScrollStepX":22,"maxScrollStepY":22,"diagonalEvents":0,"clippedEvents":1}
[DebugBridge +19758.6ms] wheel_scroll_motion {"eventCount":1,"rawAbsX":0,"rawAbsY":174,"rawX":0,"rawY":174,"clippedAbsX":0,"clippedAbsY":46.9689563258415,"clippedX":0,"clippedY":46.9689563258415,"requestedAppliedX":0,"requestedAppliedY":34.66308976847103,"appliedX":0,"appliedY":22,"actualX":0,"actualY":22,"sensitivity":0.738,"currentZoomForScroll":1.0443850698041894,"maxScrollStepX":22,"maxScrollStepY":22,"diagonalEvents":0,"clippedEvents":1}
[DebugBridge +19808.5ms] wheel_scroll_motion {"eventCount":2,"rawAbsX":0,"rawAbsY":912,"rawX":0,"rawY":912,"clippedAbsX":0,"clippedAbsY":93.937912651683,"clippedX":0,"clippedY":93.937912651683,"requestedAppliedX":0,"requestedAppliedY":69.32617953694206,"appliedX":0,"appliedY":22,"actualX":0,"actualY":22,"sensitivity":0.738,"currentZoomForScroll":1.0443850698041894,"maxScrollStepX":22,"maxScrollStepY":22,"diagonalEvents":0,"clippedEvents":2}
[DebugBridge +19853.1ms] wheel_scroll_motion {"eventCount":2,"rawAbsX":0,"rawAbsY":266,"rawX":0,"rawY":266,"clippedAbsX":0,"clippedAbsY":93.937912651683,"clippedX":0,"clippedY":93.937912651683,"requestedAppliedX":0,"requestedAppliedY":69.32617953694206,"appliedX":0,"appliedY":22,"actualX":0,"actualY":22,"sensitivity":0.738,"currentZoomForScroll":1.0443850698041894,"maxScrollStepX":22,"maxScrollStepY":22,"diagonalEvents":0,"clippedEvents":2}
[DebugBridge +19863.6ms] wheel_scroll_motion {"eventCount":1,"rawAbsX":0,"rawAbsY":500,"rawX":0,"rawY":500,"clippedAbsX":0,"clippedAbsY":46.9689563258415,"clippedX":0,"clippedY":46.9689563258415,"requestedAppliedX":0,"requestedAppliedY":34.66308976847103,"appliedX":0,"appliedY":22,"actualX":0,"actualY":22,"sensitivity":0.738,"currentZoomForScroll":1.0443850698041894,"maxScrollStepX":22,"maxScrollStepY":22,"diagonalEvents":0,"clippedEvents":1}
[DebugBridge +19867.3ms] wheel_scroll_motion {"eventCount":1,"rawAbsX":0,"rawAbsY":118,"rawX":0,"rawY":118,"clippedAbsX":0,"clippedAbsY":46.9689563258415,"clippedX":0,"clippedY":46.9689563258415,"requestedAppliedX":0,"requestedAppliedY":34.66308976847103,"appliedX":0,"appliedY":22,"actualX":0,"actualY":22,"sensitivity":0.738,"currentZoomForScroll":1.0443850698041894,"maxScrollStepX":22,"maxScrollStepY":22,"diagonalEvents":0,"clippedEvents":1}
[DebugBridge +19876.4ms] wheel_scroll_motion {"eventCount":1,"rawAbsX":0,"rawAbsY":118,"rawX":0,"rawY":118,"clippedAbsX":0,"clippedAbsY":46.9689563258415,"clippedX":0,"clippedY":46.9689563258415,"requestedAppliedX":0,"requestedAppliedY":34.66308976847103,"appliedX":0,"appliedY":22,"actualX":0,"actualY":22,"sensitivity":0.738,"currentZoomForScroll":1.0443850698041894,"maxScrollStepX":22,"maxScrollStepY":22,"diagonalEvents":0,"clippedEvents":1}
[DebugBridge +19883.8ms] wheel_scroll_motion {"eventCount":1,"rawAbsX":0,"rawAbsY":116,"rawX":0,"rawY":116,"clippedAbsX":0,"clippedAbsY":46.9689563258415,"clippedX":0,"clippedY":46.9689563258415,"requestedAppliedX":0,"requestedAppliedY":34.66308976847103,"appliedX":0,"appliedY":22,"actualX":0,"actualY":22,"sensitivity":0.738,"currentZoomForScroll":1.0443850698041894,"maxScrollStepX":22,"maxScrollStepY":22,"diagonalEvents":0,"clippedEvents":1}
[DebugBridge +19891.6ms] wheel_scroll_motion {"eventCount":1,"rawAbsX":0,"rawAbsY":110,"rawX":0,"rawY":110,"clippedAbsX":0,"clippedAbsY":46.9689563258415,"clippedX":0,"clippedY":46.9689563258415,"requestedAppliedX":0,"requestedAppliedY":34.66308976847103,"appliedX":0,"appliedY":22,"actualX":0,"actualY":22,"sensitivity":0.738,"currentZoomForScroll":1.0443850698041894,"maxScrollStepX":22,"maxScrollStepY":22,"diagonalEvents":0,"clippedEvents":1}
[DebugBridge +19899.9ms] wheel_scroll_motion {"eventCount":1,"rawAbsX":0,"rawAbsY":110,"rawX":0,"rawY":110,"clippedAbsX":0,"clippedAbsY":46.9689563258415,"clippedX":0,"clippedY":46.9689563258415,"requestedAppliedX":0,"requestedAppliedY":34.66308976847103,"appliedX":0,"appliedY":22,"actualX":0,"actualY":22,"sensitivity":0.738,"currentZoomForScroll":1.0443850698041894,"maxScrollStepX":22,"maxScrollStepY":22,"diagonalEvents":0,"clippedEvents":1}
[DebugBridge +19909.5ms] wheel_scroll_motion {"eventCount":1,"rawAbsX":0,"rawAbsY":108,"rawX":0,"rawY":108,"clippedAbsX":0,"clippedAbsY":46.9689563258415,"clippedX":0,"clippedY":46.9689563258415,"requestedAppliedX":0,"requestedAppliedY":34.66308976847103,"appliedX":0,"appliedY":22,"actualX":0,"actualY":22,"sensitivity":0.738,"currentZoomForScroll":1.0443850698041894,"maxScrollStepX":22,"maxScrollStepY":22,"diagonalEvents":0,"clippedEvents":1}
[DebugBridge +19917.4ms] wheel_scroll_motion {"eventCount":1,"rawAbsX":0,"rawAbsY":102,"rawX":0,"rawY":102,"clippedAbsX":0,"clippedAbsY":46.9689563258415,"clippedX":0,"clippedY":46.9689563258415,"requestedAppliedX":0,"requestedAppliedY":34.66308976847103,"appliedX":0,"appliedY":22,"actualX":0,"actualY":22,"sensitivity":0.738,"currentZoomForScroll":1.0443850698041894,"maxScrollStepX":22,"maxScrollStepY":22,"diagonalEvents":0,"clippedEvents":1}
[DebugBridge +19925.2ms] wheel_scroll_motion {"eventCount":1,"rawAbsX":0,"rawAbsY":104,"rawX":0,"rawY":104,"clippedAbsX":0,"clippedAbsY":46.9689563258415,"clippedX":0,"clippedY":46.9689563258415,"requestedAppliedX":0,"requestedAppliedY":34.66308976847103,"appliedX":0,"appliedY":22,"actualX":0,"actualY":22,"sensitivity":0.738,"currentZoomForScroll":1.0443850698041894,"maxScrollStepX":22,"maxScrollStepY":22,"diagonalEvents":0,"clippedEvents":1}
[DebugBridge +19933.6ms] wheel_scroll_motion {"eventCount":1,"rawAbsX":0,"rawAbsY":100,"rawX":0,"rawY":100,"clippedAbsX":0,"clippedAbsY":46.9689563258415,"clippedX":0,"clippedY":46.9689563258415,"requestedAppliedX":0,"requestedAppliedY":34.66308976847103,"appliedX":0,"appliedY":22,"actualX":0,"actualY":22,"sensitivity":0.738,"currentZoomForScroll":1.0443850698041894,"maxScrollStepX":22,"maxScrollStepY":22,"diagonalEvents":0,"clippedEvents":1}
[DebugBridge +19941.2ms] wheel_scroll_motion {"eventCount":1,"rawAbsX":0,"rawAbsY":98,"rawX":0,"rawY":98,"clippedAbsX":0,"clippedAbsY":46.9689563258415,"clippedX":0,"clippedY":46.9689563258415,"requestedAppliedX":0,"requestedAppliedY":34.66308976847103,"appliedX":0,"appliedY":22,"actualX":0,"actualY":22,"sensitivity":0.738,"currentZoomForScroll":1.0443850698041894,"maxScrollStepX":22,"maxScrollStepY":22,"diagonalEvents":0,"clippedEvents":1}
[DebugBridge +19951.6ms] wheel_scroll_motion {"eventCount":1,"rawAbsX":0,"rawAbsY":94,"rawX":0,"rawY":94,"clippedAbsX":0,"clippedAbsY":46.9689563258415,"clippedX":0,"clippedY":46.9689563258415,"requestedAppliedX":0,"requestedAppliedY":34.66308976847103,"appliedX":0,"appliedY":22,"actualX":0,"actualY":22,"sensitivity":0.738,"currentZoomForScroll":1.0443850698041894,"maxScrollStepX":22,"maxScrollStepY":22,"diagonalEvents":0,"clippedEvents":1}
[DebugBridge +19960.2ms] wheel_scroll_motion {"eventCount":1,"rawAbsX":0,"rawAbsY":96,"rawX":0,"rawY":96,"clippedAbsX":0,"clippedAbsY":46.9689563258415,"clippedX":0,"clippedY":46.9689563258415,"requestedAppliedX":0,"requestedAppliedY":34.66308976847103,"appliedX":0,"appliedY":22,"actualX":0,"actualY":22,"sensitivity":0.738,"currentZoomForScroll":1.0443850698041894,"maxScrollStepX":22,"maxScrollStepY":22,"diagonalEvents":0,"clippedEvents":1}
[DebugBridge +19968.3ms] wheel_scroll_motion {"eventCount":1,"rawAbsX":0,"rawAbsY":92,"rawX":0,"rawY":92,"clippedAbsX":0,"clippedAbsY":46.9689563258415,"clippedX":0,"clippedY":46.9689563258415,"requestedAppliedX":0,"requestedAppliedY":34.66308976847103,"appliedX":0,"appliedY":22,"actualX":0,"actualY":22,"sensitivity":0.738,"currentZoomForScroll":1.0443850698041894,"maxScrollStepX":22,"maxScrollStepY":22,"diagonalEvents":0,"clippedEvents":1}
[DebugBridge +19974.3ms] wheel_scroll_motion {"eventCount":1,"rawAbsX":0,"rawAbsY":90,"rawX":0,"rawY":90,"clippedAbsX":0,"clippedAbsY":46.9689563258415,"clippedX":0,"clippedY":46.9689563258415,"requestedAppliedX":0,"requestedAppliedY":34.66308976847103,"appliedX":0,"appliedY":22,"actualX":0,"actualY":22,"sensitivity":0.738,"currentZoomForScroll":1.0443850698041894,"maxScrollStepX":22,"maxScrollStepY":22,"diagonalEvents":0,"clippedEvents":1}
[DebugBridge +19985.2ms] wheel_scroll_motion {"eventCount":1,"rawAbsX":0,"rawAbsY":86,"rawX":0,"rawY":86,"clippedAbsX":0,"clippedAbsY":46.9689563258415,"clippedX":0,"clippedY":46.9689563258415,"requestedAppliedX":0,"requestedAppliedY":34.66308976847103,"appliedX":0,"appliedY":22,"actualX":0,"actualY":22,"sensitivity":0.738,"currentZoomForScroll":1.0443850698041894,"maxScrollStepX":22,"maxScrollStepY":22,"diagonalEvents":0,"clippedEvents":1}
[DebugBridge +19991.1ms] wheel_scroll_motion {"eventCount":1,"rawAbsX":0,"rawAbsY":86,"rawX":0,"rawY":86,"clippedAbsX":0,"clippedAbsY":46.9689563258415,"clippedX":0,"clippedY":46.9689563258415,"requestedAppliedX":0,"requestedAppliedY":34.66308976847103,"appliedX":0,"appliedY":22,"actualX":0,"actualY":22,"sensitivity":0.738,"currentZoomForScroll":1.0443850698041894,"maxScrollStepX":22,"maxScrollStepY":22,"diagonalEvents":0,"clippedEvents":1}
[DebugBridge +19999.6ms] wheel_scroll_motion {"eventCount":1,"rawAbsX":0,"rawAbsY":82,"rawX":0,"rawY":82,"clippedAbsX":0,"clippedAbsY":46.9689563258415,"clippedX":0,"clippedY":46.9689563258415,"requestedAppliedX":0,"requestedAppliedY":34.66308976847103,"appliedX":0,"appliedY":22,"actualX":0,"actualY":22,"sensitivity":0.738,"currentZoomForScroll":1.0443850698041894,"maxScrollStepX":22,"maxScrollStepY":22,"diagonalEvents":0,"clippedEvents":1}
[DebugBridge +20009.0ms] wheel_scroll_motion {"eventCount":1,"rawAbsX":0,"rawAbsY":80,"rawX":0,"rawY":80,"clippedAbsX":0,"clippedAbsY":46.9689563258415,"clippedX":0,"clippedY":46.9689563258415,"requestedAppliedX":0,"requestedAppliedY":34.66308976847103,"appliedX":0,"appliedY":22,"actualX":0,"actualY":22,"sensitivity":0.738,"currentZoomForScroll":1.0443850698041894,"maxScrollStepX":22,"maxScrollStepY":22,"diagonalEvents":0,"clippedEvents":1}
[DebugBridge +20016.9ms] wheel_scroll_motion {"eventCount":1,"rawAbsX":0,"rawAbsY":76,"rawX":0,"rawY":76,"clippedAbsX":0,"clippedAbsY":46.9689563258415,"clippedX":0,"clippedY":46.9689563258415,"requestedAppliedX":0,"requestedAppliedY":34.66308976847103,"appliedX":0,"appliedY":22,"actualX":0,"actualY":22,"sensitivity":0.738,"currentZoomForScroll":1.0443850698041894,"maxScrollStepX":22,"maxScrollStepY":22,"diagonalEvents":0,"clippedEvents":1}
[DebugBridge +20024.6ms] page_visit_start {"page":7,"pageCount":36,"revisited":false,"hasContainer":true,"hasPdfSurface":true,"spinnerVisible":false,"hasAnnotationOverlay":true,"ready":true}
[DebugBridge +20031.2ms] wheel_scroll_motion {"eventCount":1,"rawAbsX":0,"rawAbsY":76,"rawX":0,"rawY":76,"clippedAbsX":0,"clippedAbsY":46.9689563258415,"clippedX":0,"clippedY":46.9689563258415,"requestedAppliedX":0,"requestedAppliedY":34.66308976847103,"appliedX":0,"appliedY":22,"actualX":0,"actualY":22,"sensitivity":0.738,"currentZoomForScroll":1.0443850698041894,"maxScrollStepX":22,"maxScrollStepY":22,"diagonalEvents":0,"clippedEvents":1}
[DebugBridge +20031.9ms] page_visit_ready {"page":7,"pageCount":36,"revisited":false,"waitMs":7,"hasContainer":true,"hasPdfSurface":true,"spinnerVisible":false,"hasAnnotationOverlay":true,"ready":true}
[DebugBridge +20036.2ms] wheel_scroll_motion {"eventCount":1,"rawAbsX":0,"rawAbsY":72,"rawX":0,"rawY":72,"clippedAbsX":0,"clippedAbsY":46.9689563258415,"clippedX":0,"clippedY":46.9689563258415,"requestedAppliedX":0,"requestedAppliedY":34.66308976847103,"appliedX":0,"appliedY":22,"actualX":0,"actualY":22,"sensitivity":0.738,"currentZoomForScroll":1.0443850698041894,"maxScrollStepX":22,"maxScrollStepY":22,"diagonalEvents":0,"clippedEvents":1}
[DebugBridge +20430.9ms] wheel_scroll_motion {"eventCount":2,"rawAbsX":0,"rawAbsY":140,"rawX":0,"rawY":140,"clippedAbsX":0,"clippedAbsY":93.937912651683,"clippedX":0,"clippedY":93.937912651683,"requestedAppliedX":0,"requestedAppliedY":69.32617953694206,"appliedX":0,"appliedY":22,"actualX":0,"actualY":22,"sensitivity":0.738,"currentZoomForScroll":1.0443850698041894,"maxScrollStepX":22,"maxScrollStepY":22,"diagonalEvents":0,"clippedEvents":2}
[DebugBridge +20476.2ms] wheel_scroll_motion {"eventCount":1,"rawAbsX":2,"rawAbsY":6,"rawX":2,"rawY":6,"clippedAbsX":2,"clippedAbsY":6,"clippedX":2,"clippedY":6,"requestedAppliedX":1.476,"requestedAppliedY":4.428,"appliedX":1.476,"appliedY":4.428,"actualX":1,"actualY":4,"sensitivity":0.738,"currentZoomForScroll":1.0443850698041894,"maxScrollStepX":22,"maxScrollStepY":22,"diagonalEvents":1,"clippedEvents":0}
[DebugBridge +20670.1ms] wheel_scroll_motion {"eventCount":2,"rawAbsX":212,"rawAbsY":474,"rawX":184,"rawY":-474,"clippedAbsX":60.9689563258415,"clippedAbsY":66.9689563258415,"clippedX":32.9689563258415,"clippedY":-66.9689563258415,"requestedAppliedX":20.864780791623925,"requestedAppliedY":-45.95678079162393,"appliedX":20.864780791623925,"appliedY":-22,"actualX":20.5,"actualY":-22,"sensitivity":0.738,"currentZoomForScroll":1.0443850698041894,"maxScrollStepX":22,"maxScrollStepY":22,"diagonalEvents":2,"clippedEvents":1}
[DebugBridge +20694.1ms] wheel_scroll_motion {"eventCount":1,"rawAbsX":326,"rawAbsY":576,"rawX":-326,"rawY":-576,"clippedAbsX":46.9689563258415,"clippedAbsY":46.9689563258415,"clippedX":-46.9689563258415,"clippedY":-46.9689563258415,"requestedAppliedX":-31.196780791623926,"requestedAppliedY":-31.196780791623926,"appliedX":-22,"appliedY":-22,"actualX":-22,"actualY":-22,"sensitivity":0.6642,"currentZoomForScroll":1.0443850698041894,"maxScrollStepX":22,"maxScrollStepY":22,"diagonalEvents":1,"clippedEvents":1}
[DebugBridge +20835.1ms] wheel_scroll_motion {"eventCount":2,"rawAbsX":112,"rawAbsY":194,"rawX":112,"rawY":-194,"clippedAbsX":48.9689563258415,"clippedAbsY":46.9689563258415,"clippedX":48.9689563258415,"clippedY":-46.9689563258415,"requestedAppliedX":32.83678079162392,"requestedAppliedY":-31.196780791623926,"appliedX":22,"appliedY":-22,"actualX":22,"actualY":-22,"sensitivity":0.6642,"currentZoomForScroll":1.0443850698041894,"maxScrollStepX":22,"maxScrollStepY":22,"diagonalEvents":1,"clippedEvents":1}
[DebugBridge +20840.9ms] wheel_scroll_motion {"eventCount":1,"rawAbsX":64,"rawAbsY":246,"rawX":-64,"rawY":-246,"clippedAbsX":46.9689563258415,"clippedAbsY":46.9689563258415,"clippedX":-46.9689563258415,"clippedY":-46.9689563258415,"requestedAppliedX":-31.196780791623926,"requestedAppliedY":-31.196780791623926,"appliedX":-22,"appliedY":-22,"actualX":-22,"actualY":-22,"sensitivity":0.6642,"currentZoomForScroll":1.0443850698041894,"maxScrollStepX":22,"maxScrollStepY":22,"diagonalEvents":1,"clippedEvents":1}
[DebugBridge +20845.0ms] page_visit_start {"page":6,"pageCount":36,"revisited":true,"hasContainer":true,"hasPdfSurface":true,"spinnerVisible":false,"hasAnnotationOverlay":true,"ready":true}
[DebugBridge +20849.7ms] page_visit_ready {"page":6,"pageCount":36,"revisited":true,"waitMs":6,"hasContainer":true,"hasPdfSurface":true,"spinnerVisible":false,"hasAnnotationOverlay":true,"ready":true}
[DebugBridge +21165.1ms] wheel_scroll_motion {"eventCount":3,"rawAbsX":38,"rawAbsY":4,"rawX":-38,"rawY":4,"clippedAbsX":38,"clippedAbsY":4,"clippedX":-38,"clippedY":4,"requestedAppliedX":-29.683999999999997,"requestedAppliedY":2.952,"appliedX":-22,"appliedY":2.952,"actualX":-22,"actualY":2.5,"sensitivity":0.82,"currentZoomForScroll":1.0443850698041894,"maxScrollStepX":22,"maxScrollStepY":22,"diagonalEvents":1,"clippedEvents":0}
[DebugBridge +21171.1ms] wheel_scroll_motion {"eventCount":1,"rawAbsX":162,"rawAbsY":0,"rawX":-162,"rawY":0,"clippedAbsX":46.9689563258415,"clippedAbsY":0,"clippedX":-46.9689563258415,"clippedY":0,"requestedAppliedX":-34.66308976847103,"requestedAppliedY":0,"appliedX":-22,"appliedY":0,"actualX":-22,"actualY":0,"sensitivity":0.738,"currentZoomForScroll":1.0443850698041894,"maxScrollStepX":22,"maxScrollStepY":22,"diagonalEvents":0,"clippedEvents":1}
[DebugBridge +21185.5ms] wheel_scroll_motion {"eventCount":3,"rawAbsX":58,"rawAbsY":570,"rawX":54,"rawY":-570,"clippedAbsX":48.9689563258415,"clippedAbsY":60.9689563258415,"clippedX":44.9689563258415,"clippedY":-60.9689563258415,"requestedAppliedX":29.720780791623927,"requestedAppliedY":-41.692780791623925,"appliedX":22,"appliedY":-22,"actualX":22,"actualY":-22,"sensitivity":0.738,"currentZoomForScroll":1.0443850698041894,"maxScrollStepX":22,"maxScrollStepY":22,"diagonalEvents":2,"clippedEvents":1}
[DebugBridge +21248.5ms] wheel_scroll_motion {"eventCount":2,"rawAbsX":6,"rawAbsY":38,"rawX":-6,"rawY":-38,"clippedAbsX":6,"clippedAbsY":38,"clippedX":-6,"clippedY":-38,"requestedAppliedX":-4.428,"requestedAppliedY":-28.044,"appliedX":-4.428,"appliedY":-22,"actualX":-4.5,"actualY":-22,"sensitivity":0.738,"currentZoomForScroll":1.0443850698041894,"maxScrollStepX":22,"maxScrollStepY":22,"diagonalEvents":2,"clippedEvents":0}
[DebugBridge +21284.0ms] wheel_scroll_motion {"eventCount":1,"rawAbsX":2,"rawAbsY":22,"rawX":-2,"rawY":-22,"clippedAbsX":2,"clippedAbsY":22,"clippedX":-2,"clippedY":-22,"requestedAppliedX":-1.476,"requestedAppliedY":-16.236,"appliedX":-1.476,"appliedY":-16.236,"actualX":-1.5,"actualY":-16.5,"sensitivity":0.738,"currentZoomForScroll":1.0443850698041894,"maxScrollStepX":22,"maxScrollStepY":22,"diagonalEvents":1,"clippedEvents":0}
[DebugBridge +21291.6ms] wheel_scroll_motion {"eventCount":1,"rawAbsX":0,"rawAbsY":42,"rawX":0,"rawY":-42,"clippedAbsX":0,"clippedAbsY":42,"clippedX":0,"clippedY":-42,"requestedAppliedX":0,"requestedAppliedY":-34.44,"appliedX":0,"appliedY":-22,"actualX":0,"actualY":-22,"sensitivity":0.82,"currentZoomForScroll":1.0443850698041894,"maxScrollStepX":22,"maxScrollStepY":22,"diagonalEvents":0,"clippedEvents":0}
[DebugBridge +21301.1ms] wheel_scroll_motion {"eventCount":1,"rawAbsX":0,"rawAbsY":634,"rawX":0,"rawY":-634,"clippedAbsX":0,"clippedAbsY":46.9689563258415,"clippedX":0,"clippedY":-46.9689563258415,"requestedAppliedX":0,"requestedAppliedY":-34.66308976847103,"appliedX":0,"appliedY":-22,"actualX":0,"actualY":-22,"sensitivity":0.738,"currentZoomForScroll":1.0443850698041894,"maxScrollStepX":22,"maxScrollStepY":22,"diagonalEvents":0,"clippedEvents":1}
[DebugBridge +21313.7ms] wheel_scroll_motion {"eventCount":1,"rawAbsX":0,"rawAbsY":60,"rawX":0,"rawY":-60,"clippedAbsX":0,"clippedAbsY":46.9689563258415,"clippedX":0,"clippedY":-46.9689563258415,"requestedAppliedX":0,"requestedAppliedY":-34.66308976847103,"appliedX":0,"appliedY":-22,"actualX":0,"actualY":-22,"sensitivity":0.738,"currentZoomForScroll":1.0443850698041894,"maxScrollStepX":22,"maxScrollStepY":22,"diagonalEvents":0,"clippedEvents":1}
[DebugBridge +21321.3ms] wheel_scroll_motion {"eventCount":1,"rawAbsX":0,"rawAbsY":58,"rawX":0,"rawY":-58,"clippedAbsX":0,"clippedAbsY":46.9689563258415,"clippedX":0,"clippedY":-46.9689563258415,"requestedAppliedX":0,"requestedAppliedY":-34.66308976847103,"appliedX":0,"appliedY":-22,"actualX":0,"actualY":-22,"sensitivity":0.738,"currentZoomForScroll":1.0443850698041894,"maxScrollStepX":22,"maxScrollStepY":22,"diagonalEvents":0,"clippedEvents":1}
[DebugBridge +21328.8ms] wheel_scroll_motion {"eventCount":1,"rawAbsX":0,"rawAbsY":54,"rawX":0,"rawY":-54,"clippedAbsX":0,"clippedAbsY":46.9689563258415,"clippedX":0,"clippedY":-46.9689563258415,"requestedAppliedX":0,"requestedAppliedY":-34.66308976847103,"appliedX":0,"appliedY":-22,"actualX":0,"actualY":-22,"sensitivity":0.738,"currentZoomForScroll":1.0443850698041894,"maxScrollStepX":22,"maxScrollStepY":22,"diagonalEvents":0,"clippedEvents":1}
[DebugBridge +21336.1ms] wheel_scroll_motion {"eventCount":1,"rawAbsX":0,"rawAbsY":54,"rawX":0,"rawY":-54,"clippedAbsX":0,"clippedAbsY":46.9689563258415,"clippedX":0,"clippedY":-46.9689563258415,"requestedAppliedX":0,"requestedAppliedY":-34.66308976847103,"appliedX":0,"appliedY":-22,"actualX":0,"actualY":-22,"sensitivity":0.738,"currentZoomForScroll":1.0443850698041894,"maxScrollStepX":22,"maxScrollStepY":22,"diagonalEvents":0,"clippedEvents":1}
[DebugBridge +21348.7ms] wheel_scroll_motion {"eventCount":1,"rawAbsX":0,"rawAbsY":52,"rawX":0,"rawY":-52,"clippedAbsX":0,"clippedAbsY":46.9689563258415,"clippedX":0,"clippedY":-46.9689563258415,"requestedAppliedX":0,"requestedAppliedY":-34.66308976847103,"appliedX":0,"appliedY":-22,"actualX":0,"actualY":-22,"sensitivity":0.738,"currentZoomForScroll":1.0443850698041894,"maxScrollStepX":22,"maxScrollStepY":22,"diagonalEvents":0,"clippedEvents":1}
[DebugBridge +21356.0ms] wheel_scroll_motion {"eventCount":1,"rawAbsX":0,"rawAbsY":98,"rawX":0,"rawY":-98,"clippedAbsX":0,"clippedAbsY":46.9689563258415,"clippedX":0,"clippedY":-46.9689563258415,"requestedAppliedX":0,"requestedAppliedY":-34.66308976847103,"appliedX":0,"appliedY":-22,"actualX":0,"actualY":-22,"sensitivity":0.738,"currentZoomForScroll":1.0443850698041894,"maxScrollStepX":22,"maxScrollStepY":22,"diagonalEvents":0,"clippedEvents":1}
[DebugBridge +21424.8ms] wheel_scroll_motion {"eventCount":2,"rawAbsX":0,"rawAbsY":90,"rawX":0,"rawY":-90,"clippedAbsX":0,"clippedAbsY":90,"clippedX":0,"clippedY":-90,"requestedAppliedX":0,"requestedAppliedY":-73.8,"appliedX":0,"appliedY":-22,"actualX":0,"actualY":-22,"sensitivity":0.82,"currentZoomForScroll":1.0443850698041894,"maxScrollStepX":22,"maxScrollStepY":22,"diagonalEvents":0,"clippedEvents":0}
[DebugBridge +21438.8ms] wheel_scroll_motion {"eventCount":3,"rawAbsX":0,"rawAbsY":328,"rawX":0,"rawY":-328,"clippedAbsX":0,"clippedAbsY":106.9689563258415,"clippedX":0,"clippedY":-106.9689563258415,"requestedAppliedX":0,"requestedAppliedY":-83.86308976847103,"appliedX":0,"appliedY":-22,"actualX":0,"actualY":-22,"sensitivity":0.82,"currentZoomForScroll":1.0443850698041894,"maxScrollStepX":22,"maxScrollStepY":22,"diagonalEvents":0,"clippedEvents":1}
[DebugBridge +21485.1ms] wheel_scroll_motion {"eventCount":2,"rawAbsX":0,"rawAbsY":60,"rawX":0,"rawY":-60,"clippedAbsX":0,"clippedAbsY":60,"clippedX":0,"clippedY":-60,"requestedAppliedX":0,"requestedAppliedY":-49.199999999999996,"appliedX":0,"appliedY":-22,"actualX":0,"actualY":-22,"sensitivity":0.82,"currentZoomForScroll":1.0443850698041894,"maxScrollStepX":22,"maxScrollStepY":22,"diagonalEvents":0,"clippedEvents":0}
[DebugBridge +21490.5ms] wheel_scroll_motion {"eventCount":2,"rawAbsX":0,"rawAbsY":104,"rawX":0,"rawY":-104,"clippedAbsX":0,"clippedAbsY":72.9689563258415,"clippedX":0,"clippedY":-72.9689563258415,"requestedAppliedX":0,"requestedAppliedY":-55.98308976847103,"appliedX":0,"appliedY":-22,"actualX":0,"actualY":-22,"sensitivity":0.82,"currentZoomForScroll":1.0443850698041894,"maxScrollStepX":22,"maxScrollStepY":22,"diagonalEvents":0,"clippedEvents":1}
[DebugBridge +21499.2ms] wheel_scroll_motion {"eventCount":1,"rawAbsX":0,"rawAbsY":22,"rawX":0,"rawY":-22,"clippedAbsX":0,"clippedAbsY":22,"clippedX":0,"clippedY":-22,"requestedAppliedX":0,"requestedAppliedY":-18.04,"appliedX":0,"appliedY":-18.04,"actualX":0,"actualY":-18.5,"sensitivity":0.82,"currentZoomForScroll":1.0443850698041894,"maxScrollStepX":22,"maxScrollStepY":22,"diagonalEvents":0,"clippedEvents":0}
[DebugBridge +21508.3ms] wheel_scroll_motion {"eventCount":1,"rawAbsX":0,"rawAbsY":22,"rawX":0,"rawY":-22,"clippedAbsX":0,"clippedAbsY":22,"clippedX":0,"clippedY":-22,"requestedAppliedX":0,"requestedAppliedY":-18.04,"appliedX":0,"appliedY":-18.04,"actualX":0,"actualY":-18.5,"sensitivity":0.82,"currentZoomForScroll":1.0443850698041894,"maxScrollStepX":22,"maxScrollStepY":22,"diagonalEvents":0,"clippedEvents":0}
[DebugBridge +21515.7ms] wheel_scroll_motion {"eventCount":1,"rawAbsX":0,"rawAbsY":20,"rawX":0,"rawY":-20,"clippedAbsX":0,"clippedAbsY":20,"clippedX":0,"clippedY":-20,"requestedAppliedX":0,"requestedAppliedY":-16.4,"appliedX":0,"appliedY":-16.4,"actualX":0,"actualY":-16.5,"sensitivity":0.82,"currentZoomForScroll":1.0443850698041894,"maxScrollStepX":22,"maxScrollStepY":22,"diagonalEvents":0,"clippedEvents":0}
[DebugBridge +21524.7ms] wheel_scroll_motion {"eventCount":1,"rawAbsX":0,"rawAbsY":20,"rawX":0,"rawY":-20,"clippedAbsX":0,"clippedAbsY":20,"clippedX":0,"clippedY":-20,"requestedAppliedX":0,"requestedAppliedY":-16.4,"appliedX":0,"appliedY":-16.4,"actualX":0,"actualY":-16.5,"sensitivity":0.82,"currentZoomForScroll":1.0443850698041894,"maxScrollStepX":22,"maxScrollStepY":22,"diagonalEvents":0,"clippedEvents":0}
[DebugBridge +21598.9ms] wheel_scroll_motion {"eventCount":4,"rawAbsX":8,"rawAbsY":68,"rawX":-8,"rawY":-68,"clippedAbsX":8,"clippedAbsY":68,"clippedX":-8,"clippedY":-68,"requestedAppliedX":-5.904,"requestedAppliedY":-50.348,"appliedX":-5.904,"appliedY":-22,"actualX":-6,"actualY":-22,"sensitivity":0.738,"currentZoomForScroll":1.0443850698041894,"maxScrollStepX":22,"maxScrollStepY":22,"diagonalEvents":3,"clippedEvents":0}
[DebugBridge +21608.5ms] wheel_scroll_motion {"eventCount":2,"rawAbsX":4,"rawAbsY":30,"rawX":-4,"rawY":-30,"clippedAbsX":4,"clippedAbsY":30,"clippedX":-4,"clippedY":-30,"requestedAppliedX":-2.952,"requestedAppliedY":-22.14,"appliedX":-2.952,"appliedY":-22,"actualX":-3,"actualY":-22,"sensitivity":0.738,"currentZoomForScroll":1.0443850698041894,"maxScrollStepX":22,"maxScrollStepY":22,"diagonalEvents":2,"clippedEvents":0}
[DebugBridge +21616.0ms] wheel_scroll_motion {"eventCount":2,"rawAbsX":6,"rawAbsY":48,"rawX":-6,"rawY":-48,"clippedAbsX":6,"clippedAbsY":48,"clippedX":-6,"clippedY":-48,"requestedAppliedX":-4.428,"requestedAppliedY":-35.424,"appliedX":-4.428,"appliedY":-22,"actualX":-4.5,"actualY":-22,"sensitivity":0.738,"currentZoomForScroll":1.0443850698041894,"maxScrollStepX":22,"maxScrollStepY":22,"diagonalEvents":2,"clippedEvents":0}
[DebugBridge +21624.2ms] wheel_scroll_motion {"eventCount":1,"rawAbsX":4,"rawAbsY":44,"rawX":-4,"rawY":-44,"clippedAbsX":4,"clippedAbsY":44,"clippedX":-4,"clippedY":-44,"requestedAppliedX":-2.952,"requestedAppliedY":-32.472,"appliedX":-2.952,"appliedY":-22,"actualX":-3,"actualY":-22,"sensitivity":0.738,"currentZoomForScroll":1.0443850698041894,"maxScrollStepX":22,"maxScrollStepY":22,"diagonalEvents":1,"clippedEvents":0}
[DebugBridge +21634.0ms] wheel_scroll_motion {"eventCount":3,"rawAbsX":8,"rawAbsY":74,"rawX":-8,"rawY":-74,"clippedAbsX":8,"clippedAbsY":68.9689563258415,"clippedX":-8,"clippedY":-68.9689563258415,"requestedAppliedX":-5.6088,"requestedAppliedY":-47.43278079162393,"appliedX":-5.6088,"appliedY":-22,"actualX":-6,"actualY":-22,"sensitivity":0.738,"currentZoomForScroll":1.0443850698041894,"maxScrollStepX":22,"maxScrollStepY":22,"diagonalEvents":3,"clippedEvents":1}
[DebugBridge +21641.5ms] wheel_scroll_motion {"eventCount":2,"rawAbsX":6,"rawAbsY":48,"rawX":-6,"rawY":-48,"clippedAbsX":6,"clippedAbsY":48,"clippedX":-6,"clippedY":-48,"requestedAppliedX":-4.428,"requestedAppliedY":-35.424,"appliedX":-4.428,"appliedY":-22,"actualX":-4.5,"actualY":-22,"sensitivity":0.738,"currentZoomForScroll":1.0443850698041894,"maxScrollStepX":22,"maxScrollStepY":22,"diagonalEvents":2,"clippedEvents":0}
[DebugBridge +21649.9ms] wheel_scroll_motion {"eventCount":1,"rawAbsX":4,"rawAbsY":38,"rawX":-4,"rawY":-38,"clippedAbsX":4,"clippedAbsY":38,"clippedX":-4,"clippedY":-38,"requestedAppliedX":-2.952,"requestedAppliedY":-28.044,"appliedX":-2.952,"appliedY":-22,"actualX":-3,"actualY":-22,"sensitivity":0.738,"currentZoomForScroll":1.0443850698041894,"maxScrollStepX":22,"maxScrollStepY":22,"diagonalEvents":1,"clippedEvents":0}
[DebugBridge +21658.8ms] wheel_scroll_motion {"eventCount":2,"rawAbsX":8,"rawAbsY":60,"rawX":-8,"rawY":-60,"clippedAbsX":8,"clippedAbsY":58.9689563258415,"clippedX":-8,"clippedY":-58.9689563258415,"requestedAppliedX":-5.4612,"requestedAppliedY":-40.052780791623924,"appliedX":-5.4612,"appliedY":-22,"actualX":-5.5,"actualY":-22,"sensitivity":0.738,"currentZoomForScroll":1.0443850698041894,"maxScrollStepX":22,"maxScrollStepY":22,"diagonalEvents":2,"clippedEvents":1}
[DebugBridge +21667.2ms] wheel_scroll_motion {"eventCount":1,"rawAbsX":2,"rawAbsY":12,"rawX":-2,"rawY":-12,"clippedAbsX":2,"clippedAbsY":12,"clippedX":-2,"clippedY":-12,"requestedAppliedX":-1.476,"requestedAppliedY":-8.856,"appliedX":-1.476,"appliedY":-8.856,"actualX":-1.5,"actualY":-9,"sensitivity":0.738,"currentZoomForScroll":1.0443850698041894,"maxScrollStepX":22,"maxScrollStepY":22,"diagonalEvents":1,"clippedEvents":0}
[DebugBridge +21675.0ms] wheel_scroll_motion {"eventCount":1,"rawAbsX":4,"rawAbsY":32,"rawX":-4,"rawY":-32,"clippedAbsX":4,"clippedAbsY":32,"clippedX":-4,"clippedY":-32,"requestedAppliedX":-2.952,"requestedAppliedY":-23.616,"appliedX":-2.952,"appliedY":-22,"actualX":-3,"actualY":-22,"sensitivity":0.738,"currentZoomForScroll":1.0443850698041894,"maxScrollStepX":22,"maxScrollStepY":22,"diagonalEvents":1,"clippedEvents":0}
[DebugBridge +21683.9ms] wheel_scroll_motion {"eventCount":1,"rawAbsX":2,"rawAbsY":14,"rawX":-2,"rawY":-14,"clippedAbsX":2,"clippedAbsY":14,"clippedX":-2,"clippedY":-14,"requestedAppliedX":-1.476,"requestedAppliedY":-10.332,"appliedX":-1.476,"appliedY":-10.332,"actualX":-1.5,"actualY":-10.5,"sensitivity":0.738,"currentZoomForScroll":1.0443850698041894,"maxScrollStepX":22,"maxScrollStepY":22,"diagonalEvents":1,"clippedEvents":0}
[DebugBridge +21691.7ms] wheel_scroll_motion {"eventCount":1,"rawAbsX":0,"rawAbsY":48,"rawX":0,"rawY":-48,"clippedAbsX":0,"clippedAbsY":46.9689563258415,"clippedX":0,"clippedY":-46.9689563258415,"requestedAppliedX":0,"requestedAppliedY":-34.66308976847103,"appliedX":0,"appliedY":-22,"actualX":0,"actualY":-22,"sensitivity":0.738,"currentZoomForScroll":1.0443850698041894,"maxScrollStepX":22,"maxScrollStepY":22,"diagonalEvents":0,"clippedEvents":1}
[DebugBridge +21701.1ms] wheel_scroll_motion {"eventCount":1,"rawAbsX":0,"rawAbsY":62,"rawX":0,"rawY":-62,"clippedAbsX":0,"clippedAbsY":46.9689563258415,"clippedX":0,"clippedY":-46.9689563258415,"requestedAppliedX":0,"requestedAppliedY":-34.66308976847103,"appliedX":0,"appliedY":-22,"actualX":0,"actualY":-22,"sensitivity":0.738,"currentZoomForScroll":1.0443850698041894,"maxScrollStepX":22,"maxScrollStepY":22,"diagonalEvents":0,"clippedEvents":1}
[DebugBridge +21708.0ms] wheel_scroll_motion {"eventCount":1,"rawAbsX":0,"rawAbsY":68,"rawX":0,"rawY":-68,"clippedAbsX":0,"clippedAbsY":46.9689563258415,"clippedX":0,"clippedY":-46.9689563258415,"requestedAppliedX":0,"requestedAppliedY":-34.66308976847103,"appliedX":0,"appliedY":-22,"actualX":0,"actualY":-22,"sensitivity":0.738,"currentZoomForScroll":1.0443850698041894,"maxScrollStepX":22,"maxScrollStepY":22,"diagonalEvents":0,"clippedEvents":1}
[DebugBridge +21717.4ms] wheel_scroll_motion {"eventCount":1,"rawAbsX":0,"rawAbsY":72,"rawX":0,"rawY":-72,"clippedAbsX":0,"clippedAbsY":46.9689563258415,"clippedX":0,"clippedY":-46.9689563258415,"requestedAppliedX":0,"requestedAppliedY":-34.66308976847103,"appliedX":0,"appliedY":-22,"actualX":0,"actualY":-22,"sensitivity":0.738,"currentZoomForScroll":1.0443850698041894,"maxScrollStepX":22,"maxScrollStepY":22,"diagonalEvents":0,"clippedEvents":1}
[DebugBridge +21727.1ms] wheel_scroll_motion {"eventCount":1,"rawAbsX":0,"rawAbsY":68,"rawX":0,"rawY":-68,"clippedAbsX":0,"clippedAbsY":46.9689563258415,"clippedX":0,"clippedY":-46.9689563258415,"requestedAppliedX":0,"requestedAppliedY":-34.66308976847103,"appliedX":0,"appliedY":-22,"actualX":0,"actualY":-22,"sensitivity":0.738,"currentZoomForScroll":1.0443850698041894,"maxScrollStepX":22,"maxScrollStepY":22,"diagonalEvents":0,"clippedEvents":1}
[DebugBridge +21738.2ms] wheel_scroll_motion {"eventCount":1,"rawAbsX":0,"rawAbsY":70,"rawX":0,"rawY":-70,"clippedAbsX":0,"clippedAbsY":46.9689563258415,"clippedX":0,"clippedY":-46.9689563258415,"requestedAppliedX":0,"requestedAppliedY":-34.66308976847103,"appliedX":0,"appliedY":-22,"actualX":0,"actualY":-22,"sensitivity":0.738,"currentZoomForScroll":1.0443850698041894,"maxScrollStepX":22,"maxScrollStepY":22,"diagonalEvents":0,"clippedEvents":1}
[DebugBridge +21742.6ms] wheel_scroll_motion {"eventCount":1,"rawAbsX":0,"rawAbsY":78,"rawX":0,"rawY":-78,"clippedAbsX":0,"clippedAbsY":46.9689563258415,"clippedX":0,"clippedY":-46.9689563258415,"requestedAppliedX":0,"requestedAppliedY":-34.66308976847103,"appliedX":0,"appliedY":-22,"actualX":0,"actualY":-22,"sensitivity":0.738,"currentZoomForScroll":1.0443850698041894,"maxScrollStepX":22,"maxScrollStepY":22,"diagonalEvents":0,"clippedEvents":1}
[DebugBridge +21751.5ms] wheel_scroll_motion {"eventCount":1,"rawAbsX":0,"rawAbsY":72,"rawX":0,"rawY":-72,"clippedAbsX":0,"clippedAbsY":46.9689563258415,"clippedX":0,"clippedY":-46.9689563258415,"requestedAppliedX":0,"requestedAppliedY":-34.66308976847103,"appliedX":0,"appliedY":-22,"actualX":0,"actualY":-22,"sensitivity":0.738,"currentZoomForScroll":1.0443850698041894,"maxScrollStepX":22,"maxScrollStepY":22,"diagonalEvents":0,"clippedEvents":1}
[DebugBridge +21760.4ms] wheel_scroll_motion {"eventCount":1,"rawAbsX":0,"rawAbsY":72,"rawX":0,"rawY":-72,"clippedAbsX":0,"clippedAbsY":46.9689563258415,"clippedX":0,"clippedY":-46.9689563258415,"requestedAppliedX":0,"requestedAppliedY":-34.66308976847103,"appliedX":0,"appliedY":-22,"actualX":0,"actualY":-22,"sensitivity":0.738,"currentZoomForScroll":1.0443850698041894,"maxScrollStepX":22,"maxScrollStepY":22,"diagonalEvents":0,"clippedEvents":1}
[DebugBridge +21767.7ms] wheel_scroll_motion {"eventCount":1,"rawAbsX":0,"rawAbsY":72,"rawX":0,"rawY":-72,"clippedAbsX":0,"clippedAbsY":46.9689563258415,"clippedX":0,"clippedY":-46.9689563258415,"requestedAppliedX":0,"requestedAppliedY":-34.66308976847103,"appliedX":0,"appliedY":-22,"actualX":0,"actualY":-22,"sensitivity":0.738,"currentZoomForScroll":1.0443850698041894,"maxScrollStepX":22,"maxScrollStepY":22,"diagonalEvents":0,"clippedEvents":1}
[DebugBridge +21775.6ms] wheel_scroll_motion {"eventCount":1,"rawAbsX":0,"rawAbsY":68,"rawX":0,"rawY":-68,"clippedAbsX":0,"clippedAbsY":46.9689563258415,"clippedX":0,"clippedY":-46.9689563258415,"requestedAppliedX":0,"requestedAppliedY":-34.66308976847103,"appliedX":0,"appliedY":-22,"actualX":0,"actualY":-22,"sensitivity":0.738,"currentZoomForScroll":1.0443850698041894,"maxScrollStepX":22,"maxScrollStepY":22,"diagonalEvents":0,"clippedEvents":1}
[DebugBridge +21785.2ms] wheel_scroll_motion {"eventCount":1,"rawAbsX":0,"rawAbsY":64,"rawX":0,"rawY":-64,"clippedAbsX":0,"clippedAbsY":46.9689563258415,"clippedX":0,"clippedY":-46.9689563258415,"requestedAppliedX":0,"requestedAppliedY":-34.66308976847103,"appliedX":0,"appliedY":-22,"actualX":0,"actualY":-22,"sensitivity":0.738,"currentZoomForScroll":1.0443850698041894,"maxScrollStepX":22,"maxScrollStepY":22,"diagonalEvents":0,"clippedEvents":1}
[DebugBridge +21793.1ms] wheel_scroll_motion {"eventCount":1,"rawAbsX":0,"rawAbsY":64,"rawX":0,"rawY":-64,"clippedAbsX":0,"clippedAbsY":46.9689563258415,"clippedX":0,"clippedY":-46.9689563258415,"requestedAppliedX":0,"requestedAppliedY":-34.66308976847103,"appliedX":0,"appliedY":-22,"actualX":0,"actualY":-22,"sensitivity":0.738,"currentZoomForScroll":1.0443850698041894,"maxScrollStepX":22,"maxScrollStepY":22,"diagonalEvents":0,"clippedEvents":1}
[DebugBridge +21833.8ms] wheel_scroll_motion {"eventCount":1,"rawAbsX":0,"rawAbsY":2,"rawX":0,"rawY":2,"clippedAbsX":0,"clippedAbsY":2,"clippedX":0,"clippedY":2,"requestedAppliedX":0,"requestedAppliedY":1.64,"appliedX":0,"appliedY":1.64,"actualX":0,"actualY":1.5,"sensitivity":0.82,"currentZoomForScroll":1.0443850698041894,"maxScrollStepX":22,"maxScrollStepY":22,"diagonalEvents":0,"clippedEvents":0}
[DebugBridge +21882.6ms] wheel_scroll_motion {"eventCount":2,"rawAbsX":24,"rawAbsY":64,"rawX":-24,"rawY":64,"clippedAbsX":24,"clippedAbsY":48.9689563258415,"clippedX":-24,"clippedY":48.9689563258415,"requestedAppliedX":-16.0884,"requestedAppliedY":32.67278079162393,"appliedX":-16.0884,"appliedY":22,"actualX":-16.5,"actualY":22,"sensitivity":0.738,"currentZoomForScroll":1.0443850698041894,"maxScrollStepX":22,"maxScrollStepY":22,"diagonalEvents":2,"clippedEvents":1}
[DebugBridge +21891.0ms] wheel_scroll_motion {"eventCount":2,"rawAbsX":4,"rawAbsY":14,"rawX":-4,"rawY":14,"clippedAbsX":4,"clippedAbsY":14,"clippedX":-4,"clippedY":14,"requestedAppliedX":-2.952,"requestedAppliedY":10.332,"appliedX":-2.952,"appliedY":10.332,"actualX":-3,"actualY":10,"sensitivity":0.738,"currentZoomForScroll":1.0443850698041894,"maxScrollStepX":22,"maxScrollStepY":22,"diagonalEvents":2,"clippedEvents":0}
[DebugBridge +21900.1ms] wheel_scroll_motion {"eventCount":2,"rawAbsX":0,"rawAbsY":18,"rawX":0,"rawY":18,"clippedAbsX":0,"clippedAbsY":18,"clippedX":0,"clippedY":18,"requestedAppliedX":0,"requestedAppliedY":14.76,"appliedX":0,"appliedY":14.76,"actualX":0,"actualY":14.5,"sensitivity":0.82,"currentZoomForScroll":1.0443850698041894,"maxScrollStepX":22,"maxScrollStepY":22,"diagonalEvents":0,"clippedEvents":0}
[DebugBridge +21907.4ms] wheel_scroll_motion {"eventCount":1,"rawAbsX":2,"rawAbsY":18,"rawX":-2,"rawY":18,"clippedAbsX":2,"clippedAbsY":18,"clippedX":-2,"clippedY":18,"requestedAppliedX":-1.476,"requestedAppliedY":13.283999999999999,"appliedX":-1.476,"appliedY":13.283999999999999,"actualX":-1.5,"actualY":13,"sensitivity":0.738,"currentZoomForScroll":1.0443850698041894,"maxScrollStepX":22,"maxScrollStepY":22,"diagonalEvents":1,"clippedEvents":0}
[DebugBridge +21916.3ms] wheel_scroll_motion {"eventCount":2,"rawAbsX":4,"rawAbsY":32,"rawX":0,"rawY":32,"clippedAbsX":4,"clippedAbsY":32,"clippedX":0,"clippedY":32,"requestedAppliedX":0,"requestedAppliedY":23.616,"appliedX":0,"appliedY":22,"actualX":0,"actualY":22,"sensitivity":0.738,"currentZoomForScroll":1.0443850698041894,"maxScrollStepX":22,"maxScrollStepY":22,"diagonalEvents":2,"clippedEvents":0}
[DebugBridge +21924.3ms] wheel_scroll_motion {"eventCount":1,"rawAbsX":2,"rawAbsY":12,"rawX":2,"rawY":12,"clippedAbsX":2,"clippedAbsY":12,"clippedX":2,"clippedY":12,"requestedAppliedX":1.476,"requestedAppliedY":8.856,"appliedX":1.476,"appliedY":8.856,"actualX":1,"actualY":8.5,"sensitivity":0.738,"currentZoomForScroll":1.0443850698041894,"maxScrollStepX":22,"maxScrollStepY":22,"diagonalEvents":1,"clippedEvents":0}
[DebugBridge +21933.1ms] wheel_scroll_motion {"eventCount":1,"rawAbsX":4,"rawAbsY":20,"rawX":4,"rawY":20,"clippedAbsX":4,"clippedAbsY":20,"clippedX":4,"clippedY":20,"requestedAppliedX":2.952,"requestedAppliedY":14.76,"appliedX":2.952,"appliedY":14.76,"actualX":2.5,"actualY":14.5,"sensitivity":0.738,"currentZoomForScroll":1.0443850698041894,"maxScrollStepX":22,"maxScrollStepY":22,"diagonalEvents":1,"clippedEvents":0}
[DebugBridge +21940.9ms] wheel_scroll_motion {"eventCount":2,"rawAbsX":12,"rawAbsY":28,"rawX":12,"rawY":28,"clippedAbsX":12,"clippedAbsY":28,"clippedX":12,"clippedY":28,"requestedAppliedX":8.856,"requestedAppliedY":20.663999999999998,"appliedX":8.856,"appliedY":20.663999999999998,"actualX":8.5,"actualY":20.5,"sensitivity":0.738,"currentZoomForScroll":1.0443850698041894,"maxScrollStepX":22,"maxScrollStepY":22,"diagonalEvents":2,"clippedEvents":0}
[DebugBridge +21949.6ms] wheel_scroll_motion {"eventCount":2,"rawAbsX":12,"rawAbsY":18,"rawX":12,"rawY":18,"clippedAbsX":12,"clippedAbsY":18,"clippedX":12,"clippedY":18,"requestedAppliedX":8.856,"requestedAppliedY":13.283999999999999,"appliedX":8.856,"appliedY":13.283999999999999,"actualX":8.5,"actualY":13,"sensitivity":0.738,"currentZoomForScroll":1.0443850698041894,"maxScrollStepX":22,"maxScrollStepY":22,"diagonalEvents":2,"clippedEvents":0}
[DebugBridge +21957.1ms] wheel_scroll_motion {"eventCount":2,"rawAbsX":16,"rawAbsY":14,"rawX":16,"rawY":14,"clippedAbsX":16,"clippedAbsY":14,"clippedX":16,"clippedY":14,"requestedAppliedX":11.808,"requestedAppliedY":10.332,"appliedX":11.808,"appliedY":10.332,"actualX":11.5,"actualY":10,"sensitivity":0.738,"currentZoomForScroll":1.0443850698041894,"maxScrollStepX":22,"maxScrollStepY":22,"diagonalEvents":2,"clippedEvents":0}
[DebugBridge +21967.4ms] wheel_scroll_motion {"eventCount":2,"rawAbsX":16,"rawAbsY":12,"rawX":16,"rawY":12,"clippedAbsX":16,"clippedAbsY":12,"clippedX":16,"clippedY":12,"requestedAppliedX":11.808,"requestedAppliedY":8.856,"appliedX":11.808,"appliedY":8.856,"actualX":11.5,"actualY":8.5,"sensitivity":0.738,"currentZoomForScroll":1.0443850698041894,"maxScrollStepX":22,"maxScrollStepY":22,"diagonalEvents":2,"clippedEvents":0}
[DebugBridge +21973.5ms] wheel_scroll_motion {"eventCount":2,"rawAbsX":20,"rawAbsY":10,"rawX":20,"rawY":10,"clippedAbsX":20,"clippedAbsY":10,"clippedX":20,"clippedY":10,"requestedAppliedX":14.760000000000002,"requestedAppliedY":7.38,"appliedX":14.760000000000002,"appliedY":7.38,"actualX":14.5,"actualY":7,"sensitivity":0.738,"currentZoomForScroll":1.0443850698041894,"maxScrollStepX":22,"maxScrollStepY":22,"diagonalEvents":2,"clippedEvents":0}
[DebugBridge +21983.8ms] wheel_scroll_motion {"eventCount":2,"rawAbsX":20,"rawAbsY":8,"rawX":20,"rawY":8,"clippedAbsX":20,"clippedAbsY":8,"clippedX":20,"clippedY":8,"requestedAppliedX":14.760000000000002,"requestedAppliedY":5.904,"appliedX":14.760000000000002,"appliedY":5.904,"actualX":14.5,"actualY":5.5,"sensitivity":0.738,"currentZoomForScroll":1.0443850698041894,"maxScrollStepX":22,"maxScrollStepY":22,"diagonalEvents":2,"clippedEvents":0}
[DebugBridge +21990.9ms] wheel_scroll_motion {"eventCount":2,"rawAbsX":26,"rawAbsY":4,"rawX":26,"rawY":4,"clippedAbsX":26,"clippedAbsY":4,"clippedX":26,"clippedY":4,"requestedAppliedX":19.188,"requestedAppliedY":2.952,"appliedX":19.188,"appliedY":2.952,"actualX":19,"actualY":2.5,"sensitivity":0.738,"currentZoomForScroll":1.0443850698041894,"maxScrollStepX":22,"maxScrollStepY":22,"diagonalEvents":2,"clippedEvents":0}
[DebugBridge +22000.0ms] wheel_scroll_motion {"eventCount":2,"rawAbsX":28,"rawAbsY":4,"rawX":28,"rawY":4,"clippedAbsX":28,"clippedAbsY":4,"clippedX":28,"clippedY":4,"requestedAppliedX":20.664,"requestedAppliedY":2.952,"appliedX":20.664,"appliedY":2.952,"actualX":20.5,"actualY":2.5,"sensitivity":0.738,"currentZoomForScroll":1.0443850698041894,"maxScrollStepX":22,"maxScrollStepY":22,"diagonalEvents":2,"clippedEvents":0}
[DebugBridge +22009.3ms] wheel_scroll_motion {"eventCount":2,"rawAbsX":28,"rawAbsY":2,"rawX":28,"rawY":2,"clippedAbsX":28,"clippedAbsY":2,"clippedX":28,"clippedY":2,"requestedAppliedX":22.304,"requestedAppliedY":1.476,"appliedX":22,"appliedY":1.476,"actualX":22,"actualY":1,"sensitivity":0.82,"currentZoomForScroll":1.0443850698041894,"maxScrollStepX":22,"maxScrollStepY":22,"diagonalEvents":1,"clippedEvents":0}
[DebugBridge +22015.9ms] wheel_scroll_motion {"eventCount":2,"rawAbsX":26,"rawAbsY":4,"rawX":26,"rawY":-4,"clippedAbsX":26,"clippedAbsY":4,"clippedX":26,"clippedY":-4,"requestedAppliedX":19.68,"requestedAppliedY":-2.952,"appliedX":19.68,"appliedY":-2.952,"actualX":19.5,"actualY":-3,"sensitivity":0.738,"currentZoomForScroll":1.0443850698041894,"maxScrollStepX":22,"maxScrollStepY":22,"diagonalEvents":1,"clippedEvents":0}
[DebugBridge +22026.5ms] wheel_scroll_motion {"eventCount":2,"rawAbsX":26,"rawAbsY":6,"rawX":26,"rawY":-6,"clippedAbsX":26,"clippedAbsY":6,"clippedX":26,"clippedY":-6,"requestedAppliedX":19.188000000000002,"requestedAppliedY":-4.428,"appliedX":19.188000000000002,"appliedY":-4.428,"actualX":19,"actualY":-4.5,"sensitivity":0.738,"currentZoomForScroll":1.0443850698041894,"maxScrollStepX":22,"maxScrollStepY":22,"diagonalEvents":2,"clippedEvents":0}
[DebugBridge +22036.1ms] wheel_scroll_motion {"eventCount":2,"rawAbsX":22,"rawAbsY":8,"rawX":22,"rawY":-8,"clippedAbsX":22,"clippedAbsY":8,"clippedX":22,"clippedY":-8,"requestedAppliedX":16.235999999999997,"requestedAppliedY":-5.904,"appliedX":16.235999999999997,"appliedY":-5.904,"actualX":16,"actualY":-6,"sensitivity":0.738,"currentZoomForScroll":1.0443850698041894,"maxScrollStepX":22,"maxScrollStepY":22,"diagonalEvents":2,"clippedEvents":0}
[DebugBridge +22040.6ms] wheel_scroll_motion {"eventCount":1,"rawAbsX":2,"rawAbsY":2,"rawX":2,"rawY":-2,"clippedAbsX":2,"clippedAbsY":2,"clippedX":2,"clippedY":-2,"requestedAppliedX":1.476,"requestedAppliedY":-1.476,"appliedX":1.476,"appliedY":-1.476,"actualX":1,"actualY":-1.5,"sensitivity":0.738,"currentZoomForScroll":1.0443850698041894,"maxScrollStepX":22,"maxScrollStepY":22,"diagonalEvents":1,"clippedEvents":0}
[DebugBridge +22050.4ms] wheel_scroll_motion {"eventCount":3,"rawAbsX":40,"rawAbsY":18,"rawX":40,"rawY":-18,"clippedAbsX":40,"clippedAbsY":18,"clippedX":40,"clippedY":-18,"requestedAppliedX":29.52,"requestedAppliedY":-13.284,"appliedX":22,"appliedY":-13.284,"actualX":22,"actualY":-13.5,"sensitivity":0.738,"currentZoomForScroll":1.0443850698041894,"maxScrollStepX":22,"maxScrollStepY":22,"diagonalEvents":3,"clippedEvents":0}
[DebugBridge +22057.8ms] wheel_scroll_motion {"eventCount":1,"rawAbsX":18,"rawAbsY":10,"rawX":18,"rawY":-10,"clippedAbsX":18,"clippedAbsY":10,"clippedX":18,"clippedY":-10,"requestedAppliedX":13.283999999999999,"requestedAppliedY":-7.38,"appliedX":13.283999999999999,"appliedY":-7.38,"actualX":13,"actualY":-7.5,"sensitivity":0.738,"currentZoomForScroll":1.0443850698041894,"maxScrollStepX":22,"maxScrollStepY":22,"diagonalEvents":1,"clippedEvents":0}
[DebugBridge +22066.5ms] wheel_scroll_motion {"eventCount":1,"rawAbsX":14,"rawAbsY":12,"rawX":14,"rawY":-12,"clippedAbsX":14,"clippedAbsY":12,"clippedX":14,"clippedY":-12,"requestedAppliedX":10.332,"requestedAppliedY":-8.856,"appliedX":10.332,"appliedY":-8.856,"actualX":10,"actualY":-9,"sensitivity":0.738,"currentZoomForScroll":1.0443850698041894,"maxScrollStepX":22,"maxScrollStepY":22,"diagonalEvents":1,"clippedEvents":0}
[DebugBridge +22075.0ms] wheel_scroll_motion {"eventCount":1,"rawAbsX":14,"rawAbsY":12,"rawX":14,"rawY":-12,"clippedAbsX":14,"clippedAbsY":12,"clippedX":14,"clippedY":-12,"requestedAppliedX":10.332,"requestedAppliedY":-8.856,"appliedX":10.332,"appliedY":-8.856,"actualX":10,"actualY":-9,"sensitivity":0.738,"currentZoomForScroll":1.0443850698041894,"maxScrollStepX":22,"maxScrollStepY":22,"diagonalEvents":1,"clippedEvents":0}
[DebugBridge +22083.0ms] wheel_scroll_motion {"eventCount":2,"rawAbsX":10,"rawAbsY":14,"rawX":10,"rawY":-14,"clippedAbsX":10,"clippedAbsY":14,"clippedX":10,"clippedY":-14,"requestedAppliedX":7.38,"requestedAppliedY":-10.332,"appliedX":7.38,"appliedY":-10.332,"actualX":7,"actualY":-10.5,"sensitivity":0.738,"currentZoomForScroll":1.0443850698041894,"maxScrollStepX":22,"maxScrollStepY":22,"diagonalEvents":2,"clippedEvents":0}
[DebugBridge +22092.9ms] wheel_scroll_motion {"eventCount":2,"rawAbsX":8,"rawAbsY":16,"rawX":8,"rawY":-16,"clippedAbsX":8,"clippedAbsY":16,"clippedX":8,"clippedY":-16,"requestedAppliedX":5.904,"requestedAppliedY":-11.808,"appliedX":5.904,"appliedY":-11.808,"actualX":5.5,"actualY":-12,"sensitivity":0.738,"currentZoomForScroll":1.0443850698041894,"maxScrollStepX":22,"maxScrollStepY":22,"diagonalEvents":2,"clippedEvents":0}
[DebugBridge +22100.1ms] wheel_scroll_motion {"eventCount":2,"rawAbsX":6,"rawAbsY":16,"rawX":6,"rawY":-16,"clippedAbsX":6,"clippedAbsY":16,"clippedX":6,"clippedY":-16,"requestedAppliedX":4.428,"requestedAppliedY":-11.808,"appliedX":4.428,"appliedY":-11.808,"actualX":4,"actualY":-12,"sensitivity":0.738,"currentZoomForScroll":1.0443850698041894,"maxScrollStepX":22,"maxScrollStepY":22,"diagonalEvents":2,"clippedEvents":0}
[DebugBridge +22108.4ms] wheel_scroll_motion {"eventCount":2,"rawAbsX":4,"rawAbsY":16,"rawX":4,"rawY":-16,"clippedAbsX":4,"clippedAbsY":16,"clippedX":4,"clippedY":-16,"requestedAppliedX":2.952,"requestedAppliedY":-11.808,"appliedX":2.952,"appliedY":-11.808,"actualX":2.5,"actualY":-12,"sensitivity":0.738,"currentZoomForScroll":1.0443850698041894,"maxScrollStepX":22,"maxScrollStepY":22,"diagonalEvents":2,"clippedEvents":0}
[DebugBridge +22116.3ms] wheel_scroll_motion {"eventCount":2,"rawAbsX":0,"rawAbsY":18,"rawX":0,"rawY":-18,"clippedAbsX":0,"clippedAbsY":18,"clippedX":0,"clippedY":-18,"requestedAppliedX":0,"requestedAppliedY":-14.76,"appliedX":0,"appliedY":-14.76,"actualX":0,"actualY":-15,"sensitivity":0.82,"currentZoomForScroll":1.0443850698041894,"maxScrollStepX":22,"maxScrollStepY":22,"diagonalEvents":0,"clippedEvents":0}
[DebugBridge +22126.7ms] wheel_scroll_motion {"eventCount":2,"rawAbsX":0,"rawAbsY":26,"rawX":0,"rawY":-26,"clippedAbsX":0,"clippedAbsY":26,"clippedX":0,"clippedY":-26,"requestedAppliedX":0,"requestedAppliedY":-21.32,"appliedX":0,"appliedY":-21.32,"actualX":0,"actualY":-21.5,"sensitivity":0.82,"currentZoomForScroll":1.0443850698041894,"maxScrollStepX":22,"maxScrollStepY":22,"diagonalEvents":0,"clippedEvents":0}
[DebugBridge +22134.5ms] wheel_scroll_motion {"eventCount":1,"rawAbsX":6,"rawAbsY":8,"rawX":-6,"rawY":-8,"clippedAbsX":6,"clippedAbsY":8,"clippedX":-6,"clippedY":-8,"requestedAppliedX":-4.428,"requestedAppliedY":-5.904,"appliedX":-4.428,"appliedY":-5.904,"actualX":-4.5,"actualY":-6,"sensitivity":0.738,"currentZoomForScroll":1.0443850698041894,"maxScrollStepX":22,"maxScrollStepY":22,"diagonalEvents":1,"clippedEvents":0}
[DebugBridge +22173.7ms] wheel_scroll_motion {"eventCount":1,"rawAbsX":2,"rawAbsY":4,"rawX":-2,"rawY":-4,"clippedAbsX":2,"clippedAbsY":4,"clippedX":-2,"clippedY":-4,"requestedAppliedX":-1.476,"requestedAppliedY":-2.952,"appliedX":-1.476,"appliedY":-2.952,"actualX":-1.5,"actualY":-3,"sensitivity":0.738,"currentZoomForScroll":1.0443850698041894,"maxScrollStepX":22,"maxScrollStepY":22,"diagonalEvents":1,"clippedEvents":0}
[DebugBridge +22182.8ms] wheel_scroll_motion {"eventCount":2,"rawAbsX":118,"rawAbsY":52,"rawX":-118,"rawY":-52,"clippedAbsX":72.9689563258415,"clippedAbsY":48.9689563258415,"clippedX":-72.9689563258415,"clippedY":-48.9689563258415,"requestedAppliedX":-50.384780791623925,"requestedAppliedY":-32.67278079162393,"appliedX":-22,"appliedY":-22,"actualX":-22,"actualY":-22,"sensitivity":0.738,"currentZoomForScroll":1.0443850698041894,"maxScrollStepX":22,"maxScrollStepY":22,"diagonalEvents":2,"clippedEvents":1}
[DebugBridge +22191.0ms] wheel_scroll_motion {"eventCount":1,"rawAbsX":24,"rawAbsY":4,"rawX":-24,"rawY":4,"clippedAbsX":24,"clippedAbsY":4,"clippedX":-24,"clippedY":4,"requestedAppliedX":-17.712,"requestedAppliedY":2.952,"appliedX":-17.712,"appliedY":2.952,"actualX":-18,"actualY":2.5,"sensitivity":0.738,"currentZoomForScroll":1.0443850698041894,"maxScrollStepX":22,"maxScrollStepY":22,"diagonalEvents":1,"clippedEvents":0}
[DebugBridge +22201.5ms] wheel_scroll_motion {"eventCount":2,"rawAbsX":34,"rawAbsY":14,"rawX":-34,"rawY":14,"clippedAbsX":34,"clippedAbsY":14,"clippedX":-34,"clippedY":14,"requestedAppliedX":-25.092,"requestedAppliedY":10.332,"appliedX":-22,"appliedY":10.332,"actualX":-22,"actualY":10,"sensitivity":0.738,"currentZoomForScroll":1.0443850698041894,"maxScrollStepX":22,"maxScrollStepY":22,"diagonalEvents":2,"clippedEvents":0}
[DebugBridge +22209.3ms] wheel_scroll_motion {"eventCount":2,"rawAbsX":20,"rawAbsY":12,"rawX":-20,"rawY":12,"clippedAbsX":20,"clippedAbsY":12,"clippedX":-20,"clippedY":12,"requestedAppliedX":-14.76,"requestedAppliedY":8.856,"appliedX":-14.76,"appliedY":8.856,"actualX":-15,"actualY":8.5,"sensitivity":0.738,"currentZoomForScroll":1.0443850698041894,"maxScrollStepX":22,"maxScrollStepY":22,"diagonalEvents":2,"clippedEvents":0}
[DebugBridge +22216.2ms] wheel_scroll_motion {"eventCount":1,"rawAbsX":8,"rawAbsY":6,"rawX":-8,"rawY":6,"clippedAbsX":8,"clippedAbsY":6,"clippedX":-8,"clippedY":6,"requestedAppliedX":-5.904,"requestedAppliedY":4.428,"appliedX":-5.904,"appliedY":4.428,"actualX":-6,"actualY":4,"sensitivity":0.738,"currentZoomForScroll":1.0443850698041894,"maxScrollStepX":22,"maxScrollStepY":22,"diagonalEvents":1,"clippedEvents":0}
[DebugBridge +22224.6ms] wheel_scroll_motion {"eventCount":3,"rawAbsX":20,"rawAbsY":32,"rawX":-20,"rawY":32,"clippedAbsX":20,"clippedAbsY":32,"clippedX":-20,"clippedY":32,"requestedAppliedX":-14.760000000000002,"requestedAppliedY":23.616,"appliedX":-14.760000000000002,"appliedY":22,"actualX":-15,"actualY":22,"sensitivity":0.738,"currentZoomForScroll":1.0443850698041894,"maxScrollStepX":22,"maxScrollStepY":22,"diagonalEvents":3,"clippedEvents":0}
[DebugBridge +22234.5ms] wheel_scroll_motion {"eventCount":2,"rawAbsX":10,"rawAbsY":24,"rawX":-10,"rawY":24,"clippedAbsX":10,"clippedAbsY":24,"clippedX":-10,"clippedY":24,"requestedAppliedX":-7.38,"requestedAppliedY":17.712,"appliedX":-7.38,"appliedY":17.712,"actualX":-7.5,"actualY":17.5,"sensitivity":0.738,"currentZoomForScroll":1.0443850698041894,"maxScrollStepX":22,"maxScrollStepY":22,"diagonalEvents":2,"clippedEvents":0}
[DebugBridge +22240.8ms] wheel_scroll_motion {"eventCount":2,"rawAbsX":8,"rawAbsY":26,"rawX":-8,"rawY":26,"clippedAbsX":8,"clippedAbsY":26,"clippedX":-8,"clippedY":26,"requestedAppliedX":-5.904,"requestedAppliedY":19.188,"appliedX":-5.904,"appliedY":19.188,"actualX":-6,"actualY":19,"sensitivity":0.738,"currentZoomForScroll":1.0443850698041894,"maxScrollStepX":22,"maxScrollStepY":22,"diagonalEvents":2,"clippedEvents":0}
[DebugBridge +22249.6ms] wheel_scroll_motion {"eventCount":2,"rawAbsX":4,"rawAbsY":24,"rawX":-4,"rawY":24,"clippedAbsX":4,"clippedAbsY":24,"clippedX":-4,"clippedY":24,"requestedAppliedX":-2.952,"requestedAppliedY":17.712,"appliedX":-2.952,"appliedY":17.712,"actualX":-3,"actualY":17.5,"sensitivity":0.738,"currentZoomForScroll":1.0443850698041894,"maxScrollStepX":22,"maxScrollStepY":22,"diagonalEvents":2,"clippedEvents":0}
[DebugBridge +22259.3ms] wheel_scroll_motion {"eventCount":2,"rawAbsX":4,"rawAbsY":28,"rawX":-4,"rawY":28,"clippedAbsX":4,"clippedAbsY":28,"clippedX":-4,"clippedY":28,"requestedAppliedX":-2.952,"requestedAppliedY":20.664,"appliedX":-2.952,"appliedY":20.664,"actualX":-3,"actualY":20.5,"sensitivity":0.738,"currentZoomForScroll":1.0443850698041894,"maxScrollStepX":22,"maxScrollStepY":22,"diagonalEvents":2,"clippedEvents":0}
[DebugBridge +22266.3ms] wheel_scroll_motion {"eventCount":2,"rawAbsX":4,"rawAbsY":26,"rawX":0,"rawY":26,"clippedAbsX":4,"clippedAbsY":26,"clippedX":0,"clippedY":26,"requestedAppliedX":0,"requestedAppliedY":19.188,"appliedX":0,"appliedY":19.188,"actualX":0,"actualY":19,"sensitivity":0.738,"currentZoomForScroll":1.0443850698041894,"maxScrollStepX":22,"maxScrollStepY":22,"diagonalEvents":2,"clippedEvents":0}
[DebugBridge +22275.5ms] wheel_scroll_motion {"eventCount":2,"rawAbsX":4,"rawAbsY":24,"rawX":4,"rawY":24,"clippedAbsX":4,"clippedAbsY":24,"clippedX":4,"clippedY":24,"requestedAppliedX":2.952,"requestedAppliedY":17.712,"appliedX":2.952,"appliedY":17.712,"actualX":2.5,"actualY":17.5,"sensitivity":0.738,"currentZoomForScroll":1.0443850698041894,"maxScrollStepX":22,"maxScrollStepY":22,"diagonalEvents":2,"clippedEvents":0}
[DebugBridge +22283.9ms] wheel_scroll_motion {"eventCount":2,"rawAbsX":8,"rawAbsY":20,"rawX":8,"rawY":20,"clippedAbsX":8,"clippedAbsY":20,"clippedX":8,"clippedY":20,"requestedAppliedX":5.904,"requestedAppliedY":14.76,"appliedX":5.904,"appliedY":14.76,"actualX":5.5,"actualY":14.5,"sensitivity":0.738,"currentZoomForScroll":1.0443850698041894,"maxScrollStepX":22,"maxScrollStepY":22,"diagonalEvents":2,"clippedEvents":0}
[DebugBridge +22292.9ms] wheel_scroll_motion {"eventCount":2,"rawAbsX":8,"rawAbsY":16,"rawX":8,"rawY":16,"clippedAbsX":8,"clippedAbsY":16,"clippedX":8,"clippedY":16,"requestedAppliedX":5.904,"requestedAppliedY":11.808,"appliedX":5.904,"appliedY":11.808,"actualX":5.5,"actualY":11.5,"sensitivity":0.738,"currentZoomForScroll":1.0443850698041894,"maxScrollStepX":22,"maxScrollStepY":22,"diagonalEvents":2,"clippedEvents":0}
[DebugBridge +22300.7ms] wheel_scroll_motion {"eventCount":2,"rawAbsX":14,"rawAbsY":22,"rawX":14,"rawY":22,"clippedAbsX":14,"clippedAbsY":22,"clippedX":14,"clippedY":22,"requestedAppliedX":10.332,"requestedAppliedY":16.236,"appliedX":10.332,"appliedY":16.236,"actualX":10,"actualY":16,"sensitivity":0.738,"currentZoomForScroll":1.0443850698041894,"maxScrollStepX":22,"maxScrollStepY":22,"diagonalEvents":2,"clippedEvents":0}
[DebugBridge +22308.5ms] wheel_scroll_motion {"eventCount":1,"rawAbsX":14,"rawAbsY":14,"rawX":14,"rawY":14,"clippedAbsX":14,"clippedAbsY":14,"clippedX":14,"clippedY":14,"requestedAppliedX":10.332,"requestedAppliedY":10.332,"appliedX":10.332,"appliedY":10.332,"actualX":10,"actualY":10,"sensitivity":0.738,"currentZoomForScroll":1.0443850698041894,"maxScrollStepX":22,"maxScrollStepY":22,"diagonalEvents":1,"clippedEvents":0}
[DebugBridge +22316.7ms] wheel_scroll_motion {"eventCount":1,"rawAbsX":14,"rawAbsY":10,"rawX":14,"rawY":10,"clippedAbsX":14,"clippedAbsY":10,"clippedX":14,"clippedY":10,"requestedAppliedX":10.332,"requestedAppliedY":7.38,"appliedX":10.332,"appliedY":7.38,"actualX":10,"actualY":7,"sensitivity":0.738,"currentZoomForScroll":1.0443850698041894,"maxScrollStepX":22,"maxScrollStepY":22,"diagonalEvents":1,"clippedEvents":0}
[DebugBridge +22325.0ms] wheel_scroll_motion {"eventCount":1,"rawAbsX":18,"rawAbsY":6,"rawX":18,"rawY":6,"clippedAbsX":18,"clippedAbsY":6,"clippedX":18,"clippedY":6,"requestedAppliedX":13.283999999999999,"requestedAppliedY":4.428,"appliedX":13.283999999999999,"appliedY":4.428,"actualX":13,"actualY":4,"sensitivity":0.738,"currentZoomForScroll":1.0443850698041894,"maxScrollStepX":22,"maxScrollStepY":22,"diagonalEvents":1,"clippedEvents":0}
[DebugBridge +22337.6ms] wheel_scroll_motion {"eventCount":2,"rawAbsX":20,"rawAbsY":4,"rawX":20,"rawY":4,"clippedAbsX":20,"clippedAbsY":4,"clippedX":20,"clippedY":4,"requestedAppliedX":14.76,"requestedAppliedY":2.952,"appliedX":14.76,"appliedY":2.952,"actualX":14.5,"actualY":2.5,"sensitivity":0.738,"currentZoomForScroll":1.0443850698041894,"maxScrollStepX":22,"maxScrollStepY":22,"diagonalEvents":2,"clippedEvents":0}
[DebugBridge +22341.6ms] wheel_scroll_motion {"eventCount":1,"rawAbsX":16,"rawAbsY":2,"rawX":16,"rawY":2,"clippedAbsX":16,"clippedAbsY":2,"clippedX":16,"clippedY":2,"requestedAppliedX":11.808,"requestedAppliedY":1.476,"appliedX":11.808,"appliedY":1.476,"actualX":11.5,"actualY":1,"sensitivity":0.738,"currentZoomForScroll":1.0443850698041894,"maxScrollStepX":22,"maxScrollStepY":22,"diagonalEvents":1,"clippedEvents":0}
[DebugBridge +22349.6ms] wheel_scroll_motion {"eventCount":2,"rawAbsX":36,"rawAbsY":6,"rawX":36,"rawY":-2,"clippedAbsX":36,"clippedAbsY":6,"clippedX":36,"clippedY":-2,"requestedAppliedX":26.567999999999998,"requestedAppliedY":-1.476,"appliedX":22,"appliedY":-1.476,"actualX":22,"actualY":-1.5,"sensitivity":0.738,"currentZoomForScroll":1.0443850698041894,"maxScrollStepX":22,"maxScrollStepY":22,"diagonalEvents":2,"clippedEvents":0}
[DebugBridge +22358.8ms] wheel_scroll_motion {"eventCount":2,"rawAbsX":22,"rawAbsY":8,"rawX":22,"rawY":-8,"clippedAbsX":22,"clippedAbsY":8,"clippedX":22,"clippedY":-8,"requestedAppliedX":16.236,"requestedAppliedY":-5.904,"appliedX":16.236,"appliedY":-5.904,"actualX":16,"actualY":-6,"sensitivity":0.738,"currentZoomForScroll":1.0443850698041894,"maxScrollStepX":22,"maxScrollStepY":22,"diagonalEvents":2,"clippedEvents":0}
[DebugBridge +22366.8ms] wheel_scroll_motion {"eventCount":2,"rawAbsX":16,"rawAbsY":10,"rawX":16,"rawY":-10,"clippedAbsX":16,"clippedAbsY":10,"clippedX":16,"clippedY":-10,"requestedAppliedX":11.808,"requestedAppliedY":-7.38,"appliedX":11.808,"appliedY":-7.38,"actualX":11.5,"actualY":-7.5,"sensitivity":0.738,"currentZoomForScroll":1.0443850698041894,"maxScrollStepX":22,"maxScrollStepY":22,"diagonalEvents":2,"clippedEvents":0}
[DebugBridge +22374.3ms] wheel_scroll_motion {"eventCount":2,"rawAbsX":18,"rawAbsY":14,"rawX":18,"rawY":-14,"clippedAbsX":18,"clippedAbsY":14,"clippedX":18,"clippedY":-14,"requestedAppliedX":13.283999999999999,"requestedAppliedY":-10.332,"appliedX":13.283999999999999,"appliedY":-10.332,"actualX":13,"actualY":-10.5,"sensitivity":0.738,"currentZoomForScroll":1.0443850698041894,"maxScrollStepX":22,"maxScrollStepY":22,"diagonalEvents":2,"clippedEvents":0}
[DebugBridge +22384.4ms] wheel_scroll_motion {"eventCount":1,"rawAbsX":12,"rawAbsY":12,"rawX":12,"rawY":-12,"clippedAbsX":12,"clippedAbsY":12,"clippedX":12,"clippedY":-12,"requestedAppliedX":8.856,"requestedAppliedY":-8.856,"appliedX":8.856,"appliedY":-8.856,"actualX":8.5,"actualY":-9,"sensitivity":0.738,"currentZoomForScroll":1.0443850698041894,"maxScrollStepX":22,"maxScrollStepY":22,"diagonalEvents":1,"clippedEvents":0}
[DebugBridge +22392.7ms] wheel_scroll_motion {"eventCount":2,"rawAbsX":18,"rawAbsY":22,"rawX":18,"rawY":-22,"clippedAbsX":18,"clippedAbsY":22,"clippedX":18,"clippedY":-22,"requestedAppliedX":13.284,"requestedAppliedY":-16.235999999999997,"appliedX":13.284,"appliedY":-16.235999999999997,"actualX":13,"actualY":-16.5,"sensitivity":0.738,"currentZoomForScroll":1.0443850698041894,"maxScrollStepX":22,"maxScrollStepY":22,"diagonalEvents":2,"clippedEvents":0}
[DebugBridge +22400.1ms] wheel_scroll_motion {"eventCount":2,"rawAbsX":8,"rawAbsY":16,"rawX":8,"rawY":-16,"clippedAbsX":8,"clippedAbsY":16,"clippedX":8,"clippedY":-16,"requestedAppliedX":5.904,"requestedAppliedY":-11.808,"appliedX":5.904,"appliedY":-11.808,"actualX":5.5,"actualY":-12,"sensitivity":0.738,"currentZoomForScroll":1.0443850698041894,"maxScrollStepX":22,"maxScrollStepY":22,"diagonalEvents":2,"clippedEvents":0}
[DebugBridge +22408.9ms] wheel_scroll_motion {"eventCount":2,"rawAbsX":8,"rawAbsY":18,"rawX":8,"rawY":-18,"clippedAbsX":8,"clippedAbsY":18,"clippedX":8,"clippedY":-18,"requestedAppliedX":5.904,"requestedAppliedY":-13.284,"appliedX":5.904,"appliedY":-13.284,"actualX":5.5,"actualY":-13.5,"sensitivity":0.738,"currentZoomForScroll":1.0443850698041894,"maxScrollStepX":22,"maxScrollStepY":22,"diagonalEvents":2,"clippedEvents":0}
[DebugBridge +22420.5ms] wheel_scroll_motion {"eventCount":2,"rawAbsX":4,"rawAbsY":12,"rawX":4,"rawY":-12,"clippedAbsX":4,"clippedAbsY":12,"clippedX":4,"clippedY":-12,"requestedAppliedX":2.952,"requestedAppliedY":-8.856,"appliedX":2.952,"appliedY":-8.856,"actualX":2.5,"actualY":-9,"sensitivity":0.738,"currentZoomForScroll":1.0443850698041894,"maxScrollStepX":22,"maxScrollStepY":22,"diagonalEvents":2,"clippedEvents":0}
[DebugBridge +22426.2ms] wheel_scroll_motion {"eventCount":1,"rawAbsX":2,"rawAbsY":12,"rawX":2,"rawY":-12,"clippedAbsX":2,"clippedAbsY":12,"clippedX":2,"clippedY":-12,"requestedAppliedX":1.476,"requestedAppliedY":-8.856,"appliedX":1.476,"appliedY":-8.856,"actualX":1,"actualY":-9,"sensitivity":0.738,"currentZoomForScroll":1.0443850698041894,"maxScrollStepX":22,"maxScrollStepY":22,"diagonalEvents":1,"clippedEvents":0}
[DebugBridge +22474.1ms] wheel_scroll_motion {"eventCount":3,"rawAbsX":40,"rawAbsY":40,"rawX":-40,"rawY":-32,"clippedAbsX":40,"clippedAbsY":40,"clippedX":-40,"clippedY":-32,"requestedAppliedX":-29.848,"requestedAppliedY":-23.616,"appliedX":-22,"appliedY":-22,"actualX":-22,"actualY":-22,"sensitivity":0.738,"currentZoomForScroll":1.0443850698041894,"maxScrollStepX":22,"maxScrollStepY":22,"diagonalEvents":2,"clippedEvents":0}
[DebugBridge +22482.5ms] wheel_scroll_motion {"eventCount":2,"rawAbsX":16,"rawAbsY":10,"rawX":-16,"rawY":10,"clippedAbsX":16,"clippedAbsY":10,"clippedX":-16,"clippedY":10,"requestedAppliedX":-11.808,"requestedAppliedY":7.38,"appliedX":-11.808,"appliedY":7.38,"actualX":-12,"actualY":7,"sensitivity":0.738,"currentZoomForScroll":1.0443850698041894,"maxScrollStepX":22,"maxScrollStepY":22,"diagonalEvents":2,"clippedEvents":0}
[DebugBridge +22490.9ms] wheel_scroll_motion {"eventCount":2,"rawAbsX":18,"rawAbsY":14,"rawX":-18,"rawY":14,"clippedAbsX":18,"clippedAbsY":14,"clippedX":-18,"clippedY":14,"requestedAppliedX":-13.283999999999999,"requestedAppliedY":10.332,"appliedX":-13.283999999999999,"appliedY":10.332,"actualX":-13.5,"actualY":10,"sensitivity":0.738,"currentZoomForScroll":1.0443850698041894,"maxScrollStepX":22,"maxScrollStepY":22,"diagonalEvents":2,"clippedEvents":0}
[DebugBridge +22500.1ms] wheel_scroll_motion {"eventCount":2,"rawAbsX":18,"rawAbsY":16,"rawX":-18,"rawY":16,"clippedAbsX":18,"clippedAbsY":16,"clippedX":-18,"clippedY":16,"requestedAppliedX":-13.283999999999999,"requestedAppliedY":11.808,"appliedX":-13.283999999999999,"appliedY":11.808,"actualX":-13.5,"actualY":11.5,"sensitivity":0.738,"currentZoomForScroll":1.0443850698041894,"maxScrollStepX":22,"maxScrollStepY":22,"diagonalEvents":2,"clippedEvents":0}
[DebugBridge +22507.4ms] wheel_scroll_motion {"eventCount":2,"rawAbsX":14,"rawAbsY":16,"rawX":-14,"rawY":16,"clippedAbsX":14,"clippedAbsY":16,"clippedX":-14,"clippedY":16,"requestedAppliedX":-10.332,"requestedAppliedY":11.808,"appliedX":-10.332,"appliedY":11.808,"actualX":-10.5,"actualY":11.5,"sensitivity":0.738,"currentZoomForScroll":1.0443850698041894,"maxScrollStepX":22,"maxScrollStepY":22,"diagonalEvents":2,"clippedEvents":0}
[DebugBridge +22516.5ms] wheel_scroll_motion {"eventCount":2,"rawAbsX":14,"rawAbsY":18,"rawX":-14,"rawY":18,"clippedAbsX":14,"clippedAbsY":18,"clippedX":-14,"clippedY":18,"requestedAppliedX":-10.332,"requestedAppliedY":13.284,"appliedX":-10.332,"appliedY":13.284,"actualX":-10.5,"actualY":13,"sensitivity":0.738,"currentZoomForScroll":1.0443850698041894,"maxScrollStepX":22,"maxScrollStepY":22,"diagonalEvents":2,"clippedEvents":0}
[DebugBridge +22524.4ms] wheel_scroll_motion {"eventCount":2,"rawAbsX":12,"rawAbsY":16,"rawX":-12,"rawY":16,"clippedAbsX":12,"clippedAbsY":16,"clippedX":-12,"clippedY":16,"requestedAppliedX":-8.856,"requestedAppliedY":11.808,"appliedX":-8.856,"appliedY":11.808,"actualX":-9,"actualY":11.5,"sensitivity":0.738,"currentZoomForScroll":1.0443850698041894,"maxScrollStepX":22,"maxScrollStepY":22,"diagonalEvents":2,"clippedEvents":0}
[DebugBridge +22532.6ms] wheel_scroll_motion {"eventCount":2,"rawAbsX":12,"rawAbsY":20,"rawX":-12,"rawY":20,"clippedAbsX":12,"clippedAbsY":20,"clippedX":-12,"clippedY":20,"requestedAppliedX":-8.856,"requestedAppliedY":14.76,"appliedX":-8.856,"appliedY":14.76,"actualX":-9,"actualY":14.5,"sensitivity":0.738,"currentZoomForScroll":1.0443850698041894,"maxScrollStepX":22,"maxScrollStepY":22,"diagonalEvents":2,"clippedEvents":0}
[DebugBridge +22540.9ms] wheel_scroll_motion {"eventCount":2,"rawAbsX":10,"rawAbsY":22,"rawX":-10,"rawY":22,"clippedAbsX":10,"clippedAbsY":22,"clippedX":-10,"clippedY":22,"requestedAppliedX":-7.38,"requestedAppliedY":16.235999999999997,"appliedX":-7.38,"appliedY":16.235999999999997,"actualX":-7.5,"actualY":16,"sensitivity":0.738,"currentZoomForScroll":1.0443850698041894,"maxScrollStepX":22,"maxScrollStepY":22,"diagonalEvents":2,"clippedEvents":0}
[DebugBridge +22549.7ms] wheel_scroll_motion {"eventCount":2,"rawAbsX":8,"rawAbsY":16,"rawX":-8,"rawY":16,"clippedAbsX":8,"clippedAbsY":16,"clippedX":-8,"clippedY":16,"requestedAppliedX":-5.904,"requestedAppliedY":11.808,"appliedX":-5.904,"appliedY":11.808,"actualX":-6,"actualY":11.5,"sensitivity":0.738,"currentZoomForScroll":1.0443850698041894,"maxScrollStepX":22,"maxScrollStepY":22,"diagonalEvents":2,"clippedEvents":0}
[DebugBridge +22558.0ms] wheel_scroll_motion {"eventCount":2,"rawAbsX":4,"rawAbsY":16,"rawX":-4,"rawY":16,"clippedAbsX":4,"clippedAbsY":16,"clippedX":-4,"clippedY":16,"requestedAppliedX":-2.952,"requestedAppliedY":11.808,"appliedX":-2.952,"appliedY":11.808,"actualX":-3,"actualY":11.5,"sensitivity":0.738,"currentZoomForScroll":1.0443850698041894,"maxScrollStepX":22,"maxScrollStepY":22,"diagonalEvents":2,"clippedEvents":0}
[DebugBridge +22566.2ms] wheel_scroll_motion {"eventCount":1,"rawAbsX":4,"rawAbsY":14,"rawX":-4,"rawY":14,"clippedAbsX":4,"clippedAbsY":14,"clippedX":-4,"clippedY":14,"requestedAppliedX":-2.952,"requestedAppliedY":10.332,"appliedX":-2.952,"appliedY":10.332,"actualX":-3,"actualY":10,"sensitivity":0.738,"currentZoomForScroll":1.0443850698041894,"maxScrollStepX":22,"maxScrollStepY":22,"diagonalEvents":1,"clippedEvents":0}
[DebugBridge +22581.9ms] wheel_scroll_motion {"eventCount":1,"rawAbsX":8,"rawAbsY":18,"rawX":-8,"rawY":18,"clippedAbsX":8,"clippedAbsY":18,"clippedX":-8,"clippedY":18,"requestedAppliedX":-5.904,"requestedAppliedY":13.283999999999999,"appliedX":-5.904,"appliedY":13.283999999999999,"actualX":-6,"actualY":13,"sensitivity":0.738,"currentZoomForScroll":1.0443850698041894,"maxScrollStepX":22,"maxScrollStepY":22,"diagonalEvents":1,"clippedEvents":0}
[DebugBridge +22591.0ms] wheel_scroll_motion {"eventCount":1,"rawAbsX":10,"rawAbsY":22,"rawX":-10,"rawY":22,"clippedAbsX":10,"clippedAbsY":22,"clippedX":-10,"clippedY":22,"requestedAppliedX":-7.38,"requestedAppliedY":16.236,"appliedX":-7.38,"appliedY":16.236,"actualX":-7.5,"actualY":16,"sensitivity":0.738,"currentZoomForScroll":1.0443850698041894,"maxScrollStepX":22,"maxScrollStepY":22,"diagonalEvents":1,"clippedEvents":0}
[DebugBridge +22599.4ms] wheel_scroll_motion {"eventCount":1,"rawAbsX":10,"rawAbsY":22,"rawX":-10,"rawY":22,"clippedAbsX":10,"clippedAbsY":22,"clippedX":-10,"clippedY":22,"requestedAppliedX":-7.38,"requestedAppliedY":16.236,"appliedX":-7.38,"appliedY":16.236,"actualX":-7.5,"actualY":16,"sensitivity":0.738,"currentZoomForScroll":1.0443850698041894,"maxScrollStepX":22,"maxScrollStepY":22,"diagonalEvents":1,"clippedEvents":0}
[DebugBridge +22607.7ms] wheel_scroll_motion {"eventCount":1,"rawAbsX":10,"rawAbsY":24,"rawX":-10,"rawY":24,"clippedAbsX":10,"clippedAbsY":24,"clippedX":-10,"clippedY":24,"requestedAppliedX":-7.38,"requestedAppliedY":17.712,"appliedX":-7.38,"appliedY":17.712,"actualX":-7.5,"actualY":17.5,"sensitivity":0.738,"currentZoomForScroll":1.0443850698041894,"maxScrollStepX":22,"maxScrollStepY":22,"diagonalEvents":1,"clippedEvents":0}
[DebugBridge +22616.8ms] wheel_scroll_motion {"eventCount":1,"rawAbsX":10,"rawAbsY":22,"rawX":-10,"rawY":22,"clippedAbsX":10,"clippedAbsY":22,"clippedX":-10,"clippedY":22,"requestedAppliedX":-7.38,"requestedAppliedY":16.236,"appliedX":-7.38,"appliedY":16.236,"actualX":-7.5,"actualY":16,"sensitivity":0.738,"currentZoomForScroll":1.0443850698041894,"maxScrollStepX":22,"maxScrollStepY":22,"diagonalEvents":1,"clippedEvents":0}
[DebugBridge +22624.7ms] wheel_scroll_motion {"eventCount":1,"rawAbsX":10,"rawAbsY":24,"rawX":-10,"rawY":24,"clippedAbsX":10,"clippedAbsY":24,"clippedX":-10,"clippedY":24,"requestedAppliedX":-7.38,"requestedAppliedY":17.712,"appliedX":-7.38,"appliedY":17.712,"actualX":-7.5,"actualY":17.5,"sensitivity":0.738,"currentZoomForScroll":1.0443850698041894,"maxScrollStepX":22,"maxScrollStepY":22,"diagonalEvents":1,"clippedEvents":0}
[DebugBridge +22634.0ms] wheel_scroll_motion {"eventCount":1,"rawAbsX":10,"rawAbsY":28,"rawX":-10,"rawY":28,"clippedAbsX":10,"clippedAbsY":28,"clippedX":-10,"clippedY":28,"requestedAppliedX":-7.38,"requestedAppliedY":20.664,"appliedX":-7.38,"appliedY":20.664,"actualX":-7.5,"actualY":20.5,"sensitivity":0.738,"currentZoomForScroll":1.0443850698041894,"maxScrollStepX":22,"maxScrollStepY":22,"diagonalEvents":1,"clippedEvents":0}
[DebugBridge +22641.0ms] wheel_scroll_motion {"eventCount":1,"rawAbsX":12,"rawAbsY":26,"rawX":-12,"rawY":26,"clippedAbsX":12,"clippedAbsY":26,"clippedX":-12,"clippedY":26,"requestedAppliedX":-8.856,"requestedAppliedY":19.188,"appliedX":-8.856,"appliedY":19.188,"actualX":-9,"actualY":19,"sensitivity":0.738,"currentZoomForScroll":1.0443850698041894,"maxScrollStepX":22,"maxScrollStepY":22,"diagonalEvents":1,"clippedEvents":0}
[DebugBridge +22649.6ms] wheel_scroll_motion {"eventCount":1,"rawAbsX":10,"rawAbsY":26,"rawX":-10,"rawY":26,"clippedAbsX":10,"clippedAbsY":26,"clippedX":-10,"clippedY":26,"requestedAppliedX":-7.38,"requestedAppliedY":19.188,"appliedX":-7.38,"appliedY":19.188,"actualX":-7.5,"actualY":19,"sensitivity":0.738,"currentZoomForScroll":1.0443850698041894,"maxScrollStepX":22,"maxScrollStepY":22,"diagonalEvents":1,"clippedEvents":0}
[DebugBridge +22657.4ms] wheel_scroll_motion {"eventCount":1,"rawAbsX":10,"rawAbsY":26,"rawX":-10,"rawY":26,"clippedAbsX":10,"clippedAbsY":26,"clippedX":-10,"clippedY":26,"requestedAppliedX":-7.38,"requestedAppliedY":19.188,"appliedX":-7.38,"appliedY":19.188,"actualX":-7.5,"actualY":19,"sensitivity":0.738,"currentZoomForScroll":1.0443850698041894,"maxScrollStepX":22,"maxScrollStepY":22,"diagonalEvents":1,"clippedEvents":0}
[DebugBridge +22667.8ms] wheel_scroll_motion {"eventCount":1,"rawAbsX":10,"rawAbsY":24,"rawX":-10,"rawY":24,"clippedAbsX":10,"clippedAbsY":24,"clippedX":-10,"clippedY":24,"requestedAppliedX":-7.38,"requestedAppliedY":17.712,"appliedX":-7.38,"appliedY":17.712,"actualX":-7.5,"actualY":17.5,"sensitivity":0.738,"currentZoomForScroll":1.0443850698041894,"maxScrollStepX":22,"maxScrollStepY":22,"diagonalEvents":1,"clippedEvents":0}
[DebugBridge +22674.6ms] wheel_scroll_motion {"eventCount":1,"rawAbsX":10,"rawAbsY":22,"rawX":-10,"rawY":22,"clippedAbsX":10,"clippedAbsY":22,"clippedX":-10,"clippedY":22,"requestedAppliedX":-7.38,"requestedAppliedY":16.236,"appliedX":-7.38,"appliedY":16.236,"actualX":-7.5,"actualY":16,"sensitivity":0.738,"currentZoomForScroll":1.0443850698041894,"maxScrollStepX":22,"maxScrollStepY":22,"diagonalEvents":1,"clippedEvents":0}
[DebugBridge +22682.7ms] wheel_scroll_motion {"eventCount":1,"rawAbsX":10,"rawAbsY":22,"rawX":-10,"rawY":22,"clippedAbsX":10,"clippedAbsY":22,"clippedX":-10,"clippedY":22,"requestedAppliedX":-7.38,"requestedAppliedY":16.236,"appliedX":-7.38,"appliedY":16.236,"actualX":-7.5,"actualY":16,"sensitivity":0.738,"currentZoomForScroll":1.0443850698041894,"maxScrollStepX":22,"maxScrollStepY":22,"diagonalEvents":1,"clippedEvents":0}
[DebugBridge +22690.4ms] wheel_scroll_motion {"eventCount":1,"rawAbsX":8,"rawAbsY":22,"rawX":-8,"rawY":22,"clippedAbsX":8,"clippedAbsY":22,"clippedX":-8,"clippedY":22,"requestedAppliedX":-5.904,"requestedAppliedY":16.236,"appliedX":-5.904,"appliedY":16.236,"actualX":-6,"actualY":16,"sensitivity":0.738,"currentZoomForScroll":1.0443850698041894,"maxScrollStepX":22,"maxScrollStepY":22,"diagonalEvents":1,"clippedEvents":0}
[DebugBridge +22701.2ms] wheel_scroll_motion {"eventCount":1,"rawAbsX":8,"rawAbsY":20,"rawX":-8,"rawY":20,"clippedAbsX":8,"clippedAbsY":20,"clippedX":-8,"clippedY":20,"requestedAppliedX":-5.904,"requestedAppliedY":14.76,"appliedX":-5.904,"appliedY":14.76,"actualX":-6,"actualY":14.5,"sensitivity":0.738,"currentZoomForScroll":1.0443850698041894,"maxScrollStepX":22,"maxScrollStepY":22,"diagonalEvents":1,"clippedEvents":0}
[DebugBridge +22709.3ms] wheel_scroll_motion {"eventCount":1,"rawAbsX":8,"rawAbsY":20,"rawX":-8,"rawY":20,"clippedAbsX":8,"clippedAbsY":20,"clippedX":-8,"clippedY":20,"requestedAppliedX":-5.904,"requestedAppliedY":14.76,"appliedX":-5.904,"appliedY":14.76,"actualX":-6,"actualY":14.5,"sensitivity":0.738,"currentZoomForScroll":1.0443850698041894,"maxScrollStepX":22,"maxScrollStepY":22,"diagonalEvents":1,"clippedEvents":0}
[DebugBridge +22718.9ms] wheel_scroll_motion {"eventCount":1,"rawAbsX":8,"rawAbsY":16,"rawX":-8,"rawY":16,"clippedAbsX":8,"clippedAbsY":16,"clippedX":-8,"clippedY":16,"requestedAppliedX":-5.904,"requestedAppliedY":11.808,"appliedX":-5.904,"appliedY":11.808,"actualX":-6,"actualY":11.5,"sensitivity":0.738,"currentZoomForScroll":1.0443850698041894,"maxScrollStepX":22,"maxScrollStepY":22,"diagonalEvents":1,"clippedEvents":0}
[DebugBridge +22766.4ms] wheel_scroll_motion {"eventCount":2,"rawAbsX":40,"rawAbsY":94,"rawX":-40,"rawY":94,"clippedAbsX":40,"clippedAbsY":60.9689563258415,"clippedX":-40,"clippedY":60.9689563258415,"requestedAppliedX":-27.0108,"requestedAppliedY":41.52878079162393,"appliedX":-22,"appliedY":22,"actualX":-22,"actualY":22,"sensitivity":0.738,"currentZoomForScroll":1.0443850698041894,"maxScrollStepX":22,"maxScrollStepY":22,"diagonalEvents":2,"clippedEvents":1}
[DebugBridge +22807.6ms] wheel_scroll_motion {"eventCount":1,"rawAbsX":0,"rawAbsY":2,"rawX":0,"rawY":2,"clippedAbsX":0,"clippedAbsY":2,"clippedX":0,"clippedY":2,"requestedAppliedX":0,"requestedAppliedY":1.64,"appliedX":0,"appliedY":1.64,"actualX":0,"actualY":1.5,"sensitivity":0.82,"currentZoomForScroll":1.0443850698041894,"maxScrollStepX":22,"maxScrollStepY":22,"diagonalEvents":0,"clippedEvents":0}
[DebugBridge +22815.5ms] wheel_scroll_motion {"eventCount":1,"rawAbsX":2,"rawAbsY":6,"rawX":2,"rawY":6,"clippedAbsX":2,"clippedAbsY":6,"clippedX":2,"clippedY":6,"requestedAppliedX":1.476,"requestedAppliedY":4.428,"appliedX":1.476,"appliedY":4.428,"actualX":1,"actualY":4,"sensitivity":0.738,"currentZoomForScroll":1.0443850698041894,"maxScrollStepX":22,"maxScrollStepY":22,"diagonalEvents":1,"clippedEvents":0}
[DebugBridge +22824.4ms] wheel_scroll_motion {"eventCount":1,"rawAbsX":2,"rawAbsY":10,"rawX":2,"rawY":10,"clippedAbsX":2,"clippedAbsY":10,"clippedX":2,"clippedY":10,"requestedAppliedX":1.476,"requestedAppliedY":7.38,"appliedX":1.476,"appliedY":7.38,"actualX":1,"actualY":7,"sensitivity":0.738,"currentZoomForScroll":1.0443850698041894,"maxScrollStepX":22,"maxScrollStepY":22,"diagonalEvents":1,"clippedEvents":0}
[DebugBridge +22832.8ms] wheel_scroll_motion {"eventCount":1,"rawAbsX":2,"rawAbsY":12,"rawX":2,"rawY":12,"clippedAbsX":2,"clippedAbsY":12,"clippedX":2,"clippedY":12,"requestedAppliedX":1.476,"requestedAppliedY":8.856,"appliedX":1.476,"appliedY":8.856,"actualX":1,"actualY":8.5,"sensitivity":0.738,"currentZoomForScroll":1.0443850698041894,"maxScrollStepX":22,"maxScrollStepY":22,"diagonalEvents":1,"clippedEvents":0}
[DebugBridge +22840.9ms] wheel_scroll_motion {"eventCount":1,"rawAbsX":2,"rawAbsY":12,"rawX":2,"rawY":12,"clippedAbsX":2,"clippedAbsY":12,"clippedX":2,"clippedY":12,"requestedAppliedX":1.476,"requestedAppliedY":8.856,"appliedX":1.476,"appliedY":8.856,"actualX":1,"actualY":8.5,"sensitivity":0.738,"currentZoomForScroll":1.0443850698041894,"maxScrollStepX":22,"maxScrollStepY":22,"diagonalEvents":1,"clippedEvents":0}
[DebugBridge +22849.0ms] wheel_scroll_motion {"eventCount":2,"rawAbsX":4,"rawAbsY":20,"rawX":4,"rawY":20,"clippedAbsX":4,"clippedAbsY":20,"clippedX":4,"clippedY":20,"requestedAppliedX":2.952,"requestedAppliedY":14.76,"appliedX":2.952,"appliedY":14.76,"actualX":2.5,"actualY":14.5,"sensitivity":0.738,"currentZoomForScroll":1.0443850698041894,"maxScrollStepX":22,"maxScrollStepY":22,"diagonalEvents":2,"clippedEvents":0}
[DebugBridge +22857.5ms] wheel_scroll_motion {"eventCount":2,"rawAbsX":0,"rawAbsY":16,"rawX":0,"rawY":16,"clippedAbsX":0,"clippedAbsY":16,"clippedX":0,"clippedY":16,"requestedAppliedX":0,"requestedAppliedY":13.12,"appliedX":0,"appliedY":13.12,"actualX":0,"actualY":13,"sensitivity":0.82,"currentZoomForScroll":1.0443850698041894,"maxScrollStepX":22,"maxScrollStepY":22,"diagonalEvents":0,"clippedEvents":0}
[DebugBridge +22866.0ms] wheel_scroll_motion {"eventCount":2,"rawAbsX":4,"rawAbsY":26,"rawX":-4,"rawY":26,"clippedAbsX":4,"clippedAbsY":26,"clippedX":-4,"clippedY":26,"requestedAppliedX":-2.952,"requestedAppliedY":19.188,"appliedX":-2.952,"appliedY":19.188,"actualX":-3,"actualY":19,"sensitivity":0.738,"currentZoomForScroll":1.0443850698041894,"maxScrollStepX":22,"maxScrollStepY":22,"diagonalEvents":2,"clippedEvents":0}
[DebugBridge +22874.5ms] wheel_scroll_motion {"eventCount":2,"rawAbsX":6,"rawAbsY":18,"rawX":-6,"rawY":18,"clippedAbsX":6,"clippedAbsY":18,"clippedX":-6,"clippedY":18,"requestedAppliedX":-4.428,"requestedAppliedY":13.283999999999999,"appliedX":-4.428,"appliedY":13.283999999999999,"actualX":-4.5,"actualY":13,"sensitivity":0.738,"currentZoomForScroll":1.0443850698041894,"maxScrollStepX":22,"maxScrollStepY":22,"diagonalEvents":2,"clippedEvents":0}
[DebugBridge +22882.3ms] wheel_scroll_motion {"eventCount":2,"rawAbsX":8,"rawAbsY":18,"rawX":-8,"rawY":18,"clippedAbsX":8,"clippedAbsY":18,"clippedX":-8,"clippedY":18,"requestedAppliedX":-5.904,"requestedAppliedY":13.283999999999999,"appliedX":-5.904,"appliedY":13.283999999999999,"actualX":-6,"actualY":13,"sensitivity":0.738,"currentZoomForScroll":1.0443850698041894,"maxScrollStepX":22,"maxScrollStepY":22,"diagonalEvents":2,"clippedEvents":0}
[DebugBridge +22890.5ms] wheel_scroll_motion {"eventCount":2,"rawAbsX":12,"rawAbsY":22,"rawX":-12,"rawY":22,"clippedAbsX":12,"clippedAbsY":22,"clippedX":-12,"clippedY":22,"requestedAppliedX":-8.856,"requestedAppliedY":16.236,"appliedX":-8.856,"appliedY":16.236,"actualX":-9,"actualY":16,"sensitivity":0.738,"currentZoomForScroll":1.0443850698041894,"maxScrollStepX":22,"maxScrollStepY":22,"diagonalEvents":2,"clippedEvents":0}
[DebugBridge +22899.8ms] wheel_scroll_motion {"eventCount":2,"rawAbsX":12,"rawAbsY":14,"rawX":-12,"rawY":14,"clippedAbsX":12,"clippedAbsY":14,"clippedX":-12,"clippedY":14,"requestedAppliedX":-8.856,"requestedAppliedY":10.332,"appliedX":-8.856,"appliedY":10.332,"actualX":-9,"actualY":10,"sensitivity":0.738,"currentZoomForScroll":1.0443850698041894,"maxScrollStepX":22,"maxScrollStepY":22,"diagonalEvents":2,"clippedEvents":0}
[DebugBridge +22908.1ms] wheel_scroll_motion {"eventCount":2,"rawAbsX":14,"rawAbsY":16,"rawX":-14,"rawY":16,"clippedAbsX":14,"clippedAbsY":16,"clippedX":-14,"clippedY":16,"requestedAppliedX":-10.332,"requestedAppliedY":11.808,"appliedX":-10.332,"appliedY":11.808,"actualX":-10.5,"actualY":11.5,"sensitivity":0.738,"currentZoomForScroll":1.0443850698041894,"maxScrollStepX":22,"maxScrollStepY":22,"diagonalEvents":2,"clippedEvents":0}
[DebugBridge +22916.4ms] wheel_scroll_motion {"eventCount":2,"rawAbsX":16,"rawAbsY":16,"rawX":-16,"rawY":16,"clippedAbsX":16,"clippedAbsY":16,"clippedX":-16,"clippedY":16,"requestedAppliedX":-11.808,"requestedAppliedY":11.808,"appliedX":-11.808,"appliedY":11.808,"actualX":-12,"actualY":11.5,"sensitivity":0.738,"currentZoomForScroll":1.0443850698041894,"maxScrollStepX":22,"maxScrollStepY":22,"diagonalEvents":2,"clippedEvents":0}
[DebugBridge +22925.1ms] wheel_scroll_motion {"eventCount":2,"rawAbsX":14,"rawAbsY":14,"rawX":-14,"rawY":14,"clippedAbsX":14,"clippedAbsY":14,"clippedX":-14,"clippedY":14,"requestedAppliedX":-10.332,"requestedAppliedY":10.332,"appliedX":-10.332,"appliedY":10.332,"actualX":-10.5,"actualY":10,"sensitivity":0.738,"currentZoomForScroll":1.0443850698041894,"maxScrollStepX":22,"maxScrollStepY":22,"diagonalEvents":2,"clippedEvents":0}
[DebugBridge +22933.2ms] wheel_scroll_motion {"eventCount":2,"rawAbsX":16,"rawAbsY":16,"rawX":-16,"rawY":16,"clippedAbsX":16,"clippedAbsY":16,"clippedX":-16,"clippedY":16,"requestedAppliedX":-11.808,"requestedAppliedY":11.808,"appliedX":-11.808,"appliedY":11.808,"actualX":-12,"actualY":11.5,"sensitivity":0.738,"currentZoomForScroll":1.0443850698041894,"maxScrollStepX":22,"maxScrollStepY":22,"diagonalEvents":2,"clippedEvents":0}
[DebugBridge +22940.9ms] wheel_scroll_motion {"eventCount":2,"rawAbsX":20,"rawAbsY":22,"rawX":-20,"rawY":22,"clippedAbsX":20,"clippedAbsY":22,"clippedX":-20,"clippedY":22,"requestedAppliedX":-14.760000000000002,"requestedAppliedY":16.236,"appliedX":-14.760000000000002,"appliedY":16.236,"actualX":-15,"actualY":16,"sensitivity":0.738,"currentZoomForScroll":1.0443850698041894,"maxScrollStepX":22,"maxScrollStepY":22,"diagonalEvents":2,"clippedEvents":0}
[DebugBridge +22950.1ms] wheel_scroll_motion {"eventCount":1,"rawAbsX":6,"rawAbsY":8,"rawX":-6,"rawY":8,"clippedAbsX":6,"clippedAbsY":8,"clippedX":-6,"clippedY":8,"requestedAppliedX":-4.428,"requestedAppliedY":5.904,"appliedX":-4.428,"appliedY":5.904,"actualX":-4.5,"actualY":5.5,"sensitivity":0.738,"currentZoomForScroll":1.0443850698041894,"maxScrollStepX":22,"maxScrollStepY":22,"diagonalEvents":1,"clippedEvents":0}
[DebugBridge +22958.3ms] wheel_scroll_motion {"eventCount":1,"rawAbsX":10,"rawAbsY":16,"rawX":-10,"rawY":16,"clippedAbsX":10,"clippedAbsY":16,"clippedX":-10,"clippedY":16,"requestedAppliedX":-7.38,"requestedAppliedY":11.808,"appliedX":-7.38,"appliedY":11.808,"actualX":-7.5,"actualY":11.5,"sensitivity":0.738,"currentZoomForScroll":1.0443850698041894,"maxScrollStepX":22,"maxScrollStepY":22,"diagonalEvents":1,"clippedEvents":0}
[DebugBridge +22967.4ms] wheel_scroll_motion {"eventCount":2,"rawAbsX":12,"rawAbsY":26,"rawX":-12,"rawY":26,"clippedAbsX":12,"clippedAbsY":26,"clippedX":-12,"clippedY":26,"requestedAppliedX":-8.856,"requestedAppliedY":19.188,"appliedX":-8.856,"appliedY":19.188,"actualX":-9,"actualY":19,"sensitivity":0.738,"currentZoomForScroll":1.0443850698041894,"maxScrollStepX":22,"maxScrollStepY":22,"diagonalEvents":2,"clippedEvents":0}
[DebugBridge +22975.3ms] wheel_scroll_motion {"eventCount":2,"rawAbsX":8,"rawAbsY":16,"rawX":-8,"rawY":16,"clippedAbsX":8,"clippedAbsY":16,"clippedX":-8,"clippedY":16,"requestedAppliedX":-5.904,"requestedAppliedY":11.808,"appliedX":-5.904,"appliedY":11.808,"actualX":-6,"actualY":11.5,"sensitivity":0.738,"currentZoomForScroll":1.0443850698041894,"maxScrollStepX":22,"maxScrollStepY":22,"diagonalEvents":2,"clippedEvents":0}
[DebugBridge +22982.5ms] wheel_scroll_motion {"eventCount":2,"rawAbsX":4,"rawAbsY":12,"rawX":-4,"rawY":12,"clippedAbsX":4,"clippedAbsY":12,"clippedX":-4,"clippedY":12,"requestedAppliedX":-2.952,"requestedAppliedY":8.856,"appliedX":-2.952,"appliedY":8.856,"actualX":-3,"actualY":8.5,"sensitivity":0.738,"currentZoomForScroll":1.0443850698041894,"maxScrollStepX":22,"maxScrollStepY":22,"diagonalEvents":2,"clippedEvents":0}
[DebugBridge +22993.2ms] wheel_scroll_motion {"eventCount":2,"rawAbsX":6,"rawAbsY":12,"rawX":-6,"rawY":12,"clippedAbsX":6,"clippedAbsY":12,"clippedX":-6,"clippedY":12,"requestedAppliedX":-4.428,"requestedAppliedY":8.856,"appliedX":-4.428,"appliedY":8.856,"actualX":-4.5,"actualY":8.5,"sensitivity":0.738,"currentZoomForScroll":1.0443850698041894,"maxScrollStepX":22,"maxScrollStepY":22,"diagonalEvents":2,"clippedEvents":0}
[DebugBridge +23001.1ms] wheel_scroll_motion {"eventCount":1,"rawAbsX":10,"rawAbsY":18,"rawX":-10,"rawY":18,"clippedAbsX":10,"clippedAbsY":18,"clippedX":-10,"clippedY":18,"requestedAppliedX":-7.38,"requestedAppliedY":13.283999999999999,"appliedX":-7.38,"appliedY":13.283999999999999,"actualX":-7.5,"actualY":13,"sensitivity":0.738,"currentZoomForScroll":1.0443850698041894,"maxScrollStepX":22,"maxScrollStepY":22,"diagonalEvents":1,"clippedEvents":0}
[DebugBridge +23072.8ms] wheel_scroll_motion {"eventCount":1,"rawAbsX":60,"rawAbsY":114,"rawX":-60,"rawY":114,"clippedAbsX":46.9689563258415,"clippedAbsY":46.9689563258415,"clippedX":-46.9689563258415,"clippedY":46.9689563258415,"requestedAppliedX":-31.196780791623926,"requestedAppliedY":31.196780791623926,"appliedX":-22,"appliedY":22,"actualX":-22,"actualY":22,"sensitivity":0.6642,"currentZoomForScroll":1.0443850698041894,"maxScrollStepX":22,"maxScrollStepY":22,"diagonalEvents":1,"clippedEvents":1}
[DebugBridge +23076.8ms] wheel_scroll_motion {"eventCount":1,"rawAbsX":56,"rawAbsY":106,"rawX":-56,"rawY":106,"clippedAbsX":46.9689563258415,"clippedAbsY":46.9689563258415,"clippedX":-46.9689563258415,"clippedY":46.9689563258415,"requestedAppliedX":-31.196780791623926,"requestedAppliedY":31.196780791623926,"appliedX":-22,"appliedY":22,"actualX":-22,"actualY":22,"sensitivity":0.6642,"currentZoomForScroll":1.0443850698041894,"maxScrollStepX":22,"maxScrollStepY":22,"diagonalEvents":1,"clippedEvents":1}
[DebugBridge +23083.5ms] wheel_scroll_motion {"eventCount":1,"rawAbsX":12,"rawAbsY":24,"rawX":-12,"rawY":24,"clippedAbsX":12,"clippedAbsY":24,"clippedX":-12,"clippedY":24,"requestedAppliedX":-8.856,"requestedAppliedY":17.712,"appliedX":-8.856,"appliedY":17.712,"actualX":-9,"actualY":17.5,"sensitivity":0.738,"currentZoomForScroll":1.0443850698041894,"maxScrollStepX":22,"maxScrollStepY":22,"diagonalEvents":1,"clippedEvents":0}
[DebugBridge +23092.2ms] wheel_scroll_motion {"eventCount":1,"rawAbsX":12,"rawAbsY":22,"rawX":-12,"rawY":22,"clippedAbsX":12,"clippedAbsY":22,"clippedX":-12,"clippedY":22,"requestedAppliedX":-8.856,"requestedAppliedY":16.236,"appliedX":-8.856,"appliedY":16.236,"actualX":-9,"actualY":16,"sensitivity":0.738,"currentZoomForScroll":1.0443850698041894,"maxScrollStepX":22,"maxScrollStepY":22,"diagonalEvents":1,"clippedEvents":0}
[DebugBridge +23099.3ms] wheel_scroll_motion {"eventCount":1,"rawAbsX":10,"rawAbsY":22,"rawX":-10,"rawY":22,"clippedAbsX":10,"clippedAbsY":22,"clippedX":-10,"clippedY":22,"requestedAppliedX":-7.38,"requestedAppliedY":16.236,"appliedX":-7.38,"appliedY":16.236,"actualX":-7.5,"actualY":16,"sensitivity":0.738,"currentZoomForScroll":1.0443850698041894,"maxScrollStepX":22,"maxScrollStepY":22,"diagonalEvents":1,"clippedEvents":0}
[DebugBridge +23108.1ms] wheel_scroll_motion {"eventCount":1,"rawAbsX":10,"rawAbsY":22,"rawX":-10,"rawY":22,"clippedAbsX":10,"clippedAbsY":22,"clippedX":-10,"clippedY":22,"requestedAppliedX":-7.38,"requestedAppliedY":16.236,"appliedX":-7.38,"appliedY":16.236,"actualX":-3.5,"actualY":16,"sensitivity":0.738,"currentZoomForScroll":1.0443850698041894,"maxScrollStepX":22,"maxScrollStepY":22,"diagonalEvents":1,"clippedEvents":0}
[DebugBridge +23115.2ms] page_visit_start {"page":7,"pageCount":36,"revisited":true,"hasContainer":true,"hasPdfSurface":true,"spinnerVisible":false,"hasAnnotationOverlay":true,"ready":true}
[DebugBridge +23116.4ms] wheel_scroll_motion {"eventCount":1,"rawAbsX":10,"rawAbsY":20,"rawX":-10,"rawY":20,"clippedAbsX":10,"clippedAbsY":20,"clippedX":-10,"clippedY":20,"requestedAppliedX":-7.38,"requestedAppliedY":14.76,"appliedX":-7.38,"appliedY":14.76,"actualX":0,"actualY":14.5,"sensitivity":0.738,"currentZoomForScroll":1.0443850698041894,"maxScrollStepX":22,"maxScrollStepY":22,"diagonalEvents":1,"clippedEvents":0}
[DebugBridge +23116.7ms] page_visit_ready {"page":7,"pageCount":36,"revisited":true,"waitMs":2,"hasContainer":true,"hasPdfSurface":true,"spinnerVisible":false,"hasAnnotationOverlay":true,"ready":true}
[DebugBridge +23450.8ms] wheel_scroll_motion {"eventCount":2,"rawAbsX":20,"rawAbsY":36,"rawX":-20,"rawY":36,"clippedAbsX":20,"clippedAbsY":36,"clippedX":-20,"clippedY":36,"requestedAppliedX":-14.76,"requestedAppliedY":26.567999999999998,"appliedX":-14.76,"appliedY":22,"actualX":0,"actualY":22,"sensitivity":0.738,"currentZoomForScroll":1.0443850698041894,"maxScrollStepX":22,"maxScrollStepY":22,"diagonalEvents":2,"clippedEvents":0}
[DebugBridge +23483.1ms] wheel_scroll_motion {"eventCount":1,"rawAbsX":16,"rawAbsY":32,"rawX":-16,"rawY":32,"clippedAbsX":16,"clippedAbsY":32,"clippedX":-16,"clippedY":32,"requestedAppliedX":-11.808,"requestedAppliedY":23.616,"appliedX":-11.808,"appliedY":22,"actualX":0,"actualY":22,"sensitivity":0.738,"currentZoomForScroll":1.0443850698041894,"maxScrollStepX":22,"maxScrollStepY":22,"diagonalEvents":1,"clippedEvents":0}
[DebugBridge +23567.8ms] wheel_scroll_motion {"eventCount":2,"rawAbsX":120,"rawAbsY":616,"rawX":120,"rawY":616,"clippedAbsX":48.9689563258415,"clippedAbsY":48.9689563258415,"clippedX":48.9689563258415,"clippedY":48.9689563258415,"requestedAppliedX":32.67278079162393,"requestedAppliedY":32.67278079162393,"appliedX":22,"appliedY":22,"actualX":22,"actualY":22,"sensitivity":0.6642,"currentZoomForScroll":1.0443850698041894,"maxScrollStepX":22,"maxScrollStepY":22,"diagonalEvents":2,"clippedEvents":1}
[DebugBridge +23573.0ms] wheel_scroll_motion {"eventCount":1,"rawAbsX":0,"rawAbsY":68,"rawX":0,"rawY":68,"clippedAbsX":0,"clippedAbsY":46.9689563258415,"clippedX":0,"clippedY":46.9689563258415,"requestedAppliedX":0,"requestedAppliedY":34.66308976847103,"appliedX":0,"appliedY":22,"actualX":0,"actualY":22,"sensitivity":0.738,"currentZoomForScroll":1.0443850698041894,"maxScrollStepX":22,"maxScrollStepY":22,"diagonalEvents":0,"clippedEvents":1}
[DebugBridge +23578.2ms] wheel_scroll_motion {"eventCount":1,"rawAbsX":0,"rawAbsY":2148,"rawX":0,"rawY":2148,"clippedAbsX":0,"clippedAbsY":46.9689563258415,"clippedX":0,"clippedY":46.9689563258415,"requestedAppliedX":0,"requestedAppliedY":34.66308976847103,"appliedX":0,"appliedY":22,"actualX":0,"actualY":22,"sensitivity":0.738,"currentZoomForScroll":1.0443850698041894,"maxScrollStepX":22,"maxScrollStepY":22,"diagonalEvents":0,"clippedEvents":1}
[DebugBridge +23608.5ms] wheel_scroll_motion {"eventCount":1,"rawAbsX":0,"rawAbsY":40,"rawX":0,"rawY":40,"clippedAbsX":0,"clippedAbsY":40,"clippedX":0,"clippedY":40,"requestedAppliedX":0,"requestedAppliedY":32.8,"appliedX":0,"appliedY":22,"actualX":0,"actualY":22,"sensitivity":0.82,"currentZoomForScroll":1.0443850698041894,"maxScrollStepX":22,"maxScrollStepY":22,"diagonalEvents":0,"clippedEvents":0}
[DebugBridge +23689.9ms] wheel_scroll_motion {"eventCount":1,"rawAbsX":0,"rawAbsY":4,"rawX":0,"rawY":4,"clippedAbsX":0,"clippedAbsY":4,"clippedX":0,"clippedY":4,"requestedAppliedX":0,"requestedAppliedY":3.28,"appliedX":0,"appliedY":3.28,"actualX":0,"actualY":3,"sensitivity":0.82,"currentZoomForScroll":1.0443850698041894,"maxScrollStepX":22,"maxScrollStepY":22,"diagonalEvents":0,"clippedEvents":0}
[DebugBridge +23709.2ms] wheel_scroll_motion {"eventCount":2,"rawAbsX":30,"rawAbsY":106,"rawX":30,"rawY":106,"clippedAbsX":30,"clippedAbsY":52.9689563258415,"clippedX":30,"clippedY":52.9689563258415,"requestedAppliedX":20.221200000000003,"requestedAppliedY":35.62478079162393,"appliedX":20.221200000000003,"appliedY":22,"actualX":20,"actualY":22,"sensitivity":0.6642,"currentZoomForScroll":1.0443850698041894,"maxScrollStepX":22,"maxScrollStepY":22,"diagonalEvents":2,"clippedEvents":1}
[DebugBridge +23717.6ms] wheel_scroll_motion {"eventCount":1,"rawAbsX":4,"rawAbsY":34,"rawX":4,"rawY":34,"clippedAbsX":4,"clippedAbsY":34,"clippedX":4,"clippedY":34,"requestedAppliedX":2.952,"requestedAppliedY":25.092,"appliedX":2.952,"appliedY":22,"actualX":2.5,"actualY":22,"sensitivity":0.738,"currentZoomForScroll":1.0443850698041894,"maxScrollStepX":22,"maxScrollStepY":22,"diagonalEvents":1,"clippedEvents":0}
[DebugBridge +23785.9ms] wheel_scroll_motion {"eventCount":2,"rawAbsX":4,"rawAbsY":46,"rawX":4,"rawY":46,"clippedAbsX":4,"clippedAbsY":46,"clippedX":4,"clippedY":46,"requestedAppliedX":2.952,"requestedAppliedY":33.948,"appliedX":2.952,"appliedY":22,"actualX":2.5,"actualY":22,"sensitivity":0.738,"currentZoomForScroll":1.0443850698041894,"maxScrollStepX":22,"maxScrollStepY":22,"diagonalEvents":2,"clippedEvents":0}
[DebugBridge +23794.4ms] wheel_scroll_motion {"eventCount":1,"rawAbsX":8,"rawAbsY":328,"rawX":8,"rawY":328,"clippedAbsX":8,"clippedAbsY":46.9689563258415,"clippedX":8,"clippedY":46.9689563258415,"requestedAppliedX":5.3136,"requestedAppliedY":31.196780791623926,"appliedX":5.3136,"appliedY":22,"actualX":5,"actualY":22,"sensitivity":0.6642,"currentZoomForScroll":1.0443850698041894,"maxScrollStepX":22,"maxScrollStepY":22,"diagonalEvents":1,"clippedEvents":1}
[DebugBridge +23800.9ms] wheel_scroll_motion {"eventCount":2,"rawAbsX":8,"rawAbsY":40,"rawX":-8,"rawY":40,"clippedAbsX":8,"clippedAbsY":40,"clippedX":-8,"clippedY":40,"requestedAppliedX":-5.904,"requestedAppliedY":29.520000000000003,"appliedX":-5.904,"appliedY":22,"actualX":-6,"actualY":22,"sensitivity":0.738,"currentZoomForScroll":1.0443850698041894,"maxScrollStepX":22,"maxScrollStepY":22,"diagonalEvents":2,"clippedEvents":0}
[DebugBridge +23885.1ms] wheel_scroll_motion {"eventCount":2,"rawAbsX":2,"rawAbsY":28,"rawX":-2,"rawY":28,"clippedAbsX":2,"clippedAbsY":28,"clippedX":-2,"clippedY":28,"requestedAppliedX":-1.476,"requestedAppliedY":22.631999999999998,"appliedX":-1.476,"appliedY":22,"actualX":-1.5,"actualY":22,"sensitivity":0.82,"currentZoomForScroll":1.0443850698041894,"maxScrollStepX":22,"maxScrollStepY":22,"diagonalEvents":1,"clippedEvents":0}
[DebugBridge +23896.3ms] wheel_scroll_motion {"eventCount":1,"rawAbsX":0,"rawAbsY":44,"rawX":0,"rawY":44,"clippedAbsX":0,"clippedAbsY":44,"clippedX":0,"clippedY":44,"requestedAppliedX":0,"requestedAppliedY":36.08,"appliedX":0,"appliedY":22,"actualX":0,"actualY":22,"sensitivity":0.82,"currentZoomForScroll":1.0443850698041894,"maxScrollStepX":22,"maxScrollStepY":22,"diagonalEvents":0,"clippedEvents":0}
[DebugBridge +23901.6ms] wheel_scroll_motion {"eventCount":1,"rawAbsX":0,"rawAbsY":638,"rawX":0,"rawY":638,"clippedAbsX":0,"clippedAbsY":46.9689563258415,"clippedX":0,"clippedY":46.9689563258415,"requestedAppliedX":0,"requestedAppliedY":34.66308976847103,"appliedX":0,"appliedY":22,"actualX":0,"actualY":22,"sensitivity":0.738,"currentZoomForScroll":1.0443850698041894,"maxScrollStepX":22,"maxScrollStepY":22,"diagonalEvents":0,"clippedEvents":1}
[DebugBridge +23915.1ms] wheel_scroll_motion {"eventCount":2,"rawAbsX":0,"rawAbsY":118,"rawX":0,"rawY":118,"clippedAbsX":0,"clippedAbsY":93.937912651683,"clippedX":0,"clippedY":93.937912651683,"requestedAppliedX":0,"requestedAppliedY":69.32617953694206,"appliedX":0,"appliedY":22,"actualX":0,"actualY":22,"sensitivity":0.738,"currentZoomForScroll":1.0443850698041894,"maxScrollStepX":22,"maxScrollStepY":22,"diagonalEvents":0,"clippedEvents":2}
[DebugBridge +23927.6ms] wheel_scroll_motion {"eventCount":1,"rawAbsX":0,"rawAbsY":54,"rawX":0,"rawY":54,"clippedAbsX":0,"clippedAbsY":46.9689563258415,"clippedX":0,"clippedY":46.9689563258415,"requestedAppliedX":0,"requestedAppliedY":34.66308976847103,"appliedX":0,"appliedY":22,"actualX":0,"actualY":22,"sensitivity":0.738,"currentZoomForScroll":1.0443850698041894,"maxScrollStepX":22,"maxScrollStepY":22,"diagonalEvents":0,"clippedEvents":1}
[DebugBridge +23934.5ms] wheel_scroll_motion {"eventCount":1,"rawAbsX":0,"rawAbsY":54,"rawX":0,"rawY":54,"clippedAbsX":0,"clippedAbsY":46.9689563258415,"clippedX":0,"clippedY":46.9689563258415,"requestedAppliedX":0,"requestedAppliedY":34.66308976847103,"appliedX":0,"appliedY":22,"actualX":0,"actualY":22,"sensitivity":0.738,"currentZoomForScroll":1.0443850698041894,"maxScrollStepX":22,"maxScrollStepY":22,"diagonalEvents":0,"clippedEvents":1}
[DebugBridge +23944.5ms] wheel_scroll_motion {"eventCount":1,"rawAbsX":0,"rawAbsY":52,"rawX":0,"rawY":52,"clippedAbsX":0,"clippedAbsY":46.9689563258415,"clippedX":0,"clippedY":46.9689563258415,"requestedAppliedX":0,"requestedAppliedY":34.66308976847103,"appliedX":0,"appliedY":22,"actualX":0,"actualY":22,"sensitivity":0.738,"currentZoomForScroll":1.0443850698041894,"maxScrollStepX":22,"maxScrollStepY":22,"diagonalEvents":0,"clippedEvents":1}
[DebugBridge +23983.0ms] wheel_scroll_motion {"eventCount":1,"rawAbsX":0,"rawAbsY":230,"rawX":0,"rawY":230,"clippedAbsX":0,"clippedAbsY":46.9689563258415,"clippedX":0,"clippedY":46.9689563258415,"requestedAppliedX":0,"requestedAppliedY":34.66308976847103,"appliedX":0,"appliedY":22,"actualX":0,"actualY":22,"sensitivity":0.738,"currentZoomForScroll":1.0443850698041894,"maxScrollStepX":22,"maxScrollStepY":22,"diagonalEvents":0,"clippedEvents":1}
[DebugBridge +23992.0ms] wheel_scroll_motion {"eventCount":1,"rawAbsX":0,"rawAbsY":42,"rawX":0,"rawY":42,"clippedAbsX":0,"clippedAbsY":42,"clippedX":0,"clippedY":42,"requestedAppliedX":0,"requestedAppliedY":34.44,"appliedX":0,"appliedY":22,"actualX":0,"actualY":22,"sensitivity":0.82,"currentZoomForScroll":1.0443850698041894,"maxScrollStepX":22,"maxScrollStepY":22,"diagonalEvents":0,"clippedEvents":0}
[DebugBridge +24000.2ms] wheel_scroll_motion {"eventCount":1,"rawAbsX":0,"rawAbsY":40,"rawX":0,"rawY":40,"clippedAbsX":0,"clippedAbsY":40,"clippedX":0,"clippedY":40,"requestedAppliedX":0,"requestedAppliedY":32.8,"appliedX":0,"appliedY":22,"actualX":0,"actualY":22,"sensitivity":0.82,"currentZoomForScroll":1.0443850698041894,"maxScrollStepX":22,"maxScrollStepY":22,"diagonalEvents":0,"clippedEvents":0}
[DebugBridge +24007.9ms] wheel_scroll_motion {"eventCount":1,"rawAbsX":0,"rawAbsY":38,"rawX":0,"rawY":38,"clippedAbsX":0,"clippedAbsY":38,"clippedX":0,"clippedY":38,"requestedAppliedX":0,"requestedAppliedY":31.159999999999997,"appliedX":0,"appliedY":22,"actualX":0,"actualY":22,"sensitivity":0.82,"currentZoomForScroll":1.0443850698041894,"maxScrollStepX":22,"maxScrollStepY":22,"diagonalEvents":0,"clippedEvents":0}
[DebugBridge +24016.2ms] wheel_scroll_motion {"eventCount":1,"rawAbsX":0,"rawAbsY":38,"rawX":0,"rawY":38,"clippedAbsX":0,"clippedAbsY":38,"clippedX":0,"clippedY":38,"requestedAppliedX":0,"requestedAppliedY":31.159999999999997,"appliedX":0,"appliedY":22,"actualX":0,"actualY":22,"sensitivity":0.82,"currentZoomForScroll":1.0443850698041894,"maxScrollStepX":22,"maxScrollStepY":22,"diagonalEvents":0,"clippedEvents":0}
[DebugBridge +24026.2ms] wheel_scroll_motion {"eventCount":1,"rawAbsX":0,"rawAbsY":34,"rawX":0,"rawY":34,"clippedAbsX":0,"clippedAbsY":34,"clippedX":0,"clippedY":34,"requestedAppliedX":0,"requestedAppliedY":27.88,"appliedX":0,"appliedY":22,"actualX":0,"actualY":22,"sensitivity":0.82,"currentZoomForScroll":1.0443850698041894,"maxScrollStepX":22,"maxScrollStepY":22,"diagonalEvents":0,"clippedEvents":0}
[DebugBridge +24036.6ms] wheel_scroll_motion {"eventCount":1,"rawAbsX":0,"rawAbsY":34,"rawX":0,"rawY":34,"clippedAbsX":0,"clippedAbsY":34,"clippedX":0,"clippedY":34,"requestedAppliedX":0,"requestedAppliedY":27.88,"appliedX":0,"appliedY":22,"actualX":0,"actualY":22,"sensitivity":0.82,"currentZoomForScroll":1.0443850698041894,"maxScrollStepX":22,"maxScrollStepY":22,"diagonalEvents":0,"clippedEvents":0}
[DebugBridge +24042.0ms] wheel_scroll_motion {"eventCount":1,"rawAbsX":0,"rawAbsY":30,"rawX":0,"rawY":30,"clippedAbsX":0,"clippedAbsY":30,"clippedX":0,"clippedY":30,"requestedAppliedX":0,"requestedAppliedY":24.599999999999998,"appliedX":0,"appliedY":22,"actualX":0,"actualY":22,"sensitivity":0.82,"currentZoomForScroll":1.0443850698041894,"maxScrollStepX":22,"maxScrollStepY":22,"diagonalEvents":0,"clippedEvents":0}
[DebugBridge +24051.6ms] wheel_scroll_motion {"eventCount":1,"rawAbsX":0,"rawAbsY":30,"rawX":0,"rawY":30,"clippedAbsX":0,"clippedAbsY":30,"clippedX":0,"clippedY":30,"requestedAppliedX":0,"requestedAppliedY":24.599999999999998,"appliedX":0,"appliedY":22,"actualX":0,"actualY":22,"sensitivity":0.82,"currentZoomForScroll":1.0443850698041894,"maxScrollStepX":22,"maxScrollStepY":22,"diagonalEvents":0,"clippedEvents":0}
[DebugBridge +24058.3ms] wheel_scroll_motion {"eventCount":1,"rawAbsX":0,"rawAbsY":30,"rawX":0,"rawY":30,"clippedAbsX":0,"clippedAbsY":30,"clippedX":0,"clippedY":30,"requestedAppliedX":0,"requestedAppliedY":24.599999999999998,"appliedX":0,"appliedY":22,"actualX":0,"actualY":22,"sensitivity":0.82,"currentZoomForScroll":1.0443850698041894,"maxScrollStepX":22,"maxScrollStepY":22,"diagonalEvents":0,"clippedEvents":0}
[DebugBridge +24067.9ms] wheel_scroll_motion {"eventCount":1,"rawAbsX":0,"rawAbsY":30,"rawX":0,"rawY":30,"clippedAbsX":0,"clippedAbsY":30,"clippedX":0,"clippedY":30,"requestedAppliedX":0,"requestedAppliedY":24.599999999999998,"appliedX":0,"appliedY":22,"actualX":0,"actualY":22,"sensitivity":0.82,"currentZoomForScroll":1.0443850698041894,"maxScrollStepX":22,"maxScrollStepY":22,"diagonalEvents":0,"clippedEvents":0}
[DebugBridge +24175.6ms] wheel_scroll_motion {"eventCount":2,"rawAbsX":2,"rawAbsY":10,"rawX":-2,"rawY":10,"clippedAbsX":2,"clippedAbsY":10,"clippedX":-2,"clippedY":10,"requestedAppliedX":-1.476,"requestedAppliedY":7.544,"appliedX":-1.476,"appliedY":7.544,"actualX":-1.5,"actualY":7.5,"sensitivity":0.738,"currentZoomForScroll":1.0443850698041894,"maxScrollStepX":22,"maxScrollStepY":22,"diagonalEvents":1,"clippedEvents":0}
[DebugBridge +24194.5ms] wheel_scroll_motion {"eventCount":1,"rawAbsX":12,"rawAbsY":152,"rawX":12,"rawY":152,"clippedAbsX":12,"clippedAbsY":46.9689563258415,"clippedX":12,"clippedY":46.9689563258415,"requestedAppliedX":7.9704,"requestedAppliedY":31.196780791623926,"appliedX":7.9704,"appliedY":22,"actualX":7.5,"actualY":22,"sensitivity":0.6642,"currentZoomForScroll":1.0443850698041894,"maxScrollStepX":22,"maxScrollStepY":22,"diagonalEvents":1,"clippedEvents":1}
[DebugBridge +24201.2ms] wheel_scroll_motion {"eventCount":1,"rawAbsX":8,"rawAbsY":96,"rawX":8,"rawY":96,"clippedAbsX":8,"clippedAbsY":46.9689563258415,"clippedX":8,"clippedY":46.9689563258415,"requestedAppliedX":5.3136,"requestedAppliedY":31.196780791623926,"appliedX":5.3136,"appliedY":22,"actualX":5,"actualY":22,"sensitivity":0.6642,"currentZoomForScroll":1.0443850698041894,"maxScrollStepX":22,"maxScrollStepY":22,"diagonalEvents":1,"clippedEvents":1}
[DebugBridge +24211.7ms] wheel_scroll_motion {"eventCount":2,"rawAbsX":8,"rawAbsY":86,"rawX":8,"rawY":86,"clippedAbsX":8,"clippedAbsY":78.9689563258415,"clippedX":8,"clippedY":78.9689563258415,"requestedAppliedX":5.6088000000000005,"requestedAppliedY":54.81278079162392,"appliedX":5.6088000000000005,"appliedY":22,"actualX":5.5,"actualY":22,"sensitivity":0.6642,"currentZoomForScroll":1.0443850698041894,"maxScrollStepX":22,"maxScrollStepY":22,"diagonalEvents":2,"clippedEvents":1}
[DebugBridge +24222.4ms] wheel_scroll_motion {"eventCount":1,"rawAbsX":2,"rawAbsY":32,"rawX":2,"rawY":32,"clippedAbsX":2,"clippedAbsY":32,"clippedX":2,"clippedY":32,"requestedAppliedX":1.476,"requestedAppliedY":23.616,"appliedX":1.476,"appliedY":22,"actualX":1,"actualY":22,"sensitivity":0.738,"currentZoomForScroll":1.0443850698041894,"maxScrollStepX":22,"maxScrollStepY":22,"diagonalEvents":1,"clippedEvents":0}
[DebugBridge +24267.9ms] wheel_scroll_motion {"eventCount":3,"rawAbsX":38,"rawAbsY":118,"rawX":38,"rawY":118,"clippedAbsX":38,"clippedAbsY":54.9689563258415,"clippedX":38,"clippedY":54.9689563258415,"requestedAppliedX":25.830000000000002,"requestedAppliedY":37.100780791623926,"appliedX":22,"appliedY":22,"actualX":22,"actualY":22,"sensitivity":0.738,"currentZoomForScroll":1.0443850698041894,"maxScrollStepX":22,"maxScrollStepY":22,"diagonalEvents":3,"clippedEvents":1}
[DebugBridge +24275.1ms] wheel_scroll_motion {"eventCount":2,"rawAbsX":10,"rawAbsY":4,"rawX":10,"rawY":4,"clippedAbsX":10,"clippedAbsY":4,"clippedX":10,"clippedY":4,"requestedAppliedX":7.38,"requestedAppliedY":2.952,"appliedX":7.38,"appliedY":2.952,"actualX":7,"actualY":2.5,"sensitivity":0.738,"currentZoomForScroll":1.0443850698041894,"maxScrollStepX":22,"maxScrollStepY":22,"diagonalEvents":2,"clippedEvents":0}
[DebugBridge +24283.6ms] wheel_scroll_motion {"eventCount":2,"rawAbsX":10,"rawAbsY":4,"rawX":10,"rawY":0,"clippedAbsX":10,"clippedAbsY":4,"clippedX":10,"clippedY":0,"requestedAppliedX":7.38,"requestedAppliedY":0,"appliedX":7.38,"appliedY":0,"actualX":7,"actualY":0,"sensitivity":0.738,"currentZoomForScroll":1.0443850698041894,"maxScrollStepX":22,"maxScrollStepY":22,"diagonalEvents":2,"clippedEvents":0}
[DebugBridge +24291.7ms] wheel_scroll_motion {"eventCount":2,"rawAbsX":12,"rawAbsY":6,"rawX":12,"rawY":-6,"clippedAbsX":12,"clippedAbsY":6,"clippedX":12,"clippedY":-6,"requestedAppliedX":8.856,"requestedAppliedY":-4.428,"appliedX":8.856,"appliedY":-4.428,"actualX":8.5,"actualY":-4.5,"sensitivity":0.738,"currentZoomForScroll":1.0443850698041894,"maxScrollStepX":22,"maxScrollStepY":22,"diagonalEvents":2,"clippedEvents":0}
[DebugBridge +24300.2ms] wheel_scroll_motion {"eventCount":2,"rawAbsX":12,"rawAbsY":10,"rawX":12,"rawY":-10,"clippedAbsX":12,"clippedAbsY":10,"clippedX":12,"clippedY":-10,"requestedAppliedX":8.856,"requestedAppliedY":-7.38,"appliedX":8.856,"appliedY":-7.38,"actualX":8.5,"actualY":-7.5,"sensitivity":0.738,"currentZoomForScroll":1.0443850698041894,"maxScrollStepX":22,"maxScrollStepY":22,"diagonalEvents":2,"clippedEvents":0}
[DebugBridge +24308.8ms] wheel_scroll_motion {"eventCount":2,"rawAbsX":12,"rawAbsY":18,"rawX":12,"rawY":-18,"clippedAbsX":12,"clippedAbsY":18,"clippedX":12,"clippedY":-18,"requestedAppliedX":8.856,"requestedAppliedY":-13.284,"appliedX":8.856,"appliedY":-13.284,"actualX":8.5,"actualY":-13.5,"sensitivity":0.738,"currentZoomForScroll":1.0443850698041894,"maxScrollStepX":22,"maxScrollStepY":22,"diagonalEvents":2,"clippedEvents":0}
[DebugBridge +24316.7ms] wheel_scroll_motion {"eventCount":2,"rawAbsX":12,"rawAbsY":22,"rawX":12,"rawY":-22,"clippedAbsX":12,"clippedAbsY":22,"clippedX":12,"clippedY":-22,"requestedAppliedX":8.856,"requestedAppliedY":-16.236,"appliedX":8.856,"appliedY":-16.236,"actualX":8.5,"actualY":-16.5,"sensitivity":0.738,"currentZoomForScroll":1.0443850698041894,"maxScrollStepX":22,"maxScrollStepY":22,"diagonalEvents":2,"clippedEvents":0}
[DebugBridge +24324.8ms] wheel_scroll_motion {"eventCount":2,"rawAbsX":10,"rawAbsY":24,"rawX":10,"rawY":-24,"clippedAbsX":10,"clippedAbsY":24,"clippedX":10,"clippedY":-24,"requestedAppliedX":7.38,"requestedAppliedY":-17.712,"appliedX":7.38,"appliedY":-17.712,"actualX":7,"actualY":-18,"sensitivity":0.738,"currentZoomForScroll":1.0443850698041894,"maxScrollStepX":22,"maxScrollStepY":22,"diagonalEvents":2,"clippedEvents":0}
[DebugBridge +24333.4ms] wheel_scroll_motion {"eventCount":2,"rawAbsX":8,"rawAbsY":30,"rawX":8,"rawY":-30,"clippedAbsX":8,"clippedAbsY":30,"clippedX":8,"clippedY":-30,"requestedAppliedX":5.904,"requestedAppliedY":-22.14,"appliedX":5.904,"appliedY":-22,"actualX":5.5,"actualY":-22,"sensitivity":0.738,"currentZoomForScroll":1.0443850698041894,"maxScrollStepX":22,"maxScrollStepY":22,"diagonalEvents":2,"clippedEvents":0}
[DebugBridge +24342.0ms] wheel_scroll_motion {"eventCount":2,"rawAbsX":8,"rawAbsY":32,"rawX":8,"rawY":-32,"clippedAbsX":8,"clippedAbsY":32,"clippedX":8,"clippedY":-32,"requestedAppliedX":5.904,"requestedAppliedY":-23.616,"appliedX":5.904,"appliedY":-22,"actualX":5.5,"actualY":-22,"sensitivity":0.738,"currentZoomForScroll":1.0443850698041894,"maxScrollStepX":22,"maxScrollStepY":22,"diagonalEvents":2,"clippedEvents":0}
[DebugBridge +24349.3ms] wheel_scroll_motion {"eventCount":2,"rawAbsX":6,"rawAbsY":34,"rawX":6,"rawY":-34,"clippedAbsX":6,"clippedAbsY":34,"clippedX":6,"clippedY":-34,"requestedAppliedX":4.428,"requestedAppliedY":-25.092,"appliedX":4.428,"appliedY":-22,"actualX":4,"actualY":-22,"sensitivity":0.738,"currentZoomForScroll":1.0443850698041894,"maxScrollStepX":22,"maxScrollStepY":22,"diagonalEvents":2,"clippedEvents":0}
[DebugBridge +24358.3ms] wheel_scroll_motion {"eventCount":2,"rawAbsX":2,"rawAbsY":20,"rawX":2,"rawY":-20,"clippedAbsX":2,"clippedAbsY":20,"clippedX":2,"clippedY":-20,"requestedAppliedX":1.476,"requestedAppliedY":-15.579999999999998,"appliedX":1.476,"appliedY":-15.579999999999998,"actualX":1,"actualY":-16,"sensitivity":0.82,"currentZoomForScroll":1.0443850698041894,"maxScrollStepX":22,"maxScrollStepY":22,"diagonalEvents":1,"clippedEvents":0}
[DebugBridge +24367.4ms] wheel_scroll_motion {"eventCount":1,"rawAbsX":0,"rawAbsY":24,"rawX":0,"rawY":-24,"clippedAbsX":0,"clippedAbsY":24,"clippedX":0,"clippedY":-24,"requestedAppliedX":0,"requestedAppliedY":-19.68,"appliedX":0,"appliedY":-19.68,"actualX":0,"actualY":-20,"sensitivity":0.82,"currentZoomForScroll":1.0443850698041894,"maxScrollStepX":22,"maxScrollStepY":22,"diagonalEvents":0,"clippedEvents":0}
[DebugBridge +24374.8ms] wheel_scroll_motion {"eventCount":1,"rawAbsX":2,"rawAbsY":26,"rawX":-2,"rawY":-26,"clippedAbsX":2,"clippedAbsY":26,"clippedX":-2,"clippedY":-26,"requestedAppliedX":-1.476,"requestedAppliedY":-19.188,"appliedX":-1.476,"appliedY":-19.188,"actualX":-1.5,"actualY":-19.5,"sensitivity":0.738,"currentZoomForScroll":1.0443850698041894,"maxScrollStepX":22,"maxScrollStepY":22,"diagonalEvents":1,"clippedEvents":0}
[DebugBridge +24384.9ms] wheel_scroll_motion {"eventCount":1,"rawAbsX":6,"rawAbsY":20,"rawX":-6,"rawY":-20,"clippedAbsX":6,"clippedAbsY":20,"clippedX":-6,"clippedY":-20,"requestedAppliedX":-4.428,"requestedAppliedY":-14.76,"appliedX":-4.428,"appliedY":-14.76,"actualX":-4.5,"actualY":-15,"sensitivity":0.738,"currentZoomForScroll":1.0443850698041894,"maxScrollStepX":22,"maxScrollStepY":22,"diagonalEvents":1,"clippedEvents":0}
[DebugBridge +24391.2ms] wheel_scroll_motion {"eventCount":1,"rawAbsX":10,"rawAbsY":16,"rawX":-10,"rawY":-16,"clippedAbsX":10,"clippedAbsY":16,"clippedX":-10,"clippedY":-16,"requestedAppliedX":-7.38,"requestedAppliedY":-11.808,"appliedX":-7.38,"appliedY":-11.808,"actualX":-7.5,"actualY":-12,"sensitivity":0.738,"currentZoomForScroll":1.0443850698041894,"maxScrollStepX":22,"maxScrollStepY":22,"diagonalEvents":1,"clippedEvents":0}
[DebugBridge +24400.6ms] wheel_scroll_motion {"eventCount":2,"rawAbsX":14,"rawAbsY":14,"rawX":-14,"rawY":-14,"clippedAbsX":14,"clippedAbsY":14,"clippedX":-14,"clippedY":-14,"requestedAppliedX":-10.332,"requestedAppliedY":-10.332,"appliedX":-10.332,"appliedY":-10.332,"actualX":-10.5,"actualY":-10.5,"sensitivity":0.738,"currentZoomForScroll":1.0443850698041894,"maxScrollStepX":22,"maxScrollStepY":22,"diagonalEvents":2,"clippedEvents":0}
[DebugBridge +24408.8ms] wheel_scroll_motion {"eventCount":2,"rawAbsX":16,"rawAbsY":10,"rawX":-16,"rawY":-10,"clippedAbsX":16,"clippedAbsY":10,"clippedX":-16,"clippedY":-10,"requestedAppliedX":-11.808,"requestedAppliedY":-7.38,"appliedX":-11.808,"appliedY":-7.38,"actualX":-12,"actualY":-7.5,"sensitivity":0.738,"currentZoomForScroll":1.0443850698041894,"maxScrollStepX":22,"maxScrollStepY":22,"diagonalEvents":2,"clippedEvents":0}
[DebugBridge +24416.4ms] wheel_scroll_motion {"eventCount":2,"rawAbsX":18,"rawAbsY":6,"rawX":-18,"rawY":-6,"clippedAbsX":18,"clippedAbsY":6,"clippedX":-18,"clippedY":-6,"requestedAppliedX":-13.283999999999999,"requestedAppliedY":-4.428,"appliedX":-13.283999999999999,"appliedY":-4.428,"actualX":-13.5,"actualY":-4.5,"sensitivity":0.738,"currentZoomForScroll":1.0443850698041894,"maxScrollStepX":22,"maxScrollStepY":22,"diagonalEvents":2,"clippedEvents":0}
[DebugBridge +24424.6ms] wheel_scroll_motion {"eventCount":2,"rawAbsX":18,"rawAbsY":4,"rawX":-18,"rawY":-4,"clippedAbsX":18,"clippedAbsY":4,"clippedX":-18,"clippedY":-4,"requestedAppliedX":-13.283999999999999,"requestedAppliedY":-2.952,"appliedX":-13.283999999999999,"appliedY":-2.952,"actualX":-13.5,"actualY":-3,"sensitivity":0.738,"currentZoomForScroll":1.0443850698041894,"maxScrollStepX":22,"maxScrollStepY":22,"diagonalEvents":2,"clippedEvents":0}
[DebugBridge +24434.0ms] wheel_scroll_motion {"eventCount":2,"rawAbsX":20,"rawAbsY":4,"rawX":-20,"rawY":-4,"clippedAbsX":20,"clippedAbsY":4,"clippedX":-20,"clippedY":-4,"requestedAppliedX":-14.760000000000002,"requestedAppliedY":-2.952,"appliedX":-14.760000000000002,"appliedY":-2.952,"actualX":-15,"actualY":-3,"sensitivity":0.738,"currentZoomForScroll":1.0443850698041894,"maxScrollStepX":22,"maxScrollStepY":22,"diagonalEvents":2,"clippedEvents":0}
[DebugBridge +24440.8ms] wheel_scroll_motion {"eventCount":2,"rawAbsX":22,"rawAbsY":0,"rawX":-22,"rawY":0,"clippedAbsX":22,"clippedAbsY":0,"clippedX":-22,"clippedY":0,"requestedAppliedX":-18.04,"requestedAppliedY":0,"appliedX":-18.04,"appliedY":0,"actualX":-18.5,"actualY":0,"sensitivity":0.82,"currentZoomForScroll":1.0443850698041894,"maxScrollStepX":22,"maxScrollStepY":22,"diagonalEvents":0,"clippedEvents":0}
[DebugBridge +24450.2ms] wheel_scroll_motion {"eventCount":2,"rawAbsX":18,"rawAbsY":4,"rawX":-18,"rawY":4,"clippedAbsX":18,"clippedAbsY":4,"clippedX":-18,"clippedY":4,"requestedAppliedX":-13.284,"requestedAppliedY":2.952,"appliedX":-13.284,"appliedY":2.952,"actualX":-13.5,"actualY":2.5,"sensitivity":0.738,"currentZoomForScroll":1.0443850698041894,"maxScrollStepX":22,"maxScrollStepY":22,"diagonalEvents":2,"clippedEvents":0}
[DebugBridge +24458.8ms] wheel_scroll_motion {"eventCount":2,"rawAbsX":20,"rawAbsY":6,"rawX":-20,"rawY":6,"clippedAbsX":20,"clippedAbsY":6,"clippedX":-20,"clippedY":6,"requestedAppliedX":-14.76,"requestedAppliedY":4.428,"appliedX":-14.76,"appliedY":4.428,"actualX":-15,"actualY":4,"sensitivity":0.738,"currentZoomForScroll":1.0443850698041894,"maxScrollStepX":22,"maxScrollStepY":22,"diagonalEvents":2,"clippedEvents":0}
[DebugBridge +24467.2ms] wheel_scroll_motion {"eventCount":2,"rawAbsX":16,"rawAbsY":8,"rawX":-16,"rawY":8,"clippedAbsX":16,"clippedAbsY":8,"clippedX":-16,"clippedY":8,"requestedAppliedX":-11.808,"requestedAppliedY":5.904,"appliedX":-11.808,"appliedY":5.904,"actualX":-12,"actualY":5.5,"sensitivity":0.738,"currentZoomForScroll":1.0443850698041894,"maxScrollStepX":22,"maxScrollStepY":22,"diagonalEvents":2,"clippedEvents":0}
[DebugBridge +24474.3ms] wheel_scroll_motion {"eventCount":2,"rawAbsX":10,"rawAbsY":8,"rawX":-10,"rawY":8,"clippedAbsX":10,"clippedAbsY":8,"clippedX":-10,"clippedY":8,"requestedAppliedX":-7.38,"requestedAppliedY":5.904,"appliedX":-7.38,"appliedY":5.904,"actualX":-7.5,"actualY":5.5,"sensitivity":0.738,"currentZoomForScroll":1.0443850698041894,"maxScrollStepX":22,"maxScrollStepY":22,"diagonalEvents":2,"clippedEvents":0}
[DebugBridge +24483.4ms] wheel_scroll_motion {"eventCount":2,"rawAbsX":16,"rawAbsY":14,"rawX":-16,"rawY":14,"clippedAbsX":16,"clippedAbsY":14,"clippedX":-16,"clippedY":14,"requestedAppliedX":-11.808,"requestedAppliedY":10.332,"appliedX":-11.808,"appliedY":10.332,"actualX":-10.5,"actualY":10,"sensitivity":0.738,"currentZoomForScroll":1.0443850698041894,"maxScrollStepX":22,"maxScrollStepY":22,"diagonalEvents":2,"clippedEvents":0}
[DebugBridge +24492.4ms] wheel_scroll_motion {"eventCount":1,"rawAbsX":6,"rawAbsY":4,"rawX":-6,"rawY":4,"clippedAbsX":6,"clippedAbsY":4,"clippedX":-6,"clippedY":4,"requestedAppliedX":-4.428,"requestedAppliedY":2.952,"appliedX":-4.428,"appliedY":2.952,"actualX":0,"actualY":2.5,"sensitivity":0.738,"currentZoomForScroll":1.0443850698041894,"maxScrollStepX":22,"maxScrollStepY":22,"diagonalEvents":1,"clippedEvents":0}
[DebugBridge +24532.9ms] wheel_scroll_motion {"eventCount":2,"rawAbsX":14,"rawAbsY":72,"rawX":-2,"rawY":72,"clippedAbsX":14,"clippedAbsY":56.9689563258415,"clippedX":-2,"clippedY":56.9689563258415,"requestedAppliedX":-0.8856000000000002,"requestedAppliedY":38.576780791623925,"appliedX":-0.8856000000000002,"appliedY":22,"actualX":0,"actualY":22,"sensitivity":0.738,"currentZoomForScroll":1.0443850698041894,"maxScrollStepX":22,"maxScrollStepY":22,"diagonalEvents":2,"clippedEvents":1}
[DebugBridge +24541.1ms] wheel_scroll_motion {"eventCount":2,"rawAbsX":12,"rawAbsY":14,"rawX":12,"rawY":14,"clippedAbsX":12,"clippedAbsY":14,"clippedX":12,"clippedY":14,"requestedAppliedX":8.856,"requestedAppliedY":10.332,"appliedX":8.856,"appliedY":10.332,"actualX":8.5,"actualY":10,"sensitivity":0.738,"currentZoomForScroll":1.0443850698041894,"maxScrollStepX":22,"maxScrollStepY":22,"diagonalEvents":2,"clippedEvents":0}
[DebugBridge +24549.7ms] wheel_scroll_motion {"eventCount":2,"rawAbsX":14,"rawAbsY":12,"rawX":14,"rawY":12,"clippedAbsX":14,"clippedAbsY":12,"clippedX":14,"clippedY":12,"requestedAppliedX":10.332,"requestedAppliedY":8.856,"appliedX":10.332,"appliedY":8.856,"actualX":10,"actualY":8.5,"sensitivity":0.738,"currentZoomForScroll":1.0443850698041894,"maxScrollStepX":22,"maxScrollStepY":22,"diagonalEvents":2,"clippedEvents":0}
[DebugBridge +24558.1ms] wheel_scroll_motion {"eventCount":2,"rawAbsX":22,"rawAbsY":12,"rawX":22,"rawY":12,"clippedAbsX":22,"clippedAbsY":12,"clippedX":22,"clippedY":12,"requestedAppliedX":16.236,"requestedAppliedY":8.856,"appliedX":16.236,"appliedY":8.856,"actualX":16,"actualY":8.5,"sensitivity":0.738,"currentZoomForScroll":1.0443850698041894,"maxScrollStepX":22,"maxScrollStepY":22,"diagonalEvents":2,"clippedEvents":0}
[DebugBridge +24567.2ms] wheel_scroll_motion {"eventCount":2,"rawAbsX":24,"rawAbsY":10,"rawX":24,"rawY":10,"clippedAbsX":24,"clippedAbsY":10,"clippedX":24,"clippedY":10,"requestedAppliedX":17.712,"requestedAppliedY":7.38,"appliedX":17.712,"appliedY":7.38,"actualX":17.5,"actualY":7,"sensitivity":0.738,"currentZoomForScroll":1.0443850698041894,"maxScrollStepX":22,"maxScrollStepY":22,"diagonalEvents":2,"clippedEvents":0}
[DebugBridge +24574.1ms] wheel_scroll_motion {"eventCount":2,"rawAbsX":18,"rawAbsY":4,"rawX":18,"rawY":4,"clippedAbsX":18,"clippedAbsY":4,"clippedX":18,"clippedY":4,"requestedAppliedX":13.283999999999999,"requestedAppliedY":2.952,"appliedX":13.283999999999999,"appliedY":2.952,"actualX":13,"actualY":2.5,"sensitivity":0.738,"currentZoomForScroll":1.0443850698041894,"maxScrollStepX":22,"maxScrollStepY":22,"diagonalEvents":2,"clippedEvents":0}
[DebugBridge +24583.6ms] wheel_scroll_motion {"eventCount":2,"rawAbsX":18,"rawAbsY":4,"rawX":18,"rawY":4,"clippedAbsX":18,"clippedAbsY":4,"clippedX":18,"clippedY":4,"requestedAppliedX":13.284,"requestedAppliedY":2.952,"appliedX":13.284,"appliedY":2.952,"actualX":13,"actualY":2.5,"sensitivity":0.738,"currentZoomForScroll":1.0443850698041894,"maxScrollStepX":22,"maxScrollStepY":22,"diagonalEvents":2,"clippedEvents":0}
[DebugBridge +24591.5ms] wheel_scroll_motion {"eventCount":2,"rawAbsX":24,"rawAbsY":4,"rawX":24,"rawY":4,"clippedAbsX":24,"clippedAbsY":4,"clippedX":24,"clippedY":4,"requestedAppliedX":17.712,"requestedAppliedY":2.952,"appliedX":17.712,"appliedY":2.952,"actualX":17.5,"actualY":2.5,"sensitivity":0.738,"currentZoomForScroll":1.0443850698041894,"maxScrollStepX":22,"maxScrollStepY":22,"diagonalEvents":2,"clippedEvents":0}
[DebugBridge +24599.6ms] wheel_scroll_motion {"eventCount":2,"rawAbsX":28,"rawAbsY":2,"rawX":28,"rawY":2,"clippedAbsX":28,"clippedAbsY":2,"clippedX":28,"clippedY":2,"requestedAppliedX":22.304,"requestedAppliedY":1.476,"appliedX":22,"appliedY":1.476,"actualX":22,"actualY":1,"sensitivity":0.82,"currentZoomForScroll":1.0443850698041894,"maxScrollStepX":22,"maxScrollStepY":22,"diagonalEvents":1,"clippedEvents":0}
[DebugBridge +24607.5ms] wheel_scroll_motion {"eventCount":2,"rawAbsX":20,"rawAbsY":2,"rawX":20,"rawY":-2,"clippedAbsX":20,"clippedAbsY":2,"clippedX":20,"clippedY":-2,"requestedAppliedX":14.924,"requestedAppliedY":-1.476,"appliedX":14.924,"appliedY":-1.476,"actualX":14.5,"actualY":-1.5,"sensitivity":0.738,"currentZoomForScroll":1.0443850698041894,"maxScrollStepX":22,"maxScrollStepY":22,"diagonalEvents":1,"clippedEvents":0}
[DebugBridge +24616.8ms] wheel_scroll_motion {"eventCount":2,"rawAbsX":14,"rawAbsY":6,"rawX":14,"rawY":-6,"clippedAbsX":14,"clippedAbsY":6,"clippedX":14,"clippedY":-6,"requestedAppliedX":10.332,"requestedAppliedY":-4.428,"appliedX":10.332,"appliedY":-4.428,"actualX":10,"actualY":-4.5,"sensitivity":0.738,"currentZoomForScroll":1.0443850698041894,"maxScrollStepX":22,"maxScrollStepY":22,"diagonalEvents":2,"clippedEvents":0}
[DebugBridge +24625.1ms] wheel_scroll_motion {"eventCount":1,"rawAbsX":10,"rawAbsY":6,"rawX":10,"rawY":-6,"clippedAbsX":10,"clippedAbsY":6,"clippedX":10,"clippedY":-6,"requestedAppliedX":7.38,"requestedAppliedY":-4.428,"appliedX":7.38,"appliedY":-4.428,"actualX":7,"actualY":-4.5,"sensitivity":0.738,"currentZoomForScroll":1.0443850698041894,"maxScrollStepX":22,"maxScrollStepY":22,"diagonalEvents":1,"clippedEvents":0}
[DebugBridge +24633.2ms] wheel_scroll_motion {"eventCount":1,"rawAbsX":6,"rawAbsY":8,"rawX":6,"rawY":-8,"clippedAbsX":6,"clippedAbsY":8,"clippedX":6,"clippedY":-8,"requestedAppliedX":4.428,"requestedAppliedY":-5.904,"appliedX":4.428,"appliedY":-5.904,"actualX":4,"actualY":-6,"sensitivity":0.738,"currentZoomForScroll":1.0443850698041894,"maxScrollStepX":22,"maxScrollStepY":22,"diagonalEvents":1,"clippedEvents":0}
[DebugBridge +24641.5ms] wheel_scroll_motion {"eventCount":1,"rawAbsX":6,"rawAbsY":8,"rawX":6,"rawY":-8,"clippedAbsX":6,"clippedAbsY":8,"clippedX":6,"clippedY":-8,"requestedAppliedX":4.428,"requestedAppliedY":-5.904,"appliedX":4.428,"appliedY":-5.904,"actualX":4,"actualY":-6,"sensitivity":0.738,"currentZoomForScroll":1.0443850698041894,"maxScrollStepX":22,"maxScrollStepY":22,"diagonalEvents":1,"clippedEvents":0}
[DebugBridge +24650.0ms] wheel_scroll_motion {"eventCount":2,"rawAbsX":4,"rawAbsY":10,"rawX":4,"rawY":-10,"clippedAbsX":4,"clippedAbsY":10,"clippedX":4,"clippedY":-10,"requestedAppliedX":2.952,"requestedAppliedY":-7.38,"appliedX":2.952,"appliedY":-7.38,"actualX":2.5,"actualY":-7.5,"sensitivity":0.738,"currentZoomForScroll":1.0443850698041894,"maxScrollStepX":22,"maxScrollStepY":22,"diagonalEvents":2,"clippedEvents":0}
[DebugBridge +24657.3ms] wheel_scroll_motion {"eventCount":2,"rawAbsX":4,"rawAbsY":14,"rawX":4,"rawY":-14,"clippedAbsX":4,"clippedAbsY":14,"clippedX":4,"clippedY":-14,"requestedAppliedX":2.952,"requestedAppliedY":-10.332,"appliedX":2.952,"appliedY":-10.332,"actualX":2.5,"actualY":-10.5,"sensitivity":0.738,"currentZoomForScroll":1.0443850698041894,"maxScrollStepX":22,"maxScrollStepY":22,"diagonalEvents":2,"clippedEvents":0}
[DebugBridge +24666.1ms] wheel_scroll_motion {"eventCount":2,"rawAbsX":4,"rawAbsY":10,"rawX":-4,"rawY":-10,"clippedAbsX":4,"clippedAbsY":10,"clippedX":-4,"clippedY":-10,"requestedAppliedX":-2.952,"requestedAppliedY":-7.38,"appliedX":-2.952,"appliedY":-7.38,"actualX":-3,"actualY":-7.5,"sensitivity":0.738,"currentZoomForScroll":1.0443850698041894,"maxScrollStepX":22,"maxScrollStepY":22,"diagonalEvents":2,"clippedEvents":0}
[DebugBridge +24675.4ms] wheel_scroll_motion {"eventCount":2,"rawAbsX":10,"rawAbsY":6,"rawX":-10,"rawY":-6,"clippedAbsX":10,"clippedAbsY":6,"clippedX":-10,"clippedY":-6,"requestedAppliedX":-7.38,"requestedAppliedY":-4.428,"appliedX":-7.38,"appliedY":-4.428,"actualX":-7.5,"actualY":-4.5,"sensitivity":0.738,"currentZoomForScroll":1.0443850698041894,"maxScrollStepX":22,"maxScrollStepY":22,"diagonalEvents":2,"clippedEvents":0}
[DebugBridge +24683.2ms] wheel_scroll_motion {"eventCount":2,"rawAbsX":14,"rawAbsY":6,"rawX":-14,"rawY":-6,"clippedAbsX":14,"clippedAbsY":6,"clippedX":-14,"clippedY":-6,"requestedAppliedX":-10.332,"requestedAppliedY":-4.428,"appliedX":-10.332,"appliedY":-4.428,"actualX":-10.5,"actualY":-4.5,"sensitivity":0.738,"currentZoomForScroll":1.0443850698041894,"maxScrollStepX":22,"maxScrollStepY":22,"diagonalEvents":2,"clippedEvents":0}
[DebugBridge +24692.2ms] wheel_scroll_motion {"eventCount":2,"rawAbsX":22,"rawAbsY":6,"rawX":-22,"rawY":-6,"clippedAbsX":22,"clippedAbsY":6,"clippedX":-22,"clippedY":-6,"requestedAppliedX":-16.236,"requestedAppliedY":-4.428,"appliedX":-16.236,"appliedY":-4.428,"actualX":-16.5,"actualY":-4.5,"sensitivity":0.738,"currentZoomForScroll":1.0443850698041894,"maxScrollStepX":22,"maxScrollStepY":22,"diagonalEvents":2,"clippedEvents":0}
[DebugBridge +24700.6ms] wheel_scroll_motion {"eventCount":2,"rawAbsX":22,"rawAbsY":4,"rawX":-22,"rawY":-4,"clippedAbsX":22,"clippedAbsY":4,"clippedX":-22,"clippedY":-4,"requestedAppliedX":-16.236,"requestedAppliedY":-2.952,"appliedX":-16.236,"appliedY":-2.952,"actualX":-16.5,"actualY":-3,"sensitivity":0.738,"currentZoomForScroll":1.0443850698041894,"maxScrollStepX":22,"maxScrollStepY":22,"diagonalEvents":2,"clippedEvents":0}
[DebugBridge +24708.2ms] wheel_scroll_motion {"eventCount":2,"rawAbsX":22,"rawAbsY":4,"rawX":-22,"rawY":-4,"clippedAbsX":22,"clippedAbsY":4,"clippedX":-22,"clippedY":-4,"requestedAppliedX":-16.236,"requestedAppliedY":-2.952,"appliedX":-16.236,"appliedY":-2.952,"actualX":-16.5,"actualY":-3,"sensitivity":0.738,"currentZoomForScroll":1.0443850698041894,"maxScrollStepX":22,"maxScrollStepY":22,"diagonalEvents":2,"clippedEvents":0}
[DebugBridge +24716.6ms] wheel_scroll_motion {"eventCount":2,"rawAbsX":24,"rawAbsY":0,"rawX":-24,"rawY":0,"clippedAbsX":24,"clippedAbsY":0,"clippedX":-24,"clippedY":0,"requestedAppliedX":-19.68,"requestedAppliedY":0,"appliedX":-19.68,"appliedY":0,"actualX":-20,"actualY":0,"sensitivity":0.82,"currentZoomForScroll":1.0443850698041894,"maxScrollStepX":22,"maxScrollStepY":22,"diagonalEvents":0,"clippedEvents":0}
[DebugBridge +24725.0ms] wheel_scroll_motion {"eventCount":2,"rawAbsX":26,"rawAbsY":4,"rawX":-26,"rawY":4,"clippedAbsX":26,"clippedAbsY":4,"clippedX":-26,"clippedY":4,"requestedAppliedX":-19.188000000000002,"requestedAppliedY":2.952,"appliedX":-19.188000000000002,"appliedY":2.952,"actualX":-19.5,"actualY":2.5,"sensitivity":0.738,"currentZoomForScroll":1.0443850698041894,"maxScrollStepX":22,"maxScrollStepY":22,"diagonalEvents":2,"clippedEvents":0}
[DebugBridge +24733.6ms] wheel_scroll_motion {"eventCount":2,"rawAbsX":22,"rawAbsY":4,"rawX":-22,"rawY":4,"clippedAbsX":22,"clippedAbsY":4,"clippedX":-22,"clippedY":4,"requestedAppliedX":-16.236,"requestedAppliedY":2.952,"appliedX":-16.236,"appliedY":2.952,"actualX":-16.5,"actualY":2.5,"sensitivity":0.738,"currentZoomForScroll":1.0443850698041894,"maxScrollStepX":22,"maxScrollStepY":22,"diagonalEvents":2,"clippedEvents":0}
[DebugBridge +24742.1ms] wheel_scroll_motion {"eventCount":2,"rawAbsX":34,"rawAbsY":6,"rawX":-34,"rawY":6,"clippedAbsX":34,"clippedAbsY":6,"clippedX":-34,"clippedY":6,"requestedAppliedX":-25.092,"requestedAppliedY":4.428,"appliedX":-22,"appliedY":4.428,"actualX":-22,"actualY":4,"sensitivity":0.738,"currentZoomForScroll":1.0443850698041894,"maxScrollStepX":22,"maxScrollStepY":22,"diagonalEvents":2,"clippedEvents":0}
[DebugBridge +24750.7ms] wheel_scroll_motion {"eventCount":1,"rawAbsX":10,"rawAbsY":2,"rawX":-10,"rawY":2,"clippedAbsX":10,"clippedAbsY":2,"clippedX":-10,"clippedY":2,"requestedAppliedX":-7.38,"requestedAppliedY":1.476,"appliedX":-7.38,"appliedY":1.476,"actualX":-7.5,"actualY":1,"sensitivity":0.738,"currentZoomForScroll":1.0443850698041894,"maxScrollStepX":22,"maxScrollStepY":22,"diagonalEvents":1,"clippedEvents":0}
[DebugBridge +24758.7ms] wheel_scroll_motion {"eventCount":1,"rawAbsX":10,"rawAbsY":4,"rawX":-10,"rawY":4,"clippedAbsX":10,"clippedAbsY":4,"clippedX":-10,"clippedY":4,"requestedAppliedX":-7.38,"requestedAppliedY":2.952,"appliedX":-7.38,"appliedY":2.952,"actualX":-6,"actualY":2.5,"sensitivity":0.738,"currentZoomForScroll":1.0443850698041894,"maxScrollStepX":22,"maxScrollStepY":22,"diagonalEvents":1,"clippedEvents":0}
[DebugBridge +24809.4ms] wheel_scroll_motion {"eventCount":3,"rawAbsX":54,"rawAbsY":40,"rawX":-54,"rawY":40,"clippedAbsX":50.9689563258415,"clippedAbsY":40,"clippedX":-50.9689563258415,"clippedY":40,"requestedAppliedX":-34.14878079162393,"requestedAppliedY":27.010799999999996,"appliedX":-22,"appliedY":22,"actualX":0,"actualY":22,"sensitivity":0.738,"currentZoomForScroll":1.0443850698041894,"maxScrollStepX":22,"maxScrollStepY":22,"diagonalEvents":3,"clippedEvents":1}
[DebugBridge +24817.2ms] wheel_scroll_motion {"eventCount":2,"rawAbsX":2,"rawAbsY":6,"rawX":-2,"rawY":6,"clippedAbsX":2,"clippedAbsY":6,"clippedX":-2,"clippedY":6,"requestedAppliedX":-1.476,"requestedAppliedY":4.756,"appliedX":-1.476,"appliedY":4.756,"actualX":0,"actualY":4.5,"sensitivity":0.82,"currentZoomForScroll":1.0443850698041894,"maxScrollStepX":22,"maxScrollStepY":22,"diagonalEvents":1,"clippedEvents":0}
[DebugBridge +24828.9ms] wheel_scroll_motion {"eventCount":2,"rawAbsX":0,"rawAbsY":6,"rawX":0,"rawY":6,"clippedAbsX":0,"clippedAbsY":6,"clippedX":0,"clippedY":6,"requestedAppliedX":0,"requestedAppliedY":4.92,"appliedX":0,"appliedY":4.92,"actualX":0,"actualY":4.5,"sensitivity":0.82,"currentZoomForScroll":1.0443850698041894,"maxScrollStepX":22,"maxScrollStepY":22,"diagonalEvents":0,"clippedEvents":0}
[DebugBridge +24837.3ms] wheel_scroll_motion {"eventCount":1,"rawAbsX":0,"rawAbsY":2,"rawX":0,"rawY":2,"clippedAbsX":0,"clippedAbsY":2,"clippedX":0,"clippedY":2,"requestedAppliedX":0,"requestedAppliedY":1.64,"appliedX":0,"appliedY":1.64,"actualX":0,"actualY":1.5,"sensitivity":0.82,"currentZoomForScroll":1.0443850698041894,"maxScrollStepX":22,"maxScrollStepY":22,"diagonalEvents":0,"clippedEvents":0}
[DebugBridge +24844.2ms] wheel_scroll_motion {"eventCount":1,"rawAbsX":6,"rawAbsY":6,"rawX":6,"rawY":6,"clippedAbsX":6,"clippedAbsY":6,"clippedX":6,"clippedY":6,"requestedAppliedX":4.428,"requestedAppliedY":4.428,"appliedX":4.428,"appliedY":4.428,"actualX":4,"actualY":4,"sensitivity":0.738,"currentZoomForScroll":1.0443850698041894,"maxScrollStepX":22,"maxScrollStepY":22,"diagonalEvents":1,"clippedEvents":0}
[DebugBridge +24851.6ms] wheel_scroll_motion {"eventCount":1,"rawAbsX":4,"rawAbsY":4,"rawX":4,"rawY":4,"clippedAbsX":4,"clippedAbsY":4,"clippedX":4,"clippedY":4,"requestedAppliedX":2.952,"requestedAppliedY":2.952,"appliedX":2.952,"appliedY":2.952,"actualX":2.5,"actualY":2.5,"sensitivity":0.738,"currentZoomForScroll":1.0443850698041894,"maxScrollStepX":22,"maxScrollStepY":22,"diagonalEvents":1,"clippedEvents":0}
[DebugBridge +24857.5ms] wheel_scroll_motion {"eventCount":2,"rawAbsX":10,"rawAbsY":10,"rawX":10,"rawY":10,"clippedAbsX":10,"clippedAbsY":10,"clippedX":10,"clippedY":10,"requestedAppliedX":7.38,"requestedAppliedY":7.38,"appliedX":7.38,"appliedY":7.38,"actualX":7,"actualY":7,"sensitivity":0.738,"currentZoomForScroll":1.0443850698041894,"maxScrollStepX":22,"maxScrollStepY":22,"diagonalEvents":2,"clippedEvents":0}
[DebugBridge +24867.6ms] wheel_scroll_motion {"eventCount":1,"rawAbsX":2,"rawAbsY":4,"rawX":2,"rawY":4,"clippedAbsX":2,"clippedAbsY":4,"clippedX":2,"clippedY":4,"requestedAppliedX":1.476,"requestedAppliedY":2.952,"appliedX":1.476,"appliedY":2.952,"actualX":1,"actualY":2.5,"sensitivity":0.738,"currentZoomForScroll":1.0443850698041894,"maxScrollStepX":22,"maxScrollStepY":22,"diagonalEvents":1,"clippedEvents":0}
[DebugBridge +24875.4ms] wheel_scroll_motion {"eventCount":1,"rawAbsX":2,"rawAbsY":4,"rawX":2,"rawY":4,"clippedAbsX":2,"clippedAbsY":4,"clippedX":2,"clippedY":4,"requestedAppliedX":1.476,"requestedAppliedY":2.952,"appliedX":1.476,"appliedY":2.952,"actualX":1,"actualY":2.5,"sensitivity":0.738,"currentZoomForScroll":1.0443850698041894,"maxScrollStepX":22,"maxScrollStepY":22,"diagonalEvents":1,"clippedEvents":0}
[DebugBridge +24886.5ms] wheel_scroll_motion {"eventCount":1,"rawAbsX":2,"rawAbsY":4,"rawX":2,"rawY":4,"clippedAbsX":2,"clippedAbsY":4,"clippedX":2,"clippedY":4,"requestedAppliedX":1.476,"requestedAppliedY":2.952,"appliedX":1.476,"appliedY":2.952,"actualX":1,"actualY":2.5,"sensitivity":0.738,"currentZoomForScroll":1.0443850698041894,"maxScrollStepX":22,"maxScrollStepY":22,"diagonalEvents":1,"clippedEvents":0}
[DebugBridge +24892.9ms] wheel_scroll_motion {"eventCount":1,"rawAbsX":2,"rawAbsY":6,"rawX":2,"rawY":6,"clippedAbsX":2,"clippedAbsY":6,"clippedX":2,"clippedY":6,"requestedAppliedX":1.476,"requestedAppliedY":4.428,"appliedX":1.476,"appliedY":4.428,"actualX":1,"actualY":4,"sensitivity":0.738,"currentZoomForScroll":1.0443850698041894,"maxScrollStepX":22,"maxScrollStepY":22,"diagonalEvents":1,"clippedEvents":0}
[DebugBridge +24900.9ms] wheel_scroll_motion {"eventCount":1,"rawAbsX":2,"rawAbsY":4,"rawX":2,"rawY":4,"clippedAbsX":2,"clippedAbsY":4,"clippedX":2,"clippedY":4,"requestedAppliedX":1.476,"requestedAppliedY":2.952,"appliedX":1.476,"appliedY":2.952,"actualX":1,"actualY":2.5,"sensitivity":0.738,"currentZoomForScroll":1.0443850698041894,"maxScrollStepX":22,"maxScrollStepY":22,"diagonalEvents":1,"clippedEvents":0}
[DebugBridge +24909.0ms] wheel_scroll_motion {"eventCount":1,"rawAbsX":2,"rawAbsY":4,"rawX":2,"rawY":4,"clippedAbsX":2,"clippedAbsY":4,"clippedX":2,"clippedY":4,"requestedAppliedX":1.476,"requestedAppliedY":2.952,"appliedX":1.476,"appliedY":2.952,"actualX":1,"actualY":2.5,"sensitivity":0.738,"currentZoomForScroll":1.0443850698041894,"maxScrollStepX":22,"maxScrollStepY":22,"diagonalEvents":1,"clippedEvents":0}
[DebugBridge +24932.1ms] wheel_scroll_motion {"eventCount":1,"rawAbsX":2,"rawAbsY":4,"rawX":2,"rawY":4,"clippedAbsX":2,"clippedAbsY":4,"clippedX":2,"clippedY":4,"requestedAppliedX":1.476,"requestedAppliedY":2.952,"appliedX":1.476,"appliedY":2.952,"actualX":1,"actualY":2.5,"sensitivity":0.738,"currentZoomForScroll":1.0443850698041894,"maxScrollStepX":22,"maxScrollStepY":22,"diagonalEvents":1,"clippedEvents":0}
[DebugBridge +24943.3ms] wheel_scroll_motion {"eventCount":1,"rawAbsX":2,"rawAbsY":6,"rawX":2,"rawY":6,"clippedAbsX":2,"clippedAbsY":6,"clippedX":2,"clippedY":6,"requestedAppliedX":1.476,"requestedAppliedY":4.428,"appliedX":1.476,"appliedY":4.428,"actualX":1,"actualY":4,"sensitivity":0.738,"currentZoomForScroll":1.0443850698041894,"maxScrollStepX":22,"maxScrollStepY":22,"diagonalEvents":1,"clippedEvents":0}
[DebugBridge +24960.6ms] wheel_scroll_motion {"eventCount":1,"rawAbsX":4,"rawAbsY":8,"rawX":4,"rawY":8,"clippedAbsX":4,"clippedAbsY":8,"clippedX":4,"clippedY":8,"requestedAppliedX":2.952,"requestedAppliedY":5.904,"appliedX":2.952,"appliedY":5.904,"actualX":2.5,"actualY":5.5,"sensitivity":0.738,"currentZoomForScroll":1.0443850698041894,"maxScrollStepX":22,"maxScrollStepY":22,"diagonalEvents":1,"clippedEvents":0}
[DebugBridge +24969.0ms] wheel_scroll_motion {"eventCount":1,"rawAbsX":4,"rawAbsY":8,"rawX":4,"rawY":8,"clippedAbsX":4,"clippedAbsY":8,"clippedX":4,"clippedY":8,"requestedAppliedX":2.952,"requestedAppliedY":5.904,"appliedX":2.952,"appliedY":5.904,"actualX":2.5,"actualY":5.5,"sensitivity":0.738,"currentZoomForScroll":1.0443850698041894,"maxScrollStepX":22,"maxScrollStepY":22,"diagonalEvents":1,"clippedEvents":0}
[DebugBridge +24975.0ms] wheel_scroll_motion {"eventCount":2,"rawAbsX":4,"rawAbsY":8,"rawX":4,"rawY":8,"clippedAbsX":4,"clippedAbsY":8,"clippedX":4,"clippedY":8,"requestedAppliedX":2.952,"requestedAppliedY":5.904,"appliedX":2.952,"appliedY":5.904,"actualX":2.5,"actualY":5.5,"sensitivity":0.738,"currentZoomForScroll":1.0443850698041894,"maxScrollStepX":22,"maxScrollStepY":22,"diagonalEvents":2,"clippedEvents":0}
[DebugBridge +24985.1ms] wheel_scroll_motion {"eventCount":1,"rawAbsX":2,"rawAbsY":4,"rawX":2,"rawY":4,"clippedAbsX":2,"clippedAbsY":4,"clippedX":2,"clippedY":4,"requestedAppliedX":1.476,"requestedAppliedY":2.952,"appliedX":1.476,"appliedY":2.952,"actualX":1,"actualY":2.5,"sensitivity":0.738,"currentZoomForScroll":1.0443850698041894,"maxScrollStepX":22,"maxScrollStepY":22,"diagonalEvents":1,"clippedEvents":0}
[DebugBridge +24994.9ms] wheel_scroll_motion {"eventCount":1,"rawAbsX":2,"rawAbsY":4,"rawX":2,"rawY":4,"clippedAbsX":2,"clippedAbsY":4,"clippedX":2,"clippedY":4,"requestedAppliedX":1.476,"requestedAppliedY":2.952,"appliedX":1.476,"appliedY":2.952,"actualX":1,"actualY":2.5,"sensitivity":0.738,"currentZoomForScroll":1.0443850698041894,"maxScrollStepX":22,"maxScrollStepY":22,"diagonalEvents":1,"clippedEvents":0}
[DebugBridge +25002.4ms] wheel_scroll_motion {"eventCount":1,"rawAbsX":2,"rawAbsY":4,"rawX":2,"rawY":4,"clippedAbsX":2,"clippedAbsY":4,"clippedX":2,"clippedY":4,"requestedAppliedX":1.476,"requestedAppliedY":2.952,"appliedX":1.476,"appliedY":2.952,"actualX":1,"actualY":2.5,"sensitivity":0.738,"currentZoomForScroll":1.0443850698041894,"maxScrollStepX":22,"maxScrollStepY":22,"diagonalEvents":1,"clippedEvents":0}
[DebugBridge +25193.2ms] wheel_scroll_motion {"eventCount":2,"rawAbsX":2,"rawAbsY":6,"rawX":2,"rawY":6,"clippedAbsX":2,"clippedAbsY":6,"clippedX":2,"clippedY":6,"requestedAppliedX":1.476,"requestedAppliedY":4.592,"appliedX":1.476,"appliedY":4.592,"actualX":1,"actualY":4.5,"sensitivity":0.82,"currentZoomForScroll":1.0443850698041894,"maxScrollStepX":22,"maxScrollStepY":22,"diagonalEvents":1,"clippedEvents":0}
[DebugBridge +25198.9ms] wheel_scroll_motion {"eventCount":1,"rawAbsX":12,"rawAbsY":866,"rawX":12,"rawY":866,"clippedAbsX":12,"clippedAbsY":46.9689563258415,"clippedX":12,"clippedY":46.9689563258415,"requestedAppliedX":7.9704,"requestedAppliedY":31.196780791623926,"appliedX":7.9704,"appliedY":22,"actualX":7.5,"actualY":22,"sensitivity":0.6642,"currentZoomForScroll":1.0443850698041894,"maxScrollStepX":22,"maxScrollStepY":22,"diagonalEvents":1,"clippedEvents":1}
[DebugBridge +25202.9ms] wheel_scroll_motion {"eventCount":1,"rawAbsX":0,"rawAbsY":124,"rawX":0,"rawY":124,"clippedAbsX":0,"clippedAbsY":46.9689563258415,"clippedX":0,"clippedY":46.9689563258415,"requestedAppliedX":0,"requestedAppliedY":34.66308976847103,"appliedX":0,"appliedY":22,"actualX":0,"actualY":22,"sensitivity":0.738,"currentZoomForScroll":1.0443850698041894,"maxScrollStepX":22,"maxScrollStepY":22,"diagonalEvents":0,"clippedEvents":1}
[DebugBridge +25212.8ms] wheel_scroll_motion {"eventCount":1,"rawAbsX":0,"rawAbsY":568,"rawX":0,"rawY":568,"clippedAbsX":0,"clippedAbsY":46.9689563258415,"clippedX":0,"clippedY":46.9689563258415,"requestedAppliedX":0,"requestedAppliedY":34.66308976847103,"appliedX":0,"appliedY":22,"actualX":0,"actualY":22,"sensitivity":0.738,"currentZoomForScroll":1.0443850698041894,"maxScrollStepX":22,"maxScrollStepY":22,"diagonalEvents":0,"clippedEvents":1}
[DebugBridge +25218.1ms] wheel_scroll_motion {"eventCount":1,"rawAbsX":0,"rawAbsY":134,"rawX":0,"rawY":134,"clippedAbsX":0,"clippedAbsY":46.9689563258415,"clippedX":0,"clippedY":46.9689563258415,"requestedAppliedX":0,"requestedAppliedY":34.66308976847103,"appliedX":0,"appliedY":22,"actualX":0,"actualY":22,"sensitivity":0.738,"currentZoomForScroll":1.0443850698041894,"maxScrollStepX":22,"maxScrollStepY":22,"diagonalEvents":0,"clippedEvents":1}
[DebugBridge +25225.3ms] wheel_scroll_motion {"eventCount":1,"rawAbsX":0,"rawAbsY":126,"rawX":0,"rawY":126,"clippedAbsX":0,"clippedAbsY":46.9689563258415,"clippedX":0,"clippedY":46.9689563258415,"requestedAppliedX":0,"requestedAppliedY":34.66308976847103,"appliedX":0,"appliedY":22,"actualX":0,"actualY":22,"sensitivity":0.738,"currentZoomForScroll":1.0443850698041894,"maxScrollStepX":22,"maxScrollStepY":22,"diagonalEvents":0,"clippedEvents":1}
[DebugBridge +25234.7ms] wheel_scroll_motion {"eventCount":1,"rawAbsX":0,"rawAbsY":122,"rawX":0,"rawY":122,"clippedAbsX":0,"clippedAbsY":46.9689563258415,"clippedX":0,"clippedY":46.9689563258415,"requestedAppliedX":0,"requestedAppliedY":34.66308976847103,"appliedX":0,"appliedY":22,"actualX":0,"actualY":22,"sensitivity":0.738,"currentZoomForScroll":1.0443850698041894,"maxScrollStepX":22,"maxScrollStepY":22,"diagonalEvents":0,"clippedEvents":1}
[DebugBridge +25253.0ms] wheel_scroll_motion {"eventCount":1,"rawAbsX":0,"rawAbsY":122,"rawX":0,"rawY":122,"clippedAbsX":0,"clippedAbsY":46.9689563258415,"clippedX":0,"clippedY":46.9689563258415,"requestedAppliedX":0,"requestedAppliedY":34.66308976847103,"appliedX":0,"appliedY":22,"actualX":0,"actualY":22,"sensitivity":0.738,"currentZoomForScroll":1.0443850698041894,"maxScrollStepX":22,"maxScrollStepY":22,"diagonalEvents":0,"clippedEvents":1}
[DebugBridge +25265.0ms] wheel_scroll_motion {"eventCount":1,"rawAbsX":0,"rawAbsY":116,"rawX":0,"rawY":116,"clippedAbsX":0,"clippedAbsY":46.9689563258415,"clippedX":0,"clippedY":46.9689563258415,"requestedAppliedX":0,"requestedAppliedY":34.66308976847103,"appliedX":0,"appliedY":22,"actualX":0,"actualY":22,"sensitivity":0.738,"currentZoomForScroll":1.0443850698041894,"maxScrollStepX":22,"maxScrollStepY":22,"diagonalEvents":0,"clippedEvents":1}
[DebugBridge +25272.0ms] wheel_scroll_motion {"eventCount":1,"rawAbsX":0,"rawAbsY":230,"rawX":0,"rawY":230,"clippedAbsX":0,"clippedAbsY":46.9689563258415,"clippedX":0,"clippedY":46.9689563258415,"requestedAppliedX":0,"requestedAppliedY":34.66308976847103,"appliedX":0,"appliedY":22,"actualX":0,"actualY":22,"sensitivity":0.738,"currentZoomForScroll":1.0443850698041894,"maxScrollStepX":22,"maxScrollStepY":22,"diagonalEvents":0,"clippedEvents":1}
[DebugBridge +25278.8ms] wheel_scroll_motion {"eventCount":1,"rawAbsX":0,"rawAbsY":108,"rawX":0,"rawY":108,"clippedAbsX":0,"clippedAbsY":46.9689563258415,"clippedX":0,"clippedY":46.9689563258415,"requestedAppliedX":0,"requestedAppliedY":34.66308976847103,"appliedX":0,"appliedY":22,"actualX":0,"actualY":22,"sensitivity":0.738,"currentZoomForScroll":1.0443850698041894,"maxScrollStepX":22,"maxScrollStepY":22,"diagonalEvents":0,"clippedEvents":1}
[DebugBridge +25285.0ms] wheel_scroll_motion {"eventCount":1,"rawAbsX":0,"rawAbsY":108,"rawX":0,"rawY":108,"clippedAbsX":0,"clippedAbsY":46.9689563258415,"clippedX":0,"clippedY":46.9689563258415,"requestedAppliedX":0,"requestedAppliedY":34.66308976847103,"appliedX":0,"appliedY":22,"actualX":0,"actualY":22,"sensitivity":0.738,"currentZoomForScroll":1.0443850698041894,"maxScrollStepX":22,"maxScrollStepY":22,"diagonalEvents":0,"clippedEvents":1}
[DebugBridge +25292.2ms] wheel_scroll_motion {"eventCount":1,"rawAbsX":0,"rawAbsY":106,"rawX":0,"rawY":106,"clippedAbsX":0,"clippedAbsY":46.9689563258415,"clippedX":0,"clippedY":46.9689563258415,"requestedAppliedX":0,"requestedAppliedY":34.66308976847103,"appliedX":0,"appliedY":22,"actualX":0,"actualY":22,"sensitivity":0.738,"currentZoomForScroll":1.0443850698041894,"maxScrollStepX":22,"maxScrollStepY":22,"diagonalEvents":0,"clippedEvents":1}
[DebugBridge +25301.8ms] wheel_scroll_motion {"eventCount":1,"rawAbsX":0,"rawAbsY":104,"rawX":0,"rawY":104,"clippedAbsX":0,"clippedAbsY":46.9689563258415,"clippedX":0,"clippedY":46.9689563258415,"requestedAppliedX":0,"requestedAppliedY":34.66308976847103,"appliedX":0,"appliedY":22,"actualX":0,"actualY":22,"sensitivity":0.738,"currentZoomForScroll":1.0443850698041894,"maxScrollStepX":22,"maxScrollStepY":22,"diagonalEvents":0,"clippedEvents":1}
[DebugBridge +25310.6ms] wheel_scroll_motion {"eventCount":1,"rawAbsX":0,"rawAbsY":100,"rawX":0,"rawY":100,"clippedAbsX":0,"clippedAbsY":46.9689563258415,"clippedX":0,"clippedY":46.9689563258415,"requestedAppliedX":0,"requestedAppliedY":34.66308976847103,"appliedX":0,"appliedY":22,"actualX":0,"actualY":22,"sensitivity":0.738,"currentZoomForScroll":1.0443850698041894,"maxScrollStepX":22,"maxScrollStepY":22,"diagonalEvents":0,"clippedEvents":1}
[DebugBridge +25317.2ms] wheel_scroll_motion {"eventCount":1,"rawAbsX":0,"rawAbsY":100,"rawX":0,"rawY":100,"clippedAbsX":0,"clippedAbsY":46.9689563258415,"clippedX":0,"clippedY":46.9689563258415,"requestedAppliedX":0,"requestedAppliedY":34.66308976847103,"appliedX":0,"appliedY":22,"actualX":0,"actualY":22,"sensitivity":0.738,"currentZoomForScroll":1.0443850698041894,"maxScrollStepX":22,"maxScrollStepY":22,"diagonalEvents":0,"clippedEvents":1}
[DebugBridge +25325.9ms] wheel_scroll_motion {"eventCount":1,"rawAbsX":0,"rawAbsY":94,"rawX":0,"rawY":94,"clippedAbsX":0,"clippedAbsY":46.9689563258415,"clippedX":0,"clippedY":46.9689563258415,"requestedAppliedX":0,"requestedAppliedY":34.66308976847103,"appliedX":0,"appliedY":22,"actualX":0,"actualY":22,"sensitivity":0.738,"currentZoomForScroll":1.0443850698041894,"maxScrollStepX":22,"maxScrollStepY":22,"diagonalEvents":0,"clippedEvents":1}
[DebugBridge +25335.5ms] wheel_scroll_motion {"eventCount":1,"rawAbsX":0,"rawAbsY":96,"rawX":0,"rawY":96,"clippedAbsX":0,"clippedAbsY":46.9689563258415,"clippedX":0,"clippedY":46.9689563258415,"requestedAppliedX":0,"requestedAppliedY":34.66308976847103,"appliedX":0,"appliedY":22,"actualX":0,"actualY":22,"sensitivity":0.738,"currentZoomForScroll":1.0443850698041894,"maxScrollStepX":22,"maxScrollStepY":22,"diagonalEvents":0,"clippedEvents":1}
[DebugBridge +25344.4ms] wheel_scroll_motion {"eventCount":1,"rawAbsX":0,"rawAbsY":90,"rawX":0,"rawY":90,"clippedAbsX":0,"clippedAbsY":46.9689563258415,"clippedX":0,"clippedY":46.9689563258415,"requestedAppliedX":0,"requestedAppliedY":34.66308976847103,"appliedX":0,"appliedY":22,"actualX":0,"actualY":22,"sensitivity":0.738,"currentZoomForScroll":1.0443850698041894,"maxScrollStepX":22,"maxScrollStepY":22,"diagonalEvents":0,"clippedEvents":1}
[DebugBridge +25358.0ms] wheel_scroll_motion {"eventCount":1,"rawAbsX":0,"rawAbsY":90,"rawX":0,"rawY":90,"clippedAbsX":0,"clippedAbsY":46.9689563258415,"clippedX":0,"clippedY":46.9689563258415,"requestedAppliedX":0,"requestedAppliedY":34.66308976847103,"appliedX":0,"appliedY":22,"actualX":0,"actualY":22,"sensitivity":0.738,"currentZoomForScroll":1.0443850698041894,"maxScrollStepX":22,"maxScrollStepY":22,"diagonalEvents":0,"clippedEvents":1}
[DebugBridge +25364.8ms] wheel_scroll_motion {"eventCount":1,"rawAbsX":0,"rawAbsY":86,"rawX":0,"rawY":86,"clippedAbsX":0,"clippedAbsY":46.9689563258415,"clippedX":0,"clippedY":46.9689563258415,"requestedAppliedX":0,"requestedAppliedY":34.66308976847103,"appliedX":0,"appliedY":22,"actualX":0,"actualY":22,"sensitivity":0.738,"currentZoomForScroll":1.0443850698041894,"maxScrollStepX":22,"maxScrollStepY":22,"diagonalEvents":0,"clippedEvents":1}
[DebugBridge +25370.2ms] page_visit_start {"page":8,"pageCount":36,"revisited":false,"hasContainer":true,"hasPdfSurface":true,"spinnerVisible":false,"hasAnnotationOverlay":true,"ready":true}
[DebugBridge +25380.3ms] wheel_scroll_motion {"eventCount":1,"rawAbsX":0,"rawAbsY":86,"rawX":0,"rawY":86,"clippedAbsX":0,"clippedAbsY":46.9689563258415,"clippedX":0,"clippedY":46.9689563258415,"requestedAppliedX":0,"requestedAppliedY":34.66308976847103,"appliedX":0,"appliedY":22,"actualX":0,"actualY":22,"sensitivity":0.738,"currentZoomForScroll":1.0443850698041894,"maxScrollStepX":22,"maxScrollStepY":22,"diagonalEvents":0,"clippedEvents":1}
[DebugBridge +25381.3ms] page_visit_ready {"page":8,"pageCount":36,"revisited":false,"waitMs":11,"hasContainer":true,"hasPdfSurface":true,"spinnerVisible":false,"hasAnnotationOverlay":true,"ready":true}
[DebugBridge +25398.7ms] wheel_scroll_motion {"eventCount":1,"rawAbsX":0,"rawAbsY":82,"rawX":0,"rawY":82,"clippedAbsX":0,"clippedAbsY":46.9689563258415,"clippedX":0,"clippedY":46.9689563258415,"requestedAppliedX":0,"requestedAppliedY":34.66308976847103,"appliedX":0,"appliedY":22,"actualX":0,"actualY":22,"sensitivity":0.738,"currentZoomForScroll":1.0443850698041894,"maxScrollStepX":22,"maxScrollStepY":22,"diagonalEvents":0,"clippedEvents":1}
[DebugBridge +25650.1ms] wheel_scroll_motion {"eventCount":1,"rawAbsX":0,"rawAbsY":160,"rawX":0,"rawY":160,"clippedAbsX":0,"clippedAbsY":46.9689563258415,"clippedX":0,"clippedY":46.9689563258415,"requestedAppliedX":0,"requestedAppliedY":34.66308976847103,"appliedX":0,"appliedY":22,"actualX":0,"actualY":22,"sensitivity":0.738,"currentZoomForScroll":1.0443850698041894,"maxScrollStepX":22,"maxScrollStepY":22,"diagonalEvents":0,"clippedEvents":1}
[DebugBridge +25670.9ms] wheel_scroll_motion {"eventCount":1,"rawAbsX":0,"rawAbsY":536,"rawX":0,"rawY":536,"clippedAbsX":0,"clippedAbsY":46.9689563258415,"clippedX":0,"clippedY":46.9689563258415,"requestedAppliedX":0,"requestedAppliedY":34.66308976847103,"appliedX":0,"appliedY":22,"actualX":0,"actualY":22,"sensitivity":0.738,"currentZoomForScroll":1.0443850698041894,"maxScrollStepX":22,"maxScrollStepY":22,"diagonalEvents":0,"clippedEvents":1}
[SVGAnnotationLayer] setRotInputVisible(false) reason=selectedIds.size !== 1
[DebugBridge +25868.9ms] wheel_scroll_motion {"eventCount":2,"rawAbsX":16,"rawAbsY":536,"rawX":16,"rawY":536,"clippedAbsX":16,"clippedAbsY":78.9689563258415,"clippedX":16,"clippedY":78.9689563258415,"requestedAppliedX":10.6272,"requestedAppliedY":57.436780791623924,"appliedX":10.6272,"appliedY":22,"actualX":10.5,"actualY":22,"sensitivity":0.6642,"currentZoomForScroll":1.0443850698041894,"maxScrollStepX":22,"maxScrollStepY":22,"diagonalEvents":1,"clippedEvents":1}
[DebugBridge +25875.3ms] wheel_scroll_motion {"eventCount":1,"rawAbsX":0,"rawAbsY":48,"rawX":0,"rawY":48,"clippedAbsX":0,"clippedAbsY":46.9689563258415,"clippedX":0,"clippedY":46.9689563258415,"requestedAppliedX":0,"requestedAppliedY":34.66308976847103,"appliedX":0,"appliedY":22,"actualX":0,"actualY":22,"sensitivity":0.738,"currentZoomForScroll":1.0443850698041894,"maxScrollStepX":22,"maxScrollStepY":22,"diagonalEvents":0,"clippedEvents":1}
[DebugBridge +25891.7ms] wheel_scroll_motion {"eventCount":1,"rawAbsX":0,"rawAbsY":1348,"rawX":0,"rawY":1348,"clippedAbsX":0,"clippedAbsY":46.9689563258415,"clippedX":0,"clippedY":46.9689563258415,"requestedAppliedX":0,"requestedAppliedY":34.66308976847103,"appliedX":0,"appliedY":22,"actualX":0,"actualY":22,"sensitivity":0.738,"currentZoomForScroll":1.0443850698041894,"maxScrollStepX":22,"maxScrollStepY":22,"diagonalEvents":0,"clippedEvents":1}
[DebugBridge +26095.4ms] wheel_scroll_motion {"eventCount":1,"rawAbsX":2,"rawAbsY":0,"rawX":2,"rawY":0,"clippedAbsX":2,"clippedAbsY":0,"clippedX":2,"clippedY":0,"requestedAppliedX":1.64,"requestedAppliedY":0,"appliedX":1.64,"appliedY":0,"actualX":1.5,"actualY":0,"sensitivity":0.82,"currentZoomForScroll":1.0443850698041894,"maxScrollStepX":22,"maxScrollStepY":22,"diagonalEvents":0,"clippedEvents":0}
[DebugBridge +26104.1ms] wheel_scroll_motion {"eventCount":1,"rawAbsX":84,"rawAbsY":28,"rawX":84,"rawY":-28,"clippedAbsX":46.9689563258415,"clippedAbsY":28,"clippedX":46.9689563258415,"clippedY":-28,"requestedAppliedX":31.196780791623926,"requestedAppliedY":-18.5976,"appliedX":22,"appliedY":-18.5976,"actualX":22,"actualY":-19,"sensitivity":0.6642,"currentZoomForScroll":1.0443850698041894,"maxScrollStepX":22,"maxScrollStepY":22,"diagonalEvents":1,"clippedEvents":1}
[DebugBridge +26111.7ms] wheel_scroll_motion {"eventCount":1,"rawAbsX":16,"rawAbsY":6,"rawX":16,"rawY":-6,"clippedAbsX":16,"clippedAbsY":6,"clippedX":16,"clippedY":-6,"requestedAppliedX":11.808,"requestedAppliedY":-4.428,"appliedX":11.808,"appliedY":-4.428,"actualX":11.5,"actualY":-4.5,"sensitivity":0.738,"currentZoomForScroll":1.0443850698041894,"maxScrollStepX":22,"maxScrollStepY":22,"diagonalEvents":1,"clippedEvents":0}
[DebugBridge +26118.6ms] wheel_scroll_motion {"eventCount":1,"rawAbsX":8,"rawAbsY":2,"rawX":8,"rawY":-2,"clippedAbsX":8,"clippedAbsY":2,"clippedX":8,"clippedY":-2,"requestedAppliedX":5.904,"requestedAppliedY":-1.476,"appliedX":5.904,"appliedY":-1.476,"actualX":5.5,"actualY":-1.5,"sensitivity":0.738,"currentZoomForScroll":1.0443850698041894,"maxScrollStepX":22,"maxScrollStepY":22,"diagonalEvents":1,"clippedEvents":0}
[DebugBridge +26127.5ms] wheel_scroll_motion {"eventCount":2,"rawAbsX":16,"rawAbsY":8,"rawX":16,"rawY":-8,"clippedAbsX":16,"clippedAbsY":8,"clippedX":16,"clippedY":-8,"requestedAppliedX":11.808,"requestedAppliedY":-5.904,"appliedX":11.808,"appliedY":-5.904,"actualX":11.5,"actualY":-6,"sensitivity":0.738,"currentZoomForScroll":1.0443850698041894,"maxScrollStepX":22,"maxScrollStepY":22,"diagonalEvents":2,"clippedEvents":0}
[DebugBridge +26141.6ms] wheel_scroll_motion {"eventCount":2,"rawAbsX":8,"rawAbsY":4,"rawX":8,"rawY":-4,"clippedAbsX":8,"clippedAbsY":4,"clippedX":8,"clippedY":-4,"requestedAppliedX":5.904,"requestedAppliedY":-2.952,"appliedX":5.904,"appliedY":-2.952,"actualX":5.5,"actualY":-3,"sensitivity":0.738,"currentZoomForScroll":1.0443850698041894,"maxScrollStepX":22,"maxScrollStepY":22,"diagonalEvents":2,"clippedEvents":0}
[DebugBridge +26152.6ms] wheel_scroll_motion {"eventCount":1,"rawAbsX":8,"rawAbsY":2,"rawX":8,"rawY":-2,"clippedAbsX":8,"clippedAbsY":2,"clippedX":8,"clippedY":-2,"requestedAppliedX":5.904,"requestedAppliedY":-1.476,"appliedX":5.904,"appliedY":-1.476,"actualX":5.5,"actualY":-1.5,"sensitivity":0.738,"currentZoomForScroll":1.0443850698041894,"maxScrollStepX":22,"maxScrollStepY":22,"diagonalEvents":1,"clippedEvents":0}
[DebugBridge +26162.6ms] wheel_scroll_motion {"eventCount":1,"rawAbsX":8,"rawAbsY":2,"rawX":8,"rawY":2,"clippedAbsX":8,"clippedAbsY":2,"clippedX":8,"clippedY":2,"requestedAppliedX":5.904,"requestedAppliedY":1.476,"appliedX":5.904,"appliedY":1.476,"actualX":5.5,"actualY":1,"sensitivity":0.738,"currentZoomForScroll":1.0443850698041894,"maxScrollStepX":22,"maxScrollStepY":22,"diagonalEvents":1,"clippedEvents":0}
[DebugBridge +26172.6ms] wheel_scroll_motion {"eventCount":1,"rawAbsX":6,"rawAbsY":4,"rawX":6,"rawY":4,"clippedAbsX":6,"clippedAbsY":4,"clippedX":6,"clippedY":4,"requestedAppliedX":4.428,"requestedAppliedY":2.952,"appliedX":4.428,"appliedY":2.952,"actualX":4,"actualY":2.5,"sensitivity":0.738,"currentZoomForScroll":1.0443850698041894,"maxScrollStepX":22,"maxScrollStepY":22,"diagonalEvents":1,"clippedEvents":0}
[DebugBridge +26180.5ms] wheel_scroll_motion {"eventCount":1,"rawAbsX":8,"rawAbsY":4,"rawX":8,"rawY":4,"clippedAbsX":8,"clippedAbsY":4,"clippedX":8,"clippedY":4,"requestedAppliedX":5.904,"requestedAppliedY":2.952,"appliedX":5.904,"appliedY":2.952,"actualX":5.5,"actualY":2.5,"sensitivity":0.738,"currentZoomForScroll":1.0443850698041894,"maxScrollStepX":22,"maxScrollStepY":22,"diagonalEvents":1,"clippedEvents":0}
[DebugBridge +26189.0ms] wheel_scroll_motion {"eventCount":1,"rawAbsX":8,"rawAbsY":0,"rawX":8,"rawY":0,"clippedAbsX":8,"clippedAbsY":0,"clippedX":8,"clippedY":0,"requestedAppliedX":6.56,"requestedAppliedY":0,"appliedX":6.56,"appliedY":0,"actualX":6.5,"actualY":0,"sensitivity":0.82,"currentZoomForScroll":1.0443850698041894,"maxScrollStepX":22,"maxScrollStepY":22,"diagonalEvents":0,"clippedEvents":0}
[DebugBridge +26199.8ms] wheel_scroll_motion {"eventCount":2,"rawAbsX":20,"rawAbsY":0,"rawX":20,"rawY":0,"clippedAbsX":20,"clippedAbsY":0,"clippedX":20,"clippedY":0,"requestedAppliedX":16.4,"requestedAppliedY":0,"appliedX":16.4,"appliedY":0,"actualX":16,"actualY":0,"sensitivity":0.82,"currentZoomForScroll":1.0443850698041894,"maxScrollStepX":22,"maxScrollStepY":22,"diagonalEvents":0,"clippedEvents":0}
[DebugBridge +26362.0ms] wheel_scroll_motion {"eventCount":2,"rawAbsX":20,"rawAbsY":0,"rawX":20,"rawY":0,"clippedAbsX":20,"clippedAbsY":0,"clippedX":20,"clippedY":0,"requestedAppliedX":16.4,"requestedAppliedY":0,"appliedX":16.4,"appliedY":0,"actualX":16,"actualY":0,"sensitivity":0.82,"currentZoomForScroll":1.0443850698041894,"maxScrollStepX":22,"maxScrollStepY":22,"diagonalEvents":0,"clippedEvents":0}
[DebugBridge +26373.2ms] wheel_scroll_motion {"eventCount":2,"rawAbsX":160,"rawAbsY":0,"rawX":160,"rawY":0,"clippedAbsX":52.9689563258415,"clippedAbsY":0,"clippedX":52.9689563258415,"clippedY":0,"requestedAppliedX":39.583089768471034,"requestedAppliedY":0,"appliedX":22,"appliedY":0,"actualX":22,"actualY":0,"sensitivity":0.82,"currentZoomForScroll":1.0443850698041894,"maxScrollStepX":22,"maxScrollStepY":22,"diagonalEvents":0,"clippedEvents":1}
[DebugBridge +26382.4ms] wheel_scroll_motion {"eventCount":1,"rawAbsX":6,"rawAbsY":0,"rawX":6,"rawY":0,"clippedAbsX":6,"clippedAbsY":0,"clippedX":6,"clippedY":0,"requestedAppliedX":4.92,"requestedAppliedY":0,"appliedX":4.92,"appliedY":0,"actualX":4.5,"actualY":0,"sensitivity":0.82,"currentZoomForScroll":1.0443850698041894,"maxScrollStepX":22,"maxScrollStepY":22,"diagonalEvents":0,"clippedEvents":0}
[DebugBridge +26388.8ms] wheel_scroll_motion {"eventCount":1,"rawAbsX":6,"rawAbsY":0,"rawX":6,"rawY":0,"clippedAbsX":6,"clippedAbsY":0,"clippedX":6,"clippedY":0,"requestedAppliedX":4.92,"requestedAppliedY":0,"appliedX":4.92,"appliedY":0,"actualX":4.5,"actualY":0,"sensitivity":0.82,"currentZoomForScroll":1.0443850698041894,"maxScrollStepX":22,"maxScrollStepY":22,"diagonalEvents":0,"clippedEvents":0}
[DebugBridge +26400.6ms] wheel_scroll_motion {"eventCount":1,"rawAbsX":6,"rawAbsY":0,"rawX":6,"rawY":0,"clippedAbsX":6,"clippedAbsY":0,"clippedX":6,"clippedY":0,"requestedAppliedX":4.92,"requestedAppliedY":0,"appliedX":4.92,"appliedY":0,"actualX":4.5,"actualY":0,"sensitivity":0.82,"currentZoomForScroll":1.0443850698041894,"maxScrollStepX":22,"maxScrollStepY":22,"diagonalEvents":0,"clippedEvents":0}
[DebugBridge +26410.5ms] wheel_scroll_motion {"eventCount":1,"rawAbsX":6,"rawAbsY":0,"rawX":6,"rawY":0,"clippedAbsX":6,"clippedAbsY":0,"clippedX":6,"clippedY":0,"requestedAppliedX":4.92,"requestedAppliedY":0,"appliedX":4.92,"appliedY":0,"actualX":4.5,"actualY":0,"sensitivity":0.82,"currentZoomForScroll":1.0443850698041894,"maxScrollStepX":22,"maxScrollStepY":22,"diagonalEvents":0,"clippedEvents":0}
[DebugBridge +26417.2ms] wheel_scroll_motion {"eventCount":1,"rawAbsX":6,"rawAbsY":0,"rawX":6,"rawY":0,"clippedAbsX":6,"clippedAbsY":0,"clippedX":6,"clippedY":0,"requestedAppliedX":4.92,"requestedAppliedY":0,"appliedX":4.92,"appliedY":0,"actualX":4.5,"actualY":0,"sensitivity":0.82,"currentZoomForScroll":1.0443850698041894,"maxScrollStepX":22,"maxScrollStepY":22,"diagonalEvents":0,"clippedEvents":0}
[DebugBridge +26426.4ms] wheel_scroll_motion {"eventCount":1,"rawAbsX":6,"rawAbsY":0,"rawX":6,"rawY":0,"clippedAbsX":6,"clippedAbsY":0,"clippedX":6,"clippedY":0,"requestedAppliedX":4.92,"requestedAppliedY":0,"appliedX":4.92,"appliedY":0,"actualX":4.5,"actualY":0,"sensitivity":0.82,"currentZoomForScroll":1.0443850698041894,"maxScrollStepX":22,"maxScrollStepY":22,"diagonalEvents":0,"clippedEvents":0}
[DebugBridge +26434.6ms] wheel_scroll_motion {"eventCount":1,"rawAbsX":4,"rawAbsY":0,"rawX":4,"rawY":0,"clippedAbsX":4,"clippedAbsY":0,"clippedX":4,"clippedY":0,"requestedAppliedX":3.28,"requestedAppliedY":0,"appliedX":3.28,"appliedY":0,"actualX":3,"actualY":0,"sensitivity":0.82,"currentZoomForScroll":1.0443850698041894,"maxScrollStepX":22,"maxScrollStepY":22,"diagonalEvents":0,"clippedEvents":0}
[DebugBridge +26445.0ms] wheel_scroll_motion {"eventCount":1,"rawAbsX":4,"rawAbsY":0,"rawX":4,"rawY":0,"clippedAbsX":4,"clippedAbsY":0,"clippedX":4,"clippedY":0,"requestedAppliedX":3.28,"requestedAppliedY":0,"appliedX":3.28,"appliedY":0,"actualX":3,"actualY":0,"sensitivity":0.82,"currentZoomForScroll":1.0443850698041894,"maxScrollStepX":22,"maxScrollStepY":22,"diagonalEvents":0,"clippedEvents":0}
[DebugBridge +26452.4ms] wheel_scroll_motion {"eventCount":1,"rawAbsX":4,"rawAbsY":0,"rawX":4,"rawY":0,"clippedAbsX":4,"clippedAbsY":0,"clippedX":4,"clippedY":0,"requestedAppliedX":3.28,"requestedAppliedY":0,"appliedX":3.28,"appliedY":0,"actualX":3,"actualY":0,"sensitivity":0.82,"currentZoomForScroll":1.0443850698041894,"maxScrollStepX":22,"maxScrollStepY":22,"diagonalEvents":0,"clippedEvents":0}
[DebugBridge +26460.9ms] wheel_scroll_motion {"eventCount":1,"rawAbsX":4,"rawAbsY":0,"rawX":4,"rawY":0,"clippedAbsX":4,"clippedAbsY":0,"clippedX":4,"clippedY":0,"requestedAppliedX":3.28,"requestedAppliedY":0,"appliedX":3.28,"appliedY":0,"actualX":3,"actualY":0,"sensitivity":0.82,"currentZoomForScroll":1.0443850698041894,"maxScrollStepX":22,"maxScrollStepY":22,"diagonalEvents":0,"clippedEvents":0}
[DebugBridge +26469.5ms] wheel_scroll_motion {"eventCount":1,"rawAbsX":4,"rawAbsY":0,"rawX":4,"rawY":0,"clippedAbsX":4,"clippedAbsY":0,"clippedX":4,"clippedY":0,"requestedAppliedX":3.28,"requestedAppliedY":0,"appliedX":3.28,"appliedY":0,"actualX":3,"actualY":0,"sensitivity":0.82,"currentZoomForScroll":1.0443850698041894,"maxScrollStepX":22,"maxScrollStepY":22,"diagonalEvents":0,"clippedEvents":0}
[DebugBridge +26685.9ms] zoom_wheel_request {"rawDeltaY":2.977602243423462,"reportedZoom":104,"trustedReactZoom":104.43850698041895,"currentZoom":104.43850698041895,"reportedCurrentZoom":104,"nextZoom":105.12490064583325,"requestedDeltaAbs":0.6863936654143004,"reportedLagAbs":0.43850698041894987,"rawGetZoomValue":104,"rawViewerZoomValue":104,"rawMagnificationZoom":null,"correctedSuspiciousZoom":false}
[DebugBridge +26686.1ms] zoom_start {"scale":1.0443850698041894,"source":"overlay_wheel_zoom_pre","reportedScale":1.04,"correctedSuspiciousZoom":false}
[DebugBridge +26900.1ms] zoom_wheel_request {"rawDeltaY":156.34097290039062,"reportedZoom":105,"trustedReactZoom":105.12490064583324,"currentZoom":105.12490064583324,"reportedCurrentZoom":105,"nextZoom":129.12490064583324,"requestedDeltaAbs":24,"reportedLagAbs":0.12490064583323601,"rawGetZoomValue":105,"rawViewerZoomValue":105,"rawMagnificationZoom":null,"correctedSuspiciousZoom":false}
[DebugBridge +27267.1ms] zoom_wheel_request {"rawDeltaY":5.32698392868042,"reportedZoom":129,"trustedReactZoom":129.12490064583324,"currentZoom":129.12490064583324,"reportedCurrentZoom":129,"nextZoom":130.64706441556802,"requestedDeltaAbs":1.5221637697347887,"reportedLagAbs":0.12490064583323601,"rawGetZoomValue":129,"rawViewerZoomValue":129,"rawMagnificationZoom":null,"correctedSuspiciousZoom":false}
[DebugBridge +27509.5ms] zoom_wheel_request {"rawDeltaY":190.91774678230286,"reportedZoom":130,"trustedReactZoom":130.64706441556802,"currentZoom":130.64706441556802,"reportedCurrentZoom":130,"nextZoom":154.64706441556802,"requestedDeltaAbs":24,"reportedLagAbs":0.6470644155680247,"rawGetZoomValue":130,"rawViewerZoomValue":130,"rawMagnificationZoom":null,"correctedSuspiciousZoom":false}
[DebugBridge +27596.6ms] zoom_wheel_request {"rawDeltaY":6.448148250579834,"reportedZoom":154,"trustedReactZoom":154.64706441556802,"currentZoom":154.64706441556802,"reportedCurrentZoom":154,"nextZoom":156.8565107195481,"requestedDeltaAbs":2.209446303980087,"reportedLagAbs":0.6470644155680247,"rawGetZoomValue":154,"rawViewerZoomValue":154,"rawMagnificationZoom":null,"correctedSuspiciousZoom":false}
[DebugBridge +27913.5ms] zoom_wheel_request {"rawDeltaY":38.83515167236328,"reportedZoom":156,"trustedReactZoom":156.8565107195481,"currentZoom":156.8565107195481,"reportedCurrentZoom":156,"nextZoom":170.84706108114858,"requestedDeltaAbs":13.99055036160047,"reportedLagAbs":0.8565107195481119,"rawGetZoomValue":156,"rawViewerZoomValue":156,"rawMagnificationZoom":null,"correctedSuspiciousZoom":false}
[DebugBridge +27976.0ms] zoom_wheel_request {"rawDeltaY":13.250541687011719,"reportedZoom":170,"trustedReactZoom":170.84706108114858,"currentZoom":170.84706108114858,"reportedCurrentZoom":170,"nextZoom":175.90075929721795,"requestedDeltaAbs":5.053698216069364,"reportedLagAbs":0.8470610811485813,"rawGetZoomValue":170,"rawViewerZoomValue":170,"rawMagnificationZoom":null,"correctedSuspiciousZoom":false}
[DebugBridge +28349.9ms] zoom_wheel_request {"rawDeltaY":118.59582138061523,"reportedZoom":175,"trustedReactZoom":175.90075929721795,"currentZoom":175.90075929721795,"reportedCurrentZoom":175,"nextZoom":199.90075929721795,"requestedDeltaAbs":24,"reportedLagAbs":0.9007592972179452,"rawGetZoomValue":175,"rawViewerZoomValue":175,"rawMagnificationZoom":null,"correctedSuspiciousZoom":false}
[DebugBridge +28550.9ms] zoom_wheel_request {"rawDeltaY":28.280841827392578,"reportedZoom":199,"trustedReactZoom":199.90075929721795,"currentZoom":199.90075929721795,"reportedCurrentZoom":199,"nextZoom":212.73321988877237,"requestedDeltaAbs":12.832460591554423,"reportedLagAbs":0.9007592972179452,"rawGetZoomValue":199,"rawViewerZoomValue":199,"rawMagnificationZoom":null,"correctedSuspiciousZoom":false}
[DebugBridge +28809.4ms] zoom_wheel_request {"rawDeltaY":108.79785013198853,"reportedZoom":212,"trustedReactZoom":212.73321988877237,"currentZoom":212.73321988877237,"reportedCurrentZoom":212,"nextZoom":236.73321988877237,"requestedDeltaAbs":24,"reportedLagAbs":0.7332198887723678,"rawGetZoomValue":212,"rawViewerZoomValue":212,"rawMagnificationZoom":null,"correctedSuspiciousZoom":false}
[DebugBridge +28887.0ms] zoom_wheel_request {"rawDeltaY":23.861507415771484,"reportedZoom":236,"trustedReactZoom":236.7332198887724,"currentZoom":236.7332198887724,"reportedCurrentZoom":236,"nextZoom":249.4925784224197,"requestedDeltaAbs":12.759358533647315,"reportedLagAbs":0.7332198887723962,"rawGetZoomValue":236,"rawViewerZoomValue":236,"rawMagnificationZoom":null,"correctedSuspiciousZoom":false}
[DebugBridge +29066.1ms] wheel_scroll_motion {"eventCount":1,"rawAbsX":0,"rawAbsY":2,"rawX":0,"rawY":2,"clippedAbsX":0,"clippedAbsY":2,"clippedX":0,"clippedY":2,"requestedAppliedX":0,"requestedAppliedY":1.64,"appliedX":0,"appliedY":1.64,"actualX":0,"actualY":1.5,"sensitivity":0.82,"currentZoomForScroll":2.494925784224197,"maxScrollStepX":22,"maxScrollStepY":22,"diagonalEvents":0,"clippedEvents":0}
[DebugBridge +29106.2ms] wheel_scroll_motion {"eventCount":2,"rawAbsX":102,"rawAbsY":336,"rawX":102,"rawY":336,"clippedAbsX":60.7774419755576,"clippedAbsY":60.7774419755576,"clippedX":60.7774419755576,"clippedY":60.7774419755576,"requestedAppliedX":40.36837696016536,"requestedAppliedY":40.36837696016536,"appliedX":22,"appliedY":22,"actualX":22,"actualY":22,"sensitivity":0.6642,"currentZoomForScroll":2.494925784224197,"maxScrollStepX":22,"maxScrollStepY":22,"diagonalEvents":2,"clippedEvents":2}
[DebugBridge +29112.9ms] wheel_scroll_motion {"eventCount":1,"rawAbsX":46,"rawAbsY":52,"rawX":46,"rawY":52,"clippedAbsX":30.3887209877788,"clippedAbsY":30.3887209877788,"clippedX":30.3887209877788,"clippedY":30.3887209877788,"requestedAppliedX":20.18418848008268,"requestedAppliedY":20.18418848008268,"appliedX":20.18418848008268,"appliedY":20.18418848008268,"actualX":20,"actualY":20,"sensitivity":0.6642,"currentZoomForScroll":2.494925784224197,"maxScrollStepX":22,"maxScrollStepY":22,"diagonalEvents":1,"clippedEvents":1}
[DebugBridge +29119.1ms] wheel_scroll_motion {"eventCount":1,"rawAbsX":18,"rawAbsY":10,"rawX":18,"rawY":10,"clippedAbsX":18,"clippedAbsY":10,"clippedX":18,"clippedY":10,"requestedAppliedX":13.283999999999999,"requestedAppliedY":7.38,"appliedX":13.283999999999999,"appliedY":7.38,"actualX":13,"actualY":7,"sensitivity":0.738,"currentZoomForScroll":2.494925784224197,"maxScrollStepX":22,"maxScrollStepY":22,"diagonalEvents":1,"clippedEvents":0}
[DebugBridge +29130.7ms] wheel_scroll_motion {"eventCount":2,"rawAbsX":26,"rawAbsY":8,"rawX":26,"rawY":8,"clippedAbsX":26,"clippedAbsY":8,"clippedX":26,"clippedY":8,"requestedAppliedX":19.188,"requestedAppliedY":5.904,"appliedX":19.188,"appliedY":5.904,"actualX":19,"actualY":5.5,"sensitivity":0.738,"currentZoomForScroll":2.494925784224197,"maxScrollStepX":22,"maxScrollStepY":22,"diagonalEvents":2,"clippedEvents":0}
[DebugBridge +29141.9ms] wheel_scroll_motion {"eventCount":1,"rawAbsX":8,"rawAbsY":2,"rawX":8,"rawY":2,"clippedAbsX":8,"clippedAbsY":2,"clippedX":8,"clippedY":2,"requestedAppliedX":5.904,"requestedAppliedY":1.476,"appliedX":5.904,"appliedY":1.476,"actualX":5.5,"actualY":1,"sensitivity":0.738,"currentZoomForScroll":2.494925784224197,"maxScrollStepX":22,"maxScrollStepY":22,"diagonalEvents":1,"clippedEvents":0}
[DebugBridge +29148.9ms] wheel_scroll_motion {"eventCount":1,"rawAbsX":18,"rawAbsY":2,"rawX":18,"rawY":2,"clippedAbsX":18,"clippedAbsY":2,"clippedX":18,"clippedY":2,"requestedAppliedX":13.283999999999999,"requestedAppliedY":1.476,"appliedX":13.283999999999999,"appliedY":1.476,"actualX":13,"actualY":1,"sensitivity":0.738,"currentZoomForScroll":2.494925784224197,"maxScrollStepX":22,"maxScrollStepY":22,"diagonalEvents":1,"clippedEvents":0}
[DebugBridge +29154.0ms] wheel_scroll_motion {"eventCount":1,"rawAbsX":18,"rawAbsY":2,"rawX":18,"rawY":-2,"clippedAbsX":18,"clippedAbsY":2,"clippedX":18,"clippedY":-2,"requestedAppliedX":13.283999999999999,"requestedAppliedY":-1.476,"appliedX":13.283999999999999,"appliedY":-1.476,"actualX":13,"actualY":-1.5,"sensitivity":0.738,"currentZoomForScroll":2.494925784224197,"maxScrollStepX":22,"maxScrollStepY":22,"diagonalEvents":1,"clippedEvents":0}
[DebugBridge +29159.3ms] wheel_scroll_motion {"eventCount":1,"rawAbsX":16,"rawAbsY":4,"rawX":16,"rawY":-4,"clippedAbsX":16,"clippedAbsY":4,"clippedX":16,"clippedY":-4,"requestedAppliedX":11.808,"requestedAppliedY":-2.952,"appliedX":11.808,"appliedY":-2.952,"actualX":11.5,"actualY":-3,"sensitivity":0.738,"currentZoomForScroll":2.494925784224197,"maxScrollStepX":22,"maxScrollStepY":22,"diagonalEvents":1,"clippedEvents":0}
[DebugBridge +29171.8ms] wheel_scroll_motion {"eventCount":2,"rawAbsX":26,"rawAbsY":14,"rawX":26,"rawY":-14,"clippedAbsX":26,"clippedAbsY":14,"clippedX":26,"clippedY":-14,"requestedAppliedX":19.188,"requestedAppliedY":-10.332,"appliedX":19.188,"appliedY":-10.332,"actualX":19,"actualY":-10.5,"sensitivity":0.738,"currentZoomForScroll":2.494925784224197,"maxScrollStepX":22,"maxScrollStepY":22,"diagonalEvents":2,"clippedEvents":0}
[DebugBridge +29177.6ms] wheel_scroll_motion {"eventCount":1,"rawAbsX":6,"rawAbsY":4,"rawX":6,"rawY":-4,"clippedAbsX":6,"clippedAbsY":4,"clippedX":6,"clippedY":-4,"requestedAppliedX":4.428,"requestedAppliedY":-2.952,"appliedX":4.428,"appliedY":-2.952,"actualX":4,"actualY":-3,"sensitivity":0.738,"currentZoomForScroll":2.494925784224197,"maxScrollStepX":22,"maxScrollStepY":22,"diagonalEvents":1,"clippedEvents":0}
[DebugBridge +29183.4ms] wheel_scroll_motion {"eventCount":1,"rawAbsX":12,"rawAbsY":10,"rawX":12,"rawY":-10,"clippedAbsX":12,"clippedAbsY":10,"clippedX":12,"clippedY":-10,"requestedAppliedX":8.856,"requestedAppliedY":-7.38,"appliedX":8.856,"appliedY":-7.38,"actualX":8.5,"actualY":-7.5,"sensitivity":0.738,"currentZoomForScroll":2.494925784224197,"maxScrollStepX":22,"maxScrollStepY":22,"diagonalEvents":1,"clippedEvents":0}
[DebugBridge +29191.5ms] wheel_scroll_motion {"eventCount":2,"rawAbsX":18,"rawAbsY":20,"rawX":18,"rawY":-20,"clippedAbsX":18,"clippedAbsY":20,"clippedX":18,"clippedY":-20,"requestedAppliedX":13.283999999999999,"requestedAppliedY":-14.76,"appliedX":13.283999999999999,"appliedY":-14.76,"actualX":13,"actualY":-15,"sensitivity":0.738,"currentZoomForScroll":2.494925784224197,"maxScrollStepX":22,"maxScrollStepY":22,"diagonalEvents":2,"clippedEvents":0}
[DebugBridge +29202.8ms] wheel_scroll_motion {"eventCount":2,"rawAbsX":8,"rawAbsY":14,"rawX":8,"rawY":-14,"clippedAbsX":8,"clippedAbsY":14,"clippedX":8,"clippedY":-14,"requestedAppliedX":5.904,"requestedAppliedY":-10.332,"appliedX":5.904,"appliedY":-10.332,"actualX":5.5,"actualY":-10.5,"sensitivity":0.738,"currentZoomForScroll":2.494925784224197,"maxScrollStepX":22,"maxScrollStepY":22,"diagonalEvents":2,"clippedEvents":0}
[DebugBridge +29209.1ms] wheel_scroll_motion {"eventCount":1,"rawAbsX":2,"rawAbsY":4,"rawX":2,"rawY":-4,"clippedAbsX":2,"clippedAbsY":4,"clippedX":2,"clippedY":-4,"requestedAppliedX":1.476,"requestedAppliedY":-2.952,"appliedX":1.476,"appliedY":-2.952,"actualX":1,"actualY":-3,"sensitivity":0.738,"currentZoomForScroll":2.494925784224197,"maxScrollStepX":22,"maxScrollStepY":22,"diagonalEvents":1,"clippedEvents":0}
[DebugBridge +29218.9ms] wheel_scroll_motion {"eventCount":1,"rawAbsX":2,"rawAbsY":12,"rawX":2,"rawY":-12,"clippedAbsX":2,"clippedAbsY":12,"clippedX":2,"clippedY":-12,"requestedAppliedX":1.476,"requestedAppliedY":-8.856,"appliedX":1.476,"appliedY":-8.856,"actualX":1,"actualY":-9,"sensitivity":0.738,"currentZoomForScroll":2.494925784224197,"maxScrollStepX":22,"maxScrollStepY":22,"diagonalEvents":1,"clippedEvents":0}
[DebugBridge +29227.1ms] wheel_scroll_motion {"eventCount":1,"rawAbsX":4,"rawAbsY":16,"rawX":4,"rawY":-16,"clippedAbsX":4,"clippedAbsY":16,"clippedX":4,"clippedY":-16,"requestedAppliedX":2.952,"requestedAppliedY":-11.808,"appliedX":2.952,"appliedY":-11.808,"actualX":2.5,"actualY":-12,"sensitivity":0.738,"currentZoomForScroll":2.494925784224197,"maxScrollStepX":22,"maxScrollStepY":22,"diagonalEvents":1,"clippedEvents":0}
[DebugBridge +29237.8ms] wheel_scroll_motion {"eventCount":1,"rawAbsX":2,"rawAbsY":18,"rawX":2,"rawY":-18,"clippedAbsX":2,"clippedAbsY":18,"clippedX":2,"clippedY":-18,"requestedAppliedX":1.476,"requestedAppliedY":-13.283999999999999,"appliedX":1.476,"appliedY":-13.283999999999999,"actualX":1,"actualY":-13.5,"sensitivity":0.738,"currentZoomForScroll":2.494925784224197,"maxScrollStepX":22,"maxScrollStepY":22,"diagonalEvents":1,"clippedEvents":0}
[DebugBridge +29249.5ms] wheel_scroll_motion {"eventCount":1,"rawAbsX":2,"rawAbsY":20,"rawX":-2,"rawY":-20,"clippedAbsX":2,"clippedAbsY":20,"clippedX":-2,"clippedY":-20,"requestedAppliedX":-1.476,"requestedAppliedY":-14.76,"appliedX":-1.476,"appliedY":-14.76,"actualX":-1.5,"actualY":-15,"sensitivity":0.738,"currentZoomForScroll":2.494925784224197,"maxScrollStepX":22,"maxScrollStepY":22,"diagonalEvents":1,"clippedEvents":0}
[DebugBridge +29263.7ms] wheel_scroll_motion {"eventCount":1,"rawAbsX":4,"rawAbsY":16,"rawX":-4,"rawY":-16,"clippedAbsX":4,"clippedAbsY":16,"clippedX":-4,"clippedY":-16,"requestedAppliedX":-2.952,"requestedAppliedY":-11.808,"appliedX":-2.952,"appliedY":-11.808,"actualX":-3,"actualY":-12,"sensitivity":0.738,"currentZoomForScroll":2.494925784224197,"maxScrollStepX":22,"maxScrollStepY":22,"diagonalEvents":1,"clippedEvents":0}
[DebugBridge +29272.8ms] wheel_scroll_motion {"eventCount":2,"rawAbsX":30,"rawAbsY":30,"rawX":-30,"rawY":-30,"clippedAbsX":30,"clippedAbsY":30,"clippedX":-30,"clippedY":-30,"requestedAppliedX":-22.14,"requestedAppliedY":-22.14,"appliedX":-22,"appliedY":-22,"actualX":-22,"actualY":-22,"sensitivity":0.738,"currentZoomForScroll":2.494925784224197,"maxScrollStepX":22,"maxScrollStepY":22,"diagonalEvents":2,"clippedEvents":0}
[DebugBridge +29287.9ms] wheel_scroll_motion {"eventCount":3,"rawAbsX":40,"rawAbsY":6,"rawX":-40,"rawY":-6,"clippedAbsX":40,"clippedAbsY":6,"clippedX":-40,"clippedY":-6,"requestedAppliedX":-30.34,"requestedAppliedY":-4.428,"appliedX":-22,"appliedY":-4.428,"actualX":-22,"actualY":-4.5,"sensitivity":0.82,"currentZoomForScroll":2.494925784224197,"maxScrollStepX":22,"maxScrollStepY":22,"diagonalEvents":2,"clippedEvents":0}
[DebugBridge +29296.0ms] wheel_scroll_motion {"eventCount":1,"rawAbsX":8,"rawAbsY":0,"rawX":-8,"rawY":0,"clippedAbsX":8,"clippedAbsY":0,"clippedX":-8,"clippedY":0,"requestedAppliedX":-6.56,"requestedAppliedY":0,"appliedX":-6.56,"appliedY":0,"actualX":-7,"actualY":0,"sensitivity":0.82,"currentZoomForScroll":2.494925784224197,"maxScrollStepX":22,"maxScrollStepY":22,"diagonalEvents":0,"clippedEvents":0}
[DebugBridge +29426.4ms] wheel_scroll_motion {"eventCount":2,"rawAbsX":18,"rawAbsY":4,"rawX":-18,"rawY":4,"clippedAbsX":18,"clippedAbsY":4,"clippedX":-18,"clippedY":4,"requestedAppliedX":-13.283999999999999,"requestedAppliedY":2.952,"appliedX":-13.283999999999999,"appliedY":2.952,"actualX":-13.5,"actualY":2.5,"sensitivity":0.738,"currentZoomForScroll":2.494925784224197,"maxScrollStepX":22,"maxScrollStepY":22,"diagonalEvents":2,"clippedEvents":0}
[DebugBridge +29435.3ms] wheel_scroll_motion {"eventCount":2,"rawAbsX":126,"rawAbsY":212,"rawX":-102,"rawY":212,"clippedAbsX":42.3887209877788,"clippedAbsY":40.3887209877788,"clippedX":-18.3887209877788,"clippedY":40.3887209877788,"requestedAppliedX":-11.328188480082678,"requestedAppliedY":27.564188480082677,"appliedX":-11.328188480082678,"appliedY":22,"actualX":-11.5,"actualY":22,"sensitivity":0.738,"currentZoomForScroll":2.494925784224197,"maxScrollStepX":22,"maxScrollStepY":22,"diagonalEvents":2,"clippedEvents":1}
[DebugBridge +29440.2ms] wheel_scroll_motion {"eventCount":1,"rawAbsX":6,"rawAbsY":4,"rawX":6,"rawY":4,"clippedAbsX":6,"clippedAbsY":4,"clippedX":6,"clippedY":4,"requestedAppliedX":4.428,"requestedAppliedY":2.952,"appliedX":4.428,"appliedY":2.952,"actualX":4,"actualY":2.5,"sensitivity":0.738,"currentZoomForScroll":2.494925784224197,"maxScrollStepX":22,"maxScrollStepY":22,"diagonalEvents":1,"clippedEvents":0}
[DebugBridge +29447.3ms] wheel_scroll_motion {"eventCount":1,"rawAbsX":12,"rawAbsY":4,"rawX":12,"rawY":4,"clippedAbsX":12,"clippedAbsY":4,"clippedX":12,"clippedY":4,"requestedAppliedX":8.856,"requestedAppliedY":2.952,"appliedX":8.856,"appliedY":2.952,"actualX":8.5,"actualY":2.5,"sensitivity":0.738,"currentZoomForScroll":2.494925784224197,"maxScrollStepX":22,"maxScrollStepY":22,"diagonalEvents":1,"clippedEvents":0}
[DebugBridge +29457.8ms] wheel_scroll_motion {"eventCount":2,"rawAbsX":26,"rawAbsY":6,"rawX":26,"rawY":6,"clippedAbsX":26,"clippedAbsY":6,"clippedX":26,"clippedY":6,"requestedAppliedX":19.188,"requestedAppliedY":4.428,"appliedX":19.188,"appliedY":4.428,"actualX":19,"actualY":4,"sensitivity":0.738,"currentZoomForScroll":2.494925784224197,"maxScrollStepX":22,"maxScrollStepY":22,"diagonalEvents":2,"clippedEvents":0}
[DebugBridge +29464.4ms] wheel_scroll_motion {"eventCount":1,"rawAbsX":16,"rawAbsY":0,"rawX":16,"rawY":0,"clippedAbsX":16,"clippedAbsY":0,"clippedX":16,"clippedY":0,"requestedAppliedX":13.12,"requestedAppliedY":0,"appliedX":13.12,"appliedY":0,"actualX":13,"actualY":0,"sensitivity":0.82,"currentZoomForScroll":2.494925784224197,"maxScrollStepX":22,"maxScrollStepY":22,"diagonalEvents":0,"clippedEvents":0}
[DebugBridge +29469.5ms] wheel_scroll_motion {"eventCount":1,"rawAbsX":26,"rawAbsY":0,"rawX":26,"rawY":0,"clippedAbsX":26,"clippedAbsY":0,"clippedX":26,"clippedY":0,"requestedAppliedX":21.32,"requestedAppliedY":0,"appliedX":21.32,"appliedY":0,"actualX":21,"actualY":0,"sensitivity":0.82,"currentZoomForScroll":2.494925784224197,"maxScrollStepX":22,"maxScrollStepY":22,"diagonalEvents":0,"clippedEvents":0}
[DebugBridge +29474.7ms] wheel_scroll_motion {"eventCount":2,"rawAbsX":18,"rawAbsY":4,"rawX":18,"rawY":-4,"clippedAbsX":18,"clippedAbsY":4,"clippedX":18,"clippedY":-4,"requestedAppliedX":13.776,"requestedAppliedY":-2.952,"appliedX":13.776,"appliedY":-2.952,"actualX":13.5,"actualY":-3,"sensitivity":0.738,"currentZoomForScroll":2.494925784224197,"maxScrollStepX":22,"maxScrollStepY":22,"diagonalEvents":1,"clippedEvents":0}
[DebugBridge +29484.8ms] wheel_scroll_motion {"eventCount":2,"rawAbsX":24,"rawAbsY":8,"rawX":24,"rawY":-8,"clippedAbsX":24,"clippedAbsY":8,"clippedX":24,"clippedY":-8,"requestedAppliedX":17.712,"requestedAppliedY":-5.904,"appliedX":17.712,"appliedY":-5.904,"actualX":17.5,"actualY":-6,"sensitivity":0.738,"currentZoomForScroll":2.494925784224197,"maxScrollStepX":22,"maxScrollStepY":22,"diagonalEvents":2,"clippedEvents":0}
[DebugBridge +29497.2ms] wheel_scroll_motion {"eventCount":2,"rawAbsX":18,"rawAbsY":8,"rawX":18,"rawY":-8,"clippedAbsX":18,"clippedAbsY":8,"clippedX":18,"clippedY":-8,"requestedAppliedX":13.284,"requestedAppliedY":-5.904,"appliedX":13.284,"appliedY":-5.904,"actualX":13,"actualY":-6,"sensitivity":0.738,"currentZoomForScroll":2.494925784224197,"maxScrollStepX":22,"maxScrollStepY":22,"diagonalEvents":2,"clippedEvents":0}
[DebugBridge +29505.7ms] wheel_scroll_motion {"eventCount":1,"rawAbsX":2,"rawAbsY":2,"rawX":2,"rawY":-2,"clippedAbsX":2,"clippedAbsY":2,"clippedX":2,"clippedY":-2,"requestedAppliedX":1.476,"requestedAppliedY":-1.476,"appliedX":1.476,"appliedY":-1.476,"actualX":1,"actualY":-1.5,"sensitivity":0.738,"currentZoomForScroll":2.494925784224197,"maxScrollStepX":22,"maxScrollStepY":22,"diagonalEvents":1,"clippedEvents":0}
[DebugBridge +29510.8ms] wheel_scroll_motion {"eventCount":1,"rawAbsX":16,"rawAbsY":8,"rawX":16,"rawY":-8,"clippedAbsX":16,"clippedAbsY":8,"clippedX":16,"clippedY":-8,"requestedAppliedX":11.808,"requestedAppliedY":-5.904,"appliedX":11.808,"appliedY":-5.904,"actualX":11.5,"actualY":-6,"sensitivity":0.738,"currentZoomForScroll":2.494925784224197,"maxScrollStepX":22,"maxScrollStepY":22,"diagonalEvents":1,"clippedEvents":0}
[DebugBridge +29518.0ms] wheel_scroll_motion {"eventCount":1,"rawAbsX":14,"rawAbsY":10,"rawX":14,"rawY":-10,"clippedAbsX":14,"clippedAbsY":10,"clippedX":14,"clippedY":-10,"requestedAppliedX":10.332,"requestedAppliedY":-7.38,"appliedX":10.332,"appliedY":-7.38,"actualX":10,"actualY":-7.5,"sensitivity":0.738,"currentZoomForScroll":2.494925784224197,"maxScrollStepX":22,"maxScrollStepY":22,"diagonalEvents":1,"clippedEvents":0}
[DebugBridge +29529.9ms] wheel_scroll_motion {"eventCount":2,"rawAbsX":16,"rawAbsY":12,"rawX":16,"rawY":-12,"clippedAbsX":16,"clippedAbsY":12,"clippedX":16,"clippedY":-12,"requestedAppliedX":11.808,"requestedAppliedY":-8.856,"appliedX":11.808,"appliedY":-8.856,"actualX":11.5,"actualY":-9,"sensitivity":0.738,"currentZoomForScroll":2.494925784224197,"maxScrollStepX":22,"maxScrollStepY":22,"diagonalEvents":2,"clippedEvents":0}
[DebugBridge +29539.4ms] wheel_scroll_motion {"eventCount":1,"rawAbsX":8,"rawAbsY":6,"rawX":8,"rawY":-6,"clippedAbsX":8,"clippedAbsY":6,"clippedX":8,"clippedY":-6,"requestedAppliedX":5.904,"requestedAppliedY":-4.428,"appliedX":5.904,"appliedY":-4.428,"actualX":5.5,"actualY":-4.5,"sensitivity":0.738,"currentZoomForScroll":2.494925784224197,"maxScrollStepX":22,"maxScrollStepY":22,"diagonalEvents":1,"clippedEvents":0}
[DebugBridge +29546.5ms] wheel_scroll_motion {"eventCount":1,"rawAbsX":6,"rawAbsY":6,"rawX":6,"rawY":-6,"clippedAbsX":6,"clippedAbsY":6,"clippedX":6,"clippedY":-6,"requestedAppliedX":4.428,"requestedAppliedY":-4.428,"appliedX":4.428,"appliedY":-4.428,"actualX":4,"actualY":-4.5,"sensitivity":0.738,"currentZoomForScroll":2.494925784224197,"maxScrollStepX":22,"maxScrollStepY":22,"diagonalEvents":1,"clippedEvents":0}
[DebugBridge +29552.2ms] wheel_scroll_motion {"eventCount":1,"rawAbsX":2,"rawAbsY":2,"rawX":2,"rawY":-2,"clippedAbsX":2,"clippedAbsY":2,"clippedX":2,"clippedY":-2,"requestedAppliedX":1.476,"requestedAppliedY":-1.476,"appliedX":1.476,"appliedY":-1.476,"actualX":1,"actualY":-1.5,"sensitivity":0.738,"currentZoomForScroll":2.494925784224197,"maxScrollStepX":22,"maxScrollStepY":22,"diagonalEvents":1,"clippedEvents":0}
[DebugBridge +29559.4ms] wheel_scroll_motion {"eventCount":2,"rawAbsX":6,"rawAbsY":6,"rawX":6,"rawY":-6,"clippedAbsX":6,"clippedAbsY":6,"clippedX":6,"clippedY":-6,"requestedAppliedX":4.428,"requestedAppliedY":-4.428,"appliedX":4.428,"appliedY":-4.428,"actualX":4,"actualY":-4.5,"sensitivity":0.738,"currentZoomForScroll":2.494925784224197,"maxScrollStepX":22,"maxScrollStepY":22,"diagonalEvents":2,"clippedEvents":0}
[DebugBridge +29582.7ms] wheel_scroll_motion {"eventCount":2,"rawAbsX":8,"rawAbsY":8,"rawX":-8,"rawY":8,"clippedAbsX":8,"clippedAbsY":8,"clippedX":-8,"clippedY":8,"requestedAppliedX":-5.904,"requestedAppliedY":5.904,"appliedX":-5.904,"appliedY":5.904,"actualX":-6,"actualY":5.5,"sensitivity":0.738,"currentZoomForScroll":2.494925784224197,"maxScrollStepX":22,"maxScrollStepY":22,"diagonalEvents":2,"clippedEvents":0}
[DebugBridge +29591.9ms] wheel_scroll_motion {"eventCount":2,"rawAbsX":6,"rawAbsY":8,"rawX":-6,"rawY":8,"clippedAbsX":6,"clippedAbsY":8,"clippedX":-6,"clippedY":8,"requestedAppliedX":-4.428,"requestedAppliedY":5.904,"appliedX":-4.428,"appliedY":5.904,"actualX":-4.5,"actualY":5.5,"sensitivity":0.738,"currentZoomForScroll":2.494925784224197,"maxScrollStepX":22,"maxScrollStepY":22,"diagonalEvents":2,"clippedEvents":0}
[DebugBridge +29833.3ms] wheel_scroll_motion {"eventCount":1,"rawAbsX":0,"rawAbsY":2,"rawX":0,"rawY":2,"clippedAbsX":0,"clippedAbsY":2,"clippedX":0,"clippedY":2,"requestedAppliedX":0,"requestedAppliedY":1.64,"appliedX":0,"appliedY":1.64,"actualX":0,"actualY":1.5,"sensitivity":0.82,"currentZoomForScroll":2.494925784224197,"maxScrollStepX":22,"maxScrollStepY":22,"diagonalEvents":0,"clippedEvents":0}
[DebugBridge +29841.9ms] wheel_scroll_motion {"eventCount":2,"rawAbsX":6,"rawAbsY":12,"rawX":6,"rawY":12,"clippedAbsX":6,"clippedAbsY":12,"clippedX":6,"clippedY":12,"requestedAppliedX":4.428,"requestedAppliedY":8.856,"appliedX":4.428,"appliedY":8.856,"actualX":4,"actualY":8.5,"sensitivity":0.738,"currentZoomForScroll":2.494925784224197,"maxScrollStepX":22,"maxScrollStepY":22,"diagonalEvents":2,"clippedEvents":0}
[DebugBridge +29850.6ms] wheel_scroll_motion {"eventCount":2,"rawAbsX":6,"rawAbsY":16,"rawX":6,"rawY":16,"clippedAbsX":6,"clippedAbsY":16,"clippedX":6,"clippedY":16,"requestedAppliedX":4.428,"requestedAppliedY":11.808,"appliedX":4.428,"appliedY":11.808,"actualX":4,"actualY":11.5,"sensitivity":0.738,"currentZoomForScroll":2.494925784224197,"maxScrollStepX":22,"maxScrollStepY":22,"diagonalEvents":2,"clippedEvents":0}
[DebugBridge +29861.4ms] wheel_scroll_motion {"eventCount":2,"rawAbsX":6,"rawAbsY":24,"rawX":6,"rawY":24,"clippedAbsX":6,"clippedAbsY":24,"clippedX":6,"clippedY":24,"requestedAppliedX":4.428,"requestedAppliedY":17.712,"appliedX":4.428,"appliedY":17.712,"actualX":4,"actualY":17.5,"sensitivity":0.738,"currentZoomForScroll":2.494925784224197,"maxScrollStepX":22,"maxScrollStepY":22,"diagonalEvents":2,"clippedEvents":0}
[DebugBridge +29875.7ms] wheel_scroll_motion {"eventCount":1,"rawAbsX":8,"rawAbsY":26,"rawX":8,"rawY":26,"clippedAbsX":8,"clippedAbsY":26,"clippedX":8,"clippedY":26,"requestedAppliedX":5.904,"requestedAppliedY":19.188,"appliedX":5.904,"appliedY":19.188,"actualX":5.5,"actualY":19,"sensitivity":0.738,"currentZoomForScroll":2.494925784224197,"maxScrollStepX":22,"maxScrollStepY":22,"diagonalEvents":1,"clippedEvents":0}
[DebugBridge +29889.5ms] wheel_scroll_motion {"eventCount":1,"rawAbsX":14,"rawAbsY":70,"rawX":14,"rawY":70,"clippedAbsX":14,"clippedAbsY":30.3887209877788,"clippedX":14,"clippedY":30.3887209877788,"requestedAppliedX":9.2988,"requestedAppliedY":20.18418848008268,"appliedX":9.2988,"appliedY":20.18418848008268,"actualX":9,"actualY":20,"sensitivity":0.6642,"currentZoomForScroll":2.494925784224197,"maxScrollStepX":22,"maxScrollStepY":22,"diagonalEvents":1,"clippedEvents":1}
[DebugBridge +29895.4ms] wheel_scroll_motion {"eventCount":1,"rawAbsX":28,"rawAbsY":206,"rawX":28,"rawY":206,"clippedAbsX":28,"clippedAbsY":30.3887209877788,"clippedX":28,"clippedY":30.3887209877788,"requestedAppliedX":18.5976,"requestedAppliedY":20.18418848008268,"appliedX":18.5976,"appliedY":20.18418848008268,"actualX":18.5,"actualY":20,"sensitivity":0.6642,"currentZoomForScroll":2.494925784224197,"maxScrollStepX":22,"maxScrollStepY":22,"diagonalEvents":1,"clippedEvents":1}
[DebugBridge +30469.5ms] wheel_scroll_motion {"eventCount":2,"rawAbsX":8,"rawAbsY":98,"rawX":8,"rawY":98,"clippedAbsX":8,"clippedAbsY":60.7774419755576,"clippedX":8,"clippedY":60.7774419755576,"requestedAppliedX":5.3136,"requestedAppliedY":40.36837696016536,"appliedX":5.3136,"appliedY":22,"actualX":5,"actualY":22,"sensitivity":0.6642,"currentZoomForScroll":2.494925784224197,"maxScrollStepX":22,"maxScrollStepY":22,"diagonalEvents":2,"clippedEvents":2}
[DebugBridge +30488.9ms] wheel_scroll_motion {"eventCount":1,"rawAbsX":6,"rawAbsY":80,"rawX":6,"rawY":80,"clippedAbsX":6,"clippedAbsY":30.3887209877788,"clippedX":6,"clippedY":30.3887209877788,"requestedAppliedX":3.9852,"requestedAppliedY":20.18418848008268,"appliedX":3.9852,"appliedY":20.18418848008268,"actualX":3.5,"actualY":20,"sensitivity":0.6642,"currentZoomForScroll":2.494925784224197,"maxScrollStepX":22,"maxScrollStepY":22,"diagonalEvents":1,"clippedEvents":1}
[DebugBridge +30504.4ms] wheel_scroll_motion {"eventCount":1,"rawAbsX":0,"rawAbsY":122,"rawX":0,"rawY":122,"clippedAbsX":0,"clippedAbsY":30.3887209877788,"clippedX":0,"clippedY":30.3887209877788,"requestedAppliedX":0,"requestedAppliedY":22.426876088980755,"appliedX":0,"appliedY":22,"actualX":0,"actualY":22,"sensitivity":0.738,"currentZoomForScroll":2.494925784224197,"maxScrollStepX":22,"maxScrollStepY":22,"diagonalEvents":0,"clippedEvents":1}
[DebugBridge +30507.8ms] zoom_end {"source":"zoomChange_settle"}
[DebugBridge +30555.2ms] wheel_scroll_motion {"eventCount":4,"rawAbsX":66,"rawAbsY":3882,"rawX":-66,"rawY":3882,"clippedAbsX":30.3887209877788,"clippedAbsY":110.7774419755576,"clippedX":-30.3887209877788,"clippedY":110.7774419755576,"requestedAppliedX":-20.18418848008268,"requestedAppliedY":83.61106456906344,"appliedX":-20.18418848008268,"appliedY":22,"actualX":-20.5,"actualY":22,"sensitivity":0.82,"currentZoomForScroll":2.494925784224197,"maxScrollStepX":22,"maxScrollStepY":22,"diagonalEvents":1,"clippedEvents":2}
[DebugBridge +30562.6ms] wheel_scroll_motion {"eventCount":1,"rawAbsX":0,"rawAbsY":302,"rawX":0,"rawY":302,"clippedAbsX":0,"clippedAbsY":30.3887209877788,"clippedX":0,"clippedY":30.3887209877788,"requestedAppliedX":0,"requestedAppliedY":22.426876088980755,"appliedX":0,"appliedY":22,"actualX":0,"actualY":22,"sensitivity":0.738,"currentZoomForScroll":2.494925784224197,"maxScrollStepX":22,"maxScrollStepY":22,"diagonalEvents":0,"clippedEvents":1}
[DebugBridge +30569.6ms] wheel_scroll_motion {"eventCount":1,"rawAbsX":0,"rawAbsY":80,"rawX":0,"rawY":80,"clippedAbsX":0,"clippedAbsY":30.3887209877788,"clippedX":0,"clippedY":30.3887209877788,"requestedAppliedX":0,"requestedAppliedY":22.426876088980755,"appliedX":0,"appliedY":22,"actualX":0,"actualY":22,"sensitivity":0.738,"currentZoomForScroll":2.494925784224197,"maxScrollStepX":22,"maxScrollStepY":22,"diagonalEvents":0,"clippedEvents":1}
[DebugBridge +30574.8ms] wheel_scroll_motion {"eventCount":1,"rawAbsX":0,"rawAbsY":38,"rawX":0,"rawY":38,"clippedAbsX":0,"clippedAbsY":30.3887209877788,"clippedX":0,"clippedY":30.3887209877788,"requestedAppliedX":0,"requestedAppliedY":22.426876088980755,"appliedX":0,"appliedY":22,"actualX":0,"actualY":22,"sensitivity":0.738,"currentZoomForScroll":2.494925784224197,"maxScrollStepX":22,"maxScrollStepY":22,"diagonalEvents":0,"clippedEvents":1}
[DebugBridge +30694.5ms] wheel_scroll_motion {"eventCount":3,"rawAbsX":0,"rawAbsY":102,"rawX":0,"rawY":102,"clippedAbsX":0,"clippedAbsY":91.1661629633364,"clippedX":0,"clippedY":91.1661629633364,"requestedAppliedX":0,"requestedAppliedY":67.28062826694227,"appliedX":0,"appliedY":22,"actualX":0,"actualY":22,"sensitivity":0.738,"currentZoomForScroll":2.494925784224197,"maxScrollStepX":22,"maxScrollStepY":22,"diagonalEvents":0,"clippedEvents":3}
[DebugBridge +30995.4ms] wheel_scroll_motion {"eventCount":1,"rawAbsX":0,"rawAbsY":278,"rawX":0,"rawY":278,"clippedAbsX":0,"clippedAbsY":30.3887209877788,"clippedX":0,"clippedY":30.3887209877788,"requestedAppliedX":0,"requestedAppliedY":22.426876088980755,"appliedX":0,"appliedY":22,"actualX":0,"actualY":22,"sensitivity":0.738,"currentZoomForScroll":2.494925784224197,"maxScrollStepX":22,"maxScrollStepY":22,"diagonalEvents":0,"clippedEvents":1}
[DebugBridge +31010.1ms] wheel_scroll_motion {"eventCount":1,"rawAbsX":0,"rawAbsY":2,"rawX":0,"rawY":2,"clippedAbsX":0,"clippedAbsY":2,"clippedX":0,"clippedY":2,"requestedAppliedX":0,"requestedAppliedY":1.64,"appliedX":0,"appliedY":1.64,"actualX":0,"actualY":1.5,"sensitivity":0.82,"currentZoomForScroll":2.494925784224197,"maxScrollStepX":22,"maxScrollStepY":22,"diagonalEvents":0,"clippedEvents":0}
[DebugBridge +31019.7ms] wheel_scroll_motion {"eventCount":1,"rawAbsX":284,"rawAbsY":264,"rawX":-284,"rawY":264,"clippedAbsX":30.3887209877788,"clippedAbsY":30.3887209877788,"clippedX":-30.3887209877788,"clippedY":30.3887209877788,"requestedAppliedX":-20.18418848008268,"requestedAppliedY":20.18418848008268,"appliedX":-20.18418848008268,"appliedY":20.18418848008268,"actualX":-20.5,"actualY":20,"sensitivity":0.6642,"currentZoomForScroll":2.494925784224197,"maxScrollStepX":22,"maxScrollStepY":22,"diagonalEvents":1,"clippedEvents":1}
[DebugBridge +31033.6ms] wheel_scroll_motion {"eventCount":1,"rawAbsX":14,"rawAbsY":6,"rawX":-14,"rawY":-6,"clippedAbsX":14,"clippedAbsY":6,"clippedX":-14,"clippedY":-6,"requestedAppliedX":-10.332,"requestedAppliedY":-4.428,"appliedX":-10.332,"appliedY":-4.428,"actualX":-10.5,"actualY":-4.5,"sensitivity":0.738,"currentZoomForScroll":2.494925784224197,"maxScrollStepX":22,"maxScrollStepY":22,"diagonalEvents":1,"clippedEvents":0}
[DebugBridge +31041.5ms] wheel_scroll_motion {"eventCount":1,"rawAbsX":10,"rawAbsY":6,"rawX":-10,"rawY":-6,"clippedAbsX":10,"clippedAbsY":6,"clippedX":-10,"clippedY":-6,"requestedAppliedX":-7.38,"requestedAppliedY":-4.428,"appliedX":-7.38,"appliedY":-4.428,"actualX":-7.5,"actualY":-4.5,"sensitivity":0.738,"currentZoomForScroll":2.494925784224197,"maxScrollStepX":22,"maxScrollStepY":22,"diagonalEvents":1,"clippedEvents":0}
[DebugBridge +31049.7ms] wheel_scroll_motion {"eventCount":1,"rawAbsX":18,"rawAbsY":12,"rawX":-18,"rawY":-12,"clippedAbsX":18,"clippedAbsY":12,"clippedX":-18,"clippedY":-12,"requestedAppliedX":-13.283999999999999,"requestedAppliedY":-8.856,"appliedX":-13.283999999999999,"appliedY":-8.856,"actualX":-13.5,"actualY":-9,"sensitivity":0.738,"currentZoomForScroll":2.494925784224197,"maxScrollStepX":22,"maxScrollStepY":22,"diagonalEvents":1,"clippedEvents":0}
[DebugBridge +31056.5ms] wheel_scroll_motion {"eventCount":1,"rawAbsX":6,"rawAbsY":4,"rawX":-6,"rawY":-4,"clippedAbsX":6,"clippedAbsY":4,"clippedX":-6,"clippedY":-4,"requestedAppliedX":-4.428,"requestedAppliedY":-2.952,"appliedX":-4.428,"appliedY":-2.952,"actualX":-4.5,"actualY":-3,"sensitivity":0.738,"currentZoomForScroll":2.494925784224197,"maxScrollStepX":22,"maxScrollStepY":22,"diagonalEvents":1,"clippedEvents":0}
[DebugBridge +31062.6ms] wheel_scroll_motion {"eventCount":1,"rawAbsX":4,"rawAbsY":8,"rawX":-4,"rawY":-8,"clippedAbsX":4,"clippedAbsY":8,"clippedX":-4,"clippedY":-8,"requestedAppliedX":-2.952,"requestedAppliedY":-5.904,"appliedX":-2.952,"appliedY":-5.904,"actualX":-3,"actualY":-6,"sensitivity":0.738,"currentZoomForScroll":2.494925784224197,"maxScrollStepX":22,"maxScrollStepY":22,"diagonalEvents":1,"clippedEvents":0}
[DebugBridge +31068.0ms] wheel_scroll_motion {"eventCount":1,"rawAbsX":2,"rawAbsY":4,"rawX":-2,"rawY":-4,"clippedAbsX":2,"clippedAbsY":4,"clippedX":-2,"clippedY":-4,"requestedAppliedX":-1.476,"requestedAppliedY":-2.952,"appliedX":-1.476,"appliedY":-2.952,"actualX":-1.5,"actualY":-3,"sensitivity":0.738,"currentZoomForScroll":2.494925784224197,"maxScrollStepX":22,"maxScrollStepY":22,"diagonalEvents":1,"clippedEvents":0}
[DebugBridge +31215.1ms] wheel_scroll_motion {"eventCount":2,"rawAbsX":0,"rawAbsY":12,"rawX":0,"rawY":-12,"clippedAbsX":0,"clippedAbsY":12,"clippedX":0,"clippedY":-12,"requestedAppliedX":0,"requestedAppliedY":-9.84,"appliedX":0,"appliedY":-9.84,"actualX":0,"actualY":-10,"sensitivity":0.82,"currentZoomForScroll":2.494925784224197,"maxScrollStepX":22,"maxScrollStepY":22,"diagonalEvents":0,"clippedEvents":0}
[DebugBridge +31227.7ms] wheel_scroll_motion {"eventCount":1,"rawAbsX":124,"rawAbsY":60,"rawX":124,"rawY":-60,"clippedAbsX":30.3887209877788,"clippedAbsY":30.3887209877788,"clippedX":30.3887209877788,"clippedY":-30.3887209877788,"requestedAppliedX":20.18418848008268,"requestedAppliedY":-20.18418848008268,"appliedX":20.18418848008268,"appliedY":-20.18418848008268,"actualX":20,"actualY":-20.5,"sensitivity":0.6642,"currentZoomForScroll":2.494925784224197,"maxScrollStepX":22,"maxScrollStepY":22,"diagonalEvents":1,"clippedEvents":1}
[DebugBridge +31234.6ms] wheel_scroll_motion {"eventCount":1,"rawAbsX":64,"rawAbsY":6,"rawX":64,"rawY":6,"clippedAbsX":30.3887209877788,"clippedAbsY":6,"clippedX":30.3887209877788,"clippedY":6,"requestedAppliedX":20.18418848008268,"requestedAppliedY":3.9852,"appliedX":20.18418848008268,"appliedY":3.9852,"actualX":20,"actualY":3.5,"sensitivity":0.6642,"currentZoomForScroll":2.494925784224197,"maxScrollStepX":22,"maxScrollStepY":22,"diagonalEvents":1,"clippedEvents":1}
[DebugBridge +31255.3ms] wheel_scroll_motion {"eventCount":3,"rawAbsX":16,"rawAbsY":22,"rawX":16,"rawY":22,"clippedAbsX":16,"clippedAbsY":22,"clippedX":16,"clippedY":22,"requestedAppliedX":11.808,"requestedAppliedY":16.235999999999997,"appliedX":11.808,"appliedY":16.235999999999997,"actualX":11.5,"actualY":16,"sensitivity":0.738,"currentZoomForScroll":2.494925784224197,"maxScrollStepX":22,"maxScrollStepY":22,"diagonalEvents":3,"clippedEvents":0}
[DebugBridge +31261.0ms] wheel_scroll_motion {"eventCount":1,"rawAbsX":8,"rawAbsY":30,"rawX":8,"rawY":30,"clippedAbsX":8,"clippedAbsY":30,"clippedX":8,"clippedY":30,"requestedAppliedX":5.904,"requestedAppliedY":22.14,"appliedX":5.904,"appliedY":22,"actualX":5.5,"actualY":22,"sensitivity":0.738,"currentZoomForScroll":2.494925784224197,"maxScrollStepX":22,"maxScrollStepY":22,"diagonalEvents":1,"clippedEvents":0}
[DebugBridge +31266.7ms] wheel_scroll_motion {"eventCount":1,"rawAbsX":2,"rawAbsY":4,"rawX":2,"rawY":4,"clippedAbsX":2,"clippedAbsY":4,"clippedX":2,"clippedY":4,"requestedAppliedX":1.476,"requestedAppliedY":2.952,"appliedX":1.476,"appliedY":2.952,"actualX":1,"actualY":2.5,"sensitivity":0.738,"currentZoomForScroll":2.494925784224197,"maxScrollStepX":22,"maxScrollStepY":22,"diagonalEvents":1,"clippedEvents":0}
[DebugBridge +31539.8ms] wheel_scroll_motion {"eventCount":3,"rawAbsX":8,"rawAbsY":42,"rawX":8,"rawY":42,"clippedAbsX":8,"clippedAbsY":42,"clippedX":8,"clippedY":42,"requestedAppliedX":5.904,"requestedAppliedY":30.996,"appliedX":5.904,"appliedY":22,"actualX":5.5,"actualY":22,"sensitivity":0.738,"currentZoomForScroll":2.494925784224197,"maxScrollStepX":22,"maxScrollStepY":22,"diagonalEvents":3,"clippedEvents":0}
[DebugBridge +31547.7ms] wheel_scroll_motion {"eventCount":1,"rawAbsX":240,"rawAbsY":108,"rawX":-240,"rawY":108,"clippedAbsX":30.3887209877788,"clippedAbsY":30.3887209877788,"clippedX":-30.3887209877788,"clippedY":30.3887209877788,"requestedAppliedX":-20.18418848008268,"requestedAppliedY":20.18418848008268,"appliedX":-20.18418848008268,"appliedY":20.18418848008268,"actualX":-20.5,"actualY":20,"sensitivity":0.6642,"currentZoomForScroll":2.494925784224197,"maxScrollStepX":22,"maxScrollStepY":22,"diagonalEvents":1,"clippedEvents":1}
[DebugBridge +31566.7ms] wheel_scroll_motion {"eventCount":1,"rawAbsX":8,"rawAbsY":8,"rawX":-8,"rawY":-8,"clippedAbsX":8,"clippedAbsY":8,"clippedX":-8,"clippedY":-8,"requestedAppliedX":-5.904,"requestedAppliedY":-5.904,"appliedX":-5.904,"appliedY":-5.904,"actualX":-6,"actualY":-6,"sensitivity":0.738,"currentZoomForScroll":2.494925784224197,"maxScrollStepX":22,"maxScrollStepY":22,"diagonalEvents":1,"clippedEvents":0}
[DebugBridge +31577.7ms] wheel_scroll_motion {"eventCount":2,"rawAbsX":50,"rawAbsY":52,"rawX":-50,"rawY":-52,"clippedAbsX":40.3887209877788,"clippedAbsY":40.3887209877788,"clippedX":-40.3887209877788,"clippedY":-40.3887209877788,"requestedAppliedX":-27.564188480082677,"requestedAppliedY":-27.564188480082677,"appliedX":-22,"appliedY":-22,"actualX":-22,"actualY":-22,"sensitivity":0.738,"currentZoomForScroll":2.494925784224197,"maxScrollStepX":22,"maxScrollStepY":22,"diagonalEvents":2,"clippedEvents":1}
[DebugBridge +31694.3ms] wheel_scroll_motion {"eventCount":2,"rawAbsX":18,"rawAbsY":18,"rawX":-18,"rawY":-18,"clippedAbsX":18,"clippedAbsY":18,"clippedX":-18,"clippedY":-18,"requestedAppliedX":-13.283999999999999,"requestedAppliedY":-13.283999999999999,"appliedX":-13.283999999999999,"appliedY":-13.283999999999999,"actualX":-13.5,"actualY":-13.5,"sensitivity":0.738,"currentZoomForScroll":2.494925784224197,"maxScrollStepX":22,"maxScrollStepY":22,"diagonalEvents":2,"clippedEvents":0}
[DebugBridge +31700.1ms] wheel_scroll_motion {"eventCount":1,"rawAbsX":84,"rawAbsY":84,"rawX":-84,"rawY":-84,"clippedAbsX":30.3887209877788,"clippedAbsY":30.3887209877788,"clippedX":-30.3887209877788,"clippedY":-30.3887209877788,"requestedAppliedX":-20.18418848008268,"requestedAppliedY":-20.18418848008268,"appliedX":-20.18418848008268,"appliedY":-20.18418848008268,"actualX":-20.5,"actualY":-20.5,"sensitivity":0.6642,"currentZoomForScroll":2.494925784224197,"maxScrollStepX":22,"maxScrollStepY":22,"diagonalEvents":1,"clippedEvents":1}
[DebugBridge +31934.4ms] wheel_scroll_motion {"eventCount":3,"rawAbsX":18,"rawAbsY":18,"rawX":-18,"rawY":-18,"clippedAbsX":18,"clippedAbsY":18,"clippedX":-18,"clippedY":-18,"requestedAppliedX":-13.283999999999999,"requestedAppliedY":-13.283999999999999,"appliedX":-13.283999999999999,"appliedY":-13.283999999999999,"actualX":-13.5,"actualY":-13.5,"sensitivity":0.738,"currentZoomForScroll":2.494925784224197,"maxScrollStepX":22,"maxScrollStepY":22,"diagonalEvents":3,"clippedEvents":0}
[DebugBridge +31941.2ms] wheel_scroll_motion {"eventCount":1,"rawAbsX":12,"rawAbsY":12,"rawX":-12,"rawY":-12,"clippedAbsX":12,"clippedAbsY":12,"clippedX":-12,"clippedY":-12,"requestedAppliedX":-8.856,"requestedAppliedY":-8.856,"appliedX":-8.856,"appliedY":-8.856,"actualX":-9,"actualY":-9,"sensitivity":0.738,"currentZoomForScroll":2.494925784224197,"maxScrollStepX":22,"maxScrollStepY":22,"diagonalEvents":1,"clippedEvents":0}
[DebugBridge +31954.1ms] wheel_scroll_motion {"eventCount":1,"rawAbsX":0,"rawAbsY":2,"rawX":0,"rawY":2,"clippedAbsX":0,"clippedAbsY":2,"clippedX":0,"clippedY":2,"requestedAppliedX":0,"requestedAppliedY":1.64,"appliedX":0,"appliedY":1.64,"actualX":0,"actualY":1.5,"sensitivity":0.82,"currentZoomForScroll":2.494925784224197,"maxScrollStepX":22,"maxScrollStepY":22,"diagonalEvents":0,"clippedEvents":0}
[DebugBridge +31961.0ms] wheel_scroll_motion {"eventCount":1,"rawAbsX":208,"rawAbsY":624,"rawX":-208,"rawY":624,"clippedAbsX":30.3887209877788,"clippedAbsY":30.3887209877788,"clippedX":-30.3887209877788,"clippedY":30.3887209877788,"requestedAppliedX":-20.18418848008268,"requestedAppliedY":20.18418848008268,"appliedX":-20.18418848008268,"appliedY":20.18418848008268,"actualX":-20.5,"actualY":20,"sensitivity":0.6642,"currentZoomForScroll":2.494925784224197,"maxScrollStepX":22,"maxScrollStepY":22,"diagonalEvents":1,"clippedEvents":1}
[DebugBridge +31970.6ms] wheel_scroll_motion {"eventCount":1,"rawAbsX":14,"rawAbsY":38,"rawX":-14,"rawY":38,"clippedAbsX":14,"clippedAbsY":30.3887209877788,"clippedX":-14,"clippedY":30.3887209877788,"requestedAppliedX":-9.2988,"requestedAppliedY":20.18418848008268,"appliedX":-9.2988,"appliedY":20.18418848008268,"actualX":-9.5,"actualY":20,"sensitivity":0.6642,"currentZoomForScroll":2.494925784224197,"maxScrollStepX":22,"maxScrollStepY":22,"diagonalEvents":1,"clippedEvents":1}
[DebugBridge +31976.5ms] wheel_scroll_motion {"eventCount":1,"rawAbsX":54,"rawAbsY":150,"rawX":-54,"rawY":150,"clippedAbsX":30.3887209877788,"clippedAbsY":30.3887209877788,"clippedX":-30.3887209877788,"clippedY":30.3887209877788,"requestedAppliedX":-20.18418848008268,"requestedAppliedY":20.18418848008268,"appliedX":-20.18418848008268,"appliedY":20.18418848008268,"actualX":-20.5,"actualY":20,"sensitivity":0.6642,"currentZoomForScroll":2.494925784224197,"maxScrollStepX":22,"maxScrollStepY":22,"diagonalEvents":1,"clippedEvents":1}
[DebugBridge +31985.9ms] wheel_scroll_motion {"eventCount":1,"rawAbsX":18,"rawAbsY":54,"rawX":-18,"rawY":54,"clippedAbsX":18,"clippedAbsY":30.3887209877788,"clippedX":-18,"clippedY":30.3887209877788,"requestedAppliedX":-11.9556,"requestedAppliedY":20.18418848008268,"appliedX":-11.9556,"appliedY":20.18418848008268,"actualX":-12,"actualY":20,"sensitivity":0.6642,"currentZoomForScroll":2.494925784224197,"maxScrollStepX":22,"maxScrollStepY":22,"diagonalEvents":1,"clippedEvents":1}
[DebugBridge +31993.3ms] wheel_scroll_motion {"eventCount":1,"rawAbsX":18,"rawAbsY":52,"rawX":-18,"rawY":52,"clippedAbsX":18,"clippedAbsY":30.3887209877788,"clippedX":-18,"clippedY":30.3887209877788,"requestedAppliedX":-11.9556,"requestedAppliedY":20.18418848008268,"appliedX":-11.9556,"appliedY":20.18418848008268,"actualX":-12,"actualY":20,"sensitivity":0.6642,"currentZoomForScroll":2.494925784224197,"maxScrollStepX":22,"maxScrollStepY":22,"diagonalEvents":1,"clippedEvents":1}
[DebugBridge +32002.9ms] wheel_scroll_motion {"eventCount":1,"rawAbsX":22,"rawAbsY":60,"rawX":-22,"rawY":60,"clippedAbsX":22,"clippedAbsY":30.3887209877788,"clippedX":-22,"clippedY":30.3887209877788,"requestedAppliedX":-14.612400000000001,"requestedAppliedY":20.18418848008268,"appliedX":-14.612400000000001,"appliedY":20.18418848008268,"actualX":-15,"actualY":20,"sensitivity":0.6642,"currentZoomForScroll":2.494925784224197,"maxScrollStepX":22,"maxScrollStepY":22,"diagonalEvents":1,"clippedEvents":1}
[DebugBridge +32013.0ms] wheel_scroll_motion {"eventCount":1,"rawAbsX":22,"rawAbsY":60,"rawX":-22,"rawY":60,"clippedAbsX":22,"clippedAbsY":30.3887209877788,"clippedX":-22,"clippedY":30.3887209877788,"requestedAppliedX":-14.612400000000001,"requestedAppliedY":20.18418848008268,"appliedX":-14.612400000000001,"appliedY":20.18418848008268,"actualX":-15,"actualY":20,"sensitivity":0.6642,"currentZoomForScroll":2.494925784224197,"maxScrollStepX":22,"maxScrollStepY":22,"diagonalEvents":1,"clippedEvents":1}
[DebugBridge +32021.5ms] wheel_scroll_motion {"eventCount":1,"rawAbsX":22,"rawAbsY":56,"rawX":-22,"rawY":56,"clippedAbsX":22,"clippedAbsY":30.3887209877788,"clippedX":-22,"clippedY":30.3887209877788,"requestedAppliedX":-14.612400000000001,"requestedAppliedY":20.18418848008268,"appliedX":-14.612400000000001,"appliedY":20.18418848008268,"actualX":-15,"actualY":20,"sensitivity":0.6642,"currentZoomForScroll":2.494925784224197,"maxScrollStepX":22,"maxScrollStepY":22,"diagonalEvents":1,"clippedEvents":1}
[DebugBridge +32066.8ms] wheel_scroll_motion {"eventCount":3,"rawAbsX":74,"rawAbsY":208,"rawX":-74,"rawY":208,"clippedAbsX":66.3887209877788,"clippedAbsY":91.1661629633364,"clippedX":-66.3887209877788,"clippedY":91.1661629633364,"requestedAppliedX":-44.09538848008268,"requestedAppliedY":60.55256544024803,"appliedX":-22,"appliedY":22,"actualX":-22,"actualY":22,"sensitivity":0.6642,"currentZoomForScroll":2.494925784224197,"maxScrollStepX":22,"maxScrollStepY":22,"diagonalEvents":3,"clippedEvents":3}
[DebugBridge +32107.7ms] wheel_scroll_motion {"eventCount":2,"rawAbsX":120,"rawAbsY":336,"rawX":-120,"rawY":336,"clippedAbsX":60.7774419755576,"clippedAbsY":60.7774419755576,"clippedX":-60.7774419755576,"clippedY":60.7774419755576,"requestedAppliedX":-40.36837696016536,"requestedAppliedY":40.36837696016536,"appliedX":-22,"appliedY":22,"actualX":-22,"actualY":22,"sensitivity":0.6642,"currentZoomForScroll":2.494925784224197,"maxScrollStepX":22,"maxScrollStepY":22,"diagonalEvents":2,"clippedEvents":2}
[DebugBridge +32116.9ms] wheel_scroll_motion {"eventCount":1,"rawAbsX":12,"rawAbsY":34,"rawX":-12,"rawY":34,"clippedAbsX":12,"clippedAbsY":30.3887209877788,"clippedX":-12,"clippedY":30.3887209877788,"requestedAppliedX":-7.9704,"requestedAppliedY":20.18418848008268,"appliedX":-7.9704,"appliedY":20.18418848008268,"actualX":-8,"actualY":20,"sensitivity":0.6642,"currentZoomForScroll":2.494925784224197,"maxScrollStepX":22,"maxScrollStepY":22,"diagonalEvents":1,"clippedEvents":1}
[DebugBridge +32126.6ms] wheel_scroll_motion {"eventCount":1,"rawAbsX":12,"rawAbsY":34,"rawX":-12,"rawY":34,"clippedAbsX":12,"clippedAbsY":30.3887209877788,"clippedX":-12,"clippedY":30.3887209877788,"requestedAppliedX":-7.9704,"requestedAppliedY":20.18418848008268,"appliedX":-7.9704,"appliedY":20.18418848008268,"actualX":-8,"actualY":20,"sensitivity":0.6642,"currentZoomForScroll":2.494925784224197,"maxScrollStepX":22,"maxScrollStepY":22,"diagonalEvents":1,"clippedEvents":1}
[DebugBridge +32135.1ms] wheel_scroll_motion {"eventCount":1,"rawAbsX":10,"rawAbsY":30,"rawX":-10,"rawY":30,"clippedAbsX":10,"clippedAbsY":30,"clippedX":-10,"clippedY":30,"requestedAppliedX":-7.38,"requestedAppliedY":22.14,"appliedX":-7.38,"appliedY":22,"actualX":-7.5,"actualY":22,"sensitivity":0.738,"currentZoomForScroll":2.494925784224197,"maxScrollStepX":22,"maxScrollStepY":22,"diagonalEvents":1,"clippedEvents":0}
[DebugBridge +32142.8ms] wheel_scroll_motion {"eventCount":1,"rawAbsX":10,"rawAbsY":30,"rawX":-10,"rawY":30,"clippedAbsX":10,"clippedAbsY":30,"clippedX":-10,"clippedY":30,"requestedAppliedX":-7.38,"requestedAppliedY":22.14,"appliedX":-7.38,"appliedY":22,"actualX":-7.5,"actualY":22,"sensitivity":0.738,"currentZoomForScroll":2.494925784224197,"maxScrollStepX":22,"maxScrollStepY":22,"diagonalEvents":1,"clippedEvents":0}
[DebugBridge +32570.0ms] wheel_scroll_motion {"eventCount":2,"rawAbsX":20,"rawAbsY":60,"rawX":-20,"rawY":60,"clippedAbsX":20,"clippedAbsY":60,"clippedX":-20,"clippedY":60,"requestedAppliedX":-14.76,"requestedAppliedY":44.28,"appliedX":-14.76,"appliedY":22,"actualX":-15,"actualY":22,"sensitivity":0.738,"currentZoomForScroll":2.494925784224197,"maxScrollStepX":22,"maxScrollStepY":22,"diagonalEvents":2,"clippedEvents":0}
[DebugBridge +32696.5ms] wheel_scroll_motion {"eventCount":3,"rawAbsX":440,"rawAbsY":388,"rawX":-440,"rawY":388,"clippedAbsX":60.7774419755576,"clippedAbsY":62.77744197555759,"clippedX":-60.7774419755576,"clippedY":62.77744197555759,"requestedAppliedX":-40.36837696016536,"requestedAppliedY":42.00837696016536,"appliedX":-22,"appliedY":22,"actualX":-22,"actualY":22,"sensitivity":0.6642,"currentZoomForScroll":2.494925784224197,"maxScrollStepX":22,"maxScrollStepY":22,"diagonalEvents":2,"clippedEvents":2}
[DebugBridge +32704.3ms] wheel_scroll_motion {"eventCount":2,"rawAbsX":0,"rawAbsY":28,"rawX":0,"rawY":-28,"clippedAbsX":0,"clippedAbsY":28,"clippedX":0,"clippedY":-28,"requestedAppliedX":0,"requestedAppliedY":-22.96,"appliedX":0,"appliedY":-22,"actualX":0,"actualY":-22,"sensitivity":0.82,"currentZoomForScroll":2.494925784224197,"maxScrollStepX":22,"maxScrollStepY":22,"diagonalEvents":0,"clippedEvents":0}
[DebugBridge +32710.9ms] wheel_scroll_motion {"eventCount":1,"rawAbsX":0,"rawAbsY":8,"rawX":0,"rawY":-8,"clippedAbsX":0,"clippedAbsY":8,"clippedX":0,"clippedY":-8,"requestedAppliedX":0,"requestedAppliedY":-6.56,"appliedX":0,"appliedY":-6.56,"actualX":0,"actualY":-7,"sensitivity":0.82,"currentZoomForScroll":2.494925784224197,"maxScrollStepX":22,"maxScrollStepY":22,"diagonalEvents":0,"clippedEvents":0}
[DebugBridge +32725.7ms] wheel_scroll_motion {"eventCount":1,"rawAbsX":0,"rawAbsY":8,"rawX":0,"rawY":-8,"clippedAbsX":0,"clippedAbsY":8,"clippedX":0,"clippedY":-8,"requestedAppliedX":0,"requestedAppliedY":-6.56,"appliedX":0,"appliedY":-6.56,"actualX":0,"actualY":-7,"sensitivity":0.82,"currentZoomForScroll":2.494925784224197,"maxScrollStepX":22,"maxScrollStepY":22,"diagonalEvents":0,"clippedEvents":0}
[DebugBridge +32735.4ms] wheel_scroll_motion {"eventCount":2,"rawAbsX":0,"rawAbsY":16,"rawX":0,"rawY":-16,"clippedAbsX":0,"clippedAbsY":16,"clippedX":0,"clippedY":-16,"requestedAppliedX":0,"requestedAppliedY":-13.12,"appliedX":0,"appliedY":-13.12,"actualX":0,"actualY":-13.5,"sensitivity":0.82,"currentZoomForScroll":2.494925784224197,"maxScrollStepX":22,"maxScrollStepY":22,"diagonalEvents":0,"clippedEvents":0}
[DebugBridge +32743.7ms] wheel_scroll_motion {"eventCount":1,"rawAbsX":0,"rawAbsY":8,"rawX":0,"rawY":-8,"clippedAbsX":0,"clippedAbsY":8,"clippedX":0,"clippedY":-8,"requestedAppliedX":0,"requestedAppliedY":-6.56,"appliedX":0,"appliedY":-6.56,"actualX":0,"actualY":-7,"sensitivity":0.82,"currentZoomForScroll":2.494925784224197,"maxScrollStepX":22,"maxScrollStepY":22,"diagonalEvents":0,"clippedEvents":0}
[DebugBridge +32753.4ms] wheel_scroll_motion {"eventCount":1,"rawAbsX":0,"rawAbsY":6,"rawX":0,"rawY":-6,"clippedAbsX":0,"clippedAbsY":6,"clippedX":0,"clippedY":-6,"requestedAppliedX":0,"requestedAppliedY":-4.92,"appliedX":0,"appliedY":-4.92,"actualX":0,"actualY":-5,"sensitivity":0.82,"currentZoomForScroll":2.494925784224197,"maxScrollStepX":22,"maxScrollStepY":22,"diagonalEvents":0,"clippedEvents":0}
[DebugBridge +32765.0ms] wheel_scroll_motion {"eventCount":1,"rawAbsX":0,"rawAbsY":6,"rawX":0,"rawY":-6,"clippedAbsX":0,"clippedAbsY":6,"clippedX":0,"clippedY":-6,"requestedAppliedX":0,"requestedAppliedY":-4.92,"appliedX":0,"appliedY":-4.92,"actualX":0,"actualY":-5,"sensitivity":0.82,"currentZoomForScroll":2.494925784224197,"maxScrollStepX":22,"maxScrollStepY":22,"diagonalEvents":0,"clippedEvents":0}
[DebugBridge +32773.5ms] wheel_scroll_motion {"eventCount":1,"rawAbsX":0,"rawAbsY":6,"rawX":0,"rawY":-6,"clippedAbsX":0,"clippedAbsY":6,"clippedX":0,"clippedY":-6,"requestedAppliedX":0,"requestedAppliedY":-4.92,"appliedX":0,"appliedY":-4.92,"actualX":0,"actualY":-5,"sensitivity":0.82,"currentZoomForScroll":2.494925784224197,"maxScrollStepX":22,"maxScrollStepY":22,"diagonalEvents":0,"clippedEvents":0}
[DebugBridge +32782.4ms] wheel_scroll_motion {"eventCount":1,"rawAbsX":0,"rawAbsY":6,"rawX":0,"rawY":-6,"clippedAbsX":0,"clippedAbsY":6,"clippedX":0,"clippedY":-6,"requestedAppliedX":0,"requestedAppliedY":-4.92,"appliedX":0,"appliedY":-4.92,"actualX":0,"actualY":-5,"sensitivity":0.82,"currentZoomForScroll":2.494925784224197,"maxScrollStepX":22,"maxScrollStepY":22,"diagonalEvents":0,"clippedEvents":0}
[DebugBridge +32792.9ms] wheel_scroll_motion {"eventCount":1,"rawAbsX":0,"rawAbsY":6,"rawX":0,"rawY":-6,"clippedAbsX":0,"clippedAbsY":6,"clippedX":0,"clippedY":-6,"requestedAppliedX":0,"requestedAppliedY":-4.92,"appliedX":0,"appliedY":-4.92,"actualX":0,"actualY":-5,"sensitivity":0.82,"currentZoomForScroll":2.494925784224197,"maxScrollStepX":22,"maxScrollStepY":22,"diagonalEvents":0,"clippedEvents":0}
[DebugBridge +32802.7ms] wheel_scroll_motion {"eventCount":1,"rawAbsX":0,"rawAbsY":6,"rawX":0,"rawY":-6,"clippedAbsX":0,"clippedAbsY":6,"clippedX":0,"clippedY":-6,"requestedAppliedX":0,"requestedAppliedY":-4.92,"appliedX":0,"appliedY":-4.92,"actualX":0,"actualY":-5,"sensitivity":0.82,"currentZoomForScroll":2.494925784224197,"maxScrollStepX":22,"maxScrollStepY":22,"diagonalEvents":0,"clippedEvents":0}
[DebugBridge +32808.6ms] wheel_scroll_motion {"eventCount":1,"rawAbsX":0,"rawAbsY":6,"rawX":0,"rawY":-6,"clippedAbsX":0,"clippedAbsY":6,"clippedX":0,"clippedY":-6,"requestedAppliedX":0,"requestedAppliedY":-4.92,"appliedX":0,"appliedY":-4.92,"actualX":0,"actualY":-5,"sensitivity":0.82,"currentZoomForScroll":2.494925784224197,"maxScrollStepX":22,"maxScrollStepY":22,"diagonalEvents":0,"clippedEvents":0}
[DebugBridge +32822.0ms] wheel_scroll_motion {"eventCount":1,"rawAbsX":0,"rawAbsY":6,"rawX":0,"rawY":-6,"clippedAbsX":0,"clippedAbsY":6,"clippedX":0,"clippedY":-6,"requestedAppliedX":0,"requestedAppliedY":-4.92,"appliedX":0,"appliedY":-4.92,"actualX":0,"actualY":-5,"sensitivity":0.82,"currentZoomForScroll":2.494925784224197,"maxScrollStepX":22,"maxScrollStepY":22,"diagonalEvents":0,"clippedEvents":0}
[DebugBridge +32831.5ms] wheel_scroll_motion {"eventCount":1,"rawAbsX":0,"rawAbsY":6,"rawX":0,"rawY":-6,"clippedAbsX":0,"clippedAbsY":6,"clippedX":0,"clippedY":-6,"requestedAppliedX":0,"requestedAppliedY":-4.92,"appliedX":0,"appliedY":-4.92,"actualX":0,"actualY":-5,"sensitivity":0.82,"currentZoomForScroll":2.494925784224197,"maxScrollStepX":22,"maxScrollStepY":22,"diagonalEvents":0,"clippedEvents":0}
[DebugBridge +32841.2ms] wheel_scroll_motion {"eventCount":1,"rawAbsX":0,"rawAbsY":6,"rawX":0,"rawY":-6,"clippedAbsX":0,"clippedAbsY":6,"clippedX":0,"clippedY":-6,"requestedAppliedX":0,"requestedAppliedY":-4.92,"appliedX":0,"appliedY":-4.92,"actualX":0,"actualY":-5,"sensitivity":0.82,"currentZoomForScroll":2.494925784224197,"maxScrollStepX":22,"maxScrollStepY":22,"diagonalEvents":0,"clippedEvents":0}
[DebugBridge +32855.8ms] wheel_scroll_motion {"eventCount":1,"rawAbsX":0,"rawAbsY":6,"rawX":0,"rawY":-6,"clippedAbsX":0,"clippedAbsY":6,"clippedX":0,"clippedY":-6,"requestedAppliedX":0,"requestedAppliedY":-4.92,"appliedX":0,"appliedY":-4.92,"actualX":0,"actualY":-5,"sensitivity":0.82,"currentZoomForScroll":2.494925784224197,"maxScrollStepX":22,"maxScrollStepY":22,"diagonalEvents":0,"clippedEvents":0}
[DebugBridge +32900.8ms] wheel_scroll_motion {"eventCount":2,"rawAbsX":0,"rawAbsY":12,"rawX":0,"rawY":-12,"clippedAbsX":0,"clippedAbsY":12,"clippedX":0,"clippedY":-12,"requestedAppliedX":0,"requestedAppliedY":-9.84,"appliedX":0,"appliedY":-9.84,"actualX":0,"actualY":-10,"sensitivity":0.82,"currentZoomForScroll":2.494925784224197,"maxScrollStepX":22,"maxScrollStepY":22,"diagonalEvents":0,"clippedEvents":0}
[DebugBridge +32908.9ms] wheel_scroll_motion {"eventCount":1,"rawAbsX":2,"rawAbsY":2,"rawX":-2,"rawY":-2,"clippedAbsX":2,"clippedAbsY":2,"clippedX":-2,"clippedY":-2,"requestedAppliedX":-1.476,"requestedAppliedY":-1.476,"appliedX":-1.476,"appliedY":-1.476,"actualX":-1.5,"actualY":-1.5,"sensitivity":0.738,"currentZoomForScroll":2.494925784224197,"maxScrollStepX":22,"maxScrollStepY":22,"diagonalEvents":1,"clippedEvents":0}
[DebugBridge +32917.7ms] wheel_scroll_motion {"eventCount":2,"rawAbsX":8,"rawAbsY":6,"rawX":-8,"rawY":-6,"clippedAbsX":8,"clippedAbsY":6,"clippedX":-8,"clippedY":-6,"requestedAppliedX":-5.904,"requestedAppliedY":-4.428,"appliedX":-5.904,"appliedY":-4.428,"actualX":-6,"actualY":-4.5,"sensitivity":0.738,"currentZoomForScroll":2.494925784224197,"maxScrollStepX":22,"maxScrollStepY":22,"diagonalEvents":2,"clippedEvents":0}
[DebugBridge +32925.5ms] wheel_scroll_motion {"eventCount":2,"rawAbsX":12,"rawAbsY":6,"rawX":-12,"rawY":-6,"clippedAbsX":12,"clippedAbsY":6,"clippedX":-12,"clippedY":-6,"requestedAppliedX":-8.856,"requestedAppliedY":-4.428,"appliedX":-8.856,"appliedY":-4.428,"actualX":-9,"actualY":-4.5,"sensitivity":0.738,"currentZoomForScroll":2.494925784224197,"maxScrollStepX":22,"maxScrollStepY":22,"diagonalEvents":2,"clippedEvents":0}
[DebugBridge +32933.4ms] wheel_scroll_motion {"eventCount":2,"rawAbsX":14,"rawAbsY":6,"rawX":-14,"rawY":-6,"clippedAbsX":14,"clippedAbsY":6,"clippedX":-14,"clippedY":-6,"requestedAppliedX":-10.332,"requestedAppliedY":-4.428,"appliedX":-10.332,"appliedY":-4.428,"actualX":-10.5,"actualY":-4.5,"sensitivity":0.738,"currentZoomForScroll":2.494925784224197,"maxScrollStepX":22,"maxScrollStepY":22,"diagonalEvents":2,"clippedEvents":0}
[DebugBridge +32942.4ms] wheel_scroll_motion {"eventCount":2,"rawAbsX":22,"rawAbsY":8,"rawX":-22,"rawY":-8,"clippedAbsX":22,"clippedAbsY":8,"clippedX":-22,"clippedY":-8,"requestedAppliedX":-16.236,"requestedAppliedY":-5.904,"appliedX":-16.236,"appliedY":-5.904,"actualX":-16.5,"actualY":-6,"sensitivity":0.738,"currentZoomForScroll":2.494925784224197,"maxScrollStepX":22,"maxScrollStepY":22,"diagonalEvents":2,"clippedEvents":0}
[DebugBridge +32951.1ms] wheel_scroll_motion {"eventCount":2,"rawAbsX":28,"rawAbsY":8,"rawX":-28,"rawY":-8,"clippedAbsX":28,"clippedAbsY":8,"clippedX":-28,"clippedY":-8,"requestedAppliedX":-20.664,"requestedAppliedY":-5.904,"appliedX":-20.664,"appliedY":-5.904,"actualX":-21,"actualY":-6,"sensitivity":0.738,"currentZoomForScroll":2.494925784224197,"maxScrollStepX":22,"maxScrollStepY":22,"diagonalEvents":2,"clippedEvents":0}
[DebugBridge +32959.1ms] wheel_scroll_motion {"eventCount":2,"rawAbsX":32,"rawAbsY":6,"rawX":-32,"rawY":-6,"clippedAbsX":32,"clippedAbsY":6,"clippedX":-32,"clippedY":-6,"requestedAppliedX":-23.616,"requestedAppliedY":-4.428,"appliedX":-22,"appliedY":-4.428,"actualX":-22,"actualY":-4.5,"sensitivity":0.738,"currentZoomForScroll":2.494925784224197,"maxScrollStepX":22,"maxScrollStepY":22,"diagonalEvents":2,"clippedEvents":0}
[DebugBridge +32973.0ms] wheel_scroll_motion {"eventCount":2,"rawAbsX":34,"rawAbsY":6,"rawX":-34,"rawY":-6,"clippedAbsX":34,"clippedAbsY":6,"clippedX":-34,"clippedY":-6,"requestedAppliedX":-25.092000000000002,"requestedAppliedY":-4.428,"appliedX":-22,"appliedY":-4.428,"actualX":-22,"actualY":-4.5,"sensitivity":0.738,"currentZoomForScroll":2.494925784224197,"maxScrollStepX":22,"maxScrollStepY":22,"diagonalEvents":2,"clippedEvents":0}
[DebugBridge +32982.6ms] wheel_scroll_motion {"eventCount":1,"rawAbsX":36,"rawAbsY":6,"rawX":-36,"rawY":-6,"clippedAbsX":30.3887209877788,"clippedAbsY":6,"clippedX":-30.3887209877788,"clippedY":-6,"requestedAppliedX":-20.18418848008268,"requestedAppliedY":-3.9852,"appliedX":-20.18418848008268,"appliedY":-3.9852,"actualX":-20.5,"actualY":-4,"sensitivity":0.6642,"currentZoomForScroll":2.494925784224197,"maxScrollStepX":22,"maxScrollStepY":22,"diagonalEvents":1,"clippedEvents":1}
[DebugBridge +32988.7ms] wheel_scroll_motion {"eventCount":1,"rawAbsX":30,"rawAbsY":2,"rawX":-30,"rawY":-2,"clippedAbsX":30,"clippedAbsY":2,"clippedX":-30,"clippedY":-2,"requestedAppliedX":-22.14,"requestedAppliedY":-1.476,"appliedX":-22,"appliedY":-1.476,"actualX":-22,"actualY":-1.5,"sensitivity":0.738,"currentZoomForScroll":2.494925784224197,"maxScrollStepX":22,"maxScrollStepY":22,"diagonalEvents":1,"clippedEvents":0}
[DebugBridge +32995.6ms] wheel_scroll_motion {"eventCount":1,"rawAbsX":28,"rawAbsY":2,"rawX":-28,"rawY":-2,"clippedAbsX":28,"clippedAbsY":2,"clippedX":-28,"clippedY":-2,"requestedAppliedX":-20.664,"requestedAppliedY":-1.476,"appliedX":-20.664,"appliedY":-1.476,"actualX":-21,"actualY":-1.5,"sensitivity":0.738,"currentZoomForScroll":2.494925784224197,"maxScrollStepX":22,"maxScrollStepY":22,"diagonalEvents":1,"clippedEvents":0}
[DebugBridge +33002.2ms] wheel_scroll_motion {"eventCount":1,"rawAbsX":16,"rawAbsY":0,"rawX":-16,"rawY":0,"clippedAbsX":16,"clippedAbsY":0,"clippedX":-16,"clippedY":0,"requestedAppliedX":-13.12,"requestedAppliedY":0,"appliedX":-13.12,"appliedY":0,"actualX":-13.5,"actualY":0,"sensitivity":0.82,"currentZoomForScroll":2.494925784224197,"maxScrollStepX":22,"maxScrollStepY":22,"diagonalEvents":0,"clippedEvents":0}
[DebugBridge +33338.4ms] wheel_scroll_motion {"eventCount":2,"rawAbsX":34,"rawAbsY":2,"rawX":-34,"rawY":2,"clippedAbsX":34,"clippedAbsY":2,"clippedX":-34,"clippedY":2,"requestedAppliedX":-26.24,"requestedAppliedY":1.476,"appliedX":-22,"appliedY":1.476,"actualX":-22,"actualY":1,"sensitivity":0.738,"currentZoomForScroll":2.494925784224197,"maxScrollStepX":22,"maxScrollStepY":22,"diagonalEvents":1,"clippedEvents":0}
[DebugBridge +33345.5ms] wheel_scroll_motion {"eventCount":1,"rawAbsX":368,"rawAbsY":120,"rawX":368,"rawY":-120,"clippedAbsX":30.3887209877788,"clippedAbsY":30.3887209877788,"clippedX":30.3887209877788,"clippedY":-30.3887209877788,"requestedAppliedX":20.18418848008268,"requestedAppliedY":-20.18418848008268,"appliedX":20.18418848008268,"appliedY":-20.18418848008268,"actualX":20,"actualY":-20.5,"sensitivity":0.6642,"currentZoomForScroll":2.494925784224197,"maxScrollStepX":22,"maxScrollStepY":22,"diagonalEvents":1,"clippedEvents":1}
[DebugBridge +33352.0ms] wheel_scroll_motion {"eventCount":1,"rawAbsX":14,"rawAbsY":6,"rawX":-14,"rawY":-6,"clippedAbsX":14,"clippedAbsY":6,"clippedX":-14,"clippedY":-6,"requestedAppliedX":-10.332,"requestedAppliedY":-4.428,"appliedX":-10.332,"appliedY":-4.428,"actualX":-10.5,"actualY":-4.5,"sensitivity":0.738,"currentZoomForScroll":2.494925784224197,"maxScrollStepX":22,"maxScrollStepY":22,"diagonalEvents":1,"clippedEvents":0}
[DebugBridge +33367.8ms] wheel_scroll_motion {"eventCount":3,"rawAbsX":34,"rawAbsY":8,"rawX":-34,"rawY":-8,"clippedAbsX":34,"clippedAbsY":8,"clippedX":-34,"clippedY":-8,"requestedAppliedX":-25.092,"requestedAppliedY":-5.904,"appliedX":-22,"appliedY":-5.904,"actualX":-22,"actualY":-6,"sensitivity":0.738,"currentZoomForScroll":2.494925784224197,"maxScrollStepX":22,"maxScrollStepY":22,"diagonalEvents":3,"clippedEvents":0}
[DebugBridge +33379.8ms] wheel_scroll_motion {"eventCount":1,"rawAbsX":18,"rawAbsY":0,"rawX":-18,"rawY":0,"clippedAbsX":18,"clippedAbsY":0,"clippedX":-18,"clippedY":0,"requestedAppliedX":-14.76,"requestedAppliedY":0,"appliedX":-14.76,"appliedY":0,"actualX":-15,"actualY":0,"sensitivity":0.82,"currentZoomForScroll":2.494925784224197,"maxScrollStepX":22,"maxScrollStepY":22,"diagonalEvents":0,"clippedEvents":0}
[DebugBridge +33386.6ms] wheel_scroll_motion {"eventCount":1,"rawAbsX":20,"rawAbsY":4,"rawX":-20,"rawY":4,"clippedAbsX":20,"clippedAbsY":4,"clippedX":-20,"clippedY":4,"requestedAppliedX":-14.76,"requestedAppliedY":2.952,"appliedX":-14.76,"appliedY":2.952,"actualX":-15,"actualY":2.5,"sensitivity":0.738,"currentZoomForScroll":2.494925784224197,"maxScrollStepX":22,"maxScrollStepY":22,"diagonalEvents":1,"clippedEvents":0}
[DebugBridge +33393.5ms] wheel_scroll_motion {"eventCount":1,"rawAbsX":20,"rawAbsY":4,"rawX":-20,"rawY":4,"clippedAbsX":20,"clippedAbsY":4,"clippedX":-20,"clippedY":4,"requestedAppliedX":-14.76,"requestedAppliedY":2.952,"appliedX":-14.76,"appliedY":2.952,"actualX":-15,"actualY":2.5,"sensitivity":0.738,"currentZoomForScroll":2.494925784224197,"maxScrollStepX":22,"maxScrollStepY":22,"diagonalEvents":1,"clippedEvents":0}
[DebugBridge +33401.9ms] wheel_scroll_motion {"eventCount":2,"rawAbsX":38,"rawAbsY":10,"rawX":-38,"rawY":10,"clippedAbsX":38,"clippedAbsY":10,"clippedX":-38,"clippedY":10,"requestedAppliedX":-28.043999999999997,"requestedAppliedY":7.38,"appliedX":-22,"appliedY":7.38,"actualX":-22,"actualY":7,"sensitivity":0.738,"currentZoomForScroll":2.494925784224197,"maxScrollStepX":22,"maxScrollStepY":22,"diagonalEvents":2,"clippedEvents":0}
[DebugBridge +33410.9ms] wheel_scroll_motion {"eventCount":2,"rawAbsX":18,"rawAbsY":8,"rawX":-18,"rawY":8,"clippedAbsX":18,"clippedAbsY":8,"clippedX":-18,"clippedY":8,"requestedAppliedX":-13.283999999999999,"requestedAppliedY":5.904,"appliedX":-13.283999999999999,"appliedY":5.904,"actualX":-13.5,"actualY":5.5,"sensitivity":0.738,"currentZoomForScroll":2.494925784224197,"maxScrollStepX":22,"maxScrollStepY":22,"diagonalEvents":2,"clippedEvents":0}
[DebugBridge +33417.7ms] wheel_scroll_motion {"eventCount":1,"rawAbsX":10,"rawAbsY":4,"rawX":-10,"rawY":4,"clippedAbsX":10,"clippedAbsY":4,"clippedX":-10,"clippedY":4,"requestedAppliedX":-7.38,"requestedAppliedY":2.952,"appliedX":-7.38,"appliedY":2.952,"actualX":-7.5,"actualY":2.5,"sensitivity":0.738,"currentZoomForScroll":2.494925784224197,"maxScrollStepX":22,"maxScrollStepY":22,"diagonalEvents":1,"clippedEvents":0}
[DebugBridge +33427.9ms] wheel_scroll_motion {"eventCount":2,"rawAbsX":20,"rawAbsY":14,"rawX":-20,"rawY":14,"clippedAbsX":20,"clippedAbsY":14,"clippedX":-20,"clippedY":14,"requestedAppliedX":-14.760000000000002,"requestedAppliedY":10.332,"appliedX":-14.760000000000002,"appliedY":10.332,"actualX":-15,"actualY":10,"sensitivity":0.738,"currentZoomForScroll":2.494925784224197,"maxScrollStepX":22,"maxScrollStepY":22,"diagonalEvents":2,"clippedEvents":0}
[DebugBridge +33437.7ms] wheel_scroll_motion {"eventCount":1,"rawAbsX":8,"rawAbsY":6,"rawX":-8,"rawY":6,"clippedAbsX":8,"clippedAbsY":6,"clippedX":-8,"clippedY":6,"requestedAppliedX":-5.904,"requestedAppliedY":4.428,"appliedX":-5.904,"appliedY":4.428,"actualX":-6,"actualY":4,"sensitivity":0.738,"currentZoomForScroll":2.494925784224197,"maxScrollStepX":22,"maxScrollStepY":22,"diagonalEvents":1,"clippedEvents":0}
[DebugBridge +33444.0ms] wheel_scroll_motion {"eventCount":1,"rawAbsX":4,"rawAbsY":4,"rawX":-4,"rawY":4,"clippedAbsX":4,"clippedAbsY":4,"clippedX":-4,"clippedY":4,"requestedAppliedX":-2.952,"requestedAppliedY":2.952,"appliedX":-2.952,"appliedY":2.952,"actualX":-3,"actualY":2.5,"sensitivity":0.738,"currentZoomForScroll":2.494925784224197,"maxScrollStepX":22,"maxScrollStepY":22,"diagonalEvents":1,"clippedEvents":0}
[DebugBridge +33701.5ms] wheel_scroll_motion {"eventCount":2,"rawAbsX":18,"rawAbsY":24,"rawX":-18,"rawY":24,"clippedAbsX":18,"clippedAbsY":24,"clippedX":-18,"clippedY":24,"requestedAppliedX":-13.283999999999999,"requestedAppliedY":17.712,"appliedX":-13.283999999999999,"appliedY":17.712,"actualX":-13.5,"actualY":17.5,"sensitivity":0.738,"currentZoomForScroll":2.494925784224197,"maxScrollStepX":22,"maxScrollStepY":22,"diagonalEvents":2,"clippedEvents":0}
[DebugBridge +33711.9ms] wheel_scroll_motion {"eventCount":1,"rawAbsX":290,"rawAbsY":82,"rawX":290,"rawY":-82,"clippedAbsX":30.3887209877788,"clippedAbsY":30.3887209877788,"clippedX":30.3887209877788,"clippedY":-30.3887209877788,"requestedAppliedX":20.18418848008268,"requestedAppliedY":-20.18418848008268,"appliedX":20.18418848008268,"appliedY":-20.18418848008268,"actualX":20,"actualY":-20.5,"sensitivity":0.6642,"currentZoomForScroll":2.494925784224197,"maxScrollStepX":22,"maxScrollStepY":22,"diagonalEvents":1,"clippedEvents":1}
[DebugBridge +33726.0ms] wheel_scroll_motion {"eventCount":1,"rawAbsX":4,"rawAbsY":4,"rawX":-4,"rawY":-4,"clippedAbsX":4,"clippedAbsY":4,"clippedX":-4,"clippedY":-4,"requestedAppliedX":-2.952,"requestedAppliedY":-2.952,"appliedX":-2.952,"appliedY":-2.952,"actualX":-3,"actualY":-3,"sensitivity":0.738,"currentZoomForScroll":2.494925784224197,"maxScrollStepX":22,"maxScrollStepY":22,"diagonalEvents":1,"clippedEvents":0}
[DebugBridge +33732.7ms] wheel_scroll_motion {"eventCount":1,"rawAbsX":30,"rawAbsY":22,"rawX":-30,"rawY":-22,"clippedAbsX":30,"clippedAbsY":22,"clippedX":-30,"clippedY":-22,"requestedAppliedX":-22.14,"requestedAppliedY":-16.236,"appliedX":-22,"appliedY":-16.236,"actualX":-22,"actualY":-16.5,"sensitivity":0.738,"currentZoomForScroll":2.494925784224197,"maxScrollStepX":22,"maxScrollStepY":22,"diagonalEvents":1,"clippedEvents":0}
[DebugBridge +33738.8ms] wheel_scroll_motion {"eventCount":1,"rawAbsX":22,"rawAbsY":8,"rawX":-22,"rawY":-8,"clippedAbsX":22,"clippedAbsY":8,"clippedX":-22,"clippedY":-8,"requestedAppliedX":-16.236,"requestedAppliedY":-5.904,"appliedX":-16.236,"appliedY":-5.904,"actualX":-16.5,"actualY":-6,"sensitivity":0.738,"currentZoomForScroll":2.494925784224197,"maxScrollStepX":22,"maxScrollStepY":22,"diagonalEvents":1,"clippedEvents":0}
[DebugBridge +33744.6ms] wheel_scroll_motion {"eventCount":1,"rawAbsX":16,"rawAbsY":4,"rawX":-16,"rawY":-4,"clippedAbsX":16,"clippedAbsY":4,"clippedX":-16,"clippedY":-4,"requestedAppliedX":-11.808,"requestedAppliedY":-2.952,"appliedX":-11.808,"appliedY":-2.952,"actualX":-12,"actualY":-3,"sensitivity":0.738,"currentZoomForScroll":2.494925784224197,"maxScrollStepX":22,"maxScrollStepY":22,"diagonalEvents":1,"clippedEvents":0}
[DebugBridge +33752.2ms] wheel_scroll_motion {"eventCount":1,"rawAbsX":22,"rawAbsY":2,"rawX":-22,"rawY":-2,"clippedAbsX":22,"clippedAbsY":2,"clippedX":-22,"clippedY":-2,"requestedAppliedX":-16.236,"requestedAppliedY":-1.476,"appliedX":-16.236,"appliedY":-1.476,"actualX":-16.5,"actualY":-1.5,"sensitivity":0.738,"currentZoomForScroll":2.494925784224197,"maxScrollStepX":22,"maxScrollStepY":22,"diagonalEvents":1,"clippedEvents":0}
[DebugBridge +33758.9ms] wheel_scroll_motion {"eventCount":2,"rawAbsX":28,"rawAbsY":4,"rawX":-28,"rawY":0,"clippedAbsX":28,"clippedAbsY":4,"clippedX":-28,"clippedY":0,"requestedAppliedX":-20.663999999999998,"requestedAppliedY":0,"appliedX":-20.663999999999998,"appliedY":0,"actualX":-21,"actualY":0,"sensitivity":0.738,"currentZoomForScroll":2.494925784224197,"maxScrollStepX":22,"maxScrollStepY":22,"diagonalEvents":2,"clippedEvents":0}
[DebugBridge +33769.7ms] wheel_scroll_motion {"eventCount":1,"rawAbsX":10,"rawAbsY":2,"rawX":-10,"rawY":2,"clippedAbsX":10,"clippedAbsY":2,"clippedX":-10,"clippedY":2,"requestedAppliedX":-7.38,"requestedAppliedY":1.476,"appliedX":-7.38,"appliedY":1.476,"actualX":-7.5,"actualY":1,"sensitivity":0.738,"currentZoomForScroll":2.494925784224197,"maxScrollStepX":22,"maxScrollStepY":22,"diagonalEvents":1,"clippedEvents":0}
[DebugBridge +33777.0ms] wheel_scroll_motion {"eventCount":1,"rawAbsX":20,"rawAbsY":6,"rawX":-20,"rawY":6,"clippedAbsX":20,"clippedAbsY":6,"clippedX":-20,"clippedY":6,"requestedAppliedX":-14.76,"requestedAppliedY":4.428,"appliedX":-14.76,"appliedY":4.428,"actualX":-15,"actualY":4,"sensitivity":0.738,"currentZoomForScroll":2.494925784224197,"maxScrollStepX":22,"maxScrollStepY":22,"diagonalEvents":1,"clippedEvents":0}
[DebugBridge +33784.3ms] wheel_scroll_motion {"eventCount":1,"rawAbsX":18,"rawAbsY":6,"rawX":-18,"rawY":6,"clippedAbsX":18,"clippedAbsY":6,"clippedX":-18,"clippedY":6,"requestedAppliedX":-13.283999999999999,"requestedAppliedY":4.428,"appliedX":-13.283999999999999,"appliedY":4.428,"actualX":-13.5,"actualY":4,"sensitivity":0.738,"currentZoomForScroll":2.494925784224197,"maxScrollStepX":22,"maxScrollStepY":22,"diagonalEvents":1,"clippedEvents":0}
[DebugBridge +33792.4ms] wheel_scroll_motion {"eventCount":2,"rawAbsX":24,"rawAbsY":14,"rawX":-24,"rawY":14,"clippedAbsX":24,"clippedAbsY":14,"clippedX":-24,"clippedY":14,"requestedAppliedX":-17.712,"requestedAppliedY":10.332,"appliedX":-17.712,"appliedY":10.332,"actualX":-18,"actualY":10,"sensitivity":0.738,"currentZoomForScroll":2.494925784224197,"maxScrollStepX":22,"maxScrollStepY":22,"diagonalEvents":2,"clippedEvents":0}
[DebugBridge +33991.9ms] wheel_scroll_motion {"eventCount":2,"rawAbsX":14,"rawAbsY":10,"rawX":-14,"rawY":10,"clippedAbsX":14,"clippedAbsY":10,"clippedX":-14,"clippedY":10,"requestedAppliedX":-10.332,"requestedAppliedY":7.38,"appliedX":-10.332,"appliedY":7.38,"actualX":-10.5,"actualY":7,"sensitivity":0.738,"currentZoomForScroll":2.494925784224197,"maxScrollStepX":22,"maxScrollStepY":22,"diagonalEvents":2,"clippedEvents":0}
[DebugBridge +34001.9ms] wheel_scroll_motion {"eventCount":1,"rawAbsX":164,"rawAbsY":182,"rawX":164,"rawY":182,"clippedAbsX":30.3887209877788,"clippedAbsY":30.3887209877788,"clippedX":30.3887209877788,"clippedY":30.3887209877788,"requestedAppliedX":20.18418848008268,"requestedAppliedY":20.18418848008268,"appliedX":20.18418848008268,"appliedY":20.18418848008268,"actualX":20,"actualY":20,"sensitivity":0.6642,"currentZoomForScroll":2.494925784224197,"maxScrollStepX":22,"maxScrollStepY":22,"diagonalEvents":1,"clippedEvents":1}
[DebugBridge +34011.6ms] wheel_scroll_motion {"eventCount":2,"rawAbsX":28,"rawAbsY":22,"rawX":28,"rawY":-22,"clippedAbsX":28,"clippedAbsY":22,"clippedX":28,"clippedY":-22,"requestedAppliedX":20.664,"requestedAppliedY":-16.236,"appliedX":20.664,"appliedY":-16.236,"actualX":20.5,"actualY":-16.5,"sensitivity":0.738,"currentZoomForScroll":2.494925784224197,"maxScrollStepX":22,"maxScrollStepY":22,"diagonalEvents":2,"clippedEvents":0}
[DebugBridge +34018.8ms] wheel_scroll_motion {"eventCount":1,"rawAbsX":10,"rawAbsY":12,"rawX":10,"rawY":-12,"clippedAbsX":10,"clippedAbsY":12,"clippedX":10,"clippedY":-12,"requestedAppliedX":7.38,"requestedAppliedY":-8.856,"appliedX":7.38,"appliedY":-8.856,"actualX":7,"actualY":-9,"sensitivity":0.738,"currentZoomForScroll":2.494925784224197,"maxScrollStepX":22,"maxScrollStepY":22,"diagonalEvents":1,"clippedEvents":0}
[DebugBridge +34027.7ms] wheel_scroll_motion {"eventCount":1,"rawAbsX":6,"rawAbsY":8,"rawX":6,"rawY":-8,"clippedAbsX":6,"clippedAbsY":8,"clippedX":6,"clippedY":-8,"requestedAppliedX":4.428,"requestedAppliedY":-5.904,"appliedX":4.428,"appliedY":-5.904,"actualX":4,"actualY":-6,"sensitivity":0.738,"currentZoomForScroll":2.494925784224197,"maxScrollStepX":22,"maxScrollStepY":22,"diagonalEvents":1,"clippedEvents":0}
[DebugBridge +34035.1ms] wheel_scroll_motion {"eventCount":1,"rawAbsX":4,"rawAbsY":6,"rawX":4,"rawY":-6,"clippedAbsX":4,"clippedAbsY":6,"clippedX":4,"clippedY":-6,"requestedAppliedX":2.952,"requestedAppliedY":-4.428,"appliedX":2.952,"appliedY":-4.428,"actualX":2.5,"actualY":-4.5,"sensitivity":0.738,"currentZoomForScroll":2.494925784224197,"maxScrollStepX":22,"maxScrollStepY":22,"diagonalEvents":1,"clippedEvents":0}
[DebugBridge +34045.8ms] wheel_scroll_motion {"eventCount":2,"rawAbsX":12,"rawAbsY":26,"rawX":12,"rawY":-26,"clippedAbsX":12,"clippedAbsY":26,"clippedX":12,"clippedY":-26,"requestedAppliedX":8.856,"requestedAppliedY":-19.188000000000002,"appliedX":8.856,"appliedY":-19.188000000000002,"actualX":8.5,"actualY":-19.5,"sensitivity":0.738,"currentZoomForScroll":2.494925784224197,"maxScrollStepX":22,"maxScrollStepY":22,"diagonalEvents":2,"clippedEvents":0}
[DebugBridge +34055.4ms] wheel_scroll_motion {"eventCount":1,"rawAbsX":4,"rawAbsY":10,"rawX":4,"rawY":-10,"clippedAbsX":4,"clippedAbsY":10,"clippedX":4,"clippedY":-10,"requestedAppliedX":2.952,"requestedAppliedY":-7.38,"appliedX":2.952,"appliedY":-7.38,"actualX":2.5,"actualY":-7.5,"sensitivity":0.738,"currentZoomForScroll":2.494925784224197,"maxScrollStepX":22,"maxScrollStepY":22,"diagonalEvents":1,"clippedEvents":0}
[DebugBridge +34065.2ms] wheel_scroll_motion {"eventCount":1,"rawAbsX":2,"rawAbsY":8,"rawX":2,"rawY":-8,"clippedAbsX":2,"clippedAbsY":8,"clippedX":2,"clippedY":-8,"requestedAppliedX":1.476,"requestedAppliedY":-5.904,"appliedX":1.476,"appliedY":-5.904,"actualX":1,"actualY":-6,"sensitivity":0.738,"currentZoomForScroll":2.494925784224197,"maxScrollStepX":22,"maxScrollStepY":22,"diagonalEvents":1,"clippedEvents":0}
[DebugBridge +34073.5ms] wheel_scroll_motion {"eventCount":1,"rawAbsX":6,"rawAbsY":20,"rawX":6,"rawY":-20,"clippedAbsX":6,"clippedAbsY":20,"clippedX":6,"clippedY":-20,"requestedAppliedX":4.428,"requestedAppliedY":-14.76,"appliedX":4.428,"appliedY":-14.76,"actualX":4,"actualY":-15,"sensitivity":0.738,"currentZoomForScroll":2.494925784224197,"maxScrollStepX":22,"maxScrollStepY":22,"diagonalEvents":1,"clippedEvents":0}
[DebugBridge +34081.8ms] wheel_scroll_motion {"eventCount":1,"rawAbsX":4,"rawAbsY":16,"rawX":4,"rawY":-16,"clippedAbsX":4,"clippedAbsY":16,"clippedX":4,"clippedY":-16,"requestedAppliedX":2.952,"requestedAppliedY":-11.808,"appliedX":2.952,"appliedY":-11.808,"actualX":2.5,"actualY":-12,"sensitivity":0.738,"currentZoomForScroll":2.494925784224197,"maxScrollStepX":22,"maxScrollStepY":22,"diagonalEvents":1,"clippedEvents":0}
[DebugBridge +34090.2ms] wheel_scroll_motion {"eventCount":1,"rawAbsX":6,"rawAbsY":12,"rawX":6,"rawY":-12,"clippedAbsX":6,"clippedAbsY":12,"clippedX":6,"clippedY":-12,"requestedAppliedX":4.428,"requestedAppliedY":-8.856,"appliedX":4.428,"appliedY":-8.856,"actualX":4,"actualY":-9,"sensitivity":0.738,"currentZoomForScroll":2.494925784224197,"maxScrollStepX":22,"maxScrollStepY":22,"diagonalEvents":1,"clippedEvents":0}
[DebugBridge +34103.7ms] wheel_scroll_motion {"eventCount":1,"rawAbsX":6,"rawAbsY":14,"rawX":6,"rawY":-14,"clippedAbsX":6,"clippedAbsY":14,"clippedX":6,"clippedY":-14,"requestedAppliedX":4.428,"requestedAppliedY":-10.332,"appliedX":4.428,"appliedY":-10.332,"actualX":4,"actualY":-10.5,"sensitivity":0.738,"currentZoomForScroll":2.494925784224197,"maxScrollStepX":22,"maxScrollStepY":22,"diagonalEvents":1,"clippedEvents":0}
[DebugBridge +34114.7ms] wheel_scroll_motion {"eventCount":1,"rawAbsX":14,"rawAbsY":28,"rawX":14,"rawY":-28,"clippedAbsX":14,"clippedAbsY":28,"clippedX":14,"clippedY":-28,"requestedAppliedX":10.332,"requestedAppliedY":-20.664,"appliedX":10.332,"appliedY":-20.664,"actualX":10,"actualY":-21,"sensitivity":0.738,"currentZoomForScroll":2.494925784224197,"maxScrollStepX":22,"maxScrollStepY":22,"diagonalEvents":1,"clippedEvents":0}
[DebugBridge +34123.4ms] wheel_scroll_motion {"eventCount":1,"rawAbsX":6,"rawAbsY":14,"rawX":6,"rawY":-14,"clippedAbsX":6,"clippedAbsY":14,"clippedX":6,"clippedY":-14,"requestedAppliedX":4.428,"requestedAppliedY":-10.332,"appliedX":4.428,"appliedY":-10.332,"actualX":4,"actualY":-10.5,"sensitivity":0.738,"currentZoomForScroll":2.494925784224197,"maxScrollStepX":22,"maxScrollStepY":22,"diagonalEvents":1,"clippedEvents":0}
[DebugBridge +34131.9ms] wheel_scroll_motion {"eventCount":1,"rawAbsX":6,"rawAbsY":14,"rawX":6,"rawY":-14,"clippedAbsX":6,"clippedAbsY":14,"clippedX":6,"clippedY":-14,"requestedAppliedX":4.428,"requestedAppliedY":-10.332,"appliedX":4.428,"appliedY":-10.332,"actualX":4,"actualY":-10.5,"sensitivity":0.738,"currentZoomForScroll":2.494925784224197,"maxScrollStepX":22,"maxScrollStepY":22,"diagonalEvents":1,"clippedEvents":0}
[DebugBridge +34148.0ms] wheel_scroll_motion {"eventCount":1,"rawAbsX":8,"rawAbsY":16,"rawX":8,"rawY":-16,"clippedAbsX":8,"clippedAbsY":16,"clippedX":8,"clippedY":-16,"requestedAppliedX":5.904,"requestedAppliedY":-11.808,"appliedX":5.904,"appliedY":-11.808,"actualX":5.5,"actualY":-12,"sensitivity":0.738,"currentZoomForScroll":2.494925784224197,"maxScrollStepX":22,"maxScrollStepY":22,"diagonalEvents":1,"clippedEvents":0}
[DebugBridge +34159.2ms] wheel_scroll_motion {"eventCount":1,"rawAbsX":16,"rawAbsY":32,"rawX":16,"rawY":-32,"clippedAbsX":16,"clippedAbsY":30.3887209877788,"clippedX":16,"clippedY":-30.3887209877788,"requestedAppliedX":10.6272,"requestedAppliedY":-20.18418848008268,"appliedX":10.6272,"appliedY":-20.18418848008268,"actualX":10.5,"actualY":-20.5,"sensitivity":0.6642,"currentZoomForScroll":2.494925784224197,"maxScrollStepX":22,"maxScrollStepY":22,"diagonalEvents":1,"clippedEvents":1}
[DebugBridge +34184.4ms] wheel_scroll_motion {"eventCount":1,"rawAbsX":6,"rawAbsY":16,"rawX":6,"rawY":-16,"clippedAbsX":6,"clippedAbsY":16,"clippedX":6,"clippedY":-16,"requestedAppliedX":4.428,"requestedAppliedY":-11.808,"appliedX":4.428,"appliedY":-11.808,"actualX":4,"actualY":-12,"sensitivity":0.738,"currentZoomForScroll":2.494925784224197,"maxScrollStepX":22,"maxScrollStepY":22,"diagonalEvents":1,"clippedEvents":0}
[DebugBridge +34232.2ms] wheel_scroll_motion {"eventCount":3,"rawAbsX":36,"rawAbsY":82,"rawX":36,"rawY":-82,"clippedAbsX":36,"clippedAbsY":72.3887209877788,"clippedX":36,"clippedY":-72.3887209877788,"requestedAppliedX":25.2396,"requestedAppliedY":-51.180188480082684,"appliedX":22,"appliedY":-22,"actualX":22,"actualY":-22,"sensitivity":0.738,"currentZoomForScroll":2.494925784224197,"maxScrollStepX":22,"maxScrollStepY":22,"diagonalEvents":3,"clippedEvents":1}
[DebugBridge +34247.8ms] wheel_scroll_motion {"eventCount":1,"rawAbsX":6,"rawAbsY":10,"rawX":6,"rawY":-10,"clippedAbsX":6,"clippedAbsY":10,"clippedX":6,"clippedY":-10,"requestedAppliedX":4.428,"requestedAppliedY":-7.38,"appliedX":4.428,"appliedY":-7.38,"actualX":4,"actualY":-7.5,"sensitivity":0.738,"currentZoomForScroll":2.494925784224197,"maxScrollStepX":22,"maxScrollStepY":22,"diagonalEvents":1,"clippedEvents":0}
[DebugBridge +35299.1ms] wheel_scroll_motion {"eventCount":3,"rawAbsX":38,"rawAbsY":64,"rawX":38,"rawY":-64,"clippedAbsX":38,"clippedAbsY":64,"clippedX":38,"clippedY":-64,"requestedAppliedX":28.044,"requestedAppliedY":-47.232,"appliedX":22,"appliedY":-22,"actualX":22,"actualY":-22,"sensitivity":0.738,"currentZoomForScroll":2.494925784224197,"maxScrollStepX":22,"maxScrollStepY":22,"diagonalEvents":3,"clippedEvents":0}
[CloudSync][hook] session id minted {"sessionId":"82077267-f392-4c24-bc2a-f72d1e85c1ac"}
[CloudSync][realtime] unsubscribing {"documentId":"d30ac66b-5d2e-4a93-aab3-8fdd84a0af86"}
[CloudSync][realtime] subscribe status {"status":"CLOSED","error":null}
[CloudSync][hook][state-obs] annotationsByPage initial {"currentCount":0,"pages":0,"hydrated":false}
[CloudSync][hook][state-obs] callouts initial {"currentCount":0,"hydrated":false}
[CloudSync][hook] hydrate effect fired {"enabled":false,"documentId":"d30ac66b-5d2e-4a93-aab3-8fdd84a0af86","userId":"170d915c-5741-4e0b-b03f-deaeedae27bd","pdfId":null}
[CloudSync][hook] hydrate skipped — missing prerequisite {"enabled":false,"hasDocumentId":true,"hasUserId":true,"hasPdfId":false}
[Cloud render cache] doc=Package 2 - Rev 4 -- IC.pdf-6291605 painting verified cloud snapshot immediately — count=2867.
[CSeries wipe] doc=Package 2 - Rev 4 -- IC.pdf-6291605 totalCounters=0 legacyRemoved=0 — nothing to wipe.
[CloudSync][hook][state-obs] change {"prevCount":0,"currentCount":2867,"delta":2867,"hydrated":false,"sameRefAsLastByPage":false}
[CloudSync][hook][state-obs] callout change {"prevCount":0,"currentCount":0,"delta":0,"hydrated":false,"sameRefAsLastCallouts":false}
[CloudSync][hook] hydrate effect fired {"enabled":false,"documentId":"d30ac66b-5d2e-4a93-aab3-8fdd84a0af86","userId":"170d915c-5741-4e0b-b03f-deaeedae27bd","pdfId":"Package 2 - Rev 4 -- IC.pdf-6291605"}
[CloudSync][hook] hydrate skipped — missing prerequisite {"enabled":false,"hasDocumentId":true,"hasUserId":true,"hasPdfId":true}
[PDFImport] skipped embedded PDF annotation import — cloud/Y.Doc is authoritative {"documentId":"d30ac66b-5d2e-4a93-aab3-8fdd84a0af86"}
[PrintPanel] RENDER — panel closed
[HIGHLIGHT-SYNC][load.legacy][pdf=Package 2 - Rev 4 -- IC.pdf] {"documentId":"d30ac66b-5d2e-4a93-aab3-8fdd84a0af86","totalRows":0,"fabricCarryingDropped":0,"keptCount":0,"keptIds":[]}
[CloudSync][hook] hydrate effect fired {"enabled":true,"documentId":"d30ac66b-5d2e-4a93-aab3-8fdd84a0af86","userId":"170d915c-5741-4e0b-b03f-deaeedae27bd","pdfId":"Package 2 - Rev 4 -- IC.pdf-6291605"}
[CloudSync][hook] stage=hydrating
[CloudSync][hook] fabric push skipped — not hydrated yet
[CloudSync][hook] callout push skipped — not hydrated yet
[CloudSync][realtime] subscribing {"documentId":"d30ac66b-5d2e-4a93-aab3-8fdd84a0af86","currentUserId":"170d915c-5741-4e0b-b03f-deaeedae27bd","currentSessionId":"82077267-f392-4c24-bc2a-f72d1e85c1ac","hasFabricInsert":true,"hasFabricUpdate":true,"hasFabricDelete":true,"hasCalloutInsert":true,"hasCalloutUpdate":true,"hasCalloutDelete":true}
[CloudSync][realtime] subscribe status {"status":"SUBSCRIBED","error":null}
[CloudSync][hook] post-subscribe catch-up skipped — startup sync already in flight
[CloudSync][hook] cutover-complete hydrate — reading from Y.Doc {"documentId":"d30ac66b-5d2e-4a93-aab3-8fdd84a0af86","cutoverTs":"2026-05-05T16:30:00.778+00:00"}
[Phase31 UAT] hydrate:cutover-sealed {"documentId":"d30ac66b-5d2e-4a93-aab3-8fdd84a0af86","pdfId":"Package 2 - Rev 4 -- IC.pdf-6291605","cutoverTs":"2026-05-05T16:30:00.778+00:00","yMapSize":2867,"materializedTotal":2867,"materializedDrawnByMe":2867,"materializedDrawnByOthers":0,"materializedImported":0,"pages":6,"perPage":{"6":359,"7":146,"8":393,"9":1382,"10":330,"11":257},"currentStateCount":2867,"ydocLooksDegenerate":false}
[Phase31 UAT] hydrate:cutover-sealed:by-type {"documentId":"d30ac66b-5d2e-4a93-aab3-8fdd84a0af86","pdfFile":"Package 2 - Rev 4 -- IC.pdf-6291605","viewerUserId":"170d915c-5741-4e0b-b03f-deaeedae27bd","yMapTotal":2867,"yMapByType":{"path":2860,"rect":6,"textbox":1},"yMapByAuthor":{"byMe":2867,"byOthers":0,"anonymous":0},"yMapByTypeByAuthor":{"path":{"byMe":2860,"byOthers":0,"anonymous":0},"rect":{"byMe":6,"byOthers":0,"anonymous":0},"textbox":{"byMe":1,"byOthers":0,"anonymous":0}},"yMapPerTypePerPage":{"path":{"6":357,"7":145,"8":392,"9":1381,"10":329,"11":256},"rect":{"6":1,"7":1,"8":1,"9":1,"10":1,"11":1},"textbox":{"6":1}},"byPageTotal":2867,"byPageByType":{"path":2860,"rect":6,"textbox":1},"byPagePerPagePerType":{"6":{"path":357,"rect":1,"textbox":1},"7":{"path":145,"rect":1},"8":{"path":392,"rect":1},"9":{"path":1381,"rect":1},"10":{"rect":1,"path":329},"11":{"path":256,"rect":1}}}
[CloudSync][hook][state-obs] change {"prevCount":2867,"currentCount":2867,"delta":0,"hydrated":true,"sameRefAsLastByPage":true}
[DebugBridge +87812.6ms] pdf_loaded {"pageCount":36,"currentPage":1}
[HyperlinkDiag] post-load scan {"hyperlinkCount":0,"samples":[]}
[HyperlinkDiag] page 1 layers {"hyperlinkChildren":0,"layerClasses":["DIV","e-spinner-pane e-spin-hide","e-pv-page-canvas","e-pv-text-layer","e-pv-annotation-canvas"]}
[HyperlinkDiag] page 2 layers {"hyperlinkChildren":0,"layerClasses":["DIV","e-spinner-pane e-spin-hide","e-pv-page-canvas","e-pv-text-layer","e-pv-annotation-canvas"]}
[HyperlinkDiag] page 3 layers {"hyperlinkChildren":0,"layerClasses":["DIV","e-spinner-pane e-spin-hide","e-pv-page-canvas","e-pv-text-layer","e-pv-annotation-canvas","IMG","IMG","IMG","IMG"]}
[HyperlinkDiag] page 4 layers {"hyperlinkChildren":0,"layerClasses":["DIV","e-spinner-pane e-spin-hide","e-pv-page-canvas","e-pv-text-layer","e-pv-annotation-canvas","IMG","IMG","IMG","IMG"]}
[HyperlinkDiag] page 5 layers {"hyperlinkChildren":0,"layerClasses":["DIV","e-spinner-pane e-spin-hide","e-pv-page-canvas","e-pv-text-layer","e-pv-annotation-canvas","IMG","IMG","IMG","IMG"]}
[HyperlinkDiag] page 6 layers {"hyperlinkChildren":0,"layerClasses":["DIV","e-spinner-pane e-spin-show","e-pv-page-canvas","e-pv-text-layer","e-pv-annotation-canvas"]}
[HyperlinkDiag] page 7 layers {"hyperlinkChildren":0,"layerClasses":["DIV","e-spinner-pane e-spin-show","e-pv-page-canvas","e-pv-text-layer","e-pv-annotation-canvas"]}
[HyperlinkDiag] page 8 layers {"hyperlinkChildren":0,"layerClasses":["DIV","e-spinner-pane e-spin-show","e-pv-page-canvas","e-pv-text-layer","e-pv-annotation-canvas"]}
[HyperlinkDiag] page 9 layers {"hyperlinkChildren":0,"layerClasses":["DIV","e-spinner-pane e-spin-show","e-pv-page-canvas","e-pv-text-layer","e-pv-annotation-canvas"]}
[HyperlinkDiag] page 10 layers {"hyperlinkChildren":0,"layerClasses":["DIV","e-spinner-pane e-spin-show","e-pv-page-canvas","e-pv-text-layer","e-pv-annotation-canvas"]}
[CloudSync][realtime] unsubscribing {"documentId":"d30ac66b-5d2e-4a93-aab3-8fdd84a0af86"}
[CloudSync][realtime] subscribe status {"status":"CLOSED","error":null}
[CloudSync][hook] hydrate effect fired {"enabled":true,"documentId":"d30ac66b-5d2e-4a93-aab3-8fdd84a0af86","userId":"170d915c-5741-4e0b-b03f-deaeedae27bd","pdfId":"Package 2 - Rev 4 -- IC.pdf-6291605"}
[CloudSync][hook] stage=hydrating
[CloudSync][hook] fabric push skipped — not hydrated yet
[CloudSync][hook] callout push skipped — not hydrated yet
[CloudSync][realtime] subscribing {"documentId":"d30ac66b-5d2e-4a93-aab3-8fdd84a0af86","currentUserId":"170d915c-5741-4e0b-b03f-deaeedae27bd","currentSessionId":"82077267-f392-4c24-bc2a-f72d1e85c1ac","hasFabricInsert":true,"hasFabricUpdate":true,"hasFabricDelete":true,"hasCalloutInsert":true,"hasCalloutUpdate":true,"hasCalloutDelete":true}
[Cloud render cache] doc=Package 2 - Rev 4 -- IC.pdf-6291605 painting verified cloud snapshot immediately — count=2867.
[CSeries wipe] doc=Package 2 - Rev 4 -- IC.pdf-6291605 skip — wipe already ran this session.
[CloudSync][realtime] unsubscribing {"documentId":"d30ac66b-5d2e-4a93-aab3-8fdd84a0af86"}
[CloudSync][realtime] subscribe status {"status":"CLOSED","error":null}
[CloudSync][hook][state-obs] change {"prevCount":2867,"currentCount":2867,"delta":0,"hydrated":false,"sameRefAsLastByPage":false}
[CloudSync][hook][state-obs] callout change {"prevCount":0,"currentCount":0,"delta":0,"hydrated":false,"sameRefAsLastCallouts":false}
[CloudSync][hook] hydrate effect fired {"enabled":false,"documentId":"d30ac66b-5d2e-4a93-aab3-8fdd84a0af86","userId":"170d915c-5741-4e0b-b03f-deaeedae27bd","pdfId":"Package 2 - Rev 4 -- IC.pdf-6291605"}
[CloudSync][hook] hydrate skipped — missing prerequisite {"enabled":false,"hasDocumentId":true,"hasUserId":true,"hasPdfId":true}
[HIGHLIGHT-SYNC][load.legacy][pdf=Package 2 - Rev 4 -- IC.pdf] {"documentId":"d30ac66b-5d2e-4a93-aab3-8fdd84a0af86","totalRows":0,"fabricCarryingDropped":0,"keptCount":0,"keptIds":[]}
[CloudSync][hook] hydrate effect fired {"enabled":true,"documentId":"d30ac66b-5d2e-4a93-aab3-8fdd84a0af86","userId":"170d915c-5741-4e0b-b03f-deaeedae27bd","pdfId":"Package 2 - Rev 4 -- IC.pdf-6291605"}
[CloudSync][hook] stage=hydrating
[CloudSync][hook] fabric push skipped — not hydrated yet
[CloudSync][hook] callout push skipped — not hydrated yet
[CloudSync][realtime] subscribing {"documentId":"d30ac66b-5d2e-4a93-aab3-8fdd84a0af86","currentUserId":"170d915c-5741-4e0b-b03f-deaeedae27bd","currentSessionId":"82077267-f392-4c24-bc2a-f72d1e85c1ac","hasFabricInsert":true,"hasFabricUpdate":true,"hasFabricDelete":true,"hasCalloutInsert":true,"hasCalloutUpdate":true,"hasCalloutDelete":true}
[CloudSync][realtime] subscribe status {"status":"SUBSCRIBED","error":null}
[Phase31 UAT] post-subscribe catch-up skipped — doc is cutover-sealed, Y.Doc + realtime is source of truth {"documentId":"d30ac66b-5d2e-4a93-aab3-8fdd84a0af86","pdfId":"Package 2 - Rev 4 -- IC.pdf-6291605","cutoverTs":"2026-05-05T16:30:00.778+00:00","ydocAuthoritative":true}
[CloudSync][hook] cutover-complete hydrate — reading from Y.Doc {"documentId":"d30ac66b-5d2e-4a93-aab3-8fdd84a0af86","cutoverTs":"2026-05-05T16:30:00.778+00:00"}
[Phase31 UAT] hydrate:cutover-sealed {"documentId":"d30ac66b-5d2e-4a93-aab3-8fdd84a0af86","pdfId":"Package 2 - Rev 4 -- IC.pdf-6291605","cutoverTs":"2026-05-05T16:30:00.778+00:00","yMapSize":2867,"materializedTotal":2867,"materializedDrawnByMe":2867,"materializedDrawnByOthers":0,"materializedImported":0,"pages":6,"perPage":{"6":359,"7":146,"8":393,"9":1382,"10":330,"11":257},"currentStateCount":2867,"ydocLooksDegenerate":false}
[Phase31 UAT] hydrate:cutover-sealed:by-type {"documentId":"d30ac66b-5d2e-4a93-aab3-8fdd84a0af86","pdfFile":"Package 2 - Rev 4 -- IC.pdf-6291605","viewerUserId":"170d915c-5741-4e0b-b03f-deaeedae27bd","yMapTotal":2867,"yMapByType":{"path":2860,"rect":6,"textbox":1},"yMapByAuthor":{"byMe":2867,"byOthers":0,"anonymous":0},"yMapByTypeByAuthor":{"path":{"byMe":2860,"byOthers":0,"anonymous":0},"rect":{"byMe":6,"byOthers":0,"anonymous":0},"textbox":{"byMe":1,"byOthers":0,"anonymous":0}},"yMapPerTypePerPage":{"path":{"6":357,"7":145,"8":392,"9":1381,"10":329,"11":256},"rect":{"6":1,"7":1,"8":1,"9":1,"10":1,"11":1},"textbox":{"6":1}},"byPageTotal":2867,"byPageByType":{"path":2860,"rect":6,"textbox":1},"byPagePerPagePerType":{"6":{"path":357,"rect":1,"textbox":1},"7":{"path":145,"rect":1},"8":{"path":392,"rect":1},"9":{"path":1381,"rect":1},"10":{"rect":1,"path":329},"11":{"path":256,"rect":1}}}
[CloudSync][hook][state-obs] change {"prevCount":2867,"currentCount":2867,"delta":0,"hydrated":true,"sameRefAsLastByPage":true}
[PDFImport] skipped embedded PDF annotation import — cloud/Y.Doc is authoritative {"documentId":"d30ac66b-5d2e-4a93-aab3-8fdd84a0af86"}
[PrintPanel] RENDER — panel closed
[DebugBridge +98051.7ms] pdf_loaded {"pageCount":36,"currentPage":1}
[HyperlinkDiag] post-load scan {"hyperlinkCount":0,"samples":[]}
[HyperlinkDiag] page 1 layers {"hyperlinkChildren":0,"layerClasses":["DIV","e-spinner-pane e-spin-hide","e-pv-page-canvas","e-pv-text-layer","e-pv-annotation-canvas"]}
[HyperlinkDiag] page 2 layers {"hyperlinkChildren":0,"layerClasses":["DIV","e-spinner-pane e-spin-hide","e-pv-page-canvas","e-pv-text-layer","e-pv-annotation-canvas"]}
[HyperlinkDiag] page 3 layers {"hyperlinkChildren":0,"layerClasses":["DIV","e-spinner-pane e-spin-hide","e-pv-page-canvas","e-pv-text-layer","e-pv-annotation-canvas","IMG","IMG","IMG","IMG"]}
[HyperlinkDiag] page 4 layers {"hyperlinkChildren":0,"layerClasses":["DIV","e-spinner-pane e-spin-show","e-pv-page-canvas","e-pv-text-layer","e-pv-annotation-canvas"]}
[HyperlinkDiag] page 5 layers {"hyperlinkChildren":0,"layerClasses":["DIV","e-spinner-pane e-spin-show","e-pv-page-canvas","e-pv-text-layer","e-pv-annotation-canvas"]}
[HyperlinkDiag] page 6 layers {"hyperlinkChildren":0,"layerClasses":["DIV","e-spinner-pane e-spin-show","e-pv-page-canvas","e-pv-text-layer","e-pv-annotation-canvas"]}
[HyperlinkDiag] page 7 layers {"hyperlinkChildren":0,"layerClasses":["DIV","e-spinner-pane e-spin-show","e-pv-page-canvas","e-pv-text-layer","e-pv-annotation-canvas"]}
[HyperlinkDiag] page 8 layers {"hyperlinkChildren":0,"layerClasses":["DIV","e-spinner-pane e-spin-show","e-pv-page-canvas","e-pv-text-layer","e-pv-annotation-canvas"]}
[HyperlinkDiag] page 9 layers {"hyperlinkChildren":0,"layerClasses":["DIV","e-spinner-pane e-spin-show","e-pv-page-canvas","e-pv-text-layer","e-pv-annotation-canvas"]}
[HyperlinkDiag] page 10 layers {"hyperlinkChildren":0,"layerClasses":["DIV","e-spinner-pane e-spin-show","e-pv-page-canvas","e-pv-text-layer","e-pv-annotation-canvas"]}
[CloudSync][realtime] unsubscribing {"documentId":"d30ac66b-5d2e-4a93-aab3-8fdd84a0af86"}
[CloudSync][realtime] subscribe status {"status":"CLOSED","error":null}
[CloudSync][hook] hydrate effect fired {"enabled":true,"documentId":"d30ac66b-5d2e-4a93-aab3-8fdd84a0af86","userId":"170d915c-5741-4e0b-b03f-deaeedae27bd","pdfId":"Package 2 - Rev 4 -- IC.pdf-6291605"}
[CloudSync][hook] stage=hydrating
[CloudSync][hook] fabric push skipped — not hydrated yet
[CloudSync][hook] callout push skipped — not hydrated yet
[CloudSync][realtime] subscribing {"documentId":"d30ac66b-5d2e-4a93-aab3-8fdd84a0af86","currentUserId":"170d915c-5741-4e0b-b03f-deaeedae27bd","currentSessionId":"82077267-f392-4c24-bc2a-f72d1e85c1ac","hasFabricInsert":true,"hasFabricUpdate":true,"hasFabricDelete":true,"hasCalloutInsert":true,"hasCalloutUpdate":true,"hasCalloutDelete":true}
[Cloud render cache] doc=Package 2 - Rev 4 -- IC.pdf-6291605 painting verified cloud snapshot immediately — count=2867.
[CSeries wipe] doc=Package 2 - Rev 4 -- IC.pdf-6291605 skip — wipe already ran this session.
[CloudSync][realtime] unsubscribing {"documentId":"d30ac66b-5d2e-4a93-aab3-8fdd84a0af86"}
[CloudSync][realtime] subscribe status {"status":"CLOSED","error":null}
[CloudSync][hook][state-obs] change {"prevCount":2867,"currentCount":2867,"delta":0,"hydrated":false,"sameRefAsLastByPage":false}
[CloudSync][hook][state-obs] callout change {"prevCount":0,"currentCount":0,"delta":0,"hydrated":false,"sameRefAsLastCallouts":false}
[CloudSync][hook] hydrate effect fired {"enabled":false,"documentId":"d30ac66b-5d2e-4a93-aab3-8fdd84a0af86","userId":"170d915c-5741-4e0b-b03f-deaeedae27bd","pdfId":"Package 2 - Rev 4 -- IC.pdf-6291605"}
[CloudSync][hook] hydrate skipped — missing prerequisite {"enabled":false,"hasDocumentId":true,"hasUserId":true,"hasPdfId":true}
[HIGHLIGHT-SYNC][load.legacy][pdf=Package 2 - Rev 4 -- IC.pdf] {"documentId":"d30ac66b-5d2e-4a93-aab3-8fdd84a0af86","totalRows":0,"fabricCarryingDropped":0,"keptCount":0,"keptIds":[]}
[CloudSync][hook] hydrate effect fired {"enabled":true,"documentId":"d30ac66b-5d2e-4a93-aab3-8fdd84a0af86","userId":"170d915c-5741-4e0b-b03f-deaeedae27bd","pdfId":"Package 2 - Rev 4 -- IC.pdf-6291605"}
[CloudSync][hook] stage=hydrating
[CloudSync][hook] fabric push skipped — not hydrated yet
[CloudSync][hook] callout push skipped — not hydrated yet
[CloudSync][realtime] subscribing {"documentId":"d30ac66b-5d2e-4a93-aab3-8fdd84a0af86","currentUserId":"170d915c-5741-4e0b-b03f-deaeedae27bd","currentSessionId":"82077267-f392-4c24-bc2a-f72d1e85c1ac","hasFabricInsert":true,"hasFabricUpdate":true,"hasFabricDelete":true,"hasCalloutInsert":true,"hasCalloutUpdate":true,"hasCalloutDelete":true}
[CloudSync][realtime] subscribe status {"status":"SUBSCRIBED","error":null}
[Phase31 UAT] post-subscribe catch-up skipped — doc is cutover-sealed, Y.Doc + realtime is source of truth {"documentId":"d30ac66b-5d2e-4a93-aab3-8fdd84a0af86","pdfId":"Package 2 - Rev 4 -- IC.pdf-6291605","cutoverTs":"2026-05-05T16:30:00.778+00:00","ydocAuthoritative":true}
[CloudSync][hook] cutover-complete hydrate — reading from Y.Doc {"documentId":"d30ac66b-5d2e-4a93-aab3-8fdd84a0af86","cutoverTs":"2026-05-05T16:30:00.778+00:00"}
[Phase31 UAT] hydrate:cutover-sealed {"documentId":"d30ac66b-5d2e-4a93-aab3-8fdd84a0af86","pdfId":"Package 2 - Rev 4 -- IC.pdf-6291605","cutoverTs":"2026-05-05T16:30:00.778+00:00","yMapSize":2867,"materializedTotal":2867,"materializedDrawnByMe":2867,"materializedDrawnByOthers":0,"materializedImported":0,"pages":6,"perPage":{"6":359,"7":146,"8":393,"9":1382,"10":330,"11":257},"currentStateCount":2867,"ydocLooksDegenerate":false}
[Phase31 UAT] hydrate:cutover-sealed:by-type {"documentId":"d30ac66b-5d2e-4a93-aab3-8fdd84a0af86","pdfFile":"Package 2 - Rev 4 -- IC.pdf-6291605","viewerUserId":"170d915c-5741-4e0b-b03f-deaeedae27bd","yMapTotal":2867,"yMapByType":{"path":2860,"rect":6,"textbox":1},"yMapByAuthor":{"byMe":2867,"byOthers":0,"anonymous":0},"yMapByTypeByAuthor":{"path":{"byMe":2860,"byOthers":0,"anonymous":0},"rect":{"byMe":6,"byOthers":0,"anonymous":0},"textbox":{"byMe":1,"byOthers":0,"anonymous":0}},"yMapPerTypePerPage":{"path":{"6":357,"7":145,"8":392,"9":1381,"10":329,"11":256},"rect":{"6":1,"7":1,"8":1,"9":1,"10":1,"11":1},"textbox":{"6":1}},"byPageTotal":2867,"byPageByType":{"path":2860,"rect":6,"textbox":1},"byPagePerPagePerType":{"6":{"path":357,"rect":1,"textbox":1},"7":{"path":145,"rect":1},"8":{"path":392,"rect":1},"9":{"path":1381,"rect":1},"10":{"rect":1,"path":329},"11":{"path":256,"rect":1}}}
[CloudSync][hook][state-obs] change {"prevCount":2867,"currentCount":2867,"delta":0,"hydrated":true,"sameRefAsLastByPage":true}
[PDFImport] skipped embedded PDF annotation import — cloud/Y.Doc is authoritative {"documentId":"d30ac66b-5d2e-4a93-aab3-8fdd84a0af86"}
[PrintPanel] RENDER — panel closed
[DebugBridge +104005.6ms] pdf_loaded {"pageCount":36,"currentPage":1}
[HyperlinkDiag] post-load scan {"hyperlinkCount":0,"samples":[]}
[HyperlinkDiag] page 1 layers {"hyperlinkChildren":0,"layerClasses":["DIV","e-spinner-pane e-spin-hide","e-pv-page-canvas","e-pv-text-layer","e-pv-annotation-canvas"]}
[HyperlinkDiag] page 2 layers {"hyperlinkChildren":0,"layerClasses":["DIV","e-spinner-pane e-spin-hide","e-pv-page-canvas","e-pv-text-layer","e-pv-annotation-canvas"]}
[HyperlinkDiag] page 3 layers {"hyperlinkChildren":0,"layerClasses":["DIV","e-spinner-pane e-spin-hide","e-pv-page-canvas","e-pv-text-layer","e-pv-annotation-canvas","IMG","IMG","IMG","IMG"]}
[HyperlinkDiag] page 4 layers {"hyperlinkChildren":0,"layerClasses":["DIV","e-spinner-pane e-spin-hide","e-pv-page-canvas","e-pv-text-layer","e-pv-annotation-canvas","IMG"]}
[HyperlinkDiag] page 5 layers {"hyperlinkChildren":0,"layerClasses":["DIV","e-spinner-pane e-spin-show","e-pv-page-canvas","e-pv-text-layer","e-pv-annotation-canvas"]}
[HyperlinkDiag] page 6 layers {"hyperlinkChildren":0,"layerClasses":["DIV","e-spinner-pane e-spin-show","e-pv-page-canvas","e-pv-text-layer","e-pv-annotation-canvas"]}
[HyperlinkDiag] page 7 layers {"hyperlinkChildren":0,"layerClasses":["DIV","e-spinner-pane e-spin-show","e-pv-page-canvas","e-pv-text-layer","e-pv-annotation-canvas"]}
[HyperlinkDiag] page 8 layers {"hyperlinkChildren":0,"layerClasses":["DIV","e-spinner-pane e-spin-show","e-pv-page-canvas","e-pv-text-layer","e-pv-annotation-canvas"]}
[HyperlinkDiag] page 9 layers {"hyperlinkChildren":0,"layerClasses":["DIV","e-spinner-pane e-spin-show","e-pv-page-canvas","e-pv-text-layer","e-pv-annotation-canvas"]}
[HyperlinkDiag] page 10 layers {"hyperlinkChildren":0,"layerClasses":["DIV","e-spinner-pane e-spin-show","e-pv-page-canvas","e-pv-text-layer","e-pv-annotation-canvas"]}
[CloudSync][realtime] unsubscribing {"documentId":"d30ac66b-5d2e-4a93-aab3-8fdd84a0af86"}
[CloudSync][realtime] subscribe status {"status":"CLOSED","error":null}
[CloudSync][hook] hydrate effect fired {"enabled":true,"documentId":"d30ac66b-5d2e-4a93-aab3-8fdd84a0af86","userId":"170d915c-5741-4e0b-b03f-deaeedae27bd","pdfId":"Package 2 - Rev 4 -- IC.pdf-6291605"}
[CloudSync][hook] stage=hydrating
[CloudSync][hook] fabric push skipped — not hydrated yet
[CloudSync][hook] callout push skipped — not hydrated yet
[CloudSync][realtime] subscribing {"documentId":"d30ac66b-5d2e-4a93-aab3-8fdd84a0af86","currentUserId":"170d915c-5741-4e0b-b03f-deaeedae27bd","currentSessionId":"82077267-f392-4c24-bc2a-f72d1e85c1ac","hasFabricInsert":true,"hasFabricUpdate":true,"hasFabricDelete":true,"hasCalloutInsert":true,"hasCalloutUpdate":true,"hasCalloutDelete":true}
[Cloud render cache] doc=Package 2 - Rev 4 -- IC.pdf-6291605 painting verified cloud snapshot immediately — count=2867.
[CSeries wipe] doc=Package 2 - Rev 4 -- IC.pdf-6291605 skip — wipe already ran this session.
[CloudSync][realtime] unsubscribing {"documentId":"d30ac66b-5d2e-4a93-aab3-8fdd84a0af86"}
[CloudSync][realtime] subscribe status {"status":"CLOSED","error":null}
[CloudSync][hook][state-obs] change {"prevCount":2867,"currentCount":2867,"delta":0,"hydrated":false,"sameRefAsLastByPage":false}
[CloudSync][hook][state-obs] callout change {"prevCount":0,"currentCount":0,"delta":0,"hydrated":false,"sameRefAsLastCallouts":false}
[CloudSync][hook] hydrate effect fired {"enabled":false,"documentId":"d30ac66b-5d2e-4a93-aab3-8fdd84a0af86","userId":"170d915c-5741-4e0b-b03f-deaeedae27bd","pdfId":"Package 2 - Rev 4 -- IC.pdf-6291605"}
[CloudSync][hook] hydrate skipped — missing prerequisite {"enabled":false,"hasDocumentId":true,"hasUserId":true,"hasPdfId":true}
[PDFImport] skipped embedded PDF annotation import — cloud/Y.Doc is authoritative {"documentId":"d30ac66b-5d2e-4a93-aab3-8fdd84a0af86"}
[PrintPanel] RENDER — panel closed
[HIGHLIGHT-SYNC][load.legacy][pdf=Package 2 - Rev 4 -- IC.pdf] {"documentId":"d30ac66b-5d2e-4a93-aab3-8fdd84a0af86","totalRows":0,"fabricCarryingDropped":0,"keptCount":0,"keptIds":[]}
[CloudSync][hook] hydrate effect fired {"enabled":true,"documentId":"d30ac66b-5d2e-4a93-aab3-8fdd84a0af86","userId":"170d915c-5741-4e0b-b03f-deaeedae27bd","pdfId":"Package 2 - Rev 4 -- IC.pdf-6291605"}
[CloudSync][hook] stage=hydrating
[CloudSync][hook] fabric push skipped — not hydrated yet
[CloudSync][hook] callout push skipped — not hydrated yet
[CloudSync][realtime] subscribing {"documentId":"d30ac66b-5d2e-4a93-aab3-8fdd84a0af86","currentUserId":"170d915c-5741-4e0b-b03f-deaeedae27bd","currentSessionId":"82077267-f392-4c24-bc2a-f72d1e85c1ac","hasFabricInsert":true,"hasFabricUpdate":true,"hasFabricDelete":true,"hasCalloutInsert":true,"hasCalloutUpdate":true,"hasCalloutDelete":true}
[CloudSync][realtime] subscribe status {"status":"SUBSCRIBED","error":null}
[Phase31 UAT] post-subscribe catch-up skipped — doc is cutover-sealed, Y.Doc + realtime is source of truth {"documentId":"d30ac66b-5d2e-4a93-aab3-8fdd84a0af86","pdfId":"Package 2 - Rev 4 -- IC.pdf-6291605","cutoverTs":"2026-05-05T16:30:00.778+00:00","ydocAuthoritative":true}
[CloudSync][hook] cutover-complete hydrate — reading from Y.Doc {"documentId":"d30ac66b-5d2e-4a93-aab3-8fdd84a0af86","cutoverTs":"2026-05-05T16:30:00.778+00:00"}
[Phase31 UAT] hydrate:cutover-sealed {"documentId":"d30ac66b-5d2e-4a93-aab3-8fdd84a0af86","pdfId":"Package 2 - Rev 4 -- IC.pdf-6291605","cutoverTs":"2026-05-05T16:30:00.778+00:00","yMapSize":2867,"materializedTotal":2867,"materializedDrawnByMe":2867,"materializedDrawnByOthers":0,"materializedImported":0,"pages":6,"perPage":{"6":359,"7":146,"8":393,"9":1382,"10":330,"11":257},"currentStateCount":2867,"ydocLooksDegenerate":false}
[Phase31 UAT] hydrate:cutover-sealed:by-type {"documentId":"d30ac66b-5d2e-4a93-aab3-8fdd84a0af86","pdfFile":"Package 2 - Rev 4 -- IC.pdf-6291605","viewerUserId":"170d915c-5741-4e0b-b03f-deaeedae27bd","yMapTotal":2867,"yMapByType":{"path":2860,"rect":6,"textbox":1},"yMapByAuthor":{"byMe":2867,"byOthers":0,"anonymous":0},"yMapByTypeByAuthor":{"path":{"byMe":2860,"byOthers":0,"anonymous":0},"rect":{"byMe":6,"byOthers":0,"anonymous":0},"textbox":{"byMe":1,"byOthers":0,"anonymous":0}},"yMapPerTypePerPage":{"path":{"6":357,"7":145,"8":392,"9":1381,"10":329,"11":256},"rect":{"6":1,"7":1,"8":1,"9":1,"10":1,"11":1},"textbox":{"6":1}},"byPageTotal":2867,"byPageByType":{"path":2860,"rect":6,"textbox":1},"byPagePerPagePerType":{"6":{"path":357,"rect":1,"textbox":1},"7":{"path":145,"rect":1},"8":{"path":392,"rect":1},"9":{"path":1381,"rect":1},"10":{"rect":1,"path":329},"11":{"path":256,"rect":1}}}
[CloudSync][hook][state-obs] change {"prevCount":2867,"currentCount":2867,"delta":0,"hydrated":true,"sameRefAsLastByPage":true}
[DebugBridge +229698.2ms] pdf_loaded {"pageCount":36,"currentPage":1}
[HyperlinkDiag] post-load scan {"hyperlinkCount":0,"samples":[]}
[HyperlinkDiag] page 1 layers {"hyperlinkChildren":0,"layerClasses":["DIV","e-spinner-pane e-spin-hide","e-pv-page-canvas","e-pv-text-layer","e-pv-annotation-canvas"]}
[HyperlinkDiag] page 2 layers {"hyperlinkChildren":0,"layerClasses":["DIV","e-spinner-pane e-spin-hide","e-pv-page-canvas","e-pv-text-layer","e-pv-annotation-canvas"]}
[HyperlinkDiag] page 3 layers {"hyperlinkChildren":0,"layerClasses":["DIV","e-spinner-pane e-spin-hide","e-pv-page-canvas","e-pv-text-layer","e-pv-annotation-canvas","IMG","IMG","IMG","IMG"]}
[HyperlinkDiag] page 4 layers {"hyperlinkChildren":0,"layerClasses":["DIV","e-spinner-pane e-spin-hide","e-pv-page-canvas","e-pv-text-layer","e-pv-annotation-canvas","IMG","IMG","IMG","IMG"]}
[HyperlinkDiag] page 5 layers {"hyperlinkChildren":0,"layerClasses":["DIV","e-spinner-pane e-spin-hide","e-pv-page-canvas","e-pv-text-layer","e-pv-annotation-canvas","IMG","IMG","IMG","IMG"]}
[HyperlinkDiag] page 6 layers {"hyperlinkChildren":0,"layerClasses":["DIV","e-spinner-pane e-spin-hide","e-pv-page-canvas","e-pv-text-layer","e-pv-annotation-canvas","IMG"]}
[HyperlinkDiag] page 7 layers {"hyperlinkChildren":0,"layerClasses":["DIV","e-spinner-pane e-spin-show","e-pv-page-canvas","e-pv-text-layer","e-pv-annotation-canvas"]}
[HyperlinkDiag] page 8 layers {"hyperlinkChildren":0,"layerClasses":["DIV","e-spinner-pane e-spin-show","e-pv-page-canvas","e-pv-text-layer","e-pv-annotation-canvas"]}
[HyperlinkDiag] page 9 layers {"hyperlinkChildren":0,"layerClasses":["DIV","e-spinner-pane e-spin-show","e-pv-page-canvas","e-pv-text-layer","e-pv-annotation-canvas"]}
[HyperlinkDiag] page 10 layers {"hyperlinkChildren":0,"layerClasses":["DIV","e-spinner-pane e-spin-show","e-pv-page-canvas","e-pv-text-layer","e-pv-annotation-canvas"]}
[CloudSync][hook] session id minted {"sessionId":"61f68ea4-cead-4130-8ea1-72edcaa6b118"}
[CloudSync][realtime] unsubscribing {"documentId":"d30ac66b-5d2e-4a93-aab3-8fdd84a0af86"}
[CloudSync][realtime] subscribe status {"status":"CLOSED","error":null}
[CloudSync][hook][state-obs] annotationsByPage initial {"currentCount":0,"pages":0,"hydrated":false}
[CloudSync][hook][state-obs] callouts initial {"currentCount":0,"hydrated":false}
[CloudSync][hook] hydrate effect fired {"enabled":false,"documentId":"d30ac66b-5d2e-4a93-aab3-8fdd84a0af86","userId":"170d915c-5741-4e0b-b03f-deaeedae27bd","pdfId":null}
[CloudSync][hook] hydrate skipped — missing prerequisite {"enabled":false,"hasDocumentId":true,"hasUserId":true,"hasPdfId":false}
[Cloud render cache] doc=Package 2 - Rev 4 -- IC.pdf-6291605 painting verified cloud snapshot immediately — count=2867.
[CSeries wipe] doc=Package 2 - Rev 4 -- IC.pdf-6291605 totalCounters=0 legacyRemoved=0 — nothing to wipe.
[CloudSync][hook][state-obs] change {"prevCount":0,"currentCount":2867,"delta":2867,"hydrated":false,"sameRefAsLastByPage":false}
[CloudSync][hook][state-obs] callout change {"prevCount":0,"currentCount":0,"delta":0,"hydrated":false,"sameRefAsLastCallouts":false}
[CloudSync][hook] hydrate effect fired {"enabled":false,"documentId":"d30ac66b-5d2e-4a93-aab3-8fdd84a0af86","userId":"170d915c-5741-4e0b-b03f-deaeedae27bd","pdfId":"Package 2 - Rev 4 -- IC.pdf-6291605"}
[CloudSync][hook] hydrate skipped — missing prerequisite {"enabled":false,"hasDocumentId":true,"hasUserId":true,"hasPdfId":true}
[HIGHLIGHT-SYNC][load.legacy][pdf=Package 2 - Rev 4 -- IC.pdf] {"documentId":"d30ac66b-5d2e-4a93-aab3-8fdd84a0af86","totalRows":0,"fabricCarryingDropped":0,"keptCount":0,"keptIds":[]}
[CloudSync][hook] hydrate effect fired {"enabled":true,"documentId":"d30ac66b-5d2e-4a93-aab3-8fdd84a0af86","userId":"170d915c-5741-4e0b-b03f-deaeedae27bd","pdfId":"Package 2 - Rev 4 -- IC.pdf-6291605"}
[CloudSync][hook] stage=hydrating
[CloudSync][hook] fabric push skipped — not hydrated yet
[CloudSync][hook] callout push skipped — not hydrated yet
[CloudSync][realtime] subscribing {"documentId":"d30ac66b-5d2e-4a93-aab3-8fdd84a0af86","currentUserId":"170d915c-5741-4e0b-b03f-deaeedae27bd","currentSessionId":"61f68ea4-cead-4130-8ea1-72edcaa6b118","hasFabricInsert":true,"hasFabricUpdate":true,"hasFabricDelete":true,"hasCalloutInsert":true,"hasCalloutUpdate":true,"hasCalloutDelete":true}
[CloudSync][realtime] subscribe status {"status":"SUBSCRIBED","error":null}
[CloudSync][hook] post-subscribe catch-up skipped — startup sync already in flight
[PDFImport] skipped embedded PDF annotation import — cloud/Y.Doc is authoritative {"documentId":"d30ac66b-5d2e-4a93-aab3-8fdd84a0af86"}
[PrintPanel] RENDER — panel closed
[CloudSync][hook] cutover-complete hydrate — reading from Y.Doc {"documentId":"d30ac66b-5d2e-4a93-aab3-8fdd84a0af86","cutoverTs":"2026-05-05T16:30:00.778+00:00"}
[Phase31 UAT] hydrate:cutover-sealed {"documentId":"d30ac66b-5d2e-4a93-aab3-8fdd84a0af86","pdfId":"Package 2 - Rev 4 -- IC.pdf-6291605","cutoverTs":"2026-05-05T16:30:00.778+00:00","yMapSize":2867,"materializedTotal":2867,"materializedDrawnByMe":2867,"materializedDrawnByOthers":0,"materializedImported":0,"pages":6,"perPage":{"6":359,"7":146,"8":393,"9":1382,"10":330,"11":257},"currentStateCount":2867,"ydocLooksDegenerate":false}
[Phase31 UAT] hydrate:cutover-sealed:by-type {"documentId":"d30ac66b-5d2e-4a93-aab3-8fdd84a0af86","pdfFile":"Package 2 - Rev 4 -- IC.pdf-6291605","viewerUserId":"170d915c-5741-4e0b-b03f-deaeedae27bd","yMapTotal":2867,"yMapByType":{"path":2860,"rect":6,"textbox":1},"yMapByAuthor":{"byMe":2867,"byOthers":0,"anonymous":0},"yMapByTypeByAuthor":{"path":{"byMe":2860,"byOthers":0,"anonymous":0},"rect":{"byMe":6,"byOthers":0,"anonymous":0},"textbox":{"byMe":1,"byOthers":0,"anonymous":0}},"yMapPerTypePerPage":{"path":{"6":357,"7":145,"8":392,"9":1381,"10":329,"11":256},"rect":{"6":1,"7":1,"8":1,"9":1,"10":1,"11":1},"textbox":{"6":1}},"byPageTotal":2867,"byPageByType":{"path":2860,"rect":6,"textbox":1},"byPagePerPagePerType":{"6":{"path":357,"rect":1,"textbox":1},"7":{"path":145,"rect":1},"8":{"path":392,"rect":1},"9":{"path":1381,"rect":1},"10":{"rect":1,"path":329},"11":{"path":256,"rect":1}}}
[CloudSync][hook][state-obs] change {"prevCount":2867,"currentCount":2867,"delta":0,"hydrated":true,"sameRefAsLastByPage":true}
[DebugBridge +241134.4ms] pdf_loaded {"pageCount":36,"currentPage":1}
[HyperlinkDiag] post-load scan {"hyperlinkCount":0,"samples":[]}
[HyperlinkDiag] page 1 layers {"hyperlinkChildren":0,"layerClasses":["DIV","e-spinner-pane e-spin-hide","e-pv-page-canvas","e-pv-text-layer","e-pv-annotation-canvas"]}
[HyperlinkDiag] page 2 layers {"hyperlinkChildren":0,"layerClasses":["DIV","e-spinner-pane e-spin-hide","e-pv-page-canvas","e-pv-text-layer","e-pv-annotation-canvas"]}
[HyperlinkDiag] page 3 layers {"hyperlinkChildren":0,"layerClasses":["DIV","e-spinner-pane e-spin-hide","e-pv-page-canvas","e-pv-text-layer","e-pv-annotation-canvas","IMG","IMG","IMG","IMG"]}
[HyperlinkDiag] page 4 layers {"hyperlinkChildren":0,"layerClasses":["DIV","e-spinner-pane e-spin-hide","e-pv-page-canvas","e-pv-text-layer","e-pv-annotation-canvas","IMG","IMG","IMG","IMG"]}
[HyperlinkDiag] page 5 layers {"hyperlinkChildren":0,"layerClasses":["DIV","e-spinner-pane e-spin-hide","e-pv-page-canvas","e-pv-text-layer","e-pv-annotation-canvas","IMG","IMG","IMG","IMG"]}
[HyperlinkDiag] page 6 layers {"hyperlinkChildren":0,"layerClasses":["DIV","e-spinner-pane e-spin-hide","e-pv-page-canvas","e-pv-text-layer","e-pv-annotation-canvas","IMG"]}
[HyperlinkDiag] page 7 layers {"hyperlinkChildren":0,"layerClasses":["DIV","e-spinner-pane e-spin-show","e-pv-page-canvas","e-pv-text-layer","e-pv-annotation-canvas"]}
[HyperlinkDiag] page 8 layers {"hyperlinkChildren":0,"layerClasses":["DIV","e-spinner-pane e-spin-show","e-pv-page-canvas","e-pv-text-layer","e-pv-annotation-canvas"]}
[HyperlinkDiag] page 9 layers {"hyperlinkChildren":0,"layerClasses":["DIV","e-spinner-pane e-spin-show","e-pv-page-canvas","e-pv-text-layer","e-pv-annotation-canvas"]}
[HyperlinkDiag] page 10 layers {"hyperlinkChildren":0,"layerClasses":["DIV","e-spinner-pane e-spin-show","e-pv-page-canvas","e-pv-text-layer","e-pv-annotation-canvas"]}
[CloudSync][realtime] unsubscribing {"documentId":"d30ac66b-5d2e-4a93-aab3-8fdd84a0af86"}
[CloudSync][realtime] subscribe status {"status":"CLOSED","error":null}
[CloudSync][hook] hydrate effect fired {"enabled":true,"documentId":"d30ac66b-5d2e-4a93-aab3-8fdd84a0af86","userId":"170d915c-5741-4e0b-b03f-deaeedae27bd","pdfId":"Package 2 - Rev 4 -- IC.pdf-6291605"}
[CloudSync][hook] stage=hydrating
[CloudSync][hook] fabric push skipped — not hydrated yet
[CloudSync][hook] callout push skipped — not hydrated yet
[CloudSync][realtime] subscribing {"documentId":"d30ac66b-5d2e-4a93-aab3-8fdd84a0af86","currentUserId":"170d915c-5741-4e0b-b03f-deaeedae27bd","currentSessionId":"61f68ea4-cead-4130-8ea1-72edcaa6b118","hasFabricInsert":true,"hasFabricUpdate":true,"hasFabricDelete":true,"hasCalloutInsert":true,"hasCalloutUpdate":true,"hasCalloutDelete":true}
[Cloud render cache] doc=Package 2 - Rev 4 -- IC.pdf-6291605 painting verified cloud snapshot immediately — count=2867.
[CSeries wipe] doc=Package 2 - Rev 4 -- IC.pdf-6291605 skip — wipe already ran this session.
[CloudSync][realtime] unsubscribing {"documentId":"d30ac66b-5d2e-4a93-aab3-8fdd84a0af86"}
[CloudSync][realtime] subscribe status {"status":"CLOSED","error":null}
[CloudSync][hook][state-obs] change {"prevCount":2867,"currentCount":2867,"delta":0,"hydrated":false,"sameRefAsLastByPage":false}
[CloudSync][hook][state-obs] callout change {"prevCount":0,"currentCount":0,"delta":0,"hydrated":false,"sameRefAsLastCallouts":false}
[CloudSync][hook] hydrate effect fired {"enabled":false,"documentId":"d30ac66b-5d2e-4a93-aab3-8fdd84a0af86","userId":"170d915c-5741-4e0b-b03f-deaeedae27bd","pdfId":"Package 2 - Rev 4 -- IC.pdf-6291605"}
[CloudSync][hook] hydrate skipped — missing prerequisite {"enabled":false,"hasDocumentId":true,"hasUserId":true,"hasPdfId":true}
[HIGHLIGHT-SYNC][load.legacy][pdf=Package 2 - Rev 4 -- IC.pdf] {"documentId":"d30ac66b-5d2e-4a93-aab3-8fdd84a0af86","totalRows":0,"fabricCarryingDropped":0,"keptCount":0,"keptIds":[]}
[CloudSync][hook] hydrate effect fired {"enabled":true,"documentId":"d30ac66b-5d2e-4a93-aab3-8fdd84a0af86","userId":"170d915c-5741-4e0b-b03f-deaeedae27bd","pdfId":"Package 2 - Rev 4 -- IC.pdf-6291605"}
[CloudSync][hook] stage=hydrating
[CloudSync][hook] fabric push skipped — not hydrated yet
[CloudSync][hook] callout push skipped — not hydrated yet
[CloudSync][realtime] subscribing {"documentId":"d30ac66b-5d2e-4a93-aab3-8fdd84a0af86","currentUserId":"170d915c-5741-4e0b-b03f-deaeedae27bd","currentSessionId":"61f68ea4-cead-4130-8ea1-72edcaa6b118","hasFabricInsert":true,"hasFabricUpdate":true,"hasFabricDelete":true,"hasCalloutInsert":true,"hasCalloutUpdate":true,"hasCalloutDelete":true}
[CloudSync][realtime] subscribe status {"status":"SUBSCRIBED","error":null}
[Phase31 UAT] post-subscribe catch-up skipped — doc is cutover-sealed, Y.Doc + realtime is source of truth {"documentId":"d30ac66b-5d2e-4a93-aab3-8fdd84a0af86","pdfId":"Package 2 - Rev 4 -- IC.pdf-6291605","cutoverTs":"2026-05-05T16:30:00.778+00:00","ydocAuthoritative":true}
[CloudSync][hook] cutover-complete hydrate — reading from Y.Doc {"documentId":"d30ac66b-5d2e-4a93-aab3-8fdd84a0af86","cutoverTs":"2026-05-05T16:30:00.778+00:00"}
[Phase31 UAT] hydrate:cutover-sealed {"documentId":"d30ac66b-5d2e-4a93-aab3-8fdd84a0af86","pdfId":"Package 2 - Rev 4 -- IC.pdf-6291605","cutoverTs":"2026-05-05T16:30:00.778+00:00","yMapSize":2867,"materializedTotal":2867,"materializedDrawnByMe":2867,"materializedDrawnByOthers":0,"materializedImported":0,"pages":6,"perPage":{"6":359,"7":146,"8":393,"9":1382,"10":330,"11":257},"currentStateCount":2867,"ydocLooksDegenerate":false}
[Phase31 UAT] hydrate:cutover-sealed:by-type {"documentId":"d30ac66b-5d2e-4a93-aab3-8fdd84a0af86","pdfFile":"Package 2 - Rev 4 -- IC.pdf-6291605","viewerUserId":"170d915c-5741-4e0b-b03f-deaeedae27bd","yMapTotal":2867,"yMapByType":{"path":2860,"rect":6,"textbox":1},"yMapByAuthor":{"byMe":2867,"byOthers":0,"anonymous":0},"yMapByTypeByAuthor":{"path":{"byMe":2860,"byOthers":0,"anonymous":0},"rect":{"byMe":6,"byOthers":0,"anonymous":0},"textbox":{"byMe":1,"byOthers":0,"anonymous":0}},"yMapPerTypePerPage":{"path":{"6":357,"7":145,"8":392,"9":1381,"10":329,"11":256},"rect":{"6":1,"7":1,"8":1,"9":1,"10":1,"11":1},"textbox":{"6":1}},"byPageTotal":2867,"byPageByType":{"path":2860,"rect":6,"textbox":1},"byPagePerPagePerType":{"6":{"path":357,"rect":1,"textbox":1},"7":{"path":145,"rect":1},"8":{"path":392,"rect":1},"9":{"path":1381,"rect":1},"10":{"rect":1,"path":329},"11":{"path":256,"rect":1}}}
[CloudSync][hook][state-obs] change {"prevCount":2867,"currentCount":2867,"delta":0,"hydrated":true,"sameRefAsLastByPage":true}
[PDFImport] skipped embedded PDF annotation import — cloud/Y.Doc is authoritative {"documentId":"d30ac66b-5d2e-4a93-aab3-8fdd84a0af86"}
[PrintPanel] RENDER — panel closed
[DebugBridge +364998.2ms] pdf_loaded {"pageCount":36,"currentPage":1}
[HyperlinkDiag] post-load scan {"hyperlinkCount":0,"samples":[]}
[HyperlinkDiag] page 1 layers {"hyperlinkChildren":0,"layerClasses":["DIV","e-spinner-pane e-spin-hide","e-pv-page-canvas","e-pv-text-layer","e-pv-annotation-canvas"]}
[HyperlinkDiag] page 2 layers {"hyperlinkChildren":0,"layerClasses":["DIV","e-spinner-pane e-spin-hide","e-pv-page-canvas","e-pv-text-layer","e-pv-annotation-canvas"]}
[HyperlinkDiag] page 3 layers {"hyperlinkChildren":0,"layerClasses":["DIV","e-spinner-pane e-spin-hide","e-pv-page-canvas","e-pv-text-layer","e-pv-annotation-canvas","IMG","IMG","IMG","IMG"]}
[HyperlinkDiag] page 4 layers {"hyperlinkChildren":0,"layerClasses":["DIV","e-spinner-pane e-spin-hide","e-pv-page-canvas","e-pv-text-layer","e-pv-annotation-canvas","IMG","IMG","IMG","IMG"]}
[HyperlinkDiag] page 5 layers {"hyperlinkChildren":0,"layerClasses":["DIV","e-spinner-pane e-spin-hide","e-pv-page-canvas","e-pv-text-layer","e-pv-annotation-canvas","IMG","IMG","IMG","IMG"]}
[HyperlinkDiag] page 6 layers {"hyperlinkChildren":0,"layerClasses":["DIV","e-spinner-pane e-spin-hide","e-pv-page-canvas","e-pv-text-layer","e-pv-annotation-canvas","IMG"]}
[HyperlinkDiag] page 7 layers {"hyperlinkChildren":0,"layerClasses":["DIV","e-spinner-pane e-spin-show","e-pv-page-canvas","e-pv-text-layer","e-pv-annotation-canvas"]}
[HyperlinkDiag] page 8 layers {"hyperlinkChildren":0,"layerClasses":["DIV","e-spinner-pane e-spin-show","e-pv-page-canvas","e-pv-text-layer","e-pv-annotation-canvas"]}
[HyperlinkDiag] page 9 layers {"hyperlinkChildren":0,"layerClasses":["DIV","e-spinner-pane e-spin-show","e-pv-page-canvas","e-pv-text-layer","e-pv-annotation-canvas"]}
[HyperlinkDiag] page 10 layers {"hyperlinkChildren":0,"layerClasses":["DIV","e-spinner-pane e-spin-show","e-pv-page-canvas","e-pv-text-layer","e-pv-annotation-canvas"]}
[CloudSync][realtime] unsubscribing {"documentId":"d30ac66b-5d2e-4a93-aab3-8fdd84a0af86"}
[CloudSync][realtime] subscribe status {"status":"CLOSED","error":null}
[CloudSync][hook] hydrate effect fired {"enabled":true,"documentId":"d30ac66b-5d2e-4a93-aab3-8fdd84a0af86","userId":"170d915c-5741-4e0b-b03f-deaeedae27bd","pdfId":"Package 2 - Rev 4 -- IC.pdf-6291605"}
[CloudSync][hook] stage=hydrating
[CloudSync][hook] fabric push skipped — not hydrated yet
[CloudSync][hook] callout push skipped — not hydrated yet
[CloudSync][realtime] subscribing {"documentId":"d30ac66b-5d2e-4a93-aab3-8fdd84a0af86","currentUserId":"170d915c-5741-4e0b-b03f-deaeedae27bd","currentSessionId":"61f68ea4-cead-4130-8ea1-72edcaa6b118","hasFabricInsert":true,"hasFabricUpdate":true,"hasFabricDelete":true,"hasCalloutInsert":true,"hasCalloutUpdate":true,"hasCalloutDelete":true}
[Cloud render cache] doc=Package 2 - Rev 4 -- IC.pdf-6291605 painting verified cloud snapshot immediately — count=2867.
[CSeries wipe] doc=Package 2 - Rev 4 -- IC.pdf-6291605 skip — wipe already ran this session.
[CloudSync][realtime] unsubscribing {"documentId":"d30ac66b-5d2e-4a93-aab3-8fdd84a0af86"}
[CloudSync][realtime] subscribe status {"status":"CLOSED","error":null}
[CloudSync][hook][state-obs] change {"prevCount":2867,"currentCount":2867,"delta":0,"hydrated":false,"sameRefAsLastByPage":false}
[CloudSync][hook][state-obs] callout change {"prevCount":0,"currentCount":0,"delta":0,"hydrated":false,"sameRefAsLastCallouts":false}
[CloudSync][hook] hydrate effect fired {"enabled":false,"documentId":"d30ac66b-5d2e-4a93-aab3-8fdd84a0af86","userId":"170d915c-5741-4e0b-b03f-deaeedae27bd","pdfId":"Package 2 - Rev 4 -- IC.pdf-6291605"}
[CloudSync][hook] hydrate skipped — missing prerequisite {"enabled":false,"hasDocumentId":true,"hasUserId":true,"hasPdfId":true}
[HIGHLIGHT-SYNC][load.legacy][pdf=Package 2 - Rev 4 -- IC.pdf] {"documentId":"d30ac66b-5d2e-4a93-aab3-8fdd84a0af86","totalRows":0,"fabricCarryingDropped":0,"keptCount":0,"keptIds":[]}
[CloudSync][hook] hydrate effect fired {"enabled":true,"documentId":"d30ac66b-5d2e-4a93-aab3-8fdd84a0af86","userId":"170d915c-5741-4e0b-b03f-deaeedae27bd","pdfId":"Package 2 - Rev 4 -- IC.pdf-6291605"}
[CloudSync][hook] stage=hydrating
[CloudSync][hook] fabric push skipped — not hydrated yet
[CloudSync][hook] callout push skipped — not hydrated yet
[CloudSync][realtime] subscribing {"documentId":"d30ac66b-5d2e-4a93-aab3-8fdd84a0af86","currentUserId":"170d915c-5741-4e0b-b03f-deaeedae27bd","currentSessionId":"61f68ea4-cead-4130-8ea1-72edcaa6b118","hasFabricInsert":true,"hasFabricUpdate":true,"hasFabricDelete":true,"hasCalloutInsert":true,"hasCalloutUpdate":true,"hasCalloutDelete":true}
[CloudSync][realtime] subscribe status {"status":"SUBSCRIBED","error":null}
[Phase31 UAT] post-subscribe catch-up skipped — doc is cutover-sealed, Y.Doc + realtime is source of truth {"documentId":"d30ac66b-5d2e-4a93-aab3-8fdd84a0af86","pdfId":"Package 2 - Rev 4 -- IC.pdf-6291605","cutoverTs":"2026-05-05T16:30:00.778+00:00","ydocAuthoritative":true}
[CloudSync][hook] cutover-complete hydrate — reading from Y.Doc {"documentId":"d30ac66b-5d2e-4a93-aab3-8fdd84a0af86","cutoverTs":"2026-05-05T16:30:00.778+00:00"}
[Phase31 UAT] hydrate:cutover-sealed {"documentId":"d30ac66b-5d2e-4a93-aab3-8fdd84a0af86","pdfId":"Package 2 - Rev 4 -- IC.pdf-6291605","cutoverTs":"2026-05-05T16:30:00.778+00:00","yMapSize":2867,"materializedTotal":2867,"materializedDrawnByMe":2867,"materializedDrawnByOthers":0,"materializedImported":0,"pages":6,"perPage":{"6":359,"7":146,"8":393,"9":1382,"10":330,"11":257},"currentStateCount":2867,"ydocLooksDegenerate":false}
[Phase31 UAT] hydrate:cutover-sealed:by-type {"documentId":"d30ac66b-5d2e-4a93-aab3-8fdd84a0af86","pdfFile":"Package 2 - Rev 4 -- IC.pdf-6291605","viewerUserId":"170d915c-5741-4e0b-b03f-deaeedae27bd","yMapTotal":2867,"yMapByType":{"path":2860,"rect":6,"textbox":1},"yMapByAuthor":{"byMe":2867,"byOthers":0,"anonymous":0},"yMapByTypeByAuthor":{"path":{"byMe":2860,"byOthers":0,"anonymous":0},"rect":{"byMe":6,"byOthers":0,"anonymous":0},"textbox":{"byMe":1,"byOthers":0,"anonymous":0}},"yMapPerTypePerPage":{"path":{"6":357,"7":145,"8":392,"9":1381,"10":329,"11":256},"rect":{"6":1,"7":1,"8":1,"9":1,"10":1,"11":1},"textbox":{"6":1}},"byPageTotal":2867,"byPageByType":{"path":2860,"rect":6,"textbox":1},"byPagePerPagePerType":{"6":{"path":357,"rect":1,"textbox":1},"7":{"path":145,"rect":1},"8":{"path":392,"rect":1},"9":{"path":1381,"rect":1},"10":{"rect":1,"path":329},"11":{"path":256,"rect":1}}}
[CloudSync][hook][state-obs] change {"prevCount":2867,"currentCount":2867,"delta":0,"hydrated":true,"sameRefAsLastByPage":true}
[PDFImport] skipped embedded PDF annotation import — cloud/Y.Doc is authoritative {"documentId":"d30ac66b-5d2e-4a93-aab3-8fdd84a0af86"}
[PrintPanel] RENDER — panel closed
[DebugBridge +373428.5ms] pdf_loaded {"pageCount":36,"currentPage":1}
[HyperlinkDiag] post-load scan {"hyperlinkCount":0,"samples":[]}
[HyperlinkDiag] page 1 layers {"hyperlinkChildren":0,"layerClasses":["DIV","e-spinner-pane e-spin-hide","e-pv-page-canvas","e-pv-text-layer","e-pv-annotation-canvas"]}
[HyperlinkDiag] page 2 layers {"hyperlinkChildren":0,"layerClasses":["DIV","e-spinner-pane e-spin-hide","e-pv-page-canvas","e-pv-text-layer","e-pv-annotation-canvas"]}
[HyperlinkDiag] page 3 layers {"hyperlinkChildren":0,"layerClasses":["DIV","e-spinner-pane e-spin-hide","e-pv-page-canvas","e-pv-text-layer","e-pv-annotation-canvas","IMG","IMG","IMG","IMG"]}
[HyperlinkDiag] page 4 layers {"hyperlinkChildren":0,"layerClasses":["DIV","e-spinner-pane e-spin-hide","e-pv-page-canvas","e-pv-text-layer","e-pv-annotation-canvas","IMG","IMG","IMG","IMG"]}
[HyperlinkDiag] page 5 layers {"hyperlinkChildren":0,"layerClasses":["DIV","e-spinner-pane e-spin-hide","e-pv-page-canvas","e-pv-text-layer","e-pv-annotation-canvas","IMG","IMG","IMG","IMG"]}
[HyperlinkDiag] page 6 layers {"hyperlinkChildren":0,"layerClasses":["DIV","e-spinner-pane e-spin-hide","e-pv-page-canvas","e-pv-text-layer","e-pv-annotation-canvas","IMG","IMG"]}
[HyperlinkDiag] page 7 layers {"hyperlinkChildren":0,"layerClasses":["DIV","e-spinner-pane e-spin-show","e-pv-page-canvas","e-pv-text-layer","e-pv-annotation-canvas"]}
[HyperlinkDiag] page 8 layers {"hyperlinkChildren":0,"layerClasses":["DIV","e-spinner-pane e-spin-show","e-pv-page-canvas","e-pv-text-layer","e-pv-annotation-canvas"]}
[HyperlinkDiag] page 9 layers {"hyperlinkChildren":0,"layerClasses":["DIV","e-spinner-pane e-spin-show","e-pv-page-canvas","e-pv-text-layer","e-pv-annotation-canvas"]}
[HyperlinkDiag] page 10 layers {"hyperlinkChildren":0,"layerClasses":["DIV","e-spinner-pane e-spin-show","e-pv-page-canvas","e-pv-text-layer","e-pv-annotation-canvas"]}
[SVGAnnotationLayer] setRotInputVisible(false) reason=selectedIds.size !== 1
[SVGAnnotationLayer] setRotInputVisible(false) reason=selectedIds.size !== 1
[SVGAnnotationLayer] setRotInputVisible(false) reason=selectedIds.size !== 1
[SVGAnnotationLayer] setRotInputVisible(false) reason=selectedIds.size !== 1
[SVGAnnotationLayer] setRotInputVisible(false) reason=selectedIds.size !== 1
[Phase31 UAT] focus rehydrate skipped — doc is cutover-sealed, Y.Doc + realtime is source of truth {"documentId":"d30ac66b-5d2e-4a93-aab3-8fdd84a0af86","pdfId":"Package 2 - Rev 4 -- IC.pdf-6291605","cutoverTs":"2026-05-05T16:30:00.778+00:00","ydocAuthoritative":true}
[DebugBridge +1326866.4ms] wheel_scroll_motion {"eventCount":3,"rawAbsX":8,"rawAbsY":28,"rawX":8,"rawY":28,"clippedAbsX":8,"clippedAbsY":28,"clippedX":8,"clippedY":28,"requestedAppliedX":5.904,"requestedAppliedY":20.664,"appliedX":5.904,"appliedY":20.664,"actualX":0,"actualY":20.5,"sensitivity":0.738,"currentZoomForScroll":1,"maxScrollStepX":22,"maxScrollStepY":22,"diagonalEvents":3,"clippedEvents":0}
[DebugBridge +1326906.7ms] page_motion_snapshot_show {"page":1,"reason":"syncfusion-wheel-scroll","surfaces":2,"width":563,"height":729,"dpr":1.25}
[DebugBridge +1326927.5ms] page_motion_snapshot_show {"page":2,"reason":"syncfusion-wheel-scroll","surfaces":2,"width":563,"height":729,"dpr":1.25}
[DebugBridge +1327016.9ms] page_motion_snapshot_show {"page":3,"reason":"syncfusion-wheel-scroll","surfaces":5,"width":1126,"height":729,"dpr":1.25}
[DebugBridge +1327061.9ms] page_motion_snapshot_show {"page":4,"reason":"syncfusion-wheel-scroll","surfaces":5,"width":1126,"height":729,"dpr":1.25}
[DebugBridge +1327062.2ms] page_motion_snapshot_batch {"reason":"syncfusion-wheel-scroll","requested":4,"captured":4}
[DebugBridge +1327090.6ms] wheel_scroll_motion {"eventCount":1,"rawAbsX":6,"rawAbsY":26,"rawX":6,"rawY":26,"clippedAbsX":6,"clippedAbsY":26,"clippedX":6,"clippedY":26,"requestedAppliedX":4.428,"requestedAppliedY":19.188,"appliedX":4.428,"appliedY":19.188,"actualX":0,"actualY":19,"sensitivity":0.738,"currentZoomForScroll":1,"maxScrollStepX":22,"maxScrollStepY":22,"diagonalEvents":1,"clippedEvents":0}
[DebugBridge +1327094.0ms] wheel_scroll_motion {"eventCount":1,"rawAbsX":54,"rawAbsY":650,"rawX":54,"rawY":650,"clippedAbsX":48,"clippedAbsY":48,"clippedX":48,"clippedY":48,"requestedAppliedX":31.8816,"requestedAppliedY":31.8816,"appliedX":22,"appliedY":22,"actualX":0,"actualY":22,"sensitivity":0.6642,"currentZoomForScroll":1,"maxScrollStepX":22,"maxScrollStepY":22,"diagonalEvents":1,"clippedEvents":1}
[DebugBridge +1327136.3ms] wheel_scroll_motion {"eventCount":2,"rawAbsX":0,"rawAbsY":2180,"rawX":0,"rawY":2180,"clippedAbsX":0,"clippedAbsY":96,"clippedX":0,"clippedY":96,"requestedAppliedX":0,"requestedAppliedY":70.848,"appliedX":0,"appliedY":22,"actualX":0,"actualY":22,"sensitivity":0.738,"currentZoomForScroll":1,"maxScrollStepX":22,"maxScrollStepY":22,"diagonalEvents":0,"clippedEvents":2}
[DebugBridge +1327140.4ms] wheel_scroll_motion {"eventCount":1,"rawAbsX":0,"rawAbsY":370,"rawX":0,"rawY":370,"clippedAbsX":0,"clippedAbsY":48,"clippedX":0,"clippedY":48,"requestedAppliedX":0,"requestedAppliedY":35.424,"appliedX":0,"appliedY":22,"actualX":0,"actualY":22,"sensitivity":0.738,"currentZoomForScroll":1,"maxScrollStepX":22,"maxScrollStepY":22,"diagonalEvents":0,"clippedEvents":1}
[DebugBridge +1327144.4ms] wheel_scroll_motion {"eventCount":1,"rawAbsX":0,"rawAbsY":86,"rawX":0,"rawY":86,"clippedAbsX":0,"clippedAbsY":48,"clippedX":0,"clippedY":48,"requestedAppliedX":0,"requestedAppliedY":35.424,"appliedX":0,"appliedY":22,"actualX":0,"actualY":22,"sensitivity":0.738,"currentZoomForScroll":1,"maxScrollStepX":22,"maxScrollStepY":22,"diagonalEvents":0,"clippedEvents":1}
[DebugBridge +1327177.8ms] wheel_scroll_motion {"eventCount":2,"rawAbsX":0,"rawAbsY":168,"rawX":0,"rawY":168,"clippedAbsX":0,"clippedAbsY":96,"clippedX":0,"clippedY":96,"requestedAppliedX":0,"requestedAppliedY":70.848,"appliedX":0,"appliedY":22,"actualX":0,"actualY":22,"sensitivity":0.738,"currentZoomForScroll":1,"maxScrollStepX":22,"maxScrollStepY":22,"diagonalEvents":0,"clippedEvents":2}
[DebugBridge +1327182.2ms] wheel_scroll_motion {"eventCount":1,"rawAbsX":0,"rawAbsY":236,"rawX":0,"rawY":236,"clippedAbsX":0,"clippedAbsY":48,"clippedX":0,"clippedY":48,"requestedAppliedX":0,"requestedAppliedY":35.424,"appliedX":0,"appliedY":22,"actualX":0,"actualY":22,"sensitivity":0.738,"currentZoomForScroll":1,"maxScrollStepX":22,"maxScrollStepY":22,"diagonalEvents":0,"clippedEvents":1}
[DebugBridge +1327192.9ms] wheel_scroll_motion {"eventCount":1,"rawAbsX":0,"rawAbsY":72,"rawX":0,"rawY":72,"clippedAbsX":0,"clippedAbsY":48,"clippedX":0,"clippedY":48,"requestedAppliedX":0,"requestedAppliedY":35.424,"appliedX":0,"appliedY":22,"actualX":0,"actualY":22,"sensitivity":0.738,"currentZoomForScroll":1,"maxScrollStepX":22,"maxScrollStepY":22,"diagonalEvents":0,"clippedEvents":1}
[DebugBridge +1327200.3ms] wheel_scroll_motion {"eventCount":1,"rawAbsX":0,"rawAbsY":72,"rawX":0,"rawY":72,"clippedAbsX":0,"clippedAbsY":48,"clippedX":0,"clippedY":48,"requestedAppliedX":0,"requestedAppliedY":35.424,"appliedX":0,"appliedY":22,"actualX":0,"actualY":22,"sensitivity":0.738,"currentZoomForScroll":1,"maxScrollStepX":22,"maxScrollStepY":22,"diagonalEvents":0,"clippedEvents":1}
[DebugBridge +1327210.9ms] wheel_scroll_motion {"eventCount":1,"rawAbsX":0,"rawAbsY":68,"rawX":0,"rawY":68,"clippedAbsX":0,"clippedAbsY":48,"clippedX":0,"clippedY":48,"requestedAppliedX":0,"requestedAppliedY":35.424,"appliedX":0,"appliedY":22,"actualX":0,"actualY":22,"sensitivity":0.738,"currentZoomForScroll":1,"maxScrollStepX":22,"maxScrollStepY":22,"diagonalEvents":0,"clippedEvents":1}
[DebugBridge +1327236.7ms] wheel_scroll_motion {"eventCount":2,"rawAbsX":0,"rawAbsY":128,"rawX":0,"rawY":128,"clippedAbsX":0,"clippedAbsY":96,"clippedX":0,"clippedY":96,"requestedAppliedX":0,"requestedAppliedY":70.848,"appliedX":0,"appliedY":22,"actualX":0,"actualY":22,"sensitivity":0.738,"currentZoomForScroll":1,"maxScrollStepX":22,"maxScrollStepY":22,"diagonalEvents":0,"clippedEvents":2}
[DebugBridge +1327242.0ms] wheel_scroll_motion {"eventCount":1,"rawAbsX":0,"rawAbsY":120,"rawX":0,"rawY":120,"clippedAbsX":0,"clippedAbsY":48,"clippedX":0,"clippedY":48,"requestedAppliedX":0,"requestedAppliedY":35.424,"appliedX":0,"appliedY":22,"actualX":0,"actualY":22,"sensitivity":0.738,"currentZoomForScroll":1,"maxScrollStepX":22,"maxScrollStepY":22,"diagonalEvents":0,"clippedEvents":1}
[DebugBridge +1327272.9ms] wheel_scroll_motion {"eventCount":2,"rawAbsX":0,"rawAbsY":216,"rawX":0,"rawY":216,"clippedAbsX":0,"clippedAbsY":96,"clippedX":0,"clippedY":96,"requestedAppliedX":0,"requestedAppliedY":70.848,"appliedX":0,"appliedY":22,"actualX":0,"actualY":22,"sensitivity":0.738,"currentZoomForScroll":1,"maxScrollStepX":22,"maxScrollStepY":22,"diagonalEvents":0,"clippedEvents":2}
[DebugBridge +1327315.3ms] wheel_scroll_motion {"eventCount":1,"rawAbsX":2,"rawAbsY":18,"rawX":2,"rawY":18,"clippedAbsX":2,"clippedAbsY":18,"clippedX":2,"clippedY":18,"requestedAppliedX":1.476,"requestedAppliedY":13.283999999999999,"appliedX":1.476,"appliedY":13.283999999999999,"actualX":0,"actualY":13,"sensitivity":0.738,"currentZoomForScroll":1,"maxScrollStepX":22,"maxScrollStepY":22,"diagonalEvents":1,"clippedEvents":0}
[DebugBridge +1327323.3ms] wheel_scroll_motion {"eventCount":1,"rawAbsX":6,"rawAbsY":22,"rawX":6,"rawY":22,"clippedAbsX":6,"clippedAbsY":22,"clippedX":6,"clippedY":22,"requestedAppliedX":4.428,"requestedAppliedY":16.236,"appliedX":4.428,"appliedY":16.236,"actualX":0,"actualY":16,"sensitivity":0.738,"currentZoomForScroll":1,"maxScrollStepX":22,"maxScrollStepY":22,"diagonalEvents":1,"clippedEvents":0}
[DebugBridge +1327333.5ms] wheel_scroll_motion {"eventCount":1,"rawAbsX":6,"rawAbsY":32,"rawX":6,"rawY":32,"clippedAbsX":6,"clippedAbsY":32,"clippedX":6,"clippedY":32,"requestedAppliedX":4.428,"requestedAppliedY":23.616,"appliedX":4.428,"appliedY":22,"actualX":0,"actualY":22,"sensitivity":0.738,"currentZoomForScroll":1,"maxScrollStepX":22,"maxScrollStepY":22,"diagonalEvents":1,"clippedEvents":0}
[DebugBridge +1327340.9ms] wheel_scroll_motion {"eventCount":1,"rawAbsX":6,"rawAbsY":40,"rawX":6,"rawY":40,"clippedAbsX":6,"clippedAbsY":40,"clippedX":6,"clippedY":40,"requestedAppliedX":4.428,"requestedAppliedY":29.52,"appliedX":4.428,"appliedY":22,"actualX":0,"actualY":22,"sensitivity":0.738,"currentZoomForScroll":1,"maxScrollStepX":22,"maxScrollStepY":22,"diagonalEvents":1,"clippedEvents":0}
[DebugBridge +1327348.4ms] wheel_scroll_motion {"eventCount":2,"rawAbsX":10,"rawAbsY":118,"rawX":10,"rawY":118,"clippedAbsX":10,"clippedAbsY":96,"clippedX":10,"clippedY":96,"requestedAppliedX":6.6419999999999995,"requestedAppliedY":63.7632,"appliedX":6.6419999999999995,"appliedY":22,"actualX":0,"actualY":22,"sensitivity":0.6642,"currentZoomForScroll":1,"maxScrollStepX":22,"maxScrollStepY":22,"diagonalEvents":2,"clippedEvents":2}
[DebugBridge +1327356.7ms] wheel_scroll_motion {"eventCount":2,"rawAbsX":8,"rawAbsY":110,"rawX":8,"rawY":110,"clippedAbsX":8,"clippedAbsY":88,"clippedX":8,"clippedY":88,"requestedAppliedX":5.6088000000000005,"requestedAppliedY":61.4016,"appliedX":5.6088000000000005,"appliedY":22,"actualX":0,"actualY":22,"sensitivity":0.6642,"currentZoomForScroll":1,"maxScrollStepX":22,"maxScrollStepY":22,"diagonalEvents":2,"clippedEvents":1}
[DebugBridge +1327366.7ms] wheel_scroll_motion {"eventCount":2,"rawAbsX":6,"rawAbsY":120,"rawX":6,"rawY":120,"clippedAbsX":6,"clippedAbsY":92,"clippedX":6,"clippedY":92,"requestedAppliedX":4.2804,"requestedAppliedY":64.3536,"appliedX":4.2804,"appliedY":22,"actualX":0,"actualY":22,"sensitivity":0.6642,"currentZoomForScroll":1,"maxScrollStepX":22,"maxScrollStepY":22,"diagonalEvents":2,"clippedEvents":1}
[DebugBridge +1327373.6ms] page_visit_start {"page":2,"pageCount":36,"revisited":false,"hasContainer":true,"hasPdfSurface":true,"spinnerVisible":false,"hasAnnotationOverlay":false,"ready":true}
[DebugBridge +1327375.4ms] wheel_scroll_motion {"eventCount":2,"rawAbsX":4,"rawAbsY":108,"rawX":4,"rawY":108,"clippedAbsX":4,"clippedAbsY":94,"clippedX":4,"clippedY":94,"requestedAppliedX":2.8044000000000002,"requestedAppliedY":65.8296,"appliedX":2.8044000000000002,"appliedY":22,"actualX":0,"actualY":22,"sensitivity":0.6642,"currentZoomForScroll":1,"maxScrollStepX":22,"maxScrollStepY":22,"diagonalEvents":2,"clippedEvents":1}
[DebugBridge +1327375.6ms] page_visit_ready {"page":2,"pageCount":36,"revisited":false,"waitMs":2,"hasContainer":true,"hasPdfSurface":true,"spinnerVisible":false,"hasAnnotationOverlay":false,"ready":true}
[DebugBridge +1327385.1ms] wheel_scroll_motion {"eventCount":2,"rawAbsX":2,"rawAbsY":104,"rawX":2,"rawY":104,"clippedAbsX":2,"clippedAbsY":80,"clippedX":2,"clippedY":80,"requestedAppliedX":1.476,"requestedAppliedY":59.04,"appliedX":1.476,"appliedY":22,"actualX":0,"actualY":22,"sensitivity":0.738,"currentZoomForScroll":1,"maxScrollStepX":22,"maxScrollStepY":22,"diagonalEvents":1,"clippedEvents":1}
[DebugBridge +1327396.7ms] wheel_scroll_motion {"eventCount":2,"rawAbsX":0,"rawAbsY":330,"rawX":0,"rawY":330,"clippedAbsX":0,"clippedAbsY":96,"clippedX":0,"clippedY":96,"requestedAppliedX":0,"requestedAppliedY":70.848,"appliedX":0,"appliedY":22,"actualX":0,"actualY":22,"sensitivity":0.738,"currentZoomForScroll":1,"maxScrollStepX":22,"maxScrollStepY":22,"diagonalEvents":0,"clippedEvents":2}
[DebugBridge +1327408.4ms] wheel_scroll_motion {"eventCount":1,"rawAbsX":0,"rawAbsY":164,"rawX":0,"rawY":164,"clippedAbsX":0,"clippedAbsY":48,"clippedX":0,"clippedY":48,"requestedAppliedX":0,"requestedAppliedY":35.424,"appliedX":0,"appliedY":22,"actualX":0,"actualY":22,"sensitivity":0.738,"currentZoomForScroll":1,"maxScrollStepX":22,"maxScrollStepY":22,"diagonalEvents":0,"clippedEvents":1}
[DebugBridge +1327415.9ms] wheel_scroll_motion {"eventCount":1,"rawAbsX":0,"rawAbsY":162,"rawX":0,"rawY":162,"clippedAbsX":0,"clippedAbsY":48,"clippedX":0,"clippedY":48,"requestedAppliedX":0,"requestedAppliedY":35.424,"appliedX":0,"appliedY":22,"actualX":0,"actualY":22,"sensitivity":0.738,"currentZoomForScroll":1,"maxScrollStepX":22,"maxScrollStepY":22,"diagonalEvents":0,"clippedEvents":1}
[DebugBridge +1327423.3ms] wheel_scroll_motion {"eventCount":1,"rawAbsX":0,"rawAbsY":158,"rawX":0,"rawY":158,"clippedAbsX":0,"clippedAbsY":48,"clippedX":0,"clippedY":48,"requestedAppliedX":0,"requestedAppliedY":35.424,"appliedX":0,"appliedY":22,"actualX":0,"actualY":22,"sensitivity":0.738,"currentZoomForScroll":1,"maxScrollStepX":22,"maxScrollStepY":22,"diagonalEvents":0,"clippedEvents":1}
[DebugBridge +1327433.3ms] wheel_scroll_motion {"eventCount":1,"rawAbsX":0,"rawAbsY":150,"rawX":0,"rawY":150,"clippedAbsX":0,"clippedAbsY":48,"clippedX":0,"clippedY":48,"requestedAppliedX":0,"requestedAppliedY":35.424,"appliedX":0,"appliedY":22,"actualX":0,"actualY":22,"sensitivity":0.738,"currentZoomForScroll":1,"maxScrollStepX":22,"maxScrollStepY":22,"diagonalEvents":0,"clippedEvents":1}
[DebugBridge +1327440.4ms] wheel_scroll_motion {"eventCount":1,"rawAbsX":0,"rawAbsY":140,"rawX":0,"rawY":140,"clippedAbsX":0,"clippedAbsY":48,"clippedX":0,"clippedY":48,"requestedAppliedX":0,"requestedAppliedY":35.424,"appliedX":0,"appliedY":22,"actualX":0,"actualY":22,"sensitivity":0.738,"currentZoomForScroll":1,"maxScrollStepX":22,"maxScrollStepY":22,"diagonalEvents":0,"clippedEvents":1}
[DebugBridge +1327449.4ms] wheel_scroll_motion {"eventCount":1,"rawAbsX":0,"rawAbsY":136,"rawX":0,"rawY":136,"clippedAbsX":0,"clippedAbsY":48,"clippedX":0,"clippedY":48,"requestedAppliedX":0,"requestedAppliedY":35.424,"appliedX":0,"appliedY":22,"actualX":0,"actualY":22,"sensitivity":0.738,"currentZoomForScroll":1,"maxScrollStepX":22,"maxScrollStepY":22,"diagonalEvents":0,"clippedEvents":1}
[DebugBridge +1327457.1ms] wheel_scroll_motion {"eventCount":1,"rawAbsX":0,"rawAbsY":130,"rawX":0,"rawY":130,"clippedAbsX":0,"clippedAbsY":48,"clippedX":0,"clippedY":48,"requestedAppliedX":0,"requestedAppliedY":35.424,"appliedX":0,"appliedY":22,"actualX":0,"actualY":22,"sensitivity":0.738,"currentZoomForScroll":1,"maxScrollStepX":22,"maxScrollStepY":22,"diagonalEvents":0,"clippedEvents":1}
[DebugBridge +1327466.0ms] wheel_scroll_motion {"eventCount":1,"rawAbsX":0,"rawAbsY":132,"rawX":0,"rawY":132,"clippedAbsX":0,"clippedAbsY":48,"clippedX":0,"clippedY":48,"requestedAppliedX":0,"requestedAppliedY":35.424,"appliedX":0,"appliedY":22,"actualX":0,"actualY":22,"sensitivity":0.738,"currentZoomForScroll":1,"maxScrollStepX":22,"maxScrollStepY":22,"diagonalEvents":0,"clippedEvents":1}
[DebugBridge +1327490.4ms] wheel_scroll_motion {"eventCount":2,"rawAbsX":0,"rawAbsY":372,"rawX":0,"rawY":372,"clippedAbsX":0,"clippedAbsY":96,"clippedX":0,"clippedY":96,"requestedAppliedX":0,"requestedAppliedY":70.848,"appliedX":0,"appliedY":22,"actualX":0,"actualY":22,"sensitivity":0.738,"currentZoomForScroll":1,"maxScrollStepX":22,"maxScrollStepY":22,"diagonalEvents":0,"clippedEvents":2}
[DebugBridge +1327498.3ms] wheel_scroll_motion {"eventCount":1,"rawAbsX":0,"rawAbsY":120,"rawX":0,"rawY":120,"clippedAbsX":0,"clippedAbsY":48,"clippedX":0,"clippedY":48,"requestedAppliedX":0,"requestedAppliedY":35.424,"appliedX":0,"appliedY":22,"actualX":0,"actualY":22,"sensitivity":0.738,"currentZoomForScroll":1,"maxScrollStepX":22,"maxScrollStepY":22,"diagonalEvents":0,"clippedEvents":1}
[DebugBridge +1327506.8ms] wheel_scroll_motion {"eventCount":1,"rawAbsX":0,"rawAbsY":116,"rawX":0,"rawY":116,"clippedAbsX":0,"clippedAbsY":48,"clippedX":0,"clippedY":48,"requestedAppliedX":0,"requestedAppliedY":35.424,"appliedX":0,"appliedY":22,"actualX":0,"actualY":22,"sensitivity":0.738,"currentZoomForScroll":1,"maxScrollStepX":22,"maxScrollStepY":22,"diagonalEvents":0,"clippedEvents":1}
[DebugBridge +1327515.6ms] wheel_scroll_motion {"eventCount":1,"rawAbsX":0,"rawAbsY":116,"rawX":0,"rawY":116,"clippedAbsX":0,"clippedAbsY":48,"clippedX":0,"clippedY":48,"requestedAppliedX":0,"requestedAppliedY":35.424,"appliedX":0,"appliedY":22,"actualX":0,"actualY":22,"sensitivity":0.738,"currentZoomForScroll":1,"maxScrollStepX":22,"maxScrollStepY":22,"diagonalEvents":0,"clippedEvents":1}
[DebugBridge +1327524.2ms] wheel_scroll_motion {"eventCount":1,"rawAbsX":0,"rawAbsY":114,"rawX":0,"rawY":114,"clippedAbsX":0,"clippedAbsY":48,"clippedX":0,"clippedY":48,"requestedAppliedX":0,"requestedAppliedY":35.424,"appliedX":0,"appliedY":22,"actualX":0,"actualY":22,"sensitivity":0.738,"currentZoomForScroll":1,"maxScrollStepX":22,"maxScrollStepY":22,"diagonalEvents":0,"clippedEvents":1}
[DebugBridge +1327532.4ms] wheel_scroll_motion {"eventCount":1,"rawAbsX":0,"rawAbsY":108,"rawX":0,"rawY":108,"clippedAbsX":0,"clippedAbsY":48,"clippedX":0,"clippedY":48,"requestedAppliedX":0,"requestedAppliedY":35.424,"appliedX":0,"appliedY":22,"actualX":0,"actualY":22,"sensitivity":0.738,"currentZoomForScroll":1,"maxScrollStepX":22,"maxScrollStepY":22,"diagonalEvents":0,"clippedEvents":1}
[DebugBridge +1327540.4ms] wheel_scroll_motion {"eventCount":1,"rawAbsX":0,"rawAbsY":108,"rawX":0,"rawY":108,"clippedAbsX":0,"clippedAbsY":48,"clippedX":0,"clippedY":48,"requestedAppliedX":0,"requestedAppliedY":35.424,"appliedX":0,"appliedY":22,"actualX":0,"actualY":22,"sensitivity":0.738,"currentZoomForScroll":1,"maxScrollStepX":22,"maxScrollStepY":22,"diagonalEvents":0,"clippedEvents":1}
[DebugBridge +1327548.2ms] wheel_scroll_motion {"eventCount":1,"rawAbsX":0,"rawAbsY":106,"rawX":0,"rawY":106,"clippedAbsX":0,"clippedAbsY":48,"clippedX":0,"clippedY":48,"requestedAppliedX":0,"requestedAppliedY":35.424,"appliedX":0,"appliedY":22,"actualX":0,"actualY":22,"sensitivity":0.738,"currentZoomForScroll":1,"maxScrollStepX":22,"maxScrollStepY":22,"diagonalEvents":0,"clippedEvents":1}
[DebugBridge +1327556.7ms] wheel_scroll_motion {"eventCount":1,"rawAbsX":0,"rawAbsY":104,"rawX":0,"rawY":104,"clippedAbsX":0,"clippedAbsY":48,"clippedX":0,"clippedY":48,"requestedAppliedX":0,"requestedAppliedY":35.424,"appliedX":0,"appliedY":22,"actualX":0,"actualY":22,"sensitivity":0.738,"currentZoomForScroll":1,"maxScrollStepX":22,"maxScrollStepY":22,"diagonalEvents":0,"clippedEvents":1}
[DebugBridge +1327566.7ms] wheel_scroll_motion {"eventCount":1,"rawAbsX":0,"rawAbsY":100,"rawX":0,"rawY":100,"clippedAbsX":0,"clippedAbsY":48,"clippedX":0,"clippedY":48,"requestedAppliedX":0,"requestedAppliedY":35.424,"appliedX":0,"appliedY":22,"actualX":0,"actualY":22,"sensitivity":0.738,"currentZoomForScroll":1,"maxScrollStepX":22,"maxScrollStepY":22,"diagonalEvents":0,"clippedEvents":1}
[DebugBridge +1327574.3ms] wheel_scroll_motion {"eventCount":1,"rawAbsX":0,"rawAbsY":98,"rawX":0,"rawY":98,"clippedAbsX":0,"clippedAbsY":48,"clippedX":0,"clippedY":48,"requestedAppliedX":0,"requestedAppliedY":35.424,"appliedX":0,"appliedY":22,"actualX":0,"actualY":22,"sensitivity":0.738,"currentZoomForScroll":1,"maxScrollStepX":22,"maxScrollStepY":22,"diagonalEvents":0,"clippedEvents":1}
[DebugBridge +1327581.7ms] wheel_scroll_motion {"eventCount":1,"rawAbsX":0,"rawAbsY":94,"rawX":0,"rawY":94,"clippedAbsX":0,"clippedAbsY":48,"clippedX":0,"clippedY":48,"requestedAppliedX":0,"requestedAppliedY":35.424,"appliedX":0,"appliedY":22,"actualX":0,"actualY":22,"sensitivity":0.738,"currentZoomForScroll":1,"maxScrollStepX":22,"maxScrollStepY":22,"diagonalEvents":0,"clippedEvents":1}
[DebugBridge +1327592.0ms] wheel_scroll_motion {"eventCount":1,"rawAbsX":0,"rawAbsY":96,"rawX":0,"rawY":96,"clippedAbsX":0,"clippedAbsY":48,"clippedX":0,"clippedY":48,"requestedAppliedX":0,"requestedAppliedY":35.424,"appliedX":0,"appliedY":22,"actualX":0,"actualY":22,"sensitivity":0.738,"currentZoomForScroll":1,"maxScrollStepX":22,"maxScrollStepY":22,"diagonalEvents":0,"clippedEvents":1}
[DebugBridge +1327598.7ms] wheel_scroll_motion {"eventCount":1,"rawAbsX":0,"rawAbsY":92,"rawX":0,"rawY":92,"clippedAbsX":0,"clippedAbsY":48,"clippedX":0,"clippedY":48,"requestedAppliedX":0,"requestedAppliedY":35.424,"appliedX":0,"appliedY":22,"actualX":0,"actualY":22,"sensitivity":0.738,"currentZoomForScroll":1,"maxScrollStepX":22,"maxScrollStepY":22,"diagonalEvents":0,"clippedEvents":1}
[DebugBridge +1327606.9ms] wheel_scroll_motion {"eventCount":1,"rawAbsX":0,"rawAbsY":90,"rawX":0,"rawY":90,"clippedAbsX":0,"clippedAbsY":48,"clippedX":0,"clippedY":48,"requestedAppliedX":0,"requestedAppliedY":35.424,"appliedX":0,"appliedY":22,"actualX":0,"actualY":22,"sensitivity":0.738,"currentZoomForScroll":1,"maxScrollStepX":22,"maxScrollStepY":22,"diagonalEvents":0,"clippedEvents":1}
[DebugBridge +1327615.8ms] wheel_scroll_motion {"eventCount":1,"rawAbsX":0,"rawAbsY":86,"rawX":0,"rawY":86,"clippedAbsX":0,"clippedAbsY":48,"clippedX":0,"clippedY":48,"requestedAppliedX":0,"requestedAppliedY":35.424,"appliedX":0,"appliedY":22,"actualX":0,"actualY":22,"sensitivity":0.738,"currentZoomForScroll":1,"maxScrollStepX":22,"maxScrollStepY":22,"diagonalEvents":0,"clippedEvents":1}
[DebugBridge +1327624.2ms] wheel_scroll_motion {"eventCount":1,"rawAbsX":0,"rawAbsY":86,"rawX":0,"rawY":86,"clippedAbsX":0,"clippedAbsY":48,"clippedX":0,"clippedY":48,"requestedAppliedX":0,"requestedAppliedY":35.424,"appliedX":0,"appliedY":22,"actualX":0,"actualY":22,"sensitivity":0.738,"currentZoomForScroll":1,"maxScrollStepX":22,"maxScrollStepY":22,"diagonalEvents":0,"clippedEvents":1}
[DebugBridge +1327632.7ms] wheel_scroll_motion {"eventCount":1,"rawAbsX":0,"rawAbsY":82,"rawX":0,"rawY":82,"clippedAbsX":0,"clippedAbsY":48,"clippedX":0,"clippedY":48,"requestedAppliedX":0,"requestedAppliedY":35.424,"appliedX":0,"appliedY":22,"actualX":0,"actualY":22,"sensitivity":0.738,"currentZoomForScroll":1,"maxScrollStepX":22,"maxScrollStepY":22,"diagonalEvents":0,"clippedEvents":1}
[DebugBridge +1327640.4ms] wheel_scroll_motion {"eventCount":1,"rawAbsX":0,"rawAbsY":80,"rawX":0,"rawY":80,"clippedAbsX":0,"clippedAbsY":48,"clippedX":0,"clippedY":48,"requestedAppliedX":0,"requestedAppliedY":35.424,"appliedX":0,"appliedY":22,"actualX":0,"actualY":22,"sensitivity":0.738,"currentZoomForScroll":1,"maxScrollStepX":22,"maxScrollStepY":22,"diagonalEvents":0,"clippedEvents":1}
[DebugBridge +1327648.0ms] wheel_scroll_motion {"eventCount":1,"rawAbsX":0,"rawAbsY":76,"rawX":0,"rawY":76,"clippedAbsX":0,"clippedAbsY":48,"clippedX":0,"clippedY":48,"requestedAppliedX":0,"requestedAppliedY":35.424,"appliedX":0,"appliedY":22,"actualX":0,"actualY":22,"sensitivity":0.738,"currentZoomForScroll":1,"maxScrollStepX":22,"maxScrollStepY":22,"diagonalEvents":0,"clippedEvents":1}
[DebugBridge +1327657.3ms] wheel_scroll_motion {"eventCount":1,"rawAbsX":0,"rawAbsY":76,"rawX":0,"rawY":76,"clippedAbsX":0,"clippedAbsY":48,"clippedX":0,"clippedY":48,"requestedAppliedX":0,"requestedAppliedY":35.424,"appliedX":0,"appliedY":22,"actualX":0,"actualY":22,"sensitivity":0.738,"currentZoomForScroll":1,"maxScrollStepX":22,"maxScrollStepY":22,"diagonalEvents":0,"clippedEvents":1}
[DebugBridge +1327665.3ms] wheel_scroll_motion {"eventCount":1,"rawAbsX":0,"rawAbsY":72,"rawX":0,"rawY":72,"clippedAbsX":0,"clippedAbsY":48,"clippedX":0,"clippedY":48,"requestedAppliedX":0,"requestedAppliedY":35.424,"appliedX":0,"appliedY":22,"actualX":0,"actualY":22,"sensitivity":0.738,"currentZoomForScroll":1,"maxScrollStepX":22,"maxScrollStepY":22,"diagonalEvents":0,"clippedEvents":1}
[DebugBridge +1327673.4ms] page_visit_start {"page":3,"pageCount":36,"revisited":false,"hasContainer":true,"hasPdfSurface":true,"spinnerVisible":false,"hasAnnotationOverlay":false,"ready":true}
[DebugBridge +1327675.2ms] wheel_scroll_motion {"eventCount":1,"rawAbsX":0,"rawAbsY":72,"rawX":0,"rawY":72,"clippedAbsX":0,"clippedAbsY":48,"clippedX":0,"clippedY":48,"requestedAppliedX":0,"requestedAppliedY":35.424,"appliedX":0,"appliedY":22,"actualX":0,"actualY":22,"sensitivity":0.738,"currentZoomForScroll":1,"maxScrollStepX":22,"maxScrollStepY":22,"diagonalEvents":0,"clippedEvents":1}
[DebugBridge +1327675.4ms] page_visit_ready {"page":3,"pageCount":36,"revisited":false,"waitMs":2,"hasContainer":true,"hasPdfSurface":true,"spinnerVisible":false,"hasAnnotationOverlay":false,"ready":true}
[DebugBridge +1327683.4ms] wheel_scroll_motion {"eventCount":1,"rawAbsX":0,"rawAbsY":68,"rawX":0,"rawY":68,"clippedAbsX":0,"clippedAbsY":48,"clippedX":0,"clippedY":48,"requestedAppliedX":0,"requestedAppliedY":35.424,"appliedX":0,"appliedY":22,"actualX":0,"actualY":22,"sensitivity":0.738,"currentZoomForScroll":1,"maxScrollStepX":22,"maxScrollStepY":22,"diagonalEvents":0,"clippedEvents":1}
[DebugBridge +1327706.9ms] wheel_scroll_motion {"eventCount":1,"rawAbsX":0,"rawAbsY":188,"rawX":0,"rawY":188,"clippedAbsX":0,"clippedAbsY":48,"clippedX":0,"clippedY":48,"requestedAppliedX":0,"requestedAppliedY":35.424,"appliedX":0,"appliedY":22,"actualX":0,"actualY":22,"sensitivity":0.738,"currentZoomForScroll":1,"maxScrollStepX":22,"maxScrollStepY":22,"diagonalEvents":0,"clippedEvents":1}
[DebugBridge +1327715.4ms] wheel_scroll_motion {"eventCount":1,"rawAbsX":0,"rawAbsY":58,"rawX":0,"rawY":58,"clippedAbsX":0,"clippedAbsY":48,"clippedX":0,"clippedY":48,"requestedAppliedX":0,"requestedAppliedY":35.424,"appliedX":0,"appliedY":22,"actualX":0,"actualY":22,"sensitivity":0.738,"currentZoomForScroll":1,"maxScrollStepX":22,"maxScrollStepY":22,"diagonalEvents":0,"clippedEvents":1}
[DebugBridge +1327723.6ms] wheel_scroll_motion {"eventCount":1,"rawAbsX":0,"rawAbsY":56,"rawX":0,"rawY":56,"clippedAbsX":0,"clippedAbsY":48,"clippedX":0,"clippedY":48,"requestedAppliedX":0,"requestedAppliedY":35.424,"appliedX":0,"appliedY":22,"actualX":0,"actualY":22,"sensitivity":0.738,"currentZoomForScroll":1,"maxScrollStepX":22,"maxScrollStepY":22,"diagonalEvents":0,"clippedEvents":1}
[DebugBridge +1327757.4ms] wheel_scroll_motion {"eventCount":1,"rawAbsX":2,"rawAbsY":20,"rawX":2,"rawY":20,"clippedAbsX":2,"clippedAbsY":20,"clippedX":2,"clippedY":20,"requestedAppliedX":1.476,"requestedAppliedY":14.76,"appliedX":1.476,"appliedY":14.76,"actualX":0,"actualY":14.5,"sensitivity":0.738,"currentZoomForScroll":1,"maxScrollStepX":22,"maxScrollStepY":22,"diagonalEvents":1,"clippedEvents":0}
[DebugBridge +1327772.8ms] wheel_scroll_motion {"eventCount":2,"rawAbsX":6,"rawAbsY":28,"rawX":6,"rawY":28,"clippedAbsX":6,"clippedAbsY":28,"clippedX":6,"clippedY":28,"requestedAppliedX":4.428,"requestedAppliedY":20.664,"appliedX":4.428,"appliedY":20.664,"actualX":0,"actualY":20.5,"sensitivity":0.738,"currentZoomForScroll":1,"maxScrollStepX":22,"maxScrollStepY":22,"diagonalEvents":2,"clippedEvents":0}
[DebugBridge +1327781.6ms] wheel_scroll_motion {"eventCount":2,"rawAbsX":6,"rawAbsY":42,"rawX":6,"rawY":42,"clippedAbsX":6,"clippedAbsY":42,"clippedX":6,"clippedY":42,"requestedAppliedX":4.428,"requestedAppliedY":30.996000000000002,"appliedX":4.428,"appliedY":22,"actualX":0,"actualY":22,"sensitivity":0.738,"currentZoomForScroll":1,"maxScrollStepX":22,"maxScrollStepY":22,"diagonalEvents":2,"clippedEvents":0}
[DebugBridge +1327790.1ms] wheel_scroll_motion {"eventCount":2,"rawAbsX":6,"rawAbsY":48,"rawX":6,"rawY":48,"clippedAbsX":6,"clippedAbsY":48,"clippedX":6,"clippedY":48,"requestedAppliedX":4.428,"requestedAppliedY":35.424,"appliedX":4.428,"appliedY":22,"actualX":0,"actualY":22,"sensitivity":0.738,"currentZoomForScroll":1,"maxScrollStepX":22,"maxScrollStepY":22,"diagonalEvents":2,"clippedEvents":0}
[DebugBridge +1327799.6ms] wheel_scroll_motion {"eventCount":2,"rawAbsX":8,"rawAbsY":74,"rawX":8,"rawY":74,"clippedAbsX":8,"clippedAbsY":64,"clippedX":8,"clippedY":64,"requestedAppliedX":5.4612,"requestedAppliedY":43.6896,"appliedX":5.4612,"appliedY":22,"actualX":0,"actualY":22,"sensitivity":0.738,"currentZoomForScroll":1,"maxScrollStepX":22,"maxScrollStepY":22,"diagonalEvents":2,"clippedEvents":1}
[DebugBridge +1327806.8ms] wheel_scroll_motion {"eventCount":1,"rawAbsX":12,"rawAbsY":138,"rawX":12,"rawY":138,"clippedAbsX":12,"clippedAbsY":48,"clippedX":12,"clippedY":48,"requestedAppliedX":7.9704,"requestedAppliedY":31.8816,"appliedX":7.9704,"appliedY":22,"actualX":0,"actualY":22,"sensitivity":0.6642,"currentZoomForScroll":1,"maxScrollStepX":22,"maxScrollStepY":22,"diagonalEvents":1,"clippedEvents":1}
[DebugBridge +1327816.8ms] wheel_scroll_motion {"eventCount":2,"rawAbsX":10,"rawAbsY":144,"rawX":10,"rawY":144,"clippedAbsX":10,"clippedAbsY":78,"clippedX":10,"clippedY":78,"requestedAppliedX":6.7896,"requestedAppliedY":54.0216,"appliedX":6.7896,"appliedY":22,"actualX":0,"actualY":22,"sensitivity":0.738,"currentZoomForScroll":1,"maxScrollStepX":22,"maxScrollStepY":22,"diagonalEvents":2,"clippedEvents":1}
[DebugBridge +1327824.6ms] wheel_scroll_motion {"eventCount":2,"rawAbsX":10,"rawAbsY":198,"rawX":10,"rawY":198,"clippedAbsX":10,"clippedAbsY":96,"clippedX":10,"clippedY":96,"requestedAppliedX":6.642,"requestedAppliedY":63.7632,"appliedX":6.642,"appliedY":22,"actualX":0,"actualY":22,"sensitivity":0.6642,"currentZoomForScroll":1,"maxScrollStepX":22,"maxScrollStepY":22,"diagonalEvents":2,"clippedEvents":2}
[DebugBridge +1327832.4ms] wheel_scroll_motion {"eventCount":1,"rawAbsX":2,"rawAbsY":56,"rawX":2,"rawY":56,"clippedAbsX":2,"clippedAbsY":48,"clippedX":2,"clippedY":48,"requestedAppliedX":1.3284,"requestedAppliedY":31.8816,"appliedX":1.3284,"appliedY":22,"actualX":0,"actualY":22,"sensitivity":0.6642,"currentZoomForScroll":1,"maxScrollStepX":22,"maxScrollStepY":22,"diagonalEvents":1,"clippedEvents":1}
[DebugBridge +1327839.1ms] wheel_scroll_motion {"eventCount":1,"rawAbsX":4,"rawAbsY":128,"rawX":4,"rawY":128,"clippedAbsX":4,"clippedAbsY":48,"clippedX":4,"clippedY":48,"requestedAppliedX":2.6568,"requestedAppliedY":31.8816,"appliedX":2.6568,"appliedY":22,"actualX":0,"actualY":22,"sensitivity":0.6642,"currentZoomForScroll":1,"maxScrollStepX":22,"maxScrollStepY":22,"diagonalEvents":1,"clippedEvents":1}
[DebugBridge +1327849.6ms] wheel_scroll_motion {"eventCount":1,"rawAbsX":2,"rawAbsY":102,"rawX":2,"rawY":102,"clippedAbsX":2,"clippedAbsY":48,"clippedX":2,"clippedY":48,"requestedAppliedX":1.3284,"requestedAppliedY":31.8816,"appliedX":1.3284,"appliedY":22,"actualX":0,"actualY":22,"sensitivity":0.6642,"currentZoomForScroll":1,"maxScrollStepX":22,"maxScrollStepY":22,"diagonalEvents":1,"clippedEvents":1}
[DebugBridge +1327856.8ms] wheel_scroll_motion {"eventCount":1,"rawAbsX":0,"rawAbsY":176,"rawX":0,"rawY":176,"clippedAbsX":0,"clippedAbsY":48,"clippedX":0,"clippedY":48,"requestedAppliedX":0,"requestedAppliedY":35.424,"appliedX":0,"appliedY":22,"actualX":0,"actualY":22,"sensitivity":0.738,"currentZoomForScroll":1,"maxScrollStepX":22,"maxScrollStepY":22,"diagonalEvents":0,"clippedEvents":1}
[DebugBridge +1327864.7ms] wheel_scroll_motion {"eventCount":1,"rawAbsX":0,"rawAbsY":186,"rawX":0,"rawY":186,"clippedAbsX":0,"clippedAbsY":48,"clippedX":0,"clippedY":48,"requestedAppliedX":0,"requestedAppliedY":35.424,"appliedX":0,"appliedY":22,"actualX":0,"actualY":22,"sensitivity":0.738,"currentZoomForScroll":1,"maxScrollStepX":22,"maxScrollStepY":22,"diagonalEvents":0,"clippedEvents":1}
[DebugBridge +1327874.0ms] wheel_scroll_motion {"eventCount":1,"rawAbsX":0,"rawAbsY":180,"rawX":0,"rawY":180,"clippedAbsX":0,"clippedAbsY":48,"clippedX":0,"clippedY":48,"requestedAppliedX":0,"requestedAppliedY":35.424,"appliedX":0,"appliedY":22,"actualX":0,"actualY":22,"sensitivity":0.738,"currentZoomForScroll":1,"maxScrollStepX":22,"maxScrollStepY":22,"diagonalEvents":0,"clippedEvents":1}
[DebugBridge +1327882.5ms] wheel_scroll_motion {"eventCount":1,"rawAbsX":0,"rawAbsY":174,"rawX":0,"rawY":174,"clippedAbsX":0,"clippedAbsY":48,"clippedX":0,"clippedY":48,"requestedAppliedX":0,"requestedAppliedY":35.424,"appliedX":0,"appliedY":22,"actualX":0,"actualY":22,"sensitivity":0.738,"currentZoomForScroll":1,"maxScrollStepX":22,"maxScrollStepY":22,"diagonalEvents":0,"clippedEvents":1}
[DebugBridge +1327889.9ms] wheel_scroll_motion {"eventCount":1,"rawAbsX":0,"rawAbsY":168,"rawX":0,"rawY":168,"clippedAbsX":0,"clippedAbsY":48,"clippedX":0,"clippedY":48,"requestedAppliedX":0,"requestedAppliedY":35.424,"appliedX":0,"appliedY":22,"actualX":0,"actualY":22,"sensitivity":0.738,"currentZoomForScroll":1,"maxScrollStepX":22,"maxScrollStepY":22,"diagonalEvents":0,"clippedEvents":1}
[DebugBridge +1327898.0ms] wheel_scroll_motion {"eventCount":1,"rawAbsX":0,"rawAbsY":160,"rawX":0,"rawY":160,"clippedAbsX":0,"clippedAbsY":48,"clippedX":0,"clippedY":48,"requestedAppliedX":0,"requestedAppliedY":35.424,"appliedX":0,"appliedY":22,"actualX":0,"actualY":22,"sensitivity":0.738,"currentZoomForScroll":1,"maxScrollStepX":22,"maxScrollStepY":22,"diagonalEvents":0,"clippedEvents":1}
[DebugBridge +1327908.0ms] wheel_scroll_motion {"eventCount":1,"rawAbsX":0,"rawAbsY":148,"rawX":0,"rawY":148,"clippedAbsX":0,"clippedAbsY":48,"clippedX":0,"clippedY":48,"requestedAppliedX":0,"requestedAppliedY":35.424,"appliedX":0,"appliedY":22,"actualX":0,"actualY":22,"sensitivity":0.738,"currentZoomForScroll":1,"maxScrollStepX":22,"maxScrollStepY":22,"diagonalEvents":0,"clippedEvents":1}
[DebugBridge +1327947.9ms] wheel_scroll_motion {"eventCount":2,"rawAbsX":0,"rawAbsY":690,"rawX":0,"rawY":690,"clippedAbsX":0,"clippedAbsY":96,"clippedX":0,"clippedY":96,"requestedAppliedX":0,"requestedAppliedY":70.848,"appliedX":0,"appliedY":22,"actualX":0,"actualY":22,"sensitivity":0.738,"currentZoomForScroll":1,"maxScrollStepX":22,"maxScrollStepY":22,"diagonalEvents":0,"clippedEvents":2}
[DebugBridge +1327958.1ms] wheel_scroll_motion {"eventCount":1,"rawAbsX":0,"rawAbsY":132,"rawX":0,"rawY":132,"clippedAbsX":0,"clippedAbsY":48,"clippedX":0,"clippedY":48,"requestedAppliedX":0,"requestedAppliedY":35.424,"appliedX":0,"appliedY":22,"actualX":0,"actualY":22,"sensitivity":0.738,"currentZoomForScroll":1,"maxScrollStepX":22,"maxScrollStepY":22,"diagonalEvents":0,"clippedEvents":1}
[DebugBridge +1327965.0ms] wheel_scroll_motion {"eventCount":1,"rawAbsX":0,"rawAbsY":126,"rawX":0,"rawY":126,"clippedAbsX":0,"clippedAbsY":48,"clippedX":0,"clippedY":48,"requestedAppliedX":0,"requestedAppliedY":35.424,"appliedX":0,"appliedY":22,"actualX":0,"actualY":22,"sensitivity":0.738,"currentZoomForScroll":1,"maxScrollStepX":22,"maxScrollStepY":22,"diagonalEvents":0,"clippedEvents":1}
[DebugBridge +1327974.4ms] wheel_scroll_motion {"eventCount":1,"rawAbsX":0,"rawAbsY":124,"rawX":0,"rawY":124,"clippedAbsX":0,"clippedAbsY":48,"clippedX":0,"clippedY":48,"requestedAppliedX":0,"requestedAppliedY":35.424,"appliedX":0,"appliedY":22,"actualX":0,"actualY":22,"sensitivity":0.738,"currentZoomForScroll":1,"maxScrollStepX":22,"maxScrollStepY":22,"diagonalEvents":0,"clippedEvents":1}
[DebugBridge +1327981.6ms] wheel_scroll_motion {"eventCount":1,"rawAbsX":0,"rawAbsY":122,"rawX":0,"rawY":122,"clippedAbsX":0,"clippedAbsY":48,"clippedX":0,"clippedY":48,"requestedAppliedX":0,"requestedAppliedY":35.424,"appliedX":0,"appliedY":22,"actualX":0,"actualY":22,"sensitivity":0.738,"currentZoomForScroll":1,"maxScrollStepX":22,"maxScrollStepY":22,"diagonalEvents":0,"clippedEvents":1}
[DebugBridge +1327990.0ms] wheel_scroll_motion {"eventCount":1,"rawAbsX":0,"rawAbsY":120,"rawX":0,"rawY":120,"clippedAbsX":0,"clippedAbsY":48,"clippedX":0,"clippedY":48,"requestedAppliedX":0,"requestedAppliedY":35.424,"appliedX":0,"appliedY":22,"actualX":0,"actualY":22,"sensitivity":0.738,"currentZoomForScroll":1,"maxScrollStepX":22,"maxScrollStepY":22,"diagonalEvents":0,"clippedEvents":1}
[DebugBridge +1327998.4ms] wheel_scroll_motion {"eventCount":1,"rawAbsX":0,"rawAbsY":118,"rawX":0,"rawY":118,"clippedAbsX":0,"clippedAbsY":48,"clippedX":0,"clippedY":48,"requestedAppliedX":0,"requestedAppliedY":35.424,"appliedX":0,"appliedY":22,"actualX":0,"actualY":22,"sensitivity":0.738,"currentZoomForScroll":1,"maxScrollStepX":22,"maxScrollStepY":22,"diagonalEvents":0,"clippedEvents":1}
[DebugBridge +1328007.4ms] wheel_scroll_motion {"eventCount":1,"rawAbsX":0,"rawAbsY":116,"rawX":0,"rawY":116,"clippedAbsX":0,"clippedAbsY":48,"clippedX":0,"clippedY":48,"requestedAppliedX":0,"requestedAppliedY":35.424,"appliedX":0,"appliedY":22,"actualX":0,"actualY":22,"sensitivity":0.738,"currentZoomForScroll":1,"maxScrollStepX":22,"maxScrollStepY":22,"diagonalEvents":0,"clippedEvents":1}
[DebugBridge +1328014.5ms] wheel_scroll_motion {"eventCount":1,"rawAbsX":0,"rawAbsY":110,"rawX":0,"rawY":110,"clippedAbsX":0,"clippedAbsY":48,"clippedX":0,"clippedY":48,"requestedAppliedX":0,"requestedAppliedY":35.424,"appliedX":0,"appliedY":22,"actualX":0,"actualY":22,"sensitivity":0.738,"currentZoomForScroll":1,"maxScrollStepX":22,"maxScrollStepY":22,"diagonalEvents":0,"clippedEvents":1}
[DebugBridge +1328022.4ms] wheel_scroll_motion {"eventCount":1,"rawAbsX":0,"rawAbsY":110,"rawX":0,"rawY":110,"clippedAbsX":0,"clippedAbsY":48,"clippedX":0,"clippedY":48,"requestedAppliedX":0,"requestedAppliedY":35.424,"appliedX":0,"appliedY":22,"actualX":0,"actualY":22,"sensitivity":0.738,"currentZoomForScroll":1,"maxScrollStepX":22,"maxScrollStepY":22,"diagonalEvents":0,"clippedEvents":1}
[DebugBridge +1328033.7ms] wheel_scroll_motion {"eventCount":1,"rawAbsX":0,"rawAbsY":108,"rawX":0,"rawY":108,"clippedAbsX":0,"clippedAbsY":48,"clippedX":0,"clippedY":48,"requestedAppliedX":0,"requestedAppliedY":35.424,"appliedX":0,"appliedY":22,"actualX":0,"actualY":22,"sensitivity":0.738,"currentZoomForScroll":1,"maxScrollStepX":22,"maxScrollStepY":22,"diagonalEvents":0,"clippedEvents":1}
[DebugBridge +1328040.2ms] page_visit_start {"page":4,"pageCount":36,"revisited":false,"hasContainer":true,"hasPdfSurface":true,"spinnerVisible":false,"hasAnnotationOverlay":false,"ready":true}
[DebugBridge +1328041.6ms] wheel_scroll_motion {"eventCount":1,"rawAbsX":0,"rawAbsY":106,"rawX":0,"rawY":106,"clippedAbsX":0,"clippedAbsY":48,"clippedX":0,"clippedY":48,"requestedAppliedX":0,"requestedAppliedY":35.424,"appliedX":0,"appliedY":22,"actualX":0,"actualY":22,"sensitivity":0.738,"currentZoomForScroll":1,"maxScrollStepX":22,"maxScrollStepY":22,"diagonalEvents":0,"clippedEvents":1}
[DebugBridge +1328041.9ms] page_visit_ready {"page":4,"pageCount":36,"revisited":false,"waitMs":2,"hasContainer":true,"hasPdfSurface":true,"spinnerVisible":false,"hasAnnotationOverlay":false,"ready":true}
[DebugBridge +1328121.6ms] wheel_scroll_motion {"eventCount":1,"rawAbsX":0,"rawAbsY":104,"rawX":0,"rawY":104,"clippedAbsX":0,"clippedAbsY":48,"clippedX":0,"clippedY":48,"requestedAppliedX":0,"requestedAppliedY":35.424,"appliedX":0,"appliedY":22,"actualX":0,"actualY":22,"sensitivity":0.738,"currentZoomForScroll":1,"maxScrollStepX":22,"maxScrollStepY":22,"diagonalEvents":0,"clippedEvents":1}
[DebugBridge +1328124.9ms] wheel_scroll_motion {"eventCount":1,"rawAbsX":0,"rawAbsY":820,"rawX":0,"rawY":820,"clippedAbsX":0,"clippedAbsY":48,"clippedX":0,"clippedY":48,"requestedAppliedX":0,"requestedAppliedY":35.424,"appliedX":0,"appliedY":22,"actualX":0,"actualY":22,"sensitivity":0.738,"currentZoomForScroll":1,"maxScrollStepX":22,"maxScrollStepY":22,"diagonalEvents":0,"clippedEvents":1}
[DebugBridge +1328146.5ms] wheel_scroll_motion {"eventCount":1,"rawAbsX":0,"rawAbsY":82,"rawX":0,"rawY":82,"clippedAbsX":0,"clippedAbsY":48,"clippedX":0,"clippedY":48,"requestedAppliedX":0,"requestedAppliedY":35.424,"appliedX":0,"appliedY":22,"actualX":0,"actualY":22,"sensitivity":0.738,"currentZoomForScroll":1,"maxScrollStepX":22,"maxScrollStepY":22,"diagonalEvents":0,"clippedEvents":1}
[DebugBridge +1328148.6ms] wheel_scroll_motion {"eventCount":1,"rawAbsX":0,"rawAbsY":152,"rawX":0,"rawY":152,"clippedAbsX":0,"clippedAbsY":48,"clippedX":0,"clippedY":48,"requestedAppliedX":0,"requestedAppliedY":35.424,"appliedX":0,"appliedY":22,"actualX":0,"actualY":22,"sensitivity":0.738,"currentZoomForScroll":1,"maxScrollStepX":22,"maxScrollStepY":22,"diagonalEvents":0,"clippedEvents":1}
[DebugBridge +1328207.4ms] wheel_scroll_motion {"eventCount":1,"rawAbsX":0,"rawAbsY":4,"rawX":0,"rawY":4,"clippedAbsX":0,"clippedAbsY":4,"clippedX":0,"clippedY":4,"requestedAppliedX":0,"requestedAppliedY":3.28,"appliedX":0,"appliedY":3.28,"actualX":0,"actualY":3,"sensitivity":0.82,"currentZoomForScroll":1,"maxScrollStepX":22,"maxScrollStepY":22,"diagonalEvents":0,"clippedEvents":0}
[DebugBridge +1328215.1ms] wheel_scroll_motion {"eventCount":1,"rawAbsX":2,"rawAbsY":16,"rawX":2,"rawY":16,"clippedAbsX":2,"clippedAbsY":16,"clippedX":2,"clippedY":16,"requestedAppliedX":1.476,"requestedAppliedY":11.808,"appliedX":1.476,"appliedY":11.808,"actualX":0,"actualY":11.5,"sensitivity":0.738,"currentZoomForScroll":1,"maxScrollStepX":22,"maxScrollStepY":22,"diagonalEvents":1,"clippedEvents":0}
[DebugBridge +1328225.1ms] wheel_scroll_motion {"eventCount":1,"rawAbsX":4,"rawAbsY":26,"rawX":4,"rawY":26,"clippedAbsX":4,"clippedAbsY":26,"clippedX":4,"clippedY":26,"requestedAppliedX":2.952,"requestedAppliedY":19.188,"appliedX":2.952,"appliedY":19.188,"actualX":0,"actualY":19,"sensitivity":0.738,"currentZoomForScroll":1,"maxScrollStepX":22,"maxScrollStepY":22,"diagonalEvents":1,"clippedEvents":0}
[DebugBridge +1328232.0ms] wheel_scroll_motion {"eventCount":1,"rawAbsX":4,"rawAbsY":48,"rawX":4,"rawY":48,"clippedAbsX":4,"clippedAbsY":48,"clippedX":4,"clippedY":48,"requestedAppliedX":2.952,"requestedAppliedY":35.424,"appliedX":2.952,"appliedY":22,"actualX":0,"actualY":22,"sensitivity":0.738,"currentZoomForScroll":1,"maxScrollStepX":22,"maxScrollStepY":22,"diagonalEvents":1,"clippedEvents":0}
[DebugBridge +1328240.5ms] wheel_scroll_motion {"eventCount":1,"rawAbsX":8,"rawAbsY":74,"rawX":8,"rawY":74,"clippedAbsX":8,"clippedAbsY":48,"clippedX":8,"clippedY":48,"requestedAppliedX":5.3136,"requestedAppliedY":31.8816,"appliedX":5.3136,"appliedY":22,"actualX":0,"actualY":22,"sensitivity":0.6642,"currentZoomForScroll":1,"maxScrollStepX":22,"maxScrollStepY":22,"diagonalEvents":1,"clippedEvents":1}
[DebugBridge +1328248.5ms] wheel_scroll_motion {"eventCount":1,"rawAbsX":8,"rawAbsY":94,"rawX":8,"rawY":94,"clippedAbsX":8,"clippedAbsY":48,"clippedX":8,"clippedY":48,"requestedAppliedX":5.3136,"requestedAppliedY":31.8816,"appliedX":5.3136,"appliedY":22,"actualX":0,"actualY":22,"sensitivity":0.6642,"currentZoomForScroll":1,"maxScrollStepX":22,"maxScrollStepY":22,"diagonalEvents":1,"clippedEvents":1}
[DebugBridge +1328257.4ms] wheel_scroll_motion {"eventCount":1,"rawAbsX":10,"rawAbsY":150,"rawX":10,"rawY":150,"clippedAbsX":10,"clippedAbsY":48,"clippedX":10,"clippedY":48,"requestedAppliedX":6.642,"requestedAppliedY":31.8816,"appliedX":6.642,"appliedY":22,"actualX":0,"actualY":22,"sensitivity":0.6642,"currentZoomForScroll":1,"maxScrollStepX":22,"maxScrollStepY":22,"diagonalEvents":1,"clippedEvents":1}
[DebugBridge +1328265.1ms] wheel_scroll_motion {"eventCount":2,"rawAbsX":8,"rawAbsY":148,"rawX":8,"rawY":148,"clippedAbsX":8,"clippedAbsY":96,"clippedX":8,"clippedY":96,"requestedAppliedX":5.3136,"requestedAppliedY":63.7632,"appliedX":5.3136,"appliedY":22,"actualX":0,"actualY":22,"sensitivity":0.6642,"currentZoomForScroll":1,"maxScrollStepX":22,"maxScrollStepY":22,"diagonalEvents":2,"clippedEvents":2}
[DebugBridge +1328273.4ms] wheel_scroll_motion {"eventCount":1,"rawAbsX":6,"rawAbsY":152,"rawX":6,"rawY":152,"clippedAbsX":6,"clippedAbsY":48,"clippedX":6,"clippedY":48,"requestedAppliedX":3.9852,"requestedAppliedY":31.8816,"appliedX":3.9852,"appliedY":22,"actualX":0,"actualY":22,"sensitivity":0.6642,"currentZoomForScroll":1,"maxScrollStepX":22,"maxScrollStepY":22,"diagonalEvents":1,"clippedEvents":1}
[DebugBridge +1328281.4ms] wheel_scroll_motion {"eventCount":2,"rawAbsX":4,"rawAbsY":116,"rawX":4,"rawY":116,"clippedAbsX":4,"clippedAbsY":86,"clippedX":4,"clippedY":86,"requestedAppliedX":2.8044000000000002,"requestedAppliedY":59.9256,"appliedX":2.8044000000000002,"appliedY":22,"actualX":0,"actualY":22,"sensitivity":0.738,"currentZoomForScroll":1,"maxScrollStepX":22,"maxScrollStepY":22,"diagonalEvents":2,"clippedEvents":1}
[DebugBridge +1328292.3ms] wheel_scroll_motion {"eventCount":2,"rawAbsX":4,"rawAbsY":172,"rawX":4,"rawY":172,"clippedAbsX":4,"clippedAbsY":96,"clippedX":4,"clippedY":96,"requestedAppliedX":2.6568,"requestedAppliedY":63.7632,"appliedX":2.6568,"appliedY":22,"actualX":0,"actualY":22,"sensitivity":0.6642,"currentZoomForScroll":1,"maxScrollStepX":22,"maxScrollStepY":22,"diagonalEvents":2,"clippedEvents":2}
[DebugBridge +1328297.9ms] wheel_scroll_motion {"eventCount":2,"rawAbsX":0,"rawAbsY":110,"rawX":0,"rawY":110,"clippedAbsX":0,"clippedAbsY":76,"clippedX":0,"clippedY":76,"requestedAppliedX":0,"requestedAppliedY":58.384,"appliedX":0,"appliedY":22,"actualX":0,"actualY":22,"sensitivity":0.82,"currentZoomForScroll":1,"maxScrollStepX":22,"maxScrollStepY":22,"diagonalEvents":0,"clippedEvents":1}
[DebugBridge +1328306.2ms] wheel_scroll_motion {"eventCount":2,"rawAbsX":0,"rawAbsY":312,"rawX":0,"rawY":312,"clippedAbsX":0,"clippedAbsY":96,"clippedX":0,"clippedY":96,"requestedAppliedX":0,"requestedAppliedY":70.848,"appliedX":0,"appliedY":22,"actualX":0,"actualY":22,"sensitivity":0.738,"currentZoomForScroll":1,"maxScrollStepX":22,"maxScrollStepY":22,"diagonalEvents":0,"clippedEvents":2}
[DebugBridge +1328323.5ms] wheel_scroll_motion {"eventCount":1,"rawAbsX":0,"rawAbsY":208,"rawX":0,"rawY":208,"clippedAbsX":0,"clippedAbsY":48,"clippedX":0,"clippedY":48,"requestedAppliedX":0,"requestedAppliedY":35.424,"appliedX":0,"appliedY":22,"actualX":0,"actualY":22,"sensitivity":0.738,"currentZoomForScroll":1,"maxScrollStepX":22,"maxScrollStepY":22,"diagonalEvents":0,"clippedEvents":1}
[DebugBridge +1328325.0ms] wheel_scroll_motion {"eventCount":1,"rawAbsX":0,"rawAbsY":202,"rawX":0,"rawY":202,"clippedAbsX":0,"clippedAbsY":48,"clippedX":0,"clippedY":48,"requestedAppliedX":0,"requestedAppliedY":35.424,"appliedX":0,"appliedY":22,"actualX":0,"actualY":22,"sensitivity":0.738,"currentZoomForScroll":1,"maxScrollStepX":22,"maxScrollStepY":22,"diagonalEvents":0,"clippedEvents":1}
[DebugBridge +1328331.3ms] wheel_scroll_motion {"eventCount":1,"rawAbsX":0,"rawAbsY":192,"rawX":0,"rawY":192,"clippedAbsX":0,"clippedAbsY":48,"clippedX":0,"clippedY":48,"requestedAppliedX":0,"requestedAppliedY":35.424,"appliedX":0,"appliedY":22,"actualX":0,"actualY":22,"sensitivity":0.738,"currentZoomForScroll":1,"maxScrollStepX":22,"maxScrollStepY":22,"diagonalEvents":0,"clippedEvents":1}
[DebugBridge +1328342.1ms] wheel_scroll_motion {"eventCount":1,"rawAbsX":0,"rawAbsY":184,"rawX":0,"rawY":184,"clippedAbsX":0,"clippedAbsY":48,"clippedX":0,"clippedY":48,"requestedAppliedX":0,"requestedAppliedY":35.424,"appliedX":0,"appliedY":22,"actualX":0,"actualY":22,"sensitivity":0.738,"currentZoomForScroll":1,"maxScrollStepX":22,"maxScrollStepY":22,"diagonalEvents":0,"clippedEvents":1}
[DebugBridge +1328351.7ms] wheel_scroll_motion {"eventCount":1,"rawAbsX":0,"rawAbsY":176,"rawX":0,"rawY":176,"clippedAbsX":0,"clippedAbsY":48,"clippedX":0,"clippedY":48,"requestedAppliedX":0,"requestedAppliedY":35.424,"appliedX":0,"appliedY":22,"actualX":0,"actualY":22,"sensitivity":0.738,"currentZoomForScroll":1,"maxScrollStepX":22,"maxScrollStepY":22,"diagonalEvents":0,"clippedEvents":1}
[DebugBridge +1328366.3ms] wheel_scroll_motion {"eventCount":2,"rawAbsX":0,"rawAbsY":318,"rawX":0,"rawY":318,"clippedAbsX":0,"clippedAbsY":96,"clippedX":0,"clippedY":96,"requestedAppliedX":0,"requestedAppliedY":70.848,"appliedX":0,"appliedY":22,"actualX":0,"actualY":22,"sensitivity":0.738,"currentZoomForScroll":1,"maxScrollStepX":22,"maxScrollStepY":22,"diagonalEvents":0,"clippedEvents":2}
[DebugBridge +1328378.1ms] wheel_scroll_motion {"eventCount":1,"rawAbsX":0,"rawAbsY":152,"rawX":0,"rawY":152,"clippedAbsX":0,"clippedAbsY":48,"clippedX":0,"clippedY":48,"requestedAppliedX":0,"requestedAppliedY":35.424,"appliedX":0,"appliedY":22,"actualX":0,"actualY":22,"sensitivity":0.738,"currentZoomForScroll":1,"maxScrollStepX":22,"maxScrollStepY":22,"diagonalEvents":0,"clippedEvents":1}
[DebugBridge +1328381.5ms] wheel_scroll_motion {"eventCount":1,"rawAbsX":0,"rawAbsY":148,"rawX":0,"rawY":148,"clippedAbsX":0,"clippedAbsY":48,"clippedX":0,"clippedY":48,"requestedAppliedX":0,"requestedAppliedY":35.424,"appliedX":0,"appliedY":22,"actualX":0,"actualY":22,"sensitivity":0.738,"currentZoomForScroll":1,"maxScrollStepX":22,"maxScrollStepY":22,"diagonalEvents":0,"clippedEvents":1}
[DebugBridge +1328390.1ms] wheel_scroll_motion {"eventCount":1,"rawAbsX":0,"rawAbsY":150,"rawX":0,"rawY":150,"clippedAbsX":0,"clippedAbsY":48,"clippedX":0,"clippedY":48,"requestedAppliedX":0,"requestedAppliedY":35.424,"appliedX":0,"appliedY":22,"actualX":0,"actualY":22,"sensitivity":0.738,"currentZoomForScroll":1,"maxScrollStepX":22,"maxScrollStepY":22,"diagonalEvents":0,"clippedEvents":1}
[DebugBridge +1328400.7ms] wheel_scroll_motion {"eventCount":1,"rawAbsX":0,"rawAbsY":142,"rawX":0,"rawY":142,"clippedAbsX":0,"clippedAbsY":48,"clippedX":0,"clippedY":48,"requestedAppliedX":0,"requestedAppliedY":35.424,"appliedX":0,"appliedY":22,"actualX":0,"actualY":22,"sensitivity":0.738,"currentZoomForScroll":1,"maxScrollStepX":22,"maxScrollStepY":22,"diagonalEvents":0,"clippedEvents":1}
[DebugBridge +1328440.6ms] wheel_scroll_motion {"eventCount":2,"rawAbsX":0,"rawAbsY":678,"rawX":0,"rawY":678,"clippedAbsX":0,"clippedAbsY":96,"clippedX":0,"clippedY":96,"requestedAppliedX":0,"requestedAppliedY":70.848,"appliedX":0,"appliedY":22,"actualX":0,"actualY":22,"sensitivity":0.738,"currentZoomForScroll":1,"maxScrollStepX":22,"maxScrollStepY":22,"diagonalEvents":0,"clippedEvents":2}
[DebugBridge +1328447.6ms] wheel_scroll_motion {"eventCount":1,"rawAbsX":0,"rawAbsY":128,"rawX":0,"rawY":128,"clippedAbsX":0,"clippedAbsY":48,"clippedX":0,"clippedY":48,"requestedAppliedX":0,"requestedAppliedY":35.424,"appliedX":0,"appliedY":22,"actualX":0,"actualY":22,"sensitivity":0.738,"currentZoomForScroll":1,"maxScrollStepX":22,"maxScrollStepY":22,"diagonalEvents":0,"clippedEvents":1}
[DebugBridge +1328456.9ms] wheel_scroll_motion {"eventCount":1,"rawAbsX":0,"rawAbsY":126,"rawX":0,"rawY":126,"clippedAbsX":0,"clippedAbsY":48,"clippedX":0,"clippedY":48,"requestedAppliedX":0,"requestedAppliedY":35.424,"appliedX":0,"appliedY":22,"actualX":0,"actualY":22,"sensitivity":0.738,"currentZoomForScroll":1,"maxScrollStepX":22,"maxScrollStepY":22,"diagonalEvents":0,"clippedEvents":1}
[DebugBridge +1328464.9ms] wheel_scroll_motion {"eventCount":1,"rawAbsX":0,"rawAbsY":122,"rawX":0,"rawY":122,"clippedAbsX":0,"clippedAbsY":48,"clippedX":0,"clippedY":48,"requestedAppliedX":0,"requestedAppliedY":35.424,"appliedX":0,"appliedY":22,"actualX":0,"actualY":22,"sensitivity":0.738,"currentZoomForScroll":1,"maxScrollStepX":22,"maxScrollStepY":22,"diagonalEvents":0,"clippedEvents":1}
[DebugBridge +1328474.5ms] wheel_scroll_motion {"eventCount":1,"rawAbsX":0,"rawAbsY":122,"rawX":0,"rawY":122,"clippedAbsX":0,"clippedAbsY":48,"clippedX":0,"clippedY":48,"requestedAppliedX":0,"requestedAppliedY":35.424,"appliedX":0,"appliedY":22,"actualX":0,"actualY":22,"sensitivity":0.738,"currentZoomForScroll":1,"maxScrollStepX":22,"maxScrollStepY":22,"diagonalEvents":0,"clippedEvents":1}
[DebugBridge +1328481.8ms] wheel_scroll_motion {"eventCount":1,"rawAbsX":0,"rawAbsY":120,"rawX":0,"rawY":120,"clippedAbsX":0,"clippedAbsY":48,"clippedX":0,"clippedY":48,"requestedAppliedX":0,"requestedAppliedY":35.424,"appliedX":0,"appliedY":22,"actualX":0,"actualY":22,"sensitivity":0.738,"currentZoomForScroll":1,"maxScrollStepX":22,"maxScrollStepY":22,"diagonalEvents":0,"clippedEvents":1}
[DebugBridge +1328491.8ms] wheel_scroll_motion {"eventCount":1,"rawAbsX":0,"rawAbsY":116,"rawX":0,"rawY":116,"clippedAbsX":0,"clippedAbsY":48,"clippedX":0,"clippedY":48,"requestedAppliedX":0,"requestedAppliedY":35.424,"appliedX":0,"appliedY":22,"actualX":0,"actualY":22,"sensitivity":0.738,"currentZoomForScroll":1,"maxScrollStepX":22,"maxScrollStepY":22,"diagonalEvents":0,"clippedEvents":1}
[DebugBridge +1328498.5ms] page_visit_start {"page":5,"pageCount":36,"revisited":false,"hasContainer":true,"hasPdfSurface":true,"spinnerVisible":false,"hasAnnotationOverlay":false,"ready":true}
[DebugBridge +1328499.9ms] wheel_scroll_motion {"eventCount":1,"rawAbsX":0,"rawAbsY":116,"rawX":0,"rawY":116,"clippedAbsX":0,"clippedAbsY":48,"clippedX":0,"clippedY":48,"requestedAppliedX":0,"requestedAppliedY":35.424,"appliedX":0,"appliedY":22,"actualX":0,"actualY":22,"sensitivity":0.738,"currentZoomForScroll":1,"maxScrollStepX":22,"maxScrollStepY":22,"diagonalEvents":0,"clippedEvents":1}
[DebugBridge +1328500.1ms] page_visit_ready {"page":5,"pageCount":36,"revisited":false,"waitMs":2,"hasContainer":true,"hasPdfSurface":true,"spinnerVisible":false,"hasAnnotationOverlay":false,"ready":true}
[DebugBridge +1328545.0ms] wheel_scroll_motion {"eventCount":1,"rawAbsX":0,"rawAbsY":114,"rawX":0,"rawY":114,"clippedAbsX":0,"clippedAbsY":48,"clippedX":0,"clippedY":48,"requestedAppliedX":0,"requestedAppliedY":35.424,"appliedX":0,"appliedY":22,"actualX":0,"actualY":22,"sensitivity":0.738,"currentZoomForScroll":1,"maxScrollStepX":22,"maxScrollStepY":22,"diagonalEvents":0,"clippedEvents":1}
[DebugBridge +1328548.8ms] wheel_scroll_motion {"eventCount":1,"rawAbsX":0,"rawAbsY":422,"rawX":0,"rawY":422,"clippedAbsX":0,"clippedAbsY":48,"clippedX":0,"clippedY":48,"requestedAppliedX":0,"requestedAppliedY":35.424,"appliedX":0,"appliedY":22,"actualX":0,"actualY":22,"sensitivity":0.738,"currentZoomForScroll":1,"maxScrollStepX":22,"maxScrollStepY":22,"diagonalEvents":0,"clippedEvents":1}
[DebugBridge +1328569.9ms] wheel_scroll_motion {"eventCount":2,"rawAbsX":0,"rawAbsY":198,"rawX":0,"rawY":198,"clippedAbsX":0,"clippedAbsY":96,"clippedX":0,"clippedY":96,"requestedAppliedX":0,"requestedAppliedY":70.848,"appliedX":0,"appliedY":22,"actualX":0,"actualY":22,"sensitivity":0.738,"currentZoomForScroll":1,"maxScrollStepX":22,"maxScrollStepY":22,"diagonalEvents":0,"clippedEvents":2}
[DebugBridge +1328571.9ms] wheel_scroll_motion {"eventCount":1,"rawAbsX":0,"rawAbsY":94,"rawX":0,"rawY":94,"clippedAbsX":0,"clippedAbsY":48,"clippedX":0,"clippedY":48,"requestedAppliedX":0,"requestedAppliedY":35.424,"appliedX":0,"appliedY":22,"actualX":0,"actualY":22,"sensitivity":0.738,"currentZoomForScroll":1,"maxScrollStepX":22,"maxScrollStepY":22,"diagonalEvents":0,"clippedEvents":1}
[DebugBridge +1328573.5ms] wheel_scroll_motion {"eventCount":1,"rawAbsX":0,"rawAbsY":96,"rawX":0,"rawY":96,"clippedAbsX":0,"clippedAbsY":48,"clippedX":0,"clippedY":48,"requestedAppliedX":0,"requestedAppliedY":35.424,"appliedX":0,"appliedY":22,"actualX":0,"actualY":22,"sensitivity":0.738,"currentZoomForScroll":1,"maxScrollStepX":22,"maxScrollStepY":22,"diagonalEvents":0,"clippedEvents":1}
[DebugBridge +1328583.4ms] wheel_scroll_motion {"eventCount":1,"rawAbsX":0,"rawAbsY":90,"rawX":0,"rawY":90,"clippedAbsX":0,"clippedAbsY":48,"clippedX":0,"clippedY":48,"requestedAppliedX":0,"requestedAppliedY":35.424,"appliedX":0,"appliedY":22,"actualX":0,"actualY":22,"sensitivity":0.738,"currentZoomForScroll":1,"maxScrollStepX":22,"maxScrollStepY":22,"diagonalEvents":0,"clippedEvents":1}
[DebugBridge +1328590.2ms] wheel_scroll_motion {"eventCount":1,"rawAbsX":0,"rawAbsY":90,"rawX":0,"rawY":90,"clippedAbsX":0,"clippedAbsY":48,"clippedX":0,"clippedY":48,"requestedAppliedX":0,"requestedAppliedY":35.424,"appliedX":0,"appliedY":22,"actualX":0,"actualY":22,"sensitivity":0.738,"currentZoomForScroll":1,"maxScrollStepX":22,"maxScrollStepY":22,"diagonalEvents":0,"clippedEvents":1}
[DebugBridge +1328600.3ms] wheel_scroll_motion {"eventCount":1,"rawAbsX":0,"rawAbsY":86,"rawX":0,"rawY":86,"clippedAbsX":0,"clippedAbsY":48,"clippedX":0,"clippedY":48,"requestedAppliedX":0,"requestedAppliedY":35.424,"appliedX":0,"appliedY":22,"actualX":0,"actualY":22,"sensitivity":0.738,"currentZoomForScroll":1,"maxScrollStepX":22,"maxScrollStepY":22,"diagonalEvents":0,"clippedEvents":1}
[DebugBridge +1328609.3ms] wheel_scroll_motion {"eventCount":1,"rawAbsX":0,"rawAbsY":82,"rawX":0,"rawY":82,"clippedAbsX":0,"clippedAbsY":48,"clippedX":0,"clippedY":48,"requestedAppliedX":0,"requestedAppliedY":35.424,"appliedX":0,"appliedY":22,"actualX":0,"actualY":22,"sensitivity":0.738,"currentZoomForScroll":1,"maxScrollStepX":22,"maxScrollStepY":22,"diagonalEvents":0,"clippedEvents":1}
[DebugBridge +1328614.7ms] wheel_scroll_motion {"eventCount":1,"rawAbsX":0,"rawAbsY":80,"rawX":0,"rawY":80,"clippedAbsX":0,"clippedAbsY":48,"clippedX":0,"clippedY":48,"requestedAppliedX":0,"requestedAppliedY":35.424,"appliedX":0,"appliedY":22,"actualX":0,"actualY":22,"sensitivity":0.738,"currentZoomForScroll":1,"maxScrollStepX":22,"maxScrollStepY":22,"diagonalEvents":0,"clippedEvents":1}
[DebugBridge +1328673.3ms] wheel_scroll_motion {"eventCount":1,"rawAbsX":2,"rawAbsY":24,"rawX":2,"rawY":24,"clippedAbsX":2,"clippedAbsY":24,"clippedX":2,"clippedY":24,"requestedAppliedX":1.476,"requestedAppliedY":17.712,"appliedX":1.476,"appliedY":17.712,"actualX":0,"actualY":17.5,"sensitivity":0.738,"currentZoomForScroll":1,"maxScrollStepX":22,"maxScrollStepY":22,"diagonalEvents":1,"clippedEvents":0}
[DebugBridge +1328683.0ms] wheel_scroll_motion {"eventCount":2,"rawAbsX":8,"rawAbsY":72,"rawX":8,"rawY":72,"clippedAbsX":8,"clippedAbsY":72,"clippedX":8,"clippedY":72,"requestedAppliedX":5.904,"requestedAppliedY":53.135999999999996,"appliedX":5.904,"appliedY":22,"actualX":0,"actualY":22,"sensitivity":0.738,"currentZoomForScroll":1,"maxScrollStepX":22,"maxScrollStepY":22,"diagonalEvents":2,"clippedEvents":0}
[DebugBridge +1328691.0ms] wheel_scroll_motion {"eventCount":2,"rawAbsX":8,"rawAbsY":100,"rawX":8,"rawY":100,"clippedAbsX":8,"clippedAbsY":62,"clippedX":8,"clippedY":62,"requestedAppliedX":5.4612,"requestedAppliedY":42.2136,"appliedX":5.4612,"appliedY":22,"actualX":0,"actualY":22,"sensitivity":0.6642,"currentZoomForScroll":1,"maxScrollStepX":22,"maxScrollStepY":22,"diagonalEvents":2,"clippedEvents":1}
[DebugBridge +1328698.9ms] wheel_scroll_motion {"eventCount":2,"rawAbsX":8,"rawAbsY":152,"rawX":8,"rawY":152,"clippedAbsX":8,"clippedAbsY":74,"clippedX":8,"clippedY":74,"requestedAppliedX":5.4612,"requestedAppliedY":51.069599999999994,"appliedX":5.4612,"appliedY":22,"actualX":0,"actualY":22,"sensitivity":0.6642,"currentZoomForScroll":1,"maxScrollStepX":22,"maxScrollStepY":22,"diagonalEvents":2,"clippedEvents":1}
[DebugBridge +1328707.3ms] wheel_scroll_motion {"eventCount":2,"rawAbsX":6,"rawAbsY":140,"rawX":6,"rawY":140,"clippedAbsX":6,"clippedAbsY":74,"clippedX":6,"clippedY":74,"requestedAppliedX":4.1328,"requestedAppliedY":51.069599999999994,"appliedX":4.1328,"appliedY":22,"actualX":0,"actualY":22,"sensitivity":0.6642,"currentZoomForScroll":1,"maxScrollStepX":22,"maxScrollStepY":22,"diagonalEvents":2,"clippedEvents":1}
[DebugBridge +1328727.7ms] wheel_scroll_motion {"eventCount":1,"rawAbsX":6,"rawAbsY":158,"rawX":6,"rawY":158,"clippedAbsX":6,"clippedAbsY":48,"clippedX":6,"clippedY":48,"requestedAppliedX":3.9852,"requestedAppliedY":31.8816,"appliedX":3.9852,"appliedY":22,"actualX":0,"actualY":22,"sensitivity":0.6642,"currentZoomForScroll":1,"maxScrollStepX":22,"maxScrollStepY":22,"diagonalEvents":1,"clippedEvents":1}
[DebugBridge +1328729.0ms] wheel_scroll_motion {"eventCount":1,"rawAbsX":6,"rawAbsY":272,"rawX":6,"rawY":272,"clippedAbsX":6,"clippedAbsY":48,"clippedX":6,"clippedY":48,"requestedAppliedX":3.9852,"requestedAppliedY":31.8816,"appliedX":3.9852,"appliedY":22,"actualX":0,"actualY":22,"sensitivity":0.6642,"currentZoomForScroll":1,"maxScrollStepX":22,"maxScrollStepY":22,"diagonalEvents":1,"clippedEvents":1}
[DebugBridge +1328741.0ms] wheel_scroll_motion {"eventCount":1,"rawAbsX":0,"rawAbsY":216,"rawX":0,"rawY":216,"clippedAbsX":0,"clippedAbsY":48,"clippedX":0,"clippedY":48,"requestedAppliedX":0,"requestedAppliedY":35.424,"appliedX":0,"appliedY":22,"actualX":0,"actualY":22,"sensitivity":0.738,"currentZoomForScroll":1,"maxScrollStepX":22,"maxScrollStepY":22,"diagonalEvents":0,"clippedEvents":1}
[DebugBridge +1328749.1ms] wheel_scroll_motion {"eventCount":1,"rawAbsX":0,"rawAbsY":212,"rawX":0,"rawY":212,"clippedAbsX":0,"clippedAbsY":48,"clippedX":0,"clippedY":48,"requestedAppliedX":0,"requestedAppliedY":35.424,"appliedX":0,"appliedY":22,"actualX":0,"actualY":22,"sensitivity":0.738,"currentZoomForScroll":1,"maxScrollStepX":22,"maxScrollStepY":22,"diagonalEvents":0,"clippedEvents":1}
[DebugBridge +1328756.9ms] wheel_scroll_motion {"eventCount":1,"rawAbsX":0,"rawAbsY":204,"rawX":0,"rawY":204,"clippedAbsX":0,"clippedAbsY":48,"clippedX":0,"clippedY":48,"requestedAppliedX":0,"requestedAppliedY":35.424,"appliedX":0,"appliedY":22,"actualX":0,"actualY":22,"sensitivity":0.738,"currentZoomForScroll":1,"maxScrollStepX":22,"maxScrollStepY":22,"diagonalEvents":0,"clippedEvents":1}
[DebugBridge +1328766.4ms] wheel_scroll_motion {"eventCount":1,"rawAbsX":0,"rawAbsY":196,"rawX":0,"rawY":196,"clippedAbsX":0,"clippedAbsY":48,"clippedX":0,"clippedY":48,"requestedAppliedX":0,"requestedAppliedY":35.424,"appliedX":0,"appliedY":22,"actualX":0,"actualY":22,"sensitivity":0.738,"currentZoomForScroll":1,"maxScrollStepX":22,"maxScrollStepY":22,"diagonalEvents":0,"clippedEvents":1}
[DebugBridge +1328773.6ms] wheel_scroll_motion {"eventCount":1,"rawAbsX":0,"rawAbsY":188,"rawX":0,"rawY":188,"clippedAbsX":0,"clippedAbsY":48,"clippedX":0,"clippedY":48,"requestedAppliedX":0,"requestedAppliedY":35.424,"appliedX":0,"appliedY":22,"actualX":0,"actualY":22,"sensitivity":0.738,"currentZoomForScroll":1,"maxScrollStepX":22,"maxScrollStepY":22,"diagonalEvents":0,"clippedEvents":1}
[DebugBridge +1328782.5ms] wheel_scroll_motion {"eventCount":1,"rawAbsX":0,"rawAbsY":180,"rawX":0,"rawY":180,"clippedAbsX":0,"clippedAbsY":48,"clippedX":0,"clippedY":48,"requestedAppliedX":0,"requestedAppliedY":35.424,"appliedX":0,"appliedY":22,"actualX":0,"actualY":22,"sensitivity":0.738,"currentZoomForScroll":1,"maxScrollStepX":22,"maxScrollStepY":22,"diagonalEvents":0,"clippedEvents":1}
[DebugBridge +1328789.4ms] wheel_scroll_motion {"eventCount":1,"rawAbsX":0,"rawAbsY":162,"rawX":0,"rawY":162,"clippedAbsX":0,"clippedAbsY":48,"clippedX":0,"clippedY":48,"requestedAppliedX":0,"requestedAppliedY":35.424,"appliedX":0,"appliedY":22,"actualX":0,"actualY":22,"sensitivity":0.738,"currentZoomForScroll":1,"maxScrollStepX":22,"maxScrollStepY":22,"diagonalEvents":0,"clippedEvents":1}
[DebugBridge +1328798.7ms] wheel_scroll_motion {"eventCount":1,"rawAbsX":0,"rawAbsY":160,"rawX":0,"rawY":160,"clippedAbsX":0,"clippedAbsY":48,"clippedX":0,"clippedY":48,"requestedAppliedX":0,"requestedAppliedY":35.424,"appliedX":0,"appliedY":22,"actualX":0,"actualY":22,"sensitivity":0.738,"currentZoomForScroll":1,"maxScrollStepX":22,"maxScrollStepY":22,"diagonalEvents":0,"clippedEvents":1}
[DebugBridge +1328807.2ms] wheel_scroll_motion {"eventCount":1,"rawAbsX":0,"rawAbsY":154,"rawX":0,"rawY":154,"clippedAbsX":0,"clippedAbsY":48,"clippedX":0,"clippedY":48,"requestedAppliedX":0,"requestedAppliedY":35.424,"appliedX":0,"appliedY":22,"actualX":0,"actualY":22,"sensitivity":0.738,"currentZoomForScroll":1,"maxScrollStepX":22,"maxScrollStepY":22,"diagonalEvents":0,"clippedEvents":1}
[DebugBridge +1328816.7ms] wheel_scroll_motion {"eventCount":1,"rawAbsX":0,"rawAbsY":152,"rawX":0,"rawY":152,"clippedAbsX":0,"clippedAbsY":48,"clippedX":0,"clippedY":48,"requestedAppliedX":0,"requestedAppliedY":35.424,"appliedX":0,"appliedY":22,"actualX":0,"actualY":22,"sensitivity":0.738,"currentZoomForScroll":1,"maxScrollStepX":22,"maxScrollStepY":22,"diagonalEvents":0,"clippedEvents":1}
[DebugBridge +1328823.2ms] wheel_scroll_motion {"eventCount":1,"rawAbsX":0,"rawAbsY":150,"rawX":0,"rawY":150,"clippedAbsX":0,"clippedAbsY":48,"clippedX":0,"clippedY":48,"requestedAppliedX":0,"requestedAppliedY":35.424,"appliedX":0,"appliedY":22,"actualX":0,"actualY":22,"sensitivity":0.738,"currentZoomForScroll":1,"maxScrollStepX":22,"maxScrollStepY":22,"diagonalEvents":0,"clippedEvents":1}
[DebugBridge +1328832.8ms] wheel_scroll_motion {"eventCount":1,"rawAbsX":0,"rawAbsY":146,"rawX":0,"rawY":146,"clippedAbsX":0,"clippedAbsY":48,"clippedX":0,"clippedY":48,"requestedAppliedX":0,"requestedAppliedY":35.424,"appliedX":0,"appliedY":22,"actualX":0,"actualY":22,"sensitivity":0.738,"currentZoomForScroll":1,"maxScrollStepX":22,"maxScrollStepY":22,"diagonalEvents":0,"clippedEvents":1}
[DebugBridge +1328840.3ms] wheel_scroll_motion {"eventCount":1,"rawAbsX":0,"rawAbsY":142,"rawX":0,"rawY":142,"clippedAbsX":0,"clippedAbsY":48,"clippedX":0,"clippedY":48,"requestedAppliedX":0,"requestedAppliedY":35.424,"appliedX":0,"appliedY":22,"actualX":0,"actualY":22,"sensitivity":0.738,"currentZoomForScroll":1,"maxScrollStepX":22,"maxScrollStepY":22,"diagonalEvents":0,"clippedEvents":1}
[DebugBridge +1328848.2ms] wheel_scroll_motion {"eventCount":1,"rawAbsX":0,"rawAbsY":144,"rawX":0,"rawY":144,"clippedAbsX":0,"clippedAbsY":48,"clippedX":0,"clippedY":48,"requestedAppliedX":0,"requestedAppliedY":35.424,"appliedX":0,"appliedY":22,"actualX":0,"actualY":22,"sensitivity":0.738,"currentZoomForScroll":1,"maxScrollStepX":22,"maxScrollStepY":22,"diagonalEvents":0,"clippedEvents":1}
[DebugBridge +1328858.6ms] wheel_scroll_motion {"eventCount":1,"rawAbsX":0,"rawAbsY":138,"rawX":0,"rawY":138,"clippedAbsX":0,"clippedAbsY":48,"clippedX":0,"clippedY":48,"requestedAppliedX":0,"requestedAppliedY":35.424,"appliedX":0,"appliedY":22,"actualX":0,"actualY":22,"sensitivity":0.738,"currentZoomForScroll":1,"maxScrollStepX":22,"maxScrollStepY":22,"diagonalEvents":0,"clippedEvents":1}
[DebugBridge +1328865.3ms] wheel_scroll_motion {"eventCount":1,"rawAbsX":0,"rawAbsY":138,"rawX":0,"rawY":138,"clippedAbsX":0,"clippedAbsY":48,"clippedX":0,"clippedY":48,"requestedAppliedX":0,"requestedAppliedY":35.424,"appliedX":0,"appliedY":22,"actualX":0,"actualY":22,"sensitivity":0.738,"currentZoomForScroll":1,"maxScrollStepX":22,"maxScrollStepY":22,"diagonalEvents":0,"clippedEvents":1}
[DebugBridge +1328872.6ms] page_visit_start {"page":6,"pageCount":36,"revisited":false,"hasContainer":true,"hasPdfSurface":true,"spinnerVisible":false,"hasAnnotationOverlay":true,"ready":true}
[DebugBridge +1328874.3ms] wheel_scroll_motion {"eventCount":1,"rawAbsX":0,"rawAbsY":132,"rawX":0,"rawY":132,"clippedAbsX":0,"clippedAbsY":48,"clippedX":0,"clippedY":48,"requestedAppliedX":0,"requestedAppliedY":35.424,"appliedX":0,"appliedY":22,"actualX":0,"actualY":22,"sensitivity":0.738,"currentZoomForScroll":1,"maxScrollStepX":22,"maxScrollStepY":22,"diagonalEvents":0,"clippedEvents":1}
[DebugBridge +1328874.7ms] page_visit_ready {"page":6,"pageCount":36,"revisited":false,"waitMs":2,"hasContainer":true,"hasPdfSurface":true,"spinnerVisible":false,"hasAnnotationOverlay":true,"ready":true}
[DebugBridge +1328974.8ms] wheel_scroll_motion {"eventCount":1,"rawAbsX":0,"rawAbsY":512,"rawX":0,"rawY":512,"clippedAbsX":0,"clippedAbsY":48,"clippedX":0,"clippedY":48,"requestedAppliedX":0,"requestedAppliedY":35.424,"appliedX":0,"appliedY":22,"actualX":0,"actualY":22,"sensitivity":0.738,"currentZoomForScroll":1,"maxScrollStepX":22,"maxScrollStepY":22,"diagonalEvents":0,"clippedEvents":1}
[DebugBridge +1328981.2ms] wheel_scroll_motion {"eventCount":1,"rawAbsX":0,"rawAbsY":908,"rawX":0,"rawY":908,"clippedAbsX":0,"clippedAbsY":48,"clippedX":0,"clippedY":48,"requestedAppliedX":0,"requestedAppliedY":35.424,"appliedX":0,"appliedY":22,"actualX":0,"actualY":22,"sensitivity":0.738,"currentZoomForScroll":1,"maxScrollStepX":22,"maxScrollStepY":22,"diagonalEvents":0,"clippedEvents":1}
[DebugBridge +1328984.9ms] wheel_scroll_motion {"eventCount":1,"rawAbsX":0,"rawAbsY":100,"rawX":0,"rawY":100,"clippedAbsX":0,"clippedAbsY":48,"clippedX":0,"clippedY":48,"requestedAppliedX":0,"requestedAppliedY":35.424,"appliedX":0,"appliedY":22,"actualX":0,"actualY":22,"sensitivity":0.738,"currentZoomForScroll":1,"maxScrollStepX":22,"maxScrollStepY":22,"diagonalEvents":0,"clippedEvents":1}
[DebugBridge +1329019.8ms] wheel_scroll_motion {"eventCount":2,"rawAbsX":0,"rawAbsY":198,"rawX":0,"rawY":198,"clippedAbsX":0,"clippedAbsY":96,"clippedX":0,"clippedY":96,"requestedAppliedX":0,"requestedAppliedY":70.848,"appliedX":0,"appliedY":22,"actualX":0,"actualY":22,"sensitivity":0.738,"currentZoomForScroll":1,"maxScrollStepX":22,"maxScrollStepY":22,"diagonalEvents":0,"clippedEvents":2}
[DebugBridge +1329021.8ms] wheel_scroll_motion {"eventCount":1,"rawAbsX":0,"rawAbsY":280,"rawX":0,"rawY":280,"clippedAbsX":0,"clippedAbsY":48,"clippedX":0,"clippedY":48,"requestedAppliedX":0,"requestedAppliedY":35.424,"appliedX":0,"appliedY":22,"actualX":0,"actualY":22,"sensitivity":0.738,"currentZoomForScroll":1,"maxScrollStepX":22,"maxScrollStepY":22,"diagonalEvents":0,"clippedEvents":1}
[DebugBridge +1329101.4ms] wheel_scroll_motion {"eventCount":2,"rawAbsX":0,"rawAbsY":176,"rawX":0,"rawY":176,"clippedAbsX":0,"clippedAbsY":96,"clippedX":0,"clippedY":96,"requestedAppliedX":0,"requestedAppliedY":70.848,"appliedX":0,"appliedY":22,"actualX":0,"actualY":22,"sensitivity":0.738,"currentZoomForScroll":1,"maxScrollStepX":22,"maxScrollStepY":22,"diagonalEvents":0,"clippedEvents":2}
[DebugBridge +1329112.1ms] wheel_scroll_motion {"eventCount":1,"rawAbsX":0,"rawAbsY":398,"rawX":0,"rawY":398,"clippedAbsX":0,"clippedAbsY":48,"clippedX":0,"clippedY":48,"requestedAppliedX":0,"requestedAppliedY":35.424,"appliedX":0,"appliedY":22,"actualX":0,"actualY":22,"sensitivity":0.738,"currentZoomForScroll":1,"maxScrollStepX":22,"maxScrollStepY":22,"diagonalEvents":0,"clippedEvents":1}
[DebugBridge +1329157.5ms] wheel_scroll_motion {"eventCount":3,"rawAbsX":20,"rawAbsY":308,"rawX":20,"rawY":308,"clippedAbsX":20,"clippedAbsY":114,"clippedX":20,"clippedY":114,"requestedAppliedX":13.284,"requestedAppliedY":78.5232,"appliedX":13.284,"appliedY":22,"actualX":0,"actualY":22,"sensitivity":0.6642,"currentZoomForScroll":1,"maxScrollStepX":22,"maxScrollStepY":22,"diagonalEvents":2,"clippedEvents":2}
[DebugBridge +1329165.8ms] wheel_scroll_motion {"eventCount":2,"rawAbsX":4,"rawAbsY":130,"rawX":4,"rawY":130,"clippedAbsX":4,"clippedAbsY":96,"clippedX":4,"clippedY":96,"requestedAppliedX":2.6568,"requestedAppliedY":63.7632,"appliedX":2.6568,"appliedY":22,"actualX":0,"actualY":22,"sensitivity":0.6642,"currentZoomForScroll":1,"maxScrollStepX":22,"maxScrollStepY":22,"diagonalEvents":2,"clippedEvents":2}
[DebugBridge +1329174.0ms] wheel_scroll_motion {"eventCount":2,"rawAbsX":4,"rawAbsY":126,"rawX":4,"rawY":126,"clippedAbsX":4,"clippedAbsY":88,"clippedX":4,"clippedY":88,"requestedAppliedX":2.8044000000000002,"requestedAppliedY":61.4016,"appliedX":2.8044000000000002,"appliedY":22,"actualX":0,"actualY":22,"sensitivity":0.6642,"currentZoomForScroll":1,"maxScrollStepX":22,"maxScrollStepY":22,"diagonalEvents":2,"clippedEvents":1}
[DebugBridge +1329183.5ms] wheel_scroll_motion {"eventCount":2,"rawAbsX":4,"rawAbsY":136,"rawX":4,"rawY":136,"clippedAbsX":4,"clippedAbsY":92,"clippedX":4,"clippedY":92,"requestedAppliedX":2.8044000000000002,"requestedAppliedY":64.3536,"appliedX":2.8044000000000002,"appliedY":22,"actualX":0,"actualY":22,"sensitivity":0.6642,"currentZoomForScroll":1,"maxScrollStepX":22,"maxScrollStepY":22,"diagonalEvents":2,"clippedEvents":1}
[DebugBridge +1329190.3ms] wheel_scroll_motion {"eventCount":2,"rawAbsX":2,"rawAbsY":134,"rawX":2,"rawY":134,"clippedAbsX":2,"clippedAbsY":88,"clippedX":2,"clippedY":88,"requestedAppliedX":1.476,"requestedAppliedY":64.944,"appliedX":1.476,"appliedY":22,"actualX":0,"actualY":22,"sensitivity":0.738,"currentZoomForScroll":1,"maxScrollStepX":22,"maxScrollStepY":22,"diagonalEvents":1,"clippedEvents":1}
[DebugBridge +1329198.9ms] wheel_scroll_motion {"eventCount":1,"rawAbsX":0,"rawAbsY":182,"rawX":0,"rawY":182,"clippedAbsX":0,"clippedAbsY":48,"clippedX":0,"clippedY":48,"requestedAppliedX":0,"requestedAppliedY":35.424,"appliedX":0,"appliedY":22,"actualX":0,"actualY":22,"sensitivity":0.738,"currentZoomForScroll":1,"maxScrollStepX":22,"maxScrollStepY":22,"diagonalEvents":0,"clippedEvents":1}
[DebugBridge +1329207.3ms] wheel_scroll_motion {"eventCount":1,"rawAbsX":0,"rawAbsY":190,"rawX":0,"rawY":190,"clippedAbsX":0,"clippedAbsY":48,"clippedX":0,"clippedY":48,"requestedAppliedX":0,"requestedAppliedY":35.424,"appliedX":0,"appliedY":22,"actualX":0,"actualY":22,"sensitivity":0.738,"currentZoomForScroll":1,"maxScrollStepX":22,"maxScrollStepY":22,"diagonalEvents":0,"clippedEvents":1}
[DebugBridge +1329216.1ms] wheel_scroll_motion {"eventCount":1,"rawAbsX":0,"rawAbsY":182,"rawX":0,"rawY":182,"clippedAbsX":0,"clippedAbsY":48,"clippedX":0,"clippedY":48,"requestedAppliedX":0,"requestedAppliedY":35.424,"appliedX":0,"appliedY":22,"actualX":0,"actualY":22,"sensitivity":0.738,"currentZoomForScroll":1,"maxScrollStepX":22,"maxScrollStepY":22,"diagonalEvents":0,"clippedEvents":1}
[DebugBridge +1329248.1ms] wheel_scroll_motion {"eventCount":2,"rawAbsX":0,"rawAbsY":344,"rawX":0,"rawY":344,"clippedAbsX":0,"clippedAbsY":96,"clippedX":0,"clippedY":96,"requestedAppliedX":0,"requestedAppliedY":70.848,"appliedX":0,"appliedY":22,"actualX":0,"actualY":22,"sensitivity":0.738,"currentZoomForScroll":1,"maxScrollStepX":22,"maxScrollStepY":22,"diagonalEvents":0,"clippedEvents":2}
[DebugBridge +1329250.2ms] wheel_scroll_motion {"eventCount":1,"rawAbsX":0,"rawAbsY":316,"rawX":0,"rawY":316,"clippedAbsX":0,"clippedAbsY":48,"clippedX":0,"clippedY":48,"requestedAppliedX":0,"requestedAppliedY":35.424,"appliedX":0,"appliedY":22,"actualX":0,"actualY":22,"sensitivity":0.738,"currentZoomForScroll":1,"maxScrollStepX":22,"maxScrollStepY":22,"diagonalEvents":0,"clippedEvents":1}
[DebugBridge +1329257.1ms] wheel_scroll_motion {"eventCount":1,"rawAbsX":0,"rawAbsY":142,"rawX":0,"rawY":142,"clippedAbsX":0,"clippedAbsY":48,"clippedX":0,"clippedY":48,"requestedAppliedX":0,"requestedAppliedY":35.424,"appliedX":0,"appliedY":22,"actualX":0,"actualY":22,"sensitivity":0.738,"currentZoomForScroll":1,"maxScrollStepX":22,"maxScrollStepY":22,"diagonalEvents":0,"clippedEvents":1}
[DebugBridge +1329267.4ms] wheel_scroll_motion {"eventCount":1,"rawAbsX":0,"rawAbsY":140,"rawX":0,"rawY":140,"clippedAbsX":0,"clippedAbsY":48,"clippedX":0,"clippedY":48,"requestedAppliedX":0,"requestedAppliedY":35.424,"appliedX":0,"appliedY":22,"actualX":0,"actualY":22,"sensitivity":0.738,"currentZoomForScroll":1,"maxScrollStepX":22,"maxScrollStepY":22,"diagonalEvents":0,"clippedEvents":1}
[DebugBridge +1329275.9ms] wheel_scroll_motion {"eventCount":1,"rawAbsX":0,"rawAbsY":140,"rawX":0,"rawY":140,"clippedAbsX":0,"clippedAbsY":48,"clippedX":0,"clippedY":48,"requestedAppliedX":0,"requestedAppliedY":35.424,"appliedX":0,"appliedY":22,"actualX":0,"actualY":22,"sensitivity":0.738,"currentZoomForScroll":1,"maxScrollStepX":22,"maxScrollStepY":22,"diagonalEvents":0,"clippedEvents":1}
[DebugBridge +1329282.5ms] wheel_scroll_motion {"eventCount":1,"rawAbsX":0,"rawAbsY":138,"rawX":0,"rawY":138,"clippedAbsX":0,"clippedAbsY":48,"clippedX":0,"clippedY":48,"requestedAppliedX":0,"requestedAppliedY":35.424,"appliedX":0,"appliedY":22,"actualX":0,"actualY":22,"sensitivity":0.738,"currentZoomForScroll":1,"maxScrollStepX":22,"maxScrollStepY":22,"diagonalEvents":0,"clippedEvents":1}
[DebugBridge +1329291.1ms] wheel_scroll_motion {"eventCount":1,"rawAbsX":0,"rawAbsY":132,"rawX":0,"rawY":132,"clippedAbsX":0,"clippedAbsY":48,"clippedX":0,"clippedY":48,"requestedAppliedX":0,"requestedAppliedY":35.424,"appliedX":0,"appliedY":22,"actualX":0,"actualY":22,"sensitivity":0.738,"currentZoomForScroll":1,"maxScrollStepX":22,"maxScrollStepY":22,"diagonalEvents":0,"clippedEvents":1}
[DebugBridge +1329299.1ms] wheel_scroll_motion {"eventCount":1,"rawAbsX":0,"rawAbsY":130,"rawX":0,"rawY":130,"clippedAbsX":0,"clippedAbsY":48,"clippedX":0,"clippedY":48,"requestedAppliedX":0,"requestedAppliedY":35.424,"appliedX":0,"appliedY":22,"actualX":0,"actualY":22,"sensitivity":0.738,"currentZoomForScroll":1,"maxScrollStepX":22,"maxScrollStepY":22,"diagonalEvents":0,"clippedEvents":1}
[DebugBridge +1329308.2ms] wheel_scroll_motion {"eventCount":1,"rawAbsX":0,"rawAbsY":128,"rawX":0,"rawY":128,"clippedAbsX":0,"clippedAbsY":48,"clippedX":0,"clippedY":48,"requestedAppliedX":0,"requestedAppliedY":35.424,"appliedX":0,"appliedY":22,"actualX":0,"actualY":22,"sensitivity":0.738,"currentZoomForScroll":1,"maxScrollStepX":22,"maxScrollStepY":22,"diagonalEvents":0,"clippedEvents":1}
[DebugBridge +1329315.4ms] wheel_scroll_motion {"eventCount":1,"rawAbsX":0,"rawAbsY":126,"rawX":0,"rawY":126,"clippedAbsX":0,"clippedAbsY":48,"clippedX":0,"clippedY":48,"requestedAppliedX":0,"requestedAppliedY":35.424,"appliedX":0,"appliedY":22,"actualX":0,"actualY":22,"sensitivity":0.738,"currentZoomForScroll":1,"maxScrollStepX":22,"maxScrollStepY":22,"diagonalEvents":0,"clippedEvents":1}
[DebugBridge +1329324.0ms] wheel_scroll_motion {"eventCount":1,"rawAbsX":0,"rawAbsY":122,"rawX":0,"rawY":122,"clippedAbsX":0,"clippedAbsY":48,"clippedX":0,"clippedY":48,"requestedAppliedX":0,"requestedAppliedY":35.424,"appliedX":0,"appliedY":22,"actualX":0,"actualY":22,"sensitivity":0.738,"currentZoomForScroll":1,"maxScrollStepX":22,"maxScrollStepY":22,"diagonalEvents":0,"clippedEvents":1}
[DebugBridge +1329333.3ms] wheel_scroll_motion {"eventCount":1,"rawAbsX":0,"rawAbsY":122,"rawX":0,"rawY":122,"clippedAbsX":0,"clippedAbsY":48,"clippedX":0,"clippedY":48,"requestedAppliedX":0,"requestedAppliedY":35.424,"appliedX":0,"appliedY":22,"actualX":0,"actualY":22,"sensitivity":0.738,"currentZoomForScroll":1,"maxScrollStepX":22,"maxScrollStepY":22,"diagonalEvents":0,"clippedEvents":1}
[DebugBridge +1329342.5ms] wheel_scroll_motion {"eventCount":1,"rawAbsX":0,"rawAbsY":118,"rawX":0,"rawY":118,"clippedAbsX":0,"clippedAbsY":48,"clippedX":0,"clippedY":48,"requestedAppliedX":0,"requestedAppliedY":35.424,"appliedX":0,"appliedY":22,"actualX":0,"actualY":22,"sensitivity":0.738,"currentZoomForScroll":1,"maxScrollStepX":22,"maxScrollStepY":22,"diagonalEvents":0,"clippedEvents":1}
[DebugBridge +1329349.7ms] wheel_scroll_motion {"eventCount":1,"rawAbsX":0,"rawAbsY":118,"rawX":0,"rawY":118,"clippedAbsX":0,"clippedAbsY":48,"clippedX":0,"clippedY":48,"requestedAppliedX":0,"requestedAppliedY":35.424,"appliedX":0,"appliedY":22,"actualX":0,"actualY":22,"sensitivity":0.738,"currentZoomForScroll":1,"maxScrollStepX":22,"maxScrollStepY":22,"diagonalEvents":0,"clippedEvents":1}
[DebugBridge +1329358.3ms] wheel_scroll_motion {"eventCount":1,"rawAbsX":0,"rawAbsY":116,"rawX":0,"rawY":116,"clippedAbsX":0,"clippedAbsY":48,"clippedX":0,"clippedY":48,"requestedAppliedX":0,"requestedAppliedY":35.424,"appliedX":0,"appliedY":22,"actualX":0,"actualY":22,"sensitivity":0.738,"currentZoomForScroll":1,"maxScrollStepX":22,"maxScrollStepY":22,"diagonalEvents":0,"clippedEvents":1}
[DebugBridge +1329389.7ms] wheel_scroll_motion {"eventCount":1,"rawAbsX":0,"rawAbsY":220,"rawX":0,"rawY":220,"clippedAbsX":0,"clippedAbsY":48,"clippedX":0,"clippedY":48,"requestedAppliedX":0,"requestedAppliedY":35.424,"appliedX":0,"appliedY":22,"actualX":0,"actualY":22,"sensitivity":0.738,"currentZoomForScroll":1,"maxScrollStepX":22,"maxScrollStepY":22,"diagonalEvents":0,"clippedEvents":1}
[DebugBridge +1329531.2ms] wheel_scroll_motion {"eventCount":1,"rawAbsX":0,"rawAbsY":2,"rawX":0,"rawY":-2,"clippedAbsX":0,"clippedAbsY":2,"clippedX":0,"clippedY":-2,"requestedAppliedX":0,"requestedAppliedY":-1.64,"appliedX":0,"appliedY":-1.64,"actualX":0,"actualY":-2,"sensitivity":0.82,"currentZoomForScroll":1,"maxScrollStepX":22,"maxScrollStepY":22,"diagonalEvents":0,"clippedEvents":0}
[DebugBridge +1329542.1ms] wheel_scroll_motion {"eventCount":2,"rawAbsX":0,"rawAbsY":4,"rawX":0,"rawY":-4,"clippedAbsX":0,"clippedAbsY":4,"clippedX":0,"clippedY":-4,"requestedAppliedX":0,"requestedAppliedY":-3.28,"appliedX":0,"appliedY":-3.28,"actualX":0,"actualY":-3.5,"sensitivity":0.82,"currentZoomForScroll":1,"maxScrollStepX":22,"maxScrollStepY":22,"diagonalEvents":0,"clippedEvents":0}
[DebugBridge +1329550.6ms] wheel_scroll_motion {"eventCount":2,"rawAbsX":0,"rawAbsY":4,"rawX":0,"rawY":-4,"clippedAbsX":0,"clippedAbsY":4,"clippedX":0,"clippedY":-4,"requestedAppliedX":0,"requestedAppliedY":-3.28,"appliedX":0,"appliedY":-3.28,"actualX":0,"actualY":-3.5,"sensitivity":0.82,"currentZoomForScroll":1,"maxScrollStepX":22,"maxScrollStepY":22,"diagonalEvents":0,"clippedEvents":0}
[DebugBridge +1329557.4ms] wheel_scroll_motion {"eventCount":2,"rawAbsX":0,"rawAbsY":4,"rawX":0,"rawY":-4,"clippedAbsX":0,"clippedAbsY":4,"clippedX":0,"clippedY":-4,"requestedAppliedX":0,"requestedAppliedY":-3.28,"appliedX":0,"appliedY":-3.28,"actualX":0,"actualY":-3.5,"sensitivity":0.82,"currentZoomForScroll":1,"maxScrollStepX":22,"maxScrollStepY":22,"diagonalEvents":0,"clippedEvents":0}
[DebugBridge +1329566.1ms] wheel_scroll_motion {"eventCount":2,"rawAbsX":0,"rawAbsY":4,"rawX":0,"rawY":-4,"clippedAbsX":0,"clippedAbsY":4,"clippedX":0,"clippedY":-4,"requestedAppliedX":0,"requestedAppliedY":-3.28,"appliedX":0,"appliedY":-3.28,"actualX":0,"actualY":-3.5,"sensitivity":0.82,"currentZoomForScroll":1,"maxScrollStepX":22,"maxScrollStepY":22,"diagonalEvents":0,"clippedEvents":0}
[DebugBridge +1329575.4ms] wheel_scroll_motion {"eventCount":2,"rawAbsX":0,"rawAbsY":4,"rawX":0,"rawY":-4,"clippedAbsX":0,"clippedAbsY":4,"clippedX":0,"clippedY":-4,"requestedAppliedX":0,"requestedAppliedY":-3.28,"appliedX":0,"appliedY":-3.28,"actualX":0,"actualY":-3.5,"sensitivity":0.82,"currentZoomForScroll":1,"maxScrollStepX":22,"maxScrollStepY":22,"diagonalEvents":0,"clippedEvents":0}
[DebugBridge +1329584.0ms] wheel_scroll_motion {"eventCount":2,"rawAbsX":0,"rawAbsY":4,"rawX":0,"rawY":-4,"clippedAbsX":0,"clippedAbsY":4,"clippedX":0,"clippedY":-4,"requestedAppliedX":0,"requestedAppliedY":-3.28,"appliedX":0,"appliedY":-3.28,"actualX":0,"actualY":-3.5,"sensitivity":0.82,"currentZoomForScroll":1,"maxScrollStepX":22,"maxScrollStepY":22,"diagonalEvents":0,"clippedEvents":0}
[DebugBridge +1329591.9ms] wheel_scroll_motion {"eventCount":2,"rawAbsX":0,"rawAbsY":4,"rawX":0,"rawY":-4,"clippedAbsX":0,"clippedAbsY":4,"clippedX":0,"clippedY":-4,"requestedAppliedX":0,"requestedAppliedY":-3.28,"appliedX":0,"appliedY":-3.28,"actualX":0,"actualY":-3.5,"sensitivity":0.82,"currentZoomForScroll":1,"maxScrollStepX":22,"maxScrollStepY":22,"diagonalEvents":0,"clippedEvents":0}
[DebugBridge +1329641.9ms] wheel_scroll_motion {"eventCount":1,"rawAbsX":0,"rawAbsY":14,"rawX":0,"rawY":-14,"clippedAbsX":0,"clippedAbsY":14,"clippedX":0,"clippedY":-14,"requestedAppliedX":0,"requestedAppliedY":-11.479999999999999,"appliedX":0,"appliedY":-11.479999999999999,"actualX":0,"actualY":-11.5,"sensitivity":0.82,"currentZoomForScroll":1,"maxScrollStepX":22,"maxScrollStepY":22,"diagonalEvents":0,"clippedEvents":0}
[DebugBridge +1329649.0ms] wheel_scroll_motion {"eventCount":1,"rawAbsX":0,"rawAbsY":2,"rawX":0,"rawY":-2,"clippedAbsX":0,"clippedAbsY":2,"clippedX":0,"clippedY":-2,"requestedAppliedX":0,"requestedAppliedY":-1.64,"appliedX":0,"appliedY":-1.64,"actualX":0,"actualY":-2,"sensitivity":0.82,"currentZoomForScroll":1,"maxScrollStepX":22,"maxScrollStepY":22,"diagonalEvents":0,"clippedEvents":0}
[DebugBridge +1329657.9ms] wheel_scroll_motion {"eventCount":2,"rawAbsX":2,"rawAbsY":6,"rawX":-2,"rawY":-6,"clippedAbsX":2,"clippedAbsY":6,"clippedX":-2,"clippedY":-6,"requestedAppliedX":-1.476,"requestedAppliedY":-4.756,"appliedX":-1.476,"appliedY":-4.756,"actualX":0,"actualY":-5,"sensitivity":0.738,"currentZoomForScroll":1,"maxScrollStepX":22,"maxScrollStepY":22,"diagonalEvents":1,"clippedEvents":0}
[DebugBridge +1329666.2ms] wheel_scroll_motion {"eventCount":2,"rawAbsX":4,"rawAbsY":6,"rawX":-4,"rawY":-6,"clippedAbsX":4,"clippedAbsY":6,"clippedX":-4,"clippedY":-6,"requestedAppliedX":-2.952,"requestedAppliedY":-4.428,"appliedX":-2.952,"appliedY":-4.428,"actualX":0,"actualY":-4.5,"sensitivity":0.738,"currentZoomForScroll":1,"maxScrollStepX":22,"maxScrollStepY":22,"diagonalEvents":2,"clippedEvents":0}
[DebugBridge +1329673.8ms] wheel_scroll_motion {"eventCount":2,"rawAbsX":4,"rawAbsY":14,"rawX":-4,"rawY":-14,"clippedAbsX":4,"clippedAbsY":14,"clippedX":-4,"clippedY":-14,"requestedAppliedX":-2.952,"requestedAppliedY":-10.332,"appliedX":-2.952,"appliedY":-10.332,"actualX":0,"actualY":-10.5,"sensitivity":0.738,"currentZoomForScroll":1,"maxScrollStepX":22,"maxScrollStepY":22,"diagonalEvents":2,"clippedEvents":0}
[DebugBridge +1329683.3ms] wheel_scroll_motion {"eventCount":2,"rawAbsX":6,"rawAbsY":20,"rawX":-6,"rawY":-20,"clippedAbsX":6,"clippedAbsY":20,"clippedX":-6,"clippedY":-20,"requestedAppliedX":-4.428,"requestedAppliedY":-14.760000000000002,"appliedX":-4.428,"appliedY":-14.760000000000002,"actualX":0,"actualY":-15,"sensitivity":0.738,"currentZoomForScroll":1,"maxScrollStepX":22,"maxScrollStepY":22,"diagonalEvents":2,"clippedEvents":0}
[DebugBridge +1329691.3ms] wheel_scroll_motion {"eventCount":2,"rawAbsX":6,"rawAbsY":32,"rawX":-6,"rawY":-32,"clippedAbsX":6,"clippedAbsY":32,"clippedX":-6,"clippedY":-32,"requestedAppliedX":-4.428,"requestedAppliedY":-23.616,"appliedX":-4.428,"appliedY":-22,"actualX":0,"actualY":-22,"sensitivity":0.738,"currentZoomForScroll":1,"maxScrollStepX":22,"maxScrollStepY":22,"diagonalEvents":2,"clippedEvents":0}
[DebugBridge +1329699.3ms] wheel_scroll_motion {"eventCount":2,"rawAbsX":8,"rawAbsY":42,"rawX":-8,"rawY":-42,"clippedAbsX":8,"clippedAbsY":42,"clippedX":-8,"clippedY":-42,"requestedAppliedX":-5.904,"requestedAppliedY":-30.996000000000002,"appliedX":-5.904,"appliedY":-22,"actualX":0,"actualY":-22,"sensitivity":0.738,"currentZoomForScroll":1,"maxScrollStepX":22,"maxScrollStepY":22,"diagonalEvents":2,"clippedEvents":0}
[DebugBridge +1329706.7ms] wheel_scroll_motion {"eventCount":2,"rawAbsX":12,"rawAbsY":52,"rawX":-12,"rawY":-52,"clippedAbsX":12,"clippedAbsY":52,"clippedX":-12,"clippedY":-52,"requestedAppliedX":-8.856,"requestedAppliedY":-38.376000000000005,"appliedX":-8.856,"appliedY":-22,"actualX":0,"actualY":-22,"sensitivity":0.738,"currentZoomForScroll":1,"maxScrollStepX":22,"maxScrollStepY":22,"diagonalEvents":2,"clippedEvents":0}
[DebugBridge +1329715.4ms] wheel_scroll_motion {"eventCount":2,"rawAbsX":12,"rawAbsY":58,"rawX":-12,"rawY":-58,"clippedAbsX":12,"clippedAbsY":58,"clippedX":-12,"clippedY":-58,"requestedAppliedX":-8.856,"requestedAppliedY":-42.804,"appliedX":-8.856,"appliedY":-22,"actualX":0,"actualY":-22,"sensitivity":0.738,"currentZoomForScroll":1,"maxScrollStepX":22,"maxScrollStepY":22,"diagonalEvents":2,"clippedEvents":0}
[DebugBridge +1329723.6ms] wheel_scroll_motion {"eventCount":2,"rawAbsX":12,"rawAbsY":50,"rawX":-12,"rawY":-50,"clippedAbsX":12,"clippedAbsY":50,"clippedX":-12,"clippedY":-50,"requestedAppliedX":-8.856,"requestedAppliedY":-36.9,"appliedX":-8.856,"appliedY":-22,"actualX":0,"actualY":-22,"sensitivity":0.738,"currentZoomForScroll":1,"maxScrollStepX":22,"maxScrollStepY":22,"diagonalEvents":2,"clippedEvents":0}
[DebugBridge +1329731.5ms] wheel_scroll_motion {"eventCount":2,"rawAbsX":8,"rawAbsY":40,"rawX":-8,"rawY":-40,"clippedAbsX":8,"clippedAbsY":40,"clippedX":-8,"clippedY":-40,"requestedAppliedX":-5.904,"requestedAppliedY":-29.52,"appliedX":-5.904,"appliedY":-22,"actualX":0,"actualY":-22,"sensitivity":0.738,"currentZoomForScroll":1,"maxScrollStepX":22,"maxScrollStepY":22,"diagonalEvents":2,"clippedEvents":0}
[DebugBridge +1329740.4ms] wheel_scroll_motion {"eventCount":2,"rawAbsX":8,"rawAbsY":36,"rawX":-8,"rawY":-36,"clippedAbsX":8,"clippedAbsY":36,"clippedX":-8,"clippedY":-36,"requestedAppliedX":-5.904,"requestedAppliedY":-26.568,"appliedX":-5.904,"appliedY":-22,"actualX":0,"actualY":-22,"sensitivity":0.738,"currentZoomForScroll":1,"maxScrollStepX":22,"maxScrollStepY":22,"diagonalEvents":2,"clippedEvents":0}
[DebugBridge +1329750.2ms] wheel_scroll_motion {"eventCount":2,"rawAbsX":6,"rawAbsY":26,"rawX":-6,"rawY":-26,"clippedAbsX":6,"clippedAbsY":26,"clippedX":-6,"clippedY":-26,"requestedAppliedX":-4.428,"requestedAppliedY":-19.188000000000002,"appliedX":-4.428,"appliedY":-19.188000000000002,"actualX":0,"actualY":-19.5,"sensitivity":0.738,"currentZoomForScroll":1,"maxScrollStepX":22,"maxScrollStepY":22,"diagonalEvents":2,"clippedEvents":0}
[DebugBridge +1329758.2ms] wheel_scroll_motion {"eventCount":1,"rawAbsX":6,"rawAbsY":36,"rawX":-6,"rawY":-36,"clippedAbsX":6,"clippedAbsY":36,"clippedX":-6,"clippedY":-36,"requestedAppliedX":-4.428,"requestedAppliedY":-26.567999999999998,"appliedX":-4.428,"appliedY":-22,"actualX":0,"actualY":-22,"sensitivity":0.738,"currentZoomForScroll":1,"maxScrollStepX":22,"maxScrollStepY":22,"diagonalEvents":1,"clippedEvents":0}
[DebugBridge +1329766.3ms] wheel_scroll_motion {"eventCount":2,"rawAbsX":4,"rawAbsY":20,"rawX":-4,"rawY":-20,"clippedAbsX":4,"clippedAbsY":20,"clippedX":-4,"clippedY":-20,"requestedAppliedX":-2.952,"requestedAppliedY":-14.76,"appliedX":-2.952,"appliedY":-14.76,"actualX":0,"actualY":-15,"sensitivity":0.738,"currentZoomForScroll":1,"maxScrollStepX":22,"maxScrollStepY":22,"diagonalEvents":2,"clippedEvents":0}
[DebugBridge +1329773.8ms] wheel_scroll_motion {"eventCount":1,"rawAbsX":4,"rawAbsY":14,"rawX":-4,"rawY":-14,"clippedAbsX":4,"clippedAbsY":14,"clippedX":-4,"clippedY":-14,"requestedAppliedX":-2.952,"requestedAppliedY":-10.332,"appliedX":-2.952,"appliedY":-10.332,"actualX":0,"actualY":-10.5,"sensitivity":0.738,"currentZoomForScroll":1,"maxScrollStepX":22,"maxScrollStepY":22,"diagonalEvents":1,"clippedEvents":0}
[DebugBridge +1329782.7ms] wheel_scroll_motion {"eventCount":1,"rawAbsX":2,"rawAbsY":18,"rawX":-2,"rawY":-18,"clippedAbsX":2,"clippedAbsY":18,"clippedX":-2,"clippedY":-18,"requestedAppliedX":-1.476,"requestedAppliedY":-13.283999999999999,"appliedX":-1.476,"appliedY":-13.283999999999999,"actualX":0,"actualY":-13.5,"sensitivity":0.738,"currentZoomForScroll":1,"maxScrollStepX":22,"maxScrollStepY":22,"diagonalEvents":1,"clippedEvents":0}
[DebugBridge +1329791.3ms] wheel_scroll_motion {"eventCount":1,"rawAbsX":0,"rawAbsY":16,"rawX":0,"rawY":-16,"clippedAbsX":0,"clippedAbsY":16,"clippedX":0,"clippedY":-16,"requestedAppliedX":0,"requestedAppliedY":-13.12,"appliedX":0,"appliedY":-13.12,"actualX":0,"actualY":-13.5,"sensitivity":0.82,"currentZoomForScroll":1,"maxScrollStepX":22,"maxScrollStepY":22,"diagonalEvents":0,"clippedEvents":0}
[DebugBridge +1329798.2ms] wheel_scroll_motion {"eventCount":1,"rawAbsX":0,"rawAbsY":40,"rawX":0,"rawY":-40,"clippedAbsX":0,"clippedAbsY":40,"clippedX":0,"clippedY":-40,"requestedAppliedX":0,"requestedAppliedY":-32.8,"appliedX":0,"appliedY":-22,"actualX":0,"actualY":-22,"sensitivity":0.82,"currentZoomForScroll":1,"maxScrollStepX":22,"maxScrollStepY":22,"diagonalEvents":0,"clippedEvents":0}
[DebugBridge +1329807.9ms] wheel_scroll_motion {"eventCount":1,"rawAbsX":0,"rawAbsY":48,"rawX":0,"rawY":-48,"clippedAbsX":0,"clippedAbsY":48,"clippedX":0,"clippedY":-48,"requestedAppliedX":0,"requestedAppliedY":-39.36,"appliedX":0,"appliedY":-22,"actualX":0,"actualY":-22,"sensitivity":0.82,"currentZoomForScroll":1,"maxScrollStepX":22,"maxScrollStepY":22,"diagonalEvents":0,"clippedEvents":0}
[DebugBridge +1329816.2ms] wheel_scroll_motion {"eventCount":1,"rawAbsX":0,"rawAbsY":50,"rawX":0,"rawY":-50,"clippedAbsX":0,"clippedAbsY":48,"clippedX":0,"clippedY":-48,"requestedAppliedX":0,"requestedAppliedY":-35.424,"appliedX":0,"appliedY":-22,"actualX":0,"actualY":-22,"sensitivity":0.738,"currentZoomForScroll":1,"maxScrollStepX":22,"maxScrollStepY":22,"diagonalEvents":0,"clippedEvents":1}
[DebugBridge +1329823.1ms] wheel_scroll_motion {"eventCount":1,"rawAbsX":0,"rawAbsY":54,"rawX":0,"rawY":-54,"clippedAbsX":0,"clippedAbsY":48,"clippedX":0,"clippedY":-48,"requestedAppliedX":0,"requestedAppliedY":-35.424,"appliedX":0,"appliedY":-22,"actualX":0,"actualY":-22,"sensitivity":0.738,"currentZoomForScroll":1,"maxScrollStepX":22,"maxScrollStepY":22,"diagonalEvents":0,"clippedEvents":1}
[DebugBridge +1329831.6ms] wheel_scroll_motion {"eventCount":1,"rawAbsX":0,"rawAbsY":54,"rawX":0,"rawY":-54,"clippedAbsX":0,"clippedAbsY":48,"clippedX":0,"clippedY":-48,"requestedAppliedX":0,"requestedAppliedY":-35.424,"appliedX":0,"appliedY":-22,"actualX":0,"actualY":-22,"sensitivity":0.738,"currentZoomForScroll":1,"maxScrollStepX":22,"maxScrollStepY":22,"diagonalEvents":0,"clippedEvents":1}
[DebugBridge +1329840.9ms] wheel_scroll_motion {"eventCount":1,"rawAbsX":0,"rawAbsY":52,"rawX":0,"rawY":-52,"clippedAbsX":0,"clippedAbsY":48,"clippedX":0,"clippedY":-48,"requestedAppliedX":0,"requestedAppliedY":-35.424,"appliedX":0,"appliedY":-22,"actualX":0,"actualY":-22,"sensitivity":0.738,"currentZoomForScroll":1,"maxScrollStepX":22,"maxScrollStepY":22,"diagonalEvents":0,"clippedEvents":1}
[DebugBridge +1329883.1ms] wheel_scroll_motion {"eventCount":1,"rawAbsX":0,"rawAbsY":282,"rawX":0,"rawY":-282,"clippedAbsX":0,"clippedAbsY":48,"clippedX":0,"clippedY":-48,"requestedAppliedX":0,"requestedAppliedY":-35.424,"appliedX":0,"appliedY":-22,"actualX":0,"actualY":-22,"sensitivity":0.738,"currentZoomForScroll":1,"maxScrollStepX":22,"maxScrollStepY":22,"diagonalEvents":0,"clippedEvents":1}
[DebugBridge +1329888.7ms] wheel_scroll_motion {"eventCount":1,"rawAbsX":0,"rawAbsY":52,"rawX":0,"rawY":-52,"clippedAbsX":0,"clippedAbsY":48,"clippedX":0,"clippedY":-48,"requestedAppliedX":0,"requestedAppliedY":-35.424,"appliedX":0,"appliedY":-22,"actualX":0,"actualY":-22,"sensitivity":0.738,"currentZoomForScroll":1,"maxScrollStepX":22,"maxScrollStepY":22,"diagonalEvents":0,"clippedEvents":1}
[DebugBridge +1329901.8ms] wheel_scroll_motion {"eventCount":1,"rawAbsX":0,"rawAbsY":50,"rawX":0,"rawY":-50,"clippedAbsX":0,"clippedAbsY":48,"clippedX":0,"clippedY":-48,"requestedAppliedX":0,"requestedAppliedY":-35.424,"appliedX":0,"appliedY":-22,"actualX":0,"actualY":-22,"sensitivity":0.738,"currentZoomForScroll":1,"maxScrollStepX":22,"maxScrollStepY":22,"diagonalEvents":0,"clippedEvents":1}
[DebugBridge +1329960.1ms] wheel_scroll_motion {"eventCount":2,"rawAbsX":0,"rawAbsY":94,"rawX":0,"rawY":-94,"clippedAbsX":0,"clippedAbsY":94,"clippedX":0,"clippedY":-94,"requestedAppliedX":0,"requestedAppliedY":-77.08,"appliedX":0,"appliedY":-22,"actualX":0,"actualY":-22,"sensitivity":0.82,"currentZoomForScroll":1,"maxScrollStepX":22,"maxScrollStepY":22,"diagonalEvents":0,"clippedEvents":0}
[DebugBridge +1329964.2ms] wheel_scroll_motion {"eventCount":1,"rawAbsX":0,"rawAbsY":42,"rawX":0,"rawY":-42,"clippedAbsX":0,"clippedAbsY":42,"clippedX":0,"clippedY":-42,"requestedAppliedX":0,"requestedAppliedY":-34.44,"appliedX":0,"appliedY":-22,"actualX":0,"actualY":-22,"sensitivity":0.82,"currentZoomForScroll":1,"maxScrollStepX":22,"maxScrollStepY":22,"diagonalEvents":0,"clippedEvents":0}
[DebugBridge +1330049.6ms] wheel_scroll_motion {"eventCount":2,"rawAbsX":0,"rawAbsY":6,"rawX":0,"rawY":6,"clippedAbsX":0,"clippedAbsY":6,"clippedX":0,"clippedY":6,"requestedAppliedX":0,"requestedAppliedY":4.92,"appliedX":0,"appliedY":4.92,"actualX":0,"actualY":4.5,"sensitivity":0.82,"currentZoomForScroll":1,"maxScrollStepX":22,"maxScrollStepY":22,"diagonalEvents":0,"clippedEvents":0}
[DebugBridge +1330057.8ms] wheel_scroll_motion {"eventCount":1,"rawAbsX":0,"rawAbsY":4,"rawX":0,"rawY":4,"clippedAbsX":0,"clippedAbsY":4,"clippedX":0,"clippedY":4,"requestedAppliedX":0,"requestedAppliedY":3.28,"appliedX":0,"appliedY":3.28,"actualX":0,"actualY":3,"sensitivity":0.82,"currentZoomForScroll":1,"maxScrollStepX":22,"maxScrollStepY":22,"diagonalEvents":0,"clippedEvents":0}
[DebugBridge +1330066.5ms] wheel_scroll_motion {"eventCount":2,"rawAbsX":4,"rawAbsY":10,"rawX":-4,"rawY":10,"clippedAbsX":4,"clippedAbsY":10,"clippedX":-4,"clippedY":10,"requestedAppliedX":-2.952,"requestedAppliedY":7.38,"appliedX":-2.952,"appliedY":7.38,"actualX":0,"actualY":7,"sensitivity":0.738,"currentZoomForScroll":1,"maxScrollStepX":22,"maxScrollStepY":22,"diagonalEvents":2,"clippedEvents":0}
[DebugBridge +1330073.8ms] wheel_scroll_motion {"eventCount":2,"rawAbsX":4,"rawAbsY":16,"rawX":-4,"rawY":16,"clippedAbsX":4,"clippedAbsY":16,"clippedX":-4,"clippedY":16,"requestedAppliedX":-2.952,"requestedAppliedY":11.808,"appliedX":-2.952,"appliedY":11.808,"actualX":0,"actualY":11.5,"sensitivity":0.738,"currentZoomForScroll":1,"maxScrollStepX":22,"maxScrollStepY":22,"diagonalEvents":2,"clippedEvents":0}
[DebugBridge +1330082.5ms] wheel_scroll_motion {"eventCount":2,"rawAbsX":4,"rawAbsY":18,"rawX":-4,"rawY":18,"clippedAbsX":4,"clippedAbsY":18,"clippedX":-4,"clippedY":18,"requestedAppliedX":-2.952,"requestedAppliedY":13.283999999999999,"appliedX":-2.952,"appliedY":13.283999999999999,"actualX":0,"actualY":13,"sensitivity":0.738,"currentZoomForScroll":1,"maxScrollStepX":22,"maxScrollStepY":22,"diagonalEvents":2,"clippedEvents":0}
[DebugBridge +1330091.4ms] wheel_scroll_motion {"eventCount":2,"rawAbsX":0,"rawAbsY":26,"rawX":0,"rawY":26,"clippedAbsX":0,"clippedAbsY":26,"clippedX":0,"clippedY":26,"requestedAppliedX":0,"requestedAppliedY":21.32,"appliedX":0,"appliedY":21.32,"actualX":0,"actualY":21,"sensitivity":0.82,"currentZoomForScroll":1,"maxScrollStepX":22,"maxScrollStepY":22,"diagonalEvents":0,"clippedEvents":0}
[DebugBridge +1330120.2ms] wheel_scroll_motion {"eventCount":1,"rawAbsX":4,"rawAbsY":26,"rawX":-4,"rawY":26,"clippedAbsX":4,"clippedAbsY":26,"clippedX":-4,"clippedY":26,"requestedAppliedX":-2.952,"requestedAppliedY":19.188,"appliedX":-2.952,"appliedY":19.188,"actualX":0,"actualY":19,"sensitivity":0.738,"currentZoomForScroll":1,"maxScrollStepX":22,"maxScrollStepY":22,"diagonalEvents":1,"clippedEvents":0}
[DebugBridge +1330122.1ms] wheel_scroll_motion {"eventCount":1,"rawAbsX":0,"rawAbsY":60,"rawX":0,"rawY":60,"clippedAbsX":0,"clippedAbsY":48,"clippedX":0,"clippedY":48,"requestedAppliedX":0,"requestedAppliedY":35.424,"appliedX":0,"appliedY":22,"actualX":0,"actualY":22,"sensitivity":0.738,"currentZoomForScroll":1,"maxScrollStepX":22,"maxScrollStepY":22,"diagonalEvents":0,"clippedEvents":1}
[DebugBridge +1330133.6ms] wheel_scroll_motion {"eventCount":3,"rawAbsX":0,"rawAbsY":28,"rawX":0,"rawY":28,"clippedAbsX":0,"clippedAbsY":28,"clippedX":0,"clippedY":28,"requestedAppliedX":0,"requestedAppliedY":22.96,"appliedX":0,"appliedY":22,"actualX":0,"actualY":22,"sensitivity":0.82,"currentZoomForScroll":1,"maxScrollStepX":22,"maxScrollStepY":22,"diagonalEvents":0,"clippedEvents":0}
[DebugBridge +1330141.3ms] wheel_scroll_motion {"eventCount":1,"rawAbsX":2,"rawAbsY":20,"rawX":2,"rawY":20,"clippedAbsX":2,"clippedAbsY":20,"clippedX":2,"clippedY":20,"requestedAppliedX":1.476,"requestedAppliedY":14.76,"appliedX":1.476,"appliedY":14.76,"actualX":0,"actualY":14.5,"sensitivity":0.738,"currentZoomForScroll":1,"maxScrollStepX":22,"maxScrollStepY":22,"diagonalEvents":1,"clippedEvents":0}
[DebugBridge +1330149.4ms] wheel_scroll_motion {"eventCount":2,"rawAbsX":4,"rawAbsY":22,"rawX":4,"rawY":22,"clippedAbsX":4,"clippedAbsY":22,"clippedX":4,"clippedY":22,"requestedAppliedX":2.952,"requestedAppliedY":16.236,"appliedX":2.952,"appliedY":16.236,"actualX":0,"actualY":16,"sensitivity":0.738,"currentZoomForScroll":1,"maxScrollStepX":22,"maxScrollStepY":22,"diagonalEvents":2,"clippedEvents":0}
[DebugBridge +1330157.5ms] wheel_scroll_motion {"eventCount":1,"rawAbsX":2,"rawAbsY":6,"rawX":2,"rawY":6,"clippedAbsX":2,"clippedAbsY":6,"clippedX":2,"clippedY":6,"requestedAppliedX":1.476,"requestedAppliedY":4.428,"appliedX":1.476,"appliedY":4.428,"actualX":0,"actualY":4,"sensitivity":0.738,"currentZoomForScroll":1,"maxScrollStepX":22,"maxScrollStepY":22,"diagonalEvents":1,"clippedEvents":0}
[DebugBridge +1330198.9ms] wheel_scroll_motion {"eventCount":2,"rawAbsX":18,"rawAbsY":46,"rawX":18,"rawY":46,"clippedAbsX":18,"clippedAbsY":46,"clippedX":18,"clippedY":46,"requestedAppliedX":13.283999999999999,"requestedAppliedY":33.948,"appliedX":13.283999999999999,"appliedY":22,"actualX":0,"actualY":22,"sensitivity":0.738,"currentZoomForScroll":1,"maxScrollStepX":22,"maxScrollStepY":22,"diagonalEvents":2,"clippedEvents":0}
[DebugBridge +1330208.6ms] wheel_scroll_motion {"eventCount":2,"rawAbsX":4,"rawAbsY":4,"rawX":4,"rawY":4,"clippedAbsX":4,"clippedAbsY":4,"clippedX":4,"clippedY":4,"requestedAppliedX":2.952,"requestedAppliedY":2.952,"appliedX":2.952,"appliedY":2.952,"actualX":0,"actualY":2.5,"sensitivity":0.738,"currentZoomForScroll":1,"maxScrollStepX":22,"maxScrollStepY":22,"diagonalEvents":2,"clippedEvents":0}
[DebugBridge +1330214.9ms] wheel_scroll_motion {"eventCount":2,"rawAbsX":4,"rawAbsY":4,"rawX":4,"rawY":4,"clippedAbsX":4,"clippedAbsY":4,"clippedX":4,"clippedY":4,"requestedAppliedX":2.952,"requestedAppliedY":2.952,"appliedX":2.952,"appliedY":2.952,"actualX":0,"actualY":2.5,"sensitivity":0.738,"currentZoomForScroll":1,"maxScrollStepX":22,"maxScrollStepY":22,"diagonalEvents":2,"clippedEvents":0}
[DebugBridge +1330222.9ms] wheel_scroll_motion {"eventCount":2,"rawAbsX":4,"rawAbsY":4,"rawX":4,"rawY":4,"clippedAbsX":4,"clippedAbsY":4,"clippedX":4,"clippedY":4,"requestedAppliedX":2.952,"requestedAppliedY":2.952,"appliedX":2.952,"appliedY":2.952,"actualX":0,"actualY":2.5,"sensitivity":0.738,"currentZoomForScroll":1,"maxScrollStepX":22,"maxScrollStepY":22,"diagonalEvents":2,"clippedEvents":0}
[DebugBridge +1330232.9ms] wheel_scroll_motion {"eventCount":2,"rawAbsX":4,"rawAbsY":4,"rawX":4,"rawY":4,"clippedAbsX":4,"clippedAbsY":4,"clippedX":4,"clippedY":4,"requestedAppliedX":2.952,"requestedAppliedY":2.952,"appliedX":2.952,"appliedY":2.952,"actualX":0,"actualY":2.5,"sensitivity":0.738,"currentZoomForScroll":1,"maxScrollStepX":22,"maxScrollStepY":22,"diagonalEvents":2,"clippedEvents":0}
[DebugBridge +1330240.4ms] wheel_scroll_motion {"eventCount":2,"rawAbsX":4,"rawAbsY":2,"rawX":4,"rawY":2,"clippedAbsX":4,"clippedAbsY":2,"clippedX":4,"clippedY":2,"requestedAppliedX":3.1159999999999997,"requestedAppliedY":1.476,"appliedX":3.1159999999999997,"appliedY":1.476,"actualX":0,"actualY":1,"sensitivity":0.82,"currentZoomForScroll":1,"maxScrollStepX":22,"maxScrollStepY":22,"diagonalEvents":1,"clippedEvents":0}
[DebugBridge +1330249.2ms] wheel_scroll_motion {"eventCount":1,"rawAbsX":2,"rawAbsY":0,"rawX":2,"rawY":0,"clippedAbsX":2,"clippedAbsY":0,"clippedX":2,"clippedY":0,"requestedAppliedX":1.64,"requestedAppliedY":0,"appliedX":1.64,"appliedY":0,"actualX":0,"actualY":0,"sensitivity":0.82,"currentZoomForScroll":1,"maxScrollStepX":22,"maxScrollStepY":22,"diagonalEvents":0,"clippedEvents":0}
[DebugBridge +1330257.6ms] wheel_scroll_motion {"eventCount":1,"rawAbsX":0,"rawAbsY":2,"rawX":0,"rawY":2,"clippedAbsX":0,"clippedAbsY":2,"clippedX":0,"clippedY":2,"requestedAppliedX":0,"requestedAppliedY":1.64,"appliedX":0,"appliedY":1.64,"actualX":0,"actualY":1.5,"sensitivity":0.82,"currentZoomForScroll":1,"maxScrollStepX":22,"maxScrollStepY":22,"diagonalEvents":0,"clippedEvents":0}
[DebugBridge +1330265.3ms] wheel_scroll_motion {"eventCount":2,"rawAbsX":2,"rawAbsY":2,"rawX":2,"rawY":2,"clippedAbsX":2,"clippedAbsY":2,"clippedX":2,"clippedY":2,"requestedAppliedX":1.64,"requestedAppliedY":1.64,"appliedX":1.64,"appliedY":1.64,"actualX":0,"actualY":1.5,"sensitivity":0.82,"currentZoomForScroll":1,"maxScrollStepX":22,"maxScrollStepY":22,"diagonalEvents":0,"clippedEvents":0}
[DebugBridge +1330740.1ms] page_motion_snapshot_hide {"page":4,"reason":"syncfusion-wheel-scroll"}
[DebugBridge +1330744.8ms] page_motion_snapshot_hide {"page":3,"reason":"syncfusion-wheel-scroll"}
[DebugBridge +1330745.1ms] page_motion_snapshot_hide {"page":2,"reason":"syncfusion-wheel-scroll"}
[DebugBridge +1330745.3ms] page_motion_snapshot_hide {"page":1,"reason":"syncfusion-wheel-scroll"}
[DebugBridge +1330827.7ms] page_motion_snapshot_show {"page":6,"reason":"overlay-wheel-zoom","surfaces":5,"width":1126,"height":729,"dpr":1.25}
[DebugBridge +1330854.9ms] page_motion_snapshot_show {"page":5,"reason":"overlay-wheel-zoom","surfaces":5,"width":1126,"height":729,"dpr":1.25}
[DebugBridge +1330889.9ms] page_motion_snapshot_show {"page":7,"reason":"overlay-wheel-zoom","surfaces":5,"width":1126,"height":729,"dpr":1.25}
[DebugBridge +1331118.7ms] page_motion_snapshot_show {"page":4,"reason":"overlay-wheel-zoom","surfaces":6,"width":1126,"height":729,"dpr":1.25}
[DebugBridge +1331118.7ms] page_motion_snapshot_batch {"reason":"overlay-wheel-zoom","requested":4,"captured":4}
[DebugBridge +1331139.5ms] zoom_wheel_request {"rawDeltaY":173.29923963546753,"reportedZoom":10,"trustedReactZoom":100,"currentZoom":100,"reportedCurrentZoom":100,"nextZoom":124,"requestedDeltaAbs":24,"reportedLagAbs":0,"rawGetZoomValue":10,"rawViewerZoomValue":10,"rawMagnificationZoom":null,"correctedSuspiciousZoom":true}
[DebugBridge +1331139.6ms] zoom_start {"scale":1,"source":"overlay_wheel_zoom_pre","reportedScale":0.1,"correctedSuspiciousZoom":true}
[DebugBridge +1331273.7ms] zoom_wheel_request {"rawDeltaY":4.740730285644531,"reportedZoom":124,"trustedReactZoom":124,"currentZoom":124,"reportedCurrentZoom":124,"nextZoom":125.30003888453449,"requestedDeltaAbs":1.3000388845344872,"reportedLagAbs":0,"rawGetZoomValue":124,"rawViewerZoomValue":124,"rawMagnificationZoom":null,"correctedSuspiciousZoom":false}
[DebugBridge +1331291.5ms] zoom_wheel_request {"rawDeltaY":7.745993137359619,"reportedZoom":125,"trustedReactZoom":125.30003888453449,"currentZoom":125.30003888453449,"reportedCurrentZoom":125,"nextZoom":127.45359749443007,"requestedDeltaAbs":2.1535586098955832,"reportedLagAbs":0.30003888453448724,"rawGetZoomValue":125,"rawViewerZoomValue":125,"rawMagnificationZoom":null,"correctedSuspiciousZoom":false}
[DebugBridge +1331313.4ms] zoom_wheel_request {"rawDeltaY":13.548495292663574,"reportedZoom":127,"trustedReactZoom":127.45359749443006,"currentZoom":127.45359749443006,"reportedCurrentZoom":127,"nextZoom":131.3097514184025,"requestedDeltaAbs":3.8561539239724425,"reportedLagAbs":0.45359749443005626,"rawGetZoomValue":127,"rawViewerZoomValue":127,"rawMagnificationZoom":null,"correctedSuspiciousZoom":false}
[DebugBridge +1331332.8ms] zoom_wheel_request {"rawDeltaY":26.777225494384766,"reportedZoom":131,"trustedReactZoom":131.3097514184025,"currentZoom":131.3097514184025,"reportedCurrentZoom":131,"nextZoom":139.27758315184673,"requestedDeltaAbs":7.967831733444228,"reportedLagAbs":0.30975141840249876,"rawGetZoomValue":131,"rawViewerZoomValue":131,"rawMagnificationZoom":null,"correctedSuspiciousZoom":false}
[DebugBridge +1331352.6ms] zoom_wheel_request {"rawDeltaY":41.80597686767578,"reportedZoom":139,"trustedReactZoom":139.27758315184673,"currentZoom":139.27758315184673,"reportedCurrentZoom":139,"nextZoom":152.694942621798,"requestedDeltaAbs":13.417359469951265,"reportedLagAbs":0.2775831518467271,"rawGetZoomValue":139,"rawViewerZoomValue":139,"rawMagnificationZoom":null,"correctedSuspiciousZoom":false}
[DebugBridge +1331374.8ms] zoom_wheel_request {"rawDeltaY":19.47466468811035,"reportedZoom":152,"trustedReactZoom":152.694942621798,"currentZoom":152.694942621798,"reportedCurrentZoom":152,"nextZoom":159.3792136720659,"requestedDeltaAbs":6.68427105026791,"reportedLagAbs":0.6949426217979919,"rawGetZoomValue":152,"rawViewerZoomValue":152,"rawMagnificationZoom":null,"correctedSuspiciousZoom":false}
[DebugBridge +1331395.9ms] zoom_wheel_request {"rawDeltaY":27.04724884033203,"reportedZoom":159,"trustedReactZoom":159.3792136720659,"currentZoom":159.3792136720659,"reportedCurrentZoom":159,"nextZoom":169.15074536312918,"requestedDeltaAbs":9.771531691063274,"reportedLagAbs":0.3792136720659016,"rawGetZoomValue":159,"rawViewerZoomValue":159,"rawMagnificationZoom":null,"correctedSuspiciousZoom":false}
[DebugBridge +1331415.6ms] zoom_wheel_request {"rawDeltaY":14.498270988464355,"reportedZoom":169,"trustedReactZoom":169.15074536312918,"currentZoom":169.15074536312918,"reportedCurrentZoom":169,"nextZoom":174.63297711088998,"requestedDeltaAbs":5.482231747760807,"reportedLagAbs":0.1507453631291753,"rawGetZoomValue":169,"rawViewerZoomValue":169,"rawMagnificationZoom":null,"correctedSuspiciousZoom":false}
[DebugBridge +1331437.1ms] zoom_wheel_request {"rawDeltaY":6.746719837188721,"reportedZoom":174,"trustedReactZoom":174.63297711088998,"currentZoom":174.63297711088998,"reportedCurrentZoom":174,"nextZoom":177.2443486764069,"requestedDeltaAbs":2.6113715655169187,"reportedLagAbs":0.632977110889982,"rawGetZoomValue":174,"rawViewerZoomValue":174,"rawMagnificationZoom":null,"correctedSuspiciousZoom":false}
[DebugBridge +1331474.8ms] zoom_wheel_request {"rawDeltaY":3.7692747116088867,"reportedZoom":177,"trustedReactZoom":177.2443486764069,"currentZoom":177.2443486764069,"reportedCurrentZoom":177,"nextZoom":178.72024137934102,"requestedDeltaAbs":1.475892702934118,"reportedLagAbs":0.24434867640690072,"rawGetZoomValue":177,"rawViewerZoomValue":177,"rawMagnificationZoom":null,"correctedSuspiciousZoom":false}
[DebugBridge +1332022.5ms] page_motion_snapshot_hide {"page":6,"reason":"syncfusion-scroll"}
[DebugBridge +1332022.8ms] page_motion_snapshot_hide {"page":7,"reason":"syncfusion-scroll"}
[DebugBridge +1332023.2ms] page_motion_snapshot_hide {"page":5,"reason":"syncfusion-scroll"}
[DebugBridge +1332023.5ms] page_motion_snapshot_hide {"page":4,"reason":"syncfusion-scroll"}
[DebugBridge +1332023.6ms] page_motion_snapshot_hide {"page":3,"reason":"syncfusion-scroll"}
[DebugBridge +1332029.4ms] page_motion_snapshot_hide {"page":2,"reason":"syncfusion-scroll"}
[DebugBridge +1332029.6ms] page_motion_snapshot_hide {"page":1,"reason":"syncfusion-scroll"}
[DebugBridge +1332717.4ms] wheel_scroll_motion {"eventCount":1,"rawAbsX":2,"rawAbsY":2,"rawX":2,"rawY":-2,"clippedAbsX":2,"clippedAbsY":2,"clippedX":2,"clippedY":-2,"requestedAppliedX":1.476,"requestedAppliedY":-1.476,"appliedX":1.476,"appliedY":-1.476,"actualX":1,"actualY":-1.5,"sensitivity":0.738,"currentZoomForScroll":1.7872024137934102,"maxScrollStepX":22,"maxScrollStepY":22,"diagonalEvents":1,"clippedEvents":0}
[DebugBridge +1332787.7ms] page_motion_snapshot_show {"page":6,"reason":"syncfusion-wheel-scroll","surfaces":6,"width":2917,"height":1887,"dpr":0.74}
[DebugBridge +1332832.2ms] page_motion_snapshot_show {"page":7,"reason":"syncfusion-wheel-scroll","surfaces":6,"width":2917,"height":1887,"dpr":0.74}
[DebugBridge +1332899.9ms] page_motion_snapshot_show {"page":5,"reason":"syncfusion-wheel-scroll","surfaces":6,"width":2917,"height":1887,"dpr":0.74}
[DebugBridge +1332950.3ms] page_motion_snapshot_show {"page":8,"reason":"syncfusion-wheel-scroll","surfaces":5,"width":2917,"height":1887,"dpr":0.74}
[DebugBridge +1332950.4ms] page_motion_snapshot_batch {"reason":"syncfusion-wheel-scroll","requested":4,"captured":4}
[DebugBridge +1332981.0ms] wheel_scroll_motion {"eventCount":1,"rawAbsX":212,"rawAbsY":296,"rawX":-212,"rawY":-296,"clippedAbsX":35.904953301246344,"clippedAbsY":35.904953301246344,"clippedX":-35.904953301246344,"clippedY":-35.904953301246344,"requestedAppliedX":-23.84806998268782,"requestedAppliedY":-23.84806998268782,"appliedX":-22,"appliedY":-22,"actualX":-22,"actualY":-22,"sensitivity":0.6642,"currentZoomForScroll":1.7872024137934102,"maxScrollStepX":22,"maxScrollStepY":22,"diagonalEvents":1,"clippedEvents":1}
[DebugBridge +1332984.5ms] wheel_scroll_motion {"eventCount":1,"rawAbsX":156,"rawAbsY":10,"rawX":156,"rawY":-10,"clippedAbsX":35.904953301246344,"clippedAbsY":10,"clippedX":35.904953301246344,"clippedY":-10,"requestedAppliedX":23.84806998268782,"requestedAppliedY":-6.642,"appliedX":22,"appliedY":-6.642,"actualX":22,"actualY":-7,"sensitivity":0.6642,"currentZoomForScroll":1.7872024137934102,"maxScrollStepX":22,"maxScrollStepY":22,"diagonalEvents":1,"clippedEvents":1}
[DebugBridge +1332988.0ms] zoom_end {"source":"zoomChange_settle"}
[DebugBridge +1332991.9ms] wheel_scroll_motion {"eventCount":1,"rawAbsX":4,"rawAbsY":2,"rawX":-4,"rawY":-2,"clippedAbsX":4,"clippedAbsY":2,"clippedX":-4,"clippedY":-2,"requestedAppliedX":-2.952,"requestedAppliedY":-1.476,"appliedX":-2.952,"appliedY":-1.476,"actualX":-3,"actualY":-1.5,"sensitivity":0.738,"currentZoomForScroll":1.7872024137934102,"maxScrollStepX":22,"maxScrollStepY":22,"diagonalEvents":1,"clippedEvents":0}
[DebugBridge +1333080.7ms] wheel_scroll_motion {"eventCount":2,"rawAbsX":4,"rawAbsY":6,"rawX":-4,"rawY":-6,"clippedAbsX":4,"clippedAbsY":6,"clippedX":-4,"clippedY":-6,"requestedAppliedX":-2.952,"requestedAppliedY":-4.428,"appliedX":-2.952,"appliedY":-4.428,"actualX":-3,"actualY":-4.5,"sensitivity":0.738,"currentZoomForScroll":1.7872024137934102,"maxScrollStepX":22,"maxScrollStepY":22,"diagonalEvents":2,"clippedEvents":0}
[DebugBridge +1333082.8ms] wheel_scroll_motion {"eventCount":1,"rawAbsX":28,"rawAbsY":40,"rawX":-28,"rawY":-40,"clippedAbsX":28,"clippedAbsY":35.904953301246344,"clippedX":-28,"clippedY":-35.904953301246344,"requestedAppliedX":-18.5976,"requestedAppliedY":-23.84806998268782,"appliedX":-18.5976,"appliedY":-22,"actualX":-19,"actualY":-22,"sensitivity":0.6642,"currentZoomForScroll":1.7872024137934102,"maxScrollStepX":22,"maxScrollStepY":22,"diagonalEvents":1,"clippedEvents":1}
[DebugBridge +1333091.5ms] wheel_scroll_motion {"eventCount":1,"rawAbsX":2,"rawAbsY":4,"rawX":-2,"rawY":-4,"clippedAbsX":2,"clippedAbsY":4,"clippedX":-2,"clippedY":-4,"requestedAppliedX":-1.476,"requestedAppliedY":-2.952,"appliedX":-1.476,"appliedY":-2.952,"actualX":-1.5,"actualY":-3,"sensitivity":0.738,"currentZoomForScroll":1.7872024137934102,"maxScrollStepX":22,"maxScrollStepY":22,"diagonalEvents":1,"clippedEvents":0}
[DebugBridge +1333131.5ms] wheel_scroll_motion {"eventCount":1,"rawAbsX":2,"rawAbsY":4,"rawX":-2,"rawY":-4,"clippedAbsX":2,"clippedAbsY":4,"clippedX":-2,"clippedY":-4,"requestedAppliedX":-1.476,"requestedAppliedY":-2.952,"appliedX":-1.476,"appliedY":-2.952,"actualX":-1.5,"actualY":-3,"sensitivity":0.738,"currentZoomForScroll":1.7872024137934102,"maxScrollStepX":22,"maxScrollStepY":22,"diagonalEvents":1,"clippedEvents":0}
[DebugBridge +1333134.8ms] wheel_scroll_motion {"eventCount":1,"rawAbsX":8,"rawAbsY":16,"rawX":-8,"rawY":-16,"clippedAbsX":8,"clippedAbsY":16,"clippedX":-8,"clippedY":-16,"requestedAppliedX":-5.904,"requestedAppliedY":-11.808,"appliedX":-5.904,"appliedY":-11.808,"actualX":-6,"actualY":-12,"sensitivity":0.738,"currentZoomForScroll":1.7872024137934102,"maxScrollStepX":22,"maxScrollStepY":22,"diagonalEvents":1,"clippedEvents":0}
[DebugBridge +1333176.3ms] wheel_scroll_motion {"eventCount":1,"rawAbsX":8,"rawAbsY":16,"rawX":-8,"rawY":-16,"clippedAbsX":8,"clippedAbsY":16,"clippedX":-8,"clippedY":-16,"requestedAppliedX":-5.904,"requestedAppliedY":-11.808,"appliedX":-5.904,"appliedY":-11.808,"actualX":-6,"actualY":-12,"sensitivity":0.738,"currentZoomForScroll":1.7872024137934102,"maxScrollStepX":22,"maxScrollStepY":22,"diagonalEvents":1,"clippedEvents":0}
[DebugBridge +1333182.6ms] wheel_scroll_motion {"eventCount":1,"rawAbsX":2,"rawAbsY":4,"rawX":-2,"rawY":-4,"clippedAbsX":2,"clippedAbsY":4,"clippedX":-2,"clippedY":-4,"requestedAppliedX":-1.476,"requestedAppliedY":-2.952,"appliedX":-1.476,"appliedY":-2.952,"actualX":-1.5,"actualY":-3,"sensitivity":0.738,"currentZoomForScroll":1.7872024137934102,"maxScrollStepX":22,"maxScrollStepY":22,"diagonalEvents":1,"clippedEvents":0}
[DebugBridge +1333192.1ms] wheel_scroll_motion {"eventCount":2,"rawAbsX":4,"rawAbsY":8,"rawX":-4,"rawY":-8,"clippedAbsX":4,"clippedAbsY":8,"clippedX":-4,"clippedY":-8,"requestedAppliedX":-2.952,"requestedAppliedY":-5.904,"appliedX":-2.952,"appliedY":-5.904,"actualX":-3,"actualY":-6,"sensitivity":0.738,"currentZoomForScroll":1.7872024137934102,"maxScrollStepX":22,"maxScrollStepY":22,"diagonalEvents":2,"clippedEvents":0}
[DebugBridge +1333197.9ms] wheel_scroll_motion {"eventCount":1,"rawAbsX":2,"rawAbsY":2,"rawX":-2,"rawY":-2,"clippedAbsX":2,"clippedAbsY":2,"clippedX":-2,"clippedY":-2,"requestedAppliedX":-1.476,"requestedAppliedY":-1.476,"appliedX":-1.476,"appliedY":-1.476,"actualX":-1.5,"actualY":-1.5,"sensitivity":0.738,"currentZoomForScroll":1.7872024137934102,"maxScrollStepX":22,"maxScrollStepY":22,"diagonalEvents":1,"clippedEvents":0}
[DebugBridge +1333228.1ms] wheel_scroll_motion {"eventCount":1,"rawAbsX":4,"rawAbsY":6,"rawX":-4,"rawY":-6,"clippedAbsX":4,"clippedAbsY":6,"clippedX":-4,"clippedY":-6,"requestedAppliedX":-2.952,"requestedAppliedY":-4.428,"appliedX":-2.952,"appliedY":-4.428,"actualX":-3,"actualY":-4.5,"sensitivity":0.738,"currentZoomForScroll":1.7872024137934102,"maxScrollStepX":22,"maxScrollStepY":22,"diagonalEvents":1,"clippedEvents":0}
[DebugBridge +1333230.2ms] wheel_scroll_motion {"eventCount":1,"rawAbsX":2,"rawAbsY":4,"rawX":-2,"rawY":-4,"clippedAbsX":2,"clippedAbsY":4,"clippedX":-2,"clippedY":-4,"requestedAppliedX":-1.476,"requestedAppliedY":-2.952,"appliedX":-1.476,"appliedY":-2.952,"actualX":-1.5,"actualY":-3,"sensitivity":0.738,"currentZoomForScroll":1.7872024137934102,"maxScrollStepX":22,"maxScrollStepY":22,"diagonalEvents":1,"clippedEvents":0}
[DebugBridge +1333328.4ms] wheel_scroll_motion {"eventCount":1,"rawAbsX":2,"rawAbsY":4,"rawX":-2,"rawY":-4,"clippedAbsX":2,"clippedAbsY":4,"clippedX":-2,"clippedY":-4,"requestedAppliedX":-1.476,"requestedAppliedY":-2.952,"appliedX":-1.476,"appliedY":-2.952,"actualX":-1.5,"actualY":-3,"sensitivity":0.738,"currentZoomForScroll":1.7872024137934102,"maxScrollStepX":22,"maxScrollStepY":22,"diagonalEvents":1,"clippedEvents":0}
[DebugBridge +1333331.1ms] wheel_scroll_motion {"eventCount":1,"rawAbsX":8,"rawAbsY":12,"rawX":-8,"rawY":-12,"clippedAbsX":8,"clippedAbsY":12,"clippedX":-8,"clippedY":-12,"requestedAppliedX":-5.904,"requestedAppliedY":-8.856,"appliedX":-5.904,"appliedY":-8.856,"actualX":-6,"actualY":-9,"sensitivity":0.738,"currentZoomForScroll":1.7872024137934102,"maxScrollStepX":22,"maxScrollStepY":22,"diagonalEvents":1,"clippedEvents":0}
[DebugBridge +1333339.6ms] wheel_scroll_motion {"eventCount":1,"rawAbsX":2,"rawAbsY":2,"rawX":-2,"rawY":-2,"clippedAbsX":2,"clippedAbsY":2,"clippedX":-2,"clippedY":-2,"requestedAppliedX":-1.476,"requestedAppliedY":-1.476,"appliedX":-1.476,"appliedY":-1.476,"actualX":-1.5,"actualY":-1.5,"sensitivity":0.738,"currentZoomForScroll":1.7872024137934102,"maxScrollStepX":22,"maxScrollStepY":22,"diagonalEvents":1,"clippedEvents":0}
[DebugBridge +1333347.9ms] wheel_scroll_motion {"eventCount":1,"rawAbsX":2,"rawAbsY":2,"rawX":-2,"rawY":-2,"clippedAbsX":2,"clippedAbsY":2,"clippedX":-2,"clippedY":-2,"requestedAppliedX":-1.476,"requestedAppliedY":-1.476,"appliedX":-1.476,"appliedY":-1.476,"actualX":-1.5,"actualY":-1.5,"sensitivity":0.738,"currentZoomForScroll":1.7872024137934102,"maxScrollStepX":22,"maxScrollStepY":22,"diagonalEvents":1,"clippedEvents":0}
[DebugBridge +1333366.4ms] wheel_scroll_motion {"eventCount":1,"rawAbsX":2,"rawAbsY":2,"rawX":-2,"rawY":-2,"clippedAbsX":2,"clippedAbsY":2,"clippedX":-2,"clippedY":-2,"requestedAppliedX":-1.476,"requestedAppliedY":-1.476,"appliedX":-1.476,"appliedY":-1.476,"actualX":-1.5,"actualY":-1.5,"sensitivity":0.738,"currentZoomForScroll":1.7872024137934102,"maxScrollStepX":22,"maxScrollStepY":22,"diagonalEvents":1,"clippedEvents":0}
[DebugBridge +1333381.5ms] wheel_scroll_motion {"eventCount":1,"rawAbsX":2,"rawAbsY":2,"rawX":-2,"rawY":-2,"clippedAbsX":2,"clippedAbsY":2,"clippedX":-2,"clippedY":-2,"requestedAppliedX":-1.476,"requestedAppliedY":-1.476,"appliedX":-1.476,"appliedY":-1.476,"actualX":-1.5,"actualY":-1.5,"sensitivity":0.738,"currentZoomForScroll":1.7872024137934102,"maxScrollStepX":22,"maxScrollStepY":22,"diagonalEvents":1,"clippedEvents":0}
[DebugBridge +1333414.9ms] wheel_scroll_motion {"eventCount":1,"rawAbsX":2,"rawAbsY":2,"rawX":-2,"rawY":-2,"clippedAbsX":2,"clippedAbsY":2,"clippedX":-2,"clippedY":-2,"requestedAppliedX":-1.476,"requestedAppliedY":-1.476,"appliedX":-1.476,"appliedY":-1.476,"actualX":-1.5,"actualY":-1.5,"sensitivity":0.738,"currentZoomForScroll":1.7872024137934102,"maxScrollStepX":22,"maxScrollStepY":22,"diagonalEvents":1,"clippedEvents":0}
[DebugBridge +1333448.7ms] wheel_scroll_motion {"eventCount":1,"rawAbsX":0,"rawAbsY":2,"rawX":0,"rawY":-2,"clippedAbsX":0,"clippedAbsY":2,"clippedX":0,"clippedY":-2,"requestedAppliedX":0,"requestedAppliedY":-1.64,"appliedX":0,"appliedY":-1.64,"actualX":0,"actualY":-2,"sensitivity":0.82,"currentZoomForScroll":1.7872024137934102,"maxScrollStepX":22,"maxScrollStepY":22,"diagonalEvents":0,"clippedEvents":0}
[DebugBridge +1333482.4ms] wheel_scroll_motion {"eventCount":1,"rawAbsX":2,"rawAbsY":2,"rawX":-2,"rawY":-2,"clippedAbsX":2,"clippedAbsY":2,"clippedX":-2,"clippedY":-2,"requestedAppliedX":-1.476,"requestedAppliedY":-1.476,"appliedX":-1.476,"appliedY":-1.476,"actualX":-1.5,"actualY":-1.5,"sensitivity":0.738,"currentZoomForScroll":1.7872024137934102,"maxScrollStepX":22,"maxScrollStepY":22,"diagonalEvents":1,"clippedEvents":0}
[DebugBridge +1333608.9ms] wheel_scroll_motion {"eventCount":1,"rawAbsX":0,"rawAbsY":2,"rawX":0,"rawY":-2,"clippedAbsX":0,"clippedAbsY":2,"clippedX":0,"clippedY":-2,"requestedAppliedX":0,"requestedAppliedY":-1.64,"appliedX":0,"appliedY":-1.64,"actualX":0,"actualY":-2,"sensitivity":0.82,"currentZoomForScroll":1.7872024137934102,"maxScrollStepX":22,"maxScrollStepY":22,"diagonalEvents":0,"clippedEvents":0}
[DebugBridge +1334133.8ms] page_motion_snapshot_hide {"page":6,"reason":"syncfusion-wheel-scroll"}
[DebugBridge +1334133.9ms] page_motion_snapshot_hide {"page":7,"reason":"syncfusion-wheel-scroll"}
[DebugBridge +1334134.0ms] page_motion_snapshot_hide {"page":5,"reason":"syncfusion-wheel-scroll"}
[DebugBridge +1334134.0ms] page_motion_snapshot_hide {"page":8,"reason":"syncfusion-wheel-scroll"}
[DebugBridge +1334134.0ms] page_motion_snapshot_hide {"page":4,"reason":"syncfusion-wheel-scroll"}
[DebugBridge +1334134.1ms] page_motion_snapshot_hide {"page":3,"reason":"syncfusion-wheel-scroll"}
[DebugBridge +1334134.2ms] page_motion_snapshot_hide {"page":2,"reason":"syncfusion-wheel-scroll"}
[DebugBridge +1334138.6ms] page_motion_snapshot_hide {"page":1,"reason":"syncfusion-wheel-scroll"}
[DebugBridge +1334422.9ms] wheel_scroll_motion {"eventCount":1,"rawAbsX":2,"rawAbsY":0,"rawX":-2,"rawY":0,"clippedAbsX":2,"clippedAbsY":0,"clippedX":-2,"clippedY":0,"requestedAppliedX":-1.64,"requestedAppliedY":0,"appliedX":-1.64,"appliedY":0,"actualX":-2,"actualY":0,"sensitivity":0.82,"currentZoomForScroll":1.7872024137934102,"maxScrollStepX":22,"maxScrollStepY":22,"diagonalEvents":0,"clippedEvents":0}
[DebugBridge +1334464.4ms] page_motion_snapshot_show {"page":6,"reason":"syncfusion-wheel-scroll","surfaces":6,"width":2917,"height":1887,"dpr":0.74}
[DebugBridge +1334548.2ms] page_motion_snapshot_show {"page":7,"reason":"syncfusion-wheel-scroll","surfaces":6,"width":2917,"height":1887,"dpr":0.74}
[DebugBridge +1334644.0ms] page_motion_snapshot_show {"page":5,"reason":"syncfusion-wheel-scroll","surfaces":6,"width":2917,"height":1887,"dpr":0.74}
[DebugBridge +1334695.7ms] page_motion_snapshot_show {"page":8,"reason":"syncfusion-wheel-scroll","surfaces":6,"width":2917,"height":1887,"dpr":0.74}
[DebugBridge +1334696.0ms] page_motion_snapshot_batch {"reason":"syncfusion-wheel-scroll","requested":4,"captured":4}
[DebugBridge +1334726.5ms] wheel_scroll_motion {"eventCount":1,"rawAbsX":62,"rawAbsY":4,"rawX":-62,"rawY":-4,"clippedAbsX":35.904953301246344,"clippedAbsY":4,"clippedX":-35.904953301246344,"clippedY":-4,"requestedAppliedX":-23.84806998268782,"requestedAppliedY":-2.6568,"appliedX":-22,"appliedY":-2.6568,"actualX":-22,"actualY":-3,"sensitivity":0.6642,"currentZoomForScroll":1.7872024137934102,"maxScrollStepX":22,"maxScrollStepY":22,"diagonalEvents":1,"clippedEvents":1}
[DebugBridge +1334732.2ms] wheel_scroll_motion {"eventCount":1,"rawAbsX":306,"rawAbsY":72,"rawX":-306,"rawY":-72,"clippedAbsX":35.904953301246344,"clippedAbsY":35.904953301246344,"clippedX":-35.904953301246344,"clippedY":-35.904953301246344,"requestedAppliedX":-23.84806998268782,"requestedAppliedY":-23.84806998268782,"appliedX":-22,"appliedY":-22,"actualX":-22,"actualY":-22,"sensitivity":0.6642,"currentZoomForScroll":1.7872024137934102,"maxScrollStepX":22,"maxScrollStepY":22,"diagonalEvents":1,"clippedEvents":1}
[DebugBridge +1334833.9ms] wheel_scroll_motion {"eventCount":2,"rawAbsX":2,"rawAbsY":4,"rawX":-2,"rawY":4,"clippedAbsX":2,"clippedAbsY":4,"clippedX":-2,"clippedY":4,"requestedAppliedX":-1.64,"requestedAppliedY":3.28,"appliedX":-1.64,"appliedY":3.28,"actualX":-2,"actualY":3,"sensitivity":0.82,"currentZoomForScroll":1.7872024137934102,"maxScrollStepX":22,"maxScrollStepY":22,"diagonalEvents":0,"clippedEvents":0}
[DebugBridge +1334842.5ms] wheel_scroll_motion {"eventCount":1,"rawAbsX":2,"rawAbsY":0,"rawX":-2,"rawY":0,"clippedAbsX":2,"clippedAbsY":0,"clippedX":-2,"clippedY":0,"requestedAppliedX":-1.64,"requestedAppliedY":0,"appliedX":-1.64,"appliedY":0,"actualX":-2,"actualY":0,"sensitivity":0.82,"currentZoomForScroll":1.7872024137934102,"maxScrollStepX":22,"maxScrollStepY":22,"diagonalEvents":0,"clippedEvents":0}
[DebugBridge +1335154.4ms] wheel_scroll_motion {"eventCount":1,"rawAbsX":2,"rawAbsY":2,"rawX":2,"rawY":2,"clippedAbsX":2,"clippedAbsY":2,"clippedX":2,"clippedY":2,"requestedAppliedX":1.476,"requestedAppliedY":1.476,"appliedX":1.476,"appliedY":1.476,"actualX":1,"actualY":1,"sensitivity":0.738,"currentZoomForScroll":1.7872024137934102,"maxScrollStepX":22,"maxScrollStepY":22,"diagonalEvents":1,"clippedEvents":0}
[DebugBridge +1335157.4ms] wheel_scroll_motion {"eventCount":1,"rawAbsX":66,"rawAbsY":30,"rawX":66,"rawY":30,"clippedAbsX":35.904953301246344,"clippedAbsY":30,"clippedX":35.904953301246344,"clippedY":30,"requestedAppliedX":23.84806998268782,"requestedAppliedY":19.926000000000002,"appliedX":22,"appliedY":19.926000000000002,"actualX":22,"actualY":19.5,"sensitivity":0.6642,"currentZoomForScroll":1.7872024137934102,"maxScrollStepX":22,"maxScrollStepY":22,"diagonalEvents":1,"clippedEvents":1}
[DebugBridge +1335165.4ms] wheel_scroll_motion {"eventCount":2,"rawAbsX":32,"rawAbsY":8,"rawX":32,"rawY":8,"clippedAbsX":32,"clippedAbsY":8,"clippedX":32,"clippedY":8,"requestedAppliedX":23.616,"requestedAppliedY":5.904,"appliedX":22,"appliedY":5.904,"actualX":22,"actualY":5.5,"sensitivity":0.738,"currentZoomForScroll":1.7872024137934102,"maxScrollStepX":22,"maxScrollStepY":22,"diagonalEvents":2,"clippedEvents":0}
[DebugBridge +1335173.7ms] wheel_scroll_motion {"eventCount":1,"rawAbsX":36,"rawAbsY":4,"rawX":36,"rawY":4,"clippedAbsX":35.904953301246344,"clippedAbsY":4,"clippedX":35.904953301246344,"clippedY":4,"requestedAppliedX":23.84806998268782,"requestedAppliedY":2.6568,"appliedX":22,"appliedY":2.6568,"actualX":22,"actualY":2.5,"sensitivity":0.6642,"currentZoomForScroll":1.7872024137934102,"maxScrollStepX":22,"maxScrollStepY":22,"diagonalEvents":1,"clippedEvents":1}
[DebugBridge +1335182.5ms] wheel_scroll_motion {"eventCount":1,"rawAbsX":40,"rawAbsY":4,"rawX":40,"rawY":4,"clippedAbsX":35.904953301246344,"clippedAbsY":4,"clippedX":35.904953301246344,"clippedY":4,"requestedAppliedX":23.84806998268782,"requestedAppliedY":2.6568,"appliedX":22,"appliedY":2.6568,"actualX":22,"actualY":2.5,"sensitivity":0.6642,"currentZoomForScroll":1.7872024137934102,"maxScrollStepX":22,"maxScrollStepY":22,"diagonalEvents":1,"clippedEvents":1}
[DebugBridge +1335190.6ms] wheel_scroll_motion {"eventCount":2,"rawAbsX":42,"rawAbsY":4,"rawX":42,"rawY":4,"clippedAbsX":42,"clippedAbsY":4,"clippedX":42,"clippedY":4,"requestedAppliedX":30.996,"requestedAppliedY":2.952,"appliedX":22,"appliedY":2.952,"actualX":22,"actualY":2.5,"sensitivity":0.738,"currentZoomForScroll":1.7872024137934102,"maxScrollStepX":22,"maxScrollStepY":22,"diagonalEvents":2,"clippedEvents":0}
[DebugBridge +1335199.2ms] wheel_scroll_motion {"eventCount":2,"rawAbsX":44,"rawAbsY":4,"rawX":44,"rawY":-4,"clippedAbsX":44,"clippedAbsY":4,"clippedX":44,"clippedY":-4,"requestedAppliedX":32.471999999999994,"requestedAppliedY":-2.952,"appliedX":22,"appliedY":-2.952,"actualX":22,"actualY":-3,"sensitivity":0.738,"currentZoomForScroll":1.7872024137934102,"maxScrollStepX":22,"maxScrollStepY":22,"diagonalEvents":2,"clippedEvents":0}
[DebugBridge +1335207.4ms] wheel_scroll_motion {"eventCount":2,"rawAbsX":34,"rawAbsY":4,"rawX":34,"rawY":-4,"clippedAbsX":34,"clippedAbsY":4,"clippedX":34,"clippedY":-4,"requestedAppliedX":25.092,"requestedAppliedY":-2.952,"appliedX":22,"appliedY":-2.952,"actualX":22,"actualY":-3,"sensitivity":0.738,"currentZoomForScroll":1.7872024137934102,"maxScrollStepX":22,"maxScrollStepY":22,"diagonalEvents":2,"clippedEvents":0}
[DebugBridge +1335216.5ms] wheel_scroll_motion {"eventCount":2,"rawAbsX":36,"rawAbsY":6,"rawX":36,"rawY":-6,"clippedAbsX":36,"clippedAbsY":6,"clippedX":36,"clippedY":-6,"requestedAppliedX":26.568,"requestedAppliedY":-4.428,"appliedX":22,"appliedY":-4.428,"actualX":22,"actualY":-4.5,"sensitivity":0.738,"currentZoomForScroll":1.7872024137934102,"maxScrollStepX":22,"maxScrollStepY":22,"diagonalEvents":2,"clippedEvents":0}
[DebugBridge +1335223.3ms] wheel_scroll_motion {"eventCount":2,"rawAbsX":34,"rawAbsY":10,"rawX":34,"rawY":-10,"clippedAbsX":34,"clippedAbsY":10,"clippedX":34,"clippedY":-10,"requestedAppliedX":25.092,"requestedAppliedY":-7.38,"appliedX":22,"appliedY":-7.38,"actualX":22,"actualY":-7.5,"sensitivity":0.738,"currentZoomForScroll":1.7872024137934102,"maxScrollStepX":22,"maxScrollStepY":22,"diagonalEvents":2,"clippedEvents":0}
[DebugBridge +1335233.8ms] wheel_scroll_motion {"eventCount":2,"rawAbsX":24,"rawAbsY":10,"rawX":24,"rawY":-10,"clippedAbsX":24,"clippedAbsY":10,"clippedX":24,"clippedY":-10,"requestedAppliedX":17.712,"requestedAppliedY":-7.38,"appliedX":17.712,"appliedY":-7.38,"actualX":17.5,"actualY":-7.5,"sensitivity":0.738,"currentZoomForScroll":1.7872024137934102,"maxScrollStepX":22,"maxScrollStepY":22,"diagonalEvents":2,"clippedEvents":0}
[DebugBridge +1335240.0ms] wheel_scroll_motion {"eventCount":2,"rawAbsX":18,"rawAbsY":12,"rawX":18,"rawY":-12,"clippedAbsX":18,"clippedAbsY":12,"clippedX":18,"clippedY":-12,"requestedAppliedX":13.283999999999999,"requestedAppliedY":-8.856,"appliedX":13.283999999999999,"appliedY":-8.856,"actualX":13,"actualY":-9,"sensitivity":0.738,"currentZoomForScroll":1.7872024137934102,"maxScrollStepX":22,"maxScrollStepY":22,"diagonalEvents":2,"clippedEvents":0}
[DebugBridge +1335274.4ms] wheel_scroll_motion {"eventCount":1,"rawAbsX":40,"rawAbsY":42,"rawX":40,"rawY":-42,"clippedAbsX":35.904953301246344,"clippedAbsY":35.904953301246344,"clippedX":35.904953301246344,"clippedY":-35.904953301246344,"requestedAppliedX":23.84806998268782,"requestedAppliedY":-23.84806998268782,"appliedX":22,"appliedY":-22,"actualX":22,"actualY":-22,"sensitivity":0.6642,"currentZoomForScroll":1.7872024137934102,"maxScrollStepX":22,"maxScrollStepY":22,"diagonalEvents":1,"clippedEvents":1}
[DebugBridge +1335282.3ms] wheel_scroll_motion {"eventCount":1,"rawAbsX":6,"rawAbsY":8,"rawX":6,"rawY":-8,"clippedAbsX":6,"clippedAbsY":8,"clippedX":6,"clippedY":-8,"requestedAppliedX":4.428,"requestedAppliedY":-5.904,"appliedX":4.428,"appliedY":-5.904,"actualX":4,"actualY":-6,"sensitivity":0.738,"currentZoomForScroll":1.7872024137934102,"maxScrollStepX":22,"maxScrollStepY":22,"diagonalEvents":1,"clippedEvents":0}
[DebugBridge +1335290.4ms] wheel_scroll_motion {"eventCount":2,"rawAbsX":6,"rawAbsY":10,"rawX":6,"rawY":-10,"clippedAbsX":6,"clippedAbsY":10,"clippedX":6,"clippedY":-10,"requestedAppliedX":4.428,"requestedAppliedY":-7.38,"appliedX":4.428,"appliedY":-7.38,"actualX":4,"actualY":-7.5,"sensitivity":0.738,"currentZoomForScroll":1.7872024137934102,"maxScrollStepX":22,"maxScrollStepY":22,"diagonalEvents":2,"clippedEvents":0}
[DebugBridge +1335299.5ms] wheel_scroll_motion {"eventCount":1,"rawAbsX":2,"rawAbsY":4,"rawX":2,"rawY":-4,"clippedAbsX":2,"clippedAbsY":4,"clippedX":2,"clippedY":-4,"requestedAppliedX":1.476,"requestedAppliedY":-2.952,"appliedX":1.476,"appliedY":-2.952,"actualX":1,"actualY":-3,"sensitivity":0.738,"currentZoomForScroll":1.7872024137934102,"maxScrollStepX":22,"maxScrollStepY":22,"diagonalEvents":1,"clippedEvents":0}
[DebugBridge +1335307.1ms] wheel_scroll_motion {"eventCount":1,"rawAbsX":2,"rawAbsY":6,"rawX":2,"rawY":-6,"clippedAbsX":2,"clippedAbsY":6,"clippedX":2,"clippedY":-6,"requestedAppliedX":1.476,"requestedAppliedY":-4.428,"appliedX":1.476,"appliedY":-4.428,"actualX":1,"actualY":-4.5,"sensitivity":0.738,"currentZoomForScroll":1.7872024137934102,"maxScrollStepX":22,"maxScrollStepY":22,"diagonalEvents":1,"clippedEvents":0}
[DebugBridge +1335315.5ms] wheel_scroll_motion {"eventCount":2,"rawAbsX":2,"rawAbsY":6,"rawX":-2,"rawY":-6,"clippedAbsX":2,"clippedAbsY":6,"clippedX":-2,"clippedY":-6,"requestedAppliedX":-1.476,"requestedAppliedY":-4.756,"appliedX":-1.476,"appliedY":-4.756,"actualX":-1.5,"actualY":-5,"sensitivity":0.738,"currentZoomForScroll":1.7872024137934102,"maxScrollStepX":22,"maxScrollStepY":22,"diagonalEvents":1,"clippedEvents":0}
[DebugBridge +1335349.9ms] wheel_scroll_motion {"eventCount":1,"rawAbsX":2,"rawAbsY":2,"rawX":-2,"rawY":-2,"clippedAbsX":2,"clippedAbsY":2,"clippedX":-2,"clippedY":-2,"requestedAppliedX":-1.476,"requestedAppliedY":-1.476,"appliedX":-1.476,"appliedY":-1.476,"actualX":-1.5,"actualY":-1.5,"sensitivity":0.738,"currentZoomForScroll":1.7872024137934102,"maxScrollStepX":22,"maxScrollStepY":22,"diagonalEvents":1,"clippedEvents":0}
[DebugBridge +1335352.1ms] wheel_scroll_motion {"eventCount":1,"rawAbsX":50,"rawAbsY":22,"rawX":-50,"rawY":-22,"clippedAbsX":35.904953301246344,"clippedAbsY":22,"clippedX":-35.904953301246344,"clippedY":-22,"requestedAppliedX":-23.84806998268782,"requestedAppliedY":-14.612400000000001,"appliedX":-22,"appliedY":-14.612400000000001,"actualX":-22,"actualY":-15,"sensitivity":0.6642,"currentZoomForScroll":1.7872024137934102,"maxScrollStepX":22,"maxScrollStepY":22,"diagonalEvents":1,"clippedEvents":1}
[DebugBridge +1335356.2ms] wheel_scroll_motion {"eventCount":2,"rawAbsX":30,"rawAbsY":8,"rawX":-30,"rawY":-8,"clippedAbsX":30,"clippedAbsY":8,"clippedX":-30,"clippedY":-8,"requestedAppliedX":-22.14,"requestedAppliedY":-5.904,"appliedX":-22,"appliedY":-5.904,"actualX":-22,"actualY":-6,"sensitivity":0.738,"currentZoomForScroll":1.7872024137934102,"maxScrollStepX":22,"maxScrollStepY":22,"diagonalEvents":2,"clippedEvents":0}
[DebugBridge +1335366.6ms] wheel_scroll_motion {"eventCount":2,"rawAbsX":32,"rawAbsY":6,"rawX":-32,"rawY":-6,"clippedAbsX":32,"clippedAbsY":6,"clippedX":-32,"clippedY":-6,"requestedAppliedX":-23.616,"requestedAppliedY":-4.428,"appliedX":-22,"appliedY":-4.428,"actualX":-22,"actualY":-4.5,"sensitivity":0.738,"currentZoomForScroll":1.7872024137934102,"maxScrollStepX":22,"maxScrollStepY":22,"diagonalEvents":2,"clippedEvents":0}
[DebugBridge +1335373.4ms] wheel_scroll_motion {"eventCount":2,"rawAbsX":32,"rawAbsY":6,"rawX":-32,"rawY":-6,"clippedAbsX":32,"clippedAbsY":6,"clippedX":-32,"clippedY":-6,"requestedAppliedX":-23.616,"requestedAppliedY":-4.428,"appliedX":-22,"appliedY":-4.428,"actualX":-22,"actualY":-4.5,"sensitivity":0.738,"currentZoomForScroll":1.7872024137934102,"maxScrollStepX":22,"maxScrollStepY":22,"diagonalEvents":2,"clippedEvents":0}
[DebugBridge +1335381.9ms] wheel_scroll_motion {"eventCount":2,"rawAbsX":34,"rawAbsY":4,"rawX":-34,"rawY":-4,"clippedAbsX":34,"clippedAbsY":4,"clippedX":-34,"clippedY":-4,"requestedAppliedX":-25.092,"requestedAppliedY":-2.952,"appliedX":-22,"appliedY":-2.952,"actualX":-22,"actualY":-3,"sensitivity":0.738,"currentZoomForScroll":1.7872024137934102,"maxScrollStepX":22,"maxScrollStepY":22,"diagonalEvents":2,"clippedEvents":0}
[DebugBridge +1335391.2ms] wheel_scroll_motion {"eventCount":2,"rawAbsX":30,"rawAbsY":4,"rawX":-30,"rawY":-4,"clippedAbsX":30,"clippedAbsY":4,"clippedX":-30,"clippedY":-4,"requestedAppliedX":-22.14,"requestedAppliedY":-2.952,"appliedX":-22,"appliedY":-2.952,"actualX":-22,"actualY":-3,"sensitivity":0.738,"currentZoomForScroll":1.7872024137934102,"maxScrollStepX":22,"maxScrollStepY":22,"diagonalEvents":2,"clippedEvents":0}
[DebugBridge +1335399.4ms] wheel_scroll_motion {"eventCount":2,"rawAbsX":32,"rawAbsY":4,"rawX":-32,"rawY":-4,"clippedAbsX":32,"clippedAbsY":4,"clippedX":-32,"clippedY":-4,"requestedAppliedX":-23.616,"requestedAppliedY":-2.952,"appliedX":-22,"appliedY":-2.952,"actualX":-22,"actualY":-3,"sensitivity":0.738,"currentZoomForScroll":1.7872024137934102,"maxScrollStepX":22,"maxScrollStepY":22,"diagonalEvents":2,"clippedEvents":0}
[DebugBridge +1335408.4ms] wheel_scroll_motion {"eventCount":2,"rawAbsX":24,"rawAbsY":2,"rawX":-24,"rawY":-2,"clippedAbsX":24,"clippedAbsY":2,"clippedX":-24,"clippedY":-2,"requestedAppliedX":-19.351999999999997,"requestedAppliedY":-1.476,"appliedX":-19.351999999999997,"appliedY":-1.476,"actualX":-19.5,"actualY":-1.5,"sensitivity":0.82,"currentZoomForScroll":1.7872024137934102,"maxScrollStepX":22,"maxScrollStepY":22,"diagonalEvents":1,"clippedEvents":0}
[DebugBridge +1335415.4ms] wheel_scroll_motion {"eventCount":2,"rawAbsX":12,"rawAbsY":2,"rawX":-12,"rawY":2,"clippedAbsX":12,"clippedAbsY":2,"clippedX":-12,"clippedY":2,"requestedAppliedX":-9.02,"requestedAppliedY":1.476,"appliedX":-9.02,"appliedY":1.476,"actualX":-9.5,"actualY":1,"sensitivity":0.738,"currentZoomForScroll":1.7872024137934102,"maxScrollStepX":22,"maxScrollStepY":22,"diagonalEvents":1,"clippedEvents":0}
[DebugBridge +1335424.1ms] wheel_scroll_motion {"eventCount":2,"rawAbsX":16,"rawAbsY":4,"rawX":-16,"rawY":4,"clippedAbsX":16,"clippedAbsY":4,"clippedX":-16,"clippedY":4,"requestedAppliedX":-11.808,"requestedAppliedY":2.952,"appliedX":-11.808,"appliedY":2.952,"actualX":-12,"actualY":2.5,"sensitivity":0.738,"currentZoomForScroll":1.7872024137934102,"maxScrollStepX":22,"maxScrollStepY":22,"diagonalEvents":2,"clippedEvents":0}
[DebugBridge +1335432.8ms] wheel_scroll_motion {"eventCount":1,"rawAbsX":12,"rawAbsY":4,"rawX":-12,"rawY":4,"clippedAbsX":12,"clippedAbsY":4,"clippedX":-12,"clippedY":4,"requestedAppliedX":-8.856,"requestedAppliedY":2.952,"appliedX":-8.856,"appliedY":2.952,"actualX":-9,"actualY":2.5,"sensitivity":0.738,"currentZoomForScroll":1.7872024137934102,"maxScrollStepX":22,"maxScrollStepY":22,"diagonalEvents":1,"clippedEvents":0}
[DebugBridge +1335439.4ms] wheel_scroll_motion {"eventCount":1,"rawAbsX":8,"rawAbsY":6,"rawX":-8,"rawY":6,"clippedAbsX":8,"clippedAbsY":6,"clippedX":-8,"clippedY":6,"requestedAppliedX":-5.904,"requestedAppliedY":4.428,"appliedX":-5.904,"appliedY":4.428,"actualX":-6,"actualY":4,"sensitivity":0.738,"currentZoomForScroll":1.7872024137934102,"maxScrollStepX":22,"maxScrollStepY":22,"diagonalEvents":1,"clippedEvents":0}
[DebugBridge +1335448.6ms] wheel_scroll_motion {"eventCount":2,"rawAbsX":6,"rawAbsY":8,"rawX":-6,"rawY":8,"clippedAbsX":6,"clippedAbsY":8,"clippedX":-6,"clippedY":8,"requestedAppliedX":-4.428,"requestedAppliedY":5.904,"appliedX":-4.428,"appliedY":5.904,"actualX":-4.5,"actualY":5.5,"sensitivity":0.738,"currentZoomForScroll":1.7872024137934102,"maxScrollStepX":22,"maxScrollStepY":22,"diagonalEvents":2,"clippedEvents":0}
[DebugBridge +1335457.0ms] wheel_scroll_motion {"eventCount":2,"rawAbsX":0,"rawAbsY":10,"rawX":0,"rawY":10,"clippedAbsX":0,"clippedAbsY":10,"clippedX":0,"clippedY":10,"requestedAppliedX":0,"requestedAppliedY":8.2,"appliedX":0,"appliedY":8.2,"actualX":0,"actualY":8,"sensitivity":0.82,"currentZoomForScroll":1.7872024137934102,"maxScrollStepX":22,"maxScrollStepY":22,"diagonalEvents":0,"clippedEvents":0}
[DebugBridge +1335466.2ms] wheel_scroll_motion {"eventCount":2,"rawAbsX":4,"rawAbsY":8,"rawX":4,"rawY":8,"clippedAbsX":4,"clippedAbsY":8,"clippedX":4,"clippedY":8,"requestedAppliedX":2.952,"requestedAppliedY":5.904,"appliedX":2.952,"appliedY":5.904,"actualX":2.5,"actualY":5.5,"sensitivity":0.738,"currentZoomForScroll":1.7872024137934102,"maxScrollStepX":22,"maxScrollStepY":22,"diagonalEvents":2,"clippedEvents":0}
[DebugBridge +1335474.0ms] wheel_scroll_motion {"eventCount":2,"rawAbsX":10,"rawAbsY":10,"rawX":10,"rawY":10,"clippedAbsX":10,"clippedAbsY":10,"clippedX":10,"clippedY":10,"requestedAppliedX":7.38,"requestedAppliedY":7.38,"appliedX":7.38,"appliedY":7.38,"actualX":7,"actualY":7,"sensitivity":0.738,"currentZoomForScroll":1.7872024137934102,"maxScrollStepX":22,"maxScrollStepY":22,"diagonalEvents":2,"clippedEvents":0}
[DebugBridge +1335484.1ms] wheel_scroll_motion {"eventCount":2,"rawAbsX":12,"rawAbsY":6,"rawX":12,"rawY":6,"clippedAbsX":12,"clippedAbsY":6,"clippedX":12,"clippedY":6,"requestedAppliedX":8.856,"requestedAppliedY":4.428,"appliedX":8.856,"appliedY":4.428,"actualX":8.5,"actualY":4,"sensitivity":0.738,"currentZoomForScroll":1.7872024137934102,"maxScrollStepX":22,"maxScrollStepY":22,"diagonalEvents":2,"clippedEvents":0}
[DebugBridge +1335490.1ms] wheel_scroll_motion {"eventCount":2,"rawAbsX":20,"rawAbsY":8,"rawX":20,"rawY":8,"clippedAbsX":20,"clippedAbsY":8,"clippedX":20,"clippedY":8,"requestedAppliedX":14.760000000000002,"requestedAppliedY":5.904,"appliedX":14.760000000000002,"appliedY":5.904,"actualX":14.5,"actualY":5.5,"sensitivity":0.738,"currentZoomForScroll":1.7872024137934102,"maxScrollStepX":22,"maxScrollStepY":22,"diagonalEvents":2,"clippedEvents":0}
[DebugBridge +1335524.0ms] wheel_scroll_motion {"eventCount":1,"rawAbsX":112,"rawAbsY":14,"rawX":112,"rawY":14,"clippedAbsX":35.904953301246344,"clippedAbsY":14,"clippedX":35.904953301246344,"clippedY":14,"requestedAppliedX":23.84806998268782,"requestedAppliedY":9.2988,"appliedX":22,"appliedY":9.2988,"actualX":22,"actualY":9,"sensitivity":0.6642,"currentZoomForScroll":1.7872024137934102,"maxScrollStepX":22,"maxScrollStepY":22,"diagonalEvents":1,"clippedEvents":1}
[DebugBridge +1335531.9ms] wheel_scroll_motion {"eventCount":2,"rawAbsX":30,"rawAbsY":4,"rawX":30,"rawY":-4,"clippedAbsX":30,"clippedAbsY":4,"clippedX":30,"clippedY":-4,"requestedAppliedX":22.14,"requestedAppliedY":-2.952,"appliedX":22,"appliedY":-2.952,"actualX":22,"actualY":-3,"sensitivity":0.738,"currentZoomForScroll":1.7872024137934102,"maxScrollStepX":22,"maxScrollStepY":22,"diagonalEvents":2,"clippedEvents":0}
[DebugBridge +1335539.5ms] wheel_scroll_motion {"eventCount":2,"rawAbsX":40,"rawAbsY":4,"rawX":40,"rawY":-4,"clippedAbsX":40,"clippedAbsY":4,"clippedX":40,"clippedY":-4,"requestedAppliedX":29.520000000000003,"requestedAppliedY":-2.952,"appliedX":22,"appliedY":-2.952,"actualX":22,"actualY":-3,"sensitivity":0.738,"currentZoomForScroll":1.7872024137934102,"maxScrollStepX":22,"maxScrollStepY":22,"diagonalEvents":2,"clippedEvents":0}
[DebugBridge +1335550.4ms] wheel_scroll_motion {"eventCount":1,"rawAbsX":10,"rawAbsY":2,"rawX":10,"rawY":-2,"clippedAbsX":10,"clippedAbsY":2,"clippedX":10,"clippedY":-2,"requestedAppliedX":7.38,"requestedAppliedY":-1.476,"appliedX":7.38,"appliedY":-1.476,"actualX":7,"actualY":-1.5,"sensitivity":0.738,"currentZoomForScroll":1.7872024137934102,"maxScrollStepX":22,"maxScrollStepY":22,"diagonalEvents":1,"clippedEvents":0}
[DebugBridge +1335557.1ms] wheel_scroll_motion {"eventCount":1,"rawAbsX":22,"rawAbsY":6,"rawX":22,"rawY":-6,"clippedAbsX":22,"clippedAbsY":6,"clippedX":22,"clippedY":-6,"requestedAppliedX":16.236,"requestedAppliedY":-4.428,"appliedX":16.236,"appliedY":-4.428,"actualX":16,"actualY":-4.5,"sensitivity":0.738,"currentZoomForScroll":1.7872024137934102,"maxScrollStepX":22,"maxScrollStepY":22,"diagonalEvents":1,"clippedEvents":0}
[DebugBridge +1335566.0ms] wheel_scroll_motion {"eventCount":1,"rawAbsX":12,"rawAbsY":6,"rawX":12,"rawY":-6,"clippedAbsX":12,"clippedAbsY":6,"clippedX":12,"clippedY":-6,"requestedAppliedX":8.856,"requestedAppliedY":-4.428,"appliedX":8.856,"appliedY":-4.428,"actualX":8.5,"actualY":-4.5,"sensitivity":0.738,"currentZoomForScroll":1.7872024137934102,"maxScrollStepX":22,"maxScrollStepY":22,"diagonalEvents":1,"clippedEvents":0}
[DebugBridge +1335573.9ms] wheel_scroll_motion {"eventCount":1,"rawAbsX":12,"rawAbsY":6,"rawX":12,"rawY":-6,"clippedAbsX":12,"clippedAbsY":6,"clippedX":12,"clippedY":-6,"requestedAppliedX":8.856,"requestedAppliedY":-4.428,"appliedX":8.856,"appliedY":-4.428,"actualX":8.5,"actualY":-4.5,"sensitivity":0.738,"currentZoomForScroll":1.7872024137934102,"maxScrollStepX":22,"maxScrollStepY":22,"diagonalEvents":1,"clippedEvents":0}
[DebugBridge +1335583.7ms] wheel_scroll_motion {"eventCount":1,"rawAbsX":12,"rawAbsY":6,"rawX":12,"rawY":-6,"clippedAbsX":12,"clippedAbsY":6,"clippedX":12,"clippedY":-6,"requestedAppliedX":8.856,"requestedAppliedY":-4.428,"appliedX":8.856,"appliedY":-4.428,"actualX":8.5,"actualY":-4.5,"sensitivity":0.738,"currentZoomForScroll":1.7872024137934102,"maxScrollStepX":22,"maxScrollStepY":22,"diagonalEvents":1,"clippedEvents":0}
[DebugBridge +1335589.6ms] wheel_scroll_motion {"eventCount":1,"rawAbsX":4,"rawAbsY":4,"rawX":4,"rawY":-4,"clippedAbsX":4,"clippedAbsY":4,"clippedX":4,"clippedY":-4,"requestedAppliedX":2.952,"requestedAppliedY":-2.952,"appliedX":2.952,"appliedY":-2.952,"actualX":2.5,"actualY":-3,"sensitivity":0.738,"currentZoomForScroll":1.7872024137934102,"maxScrollStepX":22,"maxScrollStepY":22,"diagonalEvents":1,"clippedEvents":0}
[DebugBridge +1335599.8ms] wheel_scroll_motion {"eventCount":2,"rawAbsX":10,"rawAbsY":10,"rawX":10,"rawY":-10,"clippedAbsX":10,"clippedAbsY":10,"clippedX":10,"clippedY":-10,"requestedAppliedX":7.38,"requestedAppliedY":-7.38,"appliedX":7.38,"appliedY":-7.38,"actualX":7,"actualY":-7.5,"sensitivity":0.738,"currentZoomForScroll":1.7872024137934102,"maxScrollStepX":22,"maxScrollStepY":22,"diagonalEvents":2,"clippedEvents":0}
[DebugBridge +1335606.9ms] wheel_scroll_motion {"eventCount":2,"rawAbsX":4,"rawAbsY":4,"rawX":4,"rawY":-4,"clippedAbsX":4,"clippedAbsY":4,"clippedX":4,"clippedY":-4,"requestedAppliedX":2.952,"requestedAppliedY":-2.952,"appliedX":2.952,"appliedY":-2.952,"actualX":2.5,"actualY":-3,"sensitivity":0.738,"currentZoomForScroll":1.7872024137934102,"maxScrollStepX":22,"maxScrollStepY":22,"diagonalEvents":2,"clippedEvents":0}
[DebugBridge +1335614.9ms] wheel_scroll_motion {"eventCount":2,"rawAbsX":4,"rawAbsY":4,"rawX":4,"rawY":-4,"clippedAbsX":4,"clippedAbsY":4,"clippedX":4,"clippedY":-4,"requestedAppliedX":2.952,"requestedAppliedY":-2.952,"appliedX":2.952,"appliedY":-2.952,"actualX":2.5,"actualY":-3,"sensitivity":0.738,"currentZoomForScroll":1.7872024137934102,"maxScrollStepX":22,"maxScrollStepY":22,"diagonalEvents":2,"clippedEvents":0}
[DebugBridge +1335624.1ms] wheel_scroll_motion {"eventCount":2,"rawAbsX":4,"rawAbsY":4,"rawX":4,"rawY":-4,"clippedAbsX":4,"clippedAbsY":4,"clippedX":4,"clippedY":-4,"requestedAppliedX":2.952,"requestedAppliedY":-2.952,"appliedX":2.952,"appliedY":-2.952,"actualX":2.5,"actualY":-3,"sensitivity":0.738,"currentZoomForScroll":1.7872024137934102,"maxScrollStepX":22,"maxScrollStepY":22,"diagonalEvents":2,"clippedEvents":0}
[DebugBridge +1335633.1ms] wheel_scroll_motion {"eventCount":2,"rawAbsX":2,"rawAbsY":4,"rawX":2,"rawY":-4,"clippedAbsX":2,"clippedAbsY":4,"clippedX":2,"clippedY":-4,"requestedAppliedX":1.476,"requestedAppliedY":-3.1159999999999997,"appliedX":1.476,"appliedY":-3.1159999999999997,"actualX":1,"actualY":-3.5,"sensitivity":0.82,"currentZoomForScroll":1.7872024137934102,"maxScrollStepX":22,"maxScrollStepY":22,"diagonalEvents":1,"clippedEvents":0}
[DebugBridge +1335642.0ms] wheel_scroll_motion {"eventCount":1,"rawAbsX":0,"rawAbsY":2,"rawX":0,"rawY":-2,"clippedAbsX":0,"clippedAbsY":2,"clippedX":0,"clippedY":-2,"requestedAppliedX":0,"requestedAppliedY":-1.64,"appliedX":0,"appliedY":-1.64,"actualX":0,"actualY":-2,"sensitivity":0.82,"currentZoomForScroll":1.7872024137934102,"maxScrollStepX":22,"maxScrollStepY":22,"diagonalEvents":0,"clippedEvents":0}
[DebugBridge +1335658.1ms] wheel_scroll_motion {"eventCount":1,"rawAbsX":2,"rawAbsY":0,"rawX":-2,"rawY":0,"clippedAbsX":2,"clippedAbsY":0,"clippedX":-2,"clippedY":0,"requestedAppliedX":-1.64,"requestedAppliedY":0,"appliedX":-1.64,"appliedY":0,"actualX":-2,"actualY":0,"sensitivity":0.82,"currentZoomForScroll":1.7872024137934102,"maxScrollStepX":22,"maxScrollStepY":22,"diagonalEvents":0,"clippedEvents":0}
[DebugBridge +1335665.5ms] wheel_scroll_motion {"eventCount":2,"rawAbsX":4,"rawAbsY":0,"rawX":-4,"rawY":0,"clippedAbsX":4,"clippedAbsY":0,"clippedX":-4,"clippedY":0,"requestedAppliedX":-3.28,"requestedAppliedY":0,"appliedX":-3.28,"appliedY":0,"actualX":-3.5,"actualY":0,"sensitivity":0.82,"currentZoomForScroll":1.7872024137934102,"maxScrollStepX":22,"maxScrollStepY":22,"diagonalEvents":0,"clippedEvents":0}
[DebugBridge +1335673.3ms] wheel_scroll_motion {"eventCount":2,"rawAbsX":4,"rawAbsY":0,"rawX":-4,"rawY":0,"clippedAbsX":4,"clippedAbsY":0,"clippedX":-4,"clippedY":0,"requestedAppliedX":-3.28,"requestedAppliedY":0,"appliedX":-3.28,"appliedY":0,"actualX":-3.5,"actualY":0,"sensitivity":0.82,"currentZoomForScroll":1.7872024137934102,"maxScrollStepX":22,"maxScrollStepY":22,"diagonalEvents":0,"clippedEvents":0}
[DebugBridge +1335681.4ms] wheel_scroll_motion {"eventCount":1,"rawAbsX":2,"rawAbsY":2,"rawX":-2,"rawY":2,"clippedAbsX":2,"clippedAbsY":2,"clippedX":-2,"clippedY":2,"requestedAppliedX":-1.476,"requestedAppliedY":1.476,"appliedX":-1.476,"appliedY":1.476,"actualX":-1.5,"actualY":1,"sensitivity":0.738,"currentZoomForScroll":1.7872024137934102,"maxScrollStepX":22,"maxScrollStepY":22,"diagonalEvents":1,"clippedEvents":0}
[DebugBridge +1335691.0ms] wheel_scroll_motion {"eventCount":1,"rawAbsX":2,"rawAbsY":2,"rawX":-2,"rawY":2,"clippedAbsX":2,"clippedAbsY":2,"clippedX":-2,"clippedY":2,"requestedAppliedX":-1.476,"requestedAppliedY":1.476,"appliedX":-1.476,"appliedY":1.476,"actualX":-1.5,"actualY":1,"sensitivity":0.738,"currentZoomForScroll":1.7872024137934102,"maxScrollStepX":22,"maxScrollStepY":22,"diagonalEvents":1,"clippedEvents":0}
[DebugBridge +1335698.9ms] wheel_scroll_motion {"eventCount":1,"rawAbsX":2,"rawAbsY":2,"rawX":-2,"rawY":2,"clippedAbsX":2,"clippedAbsY":2,"clippedX":-2,"clippedY":2,"requestedAppliedX":-1.476,"requestedAppliedY":1.476,"appliedX":-1.476,"appliedY":1.476,"actualX":-1.5,"actualY":1,"sensitivity":0.738,"currentZoomForScroll":1.7872024137934102,"maxScrollStepX":22,"maxScrollStepY":22,"diagonalEvents":1,"clippedEvents":0}
[DebugBridge +1335708.8ms] wheel_scroll_motion {"eventCount":1,"rawAbsX":2,"rawAbsY":2,"rawX":-2,"rawY":2,"clippedAbsX":2,"clippedAbsY":2,"clippedX":-2,"clippedY":2,"requestedAppliedX":-1.476,"requestedAppliedY":1.476,"appliedX":-1.476,"appliedY":1.476,"actualX":-1.5,"actualY":1,"sensitivity":0.738,"currentZoomForScroll":1.7872024137934102,"maxScrollStepX":22,"maxScrollStepY":22,"diagonalEvents":1,"clippedEvents":0}
[DebugBridge +1335723.3ms] wheel_scroll_motion {"eventCount":2,"rawAbsX":4,"rawAbsY":0,"rawX":-4,"rawY":0,"clippedAbsX":4,"clippedAbsY":0,"clippedX":-4,"clippedY":0,"requestedAppliedX":-3.28,"requestedAppliedY":0,"appliedX":-3.28,"appliedY":0,"actualX":-3.5,"actualY":0,"sensitivity":0.82,"currentZoomForScroll":1.7872024137934102,"maxScrollStepX":22,"maxScrollStepY":22,"diagonalEvents":0,"clippedEvents":0}
[DebugBridge +1335766.2ms] wheel_scroll_motion {"eventCount":1,"rawAbsX":4,"rawAbsY":4,"rawX":-4,"rawY":4,"clippedAbsX":4,"clippedAbsY":4,"clippedX":-4,"clippedY":4,"requestedAppliedX":-2.952,"requestedAppliedY":2.952,"appliedX":-2.952,"appliedY":2.952,"actualX":-3,"actualY":2.5,"sensitivity":0.738,"currentZoomForScroll":1.7872024137934102,"maxScrollStepX":22,"maxScrollStepY":22,"diagonalEvents":1,"clippedEvents":0}
[DebugBridge +1335789.5ms] wheel_scroll_motion {"eventCount":2,"rawAbsX":4,"rawAbsY":0,"rawX":-4,"rawY":0,"clippedAbsX":4,"clippedAbsY":0,"clippedX":-4,"clippedY":0,"requestedAppliedX":-3.28,"requestedAppliedY":0,"appliedX":-3.28,"appliedY":0,"actualX":-3.5,"actualY":0,"sensitivity":0.82,"currentZoomForScroll":1.7872024137934102,"maxScrollStepX":22,"maxScrollStepY":22,"diagonalEvents":0,"clippedEvents":0}
[DebugBridge +1335798.7ms] wheel_scroll_motion {"eventCount":2,"rawAbsX":0,"rawAbsY":4,"rawX":0,"rawY":4,"clippedAbsX":0,"clippedAbsY":4,"clippedX":0,"clippedY":4,"requestedAppliedX":0,"requestedAppliedY":3.28,"appliedX":0,"appliedY":3.28,"actualX":0,"actualY":3,"sensitivity":0.82,"currentZoomForScroll":1.7872024137934102,"maxScrollStepX":22,"maxScrollStepY":22,"diagonalEvents":0,"clippedEvents":0}
[DebugBridge +1335806.8ms] wheel_scroll_motion {"eventCount":1,"rawAbsX":0,"rawAbsY":2,"rawX":0,"rawY":2,"clippedAbsX":0,"clippedAbsY":2,"clippedX":0,"clippedY":2,"requestedAppliedX":0,"requestedAppliedY":1.64,"appliedX":0,"appliedY":1.64,"actualX":0,"actualY":1.5,"sensitivity":0.82,"currentZoomForScroll":1.7872024137934102,"maxScrollStepX":22,"maxScrollStepY":22,"diagonalEvents":0,"clippedEvents":0}
[DebugBridge +1336254.5ms] page_motion_snapshot_hide {"page":6,"reason":"syncfusion-scroll"}
[DebugBridge +1336254.7ms] page_motion_snapshot_hide {"page":5,"reason":"syncfusion-scroll"}
[DebugBridge +1336254.7ms] page_motion_snapshot_hide {"page":7,"reason":"syncfusion-scroll"}
[DebugBridge +1336254.9ms] page_motion_snapshot_hide {"page":4,"reason":"syncfusion-scroll"}
[DebugBridge +1336255.0ms] page_motion_snapshot_hide {"page":8,"reason":"syncfusion-scroll"}
[DebugBridge +1336255.1ms] page_motion_snapshot_hide {"page":3,"reason":"syncfusion-scroll"}
[DebugBridge +1336255.1ms] page_motion_snapshot_hide {"page":2,"reason":"syncfusion-scroll"}
[DebugBridge +1336255.2ms] page_motion_snapshot_hide {"page":1,"reason":"syncfusion-scroll"}
[DebugBridge +1336781.7ms] wheel_scroll_motion {"eventCount":1,"rawAbsX":2,"rawAbsY":2,"rawX":-2,"rawY":-2,"clippedAbsX":2,"clippedAbsY":2,"clippedX":-2,"clippedY":-2,"requestedAppliedX":-1.476,"requestedAppliedY":-1.476,"appliedX":-1.476,"appliedY":-1.476,"actualX":-1.5,"actualY":-1.5,"sensitivity":0.738,"currentZoomForScroll":1.7872024137934102,"maxScrollStepX":22,"maxScrollStepY":22,"diagonalEvents":1,"clippedEvents":0}
[DebugBridge +1336869.4ms] page_motion_snapshot_show {"page":6,"reason":"syncfusion-wheel-scroll","surfaces":6,"width":2917,"height":1887,"dpr":0.74}
[DebugBridge +1336929.8ms] page_motion_snapshot_show {"page":5,"reason":"syncfusion-wheel-scroll","surfaces":6,"width":2917,"height":1887,"dpr":0.74}
[DebugBridge +1337041.8ms] page_motion_snapshot_show {"page":7,"reason":"syncfusion-wheel-scroll","surfaces":6,"width":2917,"height":1887,"dpr":0.74}
[DebugBridge +1337106.1ms] page_motion_snapshot_show {"page":4,"reason":"syncfusion-wheel-scroll","surfaces":6,"width":2917,"height":1887,"dpr":0.74}
[DebugBridge +1337106.2ms] page_motion_snapshot_batch {"reason":"syncfusion-wheel-scroll","requested":4,"captured":4}
[DebugBridge +1337139.3ms] wheel_scroll_motion {"eventCount":1,"rawAbsX":4,"rawAbsY":8,"rawX":-4,"rawY":-8,"clippedAbsX":4,"clippedAbsY":8,"clippedX":-4,"clippedY":-8,"requestedAppliedX":-2.952,"requestedAppliedY":-5.904,"appliedX":-2.952,"appliedY":-5.904,"actualX":-3,"actualY":-6,"sensitivity":0.738,"currentZoomForScroll":1.7872024137934102,"maxScrollStepX":22,"maxScrollStepY":22,"diagonalEvents":1,"clippedEvents":0}
[DebugBridge +1337143.8ms] wheel_scroll_motion {"eventCount":1,"rawAbsX":38,"rawAbsY":26,"rawX":-38,"rawY":26,"clippedAbsX":35.904953301246344,"clippedAbsY":26,"clippedX":-35.904953301246344,"clippedY":26,"requestedAppliedX":-23.84806998268782,"requestedAppliedY":17.2692,"appliedX":-22,"appliedY":17.2692,"actualX":-22,"actualY":17,"sensitivity":0.6642,"currentZoomForScroll":1.7872024137934102,"maxScrollStepX":22,"maxScrollStepY":22,"diagonalEvents":1,"clippedEvents":1}
[DebugBridge +1337149.5ms] wheel_scroll_motion {"eventCount":2,"rawAbsX":4,"rawAbsY":6,"rawX":4,"rawY":-6,"clippedAbsX":4,"clippedAbsY":6,"clippedX":4,"clippedY":-6,"requestedAppliedX":2.952,"requestedAppliedY":-4.428,"appliedX":2.952,"appliedY":-4.428,"actualX":2.5,"actualY":-4.5,"sensitivity":0.738,"currentZoomForScroll":1.7872024137934102,"maxScrollStepX":22,"maxScrollStepY":22,"diagonalEvents":2,"clippedEvents":0}
[DebugBridge +1337162.1ms] wheel_scroll_motion {"eventCount":2,"rawAbsX":4,"rawAbsY":6,"rawX":4,"rawY":-6,"clippedAbsX":4,"clippedAbsY":6,"clippedX":4,"clippedY":-6,"requestedAppliedX":2.952,"requestedAppliedY":-4.428,"appliedX":2.952,"appliedY":-4.428,"actualX":2.5,"actualY":-4.5,"sensitivity":0.738,"currentZoomForScroll":1.7872024137934102,"maxScrollStepX":22,"maxScrollStepY":22,"diagonalEvents":2,"clippedEvents":0}
[DebugBridge +1337172.6ms] wheel_scroll_motion {"eventCount":1,"rawAbsX":4,"rawAbsY":6,"rawX":4,"rawY":-6,"clippedAbsX":4,"clippedAbsY":6,"clippedX":4,"clippedY":-6,"requestedAppliedX":2.952,"requestedAppliedY":-4.428,"appliedX":2.952,"appliedY":-4.428,"actualX":2.5,"actualY":-4.5,"sensitivity":0.738,"currentZoomForScroll":1.7872024137934102,"maxScrollStepX":22,"maxScrollStepY":22,"diagonalEvents":1,"clippedEvents":0}
[DebugBridge +1337176.7ms] wheel_scroll_motion {"eventCount":1,"rawAbsX":2,"rawAbsY":2,"rawX":2,"rawY":-2,"clippedAbsX":2,"clippedAbsY":2,"clippedX":2,"clippedY":-2,"requestedAppliedX":1.476,"requestedAppliedY":-1.476,"appliedX":1.476,"appliedY":-1.476,"actualX":1,"actualY":-1.5,"sensitivity":0.738,"currentZoomForScroll":1.7872024137934102,"maxScrollStepX":22,"maxScrollStepY":22,"diagonalEvents":1,"clippedEvents":0}
[DebugBridge +1337182.2ms] wheel_scroll_motion {"eventCount":1,"rawAbsX":4,"rawAbsY":8,"rawX":4,"rawY":-8,"clippedAbsX":4,"clippedAbsY":8,"clippedX":4,"clippedY":-8,"requestedAppliedX":2.952,"requestedAppliedY":-5.904,"appliedX":2.952,"appliedY":-5.904,"actualX":2.5,"actualY":-6,"sensitivity":0.738,"currentZoomForScroll":1.7872024137934102,"maxScrollStepX":22,"maxScrollStepY":22,"diagonalEvents":1,"clippedEvents":0}
[DebugBridge +1337191.8ms] wheel_scroll_motion {"eventCount":2,"rawAbsX":4,"rawAbsY":6,"rawX":4,"rawY":-6,"clippedAbsX":4,"clippedAbsY":6,"clippedX":4,"clippedY":-6,"requestedAppliedX":2.952,"requestedAppliedY":-4.428,"appliedX":2.952,"appliedY":-4.428,"actualX":2.5,"actualY":-4.5,"sensitivity":0.738,"currentZoomForScroll":1.7872024137934102,"maxScrollStepX":22,"maxScrollStepY":22,"diagonalEvents":2,"clippedEvents":0}
[DebugBridge +1337200.2ms] wheel_scroll_motion {"eventCount":2,"rawAbsX":2,"rawAbsY":4,"rawX":2,"rawY":-4,"clippedAbsX":2,"clippedAbsY":4,"clippedX":2,"clippedY":-4,"requestedAppliedX":1.476,"requestedAppliedY":-3.1159999999999997,"appliedX":1.476,"appliedY":-3.1159999999999997,"actualX":1,"actualY":-3.5,"sensitivity":0.82,"currentZoomForScroll":1.7872024137934102,"maxScrollStepX":22,"maxScrollStepY":22,"diagonalEvents":1,"clippedEvents":0}
[DebugBridge +1337207.6ms] wheel_scroll_motion {"eventCount":2,"rawAbsX":0,"rawAbsY":4,"rawX":0,"rawY":-4,"clippedAbsX":0,"clippedAbsY":4,"clippedX":0,"clippedY":-4,"requestedAppliedX":0,"requestedAppliedY":-3.28,"appliedX":0,"appliedY":-3.28,"actualX":0,"actualY":-3.5,"sensitivity":0.82,"currentZoomForScroll":1.7872024137934102,"maxScrollStepX":22,"maxScrollStepY":22,"diagonalEvents":0,"clippedEvents":0}
[DebugBridge +1337215.9ms] wheel_scroll_motion {"eventCount":2,"rawAbsX":0,"rawAbsY":4,"rawX":0,"rawY":-4,"clippedAbsX":0,"clippedAbsY":4,"clippedX":0,"clippedY":-4,"requestedAppliedX":0,"requestedAppliedY":-3.28,"appliedX":0,"appliedY":-3.28,"actualX":0,"actualY":-3.5,"sensitivity":0.82,"currentZoomForScroll":1.7872024137934102,"maxScrollStepX":22,"maxScrollStepY":22,"diagonalEvents":0,"clippedEvents":0}
[DebugBridge +1337224.0ms] wheel_scroll_motion {"eventCount":2,"rawAbsX":0,"rawAbsY":4,"rawX":0,"rawY":-4,"clippedAbsX":0,"clippedAbsY":4,"clippedX":0,"clippedY":-4,"requestedAppliedX":0,"requestedAppliedY":-3.28,"appliedX":0,"appliedY":-3.28,"actualX":0,"actualY":-3.5,"sensitivity":0.82,"currentZoomForScroll":1.7872024137934102,"maxScrollStepX":22,"maxScrollStepY":22,"diagonalEvents":0,"clippedEvents":0}
[DebugBridge +1337232.7ms] wheel_scroll_motion {"eventCount":1,"rawAbsX":0,"rawAbsY":2,"rawX":0,"rawY":-2,"clippedAbsX":0,"clippedAbsY":2,"clippedX":0,"clippedY":-2,"requestedAppliedX":0,"requestedAppliedY":-1.64,"appliedX":0,"appliedY":-1.64,"actualX":0,"actualY":-2,"sensitivity":0.82,"currentZoomForScroll":1.7872024137934102,"maxScrollStepX":22,"maxScrollStepY":22,"diagonalEvents":0,"clippedEvents":0}
[DebugBridge +1337242.5ms] wheel_scroll_motion {"eventCount":1,"rawAbsX":0,"rawAbsY":2,"rawX":0,"rawY":-2,"clippedAbsX":0,"clippedAbsY":2,"clippedX":0,"clippedY":-2,"requestedAppliedX":0,"requestedAppliedY":-1.64,"appliedX":0,"appliedY":-1.64,"actualX":0,"actualY":-2,"sensitivity":0.82,"currentZoomForScroll":1.7872024137934102,"maxScrollStepX":22,"maxScrollStepY":22,"diagonalEvents":0,"clippedEvents":0}
[DebugBridge +1337249.5ms] wheel_scroll_motion {"eventCount":2,"rawAbsX":0,"rawAbsY":4,"rawX":0,"rawY":-4,"clippedAbsX":0,"clippedAbsY":4,"clippedX":0,"clippedY":-4,"requestedAppliedX":0,"requestedAppliedY":-3.28,"appliedX":0,"appliedY":-3.28,"actualX":0,"actualY":-3.5,"sensitivity":0.82,"currentZoomForScroll":1.7872024137934102,"maxScrollStepX":22,"maxScrollStepY":22,"diagonalEvents":0,"clippedEvents":0}
[DebugBridge +1337281.8ms] wheel_scroll_motion {"eventCount":1,"rawAbsX":8,"rawAbsY":0,"rawX":-8,"rawY":0,"clippedAbsX":8,"clippedAbsY":0,"clippedX":-8,"clippedY":0,"requestedAppliedX":-6.56,"requestedAppliedY":0,"appliedX":-6.56,"appliedY":0,"actualX":-7,"actualY":0,"sensitivity":0.82,"currentZoomForScroll":1.7872024137934102,"maxScrollStepX":22,"maxScrollStepY":22,"diagonalEvents":0,"clippedEvents":0}
[DebugBridge +1337292.1ms] wheel_scroll_motion {"eventCount":1,"rawAbsX":2,"rawAbsY":0,"rawX":-2,"rawY":0,"clippedAbsX":2,"clippedAbsY":0,"clippedX":-2,"clippedY":0,"requestedAppliedX":-1.64,"requestedAppliedY":0,"appliedX":-1.64,"appliedY":0,"actualX":-2,"actualY":0,"sensitivity":0.82,"currentZoomForScroll":1.7872024137934102,"maxScrollStepX":22,"maxScrollStepY":22,"diagonalEvents":0,"clippedEvents":0}
[DebugBridge +1337298.0ms] wheel_scroll_motion {"eventCount":1,"rawAbsX":2,"rawAbsY":0,"rawX":-2,"rawY":0,"clippedAbsX":2,"clippedAbsY":0,"clippedX":-2,"clippedY":0,"requestedAppliedX":-1.64,"requestedAppliedY":0,"appliedX":-1.64,"appliedY":0,"actualX":-2,"actualY":0,"sensitivity":0.82,"currentZoomForScroll":1.7872024137934102,"maxScrollStepX":22,"maxScrollStepY":22,"diagonalEvents":0,"clippedEvents":0}
[DebugBridge +1337599.0ms] wheel_scroll_motion {"eventCount":1,"rawAbsX":2,"rawAbsY":0,"rawX":-2,"rawY":0,"clippedAbsX":2,"clippedAbsY":0,"clippedX":-2,"clippedY":0,"requestedAppliedX":-1.64,"requestedAppliedY":0,"appliedX":-1.64,"appliedY":0,"actualX":-2,"actualY":0,"sensitivity":0.82,"currentZoomForScroll":1.7872024137934102,"maxScrollStepX":22,"maxScrollStepY":22,"diagonalEvents":0,"clippedEvents":0}
[DebugBridge +1337615.3ms] wheel_scroll_motion {"eventCount":1,"rawAbsX":12,"rawAbsY":2,"rawX":-12,"rawY":2,"clippedAbsX":12,"clippedAbsY":2,"clippedX":-12,"clippedY":2,"requestedAppliedX":-8.856,"requestedAppliedY":1.476,"appliedX":-8.856,"appliedY":1.476,"actualX":-9,"actualY":1,"sensitivity":0.738,"currentZoomForScroll":1.7872024137934102,"maxScrollStepX":22,"maxScrollStepY":22,"diagonalEvents":1,"clippedEvents":0}
[DebugBridge +1337623.9ms] wheel_scroll_motion {"eventCount":1,"rawAbsX":20,"rawAbsY":2,"rawX":-20,"rawY":2,"clippedAbsX":20,"clippedAbsY":2,"clippedX":-20,"clippedY":2,"requestedAppliedX":-14.76,"requestedAppliedY":1.476,"appliedX":-14.76,"appliedY":1.476,"actualX":-15,"actualY":1,"sensitivity":0.738,"currentZoomForScroll":1.7872024137934102,"maxScrollStepX":22,"maxScrollStepY":22,"diagonalEvents":1,"clippedEvents":0}
[DebugBridge +1337633.2ms] wheel_scroll_motion {"eventCount":1,"rawAbsX":32,"rawAbsY":2,"rawX":-32,"rawY":2,"clippedAbsX":32,"clippedAbsY":2,"clippedX":-32,"clippedY":2,"requestedAppliedX":-23.616,"requestedAppliedY":1.476,"appliedX":-22,"appliedY":1.476,"actualX":-22,"actualY":1,"sensitivity":0.738,"currentZoomForScroll":1.7872024137934102,"maxScrollStepX":22,"maxScrollStepY":22,"diagonalEvents":1,"clippedEvents":0}
[DebugBridge +1337641.3ms] wheel_scroll_motion {"eventCount":1,"rawAbsX":44,"rawAbsY":2,"rawX":-44,"rawY":2,"clippedAbsX":35.904953301246344,"clippedAbsY":2,"clippedX":-35.904953301246344,"clippedY":2,"requestedAppliedX":-23.84806998268782,"requestedAppliedY":1.3284,"appliedX":-22,"appliedY":1.3284,"actualX":-22,"actualY":1,"sensitivity":0.6642,"currentZoomForScroll":1.7872024137934102,"maxScrollStepX":22,"maxScrollStepY":22,"diagonalEvents":1,"clippedEvents":1}
[DebugBridge +1337648.8ms] wheel_scroll_motion {"eventCount":2,"rawAbsX":100,"rawAbsY":2,"rawX":-100,"rawY":2,"clippedAbsX":71.80990660249269,"clippedAbsY":2,"clippedX":-71.80990660249269,"clippedY":2,"requestedAppliedX":-50.34592551900762,"requestedAppliedY":1.3284,"appliedX":-22,"appliedY":1.3284,"actualX":-22,"actualY":1,"sensitivity":0.738,"currentZoomForScroll":1.7872024137934102,"maxScrollStepX":22,"maxScrollStepY":22,"diagonalEvents":1,"clippedEvents":2}
[DebugBridge +1337658.5ms] wheel_scroll_motion {"eventCount":2,"rawAbsX":74,"rawAbsY":0,"rawX":-74,"rawY":0,"clippedAbsX":61.904953301246344,"clippedAbsY":0,"clippedX":-61.904953301246344,"clippedY":0,"requestedAppliedX":-47.8178555363198,"requestedAppliedY":0,"appliedX":-22,"appliedY":0,"actualX":-22,"actualY":0,"sensitivity":0.738,"currentZoomForScroll":1.7872024137934102,"maxScrollStepX":22,"maxScrollStepY":22,"diagonalEvents":0,"clippedEvents":1}
[DebugBridge +1337665.9ms] wheel_scroll_motion {"eventCount":1,"rawAbsX":28,"rawAbsY":0,"rawX":-28,"rawY":0,"clippedAbsX":28,"clippedAbsY":0,"clippedX":-28,"clippedY":0,"requestedAppliedX":-22.959999999999997,"requestedAppliedY":0,"appliedX":-22,"appliedY":0,"actualX":-22,"actualY":0,"sensitivity":0.82,"currentZoomForScroll":1.7872024137934102,"maxScrollStepX":22,"maxScrollStepY":22,"diagonalEvents":0,"clippedEvents":0}
[DebugBridge +1337674.0ms] wheel_scroll_motion {"eventCount":1,"rawAbsX":78,"rawAbsY":2,"rawX":-78,"rawY":-2,"clippedAbsX":35.904953301246344,"clippedAbsY":2,"clippedX":-35.904953301246344,"clippedY":-2,"requestedAppliedX":-23.84806998268782,"requestedAppliedY":-1.3284,"appliedX":-22,"appliedY":-1.3284,"actualX":-22,"actualY":-1.5,"sensitivity":0.6642,"currentZoomForScroll":1.7872024137934102,"maxScrollStepX":22,"maxScrollStepY":22,"diagonalEvents":1,"clippedEvents":1}
[DebugBridge +1337683.3ms] wheel_scroll_motion {"eventCount":2,"rawAbsX":104,"rawAbsY":4,"rawX":-104,"rawY":-4,"clippedAbsX":71.80990660249269,"clippedAbsY":4,"clippedX":-71.80990660249269,"clippedY":-4,"requestedAppliedX":-47.69613996537564,"requestedAppliedY":-2.6568,"appliedX":-22,"appliedY":-2.6568,"actualX":-22,"actualY":-3,"sensitivity":0.6642,"currentZoomForScroll":1.7872024137934102,"maxScrollStepX":22,"maxScrollStepY":22,"diagonalEvents":2,"clippedEvents":2}
[DebugBridge +1337691.4ms] wheel_scroll_motion {"eventCount":2,"rawAbsX":42,"rawAbsY":4,"rawX":-42,"rawY":-4,"clippedAbsX":42,"clippedAbsY":4,"clippedX":-42,"clippedY":-4,"requestedAppliedX":-30.996,"requestedAppliedY":-2.952,"appliedX":-22,"appliedY":-2.952,"actualX":-22,"actualY":-3,"sensitivity":0.738,"currentZoomForScroll":1.7872024137934102,"maxScrollStepX":22,"maxScrollStepY":22,"diagonalEvents":2,"clippedEvents":0}
[DebugBridge +1337699.5ms] wheel_scroll_motion {"eventCount":2,"rawAbsX":36,"rawAbsY":4,"rawX":-36,"rawY":-4,"clippedAbsX":36,"clippedAbsY":4,"clippedX":-36,"clippedY":-4,"requestedAppliedX":-26.567999999999998,"requestedAppliedY":-2.952,"appliedX":-22,"appliedY":-2.952,"actualX":-22,"actualY":-3,"sensitivity":0.738,"currentZoomForScroll":1.7872024137934102,"maxScrollStepX":22,"maxScrollStepY":22,"diagonalEvents":2,"clippedEvents":0}
[DebugBridge +1337710.0ms] wheel_scroll_motion {"eventCount":2,"rawAbsX":42,"rawAbsY":4,"rawX":-42,"rawY":-4,"clippedAbsX":42,"clippedAbsY":4,"clippedX":-42,"clippedY":-4,"requestedAppliedX":-30.996,"requestedAppliedY":-2.952,"appliedX":-22,"appliedY":-2.952,"actualX":-22,"actualY":-3,"sensitivity":0.738,"currentZoomForScroll":1.7872024137934102,"maxScrollStepX":22,"maxScrollStepY":22,"diagonalEvents":2,"clippedEvents":0}
[DebugBridge +1337759.1ms] wheel_scroll_motion {"eventCount":2,"rawAbsX":112,"rawAbsY":14,"rawX":-112,"rawY":-14,"clippedAbsX":71.80990660249269,"clippedAbsY":14,"clippedX":-71.80990660249269,"clippedY":-14,"requestedAppliedX":-50.34592551900762,"requestedAppliedY":-9.2988,"appliedX":-22,"appliedY":-9.2988,"actualX":-22,"actualY":-9.5,"sensitivity":0.738,"currentZoomForScroll":1.7872024137934102,"maxScrollStepX":22,"maxScrollStepY":22,"diagonalEvents":1,"clippedEvents":2}
[DebugBridge +1337766.2ms] wheel_scroll_motion {"eventCount":2,"rawAbsX":108,"rawAbsY":0,"rawX":-108,"rawY":0,"clippedAbsX":71.80990660249269,"clippedAbsY":0,"clippedX":-71.80990660249269,"clippedY":0,"requestedAppliedX":-52.9957110726396,"requestedAppliedY":0,"appliedX":-22,"appliedY":0,"actualX":-22,"actualY":0,"sensitivity":0.738,"currentZoomForScroll":1.7872024137934102,"maxScrollStepX":22,"maxScrollStepY":22,"diagonalEvents":0,"clippedEvents":2}
[DebugBridge +1337783.9ms] wheel_scroll_motion {"eventCount":1,"rawAbsX":60,"rawAbsY":0,"rawX":-60,"rawY":0,"clippedAbsX":35.904953301246344,"clippedAbsY":0,"clippedX":-35.904953301246344,"clippedY":0,"requestedAppliedX":-26.4978555363198,"requestedAppliedY":0,"appliedX":-22,"appliedY":0,"actualX":-22,"actualY":0,"sensitivity":0.738,"currentZoomForScroll":1.7872024137934102,"maxScrollStepX":22,"maxScrollStepY":22,"diagonalEvents":0,"clippedEvents":1}
[DebugBridge +1337791.3ms] wheel_scroll_motion {"eventCount":1,"rawAbsX":60,"rawAbsY":0,"rawX":-60,"rawY":0,"clippedAbsX":35.904953301246344,"clippedAbsY":0,"clippedX":-35.904953301246344,"clippedY":0,"requestedAppliedX":-26.4978555363198,"requestedAppliedY":0,"appliedX":-22,"appliedY":0,"actualX":-22,"actualY":0,"sensitivity":0.738,"currentZoomForScroll":1.7872024137934102,"maxScrollStepX":22,"maxScrollStepY":22,"diagonalEvents":0,"clippedEvents":1}
[DebugBridge +1337800.1ms] wheel_scroll_motion {"eventCount":1,"rawAbsX":60,"rawAbsY":0,"rawX":-60,"rawY":0,"clippedAbsX":35.904953301246344,"clippedAbsY":0,"clippedX":-35.904953301246344,"clippedY":0,"requestedAppliedX":-26.4978555363198,"requestedAppliedY":0,"appliedX":-22,"appliedY":0,"actualX":-22,"actualY":0,"sensitivity":0.738,"currentZoomForScroll":1.7872024137934102,"maxScrollStepX":22,"maxScrollStepY":22,"diagonalEvents":0,"clippedEvents":1}
[DebugBridge +1337806.8ms] wheel_scroll_motion {"eventCount":1,"rawAbsX":66,"rawAbsY":0,"rawX":-66,"rawY":0,"clippedAbsX":35.904953301246344,"clippedAbsY":0,"clippedX":-35.904953301246344,"clippedY":0,"requestedAppliedX":-26.4978555363198,"requestedAppliedY":0,"appliedX":-22,"appliedY":0,"actualX":-22,"actualY":0,"sensitivity":0.738,"currentZoomForScroll":1.7872024137934102,"maxScrollStepX":22,"maxScrollStepY":22,"diagonalEvents":0,"clippedEvents":1}
[DebugBridge +1337816.1ms] wheel_scroll_motion {"eventCount":1,"rawAbsX":68,"rawAbsY":0,"rawX":-68,"rawY":0,"clippedAbsX":35.904953301246344,"clippedAbsY":0,"clippedX":-35.904953301246344,"clippedY":0,"requestedAppliedX":-26.4978555363198,"requestedAppliedY":0,"appliedX":-22,"appliedY":0,"actualX":-22,"actualY":0,"sensitivity":0.738,"currentZoomForScroll":1.7872024137934102,"maxScrollStepX":22,"maxScrollStepY":22,"diagonalEvents":0,"clippedEvents":1}
[DebugBridge +1337825.0ms] wheel_scroll_motion {"eventCount":1,"rawAbsX":62,"rawAbsY":0,"rawX":-62,"rawY":0,"clippedAbsX":35.904953301246344,"clippedAbsY":0,"clippedX":-35.904953301246344,"clippedY":0,"requestedAppliedX":-26.4978555363198,"requestedAppliedY":0,"appliedX":-22,"appliedY":0,"actualX":-22,"actualY":0,"sensitivity":0.738,"currentZoomForScroll":1.7872024137934102,"maxScrollStepX":22,"maxScrollStepY":22,"diagonalEvents":0,"clippedEvents":1}
[DebugBridge +1337833.3ms] wheel_scroll_motion {"eventCount":1,"rawAbsX":60,"rawAbsY":0,"rawX":-60,"rawY":0,"clippedAbsX":35.904953301246344,"clippedAbsY":0,"clippedX":-35.904953301246344,"clippedY":0,"requestedAppliedX":-26.4978555363198,"requestedAppliedY":0,"appliedX":-22,"appliedY":0,"actualX":-22,"actualY":0,"sensitivity":0.738,"currentZoomForScroll":1.7872024137934102,"maxScrollStepX":22,"maxScrollStepY":22,"diagonalEvents":0,"clippedEvents":1}
[DebugBridge +1337841.9ms] wheel_scroll_motion {"eventCount":1,"rawAbsX":60,"rawAbsY":0,"rawX":-60,"rawY":0,"clippedAbsX":35.904953301246344,"clippedAbsY":0,"clippedX":-35.904953301246344,"clippedY":0,"requestedAppliedX":-26.4978555363198,"requestedAppliedY":0,"appliedX":-22,"appliedY":0,"actualX":-22,"actualY":0,"sensitivity":0.738,"currentZoomForScroll":1.7872024137934102,"maxScrollStepX":22,"maxScrollStepY":22,"diagonalEvents":0,"clippedEvents":1}
[DebugBridge +1337850.2ms] wheel_scroll_motion {"eventCount":1,"rawAbsX":56,"rawAbsY":0,"rawX":-56,"rawY":0,"clippedAbsX":35.904953301246344,"clippedAbsY":0,"clippedX":-35.904953301246344,"clippedY":0,"requestedAppliedX":-26.4978555363198,"requestedAppliedY":0,"appliedX":-22,"appliedY":0,"actualX":-22,"actualY":0,"sensitivity":0.738,"currentZoomForScroll":1.7872024137934102,"maxScrollStepX":22,"maxScrollStepY":22,"diagonalEvents":0,"clippedEvents":1}
[DebugBridge +1337858.0ms] wheel_scroll_motion {"eventCount":1,"rawAbsX":54,"rawAbsY":0,"rawX":-54,"rawY":0,"clippedAbsX":35.904953301246344,"clippedAbsY":0,"clippedX":-35.904953301246344,"clippedY":0,"requestedAppliedX":-26.4978555363198,"requestedAppliedY":0,"appliedX":-22,"appliedY":0,"actualX":-22,"actualY":0,"sensitivity":0.738,"currentZoomForScroll":1.7872024137934102,"maxScrollStepX":22,"maxScrollStepY":22,"diagonalEvents":0,"clippedEvents":1}
[DebugBridge +1337866.9ms] wheel_scroll_motion {"eventCount":1,"rawAbsX":54,"rawAbsY":0,"rawX":-54,"rawY":0,"clippedAbsX":35.904953301246344,"clippedAbsY":0,"clippedX":-35.904953301246344,"clippedY":0,"requestedAppliedX":-26.4978555363198,"requestedAppliedY":0,"appliedX":-22,"appliedY":0,"actualX":-22,"actualY":0,"sensitivity":0.738,"currentZoomForScroll":1.7872024137934102,"maxScrollStepX":22,"maxScrollStepY":22,"diagonalEvents":0,"clippedEvents":1}
[DebugBridge +1337873.8ms] wheel_scroll_motion {"eventCount":1,"rawAbsX":52,"rawAbsY":0,"rawX":-52,"rawY":0,"clippedAbsX":35.904953301246344,"clippedAbsY":0,"clippedX":-35.904953301246344,"clippedY":0,"requestedAppliedX":-26.4978555363198,"requestedAppliedY":0,"appliedX":-22,"appliedY":0,"actualX":-22,"actualY":0,"sensitivity":0.738,"currentZoomForScroll":1.7872024137934102,"maxScrollStepX":22,"maxScrollStepY":22,"diagonalEvents":0,"clippedEvents":1}
[DebugBridge +1337882.5ms] wheel_scroll_motion {"eventCount":1,"rawAbsX":50,"rawAbsY":0,"rawX":-50,"rawY":0,"clippedAbsX":35.904953301246344,"clippedAbsY":0,"clippedX":-35.904953301246344,"clippedY":0,"requestedAppliedX":-26.4978555363198,"requestedAppliedY":0,"appliedX":-22,"appliedY":0,"actualX":-22,"actualY":0,"sensitivity":0.738,"currentZoomForScroll":1.7872024137934102,"maxScrollStepX":22,"maxScrollStepY":22,"diagonalEvents":0,"clippedEvents":1}
[DebugBridge +1337891.1ms] wheel_scroll_motion {"eventCount":1,"rawAbsX":48,"rawAbsY":0,"rawX":-48,"rawY":0,"clippedAbsX":35.904953301246344,"clippedAbsY":0,"clippedX":-35.904953301246344,"clippedY":0,"requestedAppliedX":-26.4978555363198,"requestedAppliedY":0,"appliedX":-22,"appliedY":0,"actualX":-22,"actualY":0,"sensitivity":0.738,"currentZoomForScroll":1.7872024137934102,"maxScrollStepX":22,"maxScrollStepY":22,"diagonalEvents":0,"clippedEvents":1}
[DebugBridge +1337901.2ms] wheel_scroll_motion {"eventCount":1,"rawAbsX":46,"rawAbsY":0,"rawX":-46,"rawY":0,"clippedAbsX":35.904953301246344,"clippedAbsY":0,"clippedX":-35.904953301246344,"clippedY":0,"requestedAppliedX":-26.4978555363198,"requestedAppliedY":0,"appliedX":-22,"appliedY":0,"actualX":-22,"actualY":0,"sensitivity":0.738,"currentZoomForScroll":1.7872024137934102,"maxScrollStepX":22,"maxScrollStepY":22,"diagonalEvents":0,"clippedEvents":1}
[DebugBridge +1337907.1ms] wheel_scroll_motion {"eventCount":1,"rawAbsX":42,"rawAbsY":0,"rawX":-42,"rawY":0,"clippedAbsX":35.904953301246344,"clippedAbsY":0,"clippedX":-35.904953301246344,"clippedY":0,"requestedAppliedX":-26.4978555363198,"requestedAppliedY":0,"appliedX":-22,"appliedY":0,"actualX":-22,"actualY":0,"sensitivity":0.738,"currentZoomForScroll":1.7872024137934102,"maxScrollStepX":22,"maxScrollStepY":22,"diagonalEvents":0,"clippedEvents":1}
[DebugBridge +1337916.4ms] wheel_scroll_motion {"eventCount":1,"rawAbsX":42,"rawAbsY":0,"rawX":-42,"rawY":0,"clippedAbsX":35.904953301246344,"clippedAbsY":0,"clippedX":-35.904953301246344,"clippedY":0,"requestedAppliedX":-26.4978555363198,"requestedAppliedY":0,"appliedX":-22,"appliedY":0,"actualX":-22,"actualY":0,"sensitivity":0.738,"currentZoomForScroll":1.7872024137934102,"maxScrollStepX":22,"maxScrollStepY":22,"diagonalEvents":0,"clippedEvents":1}
[DebugBridge +1337924.2ms] wheel_scroll_motion {"eventCount":1,"rawAbsX":42,"rawAbsY":0,"rawX":-42,"rawY":0,"clippedAbsX":35.904953301246344,"clippedAbsY":0,"clippedX":-35.904953301246344,"clippedY":0,"requestedAppliedX":-26.4978555363198,"requestedAppliedY":0,"appliedX":-22,"appliedY":0,"actualX":-22,"actualY":0,"sensitivity":0.738,"currentZoomForScroll":1.7872024137934102,"maxScrollStepX":22,"maxScrollStepY":22,"diagonalEvents":0,"clippedEvents":1}
[DebugBridge +1337932.2ms] wheel_scroll_motion {"eventCount":1,"rawAbsX":38,"rawAbsY":0,"rawX":-38,"rawY":0,"clippedAbsX":35.904953301246344,"clippedAbsY":0,"clippedX":-35.904953301246344,"clippedY":0,"requestedAppliedX":-26.4978555363198,"requestedAppliedY":0,"appliedX":-22,"appliedY":0,"actualX":-22,"actualY":0,"sensitivity":0.738,"currentZoomForScroll":1.7872024137934102,"maxScrollStepX":22,"maxScrollStepY":22,"diagonalEvents":0,"clippedEvents":1}
[DebugBridge +1337940.3ms] wheel_scroll_motion {"eventCount":1,"rawAbsX":38,"rawAbsY":0,"rawX":-38,"rawY":0,"clippedAbsX":35.904953301246344,"clippedAbsY":0,"clippedX":-35.904953301246344,"clippedY":0,"requestedAppliedX":-26.4978555363198,"requestedAppliedY":0,"appliedX":-22,"appliedY":0,"actualX":-22,"actualY":0,"sensitivity":0.738,"currentZoomForScroll":1.7872024137934102,"maxScrollStepX":22,"maxScrollStepY":22,"diagonalEvents":0,"clippedEvents":1}
[DebugBridge +1337948.9ms] wheel_scroll_motion {"eventCount":1,"rawAbsX":38,"rawAbsY":0,"rawX":-38,"rawY":0,"clippedAbsX":35.904953301246344,"clippedAbsY":0,"clippedX":-35.904953301246344,"clippedY":0,"requestedAppliedX":-26.4978555363198,"requestedAppliedY":0,"appliedX":-22,"appliedY":0,"actualX":-22,"actualY":0,"sensitivity":0.738,"currentZoomForScroll":1.7872024137934102,"maxScrollStepX":22,"maxScrollStepY":22,"diagonalEvents":0,"clippedEvents":1}
[DebugBridge +1337959.1ms] wheel_scroll_motion {"eventCount":1,"rawAbsX":34,"rawAbsY":0,"rawX":-34,"rawY":0,"clippedAbsX":34,"clippedAbsY":0,"clippedX":-34,"clippedY":0,"requestedAppliedX":-27.88,"requestedAppliedY":0,"appliedX":-22,"appliedY":0,"actualX":-22,"actualY":0,"sensitivity":0.82,"currentZoomForScroll":1.7872024137934102,"maxScrollStepX":22,"maxScrollStepY":22,"diagonalEvents":0,"clippedEvents":0}
[DebugBridge +1338031.2ms] wheel_scroll_motion {"eventCount":1,"rawAbsX":2,"rawAbsY":2,"rawX":-2,"rawY":2,"clippedAbsX":2,"clippedAbsY":2,"clippedX":-2,"clippedY":2,"requestedAppliedX":-1.476,"requestedAppliedY":1.476,"appliedX":-1.476,"appliedY":1.476,"actualX":-1.5,"actualY":1,"sensitivity":0.738,"currentZoomForScroll":1.7872024137934102,"maxScrollStepX":22,"maxScrollStepY":22,"diagonalEvents":1,"clippedEvents":0}
[DebugBridge +1338040.6ms] wheel_scroll_motion {"eventCount":2,"rawAbsX":4,"rawAbsY":6,"rawX":-4,"rawY":6,"clippedAbsX":4,"clippedAbsY":6,"clippedX":-4,"clippedY":6,"requestedAppliedX":-2.952,"requestedAppliedY":4.428,"appliedX":-2.952,"appliedY":4.428,"actualX":-3,"actualY":4,"sensitivity":0.738,"currentZoomForScroll":1.7872024137934102,"maxScrollStepX":22,"maxScrollStepY":22,"diagonalEvents":2,"clippedEvents":0}
[DebugBridge +1338050.4ms] wheel_scroll_motion {"eventCount":2,"rawAbsX":6,"rawAbsY":10,"rawX":-6,"rawY":10,"clippedAbsX":6,"clippedAbsY":10,"clippedX":-6,"clippedY":10,"requestedAppliedX":-4.428,"requestedAppliedY":7.38,"appliedX":-4.428,"appliedY":7.38,"actualX":-4.5,"actualY":7,"sensitivity":0.738,"currentZoomForScroll":1.7872024137934102,"maxScrollStepX":22,"maxScrollStepY":22,"diagonalEvents":2,"clippedEvents":0}
[DebugBridge +1338058.6ms] wheel_scroll_motion {"eventCount":2,"rawAbsX":6,"rawAbsY":12,"rawX":-6,"rawY":12,"clippedAbsX":6,"clippedAbsY":12,"clippedX":-6,"clippedY":12,"requestedAppliedX":-4.428,"requestedAppliedY":8.856,"appliedX":-4.428,"appliedY":8.856,"actualX":-4.5,"actualY":8.5,"sensitivity":0.738,"currentZoomForScroll":1.7872024137934102,"maxScrollStepX":22,"maxScrollStepY":22,"diagonalEvents":2,"clippedEvents":0}
[DebugBridge +1338067.0ms] wheel_scroll_motion {"eventCount":2,"rawAbsX":6,"rawAbsY":16,"rawX":-6,"rawY":16,"clippedAbsX":6,"clippedAbsY":16,"clippedX":-6,"clippedY":16,"requestedAppliedX":-4.428,"requestedAppliedY":11.808,"appliedX":-4.428,"appliedY":11.808,"actualX":-4.5,"actualY":11.5,"sensitivity":0.738,"currentZoomForScroll":1.7872024137934102,"maxScrollStepX":22,"maxScrollStepY":22,"diagonalEvents":2,"clippedEvents":0}
[DebugBridge +1338074.0ms] wheel_scroll_motion {"eventCount":2,"rawAbsX":6,"rawAbsY":16,"rawX":-6,"rawY":16,"clippedAbsX":6,"clippedAbsY":16,"clippedX":-6,"clippedY":16,"requestedAppliedX":-4.428,"requestedAppliedY":11.808,"appliedX":-4.428,"appliedY":11.808,"actualX":-4.5,"actualY":11.5,"sensitivity":0.738,"currentZoomForScroll":1.7872024137934102,"maxScrollStepX":22,"maxScrollStepY":22,"diagonalEvents":2,"clippedEvents":0}
[DebugBridge +1338082.1ms] wheel_scroll_motion {"eventCount":2,"rawAbsX":6,"rawAbsY":18,"rawX":-6,"rawY":18,"clippedAbsX":6,"clippedAbsY":18,"clippedX":-6,"clippedY":18,"requestedAppliedX":-4.428,"requestedAppliedY":13.284,"appliedX":-4.428,"appliedY":13.284,"actualX":-4.5,"actualY":13,"sensitivity":0.738,"currentZoomForScroll":1.7872024137934102,"maxScrollStepX":22,"maxScrollStepY":22,"diagonalEvents":2,"clippedEvents":0}
[DebugBridge +1338091.1ms] wheel_scroll_motion {"eventCount":1,"rawAbsX":6,"rawAbsY":16,"rawX":-6,"rawY":16,"clippedAbsX":6,"clippedAbsY":16,"clippedX":-6,"clippedY":16,"requestedAppliedX":-4.428,"requestedAppliedY":11.808,"appliedX":-4.428,"appliedY":11.808,"actualX":-4.5,"actualY":11.5,"sensitivity":0.738,"currentZoomForScroll":1.7872024137934102,"maxScrollStepX":22,"maxScrollStepY":22,"diagonalEvents":1,"clippedEvents":0}
[DebugBridge +1338099.0ms] wheel_scroll_motion {"eventCount":1,"rawAbsX":4,"rawAbsY":16,"rawX":-4,"rawY":16,"clippedAbsX":4,"clippedAbsY":16,"clippedX":-4,"clippedY":16,"requestedAppliedX":-2.952,"requestedAppliedY":11.808,"appliedX":-2.952,"appliedY":11.808,"actualX":-3,"actualY":11.5,"sensitivity":0.738,"currentZoomForScroll":1.7872024137934102,"maxScrollStepX":22,"maxScrollStepY":22,"diagonalEvents":1,"clippedEvents":0}
[DebugBridge +1338108.5ms] wheel_scroll_motion {"eventCount":1,"rawAbsX":4,"rawAbsY":12,"rawX":-4,"rawY":12,"clippedAbsX":4,"clippedAbsY":12,"clippedX":-4,"clippedY":12,"requestedAppliedX":-2.952,"requestedAppliedY":8.856,"appliedX":-2.952,"appliedY":8.856,"actualX":-3,"actualY":8.5,"sensitivity":0.738,"currentZoomForScroll":1.7872024137934102,"maxScrollStepX":22,"maxScrollStepY":22,"diagonalEvents":1,"clippedEvents":0}
[DebugBridge +1338117.0ms] wheel_scroll_motion {"eventCount":2,"rawAbsX":4,"rawAbsY":20,"rawX":-4,"rawY":20,"clippedAbsX":4,"clippedAbsY":20,"clippedX":-4,"clippedY":20,"requestedAppliedX":-2.952,"requestedAppliedY":14.759999999999998,"appliedX":-2.952,"appliedY":14.759999999999998,"actualX":-3,"actualY":14.5,"sensitivity":0.738,"currentZoomForScroll":1.7872024137934102,"maxScrollStepX":22,"maxScrollStepY":22,"diagonalEvents":2,"clippedEvents":0}
[DebugBridge +1338123.9ms] wheel_scroll_motion {"eventCount":2,"rawAbsX":2,"rawAbsY":20,"rawX":2,"rawY":20,"clippedAbsX":2,"clippedAbsY":20,"clippedX":2,"clippedY":20,"requestedAppliedX":1.476,"requestedAppliedY":15.907999999999998,"appliedX":1.476,"appliedY":15.907999999999998,"actualX":1,"actualY":15.5,"sensitivity":0.738,"currentZoomForScroll":1.7872024137934102,"maxScrollStepX":22,"maxScrollStepY":22,"diagonalEvents":1,"clippedEvents":0}
[DebugBridge +1338133.8ms] wheel_scroll_motion {"eventCount":1,"rawAbsX":2,"rawAbsY":6,"rawX":2,"rawY":6,"clippedAbsX":2,"clippedAbsY":6,"clippedX":2,"clippedY":6,"requestedAppliedX":1.476,"requestedAppliedY":4.428,"appliedX":1.476,"appliedY":4.428,"actualX":1,"actualY":4,"sensitivity":0.738,"currentZoomForScroll":1.7872024137934102,"maxScrollStepX":22,"maxScrollStepY":22,"diagonalEvents":1,"clippedEvents":0}
[DebugBridge +1338139.9ms] wheel_scroll_motion {"eventCount":1,"rawAbsX":8,"rawAbsY":12,"rawX":8,"rawY":12,"clippedAbsX":8,"clippedAbsY":12,"clippedX":8,"clippedY":12,"requestedAppliedX":5.904,"requestedAppliedY":8.856,"appliedX":5.904,"appliedY":8.856,"actualX":5.5,"actualY":8.5,"sensitivity":0.738,"currentZoomForScroll":1.7872024137934102,"maxScrollStepX":22,"maxScrollStepY":22,"diagonalEvents":1,"clippedEvents":0}
[DebugBridge +1338149.9ms] wheel_scroll_motion {"eventCount":1,"rawAbsX":12,"rawAbsY":8,"rawX":12,"rawY":8,"clippedAbsX":12,"clippedAbsY":8,"clippedX":12,"clippedY":8,"requestedAppliedX":8.856,"requestedAppliedY":5.904,"appliedX":8.856,"appliedY":5.904,"actualX":8.5,"actualY":5.5,"sensitivity":0.738,"currentZoomForScroll":1.7872024137934102,"maxScrollStepX":22,"maxScrollStepY":22,"diagonalEvents":1,"clippedEvents":0}
[DebugBridge +1338157.2ms] wheel_scroll_motion {"eventCount":2,"rawAbsX":30,"rawAbsY":12,"rawX":30,"rawY":12,"clippedAbsX":30,"clippedAbsY":12,"clippedX":30,"clippedY":12,"requestedAppliedX":22.14,"requestedAppliedY":8.856,"appliedX":22,"appliedY":8.856,"actualX":22,"actualY":8.5,"sensitivity":0.738,"currentZoomForScroll":1.7872024137934102,"maxScrollStepX":22,"maxScrollStepY":22,"diagonalEvents":2,"clippedEvents":0}
[DebugBridge +1338165.9ms] wheel_scroll_motion {"eventCount":2,"rawAbsX":24,"rawAbsY":4,"rawX":24,"rawY":4,"clippedAbsX":24,"clippedAbsY":4,"clippedX":24,"clippedY":4,"requestedAppliedX":17.712,"requestedAppliedY":2.952,"appliedX":17.712,"appliedY":2.952,"actualX":17.5,"actualY":2.5,"sensitivity":0.738,"currentZoomForScroll":1.7872024137934102,"maxScrollStepX":22,"maxScrollStepY":22,"diagonalEvents":2,"clippedEvents":0}
[DebugBridge +1338173.7ms] wheel_scroll_motion {"eventCount":2,"rawAbsX":24,"rawAbsY":4,"rawX":24,"rawY":4,"clippedAbsX":24,"clippedAbsY":4,"clippedX":24,"clippedY":4,"requestedAppliedX":17.712,"requestedAppliedY":2.952,"appliedX":17.712,"appliedY":2.952,"actualX":17.5,"actualY":2.5,"sensitivity":0.738,"currentZoomForScroll":1.7872024137934102,"maxScrollStepX":22,"maxScrollStepY":22,"diagonalEvents":2,"clippedEvents":0}
[DebugBridge +1338182.8ms] wheel_scroll_motion {"eventCount":2,"rawAbsX":24,"rawAbsY":2,"rawX":24,"rawY":2,"clippedAbsX":24,"clippedAbsY":2,"clippedX":24,"clippedY":2,"requestedAppliedX":19.024,"requestedAppliedY":1.476,"appliedX":19.024,"appliedY":1.476,"actualX":19,"actualY":1,"sensitivity":0.82,"currentZoomForScroll":1.7872024137934102,"maxScrollStepX":22,"maxScrollStepY":22,"diagonalEvents":1,"clippedEvents":0}
[DebugBridge +1338191.5ms] wheel_scroll_motion {"eventCount":2,"rawAbsX":26,"rawAbsY":4,"rawX":26,"rawY":-4,"clippedAbsX":26,"clippedAbsY":4,"clippedX":26,"clippedY":-4,"requestedAppliedX":19.843999999999998,"requestedAppliedY":-2.952,"appliedX":19.843999999999998,"appliedY":-2.952,"actualX":19.5,"actualY":-3,"sensitivity":0.738,"currentZoomForScroll":1.7872024137934102,"maxScrollStepX":22,"maxScrollStepY":22,"diagonalEvents":1,"clippedEvents":0}
[DebugBridge +1338199.3ms] wheel_scroll_motion {"eventCount":2,"rawAbsX":20,"rawAbsY":6,"rawX":20,"rawY":-6,"clippedAbsX":20,"clippedAbsY":6,"clippedX":20,"clippedY":-6,"requestedAppliedX":14.76,"requestedAppliedY":-4.428,"appliedX":14.76,"appliedY":-4.428,"actualX":14.5,"actualY":-4.5,"sensitivity":0.738,"currentZoomForScroll":1.7872024137934102,"maxScrollStepX":22,"maxScrollStepY":22,"diagonalEvents":2,"clippedEvents":0}
[DebugBridge +1338240.4ms] wheel_scroll_motion {"eventCount":2,"rawAbsX":78,"rawAbsY":64,"rawX":78,"rawY":-64,"clippedAbsX":41.904953301246344,"clippedAbsY":47.904953301246344,"clippedX":41.904953301246344,"clippedY":-47.904953301246344,"requestedAppliedX":28.276069982687822,"requestedAppliedY":-32.70406998268782,"appliedX":22,"appliedY":-22,"actualX":22,"actualY":-22,"sensitivity":0.738,"currentZoomForScroll":1.7872024137934102,"maxScrollStepX":22,"maxScrollStepY":22,"diagonalEvents":2,"clippedEvents":1}
[DebugBridge +1338249.1ms] wheel_scroll_motion {"eventCount":2,"rawAbsX":8,"rawAbsY":12,"rawX":8,"rawY":-12,"clippedAbsX":8,"clippedAbsY":12,"clippedX":8,"clippedY":-12,"requestedAppliedX":5.904,"requestedAppliedY":-8.856,"appliedX":5.904,"appliedY":-8.856,"actualX":5.5,"actualY":-9,"sensitivity":0.738,"currentZoomForScroll":1.7872024137934102,"maxScrollStepX":22,"maxScrollStepY":22,"diagonalEvents":2,"clippedEvents":0}
[DebugBridge +1338256.3ms] wheel_scroll_motion {"eventCount":1,"rawAbsX":6,"rawAbsY":10,"rawX":6,"rawY":-10,"clippedAbsX":6,"clippedAbsY":10,"clippedX":6,"clippedY":-10,"requestedAppliedX":4.428,"requestedAppliedY":-7.38,"appliedX":4.428,"appliedY":-7.38,"actualX":4,"actualY":-7.5,"sensitivity":0.738,"currentZoomForScroll":1.7872024137934102,"maxScrollStepX":22,"maxScrollStepY":22,"diagonalEvents":1,"clippedEvents":0}
[DebugBridge +1338273.2ms] wheel_scroll_motion {"eventCount":1,"rawAbsX":16,"rawAbsY":10,"rawX":16,"rawY":-10,"clippedAbsX":16,"clippedAbsY":10,"clippedX":16,"clippedY":-10,"requestedAppliedX":11.808,"requestedAppliedY":-7.38,"appliedX":11.808,"appliedY":-7.38,"actualX":11.5,"actualY":-7.5,"sensitivity":0.738,"currentZoomForScroll":1.7872024137934102,"maxScrollStepX":22,"maxScrollStepY":22,"diagonalEvents":1,"clippedEvents":0}
[DebugBridge +1338282.5ms] wheel_scroll_motion {"eventCount":1,"rawAbsX":18,"rawAbsY":12,"rawX":18,"rawY":-12,"clippedAbsX":18,"clippedAbsY":12,"clippedX":18,"clippedY":-12,"requestedAppliedX":13.283999999999999,"requestedAppliedY":-8.856,"appliedX":13.283999999999999,"appliedY":-8.856,"actualX":13,"actualY":-9,"sensitivity":0.738,"currentZoomForScroll":1.7872024137934102,"maxScrollStepX":22,"maxScrollStepY":22,"diagonalEvents":1,"clippedEvents":0}
[DebugBridge +1338290.4ms] wheel_scroll_motion {"eventCount":1,"rawAbsX":20,"rawAbsY":12,"rawX":20,"rawY":-12,"clippedAbsX":20,"clippedAbsY":12,"clippedX":20,"clippedY":-12,"requestedAppliedX":14.76,"requestedAppliedY":-8.856,"appliedX":14.76,"appliedY":-8.856,"actualX":14.5,"actualY":-9,"sensitivity":0.738,"currentZoomForScroll":1.7872024137934102,"maxScrollStepX":22,"maxScrollStepY":22,"diagonalEvents":1,"clippedEvents":0}
[DebugBridge +1338300.0ms] wheel_scroll_motion {"eventCount":1,"rawAbsX":20,"rawAbsY":12,"rawX":20,"rawY":-12,"clippedAbsX":20,"clippedAbsY":12,"clippedX":20,"clippedY":-12,"requestedAppliedX":14.76,"requestedAppliedY":-8.856,"appliedX":14.76,"appliedY":-8.856,"actualX":14.5,"actualY":-9,"sensitivity":0.738,"currentZoomForScroll":1.7872024137934102,"maxScrollStepX":22,"maxScrollStepY":22,"diagonalEvents":1,"clippedEvents":0}
[DebugBridge +1338306.6ms] wheel_scroll_motion {"eventCount":1,"rawAbsX":20,"rawAbsY":12,"rawX":20,"rawY":-12,"clippedAbsX":20,"clippedAbsY":12,"clippedX":20,"clippedY":-12,"requestedAppliedX":14.76,"requestedAppliedY":-8.856,"appliedX":14.76,"appliedY":-8.856,"actualX":14.5,"actualY":-9,"sensitivity":0.738,"currentZoomForScroll":1.7872024137934102,"maxScrollStepX":22,"maxScrollStepY":22,"diagonalEvents":1,"clippedEvents":0}
[DebugBridge +1338316.3ms] wheel_scroll_motion {"eventCount":1,"rawAbsX":20,"rawAbsY":12,"rawX":20,"rawY":-12,"clippedAbsX":20,"clippedAbsY":12,"clippedX":20,"clippedY":-12,"requestedAppliedX":14.76,"requestedAppliedY":-8.856,"appliedX":14.76,"appliedY":-8.856,"actualX":14.5,"actualY":-9,"sensitivity":0.738,"currentZoomForScroll":1.7872024137934102,"maxScrollStepX":22,"maxScrollStepY":22,"diagonalEvents":1,"clippedEvents":0}
[DebugBridge +1338324.2ms] wheel_scroll_motion {"eventCount":1,"rawAbsX":24,"rawAbsY":14,"rawX":24,"rawY":-14,"clippedAbsX":24,"clippedAbsY":14,"clippedX":24,"clippedY":-14,"requestedAppliedX":17.712,"requestedAppliedY":-10.332,"appliedX":17.712,"appliedY":-10.332,"actualX":17.5,"actualY":-10.5,"sensitivity":0.738,"currentZoomForScroll":1.7872024137934102,"maxScrollStepX":22,"maxScrollStepY":22,"diagonalEvents":1,"clippedEvents":0}
[DebugBridge +1338332.5ms] wheel_scroll_motion {"eventCount":1,"rawAbsX":26,"rawAbsY":14,"rawX":26,"rawY":-14,"clippedAbsX":26,"clippedAbsY":14,"clippedX":26,"clippedY":-14,"requestedAppliedX":19.188,"requestedAppliedY":-10.332,"appliedX":19.188,"appliedY":-10.332,"actualX":19,"actualY":-10.5,"sensitivity":0.738,"currentZoomForScroll":1.7872024137934102,"maxScrollStepX":22,"maxScrollStepY":22,"diagonalEvents":1,"clippedEvents":0}
[DebugBridge +1338340.0ms] wheel_scroll_motion {"eventCount":1,"rawAbsX":22,"rawAbsY":14,"rawX":22,"rawY":-14,"clippedAbsX":22,"clippedAbsY":14,"clippedX":22,"clippedY":-14,"requestedAppliedX":16.236,"requestedAppliedY":-10.332,"appliedX":16.236,"appliedY":-10.332,"actualX":16,"actualY":-10.5,"sensitivity":0.738,"currentZoomForScroll":1.7872024137934102,"maxScrollStepX":22,"maxScrollStepY":22,"diagonalEvents":1,"clippedEvents":0}
[DebugBridge +1338349.5ms] wheel_scroll_motion {"eventCount":1,"rawAbsX":22,"rawAbsY":14,"rawX":22,"rawY":-14,"clippedAbsX":22,"clippedAbsY":14,"clippedX":22,"clippedY":-14,"requestedAppliedX":16.236,"requestedAppliedY":-10.332,"appliedX":16.236,"appliedY":-10.332,"actualX":16,"actualY":-10.5,"sensitivity":0.738,"currentZoomForScroll":1.7872024137934102,"maxScrollStepX":22,"maxScrollStepY":22,"diagonalEvents":1,"clippedEvents":0}
[DebugBridge +1338357.8ms] wheel_scroll_motion {"eventCount":1,"rawAbsX":20,"rawAbsY":12,"rawX":20,"rawY":-12,"clippedAbsX":20,"clippedAbsY":12,"clippedX":20,"clippedY":-12,"requestedAppliedX":14.76,"requestedAppliedY":-8.856,"appliedX":14.76,"appliedY":-8.856,"actualX":14.5,"actualY":-9,"sensitivity":0.738,"currentZoomForScroll":1.7872024137934102,"maxScrollStepX":22,"maxScrollStepY":22,"diagonalEvents":1,"clippedEvents":0}
[DebugBridge +1338366.4ms] wheel_scroll_motion {"eventCount":1,"rawAbsX":20,"rawAbsY":12,"rawX":20,"rawY":-12,"clippedAbsX":20,"clippedAbsY":12,"clippedX":20,"clippedY":-12,"requestedAppliedX":14.76,"requestedAppliedY":-8.856,"appliedX":14.76,"appliedY":-8.856,"actualX":14.5,"actualY":-9,"sensitivity":0.738,"currentZoomForScroll":1.7872024137934102,"maxScrollStepX":22,"maxScrollStepY":22,"diagonalEvents":1,"clippedEvents":0}
[DebugBridge +1338374.5ms] wheel_scroll_motion {"eventCount":1,"rawAbsX":20,"rawAbsY":10,"rawX":20,"rawY":-10,"clippedAbsX":20,"clippedAbsY":10,"clippedX":20,"clippedY":-10,"requestedAppliedX":14.76,"requestedAppliedY":-7.38,"appliedX":14.76,"appliedY":-7.38,"actualX":14.5,"actualY":-7.5,"sensitivity":0.738,"currentZoomForScroll":1.7872024137934102,"maxScrollStepX":22,"maxScrollStepY":22,"diagonalEvents":1,"clippedEvents":0}
[DebugBridge +1338383.2ms] wheel_scroll_motion {"eventCount":1,"rawAbsX":18,"rawAbsY":10,"rawX":18,"rawY":-10,"clippedAbsX":18,"clippedAbsY":10,"clippedX":18,"clippedY":-10,"requestedAppliedX":13.283999999999999,"requestedAppliedY":-7.38,"appliedX":13.283999999999999,"appliedY":-7.38,"actualX":13,"actualY":-7.5,"sensitivity":0.738,"currentZoomForScroll":1.7872024137934102,"maxScrollStepX":22,"maxScrollStepY":22,"diagonalEvents":1,"clippedEvents":0}
[DebugBridge +1338390.0ms] wheel_scroll_motion {"eventCount":1,"rawAbsX":18,"rawAbsY":10,"rawX":18,"rawY":-10,"clippedAbsX":18,"clippedAbsY":10,"clippedX":18,"clippedY":-10,"requestedAppliedX":13.283999999999999,"requestedAppliedY":-7.38,"appliedX":13.283999999999999,"appliedY":-7.38,"actualX":13,"actualY":-7.5,"sensitivity":0.738,"currentZoomForScroll":1.7872024137934102,"maxScrollStepX":22,"maxScrollStepY":22,"diagonalEvents":1,"clippedEvents":0}
[DebugBridge +1338398.6ms] wheel_scroll_motion {"eventCount":1,"rawAbsX":16,"rawAbsY":10,"rawX":16,"rawY":-10,"clippedAbsX":16,"clippedAbsY":10,"clippedX":16,"clippedY":-10,"requestedAppliedX":11.808,"requestedAppliedY":-7.38,"appliedX":11.808,"appliedY":-7.38,"actualX":11.5,"actualY":-7.5,"sensitivity":0.738,"currentZoomForScroll":1.7872024137934102,"maxScrollStepX":22,"maxScrollStepY":22,"diagonalEvents":1,"clippedEvents":0}
[DebugBridge +1338408.2ms] wheel_scroll_motion {"eventCount":1,"rawAbsX":16,"rawAbsY":10,"rawX":16,"rawY":-10,"clippedAbsX":16,"clippedAbsY":10,"clippedX":16,"clippedY":-10,"requestedAppliedX":11.808,"requestedAppliedY":-7.38,"appliedX":11.808,"appliedY":-7.38,"actualX":11.5,"actualY":-7.5,"sensitivity":0.738,"currentZoomForScroll":1.7872024137934102,"maxScrollStepX":22,"maxScrollStepY":22,"diagonalEvents":1,"clippedEvents":0}
[DebugBridge +1338415.2ms] wheel_scroll_motion {"eventCount":1,"rawAbsX":16,"rawAbsY":8,"rawX":16,"rawY":-8,"clippedAbsX":16,"clippedAbsY":8,"clippedX":16,"clippedY":-8,"requestedAppliedX":11.808,"requestedAppliedY":-5.904,"appliedX":11.808,"appliedY":-5.904,"actualX":11.5,"actualY":-6,"sensitivity":0.738,"currentZoomForScroll":1.7872024137934102,"maxScrollStepX":22,"maxScrollStepY":22,"diagonalEvents":1,"clippedEvents":0}
[DebugBridge +1338424.8ms] wheel_scroll_motion {"eventCount":1,"rawAbsX":16,"rawAbsY":8,"rawX":16,"rawY":-8,"clippedAbsX":16,"clippedAbsY":8,"clippedX":16,"clippedY":-8,"requestedAppliedX":11.808,"requestedAppliedY":-5.904,"appliedX":11.808,"appliedY":-5.904,"actualX":11.5,"actualY":-6,"sensitivity":0.738,"currentZoomForScroll":1.7872024137934102,"maxScrollStepX":22,"maxScrollStepY":22,"diagonalEvents":1,"clippedEvents":0}
[DebugBridge +1338432.8ms] wheel_scroll_motion {"eventCount":1,"rawAbsX":14,"rawAbsY":8,"rawX":14,"rawY":-8,"clippedAbsX":14,"clippedAbsY":8,"clippedX":14,"clippedY":-8,"requestedAppliedX":10.332,"requestedAppliedY":-5.904,"appliedX":10.332,"appliedY":-5.904,"actualX":10,"actualY":-6,"sensitivity":0.738,"currentZoomForScroll":1.7872024137934102,"maxScrollStepX":22,"maxScrollStepY":22,"diagonalEvents":1,"clippedEvents":0}
[DebugBridge +1338441.5ms] wheel_scroll_motion {"eventCount":1,"rawAbsX":14,"rawAbsY":8,"rawX":14,"rawY":-8,"clippedAbsX":14,"clippedAbsY":8,"clippedX":14,"clippedY":-8,"requestedAppliedX":10.332,"requestedAppliedY":-5.904,"appliedX":10.332,"appliedY":-5.904,"actualX":10,"actualY":-6,"sensitivity":0.738,"currentZoomForScroll":1.7872024137934102,"maxScrollStepX":22,"maxScrollStepY":22,"diagonalEvents":1,"clippedEvents":0}
[DebugBridge +1338450.3ms] wheel_scroll_motion {"eventCount":1,"rawAbsX":14,"rawAbsY":8,"rawX":14,"rawY":-8,"clippedAbsX":14,"clippedAbsY":8,"clippedX":14,"clippedY":-8,"requestedAppliedX":10.332,"requestedAppliedY":-5.904,"appliedX":10.332,"appliedY":-5.904,"actualX":10,"actualY":-6,"sensitivity":0.738,"currentZoomForScroll":1.7872024137934102,"maxScrollStepX":22,"maxScrollStepY":22,"diagonalEvents":1,"clippedEvents":0}
[DebugBridge +1338483.1ms] wheel_scroll_motion {"eventCount":1,"rawAbsX":38,"rawAbsY":20,"rawX":38,"rawY":-20,"clippedAbsX":35.904953301246344,"clippedAbsY":20,"clippedX":35.904953301246344,"clippedY":-20,"requestedAppliedX":23.84806998268782,"requestedAppliedY":-13.284,"appliedX":22,"appliedY":-13.284,"actualX":22,"actualY":-13.5,"sensitivity":0.6642,"currentZoomForScroll":1.7872024137934102,"maxScrollStepX":22,"maxScrollStepY":22,"diagonalEvents":1,"clippedEvents":1}
[DebugBridge +1338515.2ms] wheel_scroll_motion {"eventCount":1,"rawAbsX":6,"rawAbsY":4,"rawX":6,"rawY":4,"clippedAbsX":6,"clippedAbsY":4,"clippedX":6,"clippedY":4,"requestedAppliedX":4.428,"requestedAppliedY":2.952,"appliedX":4.428,"appliedY":2.952,"actualX":4,"actualY":2.5,"sensitivity":0.738,"currentZoomForScroll":1.7872024137934102,"maxScrollStepX":22,"maxScrollStepY":22,"diagonalEvents":1,"clippedEvents":0}
[DebugBridge +1338525.0ms] wheel_scroll_motion {"eventCount":1,"rawAbsX":10,"rawAbsY":12,"rawX":10,"rawY":12,"clippedAbsX":10,"clippedAbsY":12,"clippedX":10,"clippedY":12,"requestedAppliedX":7.38,"requestedAppliedY":8.856,"appliedX":7.38,"appliedY":8.856,"actualX":7,"actualY":8.5,"sensitivity":0.738,"currentZoomForScroll":1.7872024137934102,"maxScrollStepX":22,"maxScrollStepY":22,"diagonalEvents":1,"clippedEvents":0}
[DebugBridge +1338531.8ms] wheel_scroll_motion {"eventCount":1,"rawAbsX":10,"rawAbsY":16,"rawX":10,"rawY":16,"clippedAbsX":10,"clippedAbsY":16,"clippedX":10,"clippedY":16,"requestedAppliedX":7.38,"requestedAppliedY":11.808,"appliedX":7.38,"appliedY":11.808,"actualX":7,"actualY":11.5,"sensitivity":0.738,"currentZoomForScroll":1.7872024137934102,"maxScrollStepX":22,"maxScrollStepY":22,"diagonalEvents":1,"clippedEvents":0}
[DebugBridge +1338540.5ms] wheel_scroll_motion {"eventCount":2,"rawAbsX":10,"rawAbsY":20,"rawX":10,"rawY":20,"clippedAbsX":10,"clippedAbsY":20,"clippedX":10,"clippedY":20,"requestedAppliedX":7.38,"requestedAppliedY":14.76,"appliedX":7.38,"appliedY":14.76,"actualX":7,"actualY":14.5,"sensitivity":0.738,"currentZoomForScroll":1.7872024137934102,"maxScrollStepX":22,"maxScrollStepY":22,"diagonalEvents":2,"clippedEvents":0}
[DebugBridge +1338549.5ms] wheel_scroll_motion {"eventCount":2,"rawAbsX":14,"rawAbsY":26,"rawX":14,"rawY":26,"clippedAbsX":14,"clippedAbsY":26,"clippedX":14,"clippedY":26,"requestedAppliedX":10.332,"requestedAppliedY":19.188,"appliedX":10.332,"appliedY":19.188,"actualX":10,"actualY":19,"sensitivity":0.738,"currentZoomForScroll":1.7872024137934102,"maxScrollStepX":22,"maxScrollStepY":22,"diagonalEvents":2,"clippedEvents":0}
[DebugBridge +1338557.3ms] wheel_scroll_motion {"eventCount":1,"rawAbsX":14,"rawAbsY":30,"rawX":14,"rawY":30,"clippedAbsX":14,"clippedAbsY":30,"clippedX":14,"clippedY":30,"requestedAppliedX":10.332,"requestedAppliedY":22.14,"appliedX":10.332,"appliedY":22,"actualX":10,"actualY":22,"sensitivity":0.738,"currentZoomForScroll":1.7872024137934102,"maxScrollStepX":22,"maxScrollStepY":22,"diagonalEvents":1,"clippedEvents":0}
[DebugBridge +1338564.4ms] wheel_scroll_motion {"eventCount":1,"rawAbsX":14,"rawAbsY":32,"rawX":14,"rawY":32,"clippedAbsX":14,"clippedAbsY":32,"clippedX":14,"clippedY":32,"requestedAppliedX":10.332,"requestedAppliedY":23.616,"appliedX":10.332,"appliedY":22,"actualX":10,"actualY":22,"sensitivity":0.738,"currentZoomForScroll":1.7872024137934102,"maxScrollStepX":22,"maxScrollStepY":22,"diagonalEvents":1,"clippedEvents":0}
[DebugBridge +1338575.4ms] wheel_scroll_motion {"eventCount":2,"rawAbsX":14,"rawAbsY":30,"rawX":14,"rawY":30,"clippedAbsX":14,"clippedAbsY":30,"clippedX":14,"clippedY":30,"requestedAppliedX":10.332,"requestedAppliedY":22.14,"appliedX":10.332,"appliedY":22,"actualX":10,"actualY":22,"sensitivity":0.738,"currentZoomForScroll":1.7872024137934102,"maxScrollStepX":22,"maxScrollStepY":22,"diagonalEvents":2,"clippedEvents":0}
[DebugBridge +1338582.6ms] wheel_scroll_motion {"eventCount":2,"rawAbsX":14,"rawAbsY":36,"rawX":14,"rawY":36,"clippedAbsX":14,"clippedAbsY":36,"clippedX":14,"clippedY":36,"requestedAppliedX":10.332,"requestedAppliedY":26.567999999999998,"appliedX":10.332,"appliedY":22,"actualX":10,"actualY":22,"sensitivity":0.738,"currentZoomForScroll":1.7872024137934102,"maxScrollStepX":22,"maxScrollStepY":22,"diagonalEvents":2,"clippedEvents":0}
[DebugBridge +1338590.5ms] wheel_scroll_motion {"eventCount":2,"rawAbsX":12,"rawAbsY":28,"rawX":12,"rawY":28,"clippedAbsX":12,"clippedAbsY":28,"clippedX":12,"clippedY":28,"requestedAppliedX":8.856,"requestedAppliedY":20.664,"appliedX":8.856,"appliedY":20.664,"actualX":8.5,"actualY":20.5,"sensitivity":0.738,"currentZoomForScroll":1.7872024137934102,"maxScrollStepX":22,"maxScrollStepY":22,"diagonalEvents":2,"clippedEvents":0}
[DebugBridge +1338600.8ms] wheel_scroll_motion {"eventCount":2,"rawAbsX":6,"rawAbsY":16,"rawX":6,"rawY":16,"clippedAbsX":6,"clippedAbsY":16,"clippedX":6,"clippedY":16,"requestedAppliedX":4.428,"requestedAppliedY":11.808,"appliedX":4.428,"appliedY":11.808,"actualX":4,"actualY":11.5,"sensitivity":0.738,"currentZoomForScroll":1.7872024137934102,"maxScrollStepX":22,"maxScrollStepY":22,"diagonalEvents":2,"clippedEvents":0}
[DebugBridge +1338606.7ms] wheel_scroll_motion {"eventCount":2,"rawAbsX":8,"rawAbsY":26,"rawX":8,"rawY":26,"clippedAbsX":8,"clippedAbsY":26,"clippedX":8,"clippedY":26,"requestedAppliedX":5.904,"requestedAppliedY":19.188,"appliedX":5.904,"appliedY":19.188,"actualX":5.5,"actualY":19,"sensitivity":0.738,"currentZoomForScroll":1.7872024137934102,"maxScrollStepX":22,"maxScrollStepY":22,"diagonalEvents":2,"clippedEvents":0}
[DebugBridge +1338616.7ms] wheel_scroll_motion {"eventCount":2,"rawAbsX":6,"rawAbsY":18,"rawX":6,"rawY":18,"clippedAbsX":6,"clippedAbsY":18,"clippedX":6,"clippedY":18,"requestedAppliedX":4.428,"requestedAppliedY":13.284,"appliedX":4.428,"appliedY":13.284,"actualX":4,"actualY":13,"sensitivity":0.738,"currentZoomForScroll":1.7872024137934102,"maxScrollStepX":22,"maxScrollStepY":22,"diagonalEvents":2,"clippedEvents":0}
[DebugBridge +1338623.9ms] wheel_scroll_motion {"eventCount":2,"rawAbsX":6,"rawAbsY":16,"rawX":6,"rawY":16,"clippedAbsX":6,"clippedAbsY":16,"clippedX":6,"clippedY":16,"requestedAppliedX":4.428,"requestedAppliedY":11.808,"appliedX":4.428,"appliedY":11.808,"actualX":4,"actualY":11.5,"sensitivity":0.738,"currentZoomForScroll":1.7872024137934102,"maxScrollStepX":22,"maxScrollStepY":22,"diagonalEvents":2,"clippedEvents":0}
[DebugBridge +1338633.8ms] wheel_scroll_motion {"eventCount":2,"rawAbsX":6,"rawAbsY":20,"rawX":6,"rawY":20,"clippedAbsX":6,"clippedAbsY":20,"clippedX":6,"clippedY":20,"requestedAppliedX":4.428,"requestedAppliedY":14.760000000000002,"appliedX":4.428,"appliedY":14.760000000000002,"actualX":4,"actualY":14.5,"sensitivity":0.738,"currentZoomForScroll":1.7872024137934102,"maxScrollStepX":22,"maxScrollStepY":22,"diagonalEvents":2,"clippedEvents":0}
[DebugBridge +1338640.4ms] wheel_scroll_motion {"eventCount":1,"rawAbsX":2,"rawAbsY":6,"rawX":2,"rawY":6,"clippedAbsX":2,"clippedAbsY":6,"clippedX":2,"clippedY":6,"requestedAppliedX":1.476,"requestedAppliedY":4.428,"appliedX":1.476,"appliedY":4.428,"actualX":1,"actualY":4,"sensitivity":0.738,"currentZoomForScroll":1.7872024137934102,"maxScrollStepX":22,"maxScrollStepY":22,"diagonalEvents":1,"clippedEvents":0}
[DebugBridge +1338650.5ms] wheel_scroll_motion {"eventCount":1,"rawAbsX":8,"rawAbsY":26,"rawX":8,"rawY":26,"clippedAbsX":8,"clippedAbsY":26,"clippedX":8,"clippedY":26,"requestedAppliedX":5.904,"requestedAppliedY":19.188,"appliedX":5.904,"appliedY":19.188,"actualX":5.5,"actualY":19,"sensitivity":0.738,"currentZoomForScroll":1.7872024137934102,"maxScrollStepX":22,"maxScrollStepY":22,"diagonalEvents":1,"clippedEvents":0}
[DebugBridge +1338657.2ms] wheel_scroll_motion {"eventCount":1,"rawAbsX":10,"rawAbsY":32,"rawX":10,"rawY":32,"clippedAbsX":10,"clippedAbsY":32,"clippedX":10,"clippedY":32,"requestedAppliedX":7.38,"requestedAppliedY":23.616,"appliedX":7.38,"appliedY":22,"actualX":7,"actualY":22,"sensitivity":0.738,"currentZoomForScroll":1.7872024137934102,"maxScrollStepX":22,"maxScrollStepY":22,"diagonalEvents":1,"clippedEvents":0}
[DebugBridge +1338667.0ms] wheel_scroll_motion {"eventCount":1,"rawAbsX":10,"rawAbsY":36,"rawX":10,"rawY":36,"clippedAbsX":10,"clippedAbsY":35.904953301246344,"clippedX":10,"clippedY":35.904953301246344,"requestedAppliedX":6.642,"requestedAppliedY":23.84806998268782,"appliedX":6.642,"appliedY":22,"actualX":6.5,"actualY":22,"sensitivity":0.6642,"currentZoomForScroll":1.7872024137934102,"maxScrollStepX":22,"maxScrollStepY":22,"diagonalEvents":1,"clippedEvents":1}
[DebugBridge +1338674.6ms] wheel_scroll_motion {"eventCount":1,"rawAbsX":10,"rawAbsY":36,"rawX":10,"rawY":36,"clippedAbsX":10,"clippedAbsY":35.904953301246344,"clippedX":10,"clippedY":35.904953301246344,"requestedAppliedX":6.642,"requestedAppliedY":23.84806998268782,"appliedX":6.642,"appliedY":22,"actualX":6.5,"actualY":22,"sensitivity":0.6642,"currentZoomForScroll":1.7872024137934102,"maxScrollStepX":22,"maxScrollStepY":22,"diagonalEvents":1,"clippedEvents":1}
[DebugBridge +1338683.1ms] wheel_scroll_motion {"eventCount":1,"rawAbsX":10,"rawAbsY":38,"rawX":10,"rawY":38,"clippedAbsX":10,"clippedAbsY":35.904953301246344,"clippedX":10,"clippedY":35.904953301246344,"requestedAppliedX":6.642,"requestedAppliedY":23.84806998268782,"appliedX":6.642,"appliedY":22,"actualX":6.5,"actualY":22,"sensitivity":0.6642,"currentZoomForScroll":1.7872024137934102,"maxScrollStepX":22,"maxScrollStepY":22,"diagonalEvents":1,"clippedEvents":1}
[DebugBridge +1338690.6ms] wheel_scroll_motion {"eventCount":1,"rawAbsX":10,"rawAbsY":38,"rawX":10,"rawY":38,"clippedAbsX":10,"clippedAbsY":35.904953301246344,"clippedX":10,"clippedY":35.904953301246344,"requestedAppliedX":6.642,"requestedAppliedY":23.84806998268782,"appliedX":6.642,"appliedY":22,"actualX":6.5,"actualY":22,"sensitivity":0.6642,"currentZoomForScroll":1.7872024137934102,"maxScrollStepX":22,"maxScrollStepY":22,"diagonalEvents":1,"clippedEvents":1}
[DebugBridge +1338732.8ms] wheel_scroll_motion {"eventCount":2,"rawAbsX":52,"rawAbsY":208,"rawX":52,"rawY":208,"clippedAbsX":45.904953301246344,"clippedAbsY":71.80990660249269,"clippedX":45.904953301246344,"clippedY":71.80990660249269,"requestedAppliedX":30.49006998268782,"requestedAppliedY":47.69613996537564,"appliedX":22,"appliedY":22,"actualX":22,"actualY":22,"sensitivity":0.6642,"currentZoomForScroll":1.7872024137934102,"maxScrollStepX":22,"maxScrollStepY":22,"diagonalEvents":2,"clippedEvents":2}
[DebugBridge +1338739.3ms] wheel_scroll_motion {"eventCount":1,"rawAbsX":10,"rawAbsY":38,"rawX":10,"rawY":38,"clippedAbsX":10,"clippedAbsY":35.904953301246344,"clippedX":10,"clippedY":35.904953301246344,"requestedAppliedX":6.642,"requestedAppliedY":23.84806998268782,"appliedX":6.642,"appliedY":22,"actualX":6.5,"actualY":22,"sensitivity":0.6642,"currentZoomForScroll":1.7872024137934102,"maxScrollStepX":22,"maxScrollStepY":22,"diagonalEvents":1,"clippedEvents":1}
[DebugBridge +1338749.7ms] wheel_scroll_motion {"eventCount":1,"rawAbsX":10,"rawAbsY":34,"rawX":10,"rawY":34,"clippedAbsX":10,"clippedAbsY":34,"clippedX":10,"clippedY":34,"requestedAppliedX":7.38,"requestedAppliedY":25.092,"appliedX":7.38,"appliedY":22,"actualX":7,"actualY":22,"sensitivity":0.738,"currentZoomForScroll":1.7872024137934102,"maxScrollStepX":22,"maxScrollStepY":22,"diagonalEvents":1,"clippedEvents":0}
[DebugBridge +1338758.1ms] wheel_scroll_motion {"eventCount":1,"rawAbsX":8,"rawAbsY":34,"rawX":8,"rawY":34,"clippedAbsX":8,"clippedAbsY":34,"clippedX":8,"clippedY":34,"requestedAppliedX":5.904,"requestedAppliedY":25.092,"appliedX":5.904,"appliedY":22,"actualX":5.5,"actualY":22,"sensitivity":0.738,"currentZoomForScroll":1.7872024137934102,"maxScrollStepX":22,"maxScrollStepY":22,"diagonalEvents":1,"clippedEvents":0}
[DebugBridge +1338840.5ms] wheel_scroll_motion {"eventCount":1,"rawAbsX":14,"rawAbsY":4,"rawX":14,"rawY":-4,"clippedAbsX":14,"clippedAbsY":4,"clippedX":14,"clippedY":-4,"requestedAppliedX":10.332,"requestedAppliedY":-2.952,"appliedX":10.332,"appliedY":-2.952,"actualX":10,"actualY":-3,"sensitivity":0.738,"currentZoomForScroll":1.7872024137934102,"maxScrollStepX":22,"maxScrollStepY":22,"diagonalEvents":1,"clippedEvents":0}
[DebugBridge +1338849.9ms] wheel_scroll_motion {"eventCount":1,"rawAbsX":10,"rawAbsY":4,"rawX":10,"rawY":-4,"clippedAbsX":10,"clippedAbsY":4,"clippedX":10,"clippedY":-4,"requestedAppliedX":7.38,"requestedAppliedY":-2.952,"appliedX":7.38,"appliedY":-2.952,"actualX":7,"actualY":-3,"sensitivity":0.738,"currentZoomForScroll":1.7872024137934102,"maxScrollStepX":22,"maxScrollStepY":22,"diagonalEvents":1,"clippedEvents":0}
[DebugBridge +1338858.4ms] wheel_scroll_motion {"eventCount":1,"rawAbsX":2,"rawAbsY":2,"rawX":2,"rawY":-2,"clippedAbsX":2,"clippedAbsY":2,"clippedX":2,"clippedY":-2,"requestedAppliedX":1.476,"requestedAppliedY":-1.476,"appliedX":1.476,"appliedY":-1.476,"actualX":1,"actualY":-1.5,"sensitivity":0.738,"currentZoomForScroll":1.7872024137934102,"maxScrollStepX":22,"maxScrollStepY":22,"diagonalEvents":1,"clippedEvents":0}
[DebugBridge +1338865.8ms] wheel_scroll_motion {"eventCount":2,"rawAbsX":14,"rawAbsY":6,"rawX":14,"rawY":-6,"clippedAbsX":14,"clippedAbsY":6,"clippedX":14,"clippedY":-6,"requestedAppliedX":10.332,"requestedAppliedY":-4.428,"appliedX":10.332,"appliedY":-4.428,"actualX":10,"actualY":-4.5,"sensitivity":0.738,"currentZoomForScroll":1.7872024137934102,"maxScrollStepX":22,"maxScrollStepY":22,"diagonalEvents":2,"clippedEvents":0}
[DebugBridge +1338906.6ms] wheel_scroll_motion {"eventCount":3,"rawAbsX":38,"rawAbsY":14,"rawX":38,"rawY":-14,"clippedAbsX":38,"clippedAbsY":14,"clippedX":38,"clippedY":-14,"requestedAppliedX":28.043999999999997,"requestedAppliedY":-10.332,"appliedX":22,"appliedY":-10.332,"actualX":22,"actualY":-10.5,"sensitivity":0.738,"currentZoomForScroll":1.7872024137934102,"maxScrollStepX":22,"maxScrollStepY":22,"diagonalEvents":3,"clippedEvents":0}
[DebugBridge +1338909.1ms] wheel_scroll_motion {"eventCount":1,"rawAbsX":76,"rawAbsY":32,"rawX":76,"rawY":-32,"clippedAbsX":35.904953301246344,"clippedAbsY":32,"clippedX":35.904953301246344,"clippedY":-32,"requestedAppliedX":23.84806998268782,"requestedAppliedY":-21.2544,"appliedX":22,"appliedY":-21.2544,"actualX":22,"actualY":-21.5,"sensitivity":0.6642,"currentZoomForScroll":1.7872024137934102,"maxScrollStepX":22,"maxScrollStepY":22,"diagonalEvents":1,"clippedEvents":1}
[DebugBridge +1338916.1ms] wheel_scroll_motion {"eventCount":1,"rawAbsX":16,"rawAbsY":8,"rawX":16,"rawY":-8,"clippedAbsX":16,"clippedAbsY":8,"clippedX":16,"clippedY":-8,"requestedAppliedX":11.808,"requestedAppliedY":-5.904,"appliedX":11.808,"appliedY":-5.904,"actualX":11.5,"actualY":-6,"sensitivity":0.738,"currentZoomForScroll":1.7872024137934102,"maxScrollStepX":22,"maxScrollStepY":22,"diagonalEvents":1,"clippedEvents":0}
[DebugBridge +1338925.9ms] wheel_scroll_motion {"eventCount":2,"rawAbsX":26,"rawAbsY":16,"rawX":26,"rawY":-16,"clippedAbsX":26,"clippedAbsY":16,"clippedX":26,"clippedY":-16,"requestedAppliedX":19.188,"requestedAppliedY":-11.808,"appliedX":19.188,"appliedY":-11.808,"actualX":19,"actualY":-12,"sensitivity":0.738,"currentZoomForScroll":1.7872024137934102,"maxScrollStepX":22,"maxScrollStepY":22,"diagonalEvents":2,"clippedEvents":0}
[DebugBridge +1338933.6ms] wheel_scroll_motion {"eventCount":2,"rawAbsX":14,"rawAbsY":8,"rawX":14,"rawY":-8,"clippedAbsX":14,"clippedAbsY":8,"clippedX":14,"clippedY":-8,"requestedAppliedX":10.332,"requestedAppliedY":-5.904,"appliedX":10.332,"appliedY":-5.904,"actualX":10,"actualY":-6,"sensitivity":0.738,"currentZoomForScroll":1.7872024137934102,"maxScrollStepX":22,"maxScrollStepY":22,"diagonalEvents":2,"clippedEvents":0}
[DebugBridge +1338973.1ms] wheel_scroll_motion {"eventCount":2,"rawAbsX":46,"rawAbsY":30,"rawX":46,"rawY":-30,"clippedAbsX":37.904953301246344,"clippedAbsY":30,"clippedX":37.904953301246344,"clippedY":-30,"requestedAppliedX":25.32406998268782,"requestedAppliedY":-20.0736,"appliedX":22,"appliedY":-20.0736,"actualX":22,"actualY":-20.5,"sensitivity":0.738,"currentZoomForScroll":1.7872024137934102,"maxScrollStepX":22,"maxScrollStepY":22,"diagonalEvents":2,"clippedEvents":1}
[DebugBridge +1338982.0ms] wheel_scroll_motion {"eventCount":2,"rawAbsX":10,"rawAbsY":6,"rawX":10,"rawY":-6,"clippedAbsX":10,"clippedAbsY":6,"clippedX":10,"clippedY":-6,"requestedAppliedX":7.38,"requestedAppliedY":-4.428,"appliedX":7.38,"appliedY":-4.428,"actualX":7,"actualY":-4.5,"sensitivity":0.738,"currentZoomForScroll":1.7872024137934102,"maxScrollStepX":22,"maxScrollStepY":22,"diagonalEvents":2,"clippedEvents":0}
[DebugBridge +1338991.6ms] wheel_scroll_motion {"eventCount":2,"rawAbsX":6,"rawAbsY":4,"rawX":6,"rawY":-4,"clippedAbsX":6,"clippedAbsY":4,"clippedX":6,"clippedY":-4,"requestedAppliedX":4.428,"requestedAppliedY":-2.952,"appliedX":4.428,"appliedY":-2.952,"actualX":4,"actualY":-3,"sensitivity":0.738,"currentZoomForScroll":1.7872024137934102,"maxScrollStepX":22,"maxScrollStepY":22,"diagonalEvents":2,"clippedEvents":0}
[DebugBridge +1338999.0ms] wheel_scroll_motion {"eventCount":2,"rawAbsX":4,"rawAbsY":4,"rawX":4,"rawY":-4,"clippedAbsX":4,"clippedAbsY":4,"clippedX":4,"clippedY":-4,"requestedAppliedX":2.952,"requestedAppliedY":-2.952,"appliedX":2.952,"appliedY":-2.952,"actualX":2.5,"actualY":-3,"sensitivity":0.738,"currentZoomForScroll":1.7872024137934102,"maxScrollStepX":22,"maxScrollStepY":22,"diagonalEvents":2,"clippedEvents":0}
[DebugBridge +1339007.6ms] wheel_scroll_motion {"eventCount":2,"rawAbsX":4,"rawAbsY":4,"rawX":4,"rawY":-4,"clippedAbsX":4,"clippedAbsY":4,"clippedX":4,"clippedY":-4,"requestedAppliedX":2.952,"requestedAppliedY":-2.952,"appliedX":2.952,"appliedY":-2.952,"actualX":2.5,"actualY":-3,"sensitivity":0.738,"currentZoomForScroll":1.7872024137934102,"maxScrollStepX":22,"maxScrollStepY":22,"diagonalEvents":2,"clippedEvents":0}
[DebugBridge +1339015.6ms] wheel_scroll_motion {"eventCount":2,"rawAbsX":4,"rawAbsY":2,"rawX":4,"rawY":-2,"clippedAbsX":4,"clippedAbsY":2,"clippedX":4,"clippedY":-2,"requestedAppliedX":3.1159999999999997,"requestedAppliedY":-1.476,"appliedX":3.1159999999999997,"appliedY":-1.476,"actualX":3,"actualY":-1.5,"sensitivity":0.82,"currentZoomForScroll":1.7872024137934102,"maxScrollStepX":22,"maxScrollStepY":22,"diagonalEvents":1,"clippedEvents":0}
[DebugBridge +1339023.9ms] wheel_scroll_motion {"eventCount":1,"rawAbsX":4,"rawAbsY":4,"rawX":4,"rawY":-4,"clippedAbsX":4,"clippedAbsY":4,"clippedX":4,"clippedY":-4,"requestedAppliedX":2.952,"requestedAppliedY":-2.952,"appliedX":2.952,"appliedY":-2.952,"actualX":2.5,"actualY":-3,"sensitivity":0.738,"currentZoomForScroll":1.7872024137934102,"maxScrollStepX":22,"maxScrollStepY":22,"diagonalEvents":1,"clippedEvents":0}
[DebugBridge +1339048.3ms] wheel_scroll_motion {"eventCount":1,"rawAbsX":2,"rawAbsY":0,"rawX":2,"rawY":0,"clippedAbsX":2,"clippedAbsY":0,"clippedX":2,"clippedY":0,"requestedAppliedX":1.64,"requestedAppliedY":0,"appliedX":1.64,"appliedY":0,"actualX":1.5,"actualY":0,"sensitivity":0.82,"currentZoomForScroll":1.7872024137934102,"maxScrollStepX":22,"maxScrollStepY":22,"diagonalEvents":0,"clippedEvents":0}
[DebugBridge +1339090.9ms] wheel_scroll_motion {"eventCount":1,"rawAbsX":2,"rawAbsY":0,"rawX":2,"rawY":0,"clippedAbsX":2,"clippedAbsY":0,"clippedX":2,"clippedY":0,"requestedAppliedX":1.64,"requestedAppliedY":0,"appliedX":1.64,"appliedY":0,"actualX":1.5,"actualY":0,"sensitivity":0.82,"currentZoomForScroll":1.7872024137934102,"maxScrollStepX":22,"maxScrollStepY":22,"diagonalEvents":0,"clippedEvents":0}
[DebugBridge +1339097.9ms] wheel_scroll_motion {"eventCount":1,"rawAbsX":2,"rawAbsY":0,"rawX":2,"rawY":0,"clippedAbsX":2,"clippedAbsY":0,"clippedX":2,"clippedY":0,"requestedAppliedX":1.64,"requestedAppliedY":0,"appliedX":1.64,"appliedY":0,"actualX":1.5,"actualY":0,"sensitivity":0.82,"currentZoomForScroll":1.7872024137934102,"maxScrollStepX":22,"maxScrollStepY":22,"diagonalEvents":0,"clippedEvents":0}
[DebugBridge +1339133.0ms] wheel_scroll_motion {"eventCount":2,"rawAbsX":0,"rawAbsY":4,"rawX":0,"rawY":4,"clippedAbsX":0,"clippedAbsY":4,"clippedX":0,"clippedY":4,"requestedAppliedX":0,"requestedAppliedY":3.28,"appliedX":0,"appliedY":3.28,"actualX":0,"actualY":3,"sensitivity":0.82,"currentZoomForScroll":1.7872024137934102,"maxScrollStepX":22,"maxScrollStepY":22,"diagonalEvents":0,"clippedEvents":0}
[DebugBridge +1339148.3ms] wheel_scroll_motion {"eventCount":2,"rawAbsX":0,"rawAbsY":4,"rawX":0,"rawY":4,"clippedAbsX":0,"clippedAbsY":4,"clippedX":0,"clippedY":4,"requestedAppliedX":0,"requestedAppliedY":3.28,"appliedX":0,"appliedY":3.28,"actualX":0,"actualY":3,"sensitivity":0.82,"currentZoomForScroll":1.7872024137934102,"maxScrollStepX":22,"maxScrollStepY":22,"diagonalEvents":0,"clippedEvents":0}
[DebugBridge +1339157.2ms] wheel_scroll_motion {"eventCount":1,"rawAbsX":0,"rawAbsY":2,"rawX":0,"rawY":2,"clippedAbsX":0,"clippedAbsY":2,"clippedX":0,"clippedY":2,"requestedAppliedX":0,"requestedAppliedY":1.64,"appliedX":0,"appliedY":1.64,"actualX":0,"actualY":1.5,"sensitivity":0.82,"currentZoomForScroll":1.7872024137934102,"maxScrollStepX":22,"maxScrollStepY":22,"diagonalEvents":0,"clippedEvents":0}
[DebugBridge +1339168.4ms] wheel_scroll_motion {"eventCount":1,"rawAbsX":0,"rawAbsY":2,"rawX":0,"rawY":2,"clippedAbsX":0,"clippedAbsY":2,"clippedX":0,"clippedY":2,"requestedAppliedX":0,"requestedAppliedY":1.64,"appliedX":0,"appliedY":1.64,"actualX":0,"actualY":1.5,"sensitivity":0.82,"currentZoomForScroll":1.7872024137934102,"maxScrollStepX":22,"maxScrollStepY":22,"diagonalEvents":0,"clippedEvents":0}
[DebugBridge +1339174.8ms] wheel_scroll_motion {"eventCount":1,"rawAbsX":0,"rawAbsY":2,"rawX":0,"rawY":2,"clippedAbsX":0,"clippedAbsY":2,"clippedX":0,"clippedY":2,"requestedAppliedX":0,"requestedAppliedY":1.64,"appliedX":0,"appliedY":1.64,"actualX":0,"actualY":1.5,"sensitivity":0.82,"currentZoomForScroll":1.7872024137934102,"maxScrollStepX":22,"maxScrollStepY":22,"diagonalEvents":0,"clippedEvents":0}
[DebugBridge +1339630.3ms] page_motion_snapshot_hide {"page":6,"reason":"syncfusion-wheel-scroll"}
[DebugBridge +1339630.4ms] page_motion_snapshot_hide {"page":7,"reason":"syncfusion-wheel-scroll"}
[DebugBridge +1339630.5ms] page_motion_snapshot_hide {"page":5,"reason":"syncfusion-wheel-scroll"}
[DebugBridge +1339630.6ms] page_motion_snapshot_hide {"page":8,"reason":"syncfusion-wheel-scroll"}
[DebugBridge +1339630.7ms] page_motion_snapshot_hide {"page":4,"reason":"syncfusion-wheel-scroll"}
[DebugBridge +1339630.7ms] page_motion_snapshot_hide {"page":3,"reason":"syncfusion-wheel-scroll"}
[DebugBridge +1339630.8ms] page_motion_snapshot_hide {"page":2,"reason":"syncfusion-wheel-scroll"}
[DebugBridge +1339630.9ms] page_motion_snapshot_hide {"page":1,"reason":"syncfusion-wheel-scroll"}
[DebugBridge +1340430.0ms] page_motion_snapshot_show {"page":6,"reason":"overlay-wheel-zoom","surfaces":6,"width":2917,"height":1887,"dpr":0.74}
[DebugBridge +1340499.9ms] page_motion_snapshot_show {"page":7,"reason":"overlay-wheel-zoom","surfaces":6,"width":2917,"height":1887,"dpr":0.74}
[DebugBridge +1340605.2ms] page_motion_snapshot_show {"page":5,"reason":"overlay-wheel-zoom","surfaces":6,"width":2917,"height":1887,"dpr":0.74}
[DebugBridge +1340673.4ms] page_motion_snapshot_show {"page":8,"reason":"overlay-wheel-zoom","surfaces":6,"width":2917,"height":1887,"dpr":0.74}
[DebugBridge +1340673.5ms] page_motion_snapshot_batch {"reason":"overlay-wheel-zoom","requested":4,"captured":4}
[DebugBridge +1340700.9ms] zoom_wheel_request {"rawDeltaY":179.17281341552734,"reportedZoom":178,"trustedReactZoom":178.72024137934102,"currentZoom":178.72024137934102,"reportedCurrentZoom":178,"nextZoom":202.72024137934102,"requestedDeltaAbs":24,"reportedLagAbs":0.7202413793410187,"rawGetZoomValue":178,"rawViewerZoomValue":178,"rawMagnificationZoom":null,"correctedSuspiciousZoom":false}
[DebugBridge +1340701.1ms] zoom_start {"scale":1.7872024137934102,"source":"overlay_wheel_zoom_pre","reportedScale":1.78,"correctedSuspiciousZoom":false}
[DebugBridge +1341216.1ms] zoom_wheel_request {"rawDeltaY":3.958371162414551,"reportedZoom":202,"trustedReactZoom":202.72024137934102,"currentZoom":202.72024137934102,"reportedCurrentZoom":202,"nextZoom":204.49332284652797,"requestedDeltaAbs":1.7730814671869553,"reportedLagAbs":0.7202413793410187,"rawGetZoomValue":202,"rawViewerZoomValue":202,"rawMagnificationZoom":null,"correctedSuspiciousZoom":false}
[DebugBridge +1341240.5ms] zoom_wheel_request {"rawDeltaY":6.588873386383057,"reportedZoom":204,"trustedReactZoom":204.493322846528,"currentZoom":204.493322846528,"reportedCurrentZoom":204,"nextZoom":207.47914846221065,"requestedDeltaAbs":2.985825615682643,"reportedLagAbs":0.4933228465280024,"rawGetZoomValue":204,"rawViewerZoomValue":204,"rawMagnificationZoom":null,"correctedSuspiciousZoom":false}
[DebugBridge +1341264.3ms] zoom_wheel_request {"rawDeltaY":18.754547119140625,"reportedZoom":207,"trustedReactZoom":207.47914846221062,"currentZoom":207.47914846221062,"reportedCurrentZoom":207,"nextZoom":216.21879805368025,"requestedDeltaAbs":8.739649591469629,"reportedLagAbs":0.4791484622106168,"rawGetZoomValue":207,"rawViewerZoomValue":207,"rawMagnificationZoom":null,"correctedSuspiciousZoom":false}
[DebugBridge +1341290.9ms] zoom_wheel_request {"rawDeltaY":41.70677185058594,"reportedZoom":216,"trustedReactZoom":216.21879805368022,"currentZoom":216.21879805368022,"reportedCurrentZoom":216,"nextZoom":236.99658861832157,"requestedDeltaAbs":20.77779056464135,"reportedLagAbs":0.2187980536802172,"rawGetZoomValue":216,"rawViewerZoomValue":216,"rawMagnificationZoom":null,"correctedSuspiciousZoom":false}
[DebugBridge +1341311.9ms] zoom_wheel_request {"rawDeltaY":36.9188232421875,"reportedZoom":236,"trustedReactZoom":236.99658861832157,"currentZoom":236.99658861832157,"reportedCurrentZoom":236,"nextZoom":257.0491105178811,"requestedDeltaAbs":20.052521899559537,"reportedLagAbs":0.9965886183215673,"rawGetZoomValue":236,"rawViewerZoomValue":236,"rawMagnificationZoom":null,"correctedSuspiciousZoom":false}
[DebugBridge +1341335.9ms] zoom_wheel_request {"rawDeltaY":25.297916412353516,"reportedZoom":257,"trustedReactZoom":257.0491105178811,"currentZoom":257.0491105178811,"reportedCurrentZoom":257,"nextZoom":271.76088333113887,"requestedDeltaAbs":14.711772813257767,"reportedLagAbs":0.04911051788110399,"rawGetZoomValue":257,"rawViewerZoomValue":257,"rawMagnificationZoom":null,"correctedSuspiciousZoom":false}
[DebugBridge +1341361.5ms] zoom_wheel_request {"rawDeltaY":23.718666076660156,"reportedZoom":271,"trustedReactZoom":271.76088333113887,"currentZoom":271.76088333113887,"reportedCurrentZoom":271,"nextZoom":286.3181598750563,"requestedDeltaAbs":14.557276543917453,"reportedLagAbs":0.7608833311388707,"rawGetZoomValue":271,"rawViewerZoomValue":271,"rawMagnificationZoom":null,"correctedSuspiciousZoom":false}
[DebugBridge +1341382.3ms] zoom_wheel_request {"rawDeltaY":13.695801734924316,"reportedZoom":286,"trustedReactZoom":286.3181598750563,"currentZoom":286.3181598750563,"reportedCurrentZoom":286,"nextZoom":295.0764287938945,"requestedDeltaAbs":8.758268918838155,"reportedLagAbs":0.3181598750563239,"rawGetZoomValue":286,"rawViewerZoomValue":286,"rawMagnificationZoom":null,"correctedSuspiciousZoom":false}
[DebugBridge +1341403.6ms] zoom_wheel_request {"rawDeltaY":7.161438465118408,"reportedZoom":295,"trustedReactZoom":295.0764287938945,"currentZoom":295.0764287938945,"reportedCurrentZoom":295,"nextZoom":299.76222230277455,"requestedDeltaAbs":4.685793508880067,"reportedLagAbs":0.07642879389447899,"rawGetZoomValue":295,"rawViewerZoomValue":295,"rawMagnificationZoom":null,"correctedSuspiciousZoom":false}
[DebugBridge +1341425.2ms] zoom_wheel_request {"rawDeltaY":3.1855173110961914,"reportedZoom":299,"trustedReactZoom":299.76222230277455,"currentZoom":299.76222230277455,"reportedCurrentZoom":299,"nextZoom":301.870375836382,"requestedDeltaAbs":2.1081535336074353,"reportedLagAbs":0.7622223027745463,"rawGetZoomValue":299,"rawViewerZoomValue":299,"rawMagnificationZoom":null,"correctedSuspiciousZoom":false}
[DebugBridge +1341820.0ms] zoom_wheel_request {"rawDeltaY":3.7637996673583984,"reportedZoom":301,"trustedReactZoom":301.870375836382,"currentZoom":301.870375836382,"reportedCurrentZoom":301,"nextZoom":304.3803483968038,"requestedDeltaAbs":2.5099725604218293,"reportedLagAbs":0.8703758363819816,"rawGetZoomValue":301,"rawViewerZoomValue":301,"rawMagnificationZoom":null,"correctedSuspiciousZoom":false}
[DebugBridge +1341842.6ms] zoom_wheel_request {"rawDeltaY":6.104017734527588,"reportedZoom":304,"trustedReactZoom":304.3803483968038,"currentZoom":304.3803483968038,"reportedCurrentZoom":304,"nextZoom":308.495391380032,"requestedDeltaAbs":4.115042983228193,"reportedLagAbs":0.38034839680381083,"rawGetZoomValue":304,"rawViewerZoomValue":304,"rawMagnificationZoom":null,"correctedSuspiciousZoom":false}
[DebugBridge +1341868.9ms] zoom_wheel_request {"rawDeltaY":11.242504119873047,"reportedZoom":308,"trustedReactZoom":308.495391380032,"currentZoom":308.495391380032,"reportedCurrentZoom":308,"nextZoom":316.2207082118593,"requestedDeltaAbs":7.725316831827286,"reportedLagAbs":0.4953913800320038,"rawGetZoomValue":308,"rawViewerZoomValue":308,"rawMagnificationZoom":null,"correctedSuspiciousZoom":false}
[DebugBridge +1341891.3ms] zoom_wheel_request {"rawDeltaY":29.744535446166992,"reportedZoom":316,"trustedReactZoom":316.2207082118593,"currentZoom":316.2207082118593,"reportedCurrentZoom":316,"nextZoom":337.60561391497146,"requestedDeltaAbs":21.384905703112167,"reportedLagAbs":0.22070821185928935,"rawGetZoomValue":316,"rawViewerZoomValue":316,"rawMagnificationZoom":null,"correctedSuspiciousZoom":false}
[DebugBridge +1341915.6ms] zoom_wheel_request {"rawDeltaY":27.73482894897461,"reportedZoom":337,"trustedReactZoom":337.60561391497146,"currentZoom":337.60561391497146,"reportedCurrentZoom":337,"nextZoom":358.84660575806396,"requestedDeltaAbs":21.2409918430925,"reportedLagAbs":0.6056139149714568,"rawGetZoomValue":337,"rawViewerZoomValue":337,"rawMagnificationZoom":null,"correctedSuspiciousZoom":false}
[DebugBridge +1341976.1ms] zoom_wheel_request {"rawDeltaY":57.29642868041992,"reportedZoom":358,"trustedReactZoom":358.84660575806396,"currentZoom":358.84660575806396,"reportedCurrentZoom":358,"nextZoom":382.84660575806396,"requestedDeltaAbs":24,"reportedLagAbs":0.8466057580639585,"rawGetZoomValue":358,"rawViewerZoomValue":358,"rawMagnificationZoom":null,"correctedSuspiciousZoom":false}
[DebugBridge +1341993.4ms] zoom_wheel_request {"rawDeltaY":19.34767723083496,"reportedZoom":382,"trustedReactZoom":382.84660575806396,"currentZoom":382.84660575806396,"reportedCurrentZoom":382,"nextZoom":399.4942178780499,"requestedDeltaAbs":16.647612119985922,"reportedLagAbs":0.8466057580639585,"rawGetZoomValue":382,"rawViewerZoomValue":382,"rawMagnificationZoom":null,"correctedSuspiciousZoom":false}
[DebugBridge +1342013.3ms] zoom_wheel_request {"rawDeltaY":5.834496974945068,"reportedZoom":399,"trustedReactZoom":399.4942178780499,"currentZoom":399.4942178780499,"reportedCurrentZoom":399,"nextZoom":400,"requestedDeltaAbs":0.5057821219501193,"reportedLagAbs":0.4942178780498807,"rawGetZoomValue":399,"rawViewerZoomValue":399,"rawMagnificationZoom":null,"correctedSuspiciousZoom":false}
[DebugBridge +1342070.2ms] zoom_wheel_request {"rawDeltaY":13.044879913330078,"reportedZoom":400,"trustedReactZoom":400,"currentZoom":400,"reportedCurrentZoom":400,"nextZoom":400,"requestedDeltaAbs":0,"reportedLagAbs":0,"rawGetZoomValue":400,"rawViewerZoomValue":400,"rawMagnificationZoom":null,"correctedSuspiciousZoom":false}
[DebugBridge +1342615.5ms] page_motion_snapshot_hide {"page":6,"reason":"syncfusion-scroll"}
[DebugBridge +1342615.7ms] page_motion_snapshot_hide {"page":5,"reason":"syncfusion-scroll"}
[DebugBridge +1342615.8ms] page_motion_snapshot_hide {"page":7,"reason":"syncfusion-scroll"}
[DebugBridge +1342615.9ms] page_motion_snapshot_hide {"page":4,"reason":"syncfusion-scroll"}
[DebugBridge +1342619.1ms] page_motion_snapshot_hide {"page":8,"reason":"syncfusion-scroll"}
[DebugBridge +1342619.3ms] page_motion_snapshot_hide {"page":3,"reason":"syncfusion-scroll"}
[DebugBridge +1342619.4ms] page_motion_snapshot_hide {"page":2,"reason":"syncfusion-scroll"}
[DebugBridge +1342619.5ms] page_motion_snapshot_hide {"page":1,"reason":"syncfusion-scroll"}
[DebugBridge +1343030.3ms] zoom_end {"source":"zoomChange_settle"}
[DebugBridge +1343707.2ms] wheel_scroll_motion {"eventCount":1,"rawAbsX":2,"rawAbsY":0,"rawX":2,"rawY":0,"clippedAbsX":2,"clippedAbsY":0,"clippedX":2,"clippedY":0,"requestedAppliedX":1.64,"requestedAppliedY":0,"appliedX":1.64,"appliedY":0,"actualX":1.5,"actualY":0,"sensitivity":0.82,"currentZoomForScroll":4,"maxScrollStepX":22,"maxScrollStepY":22,"diagonalEvents":0,"clippedEvents":0}
[DebugBridge +1343927.4ms] page_motion_snapshot_show {"page":6,"reason":"syncfusion-wheel-scroll","surfaces":6,"width":6528,"height":4224,"dpr":0.5}
[DebugBridge +1344119.5ms] page_motion_snapshot_show {"page":5,"reason":"syncfusion-wheel-scroll","surfaces":6,"width":6528,"height":4224,"dpr":0.5}
[DebugBridge +1344266.9ms] page_motion_snapshot_show {"page":7,"reason":"syncfusion-wheel-scroll","surfaces":6,"width":6528,"height":4224,"dpr":0.5}
[DebugBridge +1344389.6ms] page_motion_snapshot_show {"page":4,"reason":"syncfusion-wheel-scroll","surfaces":6,"width":6528,"height":4224,"dpr":0.5}
[DebugBridge +1344389.7ms] page_motion_snapshot_batch {"reason":"syncfusion-wheel-scroll","requested":4,"captured":4}
[DebugBridge +1344453.6ms] wheel_scroll_motion {"eventCount":1,"rawAbsX":4,"rawAbsY":0,"rawX":4,"rawY":0,"clippedAbsX":4,"clippedAbsY":0,"clippedX":4,"clippedY":0,"requestedAppliedX":3.28,"requestedAppliedY":0,"appliedX":3.28,"appliedY":0,"actualX":3,"actualY":0,"sensitivity":0.82,"currentZoomForScroll":4,"maxScrollStepX":22,"maxScrollStepY":22,"diagonalEvents":0,"clippedEvents":0}
[DebugBridge +1344633.1ms] page_motion_snapshot_show {"page":6,"reason":"syncfusion-wheel-scroll","surfaces":6,"width":6528,"height":4224,"dpr":0.5}
[DebugBridge +1344765.5ms] page_motion_snapshot_show {"page":5,"reason":"syncfusion-wheel-scroll","surfaces":6,"width":6528,"height":4224,"dpr":0.5}
[DebugBridge +1344900.3ms] page_motion_snapshot_show {"page":7,"reason":"syncfusion-wheel-scroll","surfaces":6,"width":6528,"height":4224,"dpr":0.5}
[DebugBridge +1344982.2ms] page_motion_snapshot_show {"page":4,"reason":"syncfusion-wheel-scroll","surfaces":6,"width":6528,"height":4224,"dpr":0.5}
[DebugBridge +1344982.3ms] page_motion_snapshot_batch {"reason":"syncfusion-wheel-scroll","requested":4,"captured":4}
[DebugBridge +1345183.0ms] page_motion_snapshot_show {"page":6,"reason":"syncfusion-scroll","surfaces":6,"width":6528,"height":4224,"dpr":0.5}
[DebugBridge +1345338.2ms] page_motion_snapshot_show {"page":5,"reason":"syncfusion-scroll","surfaces":6,"width":6528,"height":4224,"dpr":0.5}
[DebugBridge +1345470.2ms] page_motion_snapshot_show {"page":7,"reason":"syncfusion-scroll","surfaces":6,"width":6528,"height":4224,"dpr":0.5}
[DebugBridge +1345557.7ms] page_motion_snapshot_show {"page":4,"reason":"syncfusion-scroll","surfaces":6,"width":6528,"height":4224,"dpr":0.5}
[DebugBridge +1345557.8ms] page_motion_snapshot_batch {"reason":"syncfusion-scroll","requested":4,"captured":4}
[DebugBridge +1345667.7ms] wheel_scroll_motion {"eventCount":1,"rawAbsX":238,"rawAbsY":42,"rawX":238,"rawY":-42,"clippedAbsX":24,"clippedAbsY":24,"clippedX":24,"clippedY":-24,"requestedAppliedX":15.9408,"requestedAppliedY":-15.9408,"appliedX":15.9408,"appliedY":-15.9408,"actualX":15.5,"actualY":-16,"sensitivity":0.6642,"currentZoomForScroll":4,"maxScrollStepX":22,"maxScrollStepY":22,"diagonalEvents":1,"clippedEvents":1}
[DebugBridge +1345883.0ms] page_motion_snapshot_show {"page":6,"reason":"syncfusion-wheel-scroll","surfaces":6,"width":6528,"height":4224,"dpr":0.5}
[DebugBridge +1346054.6ms] page_motion_snapshot_show {"page":5,"reason":"syncfusion-wheel-scroll","surfaces":6,"width":6528,"height":4224,"dpr":0.5}
[DebugBridge +1346236.7ms] page_motion_snapshot_show {"page":7,"reason":"syncfusion-wheel-scroll","surfaces":6,"width":6528,"height":4224,"dpr":0.5}
[DebugBridge +1346340.9ms] page_motion_snapshot_show {"page":4,"reason":"syncfusion-wheel-scroll","surfaces":6,"width":6528,"height":4224,"dpr":0.5}
[DebugBridge +1346341.1ms] page_motion_snapshot_batch {"reason":"syncfusion-wheel-scroll","requested":4,"captured":4}
[DebugBridge +1346557.2ms] page_motion_snapshot_show {"page":6,"reason":"syncfusion-scroll","surfaces":6,"width":6528,"height":4224,"dpr":0.5}
[DebugBridge +1346712.8ms] page_motion_snapshot_show {"page":5,"reason":"syncfusion-scroll","surfaces":6,"width":6528,"height":4224,"dpr":0.5}
[DebugBridge +1346856.7ms] page_motion_snapshot_show {"page":7,"reason":"syncfusion-scroll","surfaces":6,"width":6528,"height":4224,"dpr":0.5}
[DebugBridge +1346933.0ms] page_motion_snapshot_show {"page":4,"reason":"syncfusion-scroll","surfaces":6,"width":6528,"height":4224,"dpr":0.5}
[DebugBridge +1346933.2ms] page_motion_snapshot_batch {"reason":"syncfusion-scroll","requested":4,"captured":4}
[DebugBridge +1347076.7ms] wheel_scroll_motion {"eventCount":1,"rawAbsX":2,"rawAbsY":0,"rawX":2,"rawY":0,"clippedAbsX":2,"clippedAbsY":0,"clippedX":2,"clippedY":0,"requestedAppliedX":1.64,"requestedAppliedY":0,"appliedX":1.64,"appliedY":0,"actualX":1.5,"actualY":0,"sensitivity":0.82,"currentZoomForScroll":4,"maxScrollStepX":22,"maxScrollStepY":22,"diagonalEvents":0,"clippedEvents":0}
[DebugBridge +1347275.3ms] page_motion_snapshot_show {"page":6,"reason":"syncfusion-wheel-scroll","surfaces":6,"width":6528,"height":4224,"dpr":0.5}
[DebugBridge +1347412.9ms] page_motion_snapshot_show {"page":5,"reason":"syncfusion-wheel-scroll","surfaces":6,"width":6528,"height":4224,"dpr":0.5}
[DebugBridge +1347547.0ms] page_motion_snapshot_show {"page":7,"reason":"syncfusion-wheel-scroll","surfaces":6,"width":6528,"height":4224,"dpr":0.5}
[DebugBridge +1347633.4ms] page_motion_snapshot_show {"page":4,"reason":"syncfusion-wheel-scroll","surfaces":6,"width":6528,"height":4224,"dpr":0.5}
[DebugBridge +1347633.5ms] page_motion_snapshot_batch {"reason":"syncfusion-wheel-scroll","requested":4,"captured":4}
[DebugBridge +1347812.1ms] page_motion_snapshot_show {"page":6,"reason":"syncfusion-scroll","surfaces":6,"width":6528,"height":4224,"dpr":0.5}
[DebugBridge +1347971.5ms] page_motion_snapshot_show {"page":5,"reason":"syncfusion-scroll","surfaces":6,"width":6528,"height":4224,"dpr":0.5}
[DebugBridge +1348102.5ms] page_motion_snapshot_show {"page":7,"reason":"syncfusion-scroll","surfaces":6,"width":6528,"height":4224,"dpr":0.5}
[DebugBridge +1348178.5ms] page_motion_snapshot_show {"page":4,"reason":"syncfusion-scroll","surfaces":6,"width":6528,"height":4224,"dpr":0.5}
[DebugBridge +1348178.6ms] page_motion_snapshot_batch {"reason":"syncfusion-scroll","requested":4,"captured":4}
[DebugBridge +1348233.9ms] wheel_scroll_motion {"eventCount":1,"rawAbsX":296,"rawAbsY":28,"rawX":296,"rawY":-28,"clippedAbsX":24,"clippedAbsY":24,"clippedX":24,"clippedY":-24,"requestedAppliedX":15.9408,"requestedAppliedY":-15.9408,"appliedX":15.9408,"appliedY":-15.9408,"actualX":15.5,"actualY":-16,"sensitivity":0.6642,"currentZoomForScroll":4,"maxScrollStepX":22,"maxScrollStepY":22,"diagonalEvents":1,"clippedEvents":1}
[DebugBridge +1348371.7ms] page_motion_snapshot_show {"page":6,"reason":"syncfusion-wheel-scroll","surfaces":6,"width":6528,"height":4224,"dpr":0.5}
[DebugBridge +1348494.4ms] page_motion_snapshot_show {"page":5,"reason":"syncfusion-wheel-scroll","surfaces":6,"width":6528,"height":4224,"dpr":0.5}
[DebugBridge +1348625.9ms] page_motion_snapshot_show {"page":7,"reason":"syncfusion-wheel-scroll","surfaces":6,"width":6528,"height":4224,"dpr":0.5}
[DebugBridge +1348729.9ms] page_motion_snapshot_show {"page":4,"reason":"syncfusion-wheel-scroll","surfaces":6,"width":6528,"height":4224,"dpr":0.5}
[DebugBridge +1348730.1ms] page_motion_snapshot_batch {"reason":"syncfusion-wheel-scroll","requested":4,"captured":4}
[DebugBridge +1348935.2ms] page_motion_snapshot_show {"page":6,"reason":"syncfusion-scroll","surfaces":6,"width":6528,"height":4224,"dpr":0.5}
[DebugBridge +1349107.3ms] page_motion_snapshot_show {"page":5,"reason":"syncfusion-scroll","surfaces":6,"width":6528,"height":4224,"dpr":0.5}
[DebugBridge +1349253.9ms] page_motion_snapshot_show {"page":7,"reason":"syncfusion-scroll","surfaces":6,"width":6528,"height":4224,"dpr":0.5}
[DebugBridge +1349335.3ms] page_motion_snapshot_show {"page":4,"reason":"syncfusion-scroll","surfaces":6,"width":6528,"height":4224,"dpr":0.5}
[DebugBridge +1349335.4ms] page_motion_snapshot_batch {"reason":"syncfusion-scroll","requested":4,"captured":4}
[DebugBridge +1349546.2ms] page_motion_snapshot_show {"page":6,"reason":"syncfusion-scroll","surfaces":6,"width":6528,"height":4224,"dpr":0.5}
[DebugBridge +1349673.5ms] page_motion_snapshot_show {"page":5,"reason":"syncfusion-scroll","surfaces":6,"width":6528,"height":4224,"dpr":0.5}
[DebugBridge +1349795.7ms] page_motion_snapshot_show {"page":7,"reason":"syncfusion-scroll","surfaces":6,"width":6528,"height":4224,"dpr":0.5}
[DebugBridge +1349876.3ms] page_motion_snapshot_show {"page":4,"reason":"syncfusion-scroll","surfaces":6,"width":6528,"height":4224,"dpr":0.5}
[DebugBridge +1349876.5ms] page_motion_snapshot_batch {"reason":"syncfusion-scroll","requested":4,"captured":4}
[DebugBridge +1350364.6ms] page_motion_snapshot_hide {"page":6,"reason":"syncfusion-scroll"}
[DebugBridge +1350365.3ms] page_motion_snapshot_hide {"page":5,"reason":"syncfusion-scroll"}
[DebugBridge +1350365.5ms] page_motion_snapshot_hide {"page":7,"reason":"syncfusion-scroll"}
[DebugBridge +1350365.7ms] page_motion_snapshot_hide {"page":4,"reason":"syncfusion-scroll"}
[DebugBridge +1350365.9ms] page_motion_snapshot_hide {"page":8,"reason":"syncfusion-scroll"}
[DebugBridge +1350366.0ms] page_motion_snapshot_hide {"page":3,"reason":"syncfusion-scroll"}
[DebugBridge +1350375.0ms] page_motion_snapshot_hide {"page":2,"reason":"syncfusion-scroll"}
[DebugBridge +1350375.9ms] page_motion_snapshot_hide {"page":1,"reason":"syncfusion-scroll"}
[DebugBridge +1352314.2ms] page_motion_snapshot_show {"page":6,"reason":"overlay-wheel-zoom","surfaces":6,"width":6528,"height":4224,"dpr":0.5}
[DebugBridge +1352513.4ms] page_motion_snapshot_show {"page":5,"reason":"overlay-wheel-zoom","surfaces":6,"width":6528,"height":4224,"dpr":0.5}
[DebugBridge +1352688.8ms] page_motion_snapshot_show {"page":7,"reason":"overlay-wheel-zoom","surfaces":6,"width":6528,"height":4224,"dpr":0.5}
[DebugBridge +1352786.6ms] page_motion_snapshot_show {"page":4,"reason":"overlay-wheel-zoom","surfaces":6,"width":6528,"height":4224,"dpr":0.5}
[DebugBridge +1352786.8ms] page_motion_snapshot_batch {"reason":"overlay-wheel-zoom","requested":4,"captured":4}
[DebugBridge +1352813.3ms] zoom_wheel_request {"rawDeltaY":3.5660412311553955,"reportedZoom":400,"trustedReactZoom":400,"currentZoom":400,"reportedCurrentZoom":400,"nextZoom":400,"requestedDeltaAbs":0,"reportedLagAbs":0,"rawGetZoomValue":400,"rawViewerZoomValue":400,"rawMagnificationZoom":null,"correctedSuspiciousZoom":false}
[DebugBridge +1353124.3ms] page_motion_snapshot_show {"page":6,"reason":"overlay-wheel-zoom","surfaces":6,"width":6528,"height":4224,"dpr":0.5}
[DebugBridge +1353276.7ms] page_motion_snapshot_show {"page":5,"reason":"overlay-wheel-zoom","surfaces":6,"width":6528,"height":4224,"dpr":0.5}
[DebugBridge +1353371.1ms] page_motion_snapshot_show {"page":7,"reason":"overlay-wheel-zoom","surfaces":6,"width":6528,"height":4224,"dpr":0.5}
[DebugBridge +1353463.5ms] page_motion_snapshot_show {"page":4,"reason":"overlay-wheel-zoom","surfaces":6,"width":6528,"height":4224,"dpr":0.5}
[DebugBridge +1353463.6ms] page_motion_snapshot_batch {"reason":"overlay-wheel-zoom","requested":4,"captured":4}
[DebugBridge +1353470.0ms] zoom_wheel_request {"rawDeltaY":157.4371337890625,"reportedZoom":400,"trustedReactZoom":400,"currentZoom":400,"reportedCurrentZoom":400,"nextZoom":400,"requestedDeltaAbs":0,"reportedLagAbs":0,"rawGetZoomValue":400,"rawViewerZoomValue":400,"rawMagnificationZoom":null,"correctedSuspiciousZoom":false}
[DebugBridge +1353624.7ms] page_motion_snapshot_show {"page":6,"reason":"overlay-wheel-zoom","surfaces":6,"width":6528,"height":4224,"dpr":0.5}
[DebugBridge +1353734.7ms] page_motion_snapshot_show {"page":5,"reason":"overlay-wheel-zoom","surfaces":6,"width":6528,"height":4224,"dpr":0.5}
[DebugBridge +1353820.9ms] page_motion_snapshot_show {"page":7,"reason":"overlay-wheel-zoom","surfaces":6,"width":6528,"height":4224,"dpr":0.5}
[DebugBridge +1353868.4ms] page_motion_snapshot_show {"page":4,"reason":"overlay-wheel-zoom","surfaces":6,"width":6528,"height":4224,"dpr":0.5}
[DebugBridge +1353868.6ms] page_motion_snapshot_batch {"reason":"overlay-wheel-zoom","requested":4,"captured":4}
[DebugBridge +1353870.8ms] zoom_wheel_request {"rawDeltaY":173.43124389648438,"reportedZoom":400,"trustedReactZoom":400,"currentZoom":400,"reportedCurrentZoom":400,"nextZoom":400,"requestedDeltaAbs":0,"reportedLagAbs":0,"rawGetZoomValue":400,"rawViewerZoomValue":400,"rawMagnificationZoom":null,"correctedSuspiciousZoom":false}
[DebugBridge +1353872.9ms] zoom_wheel_request {"rawDeltaY":148.9952850341797,"reportedZoom":400,"trustedReactZoom":400,"currentZoom":400,"reportedCurrentZoom":400,"nextZoom":400,"requestedDeltaAbs":0,"reportedLagAbs":0,"rawGetZoomValue":400,"rawViewerZoomValue":400,"rawMagnificationZoom":null,"correctedSuspiciousZoom":false}
[DebugBridge +1354144.3ms] zoom_wheel_request {"rawDeltaY":2.220415771007538,"reportedZoom":400,"trustedReactZoom":400,"currentZoom":400,"reportedCurrentZoom":400,"nextZoom":400,"requestedDeltaAbs":0,"reportedLagAbs":0,"rawGetZoomValue":400,"rawViewerZoomValue":400,"rawMagnificationZoom":null,"correctedSuspiciousZoom":false}
[DebugBridge +1354146.3ms] zoom_wheel_request {"rawDeltaY":3.682102918624878,"reportedZoom":400,"trustedReactZoom":400,"currentZoom":400,"reportedCurrentZoom":400,"nextZoom":400,"requestedDeltaAbs":0,"reportedLagAbs":0,"rawGetZoomValue":400,"rawViewerZoomValue":400,"rawMagnificationZoom":null,"correctedSuspiciousZoom":false}
[DebugBridge +1354597.8ms] zoom_wheel_request {"rawDeltaY":3.1729395389556885,"reportedZoom":400,"trustedReactZoom":400,"currentZoom":400,"reportedCurrentZoom":400,"nextZoom":400,"requestedDeltaAbs":0,"reportedLagAbs":0,"rawGetZoomValue":400,"rawViewerZoomValue":400,"rawMagnificationZoom":null,"correctedSuspiciousZoom":false}
[DebugBridge +1354599.7ms] zoom_wheel_request {"rawDeltaY":97.72874450683594,"reportedZoom":400,"trustedReactZoom":400,"currentZoom":400,"reportedCurrentZoom":400,"nextZoom":400,"requestedDeltaAbs":0,"reportedLagAbs":0,"rawGetZoomValue":400,"rawViewerZoomValue":400,"rawMagnificationZoom":null,"correctedSuspiciousZoom":false}
[DebugBridge +1354601.3ms] zoom_wheel_request {"rawDeltaY":8.21537971496582,"reportedZoom":400,"trustedReactZoom":400,"currentZoom":400,"reportedCurrentZoom":400,"nextZoom":400,"requestedDeltaAbs":0,"reportedLagAbs":0,"rawGetZoomValue":400,"rawViewerZoomValue":400,"rawMagnificationZoom":null,"correctedSuspiciousZoom":false}
[DebugBridge +1354635.8ms] zoom_wheel_request {"rawDeltaY":7.38379430770874,"reportedZoom":400,"trustedReactZoom":400,"currentZoom":400,"reportedCurrentZoom":400,"nextZoom":400,"requestedDeltaAbs":0,"reportedLagAbs":0,"rawGetZoomValue":400,"rawViewerZoomValue":400,"rawMagnificationZoom":null,"correctedSuspiciousZoom":false}
[DebugBridge +1354638.2ms] zoom_wheel_request {"rawDeltaY":17.737497329711914,"reportedZoom":400,"trustedReactZoom":400,"currentZoom":400,"reportedCurrentZoom":400,"nextZoom":400,"requestedDeltaAbs":0,"reportedLagAbs":0,"rawGetZoomValue":400,"rawViewerZoomValue":400,"rawMagnificationZoom":null,"correctedSuspiciousZoom":false}
[DebugBridge +1354670.1ms] zoom_wheel_request {"rawDeltaY":5.187265396118164,"reportedZoom":400,"trustedReactZoom":400,"currentZoom":400,"reportedCurrentZoom":400,"nextZoom":400,"requestedDeltaAbs":0,"reportedLagAbs":0,"rawGetZoomValue":400,"rawViewerZoomValue":400,"rawMagnificationZoom":null,"correctedSuspiciousZoom":false}
[DebugBridge +1354672.1ms] zoom_wheel_request {"rawDeltaY":14.674991607666016,"reportedZoom":400,"trustedReactZoom":400,"currentZoom":400,"reportedCurrentZoom":400,"nextZoom":400,"requestedDeltaAbs":0,"reportedLagAbs":0,"rawGetZoomValue":400,"rawViewerZoomValue":400,"rawMagnificationZoom":null,"correctedSuspiciousZoom":false}
[DebugBridge +1354704.7ms] zoom_wheel_request {"rawDeltaY":2.83080792427063,"reportedZoom":400,"trustedReactZoom":400,"currentZoom":400,"reportedCurrentZoom":400,"nextZoom":400,"requestedDeltaAbs":0,"reportedLagAbs":0,"rawGetZoomValue":400,"rawViewerZoomValue":400,"rawMagnificationZoom":null,"correctedSuspiciousZoom":false}
[DebugBridge +1354706.5ms] zoom_wheel_request {"rawDeltaY":5.847116947174072,"reportedZoom":400,"trustedReactZoom":400,"currentZoom":400,"reportedCurrentZoom":400,"nextZoom":400,"requestedDeltaAbs":0,"reportedLagAbs":0,"rawGetZoomValue":400,"rawViewerZoomValue":400,"rawMagnificationZoom":null,"correctedSuspiciousZoom":false}
[DebugBridge +1354735.2ms] zoom_wheel_request {"rawDeltaY":1.5290117859840393,"reportedZoom":400,"trustedReactZoom":400,"currentZoom":400,"reportedCurrentZoom":400,"nextZoom":400,"requestedDeltaAbs":0,"reportedLagAbs":0,"rawGetZoomValue":400,"rawViewerZoomValue":400,"rawMagnificationZoom":null,"correctedSuspiciousZoom":false}
[DebugBridge +1354736.9ms] zoom_wheel_request {"rawDeltaY":2.6808738708496094,"reportedZoom":400,"trustedReactZoom":400,"currentZoom":400,"reportedCurrentZoom":400,"nextZoom":400,"requestedDeltaAbs":0,"reportedLagAbs":0,"rawGetZoomValue":400,"rawViewerZoomValue":400,"rawMagnificationZoom":null,"correctedSuspiciousZoom":false}
[DebugBridge +1355218.6ms] page_motion_snapshot_hide {"page":6,"reason":"overlay-wheel-zoom"}
[DebugBridge +1355218.8ms] page_motion_snapshot_hide {"page":5,"reason":"overlay-wheel-zoom"}
[DebugBridge +1355218.9ms] page_motion_snapshot_hide {"page":7,"reason":"overlay-wheel-zoom"}
[DebugBridge +1355219.0ms] page_motion_snapshot_hide {"page":4,"reason":"overlay-wheel-zoom"}
[DebugBridge +1355220.6ms] page_motion_snapshot_hide {"page":8,"reason":"overlay-wheel-zoom"}
[DebugBridge +1355220.7ms] page_motion_snapshot_hide {"page":3,"reason":"overlay-wheel-zoom"}
[DebugBridge +1355220.8ms] page_motion_snapshot_hide {"page":2,"reason":"overlay-wheel-zoom"}
[DebugBridge +1355220.9ms] page_motion_snapshot_hide {"page":1,"reason":"overlay-wheel-zoom"}
[DebugBridge +1357279.8ms] page_motion_snapshot_show {"page":6,"reason":"overlay-wheel-zoom","surfaces":6,"width":6528,"height":4224,"dpr":0.5}
[DebugBridge +1357537.9ms] page_motion_snapshot_show {"page":5,"reason":"overlay-wheel-zoom","surfaces":6,"width":6528,"height":4224,"dpr":0.5}
[DebugBridge +1357814.9ms] page_motion_snapshot_show {"page":7,"reason":"overlay-wheel-zoom","surfaces":6,"width":6528,"height":4224,"dpr":0.5}
[DebugBridge +1357877.6ms] page_motion_snapshot_show {"page":4,"reason":"overlay-wheel-zoom","surfaces":6,"width":6528,"height":4224,"dpr":0.5}
[DebugBridge +1357878.0ms] page_motion_snapshot_batch {"reason":"overlay-wheel-zoom","requested":4,"captured":4}
[DebugBridge +1357891.8ms] zoom_wheel_request {"rawDeltaY":5.130765438079834,"reportedZoom":400,"trustedReactZoom":400,"currentZoom":400,"reportedCurrentZoom":400,"nextZoom":400,"requestedDeltaAbs":0,"reportedLagAbs":0,"rawGetZoomValue":400,"rawViewerZoomValue":400,"rawMagnificationZoom":null,"correctedSuspiciousZoom":false}
[DebugBridge +1358183.4ms] page_motion_snapshot_show {"page":6,"reason":"overlay-wheel-zoom","surfaces":6,"width":6528,"height":4224,"dpr":0.5}
[DebugBridge +1358442.0ms] page_motion_snapshot_show {"page":5,"reason":"overlay-wheel-zoom","surfaces":6,"width":6528,"height":4224,"dpr":0.5}
[DebugBridge +1358691.1ms] page_motion_snapshot_show {"page":7,"reason":"overlay-wheel-zoom","surfaces":6,"width":6528,"height":4224,"dpr":0.5}
[DebugBridge +1358754.1ms] page_motion_snapshot_show {"page":4,"reason":"overlay-wheel-zoom","surfaces":6,"width":6528,"height":4224,"dpr":0.5}
[DebugBridge +1358754.2ms] page_motion_snapshot_batch {"reason":"overlay-wheel-zoom","requested":4,"captured":4}
[DebugBridge +1358927.0ms] page_motion_snapshot_show {"page":6,"reason":"overlay-wheel-zoom","surfaces":6,"width":6528,"height":4224,"dpr":0.5}
[DebugBridge +1359096.5ms] page_motion_snapshot_show {"page":5,"reason":"overlay-wheel-zoom","surfaces":6,"width":6528,"height":4224,"dpr":0.5}
[DebugBridge +1359259.0ms] page_motion_snapshot_show {"page":7,"reason":"overlay-wheel-zoom","surfaces":6,"width":6528,"height":4224,"dpr":0.5}
[DebugBridge +1359322.9ms] page_motion_snapshot_show {"page":4,"reason":"overlay-wheel-zoom","surfaces":6,"width":6528,"height":4224,"dpr":0.5}
[DebugBridge +1359323.0ms] page_motion_snapshot_batch {"reason":"overlay-wheel-zoom","requested":4,"captured":4}
[DebugBridge +1359343.6ms] zoom_wheel_request {"rawDeltaY":319.30552673339844,"reportedZoom":400,"trustedReactZoom":400,"currentZoom":400,"reportedCurrentZoom":400,"nextZoom":400,"requestedDeltaAbs":0,"reportedLagAbs":0,"rawGetZoomValue":400,"rawViewerZoomValue":400,"rawMagnificationZoom":null,"correctedSuspiciousZoom":false}
[DebugBridge +1359808.1ms] page_motion_snapshot_hide {"page":6,"reason":"overlay-wheel-zoom"}
[DebugBridge +1359808.5ms] page_motion_snapshot_hide {"page":5,"reason":"overlay-wheel-zoom"}
[DebugBridge +1359808.6ms] page_motion_snapshot_hide {"page":7,"reason":"overlay-wheel-zoom"}
[DebugBridge +1359808.8ms] page_motion_snapshot_hide {"page":4,"reason":"overlay-wheel-zoom"}
[DebugBridge +1359808.8ms] page_motion_snapshot_hide {"page":8,"reason":"overlay-wheel-zoom"}
[DebugBridge +1359809.1ms] page_motion_snapshot_hide {"page":3,"reason":"overlay-wheel-zoom"}
[DebugBridge +1359809.1ms] page_motion_snapshot_hide {"page":2,"reason":"overlay-wheel-zoom"}
[DebugBridge +1359809.3ms] page_motion_snapshot_hide {"page":1,"reason":"overlay-wheel-zoom"}
[DebugBridge +1361492.3ms] page_motion_snapshot_show {"page":6,"reason":"overlay-wheel-zoom","surfaces":6,"width":6528,"height":4224,"dpr":0.5}
[DebugBridge +1361734.5ms] page_motion_snapshot_show {"page":5,"reason":"overlay-wheel-zoom","surfaces":6,"width":6528,"height":4224,"dpr":0.5}
[DebugBridge +1362009.4ms] page_motion_snapshot_show {"page":7,"reason":"overlay-wheel-zoom","surfaces":6,"width":6528,"height":4224,"dpr":0.5}
[DebugBridge +1362085.0ms] page_motion_snapshot_show {"page":4,"reason":"overlay-wheel-zoom","surfaces":6,"width":6528,"height":4224,"dpr":0.5}
[DebugBridge +1362085.3ms] page_motion_snapshot_batch {"reason":"overlay-wheel-zoom","requested":4,"captured":4}
[DebugBridge +1362088.1ms] zoom_wheel_request {"rawDeltaY":-2.413182020187378,"reportedZoom":400,"trustedReactZoom":400,"currentZoom":400,"reportedCurrentZoom":400,"nextZoom":397.88202695682145,"requestedDeltaAbs":2.1179730431785515,"reportedLagAbs":0,"rawGetZoomValue":400,"rawViewerZoomValue":400,"rawMagnificationZoom":null,"correctedSuspiciousZoom":false}
[DebugBridge +1362088.3ms] zoom_start {"scale":4,"source":"overlay_wheel_zoom_pre","reportedScale":4,"correctedSuspiciousZoom":false}
[DebugBridge +1362390.1ms] page_motion_snapshot_show {"page":6,"reason":"syncfusion-zoom-change","surfaces":2,"width":6493,"height":4202,"dpr":0.5}
[DebugBridge +1362606.4ms] page_motion_snapshot_show {"page":5,"reason":"syncfusion-zoom-change","surfaces":2,"width":6493,"height":4202,"dpr":0.5}
[DebugBridge +1362803.3ms] page_motion_snapshot_show {"page":7,"reason":"syncfusion-zoom-change","surfaces":2,"width":6493,"height":4202,"dpr":0.5}
[DebugBridge +1362904.4ms] page_motion_snapshot_show {"page":4,"reason":"syncfusion-zoom-change","surfaces":6,"width":6493,"height":4202,"dpr":0.5}
[DebugBridge +1362904.5ms] page_motion_snapshot_batch {"reason":"syncfusion-zoom-change","requested":4,"captured":4}
[DebugBridge +1363174.9ms] page_motion_snapshot_show {"page":6,"reason":"syncfusion-zoom-change","surfaces":1,"width":6493,"height":4202,"dpr":0.5}
[DebugBridge +1363281.2ms] page_motion_snapshot_show {"page":5,"reason":"syncfusion-zoom-change","surfaces":1,"width":6493,"height":4202,"dpr":0.5}
[DebugBridge +1363369.4ms] page_motion_snapshot_show {"page":7,"reason":"syncfusion-zoom-change","surfaces":1,"width":6493,"height":4202,"dpr":0.5}
[DebugBridge +1363447.9ms] page_motion_snapshot_show {"page":4,"reason":"syncfusion-zoom-change","surfaces":5,"width":6493,"height":4202,"dpr":0.5}
[DebugBridge +1363448.2ms] page_motion_snapshot_batch {"reason":"syncfusion-zoom-change","requested":4,"captured":4}
[DebugBridge +1363718.0ms] page_motion_snapshot_show {"page":6,"reason":"overlay-wheel-zoom","surfaces":2,"width":6493,"height":4202,"dpr":0.5}
[DebugBridge +1363849.6ms] page_motion_snapshot_show {"page":5,"reason":"overlay-wheel-zoom","surfaces":2,"width":6493,"height":4202,"dpr":0.5}
[DebugBridge +1364050.7ms] page_motion_snapshot_show {"page":7,"reason":"overlay-wheel-zoom","surfaces":2,"width":6493,"height":4202,"dpr":0.5}
[DebugBridge +1364163.9ms] page_motion_snapshot_show {"page":4,"reason":"overlay-wheel-zoom","surfaces":6,"width":6493,"height":4202,"dpr":0.5}
[DebugBridge +1364164.1ms] page_motion_snapshot_batch {"reason":"overlay-wheel-zoom","requested":4,"captured":4}
[DebugBridge +1364242.7ms] page_motion_snapshot_show {"page":6,"reason":"overlay-wheel-zoom","surfaces":2,"width":6493,"height":4202,"dpr":0.5}
[DebugBridge +1364284.6ms] page_motion_snapshot_show {"page":5,"reason":"overlay-wheel-zoom","surfaces":2,"width":6493,"height":4202,"dpr":0.5}
[DebugBridge +1364326.0ms] page_motion_snapshot_show {"page":7,"reason":"overlay-wheel-zoom","surfaces":2,"width":6493,"height":4202,"dpr":0.5}
[DebugBridge +1364393.1ms] page_motion_snapshot_show {"page":4,"reason":"overlay-wheel-zoom","surfaces":6,"width":6493,"height":4202,"dpr":0.5}
[DebugBridge +1364393.1ms] page_motion_snapshot_batch {"reason":"overlay-wheel-zoom","requested":4,"captured":4}
[DebugBridge +1364437.1ms] zoom_wheel_request {"rawDeltaY":-289.8541564941406,"reportedZoom":397,"trustedReactZoom":397.88202695682145,"currentZoom":397.88202695682145,"reportedCurrentZoom":397,"nextZoom":373.88202695682145,"requestedDeltaAbs":24,"reportedLagAbs":0.8820269568214485,"rawGetZoomValue":397,"rawViewerZoomValue":397,"rawMagnificationZoom":null,"correctedSuspiciousZoom":false}
[DebugBridge +1364475.1ms] zoom_wheel_request {"rawDeltaY":-141.929931640625,"reportedZoom":373,"trustedReactZoom":373.88202695682145,"currentZoom":373.88202695682145,"reportedCurrentZoom":373,"nextZoom":349.88202695682145,"requestedDeltaAbs":24,"reportedLagAbs":0.8820269568214485,"rawGetZoomValue":373,"rawViewerZoomValue":373,"rawMagnificationZoom":null,"correctedSuspiciousZoom":false}
[DebugBridge +1365083.6ms] page_motion_snapshot_hide {"page":6,"reason":"syncfusion-scroll"}
[DebugBridge +1365083.9ms] page_motion_snapshot_hide {"page":5,"reason":"syncfusion-scroll"}
[DebugBridge +1365084.0ms] page_motion_snapshot_hide {"page":7,"reason":"syncfusion-scroll"}
[DebugBridge +1365084.1ms] page_motion_snapshot_hide {"page":4,"reason":"syncfusion-scroll"}
[DebugBridge +1365084.1ms] page_motion_snapshot_hide {"page":8,"reason":"syncfusion-scroll"}
[DebugBridge +1365084.1ms] page_motion_snapshot_hide {"page":3,"reason":"syncfusion-scroll"}
[DebugBridge +1365084.2ms] page_motion_snapshot_hide {"page":2,"reason":"syncfusion-scroll"}
[DebugBridge +1365084.3ms] page_motion_snapshot_hide {"page":1,"reason":"syncfusion-scroll"}
[DebugBridge +1365692.5ms] zoom_end {"source":"zoomChange_settle"}
[DebugBridge +1366823.1ms] page_motion_snapshot_show {"page":6,"reason":"overlay-wheel-zoom","surfaces":6,"width":5710,"height":3695,"dpr":0.5}
[DebugBridge +1367220.8ms] page_motion_snapshot_show {"page":5,"reason":"overlay-wheel-zoom","surfaces":6,"width":5710,"height":3695,"dpr":0.5}
[DebugBridge +1367631.2ms] page_motion_snapshot_show {"page":7,"reason":"overlay-wheel-zoom","surfaces":6,"width":5710,"height":3695,"dpr":0.5}
[DebugBridge +1367752.6ms] page_motion_snapshot_show {"page":4,"reason":"overlay-wheel-zoom","surfaces":6,"width":5710,"height":3695,"dpr":0.5}
[DebugBridge +1367752.8ms] page_motion_snapshot_batch {"reason":"overlay-wheel-zoom","requested":4,"captured":4}
[DebugBridge +1368371.3ms] page_motion_snapshot_show {"page":6,"reason":"overlay-wheel-zoom","surfaces":6,"width":5710,"height":3695,"dpr":0.5}
[DebugBridge +1368735.3ms] page_motion_snapshot_show {"page":5,"reason":"overlay-wheel-zoom","surfaces":6,"width":5710,"height":3695,"dpr":0.5}
[DebugBridge +1369062.9ms] page_motion_snapshot_show {"page":7,"reason":"overlay-wheel-zoom","surfaces":6,"width":5710,"height":3695,"dpr":0.5}
[DebugBridge +1369165.7ms] page_motion_snapshot_show {"page":4,"reason":"overlay-wheel-zoom","surfaces":6,"width":5710,"height":3695,"dpr":0.5}
[DebugBridge +1369166.0ms] page_motion_snapshot_batch {"reason":"overlay-wheel-zoom","requested":4,"captured":4}
[DebugBridge +1369189.8ms] zoom_wheel_request {"rawDeltaY":-135.94151639938354,"reportedZoom":349,"trustedReactZoom":349.88202695682145,"currentZoom":349.88202695682145,"reportedCurrentZoom":349,"nextZoom":325.88202695682145,"requestedDeltaAbs":24,"reportedLagAbs":0.8820269568214485,"rawGetZoomValue":349,"rawViewerZoomValue":349,"rawMagnificationZoom":null,"correctedSuspiciousZoom":false}
[DebugBridge +1369196.1ms] zoom_start {"scale":3.4988202695682147,"source":"overlay_wheel_zoom_pre","reportedScale":3.49,"correctedSuspiciousZoom":false}
[DebugBridge +1369700.4ms] page_motion_snapshot_show {"page":6,"reason":"syncfusion-zoom-change","surfaces":6,"width":5318,"height":3441,"dpr":0.5}
[DebugBridge +1370093.9ms] page_motion_snapshot_show {"page":5,"reason":"syncfusion-zoom-change","surfaces":6,"width":5318,"height":3441,"dpr":0.5}
[DebugBridge +1370411.3ms] page_motion_snapshot_show {"page":7,"reason":"syncfusion-zoom-change","surfaces":6,"width":5318,"height":3441,"dpr":0.5}
[DebugBridge +1370479.1ms] page_motion_snapshot_show {"page":4,"reason":"syncfusion-zoom-change","surfaces":6,"width":5318,"height":3441,"dpr":0.5}
[DebugBridge +1370479.3ms] page_motion_snapshot_batch {"reason":"syncfusion-zoom-change","requested":4,"captured":4}
[DebugBridge +1370836.1ms] page_motion_snapshot_show {"page":6,"reason":"syncfusion-zoom-change","surfaces":5,"width":5318,"height":3441,"dpr":0.5}
[DebugBridge +1371148.1ms] page_motion_snapshot_show {"page":5,"reason":"syncfusion-zoom-change","surfaces":5,"width":5318,"height":3441,"dpr":0.5}
[DebugBridge +1371438.2ms] page_motion_snapshot_show {"page":7,"reason":"syncfusion-zoom-change","surfaces":5,"width":5318,"height":3441,"dpr":0.5}
[DebugBridge +1371497.4ms] page_motion_snapshot_show {"page":4,"reason":"syncfusion-zoom-change","surfaces":5,"width":5318,"height":3441,"dpr":0.5}
[DebugBridge +1371497.6ms] page_motion_snapshot_batch {"reason":"syncfusion-zoom-change","requested":4,"captured":4}
[DebugBridge +1371999.9ms] page_motion_snapshot_show {"page":6,"reason":"overlay-wheel-zoom","surfaces":6,"width":5318,"height":3441,"dpr":0.5}
[DebugBridge +1372330.0ms] page_motion_snapshot_show {"page":5,"reason":"overlay-wheel-zoom","surfaces":6,"width":5318,"height":3441,"dpr":0.5}
[DebugBridge +1372719.4ms] page_motion_snapshot_show {"page":7,"reason":"overlay-wheel-zoom","surfaces":6,"width":5318,"height":3441,"dpr":0.5}
[DebugBridge +1372800.6ms] page_motion_snapshot_show {"page":4,"reason":"overlay-wheel-zoom","surfaces":6,"width":5318,"height":3441,"dpr":0.5}
[DebugBridge +1372800.8ms] page_motion_snapshot_batch {"reason":"overlay-wheel-zoom","requested":4,"captured":4}
[DebugBridge +1373211.0ms] page_motion_snapshot_show {"page":6,"reason":"overlay-wheel-zoom","surfaces":6,"width":5318,"height":3441,"dpr":0.5}
[DebugBridge +1373570.4ms] page_motion_snapshot_show {"page":5,"reason":"overlay-wheel-zoom","surfaces":6,"width":5318,"height":3441,"dpr":0.5}
[DebugBridge +1373861.6ms] page_motion_snapshot_show {"page":7,"reason":"overlay-wheel-zoom","surfaces":6,"width":5318,"height":3441,"dpr":0.5}
[DebugBridge +1373932.1ms] page_motion_snapshot_show {"page":4,"reason":"overlay-wheel-zoom","surfaces":6,"width":5318,"height":3441,"dpr":0.5}
[DebugBridge +1373932.3ms] page_motion_snapshot_batch {"reason":"overlay-wheel-zoom","requested":4,"captured":4}
[DebugBridge +1373987.6ms] wheel_scroll_motion {"eventCount":2,"rawAbsX":286,"rawAbsY":252,"rawX":-286,"rawY":252,"clippedAbsX":26.58955278551926,"clippedAbsY":28.58955278551926,"clippedX":-26.58955278551926,"clippedY":28.58955278551926,"requestedAppliedX":-17.660780960141892,"requestedAppliedY":19.300780960141893,"appliedX":-17.660780960141892,"appliedY":19.300780960141893,"actualX":-18,"actualY":19,"sensitivity":0.6642,"currentZoomForScroll":3.2588202695682145,"maxScrollStepX":22,"maxScrollStepY":22,"diagonalEvents":1,"clippedEvents":1}
[DebugBridge +1374302.1ms] page_motion_snapshot_show {"page":6,"reason":"syncfusion-wheel-scroll","surfaces":6,"width":5318,"height":3441,"dpr":0.5}
[DebugBridge +1374614.9ms] page_motion_snapshot_show {"page":5,"reason":"syncfusion-wheel-scroll","surfaces":6,"width":5318,"height":3441,"dpr":0.5}
[DebugBridge +1374889.2ms] page_motion_snapshot_show {"page":7,"reason":"syncfusion-wheel-scroll","surfaces":6,"width":5318,"height":3441,"dpr":0.5}
[DebugBridge +1374960.6ms] page_motion_snapshot_show {"page":4,"reason":"syncfusion-wheel-scroll","surfaces":6,"width":5318,"height":3441,"dpr":0.5}
[DebugBridge +1374960.8ms] page_motion_snapshot_batch {"reason":"syncfusion-wheel-scroll","requested":4,"captured":4}
[DebugBridge +1374988.7ms] zoom_wheel_request {"rawDeltaY":-257.6181640625,"reportedZoom":325,"trustedReactZoom":325.88202695682145,"currentZoom":325.88202695682145,"reportedCurrentZoom":325,"nextZoom":301.88202695682145,"requestedDeltaAbs":24,"reportedLagAbs":0.8820269568214485,"rawGetZoomValue":325,"rawViewerZoomValue":325,"rawMagnificationZoom":null,"correctedSuspiciousZoom":false}
[DebugBridge +1375322.6ms] page_motion_snapshot_show {"page":6,"reason":"syncfusion-zoom-change","surfaces":6,"width":4927,"height":3188,"dpr":0.5}
[DebugBridge +1375611.6ms] page_motion_snapshot_show {"page":5,"reason":"syncfusion-zoom-change","surfaces":6,"width":4927,"height":3188,"dpr":0.5}
[DebugBridge +1375988.0ms] page_motion_snapshot_show {"page":7,"reason":"syncfusion-zoom-change","surfaces":6,"width":4927,"height":3188,"dpr":0.5}
[DebugBridge +1376082.4ms] page_motion_snapshot_show {"page":4,"reason":"syncfusion-zoom-change","surfaces":6,"width":4927,"height":3188,"dpr":0.5}
[DebugBridge +1376082.6ms] page_motion_snapshot_batch {"reason":"syncfusion-zoom-change","requested":4,"captured":4}
[DebugBridge +1376378.9ms] page_motion_snapshot_show {"page":6,"reason":"syncfusion-zoom-change","surfaces":5,"width":4927,"height":3188,"dpr":0.5}
[DebugBridge +1376686.8ms] page_motion_snapshot_show {"page":5,"reason":"syncfusion-zoom-change","surfaces":5,"width":4927,"height":3188,"dpr":0.5}
[DebugBridge +1376966.1ms] page_motion_snapshot_show {"page":7,"reason":"syncfusion-zoom-change","surfaces":5,"width":4927,"height":3188,"dpr":0.5}
[DebugBridge +1377026.3ms] page_motion_snapshot_show {"page":4,"reason":"syncfusion-zoom-change","surfaces":5,"width":4927,"height":3188,"dpr":0.5}
[DebugBridge +1377026.4ms] page_motion_snapshot_batch {"reason":"syncfusion-zoom-change","requested":4,"captured":4}
[DebugBridge +1377353.5ms] page_motion_snapshot_show {"page":6,"reason":"syncfusion-scroll","surfaces":6,"width":4927,"height":3188,"dpr":0.5}
[DebugBridge +1377689.6ms] page_motion_snapshot_show {"page":5,"reason":"syncfusion-scroll","surfaces":6,"width":4927,"height":3188,"dpr":0.5}
[DebugBridge +1377989.7ms] page_motion_snapshot_show {"page":7,"reason":"syncfusion-scroll","surfaces":6,"width":4927,"height":3188,"dpr":0.5}
[DebugBridge +1378055.1ms] page_motion_snapshot_show {"page":4,"reason":"syncfusion-scroll","surfaces":6,"width":4927,"height":3188,"dpr":0.5}
[DebugBridge +1378055.3ms] page_motion_snapshot_batch {"reason":"syncfusion-scroll","requested":4,"captured":4}
[DebugBridge +1378120.0ms] wheel_scroll_motion {"eventCount":1,"rawAbsX":24,"rawAbsY":6,"rawX":-24,"rawY":6,"clippedAbsX":24,"clippedAbsY":6,"clippedX":-24,"clippedY":6,"requestedAppliedX":-17.712,"requestedAppliedY":4.428,"appliedX":-17.712,"appliedY":4.428,"actualX":-18,"actualY":4,"sensitivity":0.738,"currentZoomForScroll":3.0188202695682147,"maxScrollStepX":22,"maxScrollStepY":22,"diagonalEvents":1,"clippedEvents":0}
[DebugBridge +1378461.3ms] page_motion_snapshot_show {"page":6,"reason":"syncfusion-wheel-scroll","surfaces":6,"width":4927,"height":3188,"dpr":0.5}
[DebugBridge +1378769.6ms] page_motion_snapshot_show {"page":5,"reason":"syncfusion-wheel-scroll","surfaces":6,"width":4927,"height":3188,"dpr":0.5}
[DebugBridge +1379147.7ms] page_motion_snapshot_show {"page":7,"reason":"syncfusion-wheel-scroll","surfaces":6,"width":4927,"height":3188,"dpr":0.5}
[DebugBridge +1379219.7ms] page_motion_snapshot_show {"page":4,"reason":"syncfusion-wheel-scroll","surfaces":6,"width":4927,"height":3188,"dpr":0.5}
[DebugBridge +1379219.8ms] page_motion_snapshot_batch {"reason":"syncfusion-wheel-scroll","requested":4,"captured":4}
[DebugBridge +1379591.1ms] page_motion_snapshot_show {"page":6,"reason":"syncfusion-scroll","surfaces":6,"width":4927,"height":3188,"dpr":0.5}
[DebugBridge +1379925.3ms] page_motion_snapshot_show {"page":5,"reason":"syncfusion-scroll","surfaces":6,"width":4927,"height":3188,"dpr":0.5}
[DebugBridge +1380215.7ms] page_motion_snapshot_show {"page":7,"reason":"syncfusion-scroll","surfaces":6,"width":4927,"height":3188,"dpr":0.5}
[DebugBridge +1380270.7ms] page_motion_snapshot_show {"page":4,"reason":"syncfusion-scroll","surfaces":6,"width":4927,"height":3188,"dpr":0.5}
[DebugBridge +1380270.8ms] page_motion_snapshot_batch {"reason":"syncfusion-scroll","requested":4,"captured":4}
[DebugBridge +1380310.5ms] wheel_scroll_motion {"eventCount":1,"rawAbsX":794,"rawAbsY":160,"rawX":-794,"rawY":160,"clippedAbsX":27.626292690852374,"clippedAbsY":27.626292690852374,"clippedX":-27.626292690852374,"clippedY":27.626292690852374,"requestedAppliedX":-18.349383605264148,"requestedAppliedY":18.349383605264148,"appliedX":-18.349383605264148,"appliedY":18.349383605264148,"actualX":-18.5,"actualY":18,"sensitivity":0.6642,"currentZoomForScroll":3.0188202695682147,"maxScrollStepX":22,"maxScrollStepY":22,"diagonalEvents":1,"clippedEvents":1}
[DebugBridge +1380618.6ms] page_motion_snapshot_show {"page":6,"reason":"syncfusion-wheel-scroll","surfaces":6,"width":4927,"height":3188,"dpr":0.5}
[DebugBridge +1380880.1ms] page_motion_snapshot_show {"page":5,"reason":"syncfusion-wheel-scroll","surfaces":6,"width":4927,"height":3188,"dpr":0.5}
[DebugBridge +1381192.1ms] page_motion_snapshot_show {"page":7,"reason":"syncfusion-wheel-scroll","surfaces":6,"width":4927,"height":3188,"dpr":0.5}
[DebugBridge +1381258.2ms] page_motion_snapshot_show {"page":4,"reason":"syncfusion-wheel-scroll","surfaces":6,"width":4927,"height":3188,"dpr":0.5}
[DebugBridge +1381258.3ms] page_motion_snapshot_batch {"reason":"syncfusion-wheel-scroll","requested":4,"captured":4}
[DebugBridge +1381586.1ms] page_motion_snapshot_show {"page":6,"reason":"syncfusion-scroll","surfaces":6,"width":4927,"height":3188,"dpr":0.5}
[DebugBridge +1381886.1ms] page_motion_snapshot_show {"page":5,"reason":"syncfusion-scroll","surfaces":6,"width":4927,"height":3188,"dpr":0.5}
[DebugBridge +1382215.6ms] page_motion_snapshot_show {"page":7,"reason":"syncfusion-scroll","surfaces":6,"width":4927,"height":3188,"dpr":0.5}
[DebugBridge +1382305.8ms] page_motion_snapshot_show {"page":4,"reason":"syncfusion-scroll","surfaces":6,"width":4927,"height":3188,"dpr":0.5}
[DebugBridge +1382306.0ms] page_motion_snapshot_batch {"reason":"syncfusion-scroll","requested":4,"captured":4}
[DebugBridge +1382719.2ms] page_motion_snapshot_show {"page":6,"reason":"syncfusion-scroll","surfaces":6,"width":4927,"height":3188,"dpr":0.5}
[DebugBridge +1383062.0ms] page_motion_snapshot_show {"page":5,"reason":"syncfusion-scroll","surfaces":6,"width":4927,"height":3188,"dpr":0.5}
[DebugBridge +1383364.0ms] page_motion_snapshot_show {"page":7,"reason":"syncfusion-scroll","surfaces":6,"width":4927,"height":3188,"dpr":0.5}
[DebugBridge +1383421.2ms] page_motion_snapshot_show {"page":4,"reason":"syncfusion-scroll","surfaces":6,"width":4927,"height":3188,"dpr":0.5}
[DebugBridge +1383421.4ms] page_motion_snapshot_batch {"reason":"syncfusion-scroll","requested":4,"captured":4}
[DebugBridge +1383461.6ms] wheel_scroll_motion {"eventCount":1,"rawAbsX":2,"rawAbsY":0,"rawX":-2,"rawY":0,"clippedAbsX":2,"clippedAbsY":0,"clippedX":-2,"clippedY":0,"requestedAppliedX":-1.64,"requestedAppliedY":0,"appliedX":-1.64,"appliedY":0,"actualX":-2,"actualY":0,"sensitivity":0.82,"currentZoomForScroll":3.0188202695682147,"maxScrollStepX":22,"maxScrollStepY":22,"diagonalEvents":0,"clippedEvents":0}
[DebugBridge +1383767.8ms] page_motion_snapshot_show {"page":6,"reason":"syncfusion-wheel-scroll","surfaces":6,"width":4927,"height":3188,"dpr":0.5}
[DebugBridge +1384086.4ms] page_motion_snapshot_show {"page":5,"reason":"syncfusion-wheel-scroll","surfaces":6,"width":4927,"height":3188,"dpr":0.5}
[DebugBridge +1384445.4ms] page_motion_snapshot_show {"page":7,"reason":"syncfusion-wheel-scroll","surfaces":6,"width":4927,"height":3188,"dpr":0.5}
[DebugBridge +1384518.6ms] page_motion_snapshot_show {"page":4,"reason":"syncfusion-wheel-scroll","surfaces":6,"width":4927,"height":3188,"dpr":0.5}
[DebugBridge +1384518.8ms] page_motion_snapshot_batch {"reason":"syncfusion-wheel-scroll","requested":4,"captured":4}
[DebugBridge +1384933.4ms] wheel_scroll_motion {"eventCount":15,"rawAbsX":2126,"rawAbsY":7074,"rawX":-1858,"rawY":7074,"clippedAbsX":167.75775614511426,"clippedAbsY":307.88921959937613,"clippedX":-53.25258538170474,"clippedY":307.88921959937613,"requestedAppliedX":-39.44800801169809,"requestedAppliedY":217.35614206141503,"appliedX":-22,"appliedY":22,"actualX":-22,"actualY":22,"sensitivity":0.738,"currentZoomForScroll":3.0188202695682147,"maxScrollStepX":22,"maxScrollStepY":22,"diagonalEvents":5,"clippedEvents":13}
[DebugBridge +1385266.3ms] page_motion_snapshot_show {"page":6,"reason":"syncfusion-wheel-scroll","surfaces":6,"width":4927,"height":3188,"dpr":0.5}
[DebugBridge +1385598.6ms] page_motion_snapshot_show {"page":5,"reason":"syncfusion-wheel-scroll","surfaces":6,"width":4927,"height":3188,"dpr":0.5}
[DebugBridge +1385920.5ms] page_motion_snapshot_show {"page":7,"reason":"syncfusion-wheel-scroll","surfaces":6,"width":4927,"height":3188,"dpr":0.5}
[DebugBridge +1385985.0ms] page_motion_snapshot_show {"page":4,"reason":"syncfusion-wheel-scroll","surfaces":6,"width":4927,"height":3188,"dpr":0.5}
[DebugBridge +1385985.2ms] page_motion_snapshot_batch {"reason":"syncfusion-wheel-scroll","requested":4,"captured":4}
[DebugBridge +1386385.6ms] page_motion_snapshot_show {"page":6,"reason":"syncfusion-scroll","surfaces":6,"width":4927,"height":3188,"dpr":0.5}
[DebugBridge +1386694.8ms] page_motion_snapshot_show {"page":5,"reason":"syncfusion-scroll","surfaces":6,"width":4927,"height":3188,"dpr":0.5}
[DebugBridge +1387051.2ms] page_motion_snapshot_show {"page":7,"reason":"syncfusion-scroll","surfaces":6,"width":4927,"height":3188,"dpr":0.5}
[DebugBridge +1387136.3ms] page_motion_snapshot_show {"page":4,"reason":"syncfusion-scroll","surfaces":6,"width":4927,"height":3188,"dpr":0.5}
[DebugBridge +1387136.5ms] page_motion_snapshot_batch {"reason":"syncfusion-scroll","requested":4,"captured":4}
[DebugBridge +1387196.0ms] zoom_end {"source":"zoomChange_settle"}
[DebugBridge +1387754.7ms] page_motion_snapshot_show {"page":6,"reason":"syncfusion-scroll","surfaces":6,"width":4927,"height":3188,"dpr":0.5}
[DebugBridge +1388162.6ms] page_motion_snapshot_show {"page":5,"reason":"syncfusion-scroll","surfaces":6,"width":4927,"height":3188,"dpr":0.5}
[DebugBridge +1388524.5ms] page_motion_snapshot_show {"page":7,"reason":"syncfusion-scroll","surfaces":6,"width":4927,"height":3188,"dpr":0.5}
[DebugBridge +1388604.4ms] page_motion_snapshot_show {"page":4,"reason":"syncfusion-scroll","surfaces":6,"width":4927,"height":3188,"dpr":0.5}
[DebugBridge +1388604.6ms] page_motion_snapshot_batch {"reason":"syncfusion-scroll","requested":4,"captured":4}
[DebugBridge +1389085.9ms] page_motion_snapshot_hide {"page":6,"reason":"syncfusion-scroll"}
[DebugBridge +1389086.1ms] page_motion_snapshot_hide {"page":5,"reason":"syncfusion-scroll"}
[DebugBridge +1389086.3ms] page_motion_snapshot_hide {"page":7,"reason":"syncfusion-scroll"}
[DebugBridge +1389086.4ms] page_motion_snapshot_hide {"page":4,"reason":"syncfusion-scroll"}
[DebugBridge +1389086.4ms] page_motion_snapshot_hide {"page":8,"reason":"syncfusion-scroll"}
[DebugBridge +1389086.5ms] page_motion_snapshot_hide {"page":3,"reason":"syncfusion-scroll"}
[DebugBridge +1389086.6ms] page_motion_snapshot_hide {"page":2,"reason":"syncfusion-scroll"}
[DebugBridge +1389086.6ms] page_motion_snapshot_hide {"page":1,"reason":"syncfusion-scroll"}
[DebugBridge +1393247.3ms] page_motion_snapshot_show {"page":6,"reason":"overlay-wheel-zoom","surfaces":6,"width":4927,"height":3188,"dpr":0.5}
[DebugBridge +1393577.7ms] page_motion_snapshot_show {"page":5,"reason":"overlay-wheel-zoom","surfaces":6,"width":4927,"height":3188,"dpr":0.5}
[DebugBridge +1393930.9ms] page_motion_snapshot_show {"page":7,"reason":"overlay-wheel-zoom","surfaces":6,"width":4927,"height":3188,"dpr":0.5}
[DebugBridge +1394013.2ms] page_motion_snapshot_show {"page":4,"reason":"overlay-wheel-zoom","surfaces":6,"width":4927,"height":3188,"dpr":0.5}
[DebugBridge +1394013.3ms] page_motion_snapshot_batch {"reason":"overlay-wheel-zoom","requested":4,"captured":4}
[DebugBridge +1394342.5ms] page_motion_snapshot_show {"page":6,"reason":"overlay-wheel-zoom","surfaces":6,"width":4927,"height":3188,"dpr":0.5}
[DebugBridge +1394620.1ms] page_motion_snapshot_show {"page":5,"reason":"overlay-wheel-zoom","surfaces":6,"width":4927,"height":3188,"dpr":0.5}
[DebugBridge +1394912.0ms] page_motion_snapshot_show {"page":7,"reason":"overlay-wheel-zoom","surfaces":6,"width":4927,"height":3188,"dpr":0.5}
[DebugBridge +1394974.3ms] page_motion_snapshot_show {"page":4,"reason":"overlay-wheel-zoom","surfaces":6,"width":4927,"height":3188,"dpr":0.5}
[DebugBridge +1394974.4ms] page_motion_snapshot_batch {"reason":"overlay-wheel-zoom","requested":4,"captured":4}
[DebugBridge +1395032.8ms] zoom_wheel_request {"rawDeltaY":-125.29598021507263,"reportedZoom":301,"trustedReactZoom":301.88202695682145,"currentZoom":301.88202695682145,"reportedCurrentZoom":301,"nextZoom":277.88202695682145,"requestedDeltaAbs":24,"reportedLagAbs":0.8820269568214485,"rawGetZoomValue":301,"rawViewerZoomValue":301,"rawMagnificationZoom":null,"correctedSuspiciousZoom":false}
[DebugBridge +1395047.9ms] zoom_start {"scale":3.0188202695682147,"source":"overlay_wheel_zoom_pre","reportedScale":3.01,"correctedSuspiciousZoom":false}
[DebugBridge +1395433.6ms] page_motion_snapshot_show {"page":6,"reason":"syncfusion-zoom-change","surfaces":6,"width":4535,"height":2934,"dpr":0.5}
[DebugBridge +1395728.3ms] page_motion_snapshot_show {"page":5,"reason":"syncfusion-zoom-change","surfaces":6,"width":4535,"height":2934,"dpr":0.5}
[DebugBridge +1395999.3ms] page_motion_snapshot_show {"page":7,"reason":"syncfusion-zoom-change","surfaces":6,"width":4535,"height":2934,"dpr":0.5}
[DebugBridge +1396058.2ms] page_motion_snapshot_show {"page":4,"reason":"syncfusion-zoom-change","surfaces":6,"width":4535,"height":2934,"dpr":0.5}
[DebugBridge +1396058.4ms] page_motion_snapshot_batch {"reason":"syncfusion-zoom-change","requested":4,"captured":4}
[DebugBridge +1396357.7ms] page_motion_snapshot_show {"page":6,"reason":"syncfusion-zoom-change","surfaces":5,"width":4535,"height":2934,"dpr":0.5}
[DebugBridge +1396606.7ms] page_motion_snapshot_show {"page":5,"reason":"syncfusion-zoom-change","surfaces":5,"width":4535,"height":2934,"dpr":0.5}
[DebugBridge +1396855.6ms] page_motion_snapshot_show {"page":7,"reason":"syncfusion-zoom-change","surfaces":5,"width":4535,"height":2934,"dpr":0.5}
[DebugBridge +1396915.2ms] page_motion_snapshot_show {"page":4,"reason":"syncfusion-zoom-change","surfaces":5,"width":4535,"height":2934,"dpr":0.5}
[DebugBridge +1396915.3ms] page_motion_snapshot_batch {"reason":"syncfusion-zoom-change","requested":4,"captured":4}
[DebugBridge +1397285.0ms] page_motion_snapshot_show {"page":6,"reason":"syncfusion-scroll","surfaces":6,"width":4535,"height":2934,"dpr":0.5}
[DebugBridge +1397569.0ms] page_motion_snapshot_show {"page":5,"reason":"syncfusion-scroll","surfaces":6,"width":4535,"height":2934,"dpr":0.5}
[DebugBridge +1397823.8ms] page_motion_snapshot_show {"page":7,"reason":"syncfusion-scroll","surfaces":6,"width":4535,"height":2934,"dpr":0.5}
[DebugBridge +1397885.5ms] page_motion_snapshot_show {"page":4,"reason":"syncfusion-scroll","surfaces":6,"width":4535,"height":2934,"dpr":0.5}
[DebugBridge +1397885.7ms] page_motion_snapshot_batch {"reason":"syncfusion-scroll","requested":4,"captured":4}
[DebugBridge +1398003.6ms] zoom_end {"source":"zoomChange_settle"}
[DebugBridge +1398576.4ms] page_motion_snapshot_hide {"page":6,"reason":"syncfusion-scroll"}
[DebugBridge +1398576.6ms] page_motion_snapshot_hide {"page":5,"reason":"syncfusion-scroll"}
[DebugBridge +1398576.6ms] page_motion_snapshot_hide {"page":7,"reason":"syncfusion-scroll"}
[DebugBridge +1398632.7ms] page_motion_snapshot_hide {"page":4,"reason":"syncfusion-scroll"}
[DebugBridge +1398632.8ms] page_motion_snapshot_hide {"page":8,"reason":"syncfusion-scroll"}
[DebugBridge +1398633.0ms] page_motion_snapshot_hide {"page":3,"reason":"syncfusion-scroll"}
[DebugBridge +1398633.3ms] page_motion_snapshot_hide {"page":2,"reason":"syncfusion-scroll"}
[DebugBridge +1398633.3ms] page_motion_snapshot_hide {"page":1,"reason":"syncfusion-scroll"}
[DebugBridge +1402302.0ms] wheel_scroll_motion {"eventCount":1,"rawAbsX":0,"rawAbsY":2,"rawX":0,"rawY":2,"clippedAbsX":0,"clippedAbsY":2,"clippedX":0,"clippedY":2,"requestedAppliedX":0,"requestedAppliedY":1.64,"appliedX":0,"appliedY":1.64,"actualX":0,"actualY":1.5,"sensitivity":0.82,"currentZoomForScroll":2.7788202695682145,"maxScrollStepX":22,"maxScrollStepY":22,"diagonalEvents":0,"clippedEvents":0}
[DebugBridge +1402757.0ms] page_motion_snapshot_show {"page":6,"reason":"syncfusion-wheel-scroll","surfaces":6,"width":4535,"height":2934,"dpr":0.5}
[DebugBridge +1403046.7ms] page_motion_snapshot_show {"page":5,"reason":"syncfusion-wheel-scroll","surfaces":6,"width":4535,"height":2934,"dpr":0.5}
[DebugBridge +1403329.9ms] page_motion_snapshot_show {"page":7,"reason":"syncfusion-wheel-scroll","surfaces":6,"width":4535,"height":2934,"dpr":0.5}
[DebugBridge +1403415.3ms] page_motion_snapshot_show {"page":4,"reason":"syncfusion-wheel-scroll","surfaces":6,"width":4535,"height":2934,"dpr":0.5}
[DebugBridge +1403415.4ms] page_motion_snapshot_batch {"reason":"syncfusion-wheel-scroll","requested":4,"captured":4}
[DebugBridge +1403643.8ms] wheel_scroll_motion {"eventCount":3,"rawAbsX":18,"rawAbsY":504,"rawX":-10,"rawY":504,"clippedAbsX":18,"clippedAbsY":65.58919448647961,"clippedX":-10,"clippedY":65.58919448647961,"requestedAppliedX":-6.3468,"requestedAppliedY":46.27978425447086,"appliedX":-6.3468,"appliedY":22,"actualX":-6.5,"actualY":22,"sensitivity":0.738,"currentZoomForScroll":2.7788202695682145,"maxScrollStepX":22,"maxScrollStepY":22,"diagonalEvents":2,"clippedEvents":2}
[DebugBridge +1403946.6ms] page_motion_snapshot_show {"page":6,"reason":"syncfusion-wheel-scroll","surfaces":6,"width":4535,"height":2934,"dpr":0.5}
[DebugBridge +1404183.2ms] page_motion_snapshot_show {"page":5,"reason":"syncfusion-wheel-scroll","surfaces":6,"width":4535,"height":2934,"dpr":0.5}
[DebugBridge +1404370.9ms] page_motion_snapshot_show {"page":7,"reason":"syncfusion-wheel-scroll","surfaces":6,"width":4535,"height":2934,"dpr":0.5}
[DebugBridge +1404434.8ms] page_motion_snapshot_show {"page":4,"reason":"syncfusion-wheel-scroll","surfaces":6,"width":4535,"height":2934,"dpr":0.5}
[DebugBridge +1404434.9ms] page_motion_snapshot_batch {"reason":"syncfusion-wheel-scroll","requested":4,"captured":4}
[DebugBridge +1404634.6ms] page_motion_snapshot_show {"page":6,"reason":"syncfusion-scroll","surfaces":6,"width":4535,"height":2934,"dpr":0.5}
[DebugBridge +1404841.3ms] page_motion_snapshot_show {"page":5,"reason":"syncfusion-scroll","surfaces":6,"width":4535,"height":2934,"dpr":0.5}
[DebugBridge +1405077.7ms] page_motion_snapshot_show {"page":7,"reason":"syncfusion-scroll","surfaces":6,"width":4535,"height":2934,"dpr":0.5}
[DebugBridge +1405142.7ms] page_motion_snapshot_show {"page":4,"reason":"syncfusion-scroll","surfaces":6,"width":4535,"height":2934,"dpr":0.5}
[DebugBridge +1405142.8ms] page_motion_snapshot_batch {"reason":"syncfusion-scroll","requested":4,"captured":4}
[DebugBridge +1405199.0ms] wheel_scroll_motion {"eventCount":1,"rawAbsX":0,"rawAbsY":1980,"rawX":0,"rawY":1980,"clippedAbsX":0,"clippedAbsY":28.79459724323981,"clippedX":0,"clippedY":28.79459724323981,"requestedAppliedX":0,"requestedAppliedY":21.25041276551098,"appliedX":0,"appliedY":21.25041276551098,"actualX":0,"actualY":21,"sensitivity":0.738,"currentZoomForScroll":2.7788202695682145,"maxScrollStepX":22,"maxScrollStepY":22,"diagonalEvents":0,"clippedEvents":1}
[DebugBridge +1405411.0ms] page_motion_snapshot_show {"page":6,"reason":"syncfusion-wheel-scroll","surfaces":6,"width":4535,"height":2934,"dpr":0.5}
[DebugBridge +1405603.7ms] page_motion_snapshot_show {"page":5,"reason":"syncfusion-wheel-scroll","surfaces":6,"width":4535,"height":2934,"dpr":0.5}
[DebugBridge +1405804.9ms] page_motion_snapshot_show {"page":7,"reason":"syncfusion-wheel-scroll","surfaces":6,"width":4535,"height":2934,"dpr":0.5}
[DebugBridge +1405871.7ms] page_motion_snapshot_show {"page":4,"reason":"syncfusion-wheel-scroll","surfaces":6,"width":4535,"height":2934,"dpr":0.5}
[DebugBridge +1405871.8ms] page_motion_snapshot_batch {"reason":"syncfusion-wheel-scroll","requested":4,"captured":4}
[DebugBridge +1406115.5ms] page_motion_snapshot_show {"page":6,"reason":"syncfusion-scroll","surfaces":6,"width":4535,"height":2934,"dpr":0.5}
[DebugBridge +1406320.4ms] page_motion_snapshot_show {"page":5,"reason":"syncfusion-scroll","surfaces":6,"width":4535,"height":2934,"dpr":0.5}
[DebugBridge +1406519.1ms] page_motion_snapshot_show {"page":7,"reason":"syncfusion-scroll","surfaces":6,"width":4535,"height":2934,"dpr":0.5}
[DebugBridge +1406574.9ms] page_motion_snapshot_show {"page":4,"reason":"syncfusion-scroll","surfaces":6,"width":4535,"height":2934,"dpr":0.5}
[DebugBridge +1406575.1ms] page_motion_snapshot_batch {"reason":"syncfusion-scroll","requested":4,"captured":4}
[DebugBridge +1406613.0ms] wheel_scroll_motion {"eventCount":1,"rawAbsX":0,"rawAbsY":2,"rawX":0,"rawY":-2,"clippedAbsX":0,"clippedAbsY":2,"clippedX":0,"clippedY":-2,"requestedAppliedX":0,"requestedAppliedY":-1.64,"appliedX":0,"appliedY":-1.64,"actualX":0,"actualY":-2,"sensitivity":0.82,"currentZoomForScroll":2.7788202695682145,"maxScrollStepX":22,"maxScrollStepY":22,"diagonalEvents":0,"clippedEvents":0}
[DebugBridge +1406811.0ms] page_motion_snapshot_show {"page":6,"reason":"syncfusion-wheel-scroll","surfaces":6,"width":4535,"height":2934,"dpr":0.5}
[DebugBridge +1407014.1ms] page_motion_snapshot_show {"page":5,"reason":"syncfusion-wheel-scroll","surfaces":6,"width":4535,"height":2934,"dpr":0.5}
[DebugBridge +1407213.8ms] page_motion_snapshot_show {"page":7,"reason":"syncfusion-wheel-scroll","surfaces":6,"width":4535,"height":2934,"dpr":0.5}
[DebugBridge +1407291.0ms] page_motion_snapshot_show {"page":4,"reason":"syncfusion-wheel-scroll","surfaces":6,"width":4535,"height":2934,"dpr":0.5}
[DebugBridge +1407291.2ms] page_motion_snapshot_batch {"reason":"syncfusion-wheel-scroll","requested":4,"captured":4}
[DebugBridge +1407502.7ms] page_motion_snapshot_show {"page":6,"reason":"syncfusion-scroll","surfaces":6,"width":4535,"height":2934,"dpr":0.5}
[DebugBridge +1407681.2ms] page_motion_snapshot_show {"page":5,"reason":"syncfusion-scroll","surfaces":6,"width":4535,"height":2934,"dpr":0.5}
[DebugBridge +1407842.4ms] page_motion_snapshot_show {"page":7,"reason":"syncfusion-scroll","surfaces":6,"width":4535,"height":2934,"dpr":0.5}
[DebugBridge +1407893.9ms] page_motion_snapshot_show {"page":4,"reason":"syncfusion-scroll","surfaces":6,"width":4535,"height":2934,"dpr":0.5}
[DebugBridge +1407894.0ms] page_motion_snapshot_batch {"reason":"syncfusion-scroll","requested":4,"captured":4}
[DebugBridge +1407943.1ms] wheel_scroll_motion {"eventCount":4,"rawAbsX":48,"rawAbsY":3464,"rawX":48,"rawY":3464,"clippedAbsX":28.79459724323981,"clippedAbsY":88.38379172971943,"clippedX":28.79459724323981,"clippedY":88.38379172971943,"requestedAppliedX":19.125371488959882,"requestedAppliedY":63.26619701998184,"appliedX":19.125371488959882,"appliedY":22,"actualX":19,"actualY":22,"sensitivity":0.82,"currentZoomForScroll":2.7788202695682145,"maxScrollStepX":22,"maxScrollStepY":22,"diagonalEvents":1,"clippedEvents":3}
[DebugBridge +1408126.5ms] page_motion_snapshot_show {"page":6,"reason":"syncfusion-wheel-scroll","surfaces":6,"width":4535,"height":2934,"dpr":0.5}
[DebugBridge +1408304.9ms] page_motion_snapshot_show {"page":5,"reason":"syncfusion-wheel-scroll","surfaces":6,"width":4535,"height":2934,"dpr":0.5}
[DebugBridge +1408470.9ms] page_motion_snapshot_show {"page":7,"reason":"syncfusion-wheel-scroll","surfaces":6,"width":4535,"height":2934,"dpr":0.5}
[DebugBridge +1408522.5ms] page_motion_snapshot_show {"page":4,"reason":"syncfusion-wheel-scroll","surfaces":6,"width":4535,"height":2934,"dpr":0.5}
[DebugBridge +1408522.6ms] page_motion_snapshot_batch {"reason":"syncfusion-wheel-scroll","requested":4,"captured":4}
[DebugBridge +1408716.3ms] page_motion_snapshot_show {"page":6,"reason":"syncfusion-scroll","surfaces":6,"width":4535,"height":2934,"dpr":0.5}
[DebugBridge +1408883.9ms] page_motion_snapshot_show {"page":5,"reason":"syncfusion-scroll","surfaces":6,"width":4535,"height":2934,"dpr":0.5}
[DebugBridge +1409068.5ms] page_motion_snapshot_show {"page":7,"reason":"syncfusion-scroll","surfaces":6,"width":4535,"height":2934,"dpr":0.5}
[DebugBridge +1409126.9ms] page_motion_snapshot_show {"page":4,"reason":"syncfusion-scroll","surfaces":6,"width":4535,"height":2934,"dpr":0.5}
[DebugBridge +1409127.1ms] page_motion_snapshot_batch {"reason":"syncfusion-scroll","requested":4,"captured":4}
[DebugBridge +1409159.1ms] wheel_scroll_motion {"eventCount":3,"rawAbsX":40,"rawAbsY":4044,"rawX":40,"rawY":4044,"clippedAbsX":28.79459724323981,"clippedAbsY":86.38379172971943,"clippedX":28.79459724323981,"clippedY":86.38379172971943,"requestedAppliedX":19.125371488959882,"requestedAppliedY":61.62619701998184,"appliedX":19.125371488959882,"appliedY":22,"actualX":19,"actualY":22,"sensitivity":0.738,"currentZoomForScroll":2.7788202695682145,"maxScrollStepX":22,"maxScrollStepY":22,"diagonalEvents":1,"clippedEvents":3}
[DebugBridge +1409326.4ms] page_motion_snapshot_show {"page":6,"reason":"syncfusion-wheel-scroll","surfaces":6,"width":4535,"height":2934,"dpr":0.5}
[DebugBridge +1409530.8ms] page_motion_snapshot_show {"page":5,"reason":"syncfusion-wheel-scroll","surfaces":6,"width":4535,"height":2934,"dpr":0.5}
[DebugBridge +1409721.3ms] page_motion_snapshot_show {"page":7,"reason":"syncfusion-wheel-scroll","surfaces":6,"width":4535,"height":2934,"dpr":0.5}
[DebugBridge +1409778.0ms] page_motion_snapshot_show {"page":4,"reason":"syncfusion-wheel-scroll","surfaces":6,"width":4535,"height":2934,"dpr":0.5}
[DebugBridge +1409778.1ms] page_motion_snapshot_batch {"reason":"syncfusion-wheel-scroll","requested":4,"captured":4}
[DebugBridge +1409962.1ms] page_motion_snapshot_show {"page":6,"reason":"syncfusion-scroll","surfaces":6,"width":4535,"height":2934,"dpr":0.5}
[DebugBridge +1410163.0ms] page_motion_snapshot_show {"page":5,"reason":"syncfusion-scroll","surfaces":6,"width":4535,"height":2934,"dpr":0.5}
[DebugBridge +1410327.8ms] page_motion_snapshot_show {"page":7,"reason":"syncfusion-scroll","surfaces":6,"width":4535,"height":2934,"dpr":0.5}
[DebugBridge +1410398.7ms] page_motion_snapshot_show {"page":4,"reason":"syncfusion-scroll","surfaces":6,"width":4535,"height":2934,"dpr":0.5}
[DebugBridge +1410398.7ms] page_motion_snapshot_batch {"reason":"syncfusion-scroll","requested":4,"captured":4}
[DebugBridge +1410603.6ms] page_motion_snapshot_show {"page":6,"reason":"syncfusion-scroll","surfaces":6,"width":4535,"height":2934,"dpr":0.5}
[DebugBridge +1410772.3ms] page_motion_snapshot_show {"page":5,"reason":"syncfusion-scroll","surfaces":6,"width":4535,"height":2934,"dpr":0.5}
[DebugBridge +1410931.0ms] page_motion_snapshot_show {"page":7,"reason":"syncfusion-scroll","surfaces":6,"width":4535,"height":2934,"dpr":0.5}
[DebugBridge +1411003.6ms] page_motion_snapshot_show {"page":4,"reason":"syncfusion-scroll","surfaces":6,"width":4535,"height":2934,"dpr":0.5}
[DebugBridge +1411003.8ms] page_motion_snapshot_batch {"reason":"syncfusion-scroll","requested":4,"captured":4}
[DebugBridge +1411041.7ms] wheel_scroll_motion {"eventCount":3,"rawAbsX":28,"rawAbsY":1118,"rawX":28,"rawY":1118,"clippedAbsX":28,"clippedAbsY":65.58919448647961,"clippedX":28,"clippedY":65.58919448647961,"requestedAppliedX":18.5976,"requestedAppliedY":46.93578425447086,"appliedX":18.5976,"appliedY":22,"actualX":18.5,"actualY":22,"sensitivity":0.738,"currentZoomForScroll":2.7788202695682145,"maxScrollStepX":22,"maxScrollStepY":22,"diagonalEvents":1,"clippedEvents":2}
[DebugBridge +1411216.6ms] page_motion_snapshot_show {"page":6,"reason":"syncfusion-wheel-scroll","surfaces":6,"width":4535,"height":2934,"dpr":0.5}
[DebugBridge +1411394.4ms] page_motion_snapshot_show {"page":5,"reason":"syncfusion-wheel-scroll","surfaces":6,"width":4535,"height":2934,"dpr":0.5}
[DebugBridge +1411576.9ms] page_motion_snapshot_show {"page":7,"reason":"syncfusion-wheel-scroll","surfaces":6,"width":4535,"height":2934,"dpr":0.5}
[DebugBridge +1411629.3ms] page_motion_snapshot_show {"page":4,"reason":"syncfusion-wheel-scroll","surfaces":6,"width":4535,"height":2934,"dpr":0.5}
[DebugBridge +1411629.5ms] page_motion_snapshot_batch {"reason":"syncfusion-wheel-scroll","requested":4,"captured":4}
[DebugBridge +1411667.4ms] wheel_scroll_motion {"eventCount":1,"rawAbsX":0,"rawAbsY":4578,"rawX":0,"rawY":4578,"clippedAbsX":0,"clippedAbsY":28.79459724323981,"clippedX":0,"clippedY":28.79459724323981,"requestedAppliedX":0,"requestedAppliedY":21.25041276551098,"appliedX":0,"appliedY":21.25041276551098,"actualX":0,"actualY":21,"sensitivity":0.738,"currentZoomForScroll":2.7788202695682145,"maxScrollStepX":22,"maxScrollStepY":22,"diagonalEvents":0,"clippedEvents":1}
[DebugBridge +1411844.1ms] page_motion_snapshot_show {"page":6,"reason":"syncfusion-wheel-scroll","surfaces":6,"width":4535,"height":2934,"dpr":0.5}
[DebugBridge +1412045.2ms] page_motion_snapshot_show {"page":5,"reason":"syncfusion-wheel-scroll","surfaces":6,"width":4535,"height":2934,"dpr":0.5}
[DebugBridge +1412249.5ms] page_motion_snapshot_show {"page":7,"reason":"syncfusion-wheel-scroll","surfaces":6,"width":4535,"height":2934,"dpr":0.5}
[DebugBridge +1412315.0ms] page_motion_snapshot_show {"page":4,"reason":"syncfusion-wheel-scroll","surfaces":6,"width":4535,"height":2934,"dpr":0.5}
[DebugBridge +1412315.1ms] page_motion_snapshot_batch {"reason":"syncfusion-wheel-scroll","requested":4,"captured":4}
[DebugBridge +1412518.7ms] page_motion_snapshot_show {"page":6,"reason":"syncfusion-scroll","surfaces":6,"width":4535,"height":2934,"dpr":0.5}
[DebugBridge +1412694.1ms] page_motion_snapshot_show {"page":5,"reason":"syncfusion-scroll","surfaces":6,"width":4535,"height":2934,"dpr":0.5}
[DebugBridge +1412860.5ms] page_motion_snapshot_show {"page":7,"reason":"syncfusion-scroll","surfaces":6,"width":4535,"height":2934,"dpr":0.5}
[DebugBridge +1412911.8ms] page_motion_snapshot_show {"page":4,"reason":"syncfusion-scroll","surfaces":6,"width":4535,"height":2934,"dpr":0.5}
[DebugBridge +1412912.0ms] page_motion_snapshot_batch {"reason":"syncfusion-scroll","requested":4,"captured":4}
[DebugBridge +1413040.8ms] wheel_scroll_motion {"eventCount":2,"rawAbsX":56,"rawAbsY":790,"rawX":56,"rawY":790,"clippedAbsX":28.79459724323981,"clippedAbsY":30.79459724323981,"clippedX":28.79459724323981,"clippedY":30.79459724323981,"requestedAppliedX":19.125371488959882,"requestedAppliedY":20.765371488959882,"appliedX":19.125371488959882,"appliedY":20.765371488959882,"actualX":19,"actualY":20.5,"sensitivity":0.6642,"currentZoomForScroll":2.7788202695682145,"maxScrollStepX":22,"maxScrollStepY":22,"diagonalEvents":1,"clippedEvents":1}
[DebugBridge +1413268.5ms] page_motion_snapshot_show {"page":6,"reason":"syncfusion-wheel-scroll","surfaces":6,"width":4535,"height":2934,"dpr":0.5}
[DebugBridge +1413444.8ms] page_motion_snapshot_show {"page":5,"reason":"syncfusion-wheel-scroll","surfaces":6,"width":4535,"height":2934,"dpr":0.5}
[DebugBridge +1413607.9ms] page_motion_snapshot_show {"page":7,"reason":"syncfusion-wheel-scroll","surfaces":6,"width":4535,"height":2934,"dpr":0.5}
[DebugBridge +1413667.3ms] page_motion_snapshot_show {"page":4,"reason":"syncfusion-wheel-scroll","surfaces":6,"width":4535,"height":2934,"dpr":0.5}
[DebugBridge +1413667.4ms] page_motion_snapshot_batch {"reason":"syncfusion-wheel-scroll","requested":4,"captured":4}
[DebugBridge +1413845.1ms] page_motion_snapshot_show {"page":6,"reason":"syncfusion-scroll","surfaces":6,"width":4535,"height":2934,"dpr":0.5}
[DebugBridge +1414084.4ms] page_motion_snapshot_show {"page":5,"reason":"syncfusion-scroll","surfaces":6,"width":4535,"height":2934,"dpr":0.5}
[DebugBridge +1414313.0ms] page_motion_snapshot_show {"page":7,"reason":"syncfusion-scroll","surfaces":6,"width":4535,"height":2934,"dpr":0.5}
[DebugBridge +1414391.4ms] page_motion_snapshot_show {"page":4,"reason":"syncfusion-scroll","surfaces":6,"width":4535,"height":2934,"dpr":0.5}
[DebugBridge +1414391.5ms] page_motion_snapshot_batch {"reason":"syncfusion-scroll","requested":4,"captured":4}
[DebugBridge +1414469.3ms] wheel_scroll_motion {"eventCount":2,"rawAbsX":0,"rawAbsY":4204,"rawX":0,"rawY":4204,"clippedAbsX":0,"clippedAbsY":57.58919448647962,"clippedX":0,"clippedY":57.58919448647962,"requestedAppliedX":0,"requestedAppliedY":42.50082553102196,"appliedX":0,"appliedY":22,"actualX":0,"actualY":22,"sensitivity":0.738,"currentZoomForScroll":2.7788202695682145,"maxScrollStepX":22,"maxScrollStepY":22,"diagonalEvents":0,"clippedEvents":2}
[DebugBridge +1414682.0ms] page_motion_snapshot_show {"page":6,"reason":"syncfusion-wheel-scroll","surfaces":6,"width":4535,"height":2934,"dpr":0.5}
[DebugBridge +1414841.4ms] page_motion_snapshot_show {"page":5,"reason":"syncfusion-wheel-scroll","surfaces":6,"width":4535,"height":2934,"dpr":0.5}
[DebugBridge +1415019.6ms] page_motion_snapshot_show {"page":7,"reason":"syncfusion-wheel-scroll","surfaces":6,"width":4535,"height":2934,"dpr":0.5}
[DebugBridge +1415080.3ms] page_motion_snapshot_show {"page":4,"reason":"syncfusion-wheel-scroll","surfaces":6,"width":4535,"height":2934,"dpr":0.5}
[DebugBridge +1415080.5ms] page_motion_snapshot_batch {"reason":"syncfusion-wheel-scroll","requested":4,"captured":4}
[DebugBridge +1415270.5ms] page_motion_snapshot_show {"page":6,"reason":"syncfusion-scroll","surfaces":6,"width":4535,"height":2934,"dpr":0.5}
[DebugBridge +1415484.1ms] page_motion_snapshot_show {"page":5,"reason":"syncfusion-scroll","surfaces":6,"width":4535,"height":2934,"dpr":0.5}
[DebugBridge +1415758.6ms] page_motion_snapshot_show {"page":7,"reason":"syncfusion-scroll","surfaces":6,"width":4535,"height":2934,"dpr":0.5}
[DebugBridge +1415831.8ms] page_motion_snapshot_show {"page":4,"reason":"syncfusion-scroll","surfaces":6,"width":4535,"height":2934,"dpr":0.5}
[DebugBridge +1415831.9ms] page_motion_snapshot_batch {"reason":"syncfusion-scroll","requested":4,"captured":4}
[DebugBridge +1416259.3ms] page_motion_snapshot_show {"page":6,"reason":"syncfusion-scroll","surfaces":6,"width":4535,"height":2934,"dpr":0.5}
[DebugBridge +1416464.8ms] page_motion_snapshot_show {"page":5,"reason":"syncfusion-scroll","surfaces":6,"width":4535,"height":2934,"dpr":0.5}
[DebugBridge +1416657.7ms] page_motion_snapshot_show {"page":7,"reason":"syncfusion-scroll","surfaces":6,"width":4535,"height":2934,"dpr":0.5}
[DebugBridge +1416718.5ms] page_motion_snapshot_show {"page":4,"reason":"syncfusion-scroll","surfaces":6,"width":4535,"height":2934,"dpr":0.5}
[DebugBridge +1416718.7ms] page_motion_snapshot_batch {"reason":"syncfusion-scroll","requested":4,"captured":4}
console.warn @ @supabase/gotrue-js: Lock "lock:sb-cvamwtpsuvxvjdnotbeg-auth-token" was not released within 5000ms. This may indicate an orphaned lock from a component unmount (e.g., React Strict Mode). Forcefully acquiring the lock to recover.
[DebugBridge +1417202.9ms] page_motion_snapshot_hide {"page":6,"reason":"syncfusion-scroll"}
[DebugBridge +1417203.1ms] page_motion_snapshot_hide {"page":5,"reason":"syncfusion-scroll"}
[DebugBridge +1417203.2ms] page_motion_snapshot_hide {"page":7,"reason":"syncfusion-scroll"}
[DebugBridge +1417203.2ms] page_motion_snapshot_hide {"page":4,"reason":"syncfusion-scroll"}
[DebugBridge +1417203.3ms] page_motion_snapshot_hide {"page":8,"reason":"syncfusion-scroll"}
[DebugBridge +1417203.3ms] page_motion_snapshot_hide {"page":3,"reason":"syncfusion-scroll"}
[DebugBridge +1417203.5ms] page_motion_snapshot_hide {"page":2,"reason":"syncfusion-scroll"}
[DebugBridge +1417203.5ms] page_motion_snapshot_hide {"page":1,"reason":"syncfusion-scroll"}