===== SurveyApp Save Log =====
version:   0.1.45
runtime:   dev-server
platform:  desktop
device:    Mac
os:        macOS 10.15.7
screen:    1512x982 @2x
viewport:  1203x826
locale:    en-US
timestamp: 2026-05-06T20:49:30.066Z (5/6/2026, 4:49:30 PM)
==============================
[dev-auto-login] boot {"hasDevEmail":true,"devEmailHint":"isai***","hasDevPassword":true,"hasCachedSession":true,"cachedSessionEmail":"isaiahcalvo123@gmail.com","cachedSessionExpiresAt":1778102447}
[dev-auto-login] cached session matches dev email, keeping it
[dev-auto-login] decision {"needsAutoLogin":false,"willAttemptSignIn":false}
[CloudSync][hook] session id minted {"sessionId":"84e879ec-c502-4f8d-8056-f84442199b8e"}
[CloudSync][hook][state-obs] annotationsByPage initial {"currentCount":0,"pages":0,"hydrated":false}
[CloudSync][hook][state-obs] callouts initial {"currentCount":0,"hydrated":false}
[CloudSync][hook] hydrate effect fired {"enabled":false,"documentId":"d30ac66b-5d2e-4a93-aab3-8fdd84a0af86","userId":"170d915c-5741-4e0b-b03f-deaeedae27bd","pdfId":null}
[CloudSync][hook] hydrate skipped — missing prerequisite {"enabled":false,"hasDocumentId":true,"hasUserId":true,"hasPdfId":false}
[Cloud render cache] doc=Package 2 - Rev 4 -- IC.pdf-6291605 painting verified cloud snapshot immediately — count=2867.
[CSeries wipe] doc=Package 2 - Rev 4 -- IC.pdf-6291605 totalCounters=0 legacyRemoved=0 — nothing to wipe.
[Phase31 UAT] backfill:effect {"hasYdoc":true,"docId":"d30ac66b-5d2e-4a93-aab3-8fdd84a0af86","userId":null,"alreadyRanFor":null,"willRun":false}
[CloudSync][hook][state-obs] change {"prevCount":0,"currentCount":2867,"delta":2867,"hydrated":false,"sameRefAsLastByPage":false}
[CloudSync][hook][state-obs] callout change {"prevCount":0,"currentCount":0,"delta":0,"hydrated":false,"sameRefAsLastCallouts":false}
[CloudSync][hook] hydrate effect fired {"enabled":false,"documentId":"d30ac66b-5d2e-4a93-aab3-8fdd84a0af86","userId":"170d915c-5741-4e0b-b03f-deaeedae27bd","pdfId":"Package 2 - Rev 4 -- IC.pdf-6291605"}
[CloudSync][hook] hydrate skipped — missing prerequisite {"enabled":false,"hasDocumentId":true,"hasUserId":true,"hasPdfId":true}
[Phase31 UAT] backfill:effect {"hasYdoc":true,"docId":"d30ac66b-5d2e-4a93-aab3-8fdd84a0af86","userId":"170d915c-5741-4e0b-b03f-deaeedae27bd","alreadyRanFor":null,"willRun":true}
[Phase31 UAT] backfill:start {"hasYdoc":true,"hasSupabase":true,"documentId":"d30ac66b-5d2e-4a93-aab3-8fdd84a0af86","userId":"170d915c-5741-4e0b-b03f-deaeedae27bd","markCutoverComplete":true}
[HIGHLIGHT-SYNC][load.legacy][pdf=Package 2 - Rev 4 -- IC.pdf] {"documentId":"d30ac66b-5d2e-4a93-aab3-8fdd84a0af86","totalRows":0,"fabricCarryingDropped":0,"keptCount":0,"keptIds":[]}
[PDFImport] skipped embedded PDF annotation import — cloud/Y.Doc is authoritative {"documentId":"d30ac66b-5d2e-4a93-aab3-8fdd84a0af86"}
[PrintPanel] RENDER — panel closed
[DebugBridge +3023.0ms] zoom_start {"scale":1.1732,"targetScale":0.9,"source":"zoomChange"}
[CloudSync][hook] hydrate effect fired {"enabled":true,"documentId":"d30ac66b-5d2e-4a93-aab3-8fdd84a0af86","userId":"170d915c-5741-4e0b-b03f-deaeedae27bd","pdfId":"Package 2 - Rev 4 -- IC.pdf-6291605"}
[CloudSync][hook] stage=hydrating
[CloudSync][hook] fabric push skipped — not hydrated yet
[CloudSync][hook] callout push skipped — not hydrated yet
[CloudSync][realtime] subscribing {"documentId":"d30ac66b-5d2e-4a93-aab3-8fdd84a0af86","currentUserId":"170d915c-5741-4e0b-b03f-deaeedae27bd","currentSessionId":"84e879ec-c502-4f8d-8056-f84442199b8e","hasFabricInsert":true,"hasFabricUpdate":true,"hasFabricDelete":true,"hasCalloutInsert":true,"hasCalloutUpdate":true,"hasCalloutDelete":true}
[CloudSync][realtime] subscribe status {"status":"SUBSCRIBED","error":null}
[CloudSync][hook] post-subscribe catch-up skipped — startup sync already in flight
[SVGAnnotationLayer] setRotInputVisible(false) reason=selectedIds.size !== 1
[SVGAnnotationLayer] setRotInputVisible(false) reason=selectedIds.size !== 1
[SVGAnnotationLayer] setRotInputVisible(false) reason=selectedIds.size !== 1
[SVGAnnotationLayer] setRotInputVisible(false) reason=selectedIds.size !== 1
[SVGAnnotationLayer] setRotInputVisible(false) reason=selectedIds.size !== 1
[SVGAnnotationLayer] setRotInputVisible(false) reason=selectedIds.size !== 1
[CloudSync][hook] cutover-complete hydrate — reading from Y.Doc {"documentId":"d30ac66b-5d2e-4a93-aab3-8fdd84a0af86","cutoverTs":"2026-05-05T16:30:00.778+00:00"}
[Phase31 UAT] hydrate:cutover-sealed {"documentId":"d30ac66b-5d2e-4a93-aab3-8fdd84a0af86","pdfId":"Package 2 - Rev 4 -- IC.pdf-6291605","cutoverTs":"2026-05-05T16:30:00.778+00:00","yMapSize":2867,"materializedTotal":2867,"materializedDrawnByMe":2867,"materializedDrawnByOthers":0,"materializedImported":0,"pages":6,"perPage":{"6":359,"7":146,"8":393,"9":1382,"10":330,"11":257},"currentStateCount":2867,"ydocLooksDegenerate":false}
[Phase31 UAT] hydrate:cutover-sealed:by-type {"documentId":"d30ac66b-5d2e-4a93-aab3-8fdd84a0af86","pdfFile":"Package 2 - Rev 4 -- IC.pdf-6291605","viewerUserId":"170d915c-5741-4e0b-b03f-deaeedae27bd","yMapTotal":2867,"yMapByType":{"path":2860,"rect":6,"textbox":1},"yMapByAuthor":{"byMe":2867,"byOthers":0,"anonymous":0},"yMapByTypeByAuthor":{"path":{"byMe":2860,"byOthers":0,"anonymous":0},"rect":{"byMe":6,"byOthers":0,"anonymous":0},"textbox":{"byMe":1,"byOthers":0,"anonymous":0}},"yMapPerTypePerPage":{"path":{"6":357,"7":145,"8":392,"9":1381,"10":329,"11":256},"rect":{"6":1,"7":1,"8":1,"9":1,"10":1,"11":1},"textbox":{"6":1}},"byPageTotal":2867,"byPageByType":{"path":2860,"rect":6,"textbox":1},"byPagePerPagePerType":{"6":{"path":357,"rect":1,"textbox":1},"7":{"path":145,"rect":1},"8":{"path":392,"rect":1},"9":{"path":1381,"rect":1},"10":{"rect":1,"path":329},"11":{"path":256,"rect":1}}}
[CloudSync][hook][state-obs] change {"prevCount":2867,"currentCount":2867,"delta":0,"hydrated":true,"sameRefAsLastByPage":true}
[DebugBridge +3559.2ms] pdf_loaded {"pageCount":36,"currentPage":1}
[DebugBridge +3976.0ms] wheel_scroll_motion {"rawX":4,"rawY":8,"clippedX":4,"clippedY":8,"appliedX":2.2304,"appliedY":4.4608,"actualX":0,"actualY":4,"sensitivity":0.5576,"currentZoomForScroll":1,"maxScrollStep":48,"diagonal":true,"clipped":false}
[DebugBridge +3984.1ms] wheel_scroll_motion {"rawX":2,"rawY":6,"clippedX":2,"clippedY":6,"appliedX":1.1152,"appliedY":3.3456,"actualX":0,"actualY":3,"sensitivity":0.5576,"currentZoomForScroll":1,"maxScrollStep":48,"diagonal":true,"clipped":false}
[DebugBridge +3992.6ms] wheel_scroll_motion {"rawX":2,"rawY":4,"clippedX":2,"clippedY":4,"appliedX":1.1152,"appliedY":2.2304,"actualX":0,"actualY":2,"sensitivity":0.5576,"currentZoomForScroll":1,"maxScrollStep":48,"diagonal":true,"clipped":false}
[DebugBridge +3998.5ms] wheel_scroll_motion {"rawX":4,"rawY":12,"clippedX":4,"clippedY":12,"appliedX":2.2304,"appliedY":6.6912,"actualX":0,"actualY":6.5,"sensitivity":0.5576,"currentZoomForScroll":1,"maxScrollStep":48,"diagonal":true,"clipped":false}
[DebugBridge +4029.9ms] wheel_scroll_motion {"rawX":14,"rawY":160,"clippedX":14,"clippedY":48,"appliedX":6.24512,"appliedY":21.41184,"actualX":0,"actualY":21,"sensitivity":0.44608000000000003,"currentZoomForScroll":1,"maxScrollStep":48,"diagonal":true,"clipped":true}
[DebugBridge +4040.3ms] wheel_scroll_motion {"rawX":2,"rawY":4,"clippedX":2,"clippedY":4,"appliedX":1.1152,"appliedY":2.2304,"actualX":0,"actualY":2,"sensitivity":0.5576,"currentZoomForScroll":1,"maxScrollStep":48,"diagonal":true,"clipped":false}
[Phase31 UAT] backfill:cutover-dedupe-anchor-skip {"documentId":"d30ac66b-5d2e-4a93-aab3-8fdd84a0af86","userId":"170d915c-5741-4e0b-b03f-deaeedae27bd","yMapSize":2867,"lastGoodSize":2867}
[DebugBridge +4077.9ms] wheel_scroll_motion {"rawX":4,"rawY":90,"clippedX":4,"clippedY":48,"appliedX":1.7843200000000001,"appliedY":21.41184,"actualX":0,"actualY":21,"sensitivity":0.44608000000000003,"currentZoomForScroll":1,"maxScrollStep":48,"diagonal":true,"clipped":true}
[DebugBridge +4079.7ms] wheel_scroll_motion {"rawX":10,"rawY":290,"clippedX":10,"clippedY":48,"appliedX":4.460800000000001,"appliedY":21.41184,"actualX":0,"actualY":21,"sensitivity":0.44608000000000003,"currentZoomForScroll":1,"maxScrollStep":48,"diagonal":true,"clipped":true}
[DebugBridge +4081.3ms] wheel_scroll_motion {"rawX":0,"rawY":126,"clippedX":0,"clippedY":48,"appliedX":0,"appliedY":26.112000000000002,"actualX":0,"actualY":26,"sensitivity":0.544,"currentZoomForScroll":1,"maxScrollStep":48,"diagonal":false,"clipped":true}
[DebugBridge +4199.2ms] wheel_scroll_motion {"rawX":0,"rawY":140,"clippedX":0,"clippedY":48,"appliedX":0,"appliedY":26.112000000000002,"actualX":0,"actualY":26,"sensitivity":0.544,"currentZoomForScroll":1,"maxScrollStep":48,"diagonal":false,"clipped":true}
[DebugBridge +4222.5ms] wheel_scroll_motion {"rawX":0,"rawY":1548,"clippedX":0,"clippedY":48,"appliedX":0,"appliedY":26.112000000000002,"actualX":0,"actualY":26,"sensitivity":0.544,"currentZoomForScroll":1,"maxScrollStep":48,"diagonal":false,"clipped":true}
[DebugBridge +4260.1ms] wheel_scroll_motion {"rawX":0,"rawY":198,"clippedX":0,"clippedY":48,"appliedX":0,"appliedY":26.112000000000002,"actualX":0,"actualY":26,"sensitivity":0.544,"currentZoomForScroll":1,"maxScrollStep":48,"diagonal":false,"clipped":true}
[DebugBridge +4262.3ms] wheel_scroll_motion {"rawX":0,"rawY":452,"clippedX":0,"clippedY":48,"appliedX":0,"appliedY":26.112000000000002,"actualX":0,"actualY":26,"sensitivity":0.544,"currentZoomForScroll":1,"maxScrollStep":48,"diagonal":false,"clipped":true}
[DebugBridge +4266.4ms] wheel_scroll_motion {"rawX":0,"rawY":82,"clippedX":0,"clippedY":48,"appliedX":0,"appliedY":26.112000000000002,"actualX":0,"actualY":26,"sensitivity":0.544,"currentZoomForScroll":1,"maxScrollStep":48,"diagonal":false,"clipped":true}
[DebugBridge +4277.4ms] wheel_scroll_motion {"rawX":0,"rawY":80,"clippedX":0,"clippedY":48,"appliedX":0,"appliedY":26.112000000000002,"actualX":0,"actualY":26,"sensitivity":0.544,"currentZoomForScroll":1,"maxScrollStep":48,"diagonal":false,"clipped":true}
[DebugBridge +4321.2ms] wheel_scroll_motion {"rawX":0,"rawY":80,"clippedX":0,"clippedY":48,"appliedX":0,"appliedY":26.112000000000002,"actualX":0,"actualY":26,"sensitivity":0.544,"currentZoomForScroll":1,"maxScrollStep":48,"diagonal":false,"clipped":true}
[DebugBridge +4322.8ms] wheel_scroll_motion {"rawX":0,"rawY":288,"clippedX":0,"clippedY":48,"appliedX":0,"appliedY":26.112000000000002,"actualX":0,"actualY":26,"sensitivity":0.544,"currentZoomForScroll":1,"maxScrollStep":48,"diagonal":false,"clipped":true}
[DebugBridge +4334.0ms] wheel_scroll_motion {"rawX":0,"rawY":68,"clippedX":0,"clippedY":48,"appliedX":0,"appliedY":26.112000000000002,"actualX":0,"actualY":26,"sensitivity":0.544,"currentZoomForScroll":1,"maxScrollStep":48,"diagonal":false,"clipped":true}
[DebugBridge +4340.1ms] wheel_scroll_motion {"rawX":0,"rawY":64,"clippedX":0,"clippedY":48,"appliedX":0,"appliedY":26.112000000000002,"actualX":0,"actualY":26,"sensitivity":0.544,"currentZoomForScroll":1,"maxScrollStep":48,"diagonal":false,"clipped":true}
[DebugBridge +4386.2ms] wheel_scroll_motion {"rawX":0,"rawY":64,"clippedX":0,"clippedY":48,"appliedX":0,"appliedY":26.112000000000002,"actualX":0,"actualY":26,"sensitivity":0.544,"currentZoomForScroll":1,"maxScrollStep":48,"diagonal":false,"clipped":true}
[DebugBridge +4388.5ms] wheel_scroll_motion {"rawX":0,"rawY":284,"clippedX":0,"clippedY":48,"appliedX":0,"appliedY":26.112000000000002,"actualX":0,"actualY":26,"sensitivity":0.544,"currentZoomForScroll":1,"maxScrollStep":48,"diagonal":false,"clipped":true}
[DebugBridge +4389.7ms] page_visit_start {"page":2,"pageCount":36,"revisited":false,"hasContainer":true,"hasPdfSurface":true,"spinnerVisible":true,"hasAnnotationOverlay":false,"ready":false}
[DebugBridge +4391.3ms] wheel_scroll_motion {"rawX":0,"rawY":50,"clippedX":0,"clippedY":48,"appliedX":0,"appliedY":26.112000000000002,"actualX":0,"actualY":26,"sensitivity":0.544,"currentZoomForScroll":1,"maxScrollStep":48,"diagonal":false,"clipped":true}
[DebugBridge +4404.3ms] wheel_scroll_motion {"rawX":0,"rawY":50,"clippedX":0,"clippedY":48,"appliedX":0,"appliedY":26.112000000000002,"actualX":0,"actualY":26,"sensitivity":0.544,"currentZoomForScroll":1,"maxScrollStep":48,"diagonal":false,"clipped":true}
[HyperlinkDiag] post-load scan {"hyperlinkCount":0,"samples":[]}
[HyperlinkDiag] page 1 layers {"hyperlinkChildren":0,"layerClasses":["DIV","e-spinner-pane e-spin-show","e-pv-page-canvas","e-pv-annotation-canvas","DIV","e-pv-text-layer"]}
[HyperlinkDiag] page 2 layers {"hyperlinkChildren":0,"layerClasses":["DIV","e-spinner-pane e-spin-show","e-pv-page-canvas","e-pv-annotation-canvas","DIV","e-pv-text-layer"]}
[HyperlinkDiag] page 3 layers {"hyperlinkChildren":0,"layerClasses":["DIV","e-spinner-pane e-spin-hide","e-pv-page-canvas","e-pv-annotation-canvas","DIV","IMG","IMG","IMG","IMG","e-pv-text-layer"]}
[HyperlinkDiag] page 4 layers {"hyperlinkChildren":0,"layerClasses":["DIV","e-spinner-pane e-spin-hide","e-pv-page-canvas","e-pv-annotation-canvas","DIV","IMG","IMG","IMG","IMG"]}
[HyperlinkDiag] page 5 layers {"hyperlinkChildren":0,"layerClasses":["DIV","e-spinner-pane e-spin-hide","e-pv-page-canvas","e-pv-annotation-canvas","DIV","IMG","e-pv-text-layer"]}
[HyperlinkDiag] page 6 layers {"hyperlinkChildren":0,"layerClasses":["DIV","e-spinner-pane e-spin-show","e-pv-page-canvas","e-pv-annotation-canvas","DIV"]}
[HyperlinkDiag] page 7 layers {"hyperlinkChildren":0,"layerClasses":["DIV","e-spinner-pane e-spin-show","e-pv-page-canvas","e-pv-annotation-canvas","DIV"]}
[HyperlinkDiag] page 8 layers {"hyperlinkChildren":0,"layerClasses":["DIV","e-spinner-pane e-spin-show","e-pv-page-canvas","e-pv-annotation-canvas","DIV"]}
[HyperlinkDiag] page 9 layers {"hyperlinkChildren":0,"layerClasses":["DIV","e-spinner-pane e-spin-show","e-pv-page-canvas","e-pv-annotation-canvas","DIV"]}
[HyperlinkDiag] page 10 layers {"hyperlinkChildren":0,"layerClasses":["DIV","e-spinner-pane e-spin-show","e-pv-page-canvas","e-pv-annotation-canvas","DIV"]}
[HyperlinkDiag] page 11 layers {"hyperlinkChildren":0,"layerClasses":["DIV","e-spinner-pane e-spin-show","e-pv-page-canvas","e-pv-annotation-canvas","DIV"]}
[HyperlinkDiag] page 12 layers {"hyperlinkChildren":0,"layerClasses":["DIV","e-spinner-pane e-spin-show","e-pv-page-canvas","e-pv-annotation-canvas","DIV"]}
[DebugBridge +4434.2ms] wheel_scroll_motion {"rawX":0,"rawY":90,"clippedX":0,"clippedY":48,"appliedX":0,"appliedY":26.112000000000002,"actualX":0,"actualY":26,"sensitivity":0.544,"currentZoomForScroll":1,"maxScrollStep":48,"diagonal":false,"clipped":true}
[DebugBridge +4465.5ms] wheel_scroll_motion {"rawX":0,"rawY":76,"clippedX":0,"clippedY":48,"appliedX":0,"appliedY":26.112000000000002,"actualX":0,"actualY":26,"sensitivity":0.544,"currentZoomForScroll":1,"maxScrollStep":48,"diagonal":false,"clipped":true}
[DebugBridge +4496.2ms] wheel_scroll_motion {"rawX":0,"rawY":98,"clippedX":0,"clippedY":48,"appliedX":0,"appliedY":26.112000000000002,"actualX":0,"actualY":26,"sensitivity":0.544,"currentZoomForScroll":1,"maxScrollStep":48,"diagonal":false,"clipped":true}
[DebugBridge +4634.4ms] wheel_scroll_motion {"rawX":-28,"rawY":290,"clippedX":-28,"clippedY":48,"appliedX":-12.49024,"appliedY":21.41184,"actualX":0,"actualY":21,"sensitivity":0.44608000000000003,"currentZoomForScroll":1,"maxScrollStep":48,"diagonal":true,"clipped":true}
[DebugBridge +4646.0ms] wheel_scroll_motion {"rawX":-2,"rawY":84,"clippedX":-2,"clippedY":48,"appliedX":-0.8921600000000001,"appliedY":21.41184,"actualX":0,"actualY":21,"sensitivity":0.44608000000000003,"currentZoomForScroll":1,"maxScrollStep":48,"diagonal":true,"clipped":true}
[DebugBridge +4649.4ms] wheel_scroll_motion {"rawX":-4,"rawY":108,"clippedX":-4,"clippedY":48,"appliedX":-1.7843200000000001,"appliedY":21.41184,"actualX":0,"actualY":21,"sensitivity":0.44608000000000003,"currentZoomForScroll":1,"maxScrollStep":48,"diagonal":true,"clipped":true}
[DebugBridge +4658.3ms] wheel_scroll_motion {"rawX":-2,"rawY":24,"clippedX":-2,"clippedY":24,"appliedX":-1.1152,"appliedY":13.3824,"actualX":0,"actualY":13,"sensitivity":0.5576,"currentZoomForScroll":1,"maxScrollStep":48,"diagonal":true,"clipped":false}
[DebugBridge +4665.0ms] wheel_scroll_motion {"rawX":-4,"rawY":180,"clippedX":-4,"clippedY":48,"appliedX":-1.7843200000000001,"appliedY":21.41184,"actualX":0,"actualY":21,"sensitivity":0.44608000000000003,"currentZoomForScroll":1,"maxScrollStep":48,"diagonal":true,"clipped":true}
[DebugBridge +4673.3ms] wheel_scroll_motion {"rawX":0,"rawY":148,"clippedX":0,"clippedY":48,"appliedX":0,"appliedY":26.112000000000002,"actualX":0,"actualY":26,"sensitivity":0.544,"currentZoomForScroll":1,"maxScrollStep":48,"diagonal":false,"clipped":true}
[DebugBridge +4681.6ms] wheel_scroll_motion {"rawX":0,"rawY":162,"clippedX":0,"clippedY":48,"appliedX":0,"appliedY":26.112000000000002,"actualX":0,"actualY":26,"sensitivity":0.544,"currentZoomForScroll":1,"maxScrollStep":48,"diagonal":false,"clipped":true}
[DebugBridge +4704.9ms] wheel_scroll_motion {"rawX":0,"rawY":156,"clippedX":0,"clippedY":48,"appliedX":0,"appliedY":26.112000000000002,"actualX":0,"actualY":26,"sensitivity":0.544,"currentZoomForScroll":1,"maxScrollStep":48,"diagonal":false,"clipped":true}
[DebugBridge +4706.2ms] wheel_scroll_motion {"rawX":0,"rawY":446,"clippedX":0,"clippedY":48,"appliedX":0,"appliedY":26.112000000000002,"actualX":0,"actualY":26,"sensitivity":0.544,"currentZoomForScroll":1,"maxScrollStep":48,"diagonal":false,"clipped":true}
[DebugBridge +4715.7ms] wheel_scroll_motion {"rawX":0,"rawY":136,"clippedX":0,"clippedY":48,"appliedX":0,"appliedY":26.112000000000002,"actualX":0,"actualY":26,"sensitivity":0.544,"currentZoomForScroll":1,"maxScrollStep":48,"diagonal":false,"clipped":true}
[DebugBridge +4723.7ms] wheel_scroll_motion {"rawX":0,"rawY":128,"clippedX":0,"clippedY":48,"appliedX":0,"appliedY":26.112000000000002,"actualX":0,"actualY":26,"sensitivity":0.544,"currentZoomForScroll":1,"maxScrollStep":48,"diagonal":false,"clipped":true}
[DebugBridge +4731.9ms] wheel_scroll_motion {"rawX":0,"rawY":126,"clippedX":0,"clippedY":48,"appliedX":0,"appliedY":26.112000000000002,"actualX":0,"actualY":26,"sensitivity":0.544,"currentZoomForScroll":1,"maxScrollStep":48,"diagonal":false,"clipped":true}
[DebugBridge +4735.5ms] zoom_end {"source":"zoomChange_settle"}
[DebugBridge +4745.9ms] wheel_scroll_motion {"rawX":0,"rawY":124,"clippedX":0,"clippedY":48,"appliedX":0,"appliedY":26.112000000000002,"actualX":0,"actualY":26,"sensitivity":0.544,"currentZoomForScroll":1,"maxScrollStep":48,"diagonal":false,"clipped":true}
[DebugBridge +4749.2ms] wheel_scroll_motion {"rawX":0,"rawY":120,"clippedX":0,"clippedY":48,"appliedX":0,"appliedY":26.112000000000002,"actualX":0,"actualY":26,"sensitivity":0.544,"currentZoomForScroll":1,"maxScrollStep":48,"diagonal":false,"clipped":true}
[DebugBridge +4757.3ms] wheel_scroll_motion {"rawX":0,"rawY":120,"clippedX":0,"clippedY":48,"appliedX":0,"appliedY":26.112000000000002,"actualX":0,"actualY":26,"sensitivity":0.544,"currentZoomForScroll":1,"maxScrollStep":48,"diagonal":false,"clipped":true}
[DebugBridge +4765.4ms] wheel_scroll_motion {"rawX":0,"rawY":118,"clippedX":0,"clippedY":48,"appliedX":0,"appliedY":26.112000000000002,"actualX":0,"actualY":26,"sensitivity":0.544,"currentZoomForScroll":1,"maxScrollStep":48,"diagonal":false,"clipped":true}
[DebugBridge +4792.0ms] wheel_scroll_motion {"rawX":0,"rawY":112,"clippedX":0,"clippedY":48,"appliedX":0,"appliedY":26.112000000000002,"actualX":0,"actualY":26,"sensitivity":0.544,"currentZoomForScroll":1,"maxScrollStep":48,"diagonal":false,"clipped":true}
[DebugBridge +4793.3ms] wheel_scroll_motion {"rawX":0,"rawY":222,"clippedX":0,"clippedY":48,"appliedX":0,"appliedY":26.112000000000002,"actualX":0,"actualY":26,"sensitivity":0.544,"currentZoomForScroll":1,"maxScrollStep":48,"diagonal":false,"clipped":true}
[DebugBridge +4797.4ms] wheel_scroll_motion {"rawX":0,"rawY":108,"clippedX":0,"clippedY":48,"appliedX":0,"appliedY":26.112000000000002,"actualX":0,"actualY":26,"sensitivity":0.544,"currentZoomForScroll":1,"maxScrollStep":48,"diagonal":false,"clipped":true}
[DebugBridge +4798.1ms] page_visit_start {"page":3,"pageCount":36,"revisited":false,"hasContainer":true,"hasPdfSurface":true,"spinnerVisible":false,"hasAnnotationOverlay":false,"ready":true}
[DebugBridge +4798.6ms] page_visit_ready {"page":3,"pageCount":36,"revisited":false,"waitMs":1,"hasContainer":true,"hasPdfSurface":true,"spinnerVisible":false,"hasAnnotationOverlay":false,"ready":true}
[DebugBridge +4808.7ms] wheel_scroll_motion {"rawX":0,"rawY":106,"clippedX":0,"clippedY":48,"appliedX":0,"appliedY":26.112000000000002,"actualX":0,"actualY":26,"sensitivity":0.544,"currentZoomForScroll":1,"maxScrollStep":48,"diagonal":false,"clipped":true}
[DebugBridge +4819.1ms] wheel_scroll_motion {"rawX":0,"rawY":104,"clippedX":0,"clippedY":48,"appliedX":0,"appliedY":26.112000000000002,"actualX":0,"actualY":26,"sensitivity":0.544,"currentZoomForScroll":1,"maxScrollStep":48,"diagonal":false,"clipped":true}
[DebugBridge +4824.1ms] wheel_scroll_motion {"rawX":0,"rawY":100,"clippedX":0,"clippedY":48,"appliedX":0,"appliedY":26.112000000000002,"actualX":0,"actualY":26,"sensitivity":0.544,"currentZoomForScroll":1,"maxScrollStep":48,"diagonal":false,"clipped":true}
[DebugBridge +4832.1ms] wheel_scroll_motion {"rawX":0,"rawY":98,"clippedX":0,"clippedY":48,"appliedX":0,"appliedY":26.112000000000002,"actualX":0,"actualY":26,"sensitivity":0.544,"currentZoomForScroll":1,"maxScrollStep":48,"diagonal":false,"clipped":true}
[DebugBridge +4840.2ms] wheel_scroll_motion {"rawX":0,"rawY":98,"clippedX":0,"clippedY":48,"appliedX":0,"appliedY":26.112000000000002,"actualX":0,"actualY":26,"sensitivity":0.544,"currentZoomForScroll":1,"maxScrollStep":48,"diagonal":false,"clipped":true}
[DebugBridge +4848.2ms] wheel_scroll_motion {"rawX":0,"rawY":92,"clippedX":0,"clippedY":48,"appliedX":0,"appliedY":26.112000000000002,"actualX":0,"actualY":26,"sensitivity":0.544,"currentZoomForScroll":1,"maxScrollStep":48,"diagonal":false,"clipped":true}
[DebugBridge +4857.1ms] wheel_scroll_motion {"rawX":0,"rawY":92,"clippedX":0,"clippedY":48,"appliedX":0,"appliedY":26.112000000000002,"actualX":0,"actualY":26,"sensitivity":0.544,"currentZoomForScroll":1,"maxScrollStep":48,"diagonal":false,"clipped":true}
[DebugBridge +4864.5ms] wheel_scroll_motion {"rawX":0,"rawY":90,"clippedX":0,"clippedY":48,"appliedX":0,"appliedY":26.112000000000002,"actualX":0,"actualY":26,"sensitivity":0.544,"currentZoomForScroll":1,"maxScrollStep":48,"diagonal":false,"clipped":true}
[DebugBridge +4889.7ms] wheel_scroll_motion {"rawX":0,"rawY":86,"clippedX":0,"clippedY":48,"appliedX":0,"appliedY":26.112000000000002,"actualX":0,"actualY":26,"sensitivity":0.544,"currentZoomForScroll":1,"maxScrollStep":48,"diagonal":false,"clipped":true}
[DebugBridge +4890.7ms] wheel_scroll_motion {"rawX":0,"rawY":168,"clippedX":0,"clippedY":48,"appliedX":0,"appliedY":26.112000000000002,"actualX":0,"actualY":26,"sensitivity":0.544,"currentZoomForScroll":1,"maxScrollStep":48,"diagonal":false,"clipped":true}
[DebugBridge +4900.2ms] wheel_scroll_motion {"rawX":0,"rawY":80,"clippedX":0,"clippedY":48,"appliedX":0,"appliedY":26.112000000000002,"actualX":0,"actualY":26,"sensitivity":0.544,"currentZoomForScroll":1,"maxScrollStep":48,"diagonal":false,"clipped":true}
[DebugBridge +4908.6ms] wheel_scroll_motion {"rawX":0,"rawY":80,"clippedX":0,"clippedY":48,"appliedX":0,"appliedY":26.112000000000002,"actualX":0,"actualY":26,"sensitivity":0.544,"currentZoomForScroll":1,"maxScrollStep":48,"diagonal":false,"clipped":true}
[DebugBridge +4918.1ms] wheel_scroll_motion {"rawX":0,"rawY":72,"clippedX":0,"clippedY":48,"appliedX":0,"appliedY":26.112000000000002,"actualX":0,"actualY":26,"sensitivity":0.544,"currentZoomForScroll":1,"maxScrollStep":48,"diagonal":false,"clipped":true}
[DebugBridge +4924.5ms] wheel_scroll_motion {"rawX":0,"rawY":72,"clippedX":0,"clippedY":48,"appliedX":0,"appliedY":26.112000000000002,"actualX":0,"actualY":26,"sensitivity":0.544,"currentZoomForScroll":1,"maxScrollStep":48,"diagonal":false,"clipped":true}
[DebugBridge +4933.0ms] wheel_scroll_motion {"rawX":0,"rawY":72,"clippedX":0,"clippedY":48,"appliedX":0,"appliedY":26.112000000000002,"actualX":0,"actualY":26,"sensitivity":0.544,"currentZoomForScroll":1,"maxScrollStep":48,"diagonal":false,"clipped":true}
[DebugBridge +4940.0ms] wheel_scroll_motion {"rawX":0,"rawY":68,"clippedX":0,"clippedY":48,"appliedX":0,"appliedY":26.112000000000002,"actualX":0,"actualY":26,"sensitivity":0.544,"currentZoomForScroll":1,"maxScrollStep":48,"diagonal":false,"clipped":true}
[DebugBridge +5000.1ms] wheel_scroll_motion {"rawX":0,"rawY":64,"clippedX":0,"clippedY":48,"appliedX":0,"appliedY":26.112000000000002,"actualX":0,"actualY":26,"sensitivity":0.544,"currentZoomForScroll":1,"maxScrollStep":48,"diagonal":false,"clipped":true}
[DebugBridge +5005.5ms] wheel_scroll_motion {"rawX":0,"rawY":348,"clippedX":0,"clippedY":48,"appliedX":0,"appliedY":26.112000000000002,"actualX":0,"actualY":26,"sensitivity":0.544,"currentZoomForScroll":1,"maxScrollStep":48,"diagonal":false,"clipped":true}
[DebugBridge +5016.7ms] wheel_scroll_motion {"rawX":0,"rawY":52,"clippedX":0,"clippedY":48,"appliedX":0,"appliedY":26.112000000000002,"actualX":0,"actualY":26,"sensitivity":0.544,"currentZoomForScroll":1,"maxScrollStep":48,"diagonal":false,"clipped":true}
[DebugBridge +5022.8ms] wheel_scroll_motion {"rawX":0,"rawY":50,"clippedX":0,"clippedY":48,"appliedX":0,"appliedY":26.112000000000002,"actualX":0,"actualY":26,"sensitivity":0.544,"currentZoomForScroll":1,"maxScrollStep":48,"diagonal":false,"clipped":true}
[DebugBridge +5120.0ms] wheel_scroll_motion {"rawX":-6,"rawY":28,"clippedX":-6,"clippedY":28,"appliedX":-3.3456,"appliedY":15.6128,"actualX":0,"actualY":15.5,"sensitivity":0.5576,"currentZoomForScroll":1,"maxScrollStep":48,"diagonal":true,"clipped":false}
[DebugBridge +5125.4ms] wheel_scroll_motion {"rawX":-2,"rawY":8,"clippedX":-2,"clippedY":8,"appliedX":-1.1152,"appliedY":4.4608,"actualX":0,"actualY":4,"sensitivity":0.5576,"currentZoomForScroll":1,"maxScrollStep":48,"diagonal":true,"clipped":false}
[DebugBridge +5132.7ms] wheel_scroll_motion {"rawX":-2,"rawY":18,"clippedX":-2,"clippedY":18,"appliedX":-1.1152,"appliedY":10.0368,"actualX":0,"actualY":10,"sensitivity":0.5576,"currentZoomForScroll":1,"maxScrollStep":48,"diagonal":true,"clipped":false}
[DebugBridge +5133.8ms] page_visit_start {"page":4,"pageCount":36,"revisited":false,"hasContainer":true,"hasPdfSurface":true,"spinnerVisible":false,"hasAnnotationOverlay":false,"ready":true}
[DebugBridge +5134.9ms] page_visit_ready {"page":4,"pageCount":36,"revisited":false,"waitMs":1,"hasContainer":true,"hasPdfSurface":true,"spinnerVisible":false,"hasAnnotationOverlay":false,"ready":true}
[DebugBridge +5191.2ms] wheel_scroll_motion {"rawX":-4,"rawY":34,"clippedX":-4,"clippedY":34,"appliedX":-2.2304,"appliedY":18.9584,"actualX":0,"actualY":18.5,"sensitivity":0.5576,"currentZoomForScroll":1,"maxScrollStep":48,"diagonal":true,"clipped":false}
[DebugBridge +5198.3ms] wheel_scroll_motion {"rawX":-34,"rawY":572,"clippedX":-34,"clippedY":48,"appliedX":-15.166720000000002,"appliedY":21.41184,"actualX":0,"actualY":21,"sensitivity":0.44608000000000003,"currentZoomForScroll":1,"maxScrollStep":48,"diagonal":true,"clipped":true}
[DebugBridge +5201.3ms] wheel_scroll_motion {"rawX":-2,"rawY":46,"clippedX":-2,"clippedY":46,"appliedX":-1.1152,"appliedY":25.6496,"actualX":0,"actualY":25.5,"sensitivity":0.5576,"currentZoomForScroll":1,"maxScrollStep":48,"diagonal":true,"clipped":false}
[DebugBridge +5208.5ms] wheel_scroll_motion {"rawX":0,"rawY":140,"clippedX":0,"clippedY":48,"appliedX":0,"appliedY":26.112000000000002,"actualX":0,"actualY":26,"sensitivity":0.544,"currentZoomForScroll":1,"maxScrollStep":48,"diagonal":false,"clipped":true}
[DebugBridge +5231.6ms] wheel_scroll_motion {"rawX":0,"rawY":158,"clippedX":0,"clippedY":48,"appliedX":0,"appliedY":26.112000000000002,"actualX":0,"actualY":26,"sensitivity":0.544,"currentZoomForScroll":1,"maxScrollStep":48,"diagonal":false,"clipped":true}
[DebugBridge +5234.2ms] wheel_scroll_motion {"rawX":0,"rawY":302,"clippedX":0,"clippedY":48,"appliedX":0,"appliedY":26.112000000000002,"actualX":0,"actualY":26,"sensitivity":0.544,"currentZoomForScroll":1,"maxScrollStep":48,"diagonal":false,"clipped":true}
[DebugBridge +5256.6ms] wheel_scroll_motion {"rawX":0,"rawY":146,"clippedX":0,"clippedY":48,"appliedX":0,"appliedY":26.112000000000002,"actualX":0,"actualY":26,"sensitivity":0.544,"currentZoomForScroll":1,"maxScrollStep":48,"diagonal":false,"clipped":true}
[DebugBridge +5258.8ms] wheel_scroll_motion {"rawX":0,"rawY":276,"clippedX":0,"clippedY":48,"appliedX":0,"appliedY":26.112000000000002,"actualX":0,"actualY":26,"sensitivity":0.544,"currentZoomForScroll":1,"maxScrollStep":48,"diagonal":false,"clipped":true}
[DebugBridge +5269.2ms] wheel_scroll_motion {"rawX":0,"rawY":126,"clippedX":0,"clippedY":48,"appliedX":0,"appliedY":26.112000000000002,"actualX":0,"actualY":26,"sensitivity":0.544,"currentZoomForScroll":1,"maxScrollStep":48,"diagonal":false,"clipped":true}
[DebugBridge +5284.4ms] wheel_scroll_motion {"rawX":0,"rawY":124,"clippedX":0,"clippedY":48,"appliedX":0,"appliedY":26.112000000000002,"actualX":0,"actualY":26,"sensitivity":0.544,"currentZoomForScroll":1,"maxScrollStep":48,"diagonal":false,"clipped":true}
[DebugBridge +5286.4ms] wheel_scroll_motion {"rawX":0,"rawY":122,"clippedX":0,"clippedY":48,"appliedX":0,"appliedY":26.112000000000002,"actualX":0,"actualY":26,"sensitivity":0.544,"currentZoomForScroll":1,"maxScrollStep":48,"diagonal":false,"clipped":true}
[DebugBridge +5303.2ms] wheel_scroll_motion {"rawX":0,"rawY":120,"clippedX":0,"clippedY":48,"appliedX":0,"appliedY":26.112000000000002,"actualX":0,"actualY":26,"sensitivity":0.544,"currentZoomForScroll":1,"maxScrollStep":48,"diagonal":false,"clipped":true}
[DebugBridge +5305.3ms] wheel_scroll_motion {"rawX":0,"rawY":118,"clippedX":0,"clippedY":48,"appliedX":0,"appliedY":26.112000000000002,"actualX":0,"actualY":26,"sensitivity":0.544,"currentZoomForScroll":1,"maxScrollStep":48,"diagonal":false,"clipped":true}
[DebugBridge +5325.4ms] wheel_scroll_motion {"rawX":0,"rawY":116,"clippedX":0,"clippedY":48,"appliedX":0,"appliedY":26.112000000000002,"actualX":0,"actualY":26,"sensitivity":0.544,"currentZoomForScroll":1,"maxScrollStep":48,"diagonal":false,"clipped":true}
[DebugBridge +5328.6ms] wheel_scroll_motion {"rawX":0,"rawY":228,"clippedX":0,"clippedY":48,"appliedX":0,"appliedY":26.112000000000002,"actualX":0,"actualY":26,"sensitivity":0.544,"currentZoomForScroll":1,"maxScrollStep":48,"diagonal":false,"clipped":true}
[DebugBridge +5330.8ms] wheel_scroll_motion {"rawX":0,"rawY":108,"clippedX":0,"clippedY":48,"appliedX":0,"appliedY":26.112000000000002,"actualX":0,"actualY":26,"sensitivity":0.544,"currentZoomForScroll":1,"maxScrollStep":48,"diagonal":false,"clipped":true}
[DebugBridge +5340.0ms] wheel_scroll_motion {"rawX":0,"rawY":106,"clippedX":0,"clippedY":48,"appliedX":0,"appliedY":26.112000000000002,"actualX":0,"actualY":26,"sensitivity":0.544,"currentZoomForScroll":1,"maxScrollStep":48,"diagonal":false,"clipped":true}
[DebugBridge +5412.4ms] wheel_scroll_motion {"rawX":0,"rawY":104,"clippedX":0,"clippedY":48,"appliedX":0,"appliedY":26.112000000000002,"actualX":0,"actualY":26,"sensitivity":0.544,"currentZoomForScroll":1,"maxScrollStep":48,"diagonal":false,"clipped":true}
[DebugBridge +5416.4ms] wheel_scroll_motion {"rawX":0,"rawY":748,"clippedX":0,"clippedY":48,"appliedX":0,"appliedY":26.112000000000002,"actualX":0,"actualY":26,"sensitivity":0.544,"currentZoomForScroll":1,"maxScrollStep":48,"diagonal":false,"clipped":true}
[DebugBridge +5425.6ms] wheel_scroll_motion {"rawX":0,"rawY":82,"clippedX":0,"clippedY":48,"appliedX":0,"appliedY":26.112000000000002,"actualX":0,"actualY":26,"sensitivity":0.544,"currentZoomForScroll":1,"maxScrollStep":48,"diagonal":false,"clipped":true}
[DebugBridge +5432.2ms] wheel_scroll_motion {"rawX":0,"rawY":80,"clippedX":0,"clippedY":48,"appliedX":0,"appliedY":26.112000000000002,"actualX":0,"actualY":26,"sensitivity":0.544,"currentZoomForScroll":1,"maxScrollStep":48,"diagonal":false,"clipped":true}
[DebugBridge +5457.5ms] wheel_scroll_motion {"rawX":0,"rawY":80,"clippedX":0,"clippedY":48,"appliedX":0,"appliedY":26.112000000000002,"actualX":0,"actualY":26,"sensitivity":0.544,"currentZoomForScroll":1,"maxScrollStep":48,"diagonal":false,"clipped":true}
[DebugBridge +5459.4ms] wheel_scroll_motion {"rawX":0,"rawY":148,"clippedX":0,"clippedY":48,"appliedX":0,"appliedY":26.112000000000002,"actualX":0,"actualY":26,"sensitivity":0.544,"currentZoomForScroll":1,"maxScrollStep":48,"diagonal":false,"clipped":true}
[DebugBridge +5477.6ms] wheel_scroll_motion {"rawX":0,"rawY":72,"clippedX":0,"clippedY":48,"appliedX":0,"appliedY":26.112000000000002,"actualX":0,"actualY":26,"sensitivity":0.544,"currentZoomForScroll":1,"maxScrollStep":48,"diagonal":false,"clipped":true}
[DebugBridge +5479.9ms] wheel_scroll_motion {"rawX":0,"rawY":68,"clippedX":0,"clippedY":48,"appliedX":0,"appliedY":26.112000000000002,"actualX":0,"actualY":26,"sensitivity":0.544,"currentZoomForScroll":1,"maxScrollStep":48,"diagonal":false,"clipped":true}
[DebugBridge +5491.1ms] wheel_scroll_motion {"rawX":0,"rawY":64,"clippedX":0,"clippedY":48,"appliedX":0,"appliedY":26.112000000000002,"actualX":0,"actualY":26,"sensitivity":0.544,"currentZoomForScroll":1,"maxScrollStep":48,"diagonal":false,"clipped":true}
[DebugBridge +5496.8ms] wheel_scroll_motion {"rawX":0,"rawY":64,"clippedX":0,"clippedY":48,"appliedX":0,"appliedY":26.112000000000002,"actualX":0,"actualY":26,"sensitivity":0.544,"currentZoomForScroll":1,"maxScrollStep":48,"diagonal":false,"clipped":true}
[DebugBridge +5524.8ms] wheel_scroll_motion {"rawX":0,"rawY":64,"clippedX":0,"clippedY":48,"appliedX":0,"appliedY":26.112000000000002,"actualX":0,"actualY":26,"sensitivity":0.544,"currentZoomForScroll":1,"maxScrollStep":48,"diagonal":false,"clipped":true}
[DebugBridge +5525.3ms] page_visit_start {"page":5,"pageCount":36,"revisited":false,"hasContainer":true,"hasPdfSurface":true,"spinnerVisible":false,"hasAnnotationOverlay":false,"ready":true}
[DebugBridge +5525.9ms] page_visit_ready {"page":5,"pageCount":36,"revisited":false,"waitMs":1,"hasContainer":true,"hasPdfSurface":true,"spinnerVisible":false,"hasAnnotationOverlay":false,"ready":true}
[DebugBridge +5527.6ms] wheel_scroll_motion {"rawX":0,"rawY":172,"clippedX":0,"clippedY":48,"appliedX":0,"appliedY":26.112000000000002,"actualX":0,"actualY":26,"sensitivity":0.544,"currentZoomForScroll":1,"maxScrollStep":48,"diagonal":false,"clipped":true}
[DebugBridge +5564.9ms] wheel_scroll_motion {"rawX":0,"rawY":54,"clippedX":0,"clippedY":48,"appliedX":0,"appliedY":26.112000000000002,"actualX":0,"actualY":26,"sensitivity":0.544,"currentZoomForScroll":1,"maxScrollStep":48,"diagonal":false,"clipped":true}
[DebugBridge +5570.5ms] wheel_scroll_motion {"rawX":0,"rawY":150,"clippedX":0,"clippedY":48,"appliedX":0,"appliedY":26.112000000000002,"actualX":0,"actualY":26,"sensitivity":0.544,"currentZoomForScroll":1,"maxScrollStep":48,"diagonal":false,"clipped":true}
[DebugBridge +5640.6ms] wheel_scroll_motion {"rawX":-2,"rawY":16,"clippedX":-2,"clippedY":16,"appliedX":-1.1152,"appliedY":8.9216,"actualX":0,"actualY":8.5,"sensitivity":0.5576,"currentZoomForScroll":1,"maxScrollStep":48,"diagonal":true,"clipped":false}
[DebugBridge +5648.4ms] wheel_scroll_motion {"rawX":-4,"rawY":20,"clippedX":-4,"clippedY":20,"appliedX":-2.2304,"appliedY":11.152,"actualX":0,"actualY":11,"sensitivity":0.5576,"currentZoomForScroll":1,"maxScrollStep":48,"diagonal":true,"clipped":false}
[DebugBridge +5656.8ms] wheel_scroll_motion {"rawX":-4,"rawY":36,"clippedX":-4,"clippedY":36,"appliedX":-2.2304,"appliedY":20.0736,"actualX":0,"actualY":20,"sensitivity":0.5576,"currentZoomForScroll":1,"maxScrollStep":48,"diagonal":true,"clipped":false}
[DebugBridge +5751.6ms] wheel_scroll_motion {"rawX":-4,"rawY":42,"clippedX":-4,"clippedY":42,"appliedX":-2.2304,"appliedY":23.4192,"actualX":0,"actualY":23,"sensitivity":0.5576,"currentZoomForScroll":1,"maxScrollStep":48,"diagonal":true,"clipped":false}
[DebugBridge +5756.6ms] wheel_scroll_motion {"rawX":-20,"rawY":372,"clippedX":-20,"clippedY":48,"appliedX":-8.921600000000002,"appliedY":21.41184,"actualX":0,"actualY":21,"sensitivity":0.44608000000000003,"currentZoomForScroll":1,"maxScrollStep":48,"diagonal":true,"clipped":true}
[DebugBridge +5766.1ms] wheel_scroll_motion {"rawX":0,"rawY":128,"clippedX":0,"clippedY":48,"appliedX":0,"appliedY":26.112000000000002,"actualX":0,"actualY":26,"sensitivity":0.544,"currentZoomForScroll":1,"maxScrollStep":48,"diagonal":false,"clipped":true}
[DebugBridge +5773.7ms] wheel_scroll_motion {"rawX":0,"rawY":816,"clippedX":0,"clippedY":48,"appliedX":0,"appliedY":26.112000000000002,"actualX":0,"actualY":26,"sensitivity":0.544,"currentZoomForScroll":1,"maxScrollStep":48,"diagonal":false,"clipped":true}
[DebugBridge +5781.2ms] wheel_scroll_motion {"rawX":0,"rawY":120,"clippedX":0,"clippedY":48,"appliedX":0,"appliedY":26.112000000000002,"actualX":0,"actualY":26,"sensitivity":0.544,"currentZoomForScroll":1,"maxScrollStep":48,"diagonal":false,"clipped":true}
[DebugBridge +5794.7ms] wheel_scroll_motion {"rawX":0,"rawY":120,"clippedX":0,"clippedY":48,"appliedX":0,"appliedY":26.112000000000002,"actualX":0,"actualY":26,"sensitivity":0.544,"currentZoomForScroll":1,"maxScrollStep":48,"diagonal":false,"clipped":true}
[DebugBridge +5822.9ms] wheel_scroll_motion {"rawX":0,"rawY":116,"clippedX":0,"clippedY":48,"appliedX":0,"appliedY":26.112000000000002,"actualX":0,"actualY":26,"sensitivity":0.544,"currentZoomForScroll":1,"maxScrollStep":48,"diagonal":false,"clipped":true}
[DebugBridge +5826.0ms] wheel_scroll_motion {"rawX":0,"rawY":332,"clippedX":0,"clippedY":48,"appliedX":0,"appliedY":26.112000000000002,"actualX":0,"actualY":26,"sensitivity":0.544,"currentZoomForScroll":1,"maxScrollStep":48,"diagonal":false,"clipped":true}
[DebugBridge +5848.9ms] wheel_scroll_motion {"rawX":0,"rawY":106,"clippedX":0,"clippedY":48,"appliedX":0,"appliedY":26.112000000000002,"actualX":0,"actualY":26,"sensitivity":0.544,"currentZoomForScroll":1,"maxScrollStep":48,"diagonal":false,"clipped":true}
[DebugBridge +5851.7ms] wheel_scroll_motion {"rawX":0,"rawY":304,"clippedX":0,"clippedY":48,"appliedX":0,"appliedY":26.112000000000002,"actualX":0,"actualY":26,"sensitivity":0.544,"currentZoomForScroll":1,"maxScrollStep":48,"diagonal":false,"clipped":true}
[DebugBridge +5856.3ms] wheel_scroll_motion {"rawX":0,"rawY":98,"clippedX":0,"clippedY":48,"appliedX":0,"appliedY":26.112000000000002,"actualX":0,"actualY":26,"sensitivity":0.544,"currentZoomForScroll":1,"maxScrollStep":48,"diagonal":false,"clipped":true}
[DebugBridge +5891.9ms] wheel_scroll_motion {"rawX":0,"rawY":92,"clippedX":0,"clippedY":48,"appliedX":0,"appliedY":26.112000000000002,"actualX":0,"actualY":26,"sensitivity":0.544,"currentZoomForScroll":1,"maxScrollStep":48,"diagonal":false,"clipped":true}
[DebugBridge +5894.8ms] wheel_scroll_motion {"rawX":0,"rawY":268,"clippedX":0,"clippedY":48,"appliedX":0,"appliedY":26.112000000000002,"actualX":0,"actualY":26,"sensitivity":0.544,"currentZoomForScroll":1,"maxScrollStep":48,"diagonal":false,"clipped":true}
[DebugBridge +5897.4ms] wheel_scroll_motion {"rawX":0,"rawY":86,"clippedX":0,"clippedY":48,"appliedX":0,"appliedY":26.112000000000002,"actualX":0,"actualY":26,"sensitivity":0.544,"currentZoomForScroll":1,"maxScrollStep":48,"diagonal":false,"clipped":true}
[DebugBridge +5912.0ms] wheel_scroll_motion {"rawX":0,"rawY":82,"clippedX":0,"clippedY":48,"appliedX":0,"appliedY":26.112000000000002,"actualX":0,"actualY":26,"sensitivity":0.544,"currentZoomForScroll":1,"maxScrollStep":48,"diagonal":false,"clipped":true}
[DebugBridge +5914.7ms] wheel_scroll_motion {"rawX":0,"rawY":80,"clippedX":0,"clippedY":48,"appliedX":0,"appliedY":26.112000000000002,"actualX":0,"actualY":26,"sensitivity":0.544,"currentZoomForScroll":1,"maxScrollStep":48,"diagonal":false,"clipped":true}
[DebugBridge +5923.8ms] wheel_scroll_motion {"rawX":0,"rawY":80,"clippedX":0,"clippedY":48,"appliedX":0,"appliedY":26.112000000000002,"actualX":0,"actualY":26,"sensitivity":0.544,"currentZoomForScroll":1,"maxScrollStep":48,"diagonal":false,"clipped":true}
[DebugBridge +5945.4ms] wheel_scroll_motion {"rawX":0,"rawY":76,"clippedX":0,"clippedY":48,"appliedX":0,"appliedY":26.112000000000002,"actualX":0,"actualY":26,"sensitivity":0.544,"currentZoomForScroll":1,"maxScrollStep":48,"diagonal":false,"clipped":true}
[DebugBridge +5947.7ms] wheel_scroll_motion {"rawX":0,"rawY":144,"clippedX":0,"clippedY":48,"appliedX":0,"appliedY":26.112000000000002,"actualX":0,"actualY":26,"sensitivity":0.544,"currentZoomForScroll":1,"maxScrollStep":48,"diagonal":false,"clipped":true}
[DebugBridge +5957.2ms] wheel_scroll_motion {"rawX":0,"rawY":68,"clippedX":0,"clippedY":48,"appliedX":0,"appliedY":26.112000000000002,"actualX":0,"actualY":26,"sensitivity":0.544,"currentZoomForScroll":1,"maxScrollStep":48,"diagonal":false,"clipped":true}
[DebugBridge +5965.4ms] wheel_scroll_motion {"rawX":0,"rawY":64,"clippedX":0,"clippedY":48,"appliedX":0,"appliedY":26.112000000000002,"actualX":0,"actualY":26,"sensitivity":0.544,"currentZoomForScroll":1,"maxScrollStep":48,"diagonal":false,"clipped":true}
[DebugBridge +5973.9ms] wheel_scroll_motion {"rawX":0,"rawY":64,"clippedX":0,"clippedY":48,"appliedX":0,"appliedY":26.112000000000002,"actualX":0,"actualY":26,"sensitivity":0.544,"currentZoomForScroll":1,"maxScrollStep":48,"diagonal":false,"clipped":true}
[DebugBridge +5984.2ms] wheel_scroll_motion {"rawX":0,"rawY":64,"clippedX":0,"clippedY":48,"appliedX":0,"appliedY":26.112000000000002,"actualX":0,"actualY":26,"sensitivity":0.544,"currentZoomForScroll":1,"maxScrollStep":48,"diagonal":false,"clipped":true}
[DebugBridge +5985.1ms] page_visit_start {"page":6,"pageCount":36,"revisited":false,"hasContainer":true,"hasPdfSurface":true,"spinnerVisible":false,"hasAnnotationOverlay":true,"ready":true}
[DebugBridge +5986.4ms] page_visit_ready {"page":6,"pageCount":36,"revisited":false,"waitMs":1,"hasContainer":true,"hasPdfSurface":true,"spinnerVisible":false,"hasAnnotationOverlay":true,"ready":true}
[DebugBridge +6039.1ms] wheel_scroll_motion {"rawX":0,"rawY":58,"clippedX":0,"clippedY":48,"appliedX":0,"appliedY":26.112000000000002,"actualX":0,"actualY":26,"sensitivity":0.544,"currentZoomForScroll":1,"maxScrollStep":48,"diagonal":false,"clipped":true}
[DebugBridge +6048.1ms] wheel_scroll_motion {"rawX":0,"rawY":316,"clippedX":0,"clippedY":48,"appliedX":0,"appliedY":26.112000000000002,"actualX":0,"actualY":26,"sensitivity":0.544,"currentZoomForScroll":1,"maxScrollStep":48,"diagonal":false,"clipped":true}
[DebugBridge +6127.2ms] wheel_scroll_motion {"rawX":0,"rawY":302,"clippedX":0,"clippedY":48,"appliedX":0,"appliedY":26.112000000000002,"actualX":0,"actualY":26,"sensitivity":0.544,"currentZoomForScroll":1,"maxScrollStep":48,"diagonal":false,"clipped":true}
[DebugBridge +6170.9ms] wheel_scroll_motion {"rawX":2,"rawY":6,"clippedX":2,"clippedY":6,"appliedX":1.1152,"appliedY":3.3456,"actualX":0,"actualY":3,"sensitivity":0.5576,"currentZoomForScroll":1,"maxScrollStep":48,"diagonal":true,"clipped":false}
[DebugBridge +6172.9ms] wheel_scroll_motion {"rawX":2,"rawY":2,"clippedX":2,"clippedY":2,"appliedX":1.1152,"appliedY":1.1152,"actualX":0,"actualY":1,"sensitivity":0.5576,"currentZoomForScroll":1,"maxScrollStep":48,"diagonal":true,"clipped":false}
[DebugBridge +6191.6ms] wheel_scroll_motion {"rawX":2,"rawY":14,"clippedX":2,"clippedY":14,"appliedX":1.1152,"appliedY":7.8064,"actualX":0,"actualY":7.5,"sensitivity":0.5576,"currentZoomForScroll":1,"maxScrollStep":48,"diagonal":true,"clipped":false}
[DebugBridge +6217.2ms] wheel_scroll_motion {"rawX":2,"rawY":4,"clippedX":2,"clippedY":4,"appliedX":1.1152,"appliedY":2.2304,"actualX":0,"actualY":2,"sensitivity":0.5576,"currentZoomForScroll":1,"maxScrollStep":48,"diagonal":true,"clipped":false}
[DebugBridge +6220.8ms] wheel_scroll_motion {"rawX":-8,"rawY":86,"clippedX":-8,"clippedY":48,"appliedX":-3.5686400000000003,"appliedY":21.41184,"actualX":0,"actualY":21,"sensitivity":0.44608000000000003,"currentZoomForScroll":1,"maxScrollStep":48,"diagonal":true,"clipped":true}
[DebugBridge +6223.7ms] wheel_scroll_motion {"rawX":-2,"rawY":22,"clippedX":-2,"clippedY":22,"appliedX":-1.1152,"appliedY":12.267199999999999,"actualX":0,"actualY":12,"sensitivity":0.5576,"currentZoomForScroll":1,"maxScrollStep":48,"diagonal":true,"clipped":false}
[DebugBridge +6256.6ms] wheel_scroll_motion {"rawX":-2,"rawY":22,"clippedX":-2,"clippedY":22,"appliedX":-1.1152,"appliedY":12.267199999999999,"actualX":0,"actualY":12,"sensitivity":0.5576,"currentZoomForScroll":1,"maxScrollStep":48,"diagonal":true,"clipped":false}
[DebugBridge +6259.8ms] wheel_scroll_motion {"rawX":-12,"rawY":206,"clippedX":-12,"clippedY":48,"appliedX":-5.35296,"appliedY":21.41184,"actualX":0,"actualY":21,"sensitivity":0.44608000000000003,"currentZoomForScroll":1,"maxScrollStep":48,"diagonal":true,"clipped":true}
[DebugBridge +6264.7ms] wheel_scroll_motion {"rawX":-4,"rawY":38,"clippedX":-4,"clippedY":38,"appliedX":-2.2304,"appliedY":21.1888,"actualX":0,"actualY":21,"sensitivity":0.5576,"currentZoomForScroll":1,"maxScrollStep":48,"diagonal":true,"clipped":false}
[DebugBridge +6274.1ms] wheel_scroll_motion {"rawX":-2,"rawY":26,"clippedX":-2,"clippedY":26,"appliedX":-1.1152,"appliedY":14.4976,"actualX":0,"actualY":14,"sensitivity":0.5576,"currentZoomForScroll":1,"maxScrollStep":48,"diagonal":true,"clipped":false}
[DebugBridge +6303.1ms] wheel_scroll_motion {"rawX":-6,"rawY":46,"clippedX":-6,"clippedY":46,"appliedX":-3.3456,"appliedY":25.6496,"actualX":0,"actualY":25.5,"sensitivity":0.5576,"currentZoomForScroll":1,"maxScrollStep":48,"diagonal":true,"clipped":false}
[DebugBridge +6306.5ms] wheel_scroll_motion {"rawX":-4,"rawY":72,"clippedX":-4,"clippedY":48,"appliedX":-1.7843200000000001,"appliedY":21.41184,"actualX":0,"actualY":21,"sensitivity":0.44608000000000003,"currentZoomForScroll":1,"maxScrollStep":48,"diagonal":true,"clipped":true}
[DebugBridge +6339.1ms] wheel_scroll_motion {"rawX":0,"rawY":80,"clippedX":0,"clippedY":48,"appliedX":0,"appliedY":26.112000000000002,"actualX":0,"actualY":26,"sensitivity":0.544,"currentZoomForScroll":1,"maxScrollStep":48,"diagonal":false,"clipped":true}
[DebugBridge +6342.3ms] wheel_scroll_motion {"rawX":0,"rawY":492,"clippedX":0,"clippedY":48,"appliedX":0,"appliedY":26.112000000000002,"actualX":0,"actualY":26,"sensitivity":0.544,"currentZoomForScroll":1,"maxScrollStep":48,"diagonal":false,"clipped":true}
[DebugBridge +6348.5ms] wheel_scroll_motion {"rawX":0,"rawY":98,"clippedX":0,"clippedY":48,"appliedX":0,"appliedY":26.112000000000002,"actualX":0,"actualY":26,"sensitivity":0.544,"currentZoomForScroll":1,"maxScrollStep":48,"diagonal":false,"clipped":true}
[DebugBridge +6385.3ms] wheel_scroll_motion {"rawX":0,"rawY":98,"clippedX":0,"clippedY":48,"appliedX":0,"appliedY":26.112000000000002,"actualX":0,"actualY":26,"sensitivity":0.544,"currentZoomForScroll":1,"maxScrollStep":48,"diagonal":false,"clipped":true}
[DebugBridge +6388.4ms] wheel_scroll_motion {"rawX":0,"rawY":360,"clippedX":0,"clippedY":48,"appliedX":0,"appliedY":26.112000000000002,"actualX":0,"actualY":26,"sensitivity":0.544,"currentZoomForScroll":1,"maxScrollStep":48,"diagonal":false,"clipped":true}
[DebugBridge +6404.3ms] wheel_scroll_motion {"rawX":0,"rawY":86,"clippedX":0,"clippedY":48,"appliedX":0,"appliedY":26.112000000000002,"actualX":0,"actualY":26,"sensitivity":0.544,"currentZoomForScroll":1,"maxScrollStep":48,"diagonal":false,"clipped":true}
[DebugBridge +6407.6ms] wheel_scroll_motion {"rawX":0,"rawY":82,"clippedX":0,"clippedY":48,"appliedX":0,"appliedY":26.112000000000002,"actualX":0,"actualY":26,"sensitivity":0.544,"currentZoomForScroll":1,"maxScrollStep":48,"diagonal":false,"clipped":true}
[DebugBridge +6417.6ms] wheel_scroll_motion {"rawX":0,"rawY":80,"clippedX":0,"clippedY":48,"appliedX":0,"appliedY":26.112000000000002,"actualX":0,"actualY":26,"sensitivity":0.544,"currentZoomForScroll":1,"maxScrollStep":48,"diagonal":false,"clipped":true}
[DebugBridge +6424.0ms] wheel_scroll_motion {"rawX":0,"rawY":76,"clippedX":0,"clippedY":48,"appliedX":0,"appliedY":26.112000000000002,"actualX":0,"actualY":26,"sensitivity":0.544,"currentZoomForScroll":1,"maxScrollStep":48,"diagonal":false,"clipped":true}
[DebugBridge +6432.1ms] wheel_scroll_motion {"rawX":0,"rawY":76,"clippedX":0,"clippedY":48,"appliedX":0,"appliedY":26.112000000000002,"actualX":0,"actualY":26,"sensitivity":0.544,"currentZoomForScroll":1,"maxScrollStep":48,"diagonal":false,"clipped":true}
[DebugBridge +6440.1ms] wheel_scroll_motion {"rawX":0,"rawY":72,"clippedX":0,"clippedY":48,"appliedX":0,"appliedY":26.112000000000002,"actualX":0,"actualY":26,"sensitivity":0.544,"currentZoomForScroll":1,"maxScrollStep":48,"diagonal":false,"clipped":true}
[DebugBridge +6619.5ms] wheel_scroll_motion {"rawX":-4,"rawY":-20,"clippedX":-4,"clippedY":-20,"appliedX":-2.2304,"appliedY":-11.152,"actualX":0,"actualY":-11.5,"sensitivity":0.5576,"currentZoomForScroll":1,"maxScrollStep":48,"diagonal":true,"clipped":false}
[DebugBridge +6631.0ms] wheel_scroll_motion {"rawX":-2,"rawY":-12,"clippedX":-2,"clippedY":-12,"appliedX":-1.1152,"appliedY":-6.6912,"actualX":0,"actualY":-7,"sensitivity":0.5576,"currentZoomForScroll":1,"maxScrollStep":48,"diagonal":true,"clipped":false}
[DebugBridge +6672.0ms] wheel_scroll_motion {"rawX":-2,"rawY":-18,"clippedX":-2,"clippedY":-18,"appliedX":-1.1152,"appliedY":-10.0368,"actualX":0,"actualY":-10.5,"sensitivity":0.5576,"currentZoomForScroll":1,"maxScrollStep":48,"diagonal":true,"clipped":false}
[DebugBridge +6675.5ms] wheel_scroll_motion {"rawX":-10,"rawY":-106,"clippedX":-10,"clippedY":-48,"appliedX":-4.460800000000001,"appliedY":-21.41184,"actualX":0,"actualY":-21.5,"sensitivity":0.44608000000000003,"currentZoomForScroll":1,"maxScrollStep":48,"diagonal":true,"clipped":true}
[DebugBridge +6724.5ms] wheel_scroll_motion {"rawX":0,"rawY":-58,"clippedX":0,"clippedY":-48,"appliedX":0,"appliedY":-26.112000000000002,"actualX":0,"actualY":-26.5,"sensitivity":0.544,"currentZoomForScroll":1,"maxScrollStep":48,"diagonal":false,"clipped":true}
[DebugBridge +6749.0ms] wheel_scroll_motion {"rawX":4,"rawY":-16,"clippedX":4,"clippedY":-16,"appliedX":2.2304,"appliedY":-8.9216,"actualX":0,"actualY":-9,"sensitivity":0.5576,"currentZoomForScroll":1,"maxScrollStep":48,"diagonal":true,"clipped":false}
[DebugBridge +7232.4ms] wheel_scroll_motion {"rawX":-26,"rawY":50,"clippedX":-26,"clippedY":48,"appliedX":-11.598080000000001,"appliedY":21.41184,"actualX":0,"actualY":21,"sensitivity":0.44608000000000003,"currentZoomForScroll":1,"maxScrollStep":48,"diagonal":true,"clipped":true}
[DebugBridge +7260.4ms] wheel_scroll_motion {"rawX":-4,"rawY":6,"clippedX":-4,"clippedY":6,"appliedX":-2.2304,"appliedY":3.3456,"actualX":0,"actualY":3,"sensitivity":0.5576,"currentZoomForScroll":1,"maxScrollStep":48,"diagonal":true,"clipped":false}
[DebugBridge +7263.2ms] wheel_scroll_motion {"rawX":-12,"rawY":16,"clippedX":-12,"clippedY":16,"appliedX":-6.6912,"appliedY":8.9216,"actualX":0,"actualY":8.5,"sensitivity":0.5576,"currentZoomForScroll":1,"maxScrollStep":48,"diagonal":true,"clipped":false}
[DebugBridge +7293.3ms] wheel_scroll_motion {"rawX":-2,"rawY":2,"clippedX":-2,"clippedY":2,"appliedX":-1.1152,"appliedY":1.1152,"actualX":0,"actualY":1,"sensitivity":0.5576,"currentZoomForScroll":1,"maxScrollStep":48,"diagonal":true,"clipped":false}
[DebugBridge +7298.4ms] wheel_scroll_motion {"rawX":2,"rawY":2,"clippedX":2,"clippedY":2,"appliedX":1.1152,"appliedY":1.1152,"actualX":0,"actualY":1,"sensitivity":0.5576,"currentZoomForScroll":1,"maxScrollStep":48,"diagonal":true,"clipped":false}
[DebugBridge +7312.3ms] wheel_scroll_motion {"rawX":2,"rawY":2,"clippedX":2,"clippedY":2,"appliedX":1.1152,"appliedY":1.1152,"actualX":0,"actualY":1,"sensitivity":0.5576,"currentZoomForScroll":1,"maxScrollStep":48,"diagonal":true,"clipped":false}
[DebugBridge +7316.4ms] wheel_scroll_motion {"rawX":4,"rawY":4,"clippedX":4,"clippedY":4,"appliedX":2.2304,"appliedY":2.2304,"actualX":0,"actualY":2,"sensitivity":0.5576,"currentZoomForScroll":1,"maxScrollStep":48,"diagonal":true,"clipped":false}
[DebugBridge +7332.6ms] wheel_scroll_motion {"rawX":4,"rawY":4,"clippedX":4,"clippedY":4,"appliedX":2.2304,"appliedY":2.2304,"actualX":0,"actualY":2,"sensitivity":0.5576,"currentZoomForScroll":1,"maxScrollStep":48,"diagonal":true,"clipped":false}
[DebugBridge +7336.8ms] wheel_scroll_motion {"rawX":8,"rawY":4,"clippedX":8,"clippedY":4,"appliedX":4.4608,"appliedY":2.2304,"actualX":0,"actualY":2,"sensitivity":0.5576,"currentZoomForScroll":1,"maxScrollStep":48,"diagonal":true,"clipped":false}
[DebugBridge +7340.6ms] wheel_scroll_motion {"rawX":2,"rawY":2,"clippedX":2,"clippedY":2,"appliedX":1.1152,"appliedY":1.1152,"actualX":0,"actualY":1,"sensitivity":0.5576,"currentZoomForScroll":1,"maxScrollStep":48,"diagonal":true,"clipped":false}
[DebugBridge +7348.8ms] wheel_scroll_motion {"rawX":2,"rawY":2,"clippedX":2,"clippedY":2,"appliedX":1.1152,"appliedY":1.1152,"actualX":0,"actualY":1,"sensitivity":0.5576,"currentZoomForScroll":1,"maxScrollStep":48,"diagonal":true,"clipped":false}
[DebugBridge +7356.9ms] wheel_scroll_motion {"rawX":4,"rawY":4,"clippedX":4,"clippedY":4,"appliedX":2.2304,"appliedY":2.2304,"actualX":0,"actualY":2,"sensitivity":0.5576,"currentZoomForScroll":1,"maxScrollStep":48,"diagonal":true,"clipped":false}
[DebugBridge +7364.7ms] wheel_scroll_motion {"rawX":4,"rawY":4,"clippedX":4,"clippedY":4,"appliedX":2.2304,"appliedY":2.2304,"actualX":0,"actualY":2,"sensitivity":0.5576,"currentZoomForScroll":1,"maxScrollStep":48,"diagonal":true,"clipped":false}
[DebugBridge +7374.0ms] wheel_scroll_motion {"rawX":4,"rawY":0,"clippedX":4,"clippedY":0,"appliedX":2.72,"appliedY":0,"actualX":0,"actualY":0,"sensitivity":0.68,"currentZoomForScroll":1,"maxScrollStep":48,"diagonal":false,"clipped":false}
[DebugBridge +7381.8ms] wheel_scroll_motion {"rawX":4,"rawY":4,"clippedX":4,"clippedY":4,"appliedX":2.2304,"appliedY":2.2304,"actualX":0,"actualY":2,"sensitivity":0.5576,"currentZoomForScroll":1,"maxScrollStep":48,"diagonal":true,"clipped":false}
[DebugBridge +7389.5ms] wheel_scroll_motion {"rawX":4,"rawY":4,"clippedX":4,"clippedY":4,"appliedX":2.2304,"appliedY":2.2304,"actualX":0,"actualY":2,"sensitivity":0.5576,"currentZoomForScroll":1,"maxScrollStep":48,"diagonal":true,"clipped":false}
[DebugBridge +7406.6ms] wheel_scroll_motion {"rawX":2,"rawY":2,"clippedX":2,"clippedY":2,"appliedX":1.1152,"appliedY":1.1152,"actualX":0,"actualY":1,"sensitivity":0.5576,"currentZoomForScroll":1,"maxScrollStep":48,"diagonal":true,"clipped":false}
[DebugBridge +7457.5ms] wheel_scroll_motion {"rawX":2,"rawY":0,"clippedX":2,"clippedY":0,"appliedX":1.36,"appliedY":0,"actualX":0,"actualY":0,"sensitivity":0.68,"currentZoomForScroll":1,"maxScrollStep":48,"diagonal":false,"clipped":false}
[DebugBridge +7464.0ms] wheel_scroll_motion {"rawX":2,"rawY":0,"clippedX":2,"clippedY":0,"appliedX":1.36,"appliedY":0,"actualX":0,"actualY":0,"sensitivity":0.68,"currentZoomForScroll":1,"maxScrollStep":48,"diagonal":false,"clipped":false}
[DebugBridge +7473.5ms] wheel_scroll_motion {"rawX":2,"rawY":2,"clippedX":2,"clippedY":2,"appliedX":1.1152,"appliedY":1.1152,"actualX":0,"actualY":1,"sensitivity":0.5576,"currentZoomForScroll":1,"maxScrollStep":48,"diagonal":true,"clipped":false}
[DebugBridge +7481.0ms] wheel_scroll_motion {"rawX":2,"rawY":2,"clippedX":2,"clippedY":2,"appliedX":1.1152,"appliedY":1.1152,"actualX":0,"actualY":1,"sensitivity":0.5576,"currentZoomForScroll":1,"maxScrollStep":48,"diagonal":true,"clipped":false}
[DebugBridge +7531.5ms] wheel_scroll_motion {"rawX":2,"rawY":0,"clippedX":2,"clippedY":0,"appliedX":1.36,"appliedY":0,"actualX":0,"actualY":0,"sensitivity":0.68,"currentZoomForScroll":1,"maxScrollStep":48,"diagonal":false,"clipped":false}
[DebugBridge +7843.2ms] zoom_wheel_request {"rawDeltaY":4.34993314743042,"reportedZoom":67,"trustedReactZoom":67,"currentZoom":67,"reportedCurrentZoom":67,"nextZoom":67.52666109340744,"requestedDeltaAbs":0.5266610934074407,"reportedLagAbs":0,"rawGetZoomValue":67,"rawViewerZoomValue":67,"rawMagnificationZoom":null,"correctedSuspiciousZoom":false}
[DebugBridge +7843.3ms] zoom_start {"scale":0.67,"source":"overlay_wheel_zoom_pre","reportedScale":0.67,"correctedSuspiciousZoom":false}
[DebugBridge +7891.5ms] zoom_wheel_request {"rawDeltaY":6.780717372894287,"reportedZoom":67,"trustedReactZoom":67.52666109340744,"currentZoom":67.52666109340744,"reportedCurrentZoom":67,"nextZoom":68.35589388032402,"requestedDeltaAbs":0.8292327869165774,"reportedLagAbs":0.5266610934074407,"rawGetZoomValue":67,"rawViewerZoomValue":67,"rawMagnificationZoom":null,"correctedSuspiciousZoom":false}
[DebugBridge +7919.5ms] zoom_wheel_request {"rawDeltaY":50.34707260131836,"reportedZoom":68,"trustedReactZoom":68.35589388032402,"currentZoom":68.35589388032402,"reportedCurrentZoom":68,"nextZoom":74.84000146716595,"requestedDeltaAbs":6.48410758684193,"reportedLagAbs":0.35589388032401814,"rawGetZoomValue":68,"rawViewerZoomValue":68,"rawMagnificationZoom":null,"correctedSuspiciousZoom":false}
[DebugBridge +7949.8ms] zoom_wheel_request {"rawDeltaY":35.749996185302734,"reportedZoom":74,"trustedReactZoom":74.84000146716595,"currentZoom":74.84000146716595,"reportedCurrentZoom":74,"nextZoom":79.81428625172944,"requestedDeltaAbs":4.974284784563494,"reportedLagAbs":0.8400014671659477,"rawGetZoomValue":74,"rawViewerZoomValue":74,"rawMagnificationZoom":null,"correctedSuspiciousZoom":false}
[DebugBridge +7980.8ms] zoom_wheel_request {"rawDeltaY":24.563499450683594,"reportedZoom":79,"trustedReactZoom":79.81428625172944,"currentZoom":79.81428625172944,"reportedCurrentZoom":79,"nextZoom":83.42239622268657,"requestedDeltaAbs":3.6081099709571305,"reportedLagAbs":0.8142862517294418,"rawGetZoomValue":79,"rawViewerZoomValue":79,"rawMagnificationZoom":null,"correctedSuspiciousZoom":false}
[DebugBridge +8013.5ms] zoom_wheel_request {"rawDeltaY":16.48153305053711,"reportedZoom":83,"trustedReactZoom":83.42239622268657,"currentZoom":83.42239622268657,"reportedCurrentZoom":83,"nextZoom":85.93434484411306,"requestedDeltaAbs":2.511948621426484,"reportedLagAbs":0.4223962226865723,"rawGetZoomValue":83,"rawViewerZoomValue":83,"rawMagnificationZoom":null,"correctedSuspiciousZoom":false}
[DebugBridge +8042.4ms] zoom_wheel_request {"rawDeltaY":6.6689534187316895,"reportedZoom":85,"trustedReactZoom":85.93434484411306,"currentZoom":85.93434484411306,"reportedCurrentZoom":85,"nextZoom":86.97212706849567,"requestedDeltaAbs":1.0377822243826103,"reportedLagAbs":0.9343448441130562,"rawGetZoomValue":85,"rawViewerZoomValue":85,"rawMagnificationZoom":null,"correctedSuspiciousZoom":false}
[DebugBridge +8118.9ms] zoom_wheel_request {"rawDeltaY":2.6268310546875,"reportedZoom":86,"trustedReactZoom":86.97212706849567,"currentZoom":86.97212706849567,"reportedCurrentZoom":86,"nextZoom":87.38433076274838,"requestedDeltaAbs":0.4122036942527103,"reportedLagAbs":0.9721270684956664,"rawGetZoomValue":86,"rawViewerZoomValue":86,"rawMagnificationZoom":null,"correctedSuspiciousZoom":false}
[DebugBridge +8349.9ms] zoom_wheel_request {"rawDeltaY":3.3710875511169434,"reportedZoom":87,"trustedReactZoom":87.38433076274838,"currentZoom":87.38433076274838,"reportedCurrentZoom":87,"nextZoom":87.9161871852146,"requestedDeltaAbs":0.5318564224662197,"reportedLagAbs":0.38433076274837674,"rawGetZoomValue":87,"rawViewerZoomValue":87,"rawMagnificationZoom":null,"correctedSuspiciousZoom":false}
[DebugBridge +8377.8ms] zoom_wheel_request {"rawDeltaY":5.908560276031494,"reportedZoom":87,"trustedReactZoom":87.9161871852146,"currentZoom":87.9161871852146,"reportedCurrentZoom":87,"nextZoom":88.85620160755022,"requestedDeltaAbs":0.9400144223356222,"reportedLagAbs":0.9161871852145964,"rawGetZoomValue":87,"rawViewerZoomValue":87,"rawMagnificationZoom":null,"correctedSuspiciousZoom":false}
[DebugBridge +8403.7ms] zoom_wheel_request {"rawDeltaY":19.65428352355957,"reportedZoom":88,"trustedReactZoom":88.85620160755022,"currentZoom":88.85620160755022,"reportedCurrentZoom":88,"nextZoom":92.05599757045225,"requestedDeltaAbs":3.19979596290203,"reportedLagAbs":0.8562016075502186,"rawGetZoomValue":88,"rawViewerZoomValue":88,"rawMagnificationZoom":null,"correctedSuspiciousZoom":false}
[DebugBridge +8433.8ms] zoom_wheel_request {"rawDeltaY":35.22698211669922,"reportedZoom":92,"trustedReactZoom":92.05599757045225,"currentZoom":92.05599757045225,"reportedCurrentZoom":92,"nextZoom":98.08217315823771,"requestedDeltaAbs":6.02617558778546,"reportedLagAbs":0.055997570452248624,"rawGetZoomValue":92,"rawViewerZoomValue":92,"rawMagnificationZoom":null,"correctedSuspiciousZoom":false}
[DebugBridge +8465.3ms] zoom_wheel_request {"rawDeltaY":46.273406982421875,"reportedZoom":98,"trustedReactZoom":98.08217315823771,"currentZoom":98.08217315823771,"reportedCurrentZoom":98,"nextZoom":106.6015190369198,"requestedDeltaAbs":8.519345878682088,"reportedLagAbs":0.08217315823770832,"rawGetZoomValue":98,"rawViewerZoomValue":98,"rawMagnificationZoom":null,"correctedSuspiciousZoom":false}
[DebugBridge +8486.3ms] zoom_wheel_request {"rawDeltaY":28.85069465637207,"reportedZoom":106,"trustedReactZoom":106.6015190369198,"currentZoom":106.6015190369198,"reportedCurrentZoom":106,"nextZoom":112.28373453929007,"requestedDeltaAbs":5.682215502370269,"reportedLagAbs":0.6015190369197967,"rawGetZoomValue":106,"rawViewerZoomValue":106,"rawMagnificationZoom":null,"correctedSuspiciousZoom":false}
[DebugBridge +8511.6ms] zoom_wheel_request {"rawDeltaY":12.370283126831055,"reportedZoom":112,"trustedReactZoom":112.28373453929007,"currentZoom":112.28373453929007,"reportedCurrentZoom":112,"nextZoom":114.8119441414413,"requestedDeltaAbs":2.528209602151236,"reportedLagAbs":0.28373453929006587,"rawGetZoomValue":112,"rawViewerZoomValue":112,"rawMagnificationZoom":null,"correctedSuspiciousZoom":false}
[DebugBridge +8534.5ms] zoom_wheel_request {"rawDeltaY":8.583240509033203,"reportedZoom":114,"trustedReactZoom":114.81194414144129,"currentZoom":114.81194414144129,"reportedCurrentZoom":114,"nextZoom":116.59954298919476,"requestedDeltaAbs":1.7875988477534719,"reportedLagAbs":0.8119441414412876,"rawGetZoomValue":114,"rawViewerZoomValue":114,"rawMagnificationZoom":null,"correctedSuspiciousZoom":false}
[DebugBridge +8555.8ms] zoom_wheel_request {"rawDeltaY":5.426668167114258,"reportedZoom":116,"trustedReactZoom":116.59954298919475,"currentZoom":116.59954298919475,"reportedCurrentZoom":116,"nextZoom":117.7440684034084,"requestedDeltaAbs":1.1445254142136605,"reportedLagAbs":0.5995429891947452,"rawGetZoomValue":116,"rawViewerZoomValue":116,"rawMagnificationZoom":null,"correctedSuspiciousZoom":false}
[DebugBridge +8615.7ms] zoom_wheel_request {"rawDeltaY":1.7977498769760132,"reportedZoom":117,"trustedReactZoom":117.7440684034084,"currentZoom":117.7440684034084,"reportedCurrentZoom":117,"nextZoom":118.12569943188925,"requestedDeltaAbs":0.3816310284808395,"reportedLagAbs":0.7440684034084057,"rawGetZoomValue":117,"rawViewerZoomValue":117,"rawMagnificationZoom":null,"correctedSuspiciousZoom":false}
[DebugBridge +9728.5ms] wheel_scroll_motion {"rawX":0,"rawY":226,"clippedX":0,"clippedY":44.164065047816585,"appliedX":0,"appliedY":24.025251386012226,"actualX":0,"actualY":24,"sensitivity":0.544,"currentZoomForScroll":1.1812569943188924,"maxScrollStep":44.164065047816585,"diagonal":false,"clipped":true}
[DebugBridge +9751.4ms] zoom_end {"source":"zoomChange_settle"}
[DebugBridge +9907.5ms] wheel_scroll_motion {"rawX":70,"rawY":-66,"clippedX":44.164065047816585,"clippedY":-44.164065047816585,"appliedX":19.700706136530023,"appliedY":-19.700706136530023,"actualX":19.5,"actualY":-20,"sensitivity":0.44608000000000003,"currentZoomForScroll":1.1812569943188924,"maxScrollStep":44.164065047816585,"diagonal":true,"clipped":true}
[DebugBridge +9956.1ms] wheel_scroll_motion {"rawX":-50,"rawY":-32,"clippedX":-44.164065047816585,"clippedY":-32,"appliedX":-19.700706136530023,"appliedY":-14.274560000000001,"actualX":-20,"actualY":-14.5,"sensitivity":0.44608000000000003,"currentZoomForScroll":1.1812569943188924,"maxScrollStep":44.164065047816585,"diagonal":true,"clipped":true}
[DebugBridge +10063.8ms] wheel_scroll_motion {"rawX":-116,"rawY":38,"clippedX":-44.164065047816585,"clippedY":38,"appliedX":-19.700706136530023,"appliedY":16.951040000000003,"actualX":-20,"actualY":16.5,"sensitivity":0.44608000000000003,"currentZoomForScroll":1.1812569943188924,"maxScrollStep":44.164065047816585,"diagonal":true,"clipped":true}
[DebugBridge +10244.3ms] wheel_scroll_motion {"rawX":122,"rawY":184,"clippedX":44.164065047816585,"clippedY":44.164065047816585,"appliedX":19.700706136530023,"appliedY":19.700706136530023,"actualX":19.5,"actualY":19.5,"sensitivity":0.44608000000000003,"currentZoomForScroll":1.1812569943188924,"maxScrollStep":44.164065047816585,"diagonal":true,"clipped":true}
[DebugBridge +10397.5ms] wheel_scroll_motion {"rawX":-192,"rawY":2,"clippedX":-44.164065047816585,"clippedY":2,"appliedX":-19.700706136530023,"appliedY":0.8921600000000001,"actualX":-20,"actualY":0.5,"sensitivity":0.44608000000000003,"currentZoomForScroll":1.1812569943188924,"maxScrollStep":44.164065047816585,"diagonal":true,"clipped":true}
[DebugBridge +10492.0ms] wheel_scroll_motion {"rawX":54,"rawY":58,"clippedX":44.164065047816585,"clippedY":44.164065047816585,"appliedX":19.700706136530023,"appliedY":19.700706136530023,"actualX":19.5,"actualY":19.5,"sensitivity":0.44608000000000003,"currentZoomForScroll":1.1812569943188924,"maxScrollStep":44.164065047816585,"diagonal":true,"clipped":true}
[DebugBridge +10564.0ms] wheel_scroll_motion {"rawX":128,"rawY":-48,"clippedX":44.164065047816585,"clippedY":-44.164065047816585,"appliedX":19.700706136530023,"appliedY":-19.700706136530023,"actualX":19.5,"actualY":-20,"sensitivity":0.44608000000000003,"currentZoomForScroll":1.1812569943188924,"maxScrollStep":44.164065047816585,"diagonal":true,"clipped":true}
[DebugBridge +10633.6ms] wheel_scroll_motion {"rawX":10,"rawY":-72,"clippedX":10,"clippedY":-44.164065047816585,"appliedX":4.460800000000001,"appliedY":-19.700706136530023,"actualX":4,"actualY":-20,"sensitivity":0.44608000000000003,"currentZoomForScroll":1.1812569943188924,"maxScrollStep":44.164065047816585,"diagonal":true,"clipped":true}
[DebugBridge +10815.7ms] wheel_scroll_motion {"rawX":-100,"rawY":40,"clippedX":-44.164065047816585,"clippedY":40,"appliedX":-19.700706136530023,"appliedY":17.843200000000003,"actualX":-20,"actualY":17.5,"sensitivity":0.44608000000000003,"currentZoomForScroll":1.1812569943188924,"maxScrollStep":44.164065047816585,"diagonal":true,"clipped":true}
[DebugBridge +10976.9ms] wheel_scroll_motion {"rawX":74,"rawY":136,"clippedX":44.164065047816585,"clippedY":44.164065047816585,"appliedX":19.700706136530023,"appliedY":19.700706136530023,"actualX":19.5,"actualY":19.5,"sensitivity":0.44608000000000003,"currentZoomForScroll":1.1812569943188924,"maxScrollStep":44.164065047816585,"diagonal":true,"clipped":true}
[DebugBridge +11082.3ms] wheel_scroll_motion {"rawX":-150,"rawY":20,"clippedX":-44.164065047816585,"clippedY":20,"appliedX":-19.700706136530023,"appliedY":8.921600000000002,"actualX":-20,"actualY":8.5,"sensitivity":0.44608000000000003,"currentZoomForScroll":1.1812569943188924,"maxScrollStep":44.164065047816585,"diagonal":true,"clipped":true}
[DebugBridge +11183.9ms] wheel_scroll_motion {"rawX":-18,"rawY":68,"clippedX":-18,"clippedY":44.164065047816585,"appliedX":-8.029440000000001,"appliedY":19.700706136530023,"actualX":-8.5,"actualY":19.5,"sensitivity":0.44608000000000003,"currentZoomForScroll":1.1812569943188924,"maxScrollStep":44.164065047816585,"diagonal":true,"clipped":true}
[DebugBridge +11671.5ms] zoom_wheel_request {"rawDeltaY":5.32698392868042,"reportedZoom":118,"trustedReactZoom":118.12569943188925,"currentZoom":118.12569943188925,"reportedCurrentZoom":118,"nextZoom":119.26380377363249,"requestedDeltaAbs":1.1381043417432437,"reportedLagAbs":0.12569943188924526,"rawGetZoomValue":118,"rawViewerZoomValue":118,"rawMagnificationZoom":null,"correctedSuspiciousZoom":false}
[DebugBridge +11671.6ms] zoom_start {"scale":1.1812569943188924,"source":"overlay_wheel_zoom_pre","reportedScale":1.18,"correctedSuspiciousZoom":false}
[DebugBridge +11704.7ms] zoom_wheel_request {"rawDeltaY":8.033496856689453,"reportedZoom":119,"trustedReactZoom":119.26380377363247,"currentZoom":119.26380377363247,"reportedCurrentZoom":119,"nextZoom":121.00092283782787,"requestedDeltaAbs":1.7371190641953973,"reportedLagAbs":0.26380377363247476,"rawGetZoomValue":119,"rawViewerZoomValue":119,"rawMagnificationZoom":null,"correctedSuspiciousZoom":false}
[DebugBridge +11727.3ms] zoom_wheel_request {"rawDeltaY":32.015201568603516,"reportedZoom":121,"trustedReactZoom":121.00092283782786,"currentZoom":121.00092283782786,"reportedCurrentZoom":121,"nextZoom":128.17871936949894,"requestedDeltaAbs":7.177796531671078,"reportedLagAbs":0.0009228378278578475,"rawGetZoomValue":121,"rawViewerZoomValue":121,"rawMagnificationZoom":null,"correctedSuspiciousZoom":false}
[DebugBridge +11754.7ms] zoom_wheel_request {"rawDeltaY":13.201692581176758,"reportedZoom":128,"trustedReactZoom":128.17871936949894,"currentZoom":128.17871936949894,"reportedCurrentZoom":128,"nextZoom":131.26111476317655,"requestedDeltaAbs":3.082395393677615,"reportedLagAbs":0.17871936949893552,"rawGetZoomValue":128,"rawViewerZoomValue":128,"rawMagnificationZoom":null,"correctedSuspiciousZoom":false}
[DebugBridge +11781.4ms] zoom_wheel_request {"rawDeltaY":22.51797103881836,"reportedZoom":131,"trustedReactZoom":131.26111476317655,"currentZoom":131.26111476317655,"reportedCurrentZoom":131,"nextZoom":136.6907301317875,"requestedDeltaAbs":5.429615368610939,"reportedLagAbs":0.26111476317655047,"rawGetZoomValue":131,"rawViewerZoomValue":131,"rawMagnificationZoom":null,"correctedSuspiciousZoom":false}
[DebugBridge +11804.7ms] zoom_wheel_request {"rawDeltaY":25.512283325195312,"reportedZoom":136,"trustedReactZoom":136.6907301317875,"currentZoom":136.6907301317875,"reportedCurrentZoom":136,"nextZoom":143.1142181333304,"requestedDeltaAbs":6.423488001542921,"reportedLagAbs":0.6907301317874897,"rawGetZoomValue":136,"rawViewerZoomValue":136,"rawMagnificationZoom":null,"correctedSuspiciousZoom":false}
[DebugBridge +12137.2ms] zoom_wheel_request {"rawDeltaY":11.653321266174316,"reportedZoom":143,"trustedReactZoom":143.1142181333304,"currentZoom":143.1142181333304,"reportedCurrentZoom":143,"nextZoom":146.14788469475909,"requestedDeltaAbs":3.0336665614286744,"reportedLagAbs":0.11421813333041086,"rawGetZoomValue":143,"rawViewerZoomValue":143,"rawMagnificationZoom":null,"correctedSuspiciousZoom":false}
[DebugBridge +12159.4ms] zoom_wheel_request {"rawDeltaY":8.656956672668457,"reportedZoom":146,"trustedReactZoom":146.14788469475909,"currentZoom":146.14788469475909,"reportedCurrentZoom":146,"nextZoom":148.44307329630317,"requestedDeltaAbs":2.2951886015440834,"reportedLagAbs":0.14788469475908528,"rawGetZoomValue":146,"rawViewerZoomValue":146,"rawMagnificationZoom":null,"correctedSuspiciousZoom":false}
[DebugBridge +12188.8ms] zoom_wheel_request {"rawDeltaY":16.429710388183594,"reportedZoom":148,"trustedReactZoom":148.44307329630317,"currentZoom":148.44307329630317,"reportedCurrentZoom":148,"nextZoom":152.89860948862125,"requestedDeltaAbs":4.455536192318078,"reportedLagAbs":0.4430732963031687,"rawGetZoomValue":148,"rawViewerZoomValue":148,"rawMagnificationZoom":null,"correctedSuspiciousZoom":false}
[DebugBridge +12210.7ms] zoom_wheel_request {"rawDeltaY":42.3819465637207,"reportedZoom":152,"trustedReactZoom":152.89860948862125,"currentZoom":152.89860948862125,"reportedCurrentZoom":152,"nextZoom":165.0193141417603,"requestedDeltaAbs":12.120704653139057,"reportedLagAbs":0.898609488621247,"rawGetZoomValue":152,"rawViewerZoomValue":152,"rawMagnificationZoom":null,"correctedSuspiciousZoom":false}
[DebugBridge +12232.1ms] zoom_wheel_request {"rawDeltaY":24.422298431396484,"reportedZoom":165,"trustedReactZoom":165.0193141417603,"currentZoom":165.0193141417603,"reportedCurrentZoom":165,"nextZoom":172.43539759510983,"requestedDeltaAbs":7.416083453349529,"reportedLagAbs":0.019314141760304437,"rawGetZoomValue":165,"rawViewerZoomValue":165,"rawMagnificationZoom":null,"correctedSuspiciousZoom":false}
[DebugBridge +12253.2ms] zoom_wheel_request {"rawDeltaY":16.20089340209961,"reportedZoom":172,"trustedReactZoom":172.43539759510983,"currentZoom":172.43539759510983,"reportedCurrentZoom":172,"nextZoom":177.53792849575711,"requestedDeltaAbs":5.102530900647281,"reportedLagAbs":0.43539759510983345,"rawGetZoomValue":172,"rawViewerZoomValue":172,"rawMagnificationZoom":null,"correctedSuspiciousZoom":false}
[DebugBridge +12273.8ms] zoom_wheel_request {"rawDeltaY":10.436297416687012,"reportedZoom":177,"trustedReactZoom":177.53792849575711,"currentZoom":177.53792849575711,"reportedCurrentZoom":177,"nextZoom":180.90456067380958,"requestedDeltaAbs":3.3666321780524697,"reportedLagAbs":0.5379284957571144,"rawGetZoomValue":177,"rawViewerZoomValue":177,"rawMagnificationZoom":null,"correctedSuspiciousZoom":false}
[DebugBridge +12295.2ms] zoom_wheel_request {"rawDeltaY":5.928397178649902,"reportedZoom":180,"trustedReactZoom":180.90456067380958,"currentZoom":180.90456067380958,"reportedCurrentZoom":180,"nextZoom":182.8453508110105,"requestedDeltaAbs":1.9407901372009064,"reportedLagAbs":0.9045606738095842,"rawGetZoomValue":180,"rawViewerZoomValue":180,"rawMagnificationZoom":null,"correctedSuspiciousZoom":false}
[DebugBridge +12315.0ms] zoom_wheel_request {"rawDeltaY":2.8825409412384033,"reportedZoom":182,"trustedReactZoom":182.8453508110105,"currentZoom":182.8453508110105,"reportedCurrentZoom":182,"nextZoom":183.7965228675985,"requestedDeltaAbs":0.9511720565880069,"reportedLagAbs":0.8453508110104906,"rawGetZoomValue":182,"rawViewerZoomValue":182,"rawMagnificationZoom":null,"correctedSuspiciousZoom":false}
[DebugBridge +12621.5ms] zoom_wheel_request {"rawDeltaY":11.653321266174316,"reportedZoom":183,"trustedReactZoom":183.7965228675985,"currentZoom":183.7965228675985,"reportedCurrentZoom":183,"nextZoom":187.69255341440856,"requestedDeltaAbs":3.896030546810067,"reportedLagAbs":0.7965228675984974,"rawGetZoomValue":183,"rawViewerZoomValue":183,"rawMagnificationZoom":null,"correctedSuspiciousZoom":false}
[DebugBridge +12649.2ms] zoom_wheel_request {"rawDeltaY":9.421183586120605,"reportedZoom":187,"trustedReactZoom":187.69255341440856,"currentZoom":187.69255341440856,"reportedCurrentZoom":187,"nextZoom":190.90260956801333,"requestedDeltaAbs":3.210056153604768,"reportedLagAbs":0.6925534144085645,"rawGetZoomValue":187,"rawViewerZoomValue":187,"rawMagnificationZoom":null,"correctedSuspiciousZoom":false}
[DebugBridge +12672.0ms] zoom_wheel_request {"rawDeltaY":30.70903205871582,"reportedZoom":190,"trustedReactZoom":190.90260956801333,"currentZoom":190.90260956801333,"reportedCurrentZoom":190,"nextZoom":201.7520883272025,"requestedDeltaAbs":10.849478759189168,"reportedLagAbs":0.9026095680133324,"rawGetZoomValue":190,"rawViewerZoomValue":190,"rawMagnificationZoom":null,"correctedSuspiciousZoom":false}
[DebugBridge +12690.3ms] zoom_wheel_request {"rawDeltaY":34.108211517333984,"reportedZoom":201,"trustedReactZoom":201.7520883272025,"currentZoom":201.7520883272025,"reportedCurrentZoom":201,"nextZoom":214.52674993018914,"requestedDeltaAbs":12.77466160298664,"reportedLagAbs":0.7520883272025003,"rawGetZoomValue":201,"rawViewerZoomValue":201,"rawMagnificationZoom":null,"correctedSuspiciousZoom":false}
[DebugBridge +12708.8ms] zoom_wheel_request {"rawDeltaY":16.666885375976562,"reportedZoom":214,"trustedReactZoom":214.52674993018914,"currentZoom":214.52674993018914,"reportedCurrentZoom":214,"nextZoom":221.0601491461014,"requestedDeltaAbs":6.5333992159122545,"reportedLagAbs":0.5267499301891405,"rawGetZoomValue":214,"rawViewerZoomValue":214,"rawMagnificationZoom":null,"correctedSuspiciousZoom":false}
[DebugBridge +12727.0ms] zoom_wheel_request {"rawDeltaY":13.347826957702637,"reportedZoom":221,"trustedReactZoom":221.06014914610142,"currentZoom":221.06014914610142,"reportedCurrentZoom":221,"nextZoom":226.43567773733426,"requestedDeltaAbs":5.375528591232836,"reportedLagAbs":0.06014914610142341,"rawGetZoomValue":221,"rawViewerZoomValue":221,"rawMagnificationZoom":null,"correctedSuspiciousZoom":false}
[DebugBridge +12745.3ms] zoom_wheel_request {"rawDeltaY":7.8734307289123535,"reportedZoom":226,"trustedReactZoom":226.43567773733423,"currentZoom":226.43567773733423,"reportedCurrentZoom":226,"nextZoom":229.66761153082822,"requestedDeltaAbs":3.231933793493994,"reportedLagAbs":0.4356777373342311,"rawGetZoomValue":226,"rawViewerZoomValue":226,"rawMagnificationZoom":null,"correctedSuspiciousZoom":false}
[DebugBridge +13426.4ms] wheel_scroll_motion {"rawX":-32,"rawY":22,"clippedX":-31.673157502763605,"clippedY":22,"appliedX":-14.128762098832789,"appliedY":9.81376,"actualX":-14.5,"actualY":9.5,"sensitivity":0.44608000000000003,"currentZoomForScroll":2.296676115308282,"maxScrollStep":31.673157502763605,"diagonal":true,"clipped":true}
[DebugBridge +13469.0ms] wheel_scroll_motion {"rawX":-38,"rawY":-4,"clippedX":-31.673157502763605,"clippedY":-4,"appliedX":-14.128762098832789,"appliedY":-1.7843200000000001,"actualX":-14.5,"actualY":-2,"sensitivity":0.44608000000000003,"currentZoomForScroll":2.296676115308282,"maxScrollStep":31.673157502763605,"diagonal":true,"clipped":true}
[DebugBridge +14009.6ms] wheel_scroll_motion {"rawX":-22,"rawY":-50,"clippedX":-22,"clippedY":-31.673157502763605,"appliedX":-9.81376,"appliedY":-14.128762098832789,"actualX":-10,"actualY":-14.5,"sensitivity":0.44608000000000003,"currentZoomForScroll":2.296676115308282,"maxScrollStep":31.673157502763605,"diagonal":true,"clipped":true}
[DebugBridge +14022.7ms] wheel_scroll_motion {"rawX":-50,"rawY":6,"clippedX":-31.673157502763605,"clippedY":6,"appliedX":-14.128762098832789,"appliedY":2.67648,"actualX":-14.5,"actualY":2.5,"sensitivity":0.44608000000000003,"currentZoomForScroll":2.296676115308282,"maxScrollStep":31.673157502763605,"diagonal":true,"clipped":true}
[DebugBridge +14026.8ms] wheel_scroll_motion {"rawX":-52,"rawY":6,"clippedX":-31.673157502763605,"clippedY":6,"appliedX":-14.128762098832789,"appliedY":2.67648,"actualX":-14.5,"actualY":2.5,"sensitivity":0.44608000000000003,"currentZoomForScroll":2.296676115308282,"maxScrollStep":31.673157502763605,"diagonal":true,"clipped":true}
[DebugBridge +14031.4ms] zoom_end {"source":"zoomChange_settle"}
[DebugBridge +14077.5ms] wheel_scroll_motion {"rawX":-46,"rawY":8,"clippedX":-31.673157502763605,"clippedY":8,"appliedX":-14.128762098832789,"appliedY":3.5686400000000003,"actualX":-14.5,"actualY":3.5,"sensitivity":0.44608000000000003,"currentZoomForScroll":2.296676115308282,"maxScrollStep":31.673157502763605,"diagonal":true,"clipped":true}
[DebugBridge +14080.6ms] wheel_scroll_motion {"rawX":-62,"rawY":0,"clippedX":-31.673157502763605,"clippedY":0,"appliedX":-17.2301976815034,"appliedY":0,"actualX":-17.5,"actualY":0,"sensitivity":0.544,"currentZoomForScroll":2.296676115308282,"maxScrollStep":31.673157502763605,"diagonal":false,"clipped":true}
[DebugBridge +14125.6ms] wheel_scroll_motion {"rawX":8,"rawY":-54,"clippedX":8,"clippedY":-31.673157502763605,"appliedX":3.5686400000000003,"appliedY":-14.128762098832789,"actualX":3.5,"actualY":-14.5,"sensitivity":0.44608000000000003,"currentZoomForScroll":2.296676115308282,"maxScrollStep":31.673157502763605,"diagonal":true,"clipped":true}
[DebugBridge +14261.6ms] wheel_scroll_motion {"rawX":262,"rawY":-32,"clippedX":31.673157502763605,"clippedY":-31.673157502763605,"appliedX":14.128762098832789,"appliedY":-14.128762098832789,"actualX":14,"actualY":-14.5,"sensitivity":0.44608000000000003,"currentZoomForScroll":2.296676115308282,"maxScrollStep":31.673157502763605,"diagonal":true,"clipped":true}
[DebugBridge +14290.8ms] wheel_scroll_motion {"rawX":8,"rawY":38,"clippedX":8,"clippedY":31.673157502763605,"appliedX":3.5686400000000003,"appliedY":14.128762098832789,"actualX":3.5,"actualY":14,"sensitivity":0.44608000000000003,"currentZoomForScroll":2.296676115308282,"maxScrollStep":31.673157502763605,"diagonal":true,"clipped":true}
[DebugBridge +14322.9ms] wheel_scroll_motion {"rawX":2,"rawY":36,"clippedX":2,"clippedY":31.673157502763605,"appliedX":0.8921600000000001,"appliedY":14.128762098832789,"actualX":0.5,"actualY":14,"sensitivity":0.44608000000000003,"currentZoomForScroll":2.296676115308282,"maxScrollStep":31.673157502763605,"diagonal":true,"clipped":true}
[DebugBridge +14325.4ms] wheel_scroll_motion {"rawX":-14,"rawY":102,"clippedX":-14,"clippedY":31.673157502763605,"appliedX":-6.24512,"appliedY":14.128762098832789,"actualX":-6.5,"actualY":14,"sensitivity":0.44608000000000003,"currentZoomForScroll":2.296676115308282,"maxScrollStep":31.673157502763605,"diagonal":true,"clipped":true}
[DebugBridge +14500.9ms] wheel_scroll_motion {"rawX":-156,"rawY":60,"clippedX":-31.673157502763605,"clippedY":31.673157502763605,"appliedX":-14.128762098832789,"appliedY":14.128762098832789,"actualX":-14.5,"actualY":14,"sensitivity":0.44608000000000003,"currentZoomForScroll":2.296676115308282,"maxScrollStep":31.673157502763605,"diagonal":true,"clipped":true}
[DebugBridge +14764.1ms] wheel_scroll_motion {"rawX":166,"rawY":-54,"clippedX":31.673157502763605,"clippedY":-31.673157502763605,"appliedX":14.128762098832789,"appliedY":-14.128762098832789,"actualX":14,"actualY":-14.5,"sensitivity":0.44608000000000003,"currentZoomForScroll":2.296676115308282,"maxScrollStep":31.673157502763605,"diagonal":true,"clipped":true}
[DebugBridge +14981.8ms] wheel_scroll_motion {"rawX":-70,"rawY":36,"clippedX":-31.673157502763605,"clippedY":31.673157502763605,"appliedX":-14.128762098832789,"appliedY":14.128762098832789,"actualX":-14.5,"actualY":14,"sensitivity":0.44608000000000003,"currentZoomForScroll":2.296676115308282,"maxScrollStep":31.673157502763605,"diagonal":true,"clipped":true}
[DebugBridge +15103.3ms] wheel_scroll_motion {"rawX":-214,"rawY":82,"clippedX":-31.673157502763605,"clippedY":31.673157502763605,"appliedX":-14.128762098832789,"appliedY":14.128762098832789,"actualX":-14.5,"actualY":14,"sensitivity":0.44608000000000003,"currentZoomForScroll":2.296676115308282,"maxScrollStep":31.673157502763605,"diagonal":true,"clipped":true}
[DebugBridge +15218.0ms] wheel_scroll_motion {"rawX":-438,"rawY":50,"clippedX":-31.673157502763605,"clippedY":31.673157502763605,"appliedX":-14.128762098832789,"appliedY":14.128762098832789,"actualX":-14.5,"actualY":14,"sensitivity":0.44608000000000003,"currentZoomForScroll":2.296676115308282,"maxScrollStep":31.673157502763605,"diagonal":true,"clipped":true}
[DebugBridge +15357.6ms] wheel_scroll_motion {"rawX":-46,"rawY":0,"clippedX":-31.673157502763605,"clippedY":0,"appliedX":-17.2301976815034,"appliedY":0,"actualX":-17.5,"actualY":0,"sensitivity":0.544,"currentZoomForScroll":2.296676115308282,"maxScrollStep":31.673157502763605,"diagonal":false,"clipped":true}
[DebugBridge +15360.3ms] wheel_scroll_motion {"rawX":-962,"rawY":0,"clippedX":-31.673157502763605,"clippedY":0,"appliedX":-17.2301976815034,"appliedY":0,"actualX":-17.5,"actualY":0,"sensitivity":0.544,"currentZoomForScroll":2.296676115308282,"maxScrollStep":31.673157502763605,"diagonal":false,"clipped":true}
[DebugBridge +15369.5ms] wheel_scroll_motion {"rawX":-54,"rawY":0,"clippedX":-31.673157502763605,"clippedY":0,"appliedX":-17.2301976815034,"appliedY":0,"actualX":-17.5,"actualY":0,"sensitivity":0.544,"currentZoomForScroll":2.296676115308282,"maxScrollStep":31.673157502763605,"diagonal":false,"clipped":true}
[DebugBridge +15378.7ms] wheel_scroll_motion {"rawX":-50,"rawY":0,"clippedX":-31.673157502763605,"clippedY":0,"appliedX":-17.2301976815034,"appliedY":0,"actualX":-17.5,"actualY":0,"sensitivity":0.544,"currentZoomForScroll":2.296676115308282,"maxScrollStep":31.673157502763605,"diagonal":false,"clipped":true}
[DebugBridge +15384.9ms] wheel_scroll_motion {"rawX":-50,"rawY":0,"clippedX":-31.673157502763605,"clippedY":0,"appliedX":-17.2301976815034,"appliedY":0,"actualX":-17.5,"actualY":0,"sensitivity":0.544,"currentZoomForScroll":2.296676115308282,"maxScrollStep":31.673157502763605,"diagonal":false,"clipped":true}
[DebugBridge +15394.3ms] wheel_scroll_motion {"rawX":-48,"rawY":0,"clippedX":-31.673157502763605,"clippedY":0,"appliedX":-17.2301976815034,"appliedY":0,"actualX":-17.5,"actualY":0,"sensitivity":0.544,"currentZoomForScroll":2.296676115308282,"maxScrollStep":31.673157502763605,"diagonal":false,"clipped":true}
[DebugBridge +15402.4ms] wheel_scroll_motion {"rawX":-46,"rawY":0,"clippedX":-31.673157502763605,"clippedY":0,"appliedX":-17.2301976815034,"appliedY":0,"actualX":-17.5,"actualY":0,"sensitivity":0.544,"currentZoomForScroll":2.296676115308282,"maxScrollStep":31.673157502763605,"diagonal":false,"clipped":true}
[DebugBridge +15412.0ms] wheel_scroll_motion {"rawX":-44,"rawY":0,"clippedX":-31.673157502763605,"clippedY":0,"appliedX":-17.2301976815034,"appliedY":0,"actualX":-17.5,"actualY":0,"sensitivity":0.544,"currentZoomForScroll":2.296676115308282,"maxScrollStep":31.673157502763605,"diagonal":false,"clipped":true}
[DebugBridge +15418.8ms] wheel_scroll_motion {"rawX":-42,"rawY":0,"clippedX":-31.673157502763605,"clippedY":0,"appliedX":-17.2301976815034,"appliedY":0,"actualX":-17.5,"actualY":0,"sensitivity":0.544,"currentZoomForScroll":2.296676115308282,"maxScrollStep":31.673157502763605,"diagonal":false,"clipped":true}
[DebugBridge +15427.3ms] wheel_scroll_motion {"rawX":-38,"rawY":0,"clippedX":-31.673157502763605,"clippedY":0,"appliedX":-17.2301976815034,"appliedY":0,"actualX":-17.5,"actualY":0,"sensitivity":0.544,"currentZoomForScroll":2.296676115308282,"maxScrollStep":31.673157502763605,"diagonal":false,"clipped":true}
[DebugBridge +15436.8ms] wheel_scroll_motion {"rawX":-38,"rawY":0,"clippedX":-31.673157502763605,"clippedY":0,"appliedX":-17.2301976815034,"appliedY":0,"actualX":-17.5,"actualY":0,"sensitivity":0.544,"currentZoomForScroll":2.296676115308282,"maxScrollStep":31.673157502763605,"diagonal":false,"clipped":true}
[DebugBridge +15618.8ms] wheel_scroll_motion {"rawX":-38,"rawY":0,"clippedX":-31.673157502763605,"clippedY":0,"appliedX":-17.2301976815034,"appliedY":0,"actualX":-17.5,"actualY":0,"sensitivity":0.544,"currentZoomForScroll":2.296676115308282,"maxScrollStep":31.673157502763605,"diagonal":false,"clipped":true}
[DebugBridge +15628.9ms] wheel_scroll_motion {"rawX":-164,"rawY":0,"clippedX":-31.673157502763605,"clippedY":0,"appliedX":-17.2301976815034,"appliedY":0,"actualX":-17.5,"actualY":0,"sensitivity":0.544,"currentZoomForScroll":2.296676115308282,"maxScrollStep":31.673157502763605,"diagonal":false,"clipped":true}
[DebugBridge +15647.8ms] wheel_scroll_motion {"rawX":-72,"rawY":-4,"clippedX":-31.673157502763605,"clippedY":-4,"appliedX":-14.128762098832789,"appliedY":-1.7843200000000001,"actualX":-14.5,"actualY":-2,"sensitivity":0.44608000000000003,"currentZoomForScroll":2.296676115308282,"maxScrollStep":31.673157502763605,"diagonal":true,"clipped":true}
[DebugBridge +15652.4ms] wheel_scroll_motion {"rawX":-60,"rawY":0,"clippedX":-31.673157502763605,"clippedY":0,"appliedX":-17.2301976815034,"appliedY":0,"actualX":-17.5,"actualY":0,"sensitivity":0.544,"currentZoomForScroll":2.296676115308282,"maxScrollStep":31.673157502763605,"diagonal":false,"clipped":true}
[DebugBridge +15884.8ms] wheel_scroll_motion {"rawX":-38,"rawY":30,"clippedX":-31.673157502763605,"clippedY":30,"appliedX":-14.128762098832789,"appliedY":13.3824,"actualX":-14.5,"actualY":13,"sensitivity":0.44608000000000003,"currentZoomForScroll":2.296676115308282,"maxScrollStep":31.673157502763605,"diagonal":true,"clipped":true}
[DebugBridge +16195.5ms] wheel_scroll_motion {"rawX":-24,"rawY":-358,"clippedX":-24,"clippedY":-31.673157502763605,"appliedX":-10.70592,"appliedY":-14.128762098832789,"actualX":-11,"actualY":-14.5,"sensitivity":0.44608000000000003,"currentZoomForScroll":2.296676115308282,"maxScrollStep":31.673157502763605,"diagonal":true,"clipped":true}
[DebugBridge +16228.1ms] wheel_scroll_motion {"rawX":0,"rawY":-40,"clippedX":0,"clippedY":-31.673157502763605,"appliedX":0,"appliedY":-17.2301976815034,"actualX":0,"actualY":-17.5,"sensitivity":0.544,"currentZoomForScroll":2.296676115308282,"maxScrollStep":31.673157502763605,"diagonal":false,"clipped":true}
[DebugBridge +16235.9ms] wheel_scroll_motion {"rawX":0,"rawY":-48,"clippedX":0,"clippedY":-31.673157502763605,"appliedX":0,"appliedY":-17.2301976815034,"actualX":0,"actualY":-17.5,"sensitivity":0.544,"currentZoomForScroll":2.296676115308282,"maxScrollStep":31.673157502763605,"diagonal":false,"clipped":true}
[DebugBridge +16244.0ms] wheel_scroll_motion {"rawX":0,"rawY":-50,"clippedX":0,"clippedY":-31.673157502763605,"appliedX":0,"appliedY":-17.2301976815034,"actualX":0,"actualY":-17.5,"sensitivity":0.544,"currentZoomForScroll":2.296676115308282,"maxScrollStep":31.673157502763605,"diagonal":false,"clipped":true}
[DebugBridge +16253.4ms] wheel_scroll_motion {"rawX":0,"rawY":-54,"clippedX":0,"clippedY":-31.673157502763605,"appliedX":0,"appliedY":-17.2301976815034,"actualX":0,"actualY":-17.5,"sensitivity":0.544,"currentZoomForScroll":2.296676115308282,"maxScrollStep":31.673157502763605,"diagonal":false,"clipped":true}
[DebugBridge +16261.4ms] wheel_scroll_motion {"rawX":0,"rawY":-54,"clippedX":0,"clippedY":-31.673157502763605,"appliedX":0,"appliedY":-17.2301976815034,"actualX":0,"actualY":-17.5,"sensitivity":0.544,"currentZoomForScroll":2.296676115308282,"maxScrollStep":31.673157502763605,"diagonal":false,"clipped":true}
[DebugBridge +16269.4ms] wheel_scroll_motion {"rawX":0,"rawY":-52,"clippedX":0,"clippedY":-31.673157502763605,"appliedX":0,"appliedY":-17.2301976815034,"actualX":0,"actualY":-17.5,"sensitivity":0.544,"currentZoomForScroll":2.296676115308282,"maxScrollStep":31.673157502763605,"diagonal":false,"clipped":true}
[DebugBridge +16277.6ms] wheel_scroll_motion {"rawX":0,"rawY":-60,"clippedX":0,"clippedY":-31.673157502763605,"appliedX":0,"appliedY":-17.2301976815034,"actualX":0,"actualY":-17.5,"sensitivity":0.544,"currentZoomForScroll":2.296676115308282,"maxScrollStep":31.673157502763605,"diagonal":false,"clipped":true}
[DebugBridge +16286.7ms] wheel_scroll_motion {"rawX":0,"rawY":-60,"clippedX":0,"clippedY":-31.673157502763605,"appliedX":0,"appliedY":-17.2301976815034,"actualX":0,"actualY":-17.5,"sensitivity":0.544,"currentZoomForScroll":2.296676115308282,"maxScrollStep":31.673157502763605,"diagonal":false,"clipped":true}
[DebugBridge +16294.7ms] wheel_scroll_motion {"rawX":0,"rawY":-56,"clippedX":0,"clippedY":-31.673157502763605,"appliedX":0,"appliedY":-17.2301976815034,"actualX":0,"actualY":-17.5,"sensitivity":0.544,"currentZoomForScroll":2.296676115308282,"maxScrollStep":31.673157502763605,"diagonal":false,"clipped":true}
[DebugBridge +16302.2ms] wheel_scroll_motion {"rawX":0,"rawY":-54,"clippedX":0,"clippedY":-31.673157502763605,"appliedX":0,"appliedY":-17.2301976815034,"actualX":0,"actualY":-17.5,"sensitivity":0.544,"currentZoomForScroll":2.296676115308282,"maxScrollStep":31.673157502763605,"diagonal":false,"clipped":true}
[DebugBridge +16311.5ms] wheel_scroll_motion {"rawX":0,"rawY":-52,"clippedX":0,"clippedY":-31.673157502763605,"appliedX":0,"appliedY":-17.2301976815034,"actualX":0,"actualY":-17.5,"sensitivity":0.544,"currentZoomForScroll":2.296676115308282,"maxScrollStep":31.673157502763605,"diagonal":false,"clipped":true}
[DebugBridge +16319.4ms] wheel_scroll_motion {"rawX":0,"rawY":-52,"clippedX":0,"clippedY":-31.673157502763605,"appliedX":0,"appliedY":-17.2301976815034,"actualX":0,"actualY":-17.5,"sensitivity":0.544,"currentZoomForScroll":2.296676115308282,"maxScrollStep":31.673157502763605,"diagonal":false,"clipped":true}
[DebugBridge +16327.6ms] wheel_scroll_motion {"rawX":0,"rawY":-50,"clippedX":0,"clippedY":-31.673157502763605,"appliedX":0,"appliedY":-17.2301976815034,"actualX":0,"actualY":-17.5,"sensitivity":0.544,"currentZoomForScroll":2.296676115308282,"maxScrollStep":31.673157502763605,"diagonal":false,"clipped":true}
[DebugBridge +16335.5ms] wheel_scroll_motion {"rawX":0,"rawY":-48,"clippedX":0,"clippedY":-31.673157502763605,"appliedX":0,"appliedY":-17.2301976815034,"actualX":0,"actualY":-17.5,"sensitivity":0.544,"currentZoomForScroll":2.296676115308282,"maxScrollStep":31.673157502763605,"diagonal":false,"clipped":true}
[DebugBridge +16344.8ms] wheel_scroll_motion {"rawX":0,"rawY":-46,"clippedX":0,"clippedY":-31.673157502763605,"appliedX":0,"appliedY":-17.2301976815034,"actualX":0,"actualY":-17.5,"sensitivity":0.544,"currentZoomForScroll":2.296676115308282,"maxScrollStep":31.673157502763605,"diagonal":false,"clipped":true}
[DebugBridge +16352.9ms] wheel_scroll_motion {"rawX":0,"rawY":-42,"clippedX":0,"clippedY":-31.673157502763605,"appliedX":0,"appliedY":-17.2301976815034,"actualX":0,"actualY":-17.5,"sensitivity":0.544,"currentZoomForScroll":2.296676115308282,"maxScrollStep":31.673157502763605,"diagonal":false,"clipped":true}
[DebugBridge +16361.6ms] wheel_scroll_motion {"rawX":0,"rawY":-42,"clippedX":0,"clippedY":-31.673157502763605,"appliedX":0,"appliedY":-17.2301976815034,"actualX":0,"actualY":-17.5,"sensitivity":0.544,"currentZoomForScroll":2.296676115308282,"maxScrollStep":31.673157502763605,"diagonal":false,"clipped":true}
[DebugBridge +16369.2ms] wheel_scroll_motion {"rawX":0,"rawY":-42,"clippedX":0,"clippedY":-31.673157502763605,"appliedX":0,"appliedY":-17.2301976815034,"actualX":0,"actualY":-17.5,"sensitivity":0.544,"currentZoomForScroll":2.296676115308282,"maxScrollStep":31.673157502763605,"diagonal":false,"clipped":true}
[DebugBridge +16376.0ms] wheel_scroll_motion {"rawX":0,"rawY":-40,"clippedX":0,"clippedY":-31.673157502763605,"appliedX":0,"appliedY":-17.2301976815034,"actualX":0,"actualY":-17.5,"sensitivity":0.544,"currentZoomForScroll":2.296676115308282,"maxScrollStep":31.673157502763605,"diagonal":false,"clipped":true}
[DebugBridge +16387.0ms] wheel_scroll_motion {"rawX":0,"rawY":-38,"clippedX":0,"clippedY":-31.673157502763605,"appliedX":0,"appliedY":-17.2301976815034,"actualX":0,"actualY":-17.5,"sensitivity":0.544,"currentZoomForScroll":2.296676115308282,"maxScrollStep":31.673157502763605,"diagonal":false,"clipped":true}
[DebugBridge +16518.8ms] wheel_scroll_motion {"rawX":32,"rawY":-10,"clippedX":31.673157502763605,"clippedY":-10,"appliedX":14.128762098832789,"appliedY":-4.460800000000001,"actualX":14,"actualY":-4.5,"sensitivity":0.44608000000000003,"currentZoomForScroll":2.296676115308282,"maxScrollStep":31.673157502763605,"diagonal":true,"clipped":true}
[DebugBridge +16823.3ms] wheel_scroll_motion {"rawX":34,"rawY":10,"clippedX":31.673157502763605,"clippedY":10,"appliedX":14.128762098832789,"appliedY":4.460800000000001,"actualX":14,"actualY":4,"sensitivity":0.44608000000000003,"currentZoomForScroll":2.296676115308282,"maxScrollStep":31.673157502763605,"diagonal":true,"clipped":true}
[DebugBridge +16844.3ms] wheel_scroll_motion {"rawX":34,"rawY":4,"clippedX":31.673157502763605,"clippedY":4,"appliedX":14.128762098832789,"appliedY":1.7843200000000001,"actualX":14,"actualY":1.5,"sensitivity":0.44608000000000003,"currentZoomForScroll":2.296676115308282,"maxScrollStep":31.673157502763605,"diagonal":true,"clipped":true}
[DebugBridge +16851.5ms] wheel_scroll_motion {"rawX":34,"rawY":4,"clippedX":31.673157502763605,"clippedY":4,"appliedX":14.128762098832789,"appliedY":1.7843200000000001,"actualX":14,"actualY":1.5,"sensitivity":0.44608000000000003,"currentZoomForScroll":2.296676115308282,"maxScrollStep":31.673157502763605,"diagonal":true,"clipped":true}
[DebugBridge +16868.9ms] wheel_scroll_motion {"rawX":40,"rawY":-6,"clippedX":31.673157502763605,"clippedY":-6,"appliedX":14.128762098832789,"appliedY":-2.67648,"actualX":14,"actualY":-3,"sensitivity":0.44608000000000003,"currentZoomForScroll":2.296676115308282,"maxScrollStep":31.673157502763605,"diagonal":true,"clipped":true}
[DebugBridge +16961.0ms] wheel_scroll_motion {"rawX":32,"rawY":0,"clippedX":31.673157502763605,"clippedY":0,"appliedX":17.2301976815034,"appliedY":0,"actualX":17,"actualY":0,"sensitivity":0.544,"currentZoomForScroll":2.296676115308282,"maxScrollStep":31.673157502763605,"diagonal":false,"clipped":true}
[DebugBridge +16969.6ms] wheel_scroll_motion {"rawX":32,"rawY":0,"clippedX":31.673157502763605,"clippedY":0,"appliedX":17.2301976815034,"appliedY":0,"actualX":17,"actualY":0,"sensitivity":0.544,"currentZoomForScroll":2.296676115308282,"maxScrollStep":31.673157502763605,"diagonal":false,"clipped":true}
[DebugBridge +16977.1ms] wheel_scroll_motion {"rawX":36,"rawY":0,"clippedX":31.673157502763605,"clippedY":0,"appliedX":17.2301976815034,"appliedY":0,"actualX":17,"actualY":0,"sensitivity":0.544,"currentZoomForScroll":2.296676115308282,"maxScrollStep":31.673157502763605,"diagonal":false,"clipped":true}
[DebugBridge +16986.6ms] wheel_scroll_motion {"rawX":38,"rawY":0,"clippedX":31.673157502763605,"clippedY":0,"appliedX":17.2301976815034,"appliedY":0,"actualX":17,"actualY":0,"sensitivity":0.544,"currentZoomForScroll":2.296676115308282,"maxScrollStep":31.673157502763605,"diagonal":false,"clipped":true}
[DebugBridge +16993.8ms] wheel_scroll_motion {"rawX":34,"rawY":0,"clippedX":31.673157502763605,"clippedY":0,"appliedX":17.2301976815034,"appliedY":0,"actualX":17,"actualY":0,"sensitivity":0.544,"currentZoomForScroll":2.296676115308282,"maxScrollStep":31.673157502763605,"diagonal":false,"clipped":true}
[DebugBridge +17002.3ms] wheel_scroll_motion {"rawX":34,"rawY":0,"clippedX":31.673157502763605,"clippedY":0,"appliedX":17.2301976815034,"appliedY":0,"actualX":17,"actualY":0,"sensitivity":0.544,"currentZoomForScroll":2.296676115308282,"maxScrollStep":31.673157502763605,"diagonal":false,"clipped":true}
[DebugBridge +17012.1ms] wheel_scroll_motion {"rawX":34,"rawY":0,"clippedX":31.673157502763605,"clippedY":0,"appliedX":17.2301976815034,"appliedY":0,"actualX":17,"actualY":0,"sensitivity":0.544,"currentZoomForScroll":2.296676115308282,"maxScrollStep":31.673157502763605,"diagonal":false,"clipped":true}
[DebugBridge +17269.2ms] wheel_scroll_motion {"rawX":18,"rawY":34,"clippedX":18,"clippedY":31.673157502763605,"appliedX":8.029440000000001,"appliedY":14.128762098832789,"actualX":8,"actualY":14,"sensitivity":0.44608000000000003,"currentZoomForScroll":2.296676115308282,"maxScrollStep":31.673157502763605,"diagonal":true,"clipped":true}
[DebugBridge +17285.7ms] wheel_scroll_motion {"rawX":14,"rawY":44,"clippedX":14,"clippedY":31.673157502763605,"appliedX":6.24512,"appliedY":14.128762098832789,"actualX":6,"actualY":14,"sensitivity":0.44608000000000003,"currentZoomForScroll":2.296676115308282,"maxScrollStep":31.673157502763605,"diagonal":true,"clipped":true}
[DebugBridge +17294.8ms] wheel_scroll_motion {"rawX":10,"rawY":52,"clippedX":10,"clippedY":31.673157502763605,"appliedX":4.460800000000001,"appliedY":14.128762098832789,"actualX":4,"actualY":14,"sensitivity":0.44608000000000003,"currentZoomForScroll":2.296676115308282,"maxScrollStep":31.673157502763605,"diagonal":true,"clipped":true}
[DebugBridge +17311.2ms] wheel_scroll_motion {"rawX":4,"rawY":40,"clippedX":4,"clippedY":31.673157502763605,"appliedX":1.7843200000000001,"appliedY":14.128762098832789,"actualX":1.5,"actualY":14,"sensitivity":0.44608000000000003,"currentZoomForScroll":2.296676115308282,"maxScrollStep":31.673157502763605,"diagonal":true,"clipped":true}
[DebugBridge +17319.4ms] wheel_scroll_motion {"rawX":2,"rawY":38,"clippedX":2,"clippedY":31.673157502763605,"appliedX":0.8921600000000001,"appliedY":14.128762098832789,"actualX":0.5,"actualY":14,"sensitivity":0.44608000000000003,"currentZoomForScroll":2.296676115308282,"maxScrollStep":31.673157502763605,"diagonal":true,"clipped":true}
[DebugBridge +17327.6ms] wheel_scroll_motion {"rawX":0,"rawY":52,"clippedX":0,"clippedY":31.673157502763605,"appliedX":0,"appliedY":17.2301976815034,"actualX":0,"actualY":17,"sensitivity":0.544,"currentZoomForScroll":2.296676115308282,"maxScrollStep":31.673157502763605,"diagonal":false,"clipped":true}
[DebugBridge +17361.5ms] wheel_scroll_motion {"rawX":-6,"rawY":34,"clippedX":-6,"clippedY":31.673157502763605,"appliedX":-2.67648,"appliedY":14.128762098832789,"actualX":-3,"actualY":14,"sensitivity":0.44608000000000003,"currentZoomForScroll":2.296676115308282,"maxScrollStep":31.673157502763605,"diagonal":true,"clipped":true}
[DebugBridge +17369.0ms] wheel_scroll_motion {"rawX":0,"rawY":40,"clippedX":0,"clippedY":31.673157502763605,"appliedX":0,"appliedY":17.2301976815034,"actualX":0,"actualY":17,"sensitivity":0.544,"currentZoomForScroll":2.296676115308282,"maxScrollStep":31.673157502763605,"diagonal":false,"clipped":true}
[DebugBridge +17378.6ms] wheel_scroll_motion {"rawX":0,"rawY":46,"clippedX":0,"clippedY":31.673157502763605,"appliedX":0,"appliedY":17.2301976815034,"actualX":0,"actualY":17,"sensitivity":0.544,"currentZoomForScroll":2.296676115308282,"maxScrollStep":31.673157502763605,"diagonal":false,"clipped":true}
[DebugBridge +17385.5ms] wheel_scroll_motion {"rawX":0,"rawY":50,"clippedX":0,"clippedY":31.673157502763605,"appliedX":0,"appliedY":17.2301976815034,"actualX":0,"actualY":17,"sensitivity":0.544,"currentZoomForScroll":2.296676115308282,"maxScrollStep":31.673157502763605,"diagonal":false,"clipped":true}
[DebugBridge +17395.0ms] wheel_scroll_motion {"rawX":0,"rawY":54,"clippedX":0,"clippedY":31.673157502763605,"appliedX":0,"appliedY":17.2301976815034,"actualX":0,"actualY":17,"sensitivity":0.544,"currentZoomForScroll":2.296676115308282,"maxScrollStep":31.673157502763605,"diagonal":false,"clipped":true}
[DebugBridge +17403.2ms] wheel_scroll_motion {"rawX":0,"rawY":54,"clippedX":0,"clippedY":31.673157502763605,"appliedX":0,"appliedY":17.2301976815034,"actualX":0,"actualY":17,"sensitivity":0.544,"currentZoomForScroll":2.296676115308282,"maxScrollStep":31.673157502763605,"diagonal":false,"clipped":true}
[DebugBridge +17409.7ms] wheel_scroll_motion {"rawX":0,"rawY":52,"clippedX":0,"clippedY":31.673157502763605,"appliedX":0,"appliedY":17.2301976815034,"actualX":0,"actualY":17,"sensitivity":0.544,"currentZoomForScroll":2.296676115308282,"maxScrollStep":31.673157502763605,"diagonal":false,"clipped":true}
[DebugBridge +17420.4ms] wheel_scroll_motion {"rawX":0,"rawY":60,"clippedX":0,"clippedY":31.673157502763605,"appliedX":0,"appliedY":17.2301976815034,"actualX":0,"actualY":17,"sensitivity":0.544,"currentZoomForScroll":2.296676115308282,"maxScrollStep":31.673157502763605,"diagonal":false,"clipped":true}
[DebugBridge +17427.1ms] wheel_scroll_motion {"rawX":0,"rawY":60,"clippedX":0,"clippedY":31.673157502763605,"appliedX":0,"appliedY":17.2301976815034,"actualX":0,"actualY":17,"sensitivity":0.544,"currentZoomForScroll":2.296676115308282,"maxScrollStep":31.673157502763605,"diagonal":false,"clipped":true}
[DebugBridge +17436.6ms] wheel_scroll_motion {"rawX":0,"rawY":56,"clippedX":0,"clippedY":31.673157502763605,"appliedX":0,"appliedY":17.2301976815034,"actualX":0,"actualY":17,"sensitivity":0.544,"currentZoomForScroll":2.296676115308282,"maxScrollStep":31.673157502763605,"diagonal":false,"clipped":true}
[DebugBridge +17444.3ms] wheel_scroll_motion {"rawX":0,"rawY":54,"clippedX":0,"clippedY":31.673157502763605,"appliedX":0,"appliedY":17.2301976815034,"actualX":0,"actualY":17,"sensitivity":0.544,"currentZoomForScroll":2.296676115308282,"maxScrollStep":31.673157502763605,"diagonal":false,"clipped":true}
[DebugBridge +17452.7ms] wheel_scroll_motion {"rawX":0,"rawY":52,"clippedX":0,"clippedY":31.673157502763605,"appliedX":0,"appliedY":17.2301976815034,"actualX":0,"actualY":17,"sensitivity":0.544,"currentZoomForScroll":2.296676115308282,"maxScrollStep":31.673157502763605,"diagonal":false,"clipped":true}
[DebugBridge +17460.7ms] wheel_scroll_motion {"rawX":0,"rawY":52,"clippedX":0,"clippedY":31.673157502763605,"appliedX":0,"appliedY":17.2301976815034,"actualX":0,"actualY":17,"sensitivity":0.544,"currentZoomForScroll":2.296676115308282,"maxScrollStep":31.673157502763605,"diagonal":false,"clipped":true}
[DebugBridge +17470.1ms] wheel_scroll_motion {"rawX":0,"rawY":50,"clippedX":0,"clippedY":31.673157502763605,"appliedX":0,"appliedY":17.2301976815034,"actualX":0,"actualY":17,"sensitivity":0.544,"currentZoomForScroll":2.296676115308282,"maxScrollStep":31.673157502763605,"diagonal":false,"clipped":true}
[DebugBridge +17478.2ms] wheel_scroll_motion {"rawX":0,"rawY":48,"clippedX":0,"clippedY":31.673157502763605,"appliedX":0,"appliedY":17.2301976815034,"actualX":0,"actualY":17,"sensitivity":0.544,"currentZoomForScroll":2.296676115308282,"maxScrollStep":31.673157502763605,"diagonal":false,"clipped":true}
[DebugBridge +17485.9ms] wheel_scroll_motion {"rawX":0,"rawY":46,"clippedX":0,"clippedY":31.673157502763605,"appliedX":0,"appliedY":17.2301976815034,"actualX":0,"actualY":17,"sensitivity":0.544,"currentZoomForScroll":2.296676115308282,"maxScrollStep":31.673157502763605,"diagonal":false,"clipped":true}
[DebugBridge +17494.2ms] wheel_scroll_motion {"rawX":0,"rawY":42,"clippedX":0,"clippedY":31.673157502763605,"appliedX":0,"appliedY":17.2301976815034,"actualX":0,"actualY":17,"sensitivity":0.544,"currentZoomForScroll":2.296676115308282,"maxScrollStep":31.673157502763605,"diagonal":false,"clipped":true}
[DebugBridge +17502.7ms] wheel_scroll_motion {"rawX":0,"rawY":42,"clippedX":0,"clippedY":31.673157502763605,"appliedX":0,"appliedY":17.2301976815034,"actualX":0,"actualY":17,"sensitivity":0.544,"currentZoomForScroll":2.296676115308282,"maxScrollStep":31.673157502763605,"diagonal":false,"clipped":true}
[DebugBridge +17541.4ms] wheel_scroll_motion {"rawX":0,"rawY":42,"clippedX":0,"clippedY":31.673157502763605,"appliedX":0,"appliedY":17.2301976815034,"actualX":0,"actualY":17,"sensitivity":0.544,"currentZoomForScroll":2.296676115308282,"maxScrollStep":31.673157502763605,"diagonal":false,"clipped":true}
[DebugBridge +17544.5ms] wheel_scroll_motion {"rawX":0,"rawY":150,"clippedX":0,"clippedY":31.673157502763605,"appliedX":0,"appliedY":17.2301976815034,"actualX":0,"actualY":17,"sensitivity":0.544,"currentZoomForScroll":2.296676115308282,"maxScrollStep":31.673157502763605,"diagonal":false,"clipped":true}
[DebugBridge +17577.7ms] wheel_scroll_motion {"rawX":0,"rawY":34,"clippedX":0,"clippedY":31.673157502763605,"appliedX":0,"appliedY":17.2301976815034,"actualX":0,"actualY":17,"sensitivity":0.544,"currentZoomForScroll":2.296676115308282,"maxScrollStep":31.673157502763605,"diagonal":false,"clipped":true}
[DebugBridge +17643.9ms] wheel_scroll_motion {"rawX":-14,"rawY":102,"clippedX":-14,"clippedY":31.673157502763605,"appliedX":-6.24512,"appliedY":14.128762098832789,"actualX":-6.5,"actualY":14,"sensitivity":0.44608000000000003,"currentZoomForScroll":2.296676115308282,"maxScrollStep":31.673157502763605,"diagonal":true,"clipped":true}
[DebugBridge +17652.8ms] wheel_scroll_motion {"rawX":-10,"rawY":94,"clippedX":-10,"clippedY":31.673157502763605,"appliedX":-4.460800000000001,"appliedY":14.128762098832789,"actualX":-4.5,"actualY":14,"sensitivity":0.44608000000000003,"currentZoomForScroll":2.296676115308282,"maxScrollStep":31.673157502763605,"diagonal":true,"clipped":true}
[DebugBridge +17660.1ms] wheel_scroll_motion {"rawX":-6,"rawY":68,"clippedX":-6,"clippedY":31.673157502763605,"appliedX":-2.67648,"appliedY":14.128762098832789,"actualX":-3,"actualY":14,"sensitivity":0.44608000000000003,"currentZoomForScroll":2.296676115308282,"maxScrollStep":31.673157502763605,"diagonal":true,"clipped":true}
[DebugBridge +17678.6ms] wheel_scroll_motion {"rawX":-24,"rawY":206,"clippedX":-24,"clippedY":31.673157502763605,"appliedX":-10.70592,"appliedY":14.128762098832789,"actualX":-11,"actualY":14,"sensitivity":0.44608000000000003,"currentZoomForScroll":2.296676115308282,"maxScrollStep":31.673157502763605,"diagonal":true,"clipped":true}
[DebugBridge +17686.4ms] wheel_scroll_motion {"rawX":-12,"rawY":106,"clippedX":-12,"clippedY":31.673157502763605,"appliedX":-5.35296,"appliedY":14.128762098832789,"actualX":-5.5,"actualY":14,"sensitivity":0.44608000000000003,"currentZoomForScroll":2.296676115308282,"maxScrollStep":31.673157502763605,"diagonal":true,"clipped":true}
[DebugBridge +17694.4ms] wheel_scroll_motion {"rawX":0,"rawY":152,"clippedX":0,"clippedY":31.673157502763605,"appliedX":0,"appliedY":17.2301976815034,"actualX":0,"actualY":17,"sensitivity":0.544,"currentZoomForScroll":2.296676115308282,"maxScrollStep":31.673157502763605,"diagonal":false,"clipped":true}
[DebugBridge +17701.3ms] wheel_scroll_motion {"rawX":0,"rawY":166,"clippedX":0,"clippedY":31.673157502763605,"appliedX":0,"appliedY":17.2301976815034,"actualX":0,"actualY":17,"sensitivity":0.544,"currentZoomForScroll":2.296676115308282,"maxScrollStep":31.673157502763605,"diagonal":false,"clipped":true}
[DebugBridge +17718.6ms] wheel_scroll_motion {"rawX":0,"rawY":158,"clippedX":0,"clippedY":31.673157502763605,"appliedX":0,"appliedY":17.2301976815034,"actualX":0,"actualY":17,"sensitivity":0.544,"currentZoomForScroll":2.296676115308282,"maxScrollStep":31.673157502763605,"diagonal":false,"clipped":true}
[DebugBridge +17728.8ms] wheel_scroll_motion {"rawX":0,"rawY":156,"clippedX":0,"clippedY":31.673157502763605,"appliedX":0,"appliedY":17.2301976815034,"actualX":0,"actualY":17,"sensitivity":0.544,"currentZoomForScroll":2.296676115308282,"maxScrollStep":31.673157502763605,"diagonal":false,"clipped":true}
[DebugBridge +17735.6ms] wheel_scroll_motion {"rawX":0,"rawY":152,"clippedX":0,"clippedY":31.673157502763605,"appliedX":0,"appliedY":17.2301976815034,"actualX":0,"actualY":17,"sensitivity":0.544,"currentZoomForScroll":2.296676115308282,"maxScrollStep":31.673157502763605,"diagonal":false,"clipped":true}
[DebugBridge +17744.1ms] wheel_scroll_motion {"rawX":0,"rawY":148,"clippedX":0,"clippedY":31.673157502763605,"appliedX":0,"appliedY":17.2301976815034,"actualX":0,"actualY":17,"sensitivity":0.544,"currentZoomForScroll":2.296676115308282,"maxScrollStep":31.673157502763605,"diagonal":false,"clipped":true}
[DebugBridge +17753.3ms] wheel_scroll_motion {"rawX":0,"rawY":136,"clippedX":0,"clippedY":31.673157502763605,"appliedX":0,"appliedY":17.2301976815034,"actualX":0,"actualY":17,"sensitivity":0.544,"currentZoomForScroll":2.296676115308282,"maxScrollStep":31.673157502763605,"diagonal":false,"clipped":true}
[DebugBridge +17760.5ms] wheel_scroll_motion {"rawX":0,"rawY":130,"clippedX":0,"clippedY":31.673157502763605,"appliedX":0,"appliedY":17.2301976815034,"actualX":0,"actualY":17,"sensitivity":0.544,"currentZoomForScroll":2.296676115308282,"maxScrollStep":31.673157502763605,"diagonal":false,"clipped":true}
[DebugBridge +17770.0ms] wheel_scroll_motion {"rawX":0,"rawY":128,"clippedX":0,"clippedY":31.673157502763605,"appliedX":0,"appliedY":17.2301976815034,"actualX":0,"actualY":17,"sensitivity":0.544,"currentZoomForScroll":2.296676115308282,"maxScrollStep":31.673157502763605,"diagonal":false,"clipped":true}
[DebugBridge +17777.8ms] wheel_scroll_motion {"rawX":0,"rawY":126,"clippedX":0,"clippedY":31.673157502763605,"appliedX":0,"appliedY":17.2301976815034,"actualX":0,"actualY":17,"sensitivity":0.544,"currentZoomForScroll":2.296676115308282,"maxScrollStep":31.673157502763605,"diagonal":false,"clipped":true}
[DebugBridge +17786.4ms] wheel_scroll_motion {"rawX":0,"rawY":122,"clippedX":0,"clippedY":31.673157502763605,"appliedX":0,"appliedY":17.2301976815034,"actualX":0,"actualY":17,"sensitivity":0.544,"currentZoomForScroll":2.296676115308282,"maxScrollStep":31.673157502763605,"diagonal":false,"clipped":true}
[DebugBridge +17794.2ms] wheel_scroll_motion {"rawX":0,"rawY":122,"clippedX":0,"clippedY":31.673157502763605,"appliedX":0,"appliedY":17.2301976815034,"actualX":0,"actualY":17,"sensitivity":0.544,"currentZoomForScroll":2.296676115308282,"maxScrollStep":31.673157502763605,"diagonal":false,"clipped":true}
[DebugBridge +17802.8ms] wheel_scroll_motion {"rawX":0,"rawY":120,"clippedX":0,"clippedY":31.673157502763605,"appliedX":0,"appliedY":17.2301976815034,"actualX":0,"actualY":17,"sensitivity":0.544,"currentZoomForScroll":2.296676115308282,"maxScrollStep":31.673157502763605,"diagonal":false,"clipped":true}
[DebugBridge +17810.9ms] wheel_scroll_motion {"rawX":0,"rawY":116,"clippedX":0,"clippedY":31.673157502763605,"appliedX":0,"appliedY":17.2301976815034,"actualX":0,"actualY":17,"sensitivity":0.544,"currentZoomForScroll":2.296676115308282,"maxScrollStep":31.673157502763605,"diagonal":false,"clipped":true}
[DebugBridge +17820.2ms] wheel_scroll_motion {"rawX":0,"rawY":116,"clippedX":0,"clippedY":31.673157502763605,"appliedX":0,"appliedY":17.2301976815034,"actualX":0,"actualY":17,"sensitivity":0.544,"currentZoomForScroll":2.296676115308282,"maxScrollStep":31.673157502763605,"diagonal":false,"clipped":true}
[DebugBridge +17828.1ms] wheel_scroll_motion {"rawX":0,"rawY":110,"clippedX":0,"clippedY":31.673157502763605,"appliedX":0,"appliedY":17.2301976815034,"actualX":0,"actualY":17,"sensitivity":0.544,"currentZoomForScroll":2.296676115308282,"maxScrollStep":31.673157502763605,"diagonal":false,"clipped":true}
[DebugBridge +17836.2ms] wheel_scroll_motion {"rawX":0,"rawY":110,"clippedX":0,"clippedY":31.673157502763605,"appliedX":0,"appliedY":17.2301976815034,"actualX":0,"actualY":17,"sensitivity":0.544,"currentZoomForScroll":2.296676115308282,"maxScrollStep":31.673157502763605,"diagonal":false,"clipped":true}
[DebugBridge +17844.3ms] wheel_scroll_motion {"rawX":0,"rawY":108,"clippedX":0,"clippedY":31.673157502763605,"appliedX":0,"appliedY":17.2301976815034,"actualX":0,"actualY":17,"sensitivity":0.544,"currentZoomForScroll":2.296676115308282,"maxScrollStep":31.673157502763605,"diagonal":false,"clipped":true}
[DebugBridge +17851.5ms] wheel_scroll_motion {"rawX":0,"rawY":102,"clippedX":0,"clippedY":31.673157502763605,"appliedX":0,"appliedY":17.2301976815034,"actualX":0,"actualY":17,"sensitivity":0.544,"currentZoomForScroll":2.296676115308282,"maxScrollStep":31.673157502763605,"diagonal":false,"clipped":true}
[DebugBridge +17861.4ms] wheel_scroll_motion {"rawX":0,"rawY":104,"clippedX":0,"clippedY":31.673157502763605,"appliedX":0,"appliedY":17.2301976815034,"actualX":0,"actualY":17,"sensitivity":0.544,"currentZoomForScroll":2.296676115308282,"maxScrollStep":31.673157502763605,"diagonal":false,"clipped":true}
[DebugBridge +17869.5ms] wheel_scroll_motion {"rawX":0,"rawY":98,"clippedX":0,"clippedY":31.673157502763605,"appliedX":0,"appliedY":17.2301976815034,"actualX":0,"actualY":17,"sensitivity":0.544,"currentZoomForScroll":2.296676115308282,"maxScrollStep":31.673157502763605,"diagonal":false,"clipped":true}
[DebugBridge +17877.7ms] wheel_scroll_motion {"rawX":0,"rawY":98,"clippedX":0,"clippedY":31.673157502763605,"appliedX":0,"appliedY":17.2301976815034,"actualX":0,"actualY":17,"sensitivity":0.544,"currentZoomForScroll":2.296676115308282,"maxScrollStep":31.673157502763605,"diagonal":false,"clipped":true}
[DebugBridge +17885.6ms] wheel_scroll_motion {"rawX":0,"rawY":94,"clippedX":0,"clippedY":31.673157502763605,"appliedX":0,"appliedY":17.2301976815034,"actualX":0,"actualY":17,"sensitivity":0.544,"currentZoomForScroll":2.296676115308282,"maxScrollStep":31.673157502763605,"diagonal":false,"clipped":true}
[DebugBridge +17895.1ms] wheel_scroll_motion {"rawX":0,"rawY":96,"clippedX":0,"clippedY":31.673157502763605,"appliedX":0,"appliedY":17.2301976815034,"actualX":0,"actualY":17,"sensitivity":0.544,"currentZoomForScroll":2.296676115308282,"maxScrollStep":31.673157502763605,"diagonal":false,"clipped":true}
[DebugBridge +17902.3ms] wheel_scroll_motion {"rawX":0,"rawY":90,"clippedX":0,"clippedY":31.673157502763605,"appliedX":0,"appliedY":17.2301976815034,"actualX":0,"actualY":17,"sensitivity":0.544,"currentZoomForScroll":2.296676115308282,"maxScrollStep":31.673157502763605,"diagonal":false,"clipped":true}
[DebugBridge +17911.8ms] wheel_scroll_motion {"rawX":0,"rawY":90,"clippedX":0,"clippedY":31.673157502763605,"appliedX":0,"appliedY":17.2301976815034,"actualX":0,"actualY":17,"sensitivity":0.544,"currentZoomForScroll":2.296676115308282,"maxScrollStep":31.673157502763605,"diagonal":false,"clipped":true}
[DebugBridge +17919.9ms] wheel_scroll_motion {"rawX":0,"rawY":86,"clippedX":0,"clippedY":31.673157502763605,"appliedX":0,"appliedY":17.2301976815034,"actualX":0,"actualY":17,"sensitivity":0.544,"currentZoomForScroll":2.296676115308282,"maxScrollStep":31.673157502763605,"diagonal":false,"clipped":true}
[DebugBridge +17927.9ms] wheel_scroll_motion {"rawX":0,"rawY":86,"clippedX":0,"clippedY":31.673157502763605,"appliedX":0,"appliedY":17.2301976815034,"actualX":0,"actualY":17,"sensitivity":0.544,"currentZoomForScroll":2.296676115308282,"maxScrollStep":31.673157502763605,"diagonal":false,"clipped":true}
[DebugBridge +17936.1ms] wheel_scroll_motion {"rawX":0,"rawY":80,"clippedX":0,"clippedY":31.673157502763605,"appliedX":0,"appliedY":17.2301976815034,"actualX":0,"actualY":17,"sensitivity":0.544,"currentZoomForScroll":2.296676115308282,"maxScrollStep":31.673157502763605,"diagonal":false,"clipped":true}
[DebugBridge +17944.1ms] wheel_scroll_motion {"rawX":0,"rawY":80,"clippedX":0,"clippedY":31.673157502763605,"appliedX":0,"appliedY":17.2301976815034,"actualX":0,"actualY":17,"sensitivity":0.544,"currentZoomForScroll":2.296676115308282,"maxScrollStep":31.673157502763605,"diagonal":false,"clipped":true}
[DebugBridge +17953.6ms] wheel_scroll_motion {"rawX":0,"rawY":76,"clippedX":0,"clippedY":31.673157502763605,"appliedX":0,"appliedY":17.2301976815034,"actualX":0,"actualY":17,"sensitivity":0.544,"currentZoomForScroll":2.296676115308282,"maxScrollStep":31.673157502763605,"diagonal":false,"clipped":true}
[DebugBridge +17960.5ms] wheel_scroll_motion {"rawX":0,"rawY":76,"clippedX":0,"clippedY":31.673157502763605,"appliedX":0,"appliedY":17.2301976815034,"actualX":0,"actualY":17,"sensitivity":0.544,"currentZoomForScroll":2.296676115308282,"maxScrollStep":31.673157502763605,"diagonal":false,"clipped":true}
[DebugBridge +17970.2ms] wheel_scroll_motion {"rawX":0,"rawY":72,"clippedX":0,"clippedY":31.673157502763605,"appliedX":0,"appliedY":17.2301976815034,"actualX":0,"actualY":17,"sensitivity":0.544,"currentZoomForScroll":2.296676115308282,"maxScrollStep":31.673157502763605,"diagonal":false,"clipped":true}
[DebugBridge +18054.0ms] wheel_scroll_motion {"rawX":-6,"rawY":38,"clippedX":-6,"clippedY":31.673157502763605,"appliedX":-2.67648,"appliedY":14.128762098832789,"actualX":-3,"actualY":14,"sensitivity":0.44608000000000003,"currentZoomForScroll":2.296676115308282,"maxScrollStep":31.673157502763605,"diagonal":true,"clipped":true}
[DebugBridge +18061.8ms] wheel_scroll_motion {"rawX":-6,"rawY":110,"clippedX":-6,"clippedY":31.673157502763605,"appliedX":-2.67648,"appliedY":14.128762098832789,"actualX":-3,"actualY":14,"sensitivity":0.44608000000000003,"currentZoomForScroll":2.296676115308282,"maxScrollStep":31.673157502763605,"diagonal":true,"clipped":true}
[DebugBridge +18070.1ms] wheel_scroll_motion {"rawX":-2,"rawY":46,"clippedX":-2,"clippedY":31.673157502763605,"appliedX":-0.8921600000000001,"appliedY":14.128762098832789,"actualX":-1,"actualY":14,"sensitivity":0.44608000000000003,"currentZoomForScroll":2.296676115308282,"maxScrollStep":31.673157502763605,"diagonal":true,"clipped":true}
[DebugBridge +18078.4ms] wheel_scroll_motion {"rawX":-4,"rawY":138,"clippedX":-4,"clippedY":31.673157502763605,"appliedX":-1.7843200000000001,"appliedY":14.128762098832789,"actualX":-2,"actualY":14,"sensitivity":0.44608000000000003,"currentZoomForScroll":2.296676115308282,"maxScrollStep":31.673157502763605,"diagonal":true,"clipped":true}
[DebugBridge +18086.6ms] wheel_scroll_motion {"rawX":-4,"rawY":146,"clippedX":-4,"clippedY":31.673157502763605,"appliedX":-1.7843200000000001,"appliedY":14.128762098832789,"actualX":-2,"actualY":14,"sensitivity":0.44608000000000003,"currentZoomForScroll":2.296676115308282,"maxScrollStep":31.673157502763605,"diagonal":true,"clipped":true}
[DebugBridge +18094.7ms] wheel_scroll_motion {"rawX":-8,"rawY":234,"clippedX":-8,"clippedY":31.673157502763605,"appliedX":-3.5686400000000003,"appliedY":14.128762098832789,"actualX":-4,"actualY":14,"sensitivity":0.44608000000000003,"currentZoomForScroll":2.296676115308282,"maxScrollStep":31.673157502763605,"diagonal":true,"clipped":true}
[DebugBridge +18103.0ms] wheel_scroll_motion {"rawX":-8,"rawY":172,"clippedX":-8,"clippedY":31.673157502763605,"appliedX":-3.5686400000000003,"appliedY":14.128762098832789,"actualX":-4,"actualY":14,"sensitivity":0.44608000000000003,"currentZoomForScroll":2.296676115308282,"maxScrollStep":31.673157502763605,"diagonal":true,"clipped":true}
[DebugBridge +18110.8ms] wheel_scroll_motion {"rawX":-8,"rawY":112,"clippedX":-8,"clippedY":31.673157502763605,"appliedX":-3.5686400000000003,"appliedY":14.128762098832789,"actualX":-4,"actualY":14,"sensitivity":0.44608000000000003,"currentZoomForScroll":2.296676115308282,"maxScrollStep":31.673157502763605,"diagonal":true,"clipped":true}
[DebugBridge +18118.8ms] wheel_scroll_motion {"rawX":-2,"rawY":130,"clippedX":-2,"clippedY":31.673157502763605,"appliedX":-0.8921600000000001,"appliedY":14.128762098832789,"actualX":-1,"actualY":14,"sensitivity":0.44608000000000003,"currentZoomForScroll":2.296676115308282,"maxScrollStep":31.673157502763605,"diagonal":true,"clipped":true}
[DebugBridge +18127.3ms] wheel_scroll_motion {"rawX":0,"rawY":216,"clippedX":0,"clippedY":31.673157502763605,"appliedX":0,"appliedY":17.2301976815034,"actualX":0,"actualY":17,"sensitivity":0.544,"currentZoomForScroll":2.296676115308282,"maxScrollStep":31.673157502763605,"diagonal":false,"clipped":true}
[DebugBridge +18136.7ms] wheel_scroll_motion {"rawX":0,"rawY":216,"clippedX":0,"clippedY":31.673157502763605,"appliedX":0,"appliedY":17.2301976815034,"actualX":0,"actualY":17,"sensitivity":0.544,"currentZoomForScroll":2.296676115308282,"maxScrollStep":31.673157502763605,"diagonal":false,"clipped":true}
[DebugBridge +18145.0ms] wheel_scroll_motion {"rawX":0,"rawY":210,"clippedX":0,"clippedY":31.673157502763605,"appliedX":0,"appliedY":17.2301976815034,"actualX":0,"actualY":17,"sensitivity":0.544,"currentZoomForScroll":2.296676115308282,"maxScrollStep":31.673157502763605,"diagonal":false,"clipped":true}
[DebugBridge +18152.5ms] wheel_scroll_motion {"rawX":0,"rawY":200,"clippedX":0,"clippedY":31.673157502763605,"appliedX":0,"appliedY":17.2301976815034,"actualX":0,"actualY":17,"sensitivity":0.544,"currentZoomForScroll":2.296676115308282,"maxScrollStep":31.673157502763605,"diagonal":false,"clipped":true}
[DebugBridge +18160.6ms] wheel_scroll_motion {"rawX":0,"rawY":190,"clippedX":0,"clippedY":31.673157502763605,"appliedX":0,"appliedY":17.2301976815034,"actualX":0,"actualY":17,"sensitivity":0.544,"currentZoomForScroll":2.296676115308282,"maxScrollStep":31.673157502763605,"diagonal":false,"clipped":true}
[DebugBridge +18169.0ms] wheel_scroll_motion {"rawX":0,"rawY":184,"clippedX":0,"clippedY":31.673157502763605,"appliedX":0,"appliedY":17.2301976815034,"actualX":0,"actualY":17,"sensitivity":0.544,"currentZoomForScroll":2.296676115308282,"maxScrollStep":31.673157502763605,"diagonal":false,"clipped":true}
[DebugBridge +18178.3ms] wheel_scroll_motion {"rawX":0,"rawY":164,"clippedX":0,"clippedY":31.673157502763605,"appliedX":0,"appliedY":17.2301976815034,"actualX":0,"actualY":17,"sensitivity":0.544,"currentZoomForScroll":2.296676115308282,"maxScrollStep":31.673157502763605,"diagonal":false,"clipped":true}
[DebugBridge +18186.5ms] wheel_scroll_motion {"rawX":0,"rawY":160,"clippedX":0,"clippedY":31.673157502763605,"appliedX":0,"appliedY":17.2301976815034,"actualX":0,"actualY":17,"sensitivity":0.544,"currentZoomForScroll":2.296676115308282,"maxScrollStep":31.673157502763605,"diagonal":false,"clipped":true}
[DebugBridge +18194.6ms] wheel_scroll_motion {"rawX":0,"rawY":156,"clippedX":0,"clippedY":31.673157502763605,"appliedX":0,"appliedY":17.2301976815034,"actualX":0,"actualY":17,"sensitivity":0.544,"currentZoomForScroll":2.296676115308282,"maxScrollStep":31.673157502763605,"diagonal":false,"clipped":true}
[DebugBridge +18201.2ms] page_visit_start {"page":7,"pageCount":36,"revisited":false,"hasContainer":true,"hasPdfSurface":true,"spinnerVisible":false,"hasAnnotationOverlay":true,"ready":true}
[DebugBridge +18202.1ms] page_visit_ready {"page":7,"pageCount":36,"revisited":false,"waitMs":1,"hasContainer":true,"hasPdfSurface":true,"spinnerVisible":false,"hasAnnotationOverlay":true,"ready":true}
[DebugBridge +18203.5ms] wheel_scroll_motion {"rawX":0,"rawY":154,"clippedX":0,"clippedY":31.673157502763605,"appliedX":0,"appliedY":17.2301976815034,"actualX":0,"actualY":17,"sensitivity":0.544,"currentZoomForScroll":2.296676115308282,"maxScrollStep":31.673157502763605,"diagonal":false,"clipped":true}
[DebugBridge +18211.1ms] wheel_scroll_motion {"rawX":0,"rawY":150,"clippedX":0,"clippedY":31.673157502763605,"appliedX":0,"appliedY":17.2301976815034,"actualX":0,"actualY":17,"sensitivity":0.544,"currentZoomForScroll":2.296676115308282,"maxScrollStep":31.673157502763605,"diagonal":false,"clipped":true}
[DebugBridge +18414.2ms] wheel_scroll_motion {"rawX":0,"rawY":148,"clippedX":0,"clippedY":31.673157502763605,"appliedX":0,"appliedY":17.2301976815034,"actualX":0,"actualY":17,"sensitivity":0.544,"currentZoomForScroll":2.296676115308282,"maxScrollStep":31.673157502763605,"diagonal":false,"clipped":true}
[DebugBridge +18442.2ms] wheel_scroll_motion {"rawX":0,"rawY":2720,"clippedX":0,"clippedY":31.673157502763605,"appliedX":0,"appliedY":17.2301976815034,"actualX":0,"actualY":17,"sensitivity":0.544,"currentZoomForScroll":2.296676115308282,"maxScrollStep":31.673157502763605,"diagonal":false,"clipped":true}
[DebugBridge +18521.8ms] wheel_scroll_motion {"rawX":8,"rawY":610,"clippedX":8,"clippedY":31.673157502763605,"appliedX":3.5686400000000003,"appliedY":14.128762098832789,"actualX":3.5,"actualY":14,"sensitivity":0.44608000000000003,"currentZoomForScroll":2.296676115308282,"maxScrollStep":31.673157502763605,"diagonal":true,"clipped":true}
[DebugBridge +18545.3ms] wheel_scroll_motion {"rawX":-2,"rawY":56,"clippedX":-2,"clippedY":31.673157502763605,"appliedX":-0.8921600000000001,"appliedY":14.128762098832789,"actualX":-1,"actualY":14,"sensitivity":0.44608000000000003,"currentZoomForScroll":2.296676115308282,"maxScrollStep":31.673157502763605,"diagonal":true,"clipped":true}
[DebugBridge +18548.3ms] wheel_scroll_motion {"rawX":-12,"rawY":164,"clippedX":-12,"clippedY":31.673157502763605,"appliedX":-5.35296,"appliedY":14.128762098832789,"actualX":-5.5,"actualY":14,"sensitivity":0.44608000000000003,"currentZoomForScroll":2.296676115308282,"maxScrollStep":31.673157502763605,"diagonal":true,"clipped":true}
[DebugBridge +18590.3ms] wheel_scroll_motion {"rawX":0,"rawY":70,"clippedX":0,"clippedY":31.673157502763605,"appliedX":0,"appliedY":17.2301976815034,"actualX":0,"actualY":17,"sensitivity":0.544,"currentZoomForScroll":2.296676115308282,"maxScrollStep":31.673157502763605,"diagonal":false,"clipped":true}
[DebugBridge +18593.9ms] wheel_scroll_motion {"rawX":0,"rawY":128,"clippedX":0,"clippedY":31.673157502763605,"appliedX":0,"appliedY":17.2301976815034,"actualX":0,"actualY":17,"sensitivity":0.544,"currentZoomForScroll":2.296676115308282,"maxScrollStep":31.673157502763605,"diagonal":false,"clipped":true}
[DebugBridge +18605.8ms] wheel_scroll_motion {"rawX":0,"rawY":574,"clippedX":0,"clippedY":31.673157502763605,"appliedX":0,"appliedY":17.2301976815034,"actualX":0,"actualY":17,"sensitivity":0.544,"currentZoomForScroll":2.296676115308282,"maxScrollStep":31.673157502763605,"diagonal":false,"clipped":true}
[DebugBridge +18612.9ms] wheel_scroll_motion {"rawX":0,"rawY":260,"clippedX":0,"clippedY":31.673157502763605,"appliedX":0,"appliedY":17.2301976815034,"actualX":0,"actualY":17,"sensitivity":0.544,"currentZoomForScroll":2.296676115308282,"maxScrollStep":31.673157502763605,"diagonal":false,"clipped":true}
[DebugBridge +18665.6ms] wheel_scroll_motion {"rawX":0,"rawY":122,"clippedX":0,"clippedY":31.673157502763605,"appliedX":0,"appliedY":17.2301976815034,"actualX":0,"actualY":17,"sensitivity":0.544,"currentZoomForScroll":2.296676115308282,"maxScrollStep":31.673157502763605,"diagonal":false,"clipped":true}
[DebugBridge +18669.3ms] wheel_scroll_motion {"rawX":0,"rawY":684,"clippedX":0,"clippedY":31.673157502763605,"appliedX":0,"appliedY":17.2301976815034,"actualX":0,"actualY":17,"sensitivity":0.544,"currentZoomForScroll":2.296676115308282,"maxScrollStep":31.673157502763605,"diagonal":false,"clipped":true}
[DebugBridge +18678.8ms] wheel_scroll_motion {"rawX":0,"rawY":106,"clippedX":0,"clippedY":31.673157502763605,"appliedX":0,"appliedY":17.2301976815034,"actualX":0,"actualY":17,"sensitivity":0.544,"currentZoomForScroll":2.296676115308282,"maxScrollStep":31.673157502763605,"diagonal":false,"clipped":true}
[DebugBridge +18720.4ms] wheel_scroll_motion {"rawX":0,"rawY":104,"clippedX":0,"clippedY":31.673157502763605,"appliedX":0,"appliedY":17.2301976815034,"actualX":0,"actualY":17,"sensitivity":0.544,"currentZoomForScroll":2.296676115308282,"maxScrollStep":31.673157502763605,"diagonal":false,"clipped":true}
[DebugBridge +18723.7ms] wheel_scroll_motion {"rawX":0,"rawY":388,"clippedX":0,"clippedY":31.673157502763605,"appliedX":0,"appliedY":17.2301976815034,"actualX":0,"actualY":17,"sensitivity":0.544,"currentZoomForScroll":2.296676115308282,"maxScrollStep":31.673157502763605,"diagonal":false,"clipped":true}
[DebugBridge +18726.0ms] wheel_scroll_motion {"rawX":0,"rawY":90,"clippedX":0,"clippedY":31.673157502763605,"appliedX":0,"appliedY":17.2301976815034,"actualX":0,"actualY":17,"sensitivity":0.544,"currentZoomForScroll":2.296676115308282,"maxScrollStep":31.673157502763605,"diagonal":false,"clipped":true}
[DebugBridge +18773.9ms] wheel_scroll_motion {"rawX":0,"rawY":90,"clippedX":0,"clippedY":31.673157502763605,"appliedX":0,"appliedY":17.2301976815034,"actualX":0,"actualY":17,"sensitivity":0.544,"currentZoomForScroll":2.296676115308282,"maxScrollStep":31.673157502763605,"diagonal":false,"clipped":true}
[DebugBridge +18779.4ms] wheel_scroll_motion {"rawX":0,"rawY":414,"clippedX":0,"clippedY":31.673157502763605,"appliedX":0,"appliedY":17.2301976815034,"actualX":0,"actualY":17,"sensitivity":0.544,"currentZoomForScroll":2.296676115308282,"maxScrollStep":31.673157502763605,"diagonal":false,"clipped":true}
[DebugBridge +18796.2ms] wheel_scroll_motion {"rawX":0,"rawY":76,"clippedX":0,"clippedY":31.673157502763605,"appliedX":0,"appliedY":17.2301976815034,"actualX":0,"actualY":17,"sensitivity":0.544,"currentZoomForScroll":2.296676115308282,"maxScrollStep":31.673157502763605,"diagonal":false,"clipped":true}
[DebugBridge +18800.0ms] wheel_scroll_motion {"rawX":0,"rawY":72,"clippedX":0,"clippedY":31.673157502763605,"appliedX":0,"appliedY":17.2301976815034,"actualX":0,"actualY":17,"sensitivity":0.544,"currentZoomForScroll":2.296676115308282,"maxScrollStep":31.673157502763605,"diagonal":false,"clipped":true}
[DebugBridge +18803.3ms] wheel_scroll_motion {"rawX":0,"rawY":72,"clippedX":0,"clippedY":31.673157502763605,"appliedX":0,"appliedY":17.2301976815034,"actualX":0,"actualY":17,"sensitivity":0.544,"currentZoomForScroll":2.296676115308282,"maxScrollStep":31.673157502763605,"diagonal":false,"clipped":true}
[DebugBridge +18911.7ms] zoom_wheel_request {"rawDeltaY":-4.446650505065918,"reportedZoom":229,"trustedReactZoom":229.66761153082822,"currentZoom":229.66761153082822,"reportedCurrentZoom":229,"nextZoom":227.83669572237284,"requestedDeltaAbs":1.8309158084553872,"reportedLagAbs":0.6676115308282249,"rawGetZoomValue":229,"rawViewerZoomValue":229,"rawMagnificationZoom":null,"correctedSuspiciousZoom":false}
[DebugBridge +18911.8ms] zoom_start {"scale":2.296676115308282,"source":"overlay_wheel_zoom_pre","reportedScale":2.29,"correctedSuspiciousZoom":false}
[DebugBridge +18950.7ms] zoom_wheel_request {"rawDeltaY":-15.500387191772461,"reportedZoom":227,"trustedReactZoom":227.83669572237284,"currentZoom":227.83669572237284,"reportedCurrentZoom":227,"nextZoom":221.5677537132474,"requestedDeltaAbs":6.268942009125425,"reportedLagAbs":0.8366957223728377,"rawGetZoomValue":227,"rawViewerZoomValue":227,"rawMagnificationZoom":null,"correctedSuspiciousZoom":false}
[DebugBridge +18977.7ms] zoom_wheel_request {"rawDeltaY":-51.88877487182617,"reportedZoom":221,"trustedReactZoom":221.56775371324738,"currentZoom":221.56775371324738,"reportedCurrentZoom":221,"nextZoom":201.8103981867257,"requestedDeltaAbs":19.75735552652168,"reportedLagAbs":0.5677537132473844,"rawGetZoomValue":221,"rawViewerZoomValue":221,"rawMagnificationZoom":null,"correctedSuspiciousZoom":false}
[DebugBridge +19021.1ms] zoom_wheel_request {"rawDeltaY":-33.17501449584961,"reportedZoom":201,"trustedReactZoom":201.81039818672573,"currentZoom":201.81039818672573,"reportedCurrentZoom":201,"nextZoom":190.11204477425133,"requestedDeltaAbs":11.698353412474404,"reportedLagAbs":0.8103981867257346,"rawGetZoomValue":201,"rawViewerZoomValue":201,"rawMagnificationZoom":null,"correctedSuspiciousZoom":false}
[DebugBridge +19066.6ms] zoom_wheel_request {"rawDeltaY":-33.1337890625,"reportedZoom":190,"trustedReactZoom":190.11204477425133,"currentZoom":190.11204477425133,"reportedCurrentZoom":190,"nextZoom":179.10510053781573,"requestedDeltaAbs":11.0069442364356,"reportedLagAbs":0.11204477425133064,"rawGetZoomValue":190,"rawViewerZoomValue":190,"rawMagnificationZoom":null,"correctedSuspiciousZoom":false}
[DebugBridge +19100.4ms] zoom_wheel_request {"rawDeltaY":-12.101923942565918,"reportedZoom":179,"trustedReactZoom":179.10510053781573,"currentZoom":179.10510053781573,"reportedCurrentZoom":179,"nextZoom":175.24575871472103,"requestedDeltaAbs":3.859341823094695,"reportedLagAbs":0.10510053781572992,"rawGetZoomValue":179,"rawViewerZoomValue":179,"rawMagnificationZoom":null,"correctedSuspiciousZoom":false}
[DebugBridge +19586.2ms] wheel_scroll_motion {"rawX":-126,"rawY":1034,"clippedX":-36.25913834339208,"clippedY":36.25913834339208,"appliedX":-16.17447643222034,"appliedY":16.17447643222034,"actualX":-16.5,"actualY":16,"sensitivity":0.44608000000000003,"currentZoomForScroll":1.7524575871472103,"maxScrollStep":36.25913834339208,"diagonal":true,"clipped":true}
[DebugBridge +19638.5ms] wheel_scroll_motion {"rawX":0,"rawY":184,"clippedX":0,"clippedY":36.25913834339208,"appliedX":0,"appliedY":19.724971258805294,"actualX":0,"actualY":19.5,"sensitivity":0.544,"currentZoomForScroll":1.7524575871472103,"maxScrollStep":36.25913834339208,"diagonal":false,"clipped":true}
[DebugBridge +19786.8ms] wheel_scroll_motion {"rawX":0,"rawY":2996,"clippedX":0,"clippedY":36.25913834339208,"appliedX":0,"appliedY":19.724971258805294,"actualX":0,"actualY":19.5,"sensitivity":0.544,"currentZoomForScroll":1.7524575871472103,"maxScrollStep":36.25913834339208,"diagonal":false,"clipped":true}
[DebugBridge +19791.9ms] wheel_scroll_motion {"rawX":0,"rawY":1398,"clippedX":0,"clippedY":36.25913834339208,"appliedX":0,"appliedY":19.724971258805294,"actualX":0,"actualY":19.5,"sensitivity":0.544,"currentZoomForScroll":1.7524575871472103,"maxScrollStep":36.25913834339208,"diagonal":false,"clipped":true}
[DebugBridge +20004.4ms] zoom_wheel_request {"rawDeltaY":-4.038299083709717,"reportedZoom":175,"trustedReactZoom":175.24575871472103,"currentZoom":175.24575871472103,"reportedCurrentZoom":175,"nextZoom":173.97652667172136,"requestedDeltaAbs":1.2692320429996755,"reportedLagAbs":0.24575871472103472,"rawGetZoomValue":175,"rawViewerZoomValue":175,"rawMagnificationZoom":null,"correctedSuspiciousZoom":false}
[DebugBridge +20053.5ms] zoom_wheel_request {"rawDeltaY":-141.72044372558594,"reportedZoom":173,"trustedReactZoom":173.97652667172136,"currentZoom":173.97652667172136,"reportedCurrentZoom":173,"nextZoom":141.97652667172136,"requestedDeltaAbs":32,"reportedLagAbs":0.9765266717213592,"rawGetZoomValue":173,"rawViewerZoomValue":173,"rawMagnificationZoom":null,"correctedSuspiciousZoom":false}
[DebugBridge +20148.6ms] zoom_wheel_request {"rawDeltaY":-5.444815158843994,"reportedZoom":141,"trustedReactZoom":141.97652667172136,"currentZoom":141.97652667172136,"reportedCurrentZoom":141,"nextZoom":140.59185839141298,"requestedDeltaAbs":1.3846682803083752,"reportedLagAbs":0.9765266717213592,"rawGetZoomValue":141,"rawViewerZoomValue":141,"rawMagnificationZoom":null,"correctedSuspiciousZoom":false}
[DebugBridge +20198.8ms] zoom_wheel_request {"rawDeltaY":-1.9932080507278442,"reportedZoom":140,"trustedReactZoom":140.59185839141298,"currentZoom":140.59185839141298,"reportedCurrentZoom":140,"nextZoom":140.08835028506198,"requestedDeltaAbs":0.5035081063510063,"reportedLagAbs":0.591858391412984,"rawGetZoomValue":140,"rawViewerZoomValue":140,"rawMagnificationZoom":null,"correctedSuspiciousZoom":false}
[DebugBridge +20699.8ms] wheel_scroll_motion {"rawX":-338,"rawY":672,"clippedX":-40.554609776158955,"clippedY":40.554609776158955,"appliedX":-18.090600328948987,"appliedY":18.090600328948987,"actualX":-18.5,"actualY":18,"sensitivity":0.44608000000000003,"currentZoomForScroll":1.4008835028506197,"maxScrollStep":40.554609776158955,"diagonal":true,"clipped":true}
[DebugBridge +20705.1ms] wheel_scroll_motion {"rawX":-46,"rawY":96,"clippedX":-40.554609776158955,"clippedY":40.554609776158955,"appliedX":-18.090600328948987,"appliedY":18.090600328948987,"actualX":-18.5,"actualY":18,"sensitivity":0.44608000000000003,"currentZoomForScroll":1.4008835028506197,"maxScrollStep":40.554609776158955,"diagonal":true,"clipped":true}
[DebugBridge +20708.2ms] wheel_scroll_motion {"rawX":-706,"rawY":1196,"clippedX":-40.554609776158955,"clippedY":40.554609776158955,"appliedX":-18.090600328948987,"appliedY":18.090600328948987,"actualX":-18.5,"actualY":18,"sensitivity":0.44608000000000003,"currentZoomForScroll":1.4008835028506197,"maxScrollStep":40.554609776158955,"diagonal":true,"clipped":true}
[DebugBridge +20714.9ms] wheel_scroll_motion {"rawX":-58,"rawY":94,"clippedX":-40.554609776158955,"clippedY":40.554609776158955,"appliedX":-18.090600328948987,"appliedY":18.090600328948987,"actualX":-18.5,"actualY":18,"sensitivity":0.44608000000000003,"currentZoomForScroll":1.4008835028506197,"maxScrollStep":40.554609776158955,"diagonal":true,"clipped":true}
[DebugBridge +20724.5ms] wheel_scroll_motion {"rawX":-54,"rawY":92,"clippedX":-40.554609776158955,"clippedY":40.554609776158955,"appliedX":-18.090600328948987,"appliedY":18.090600328948987,"actualX":-18.5,"actualY":18,"sensitivity":0.44608000000000003,"currentZoomForScroll":1.4008835028506197,"maxScrollStep":40.554609776158955,"diagonal":true,"clipped":true}
[DebugBridge +20731.9ms] wheel_scroll_motion {"rawX":-54,"rawY":92,"clippedX":-40.554609776158955,"clippedY":40.554609776158955,"appliedX":-18.090600328948987,"appliedY":18.090600328948987,"actualX":-18.5,"actualY":18,"sensitivity":0.44608000000000003,"currentZoomForScroll":1.4008835028506197,"maxScrollStep":40.554609776158955,"diagonal":true,"clipped":true}
[DebugBridge +20741.4ms] wheel_scroll_motion {"rawX":-52,"rawY":90,"clippedX":-40.554609776158955,"clippedY":40.554609776158955,"appliedX":-18.090600328948987,"appliedY":18.090600328948987,"actualX":-18.5,"actualY":18,"sensitivity":0.44608000000000003,"currentZoomForScroll":1.4008835028506197,"maxScrollStep":40.554609776158955,"diagonal":true,"clipped":true}
[DebugBridge +20749.1ms] wheel_scroll_motion {"rawX":-50,"rawY":86,"clippedX":-40.554609776158955,"clippedY":40.554609776158955,"appliedX":-18.090600328948987,"appliedY":18.090600328948987,"actualX":-18.5,"actualY":18,"sensitivity":0.44608000000000003,"currentZoomForScroll":1.4008835028506197,"maxScrollStep":40.554609776158955,"diagonal":true,"clipped":true}
[DebugBridge +20755.8ms] wheel_scroll_motion {"rawX":-46,"rawY":82,"clippedX":-40.554609776158955,"clippedY":40.554609776158955,"appliedX":-18.090600328948987,"appliedY":18.090600328948987,"actualX":-18.5,"actualY":18,"sensitivity":0.44608000000000003,"currentZoomForScroll":1.4008835028506197,"maxScrollStep":40.554609776158955,"diagonal":true,"clipped":true}
[DebugBridge +20764.1ms] wheel_scroll_motion {"rawX":-46,"rawY":80,"clippedX":-40.554609776158955,"clippedY":40.554609776158955,"appliedX":-18.090600328948987,"appliedY":18.090600328948987,"actualX":-18.5,"actualY":18,"sensitivity":0.44608000000000003,"currentZoomForScroll":1.4008835028506197,"maxScrollStep":40.554609776158955,"diagonal":true,"clipped":true}
[DebugBridge +20839.4ms] wheel_scroll_motion {"rawX":-44,"rawY":80,"clippedX":-40.554609776158955,"clippedY":40.554609776158955,"appliedX":-18.090600328948987,"appliedY":18.090600328948987,"actualX":-18.5,"actualY":18,"sensitivity":0.44608000000000003,"currentZoomForScroll":1.4008835028506197,"maxScrollStep":40.554609776158955,"diagonal":true,"clipped":true}
[DebugBridge +20842.2ms] wheel_scroll_motion {"rawX":-302,"rawY":548,"clippedX":-40.554609776158955,"clippedY":40.554609776158955,"appliedX":-18.090600328948987,"appliedY":18.090600328948987,"actualX":-18.5,"actualY":18,"sensitivity":0.44608000000000003,"currentZoomForScroll":1.4008835028506197,"maxScrollStep":40.554609776158955,"diagonal":true,"clipped":true}
[DebugBridge +20848.1ms] wheel_scroll_motion {"rawX":-30,"rawY":58,"clippedX":-30,"clippedY":40.554609776158955,"appliedX":-13.3824,"appliedY":18.090600328948987,"actualX":-13.5,"actualY":18,"sensitivity":0.44608000000000003,"currentZoomForScroll":1.4008835028506197,"maxScrollStep":40.554609776158955,"diagonal":true,"clipped":true}
[DebugBridge +20916.6ms] wheel_scroll_motion {"rawX":-30,"rawY":56,"clippedX":-30,"clippedY":40.554609776158955,"appliedX":-13.3824,"appliedY":18.090600328948987,"actualX":-13.5,"actualY":18,"sensitivity":0.44608000000000003,"currentZoomForScroll":1.4008835028506197,"maxScrollStep":40.554609776158955,"diagonal":true,"clipped":true}
[DebugBridge +20922.3ms] wheel_scroll_motion {"rawX":-176,"rawY":346,"clippedX":-40.554609776158955,"clippedY":40.554609776158955,"appliedX":-18.090600328948987,"appliedY":18.090600328948987,"actualX":-18.5,"actualY":18,"sensitivity":0.44608000000000003,"currentZoomForScroll":1.4008835028506197,"maxScrollStep":40.554609776158955,"diagonal":true,"clipped":true}
[DebugBridge +20932.9ms] wheel_scroll_motion {"rawX":-20,"rawY":42,"clippedX":-20,"clippedY":40.554609776158955,"appliedX":-8.921600000000002,"appliedY":18.090600328948987,"actualX":-9,"actualY":18,"sensitivity":0.44608000000000003,"currentZoomForScroll":1.4008835028506197,"maxScrollStep":40.554609776158955,"diagonal":true,"clipped":true}
[DebugBridge +21315.0ms] wheel_scroll_motion {"rawX":-230,"rawY":630,"clippedX":-40.554609776158955,"clippedY":40.554609776158955,"appliedX":-18.090600328948987,"appliedY":18.090600328948987,"actualX":-18.5,"actualY":18,"sensitivity":0.44608000000000003,"currentZoomForScroll":1.4008835028506197,"maxScrollStep":40.554609776158955,"diagonal":true,"clipped":true}
[DebugBridge +21318.1ms] wheel_scroll_motion {"rawX":-36,"rawY":90,"clippedX":-36,"clippedY":40.554609776158955,"appliedX":-16.058880000000002,"appliedY":18.090600328948987,"actualX":-16.5,"actualY":18,"sensitivity":0.44608000000000003,"currentZoomForScroll":1.4008835028506197,"maxScrollStep":40.554609776158955,"diagonal":true,"clipped":true}
[DebugBridge +21324.3ms] wheel_scroll_motion {"rawX":-772,"rawY":1604,"clippedX":-40.554609776158955,"clippedY":40.554609776158955,"appliedX":-18.090600328948987,"appliedY":18.090600328948987,"actualX":-18.5,"actualY":18,"sensitivity":0.44608000000000003,"currentZoomForScroll":1.4008835028506197,"maxScrollStep":40.554609776158955,"diagonal":true,"clipped":true}
[DebugBridge +21351.0ms] wheel_scroll_motion {"rawX":-38,"rawY":80,"clippedX":-38,"clippedY":40.554609776158955,"appliedX":-16.951040000000003,"appliedY":18.090600328948987,"actualX":-17,"actualY":18,"sensitivity":0.44608000000000003,"currentZoomForScroll":1.4008835028506197,"maxScrollStep":40.554609776158955,"diagonal":true,"clipped":true}
[DebugBridge +21355.3ms] wheel_scroll_motion {"rawX":-74,"rawY":158,"clippedX":-40.554609776158955,"clippedY":40.554609776158955,"appliedX":-18.090600328948987,"appliedY":18.090600328948987,"actualX":-18.5,"actualY":18,"sensitivity":0.44608000000000003,"currentZoomForScroll":1.4008835028506197,"maxScrollStep":40.554609776158955,"diagonal":true,"clipped":true}
[DebugBridge +21358.9ms] zoom_end {"source":"zoomChange_settle"}
[DebugBridge +21432.8ms] wheel_scroll_motion {"rawX":-34,"rawY":72,"clippedX":-34,"clippedY":40.554609776158955,"appliedX":-15.166720000000002,"appliedY":18.090600328948987,"actualX":-15.5,"actualY":18,"sensitivity":0.44608000000000003,"currentZoomForScroll":1.4008835028506197,"maxScrollStep":40.554609776158955,"diagonal":true,"clipped":true}
[DebugBridge +21438.2ms] wheel_scroll_motion {"rawX":-250,"rawY":566,"clippedX":-40.554609776158955,"clippedY":40.554609776158955,"appliedX":-18.090600328948987,"appliedY":18.090600328948987,"actualX":-18.5,"actualY":18,"sensitivity":0.44608000000000003,"currentZoomForScroll":1.4008835028506197,"maxScrollStep":40.554609776158955,"diagonal":true,"clipped":true}
[DebugBridge +21514.9ms] wheel_scroll_motion {"rawX":-22,"rawY":54,"clippedX":-22,"clippedY":40.554609776158955,"appliedX":-9.81376,"appliedY":18.090600328948987,"actualX":-10,"actualY":18,"sensitivity":0.44608000000000003,"currentZoomForScroll":1.4008835028506197,"maxScrollStep":40.554609776158955,"diagonal":true,"clipped":true}
[DebugBridge +21522.0ms] wheel_scroll_motion {"rawX":-160,"rawY":398,"clippedX":-40.554609776158955,"clippedY":40.554609776158955,"appliedX":-18.090600328948987,"appliedY":18.090600328948987,"actualX":-18.5,"actualY":18,"sensitivity":0.44608000000000003,"currentZoomForScroll":1.4008835028506197,"maxScrollStep":40.554609776158955,"diagonal":true,"clipped":true}
[DebugBridge +21597.3ms] wheel_scroll_motion {"rawX":-66,"rawY":158,"clippedX":-40.554609776158955,"clippedY":40.554609776158955,"appliedX":-18.090600328948987,"appliedY":18.090600328948987,"actualX":-18.5,"actualY":18,"sensitivity":0.44608000000000003,"currentZoomForScroll":1.4008835028506197,"maxScrollStep":40.554609776158955,"diagonal":true,"clipped":true}
[DebugBridge +21665.8ms] wheel_scroll_motion {"rawX":-52,"rawY":12,"clippedX":-40.554609776158955,"clippedY":12,"appliedX":-18.090600328948987,"appliedY":5.35296,"actualX":-18.5,"actualY":5,"sensitivity":0.44608000000000003,"currentZoomForScroll":1.4008835028506197,"maxScrollStep":40.554609776158955,"diagonal":true,"clipped":true}
[DebugBridge +21682.0ms] wheel_scroll_motion {"rawX":-48,"rawY":10,"clippedX":-40.554609776158955,"clippedY":10,"appliedX":-18.090600328948987,"appliedY":4.460800000000001,"actualX":-18.5,"actualY":4,"sensitivity":0.44608000000000003,"currentZoomForScroll":1.4008835028506197,"maxScrollStep":40.554609776158955,"diagonal":true,"clipped":true}
[DebugBridge +21690.1ms] wheel_scroll_motion {"rawX":-52,"rawY":10,"clippedX":-40.554609776158955,"clippedY":10,"appliedX":-18.090600328948987,"appliedY":4.460800000000001,"actualX":-18.5,"actualY":4,"sensitivity":0.44608000000000003,"currentZoomForScroll":1.4008835028506197,"maxScrollStep":40.554609776158955,"diagonal":true,"clipped":true}
[DebugBridge +21698.2ms] wheel_scroll_motion {"rawX":-78,"rawY":16,"clippedX":-40.554609776158955,"clippedY":16,"appliedX":-18.090600328948987,"appliedY":7.1372800000000005,"actualX":-18.5,"actualY":7,"sensitivity":0.44608000000000003,"currentZoomForScroll":1.4008835028506197,"maxScrollStep":40.554609776158955,"diagonal":true,"clipped":true}
[DebugBridge +21707.5ms] wheel_scroll_motion {"rawX":-60,"rawY":14,"clippedX":-40.554609776158955,"clippedY":14,"appliedX":-18.090600328948987,"appliedY":6.24512,"actualX":-18.5,"actualY":6,"sensitivity":0.44608000000000003,"currentZoomForScroll":1.4008835028506197,"maxScrollStep":40.554609776158955,"diagonal":true,"clipped":true}
[DebugBridge +21722.3ms] wheel_scroll_motion {"rawX":-58,"rawY":12,"clippedX":-40.554609776158955,"clippedY":12,"appliedX":-18.090600328948987,"appliedY":5.35296,"actualX":-18.5,"actualY":5,"sensitivity":0.44608000000000003,"currentZoomForScroll":1.4008835028506197,"maxScrollStep":40.554609776158955,"diagonal":true,"clipped":true}
[DebugBridge +21733.0ms] wheel_scroll_motion {"rawX":-50,"rawY":4,"clippedX":-40.554609776158955,"clippedY":4,"appliedX":-18.090600328948987,"appliedY":1.7843200000000001,"actualX":-18.5,"actualY":1.5,"sensitivity":0.44608000000000003,"currentZoomForScroll":1.4008835028506197,"maxScrollStep":40.554609776158955,"diagonal":true,"clipped":true}
[DebugBridge +21739.0ms] wheel_scroll_motion {"rawX":-78,"rawY":0,"clippedX":-40.554609776158955,"clippedY":0,"appliedX":-22.061707718230473,"appliedY":0,"actualX":-22.5,"actualY":0,"sensitivity":0.544,"currentZoomForScroll":1.4008835028506197,"maxScrollStep":40.554609776158955,"diagonal":false,"clipped":true}
[DebugBridge +21748.5ms] wheel_scroll_motion {"rawX":-94,"rawY":0,"clippedX":-40.554609776158955,"clippedY":0,"appliedX":-22.061707718230473,"appliedY":0,"actualX":-22.5,"actualY":0,"sensitivity":0.544,"currentZoomForScroll":1.4008835028506197,"maxScrollStep":40.554609776158955,"diagonal":false,"clipped":true}
[DebugBridge +21756.7ms] wheel_scroll_motion {"rawX":-96,"rawY":0,"clippedX":-40.554609776158955,"clippedY":0,"appliedX":-22.061707718230473,"appliedY":0,"actualX":-22.5,"actualY":0,"sensitivity":0.544,"currentZoomForScroll":1.4008835028506197,"maxScrollStep":40.554609776158955,"diagonal":false,"clipped":true}
[DebugBridge +21766.1ms] wheel_scroll_motion {"rawX":-94,"rawY":0,"clippedX":-40.554609776158955,"clippedY":0,"appliedX":-22.061707718230473,"appliedY":0,"actualX":-22.5,"actualY":0,"sensitivity":0.544,"currentZoomForScroll":1.4008835028506197,"maxScrollStep":40.554609776158955,"diagonal":false,"clipped":true}
[DebugBridge +21774.2ms] wheel_scroll_motion {"rawX":-96,"rawY":0,"clippedX":-40.554609776158955,"clippedY":0,"appliedX":-22.061707718230473,"appliedY":0,"actualX":-22.5,"actualY":0,"sensitivity":0.544,"currentZoomForScroll":1.4008835028506197,"maxScrollStep":40.554609776158955,"diagonal":false,"clipped":true}
[DebugBridge +21782.4ms] wheel_scroll_motion {"rawX":-94,"rawY":0,"clippedX":-40.554609776158955,"clippedY":0,"appliedX":-22.061707718230473,"appliedY":0,"actualX":-14,"actualY":0,"sensitivity":0.544,"currentZoomForScroll":1.4008835028506197,"maxScrollStep":40.554609776158955,"diagonal":false,"clipped":true}
[DebugBridge +21790.7ms] wheel_scroll_motion {"rawX":-96,"rawY":0,"clippedX":-40.554609776158955,"clippedY":0,"appliedX":-22.061707718230473,"appliedY":0,"actualX":0,"actualY":0,"sensitivity":0.544,"currentZoomForScroll":1.4008835028506197,"maxScrollStep":40.554609776158955,"diagonal":false,"clipped":true}
[DebugBridge +21798.9ms] wheel_scroll_motion {"rawX":-96,"rawY":0,"clippedX":-40.554609776158955,"clippedY":0,"appliedX":-22.061707718230473,"appliedY":0,"actualX":0,"actualY":0,"sensitivity":0.544,"currentZoomForScroll":1.4008835028506197,"maxScrollStep":40.554609776158955,"diagonal":false,"clipped":true}
[DebugBridge +21806.5ms] wheel_scroll_motion {"rawX":-90,"rawY":0,"clippedX":-40.554609776158955,"clippedY":0,"appliedX":-22.061707718230473,"appliedY":0,"actualX":0,"actualY":0,"sensitivity":0.544,"currentZoomForScroll":1.4008835028506197,"maxScrollStep":40.554609776158955,"diagonal":false,"clipped":true}
[DebugBridge +21815.4ms] wheel_scroll_motion {"rawX":-90,"rawY":0,"clippedX":-40.554609776158955,"clippedY":0,"appliedX":-22.061707718230473,"appliedY":0,"actualX":0,"actualY":0,"sensitivity":0.544,"currentZoomForScroll":1.4008835028506197,"maxScrollStep":40.554609776158955,"diagonal":false,"clipped":true}
[DebugBridge +21824.2ms] wheel_scroll_motion {"rawX":-86,"rawY":0,"clippedX":-40.554609776158955,"clippedY":0,"appliedX":-22.061707718230473,"appliedY":0,"actualX":0,"actualY":0,"sensitivity":0.544,"currentZoomForScroll":1.4008835028506197,"maxScrollStep":40.554609776158955,"diagonal":false,"clipped":true}
[DebugBridge +21831.7ms] wheel_scroll_motion {"rawX":-82,"rawY":0,"clippedX":-40.554609776158955,"clippedY":0,"appliedX":-22.061707718230473,"appliedY":0,"actualX":0,"actualY":0,"sensitivity":0.544,"currentZoomForScroll":1.4008835028506197,"maxScrollStep":40.554609776158955,"diagonal":false,"clipped":true}
[DebugBridge +21840.5ms] wheel_scroll_motion {"rawX":-82,"rawY":0,"clippedX":-40.554609776158955,"clippedY":0,"appliedX":-22.061707718230473,"appliedY":0,"actualX":0,"actualY":0,"sensitivity":0.544,"currentZoomForScroll":1.4008835028506197,"maxScrollStep":40.554609776158955,"diagonal":false,"clipped":true}
[DebugBridge +21847.7ms] wheel_scroll_motion {"rawX":-80,"rawY":0,"clippedX":-40.554609776158955,"clippedY":0,"appliedX":-22.061707718230473,"appliedY":0,"actualX":0,"actualY":0,"sensitivity":0.544,"currentZoomForScroll":1.4008835028506197,"maxScrollStep":40.554609776158955,"diagonal":false,"clipped":true}
[DebugBridge +21856.1ms] wheel_scroll_motion {"rawX":-80,"rawY":0,"clippedX":-40.554609776158955,"clippedY":0,"appliedX":-22.061707718230473,"appliedY":0,"actualX":0,"actualY":0,"sensitivity":0.544,"currentZoomForScroll":1.4008835028506197,"maxScrollStep":40.554609776158955,"diagonal":false,"clipped":true}
[DebugBridge +21866.3ms] wheel_scroll_motion {"rawX":-72,"rawY":0,"clippedX":-40.554609776158955,"clippedY":0,"appliedX":-22.061707718230473,"appliedY":0,"actualX":0,"actualY":0,"sensitivity":0.544,"currentZoomForScroll":1.4008835028506197,"maxScrollStep":40.554609776158955,"diagonal":false,"clipped":true}
[DebugBridge +21873.8ms] wheel_scroll_motion {"rawX":-72,"rawY":0,"clippedX":-40.554609776158955,"clippedY":0,"appliedX":-22.061707718230473,"appliedY":0,"actualX":0,"actualY":0,"sensitivity":0.544,"currentZoomForScroll":1.4008835028506197,"maxScrollStep":40.554609776158955,"diagonal":false,"clipped":true}
[DebugBridge +21881.4ms] wheel_scroll_motion {"rawX":-72,"rawY":0,"clippedX":-40.554609776158955,"clippedY":0,"appliedX":-22.061707718230473,"appliedY":0,"actualX":0,"actualY":0,"sensitivity":0.544,"currentZoomForScroll":1.4008835028506197,"maxScrollStep":40.554609776158955,"diagonal":false,"clipped":true}
[DebugBridge +21890.3ms] wheel_scroll_motion {"rawX":-66,"rawY":0,"clippedX":-40.554609776158955,"clippedY":0,"appliedX":-22.061707718230473,"appliedY":0,"actualX":0,"actualY":0,"sensitivity":0.544,"currentZoomForScroll":1.4008835028506197,"maxScrollStep":40.554609776158955,"diagonal":false,"clipped":true}
[DebugBridge +21899.2ms] wheel_scroll_motion {"rawX":-64,"rawY":0,"clippedX":-40.554609776158955,"clippedY":0,"appliedX":-22.061707718230473,"appliedY":0,"actualX":0,"actualY":0,"sensitivity":0.544,"currentZoomForScroll":1.4008835028506197,"maxScrollStep":40.554609776158955,"diagonal":false,"clipped":true}
[DebugBridge +21906.9ms] wheel_scroll_motion {"rawX":-64,"rawY":0,"clippedX":-40.554609776158955,"clippedY":0,"appliedX":-22.061707718230473,"appliedY":0,"actualX":0,"actualY":0,"sensitivity":0.544,"currentZoomForScroll":1.4008835028506197,"maxScrollStep":40.554609776158955,"diagonal":false,"clipped":true}
[DebugBridge +21915.7ms] wheel_scroll_motion {"rawX":-60,"rawY":0,"clippedX":-40.554609776158955,"clippedY":0,"appliedX":-22.061707718230473,"appliedY":0,"actualX":0,"actualY":0,"sensitivity":0.544,"currentZoomForScroll":1.4008835028506197,"maxScrollStep":40.554609776158955,"diagonal":false,"clipped":true}
[DebugBridge +21923.4ms] wheel_scroll_motion {"rawX":-60,"rawY":0,"clippedX":-40.554609776158955,"clippedY":0,"appliedX":-22.061707718230473,"appliedY":0,"actualX":0,"actualY":0,"sensitivity":0.544,"currentZoomForScroll":1.4008835028506197,"maxScrollStep":40.554609776158955,"diagonal":false,"clipped":true}
[DebugBridge +21932.3ms] wheel_scroll_motion {"rawX":-56,"rawY":0,"clippedX":-40.554609776158955,"clippedY":0,"appliedX":-22.061707718230473,"appliedY":0,"actualX":0,"actualY":0,"sensitivity":0.544,"currentZoomForScroll":1.4008835028506197,"maxScrollStep":40.554609776158955,"diagonal":false,"clipped":true}
[DebugBridge +21939.9ms] wheel_scroll_motion {"rawX":-54,"rawY":0,"clippedX":-40.554609776158955,"clippedY":0,"appliedX":-22.061707718230473,"appliedY":0,"actualX":0,"actualY":0,"sensitivity":0.544,"currentZoomForScroll":1.4008835028506197,"maxScrollStep":40.554609776158955,"diagonal":false,"clipped":true}
[DebugBridge +21949.0ms] wheel_scroll_motion {"rawX":-52,"rawY":0,"clippedX":-40.554609776158955,"clippedY":0,"appliedX":-22.061707718230473,"appliedY":0,"actualX":0,"actualY":0,"sensitivity":0.544,"currentZoomForScroll":1.4008835028506197,"maxScrollStep":40.554609776158955,"diagonal":false,"clipped":true}
[DebugBridge +21956.1ms] wheel_scroll_motion {"rawX":-52,"rawY":0,"clippedX":-40.554609776158955,"clippedY":0,"appliedX":-22.061707718230473,"appliedY":0,"actualX":0,"actualY":0,"sensitivity":0.544,"currentZoomForScroll":1.4008835028506197,"maxScrollStep":40.554609776158955,"diagonal":false,"clipped":true}
[DebugBridge +21966.3ms] wheel_scroll_motion {"rawX":-50,"rawY":0,"clippedX":-40.554609776158955,"clippedY":0,"appliedX":-22.061707718230473,"appliedY":0,"actualX":0,"actualY":0,"sensitivity":0.544,"currentZoomForScroll":1.4008835028506197,"maxScrollStep":40.554609776158955,"diagonal":false,"clipped":true}
[DebugBridge +21974.0ms] wheel_scroll_motion {"rawX":-48,"rawY":0,"clippedX":-40.554609776158955,"clippedY":0,"appliedX":-22.061707718230473,"appliedY":0,"actualX":0,"actualY":0,"sensitivity":0.544,"currentZoomForScroll":1.4008835028506197,"maxScrollStep":40.554609776158955,"diagonal":false,"clipped":true}
[DebugBridge +21981.6ms] wheel_scroll_motion {"rawX":-46,"rawY":0,"clippedX":-40.554609776158955,"clippedY":0,"appliedX":-22.061707718230473,"appliedY":0,"actualX":0,"actualY":0,"sensitivity":0.544,"currentZoomForScroll":1.4008835028506197,"maxScrollStep":40.554609776158955,"diagonal":false,"clipped":true}
[DebugBridge +21989.8ms] wheel_scroll_motion {"rawX":-44,"rawY":0,"clippedX":-40.554609776158955,"clippedY":0,"appliedX":-22.061707718230473,"appliedY":0,"actualX":0,"actualY":0,"sensitivity":0.544,"currentZoomForScroll":1.4008835028506197,"maxScrollStep":40.554609776158955,"diagonal":false,"clipped":true}
[DebugBridge +21998.7ms] wheel_scroll_motion {"rawX":-42,"rawY":0,"clippedX":-40.554609776158955,"clippedY":0,"appliedX":-22.061707718230473,"appliedY":0,"actualX":0,"actualY":0,"sensitivity":0.544,"currentZoomForScroll":1.4008835028506197,"maxScrollStep":40.554609776158955,"diagonal":false,"clipped":true}
[DebugBridge +22007.6ms] wheel_scroll_motion {"rawX":-42,"rawY":0,"clippedX":-40.554609776158955,"clippedY":0,"appliedX":-22.061707718230473,"appliedY":0,"actualX":0,"actualY":0,"sensitivity":0.544,"currentZoomForScroll":1.4008835028506197,"maxScrollStep":40.554609776158955,"diagonal":false,"clipped":true}
[DebugBridge +22015.1ms] wheel_scroll_motion {"rawX":-38,"rawY":0,"clippedX":-38,"clippedY":0,"appliedX":-25.840000000000003,"appliedY":0,"actualX":0,"actualY":0,"sensitivity":0.68,"currentZoomForScroll":1.4008835028506197,"maxScrollStep":40.554609776158955,"diagonal":false,"clipped":false}
[DebugBridge +22024.0ms] wheel_scroll_motion {"rawX":-38,"rawY":0,"clippedX":-38,"clippedY":0,"appliedX":-25.840000000000003,"appliedY":0,"actualX":0,"actualY":0,"sensitivity":0.68,"currentZoomForScroll":1.4008835028506197,"maxScrollStep":40.554609776158955,"diagonal":false,"clipped":false}
[DebugBridge +22030.9ms] wheel_scroll_motion {"rawX":-34,"rawY":0,"clippedX":-34,"clippedY":0,"appliedX":-23.12,"appliedY":0,"actualX":0,"actualY":0,"sensitivity":0.68,"currentZoomForScroll":1.4008835028506197,"maxScrollStep":40.554609776158955,"diagonal":false,"clipped":false}
[DebugBridge +22039.8ms] wheel_scroll_motion {"rawX":-34,"rawY":0,"clippedX":-34,"clippedY":0,"appliedX":-23.12,"appliedY":0,"actualX":0,"actualY":0,"sensitivity":0.68,"currentZoomForScroll":1.4008835028506197,"maxScrollStep":40.554609776158955,"diagonal":false,"clipped":false}
[DebugBridge +22082.6ms] wheel_scroll_motion {"rawX":-4,"rawY":6,"clippedX":-4,"clippedY":6,"appliedX":-2.2304,"appliedY":3.3456,"actualX":0,"actualY":3,"sensitivity":0.5576,"currentZoomForScroll":1.4008835028506197,"maxScrollStep":40.554609776158955,"diagonal":true,"clipped":false}
[DebugBridge +22089.7ms] wheel_scroll_motion {"rawX":-4,"rawY":14,"clippedX":-4,"clippedY":14,"appliedX":-2.2304,"appliedY":7.8064,"actualX":0,"actualY":7.5,"sensitivity":0.5576,"currentZoomForScroll":1.4008835028506197,"maxScrollStep":40.554609776158955,"diagonal":true,"clipped":false}
[DebugBridge +22097.8ms] wheel_scroll_motion {"rawX":-2,"rawY":8,"clippedX":-2,"clippedY":8,"appliedX":-1.1152,"appliedY":4.4608,"actualX":0,"actualY":4,"sensitivity":0.5576,"currentZoomForScroll":1.4008835028506197,"maxScrollStep":40.554609776158955,"diagonal":true,"clipped":false}
[DebugBridge +22107.4ms] wheel_scroll_motion {"rawX":-4,"rawY":20,"clippedX":-4,"clippedY":20,"appliedX":-2.2304,"appliedY":11.152,"actualX":0,"actualY":11,"sensitivity":0.5576,"currentZoomForScroll":1.4008835028506197,"maxScrollStep":40.554609776158955,"diagonal":true,"clipped":false}
[DebugBridge +22115.6ms] wheel_scroll_motion {"rawX":-4,"rawY":22,"clippedX":-4,"clippedY":22,"appliedX":-2.2304,"appliedY":12.267199999999999,"actualX":0,"actualY":12,"sensitivity":0.5576,"currentZoomForScroll":1.4008835028506197,"maxScrollStep":40.554609776158955,"diagonal":true,"clipped":false}
[DebugBridge +22123.0ms] wheel_scroll_motion {"rawX":-6,"rawY":56,"clippedX":-6,"clippedY":40.554609776158955,"appliedX":-2.67648,"appliedY":18.090600328948987,"actualX":0,"actualY":18,"sensitivity":0.44608000000000003,"currentZoomForScroll":1.4008835028506197,"maxScrollStep":40.554609776158955,"diagonal":true,"clipped":true}
[DebugBridge +22132.7ms] wheel_scroll_motion {"rawX":-2,"rawY":20,"clippedX":-2,"clippedY":20,"appliedX":-1.1152,"appliedY":11.152,"actualX":0,"actualY":11,"sensitivity":0.5576,"currentZoomForScroll":1.4008835028506197,"maxScrollStep":40.554609776158955,"diagonal":true,"clipped":false}
[DebugBridge +22139.8ms] wheel_scroll_motion {"rawX":-4,"rawY":54,"clippedX":-4,"clippedY":40.554609776158955,"appliedX":-1.7843200000000001,"appliedY":18.090600328948987,"actualX":0,"actualY":18,"sensitivity":0.44608000000000003,"currentZoomForScroll":1.4008835028506197,"maxScrollStep":40.554609776158955,"diagonal":true,"clipped":true}
[DebugBridge +22149.5ms] wheel_scroll_motion {"rawX":-4,"rawY":60,"clippedX":-4,"clippedY":40.554609776158955,"appliedX":-1.7843200000000001,"appliedY":18.090600328948987,"actualX":0,"actualY":18,"sensitivity":0.44608000000000003,"currentZoomForScroll":1.4008835028506197,"maxScrollStep":40.554609776158955,"diagonal":true,"clipped":true}
[DebugBridge +22156.9ms] wheel_scroll_motion {"rawX":-4,"rawY":66,"clippedX":-4,"clippedY":40.554609776158955,"appliedX":-1.7843200000000001,"appliedY":18.090600328948987,"actualX":0,"actualY":18,"sensitivity":0.44608000000000003,"currentZoomForScroll":1.4008835028506197,"maxScrollStep":40.554609776158955,"diagonal":true,"clipped":true}
[DebugBridge +22165.6ms] wheel_scroll_motion {"rawX":-6,"rawY":130,"clippedX":-6,"clippedY":40.554609776158955,"appliedX":-2.67648,"appliedY":18.090600328948987,"actualX":0,"actualY":18,"sensitivity":0.44608000000000003,"currentZoomForScroll":1.4008835028506197,"maxScrollStep":40.554609776158955,"diagonal":true,"clipped":true}
[DebugBridge +22181.3ms] wheel_scroll_motion {"rawX":-4,"rawY":76,"clippedX":-4,"clippedY":40.554609776158955,"appliedX":-1.7843200000000001,"appliedY":18.090600328948987,"actualX":0,"actualY":18,"sensitivity":0.44608000000000003,"currentZoomForScroll":1.4008835028506197,"maxScrollStep":40.554609776158955,"diagonal":true,"clipped":true}
[DebugBridge +22189.7ms] wheel_scroll_motion {"rawX":-4,"rawY":70,"clippedX":-4,"clippedY":40.554609776158955,"appliedX":-1.7843200000000001,"appliedY":18.090600328948987,"actualX":0,"actualY":18,"sensitivity":0.44608000000000003,"currentZoomForScroll":1.4008835028506197,"maxScrollStep":40.554609776158955,"diagonal":true,"clipped":true}
[DebugBridge +22197.5ms] wheel_scroll_motion {"rawX":-2,"rawY":34,"clippedX":-2,"clippedY":34,"appliedX":-1.1152,"appliedY":18.9584,"actualX":0,"actualY":18.5,"sensitivity":0.5576,"currentZoomForScroll":1.4008835028506197,"maxScrollStep":40.554609776158955,"diagonal":true,"clipped":false}
[DebugBridge +22207.1ms] wheel_scroll_motion {"rawX":0,"rawY":50,"clippedX":0,"clippedY":40.554609776158955,"appliedX":0,"appliedY":22.061707718230473,"actualX":0,"actualY":22,"sensitivity":0.544,"currentZoomForScroll":1.4008835028506197,"maxScrollStep":40.554609776158955,"diagonal":false,"clipped":true}
[DebugBridge +22216.4ms] wheel_scroll_motion {"rawX":0,"rawY":92,"clippedX":0,"clippedY":40.554609776158955,"appliedX":0,"appliedY":22.061707718230473,"actualX":0,"actualY":22,"sensitivity":0.544,"currentZoomForScroll":1.4008835028506197,"maxScrollStep":40.554609776158955,"diagonal":false,"clipped":true}
[DebugBridge +22224.8ms] wheel_scroll_motion {"rawX":0,"rawY":224,"clippedX":0,"clippedY":40.554609776158955,"appliedX":0,"appliedY":22.061707718230473,"actualX":0,"actualY":22,"sensitivity":0.544,"currentZoomForScroll":1.4008835028506197,"maxScrollStep":40.554609776158955,"diagonal":false,"clipped":true}
[DebugBridge +22233.9ms] wheel_scroll_motion {"rawX":0,"rawY":112,"clippedX":0,"clippedY":40.554609776158955,"appliedX":0,"appliedY":22.061707718230473,"actualX":0,"actualY":22,"sensitivity":0.544,"currentZoomForScroll":1.4008835028506197,"maxScrollStep":40.554609776158955,"diagonal":false,"clipped":true}
[DebugBridge +22239.5ms] wheel_scroll_motion {"rawX":0,"rawY":114,"clippedX":0,"clippedY":40.554609776158955,"appliedX":0,"appliedY":22.061707718230473,"actualX":0,"actualY":22,"sensitivity":0.544,"currentZoomForScroll":1.4008835028506197,"maxScrollStep":40.554609776158955,"diagonal":false,"clipped":true}
[DebugBridge +22248.8ms] wheel_scroll_motion {"rawX":0,"rawY":108,"clippedX":0,"clippedY":40.554609776158955,"appliedX":0,"appliedY":22.061707718230473,"actualX":0,"actualY":22,"sensitivity":0.544,"currentZoomForScroll":1.4008835028506197,"maxScrollStep":40.554609776158955,"diagonal":false,"clipped":true}
[DebugBridge +22257.1ms] wheel_scroll_motion {"rawX":0,"rawY":110,"clippedX":0,"clippedY":40.554609776158955,"appliedX":0,"appliedY":22.061707718230473,"actualX":0,"actualY":22,"sensitivity":0.544,"currentZoomForScroll":1.4008835028506197,"maxScrollStep":40.554609776158955,"diagonal":false,"clipped":true}
[DebugBridge +22264.3ms] wheel_scroll_motion {"rawX":0,"rawY":102,"clippedX":0,"clippedY":40.554609776158955,"appliedX":0,"appliedY":22.061707718230473,"actualX":0,"actualY":22,"sensitivity":0.544,"currentZoomForScroll":1.4008835028506197,"maxScrollStep":40.554609776158955,"diagonal":false,"clipped":true}
[DebugBridge +22274.2ms] wheel_scroll_motion {"rawX":0,"rawY":104,"clippedX":0,"clippedY":40.554609776158955,"appliedX":0,"appliedY":22.061707718230473,"actualX":0,"actualY":22,"sensitivity":0.544,"currentZoomForScroll":1.4008835028506197,"maxScrollStep":40.554609776158955,"diagonal":false,"clipped":true}
[DebugBridge +22282.2ms] wheel_scroll_motion {"rawX":0,"rawY":100,"clippedX":0,"clippedY":40.554609776158955,"appliedX":0,"appliedY":22.061707718230473,"actualX":0,"actualY":22,"sensitivity":0.544,"currentZoomForScroll":1.4008835028506197,"maxScrollStep":40.554609776158955,"diagonal":false,"clipped":true}
[DebugBridge +22290.1ms] wheel_scroll_motion {"rawX":0,"rawY":98,"clippedX":0,"clippedY":40.554609776158955,"appliedX":0,"appliedY":22.061707718230473,"actualX":0,"actualY":22,"sensitivity":0.544,"currentZoomForScroll":1.4008835028506197,"maxScrollStep":40.554609776158955,"diagonal":false,"clipped":true}
[DebugBridge +22297.8ms] wheel_scroll_motion {"rawX":0,"rawY":94,"clippedX":0,"clippedY":40.554609776158955,"appliedX":0,"appliedY":22.061707718230473,"actualX":0,"actualY":22,"sensitivity":0.544,"currentZoomForScroll":1.4008835028506197,"maxScrollStep":40.554609776158955,"diagonal":false,"clipped":true}
[DebugBridge +22306.7ms] wheel_scroll_motion {"rawX":0,"rawY":92,"clippedX":0,"clippedY":40.554609776158955,"appliedX":0,"appliedY":22.061707718230473,"actualX":0,"actualY":22,"sensitivity":0.544,"currentZoomForScroll":1.4008835028506197,"maxScrollStep":40.554609776158955,"diagonal":false,"clipped":true}
[DebugBridge +22316.3ms] wheel_scroll_motion {"rawX":0,"rawY":90,"clippedX":0,"clippedY":40.554609776158955,"appliedX":0,"appliedY":22.061707718230473,"actualX":0,"actualY":22,"sensitivity":0.544,"currentZoomForScroll":1.4008835028506197,"maxScrollStep":40.554609776158955,"diagonal":false,"clipped":true}
[DebugBridge +22323.2ms] wheel_scroll_motion {"rawX":0,"rawY":90,"clippedX":0,"clippedY":40.554609776158955,"appliedX":0,"appliedY":22.061707718230473,"actualX":0,"actualY":22,"sensitivity":0.544,"currentZoomForScroll":1.4008835028506197,"maxScrollStep":40.554609776158955,"diagonal":false,"clipped":true}
[DebugBridge +22333.5ms] wheel_scroll_motion {"rawX":0,"rawY":86,"clippedX":0,"clippedY":40.554609776158955,"appliedX":0,"appliedY":22.061707718230473,"actualX":0,"actualY":22,"sensitivity":0.544,"currentZoomForScroll":1.4008835028506197,"maxScrollStep":40.554609776158955,"diagonal":false,"clipped":true}
[DebugBridge +22340.2ms] wheel_scroll_motion {"rawX":0,"rawY":82,"clippedX":0,"clippedY":40.554609776158955,"appliedX":0,"appliedY":22.061707718230473,"actualX":0,"actualY":22,"sensitivity":0.544,"currentZoomForScroll":1.4008835028506197,"maxScrollStep":40.554609776158955,"diagonal":false,"clipped":true}
[DebugBridge +22348.2ms] wheel_scroll_motion {"rawX":0,"rawY":80,"clippedX":0,"clippedY":40.554609776158955,"appliedX":0,"appliedY":22.061707718230473,"actualX":0,"actualY":22,"sensitivity":0.544,"currentZoomForScroll":1.4008835028506197,"maxScrollStep":40.554609776158955,"diagonal":false,"clipped":true}
[DebugBridge +22357.4ms] wheel_scroll_motion {"rawX":0,"rawY":80,"clippedX":0,"clippedY":40.554609776158955,"appliedX":0,"appliedY":22.061707718230473,"actualX":0,"actualY":22,"sensitivity":0.544,"currentZoomForScroll":1.4008835028506197,"maxScrollStep":40.554609776158955,"diagonal":false,"clipped":true}
[DebugBridge +22364.5ms] wheel_scroll_motion {"rawX":0,"rawY":78,"clippedX":0,"clippedY":40.554609776158955,"appliedX":0,"appliedY":22.061707718230473,"actualX":0,"actualY":22,"sensitivity":0.544,"currentZoomForScroll":1.4008835028506197,"maxScrollStep":40.554609776158955,"diagonal":false,"clipped":true}
[DebugBridge +22373.9ms] wheel_scroll_motion {"rawX":0,"rawY":72,"clippedX":0,"clippedY":40.554609776158955,"appliedX":0,"appliedY":22.061707718230473,"actualX":0,"actualY":22,"sensitivity":0.544,"currentZoomForScroll":1.4008835028506197,"maxScrollStep":40.554609776158955,"diagonal":false,"clipped":true}
[DebugBridge +22381.4ms] wheel_scroll_motion {"rawX":0,"rawY":72,"clippedX":0,"clippedY":40.554609776158955,"appliedX":0,"appliedY":22.061707718230473,"actualX":0,"actualY":22,"sensitivity":0.544,"currentZoomForScroll":1.4008835028506197,"maxScrollStep":40.554609776158955,"diagonal":false,"clipped":true}
[DebugBridge +22391.0ms] wheel_scroll_motion {"rawX":0,"rawY":68,"clippedX":0,"clippedY":40.554609776158955,"appliedX":0,"appliedY":22.061707718230473,"actualX":0,"actualY":22,"sensitivity":0.544,"currentZoomForScroll":1.4008835028506197,"maxScrollStep":40.554609776158955,"diagonal":false,"clipped":true}
[DebugBridge +22398.3ms] wheel_scroll_motion {"rawX":0,"rawY":68,"clippedX":0,"clippedY":40.554609776158955,"appliedX":0,"appliedY":22.061707718230473,"actualX":0,"actualY":22,"sensitivity":0.544,"currentZoomForScroll":1.4008835028506197,"maxScrollStep":40.554609776158955,"diagonal":false,"clipped":true}
[DebugBridge +22402.1ms] page_visit_start {"page":8,"pageCount":36,"revisited":false,"hasContainer":true,"hasPdfSurface":true,"spinnerVisible":false,"hasAnnotationOverlay":true,"ready":true}
[DebugBridge +22404.2ms] page_visit_ready {"page":8,"pageCount":36,"revisited":false,"waitMs":2,"hasContainer":true,"hasPdfSurface":true,"spinnerVisible":false,"hasAnnotationOverlay":true,"ready":true}
[DebugBridge +22518.2ms] wheel_scroll_motion {"rawX":0,"rawY":64,"clippedX":0,"clippedY":40.554609776158955,"appliedX":0,"appliedY":22.061707718230473,"actualX":0,"actualY":22,"sensitivity":0.544,"currentZoomForScroll":1.4008835028506197,"maxScrollStep":40.554609776158955,"diagonal":false,"clipped":true}
[DebugBridge +22528.6ms] wheel_scroll_motion {"rawX":0,"rawY":708,"clippedX":0,"clippedY":40.554609776158955,"appliedX":0,"appliedY":22.061707718230473,"actualX":0,"actualY":22,"sensitivity":0.544,"currentZoomForScroll":1.4008835028506197,"maxScrollStep":40.554609776158955,"diagonal":false,"clipped":true}
[DebugBridge +22646.1ms] wheel_scroll_motion {"rawX":166,"rawY":58,"clippedX":40.554609776158955,"clippedY":40.554609776158955,"appliedX":18.090600328948987,"appliedY":18.090600328948987,"actualX":18,"actualY":18,"sensitivity":0.44608000000000003,"currentZoomForScroll":1.4008835028506197,"maxScrollStep":40.554609776158955,"diagonal":true,"clipped":true}
[DebugBridge +22740.1ms] wheel_scroll_motion {"rawX":158,"rawY":26,"clippedX":40.554609776158955,"clippedY":26,"appliedX":18.090600328948987,"appliedY":11.598080000000001,"actualX":18,"actualY":11.5,"sensitivity":0.44608000000000003,"currentZoomForScroll":1.4008835028506197,"maxScrollStep":40.554609776158955,"diagonal":true,"clipped":true}
[DebugBridge +22749.0ms] wheel_scroll_motion {"rawX":46,"rawY":0,"clippedX":40.554609776158955,"clippedY":0,"appliedX":22.061707718230473,"appliedY":0,"actualX":22,"actualY":0,"sensitivity":0.544,"currentZoomForScroll":1.4008835028506197,"maxScrollStep":40.554609776158955,"diagonal":false,"clipped":true}
[DebugBridge +22755.6ms] wheel_scroll_motion {"rawX":238,"rawY":0,"clippedX":40.554609776158955,"clippedY":0,"appliedX":22.061707718230473,"appliedY":0,"actualX":22,"actualY":0,"sensitivity":0.544,"currentZoomForScroll":1.4008835028506197,"maxScrollStep":40.554609776158955,"diagonal":false,"clipped":true}
[DebugBridge +22766.3ms] wheel_scroll_motion {"rawX":60,"rawY":0,"clippedX":40.554609776158955,"clippedY":0,"appliedX":22.061707718230473,"appliedY":0,"actualX":22,"actualY":0,"sensitivity":0.544,"currentZoomForScroll":1.4008835028506197,"maxScrollStep":40.554609776158955,"diagonal":false,"clipped":true}
[DebugBridge +22772.9ms] wheel_scroll_motion {"rawX":66,"rawY":0,"clippedX":40.554609776158955,"clippedY":0,"appliedX":22.061707718230473,"appliedY":0,"actualX":22,"actualY":0,"sensitivity":0.544,"currentZoomForScroll":1.4008835028506197,"maxScrollStep":40.554609776158955,"diagonal":false,"clipped":true}
[DebugBridge +22782.5ms] wheel_scroll_motion {"rawX":68,"rawY":0,"clippedX":40.554609776158955,"clippedY":0,"appliedX":22.061707718230473,"appliedY":0,"actualX":22,"actualY":0,"sensitivity":0.544,"currentZoomForScroll":1.4008835028506197,"maxScrollStep":40.554609776158955,"diagonal":false,"clipped":true}
[DebugBridge +22790.4ms] wheel_scroll_motion {"rawX":62,"rawY":0,"clippedX":40.554609776158955,"clippedY":0,"appliedX":22.061707718230473,"appliedY":0,"actualX":22,"actualY":0,"sensitivity":0.544,"currentZoomForScroll":1.4008835028506197,"maxScrollStep":40.554609776158955,"diagonal":false,"clipped":true}
[DebugBridge +22798.2ms] wheel_scroll_motion {"rawX":60,"rawY":0,"clippedX":40.554609776158955,"clippedY":0,"appliedX":22.061707718230473,"appliedY":0,"actualX":22,"actualY":0,"sensitivity":0.544,"currentZoomForScroll":1.4008835028506197,"maxScrollStep":40.554609776158955,"diagonal":false,"clipped":true}
[DebugBridge +22807.5ms] wheel_scroll_motion {"rawX":60,"rawY":0,"clippedX":40.554609776158955,"clippedY":0,"appliedX":22.061707718230473,"appliedY":0,"actualX":22,"actualY":0,"sensitivity":0.544,"currentZoomForScroll":1.4008835028506197,"maxScrollStep":40.554609776158955,"diagonal":false,"clipped":true}
[DebugBridge +22815.7ms] wheel_scroll_motion {"rawX":56,"rawY":0,"clippedX":40.554609776158955,"clippedY":0,"appliedX":22.061707718230473,"appliedY":0,"actualX":22,"actualY":0,"sensitivity":0.544,"currentZoomForScroll":1.4008835028506197,"maxScrollStep":40.554609776158955,"diagonal":false,"clipped":true}
[DebugBridge +22823.7ms] wheel_scroll_motion {"rawX":54,"rawY":0,"clippedX":40.554609776158955,"clippedY":0,"appliedX":22.061707718230473,"appliedY":0,"actualX":22,"actualY":0,"sensitivity":0.544,"currentZoomForScroll":1.4008835028506197,"maxScrollStep":40.554609776158955,"diagonal":false,"clipped":true}
[DebugBridge +22831.7ms] wheel_scroll_motion {"rawX":54,"rawY":0,"clippedX":40.554609776158955,"clippedY":0,"appliedX":22.061707718230473,"appliedY":0,"actualX":22,"actualY":0,"sensitivity":0.544,"currentZoomForScroll":1.4008835028506197,"maxScrollStep":40.554609776158955,"diagonal":false,"clipped":true}
[DebugBridge +22840.9ms] wheel_scroll_motion {"rawX":52,"rawY":0,"clippedX":40.554609776158955,"clippedY":0,"appliedX":22.061707718230473,"appliedY":0,"actualX":22,"actualY":0,"sensitivity":0.544,"currentZoomForScroll":1.4008835028506197,"maxScrollStep":40.554609776158955,"diagonal":false,"clipped":true}
[DebugBridge +22849.0ms] wheel_scroll_motion {"rawX":50,"rawY":0,"clippedX":40.554609776158955,"clippedY":0,"appliedX":22.061707718230473,"appliedY":0,"actualX":22,"actualY":0,"sensitivity":0.544,"currentZoomForScroll":1.4008835028506197,"maxScrollStep":40.554609776158955,"diagonal":false,"clipped":true}
[DebugBridge +22856.8ms] wheel_scroll_motion {"rawX":48,"rawY":0,"clippedX":40.554609776158955,"clippedY":0,"appliedX":22.061707718230473,"appliedY":0,"actualX":22,"actualY":0,"sensitivity":0.544,"currentZoomForScroll":1.4008835028506197,"maxScrollStep":40.554609776158955,"diagonal":false,"clipped":true}
[DebugBridge +22864.9ms] wheel_scroll_motion {"rawX":46,"rawY":0,"clippedX":40.554609776158955,"clippedY":0,"appliedX":22.061707718230473,"appliedY":0,"actualX":22,"actualY":0,"sensitivity":0.544,"currentZoomForScroll":1.4008835028506197,"maxScrollStep":40.554609776158955,"diagonal":false,"clipped":true}
[DebugBridge +22874.2ms] wheel_scroll_motion {"rawX":42,"rawY":0,"clippedX":40.554609776158955,"clippedY":0,"appliedX":22.061707718230473,"appliedY":0,"actualX":22,"actualY":0,"sensitivity":0.544,"currentZoomForScroll":1.4008835028506197,"maxScrollStep":40.554609776158955,"diagonal":false,"clipped":true}
[DebugBridge +22882.1ms] wheel_scroll_motion {"rawX":42,"rawY":0,"clippedX":40.554609776158955,"clippedY":0,"appliedX":22.061707718230473,"appliedY":0,"actualX":22,"actualY":0,"sensitivity":0.544,"currentZoomForScroll":1.4008835028506197,"maxScrollStep":40.554609776158955,"diagonal":false,"clipped":true}
[DebugBridge +22890.2ms] wheel_scroll_motion {"rawX":42,"rawY":0,"clippedX":40.554609776158955,"clippedY":0,"appliedX":22.061707718230473,"appliedY":0,"actualX":22,"actualY":0,"sensitivity":0.544,"currentZoomForScroll":1.4008835028506197,"maxScrollStep":40.554609776158955,"diagonal":false,"clipped":true}
[DebugBridge +23255.8ms] wheel_scroll_motion {"rawX":-40,"rawY":882,"clippedX":-40,"clippedY":40.554609776158955,"appliedX":-17.843200000000003,"appliedY":18.090600328948987,"actualX":-18,"actualY":18,"sensitivity":0.44608000000000003,"currentZoomForScroll":1.4008835028506197,"maxScrollStep":40.554609776158955,"diagonal":true,"clipped":true}
[DebugBridge +23260.0ms] wheel_scroll_motion {"rawX":0,"rawY":172,"clippedX":0,"clippedY":40.554609776158955,"appliedX":0,"appliedY":22.061707718230473,"actualX":0,"actualY":22,"sensitivity":0.544,"currentZoomForScroll":1.4008835028506197,"maxScrollStep":40.554609776158955,"diagonal":false,"clipped":true}
[DebugBridge +23275.2ms] wheel_scroll_motion {"rawX":0,"rawY":1280,"clippedX":0,"clippedY":40.554609776158955,"appliedX":0,"appliedY":22.061707718230473,"actualX":0,"actualY":22,"sensitivity":0.544,"currentZoomForScroll":1.4008835028506197,"maxScrollStep":40.554609776158955,"diagonal":false,"clipped":true}
[DebugBridge +23280.2ms] wheel_scroll_motion {"rawX":0,"rawY":266,"clippedX":0,"clippedY":40.554609776158955,"appliedX":0,"appliedY":22.061707718230473,"actualX":0,"actualY":22,"sensitivity":0.544,"currentZoomForScroll":1.4008835028506197,"maxScrollStep":40.554609776158955,"diagonal":false,"clipped":true}
[DebugBridge +23290.1ms] wheel_scroll_motion {"rawX":0,"rawY":130,"clippedX":0,"clippedY":40.554609776158955,"appliedX":0,"appliedY":22.061707718230473,"actualX":0,"actualY":22,"sensitivity":0.544,"currentZoomForScroll":1.4008835028506197,"maxScrollStep":40.554609776158955,"diagonal":false,"clipped":true}
[DebugBridge +23401.9ms] wheel_scroll_motion {"rawX":0,"rawY":130,"clippedX":0,"clippedY":40.554609776158955,"appliedX":0,"appliedY":22.061707718230473,"actualX":0,"actualY":22,"sensitivity":0.544,"currentZoomForScroll":1.4008835028506197,"maxScrollStep":40.554609776158955,"diagonal":false,"clipped":true}
[DebugBridge +23406.4ms] wheel_scroll_motion {"rawX":0,"rawY":1446,"clippedX":0,"clippedY":40.554609776158955,"appliedX":0,"appliedY":22.061707718230473,"actualX":0,"actualY":22,"sensitivity":0.544,"currentZoomForScroll":1.4008835028506197,"maxScrollStep":40.554609776158955,"diagonal":false,"clipped":true}
[DebugBridge +23415.9ms] wheel_scroll_motion {"rawX":0,"rawY":94,"clippedX":0,"clippedY":40.554609776158955,"appliedX":0,"appliedY":22.061707718230473,"actualX":0,"actualY":22,"sensitivity":0.544,"currentZoomForScroll":1.4008835028506197,"maxScrollStep":40.554609776158955,"diagonal":false,"clipped":true}
[DebugBridge +23423.8ms] wheel_scroll_motion {"rawX":0,"rawY":92,"clippedX":0,"clippedY":40.554609776158955,"appliedX":0,"appliedY":22.061707718230473,"actualX":0,"actualY":22,"sensitivity":0.544,"currentZoomForScroll":1.4008835028506197,"maxScrollStep":40.554609776158955,"diagonal":false,"clipped":true}
[DebugBridge +23431.9ms] wheel_scroll_motion {"rawX":0,"rawY":92,"clippedX":0,"clippedY":40.554609776158955,"appliedX":0,"appliedY":22.061707718230473,"actualX":0,"actualY":22,"sensitivity":0.544,"currentZoomForScroll":1.4008835028506197,"maxScrollStep":40.554609776158955,"diagonal":false,"clipped":true}
[DebugBridge +23525.0ms] wheel_scroll_motion {"rawX":0,"rawY":90,"clippedX":0,"clippedY":40.554609776158955,"appliedX":0,"appliedY":22.061707718230473,"actualX":0,"actualY":22,"sensitivity":0.544,"currentZoomForScroll":1.4008835028506197,"maxScrollStep":40.554609776158955,"diagonal":false,"clipped":true}
[DebugBridge +23529.6ms] wheel_scroll_motion {"rawX":0,"rawY":818,"clippedX":0,"clippedY":40.554609776158955,"appliedX":0,"appliedY":22.061707718230473,"actualX":0,"actualY":22,"sensitivity":0.544,"currentZoomForScroll":1.4008835028506197,"maxScrollStep":40.554609776158955,"diagonal":false,"clipped":true}
[DebugBridge +23536.2ms] wheel_scroll_motion {"rawX":0,"rawY":60,"clippedX":0,"clippedY":40.554609776158955,"appliedX":0,"appliedY":22.061707718230473,"actualX":0,"actualY":22,"sensitivity":0.544,"currentZoomForScroll":1.4008835028506197,"maxScrollStep":40.554609776158955,"diagonal":false,"clipped":true}
[DebugBridge +23541.7ms] wheel_scroll_motion {"rawX":0,"rawY":58,"clippedX":0,"clippedY":40.554609776158955,"appliedX":0,"appliedY":22.061707718230473,"actualX":0,"actualY":22,"sensitivity":0.544,"currentZoomForScroll":1.4008835028506197,"maxScrollStep":40.554609776158955,"diagonal":false,"clipped":true}
[DebugBridge +23552.9ms] wheel_scroll_motion {"rawX":0,"rawY":56,"clippedX":0,"clippedY":40.554609776158955,"appliedX":0,"appliedY":22.061707718230473,"actualX":0,"actualY":22,"sensitivity":0.544,"currentZoomForScroll":1.4008835028506197,"maxScrollStep":40.554609776158955,"diagonal":false,"clipped":true}
[DebugBridge +23721.7ms] wheel_scroll_motion {"rawX":-2,"rawY":140,"clippedX":-2,"clippedY":40.554609776158955,"appliedX":-0.8921600000000001,"appliedY":18.090600328948987,"actualX":-1,"actualY":18,"sensitivity":0.44608000000000003,"currentZoomForScroll":1.4008835028506197,"maxScrollStep":40.554609776158955,"diagonal":true,"clipped":true}
[DebugBridge +23725.7ms] wheel_scroll_motion {"rawX":-30,"rawY":478,"clippedX":-30,"clippedY":40.554609776158955,"appliedX":-13.3824,"appliedY":18.090600328948987,"actualX":-13.5,"actualY":18,"sensitivity":0.44608000000000003,"currentZoomForScroll":1.4008835028506197,"maxScrollStep":40.554609776158955,"diagonal":true,"clipped":true}
[DebugBridge +23732.5ms] wheel_scroll_motion {"rawX":0,"rawY":132,"clippedX":0,"clippedY":40.554609776158955,"appliedX":0,"appliedY":22.061707718230473,"actualX":0,"actualY":22,"sensitivity":0.544,"currentZoomForScroll":1.4008835028506197,"maxScrollStep":40.554609776158955,"diagonal":false,"clipped":true}
[DebugBridge +23740.2ms] wheel_scroll_motion {"rawX":0,"rawY":436,"clippedX":0,"clippedY":40.554609776158955,"appliedX":0,"appliedY":22.061707718230473,"actualX":0,"actualY":22,"sensitivity":0.544,"currentZoomForScroll":1.4008835028506197,"maxScrollStep":40.554609776158955,"diagonal":false,"clipped":true}
[DebugBridge +23747.3ms] wheel_scroll_motion {"rawX":0,"rawY":138,"clippedX":0,"clippedY":40.554609776158955,"appliedX":0,"appliedY":22.061707718230473,"actualX":0,"actualY":22,"sensitivity":0.544,"currentZoomForScroll":1.4008835028506197,"maxScrollStep":40.554609776158955,"diagonal":false,"clipped":true}
[DebugBridge +23757.7ms] wheel_scroll_motion {"rawX":0,"rawY":134,"clippedX":0,"clippedY":40.554609776158955,"appliedX":0,"appliedY":22.061707718230473,"actualX":0,"actualY":22,"sensitivity":0.544,"currentZoomForScroll":1.4008835028506197,"maxScrollStep":40.554609776158955,"diagonal":false,"clipped":true}
[DebugBridge +23765.6ms] wheel_scroll_motion {"rawX":0,"rawY":126,"clippedX":0,"clippedY":40.554609776158955,"appliedX":0,"appliedY":22.061707718230473,"actualX":0,"actualY":22,"sensitivity":0.544,"currentZoomForScroll":1.4008835028506197,"maxScrollStep":40.554609776158955,"diagonal":false,"clipped":true}
[DebugBridge +23773.4ms] wheel_scroll_motion {"rawX":0,"rawY":122,"clippedX":0,"clippedY":40.554609776158955,"appliedX":0,"appliedY":22.061707718230473,"actualX":0,"actualY":22,"sensitivity":0.544,"currentZoomForScroll":1.4008835028506197,"maxScrollStep":40.554609776158955,"diagonal":false,"clipped":true}
[DebugBridge +23782.7ms] wheel_scroll_motion {"rawX":0,"rawY":122,"clippedX":0,"clippedY":40.554609776158955,"appliedX":0,"appliedY":22.061707718230473,"actualX":0,"actualY":22,"sensitivity":0.544,"currentZoomForScroll":1.4008835028506197,"maxScrollStep":40.554609776158955,"diagonal":false,"clipped":true}
[DebugBridge +23790.7ms] wheel_scroll_motion {"rawX":0,"rawY":116,"clippedX":0,"clippedY":40.554609776158955,"appliedX":0,"appliedY":22.061707718230473,"actualX":0,"actualY":22,"sensitivity":0.544,"currentZoomForScroll":1.4008835028506197,"maxScrollStep":40.554609776158955,"diagonal":false,"clipped":true}
[DebugBridge +23798.3ms] wheel_scroll_motion {"rawX":0,"rawY":116,"clippedX":0,"clippedY":40.554609776158955,"appliedX":0,"appliedY":22.061707718230473,"actualX":0,"actualY":22,"sensitivity":0.544,"currentZoomForScroll":1.4008835028506197,"maxScrollStep":40.554609776158955,"diagonal":false,"clipped":true}
[DebugBridge +23807.7ms] wheel_scroll_motion {"rawX":0,"rawY":114,"clippedX":0,"clippedY":40.554609776158955,"appliedX":0,"appliedY":22.061707718230473,"actualX":0,"actualY":22,"sensitivity":0.544,"currentZoomForScroll":1.4008835028506197,"maxScrollStep":40.554609776158955,"diagonal":false,"clipped":true}
[DebugBridge +23815.1ms] wheel_scroll_motion {"rawX":0,"rawY":108,"clippedX":0,"clippedY":40.554609776158955,"appliedX":0,"appliedY":22.061707718230473,"actualX":0,"actualY":22,"sensitivity":0.544,"currentZoomForScroll":1.4008835028506197,"maxScrollStep":40.554609776158955,"diagonal":false,"clipped":true}
[DebugBridge +23823.2ms] wheel_scroll_motion {"rawX":0,"rawY":108,"clippedX":0,"clippedY":40.554609776158955,"appliedX":0,"appliedY":22.061707718230473,"actualX":0,"actualY":22,"sensitivity":0.544,"currentZoomForScroll":1.4008835028506197,"maxScrollStep":40.554609776158955,"diagonal":false,"clipped":true}
[DebugBridge +23831.9ms] wheel_scroll_motion {"rawX":0,"rawY":106,"clippedX":0,"clippedY":40.554609776158955,"appliedX":0,"appliedY":22.061707718230473,"actualX":0,"actualY":22,"sensitivity":0.544,"currentZoomForScroll":1.4008835028506197,"maxScrollStep":40.554609776158955,"diagonal":false,"clipped":true}
[DebugBridge +23839.9ms] wheel_scroll_motion {"rawX":0,"rawY":104,"clippedX":0,"clippedY":40.554609776158955,"appliedX":0,"appliedY":22.061707718230473,"actualX":0,"actualY":22,"sensitivity":0.544,"currentZoomForScroll":1.4008835028506197,"maxScrollStep":40.554609776158955,"diagonal":false,"clipped":true}
[DebugBridge +23848.7ms] wheel_scroll_motion {"rawX":0,"rawY":100,"clippedX":0,"clippedY":40.554609776158955,"appliedX":0,"appliedY":22.061707718230473,"actualX":0,"actualY":22,"sensitivity":0.544,"currentZoomForScroll":1.4008835028506197,"maxScrollStep":40.554609776158955,"diagonal":false,"clipped":true}
[DebugBridge +23856.7ms] wheel_scroll_motion {"rawX":0,"rawY":100,"clippedX":0,"clippedY":40.554609776158955,"appliedX":0,"appliedY":22.061707718230473,"actualX":0,"actualY":22,"sensitivity":0.544,"currentZoomForScroll":1.4008835028506197,"maxScrollStep":40.554609776158955,"diagonal":false,"clipped":true}
[DebugBridge +23866.0ms] wheel_scroll_motion {"rawX":0,"rawY":94,"clippedX":0,"clippedY":40.554609776158955,"appliedX":0,"appliedY":22.061707718230473,"actualX":0,"actualY":22,"sensitivity":0.544,"currentZoomForScroll":1.4008835028506197,"maxScrollStep":40.554609776158955,"diagonal":false,"clipped":true}
[DebugBridge +23874.0ms] wheel_scroll_motion {"rawX":0,"rawY":96,"clippedX":0,"clippedY":40.554609776158955,"appliedX":0,"appliedY":22.061707718230473,"actualX":0,"actualY":22,"sensitivity":0.544,"currentZoomForScroll":1.4008835028506197,"maxScrollStep":40.554609776158955,"diagonal":false,"clipped":true}
[DebugBridge +23882.1ms] wheel_scroll_motion {"rawX":0,"rawY":90,"clippedX":0,"clippedY":40.554609776158955,"appliedX":0,"appliedY":22.061707718230473,"actualX":0,"actualY":22,"sensitivity":0.544,"currentZoomForScroll":1.4008835028506197,"maxScrollStep":40.554609776158955,"diagonal":false,"clipped":true}
[DebugBridge +23890.1ms] wheel_scroll_motion {"rawX":0,"rawY":90,"clippedX":0,"clippedY":40.554609776158955,"appliedX":0,"appliedY":22.061707718230473,"actualX":0,"actualY":22,"sensitivity":0.544,"currentZoomForScroll":1.4008835028506197,"maxScrollStep":40.554609776158955,"diagonal":false,"clipped":true}
[DebugBridge +23898.2ms] wheel_scroll_motion {"rawX":0,"rawY":86,"clippedX":0,"clippedY":40.554609776158955,"appliedX":0,"appliedY":22.061707718230473,"actualX":0,"actualY":22,"sensitivity":0.544,"currentZoomForScroll":1.4008835028506197,"maxScrollStep":40.554609776158955,"diagonal":false,"clipped":true}
[DebugBridge +23907.4ms] wheel_scroll_motion {"rawX":0,"rawY":86,"clippedX":0,"clippedY":40.554609776158955,"appliedX":0,"appliedY":22.061707718230473,"actualX":0,"actualY":22,"sensitivity":0.544,"currentZoomForScroll":1.4008835028506197,"maxScrollStep":40.554609776158955,"diagonal":false,"clipped":true}
[DebugBridge +23913.9ms] wheel_scroll_motion {"rawX":0,"rawY":82,"clippedX":0,"clippedY":40.554609776158955,"appliedX":0,"appliedY":22.061707718230473,"actualX":0,"actualY":22,"sensitivity":0.544,"currentZoomForScroll":1.4008835028506197,"maxScrollStep":40.554609776158955,"diagonal":false,"clipped":true}
[DebugBridge +23923.9ms] wheel_scroll_motion {"rawX":0,"rawY":80,"clippedX":0,"clippedY":40.554609776158955,"appliedX":0,"appliedY":22.061707718230473,"actualX":0,"actualY":22,"sensitivity":0.544,"currentZoomForScroll":1.4008835028506197,"maxScrollStep":40.554609776158955,"diagonal":false,"clipped":true}
[DebugBridge +23931.5ms] wheel_scroll_motion {"rawX":0,"rawY":80,"clippedX":0,"clippedY":40.554609776158955,"appliedX":0,"appliedY":22.061707718230473,"actualX":0,"actualY":22,"sensitivity":0.544,"currentZoomForScroll":1.4008835028506197,"maxScrollStep":40.554609776158955,"diagonal":false,"clipped":true}
[DebugBridge +23940.3ms] wheel_scroll_motion {"rawX":0,"rawY":76,"clippedX":0,"clippedY":40.554609776158955,"appliedX":0,"appliedY":22.061707718230473,"actualX":0,"actualY":22,"sensitivity":0.544,"currentZoomForScroll":1.4008835028506197,"maxScrollStep":40.554609776158955,"diagonal":false,"clipped":true}
[DebugBridge +23948.3ms] wheel_scroll_motion {"rawX":0,"rawY":72,"clippedX":0,"clippedY":40.554609776158955,"appliedX":0,"appliedY":22.061707718230473,"actualX":0,"actualY":22,"sensitivity":0.544,"currentZoomForScroll":1.4008835028506197,"maxScrollStep":40.554609776158955,"diagonal":false,"clipped":true}
[DebugBridge +23957.7ms] wheel_scroll_motion {"rawX":0,"rawY":72,"clippedX":0,"clippedY":40.554609776158955,"appliedX":0,"appliedY":22.061707718230473,"actualX":0,"actualY":22,"sensitivity":0.544,"currentZoomForScroll":1.4008835028506197,"maxScrollStep":40.554609776158955,"diagonal":false,"clipped":true}
[DebugBridge +23965.8ms] wheel_scroll_motion {"rawX":0,"rawY":68,"clippedX":0,"clippedY":40.554609776158955,"appliedX":0,"appliedY":22.061707718230473,"actualX":0,"actualY":22,"sensitivity":0.544,"currentZoomForScroll":1.4008835028506197,"maxScrollStep":40.554609776158955,"diagonal":false,"clipped":true}
[DebugBridge +23973.8ms] wheel_scroll_motion {"rawX":0,"rawY":64,"clippedX":0,"clippedY":40.554609776158955,"appliedX":0,"appliedY":22.061707718230473,"actualX":0,"actualY":22,"sensitivity":0.544,"currentZoomForScroll":1.4008835028506197,"maxScrollStep":40.554609776158955,"diagonal":false,"clipped":true}
[DebugBridge +23981.8ms] wheel_scroll_motion {"rawX":0,"rawY":64,"clippedX":0,"clippedY":40.554609776158955,"appliedX":0,"appliedY":22.061707718230473,"actualX":0,"actualY":22,"sensitivity":0.544,"currentZoomForScroll":1.4008835028506197,"maxScrollStep":40.554609776158955,"diagonal":false,"clipped":true}
[DebugBridge +23989.4ms] wheel_scroll_motion {"rawX":0,"rawY":60,"clippedX":0,"clippedY":40.554609776158955,"appliedX":0,"appliedY":22.061707718230473,"actualX":0,"actualY":22,"sensitivity":0.544,"currentZoomForScroll":1.4008835028506197,"maxScrollStep":40.554609776158955,"diagonal":false,"clipped":true}
[DebugBridge +23998.9ms] wheel_scroll_motion {"rawX":0,"rawY":60,"clippedX":0,"clippedY":40.554609776158955,"appliedX":0,"appliedY":22.061707718230473,"actualX":0,"actualY":22,"sensitivity":0.544,"currentZoomForScroll":1.4008835028506197,"maxScrollStep":40.554609776158955,"diagonal":false,"clipped":true}
[DebugBridge +24007.1ms] wheel_scroll_motion {"rawX":0,"rawY":56,"clippedX":0,"clippedY":40.554609776158955,"appliedX":0,"appliedY":22.061707718230473,"actualX":0,"actualY":22,"sensitivity":0.544,"currentZoomForScroll":1.4008835028506197,"maxScrollStep":40.554609776158955,"diagonal":false,"clipped":true}
[DebugBridge +24014.9ms] wheel_scroll_motion {"rawX":0,"rawY":54,"clippedX":0,"clippedY":40.554609776158955,"appliedX":0,"appliedY":22.061707718230473,"actualX":0,"actualY":22,"sensitivity":0.544,"currentZoomForScroll":1.4008835028506197,"maxScrollStep":40.554609776158955,"diagonal":false,"clipped":true}
[DebugBridge +24024.0ms] wheel_scroll_motion {"rawX":0,"rawY":54,"clippedX":0,"clippedY":40.554609776158955,"appliedX":0,"appliedY":22.061707718230473,"actualX":0,"actualY":22,"sensitivity":0.544,"currentZoomForScroll":1.4008835028506197,"maxScrollStep":40.554609776158955,"diagonal":false,"clipped":true}
[DebugBridge +24031.9ms] wheel_scroll_motion {"rawX":0,"rawY":52,"clippedX":0,"clippedY":40.554609776158955,"appliedX":0,"appliedY":22.061707718230473,"actualX":0,"actualY":22,"sensitivity":0.544,"currentZoomForScroll":1.4008835028506197,"maxScrollStep":40.554609776158955,"diagonal":false,"clipped":true}
[DebugBridge +24115.8ms] wheel_scroll_motion {"rawX":-16,"rawY":50,"clippedX":-16,"clippedY":40.554609776158955,"appliedX":-7.1372800000000005,"appliedY":18.090600328948987,"actualX":-7.5,"actualY":18,"sensitivity":0.44608000000000003,"currentZoomForScroll":1.4008835028506197,"maxScrollStep":40.554609776158955,"diagonal":true,"clipped":true}
[DebugBridge +24124.3ms] wheel_scroll_motion {"rawX":-12,"rawY":46,"clippedX":-12,"clippedY":40.554609776158955,"appliedX":-5.35296,"appliedY":18.090600328948987,"actualX":-5.5,"actualY":18,"sensitivity":0.44608000000000003,"currentZoomForScroll":1.4008835028506197,"maxScrollStep":40.554609776158955,"diagonal":true,"clipped":true}
[DebugBridge +24132.5ms] wheel_scroll_motion {"rawX":-18,"rawY":58,"clippedX":-18,"clippedY":40.554609776158955,"appliedX":-8.029440000000001,"appliedY":18.090600328948987,"actualX":-8.5,"actualY":18,"sensitivity":0.44608000000000003,"currentZoomForScroll":1.4008835028506197,"maxScrollStep":40.554609776158955,"diagonal":true,"clipped":true}
[DebugBridge +24140.8ms] wheel_scroll_motion {"rawX":-28,"rawY":100,"clippedX":-28,"clippedY":40.554609776158955,"appliedX":-12.49024,"appliedY":18.090600328948987,"actualX":-12.5,"actualY":18,"sensitivity":0.44608000000000003,"currentZoomForScroll":1.4008835028506197,"maxScrollStep":40.554609776158955,"diagonal":true,"clipped":true}
[DebugBridge +24149.9ms] wheel_scroll_motion {"rawX":-24,"rawY":84,"clippedX":-24,"clippedY":40.554609776158955,"appliedX":-10.70592,"appliedY":18.090600328948987,"actualX":-11,"actualY":18,"sensitivity":0.44608000000000003,"currentZoomForScroll":1.4008835028506197,"maxScrollStep":40.554609776158955,"diagonal":true,"clipped":true}
[DebugBridge +24156.9ms] wheel_scroll_motion {"rawX":-24,"rawY":60,"clippedX":-24,"clippedY":40.554609776158955,"appliedX":-10.70592,"appliedY":18.090600328948987,"actualX":-11,"actualY":18,"sensitivity":0.44608000000000003,"currentZoomForScroll":1.4008835028506197,"maxScrollStep":40.554609776158955,"diagonal":true,"clipped":true}
[DebugBridge +24165.8ms] wheel_scroll_motion {"rawX":-26,"rawY":70,"clippedX":-26,"clippedY":40.554609776158955,"appliedX":-11.598080000000001,"appliedY":18.090600328948987,"actualX":-12,"actualY":18,"sensitivity":0.44608000000000003,"currentZoomForScroll":1.4008835028506197,"maxScrollStep":40.554609776158955,"diagonal":true,"clipped":true}
[DebugBridge +24173.7ms] wheel_scroll_motion {"rawX":-22,"rawY":58,"clippedX":-22,"clippedY":40.554609776158955,"appliedX":-9.81376,"appliedY":18.090600328948987,"actualX":-10,"actualY":18,"sensitivity":0.44608000000000003,"currentZoomForScroll":1.4008835028506197,"maxScrollStep":40.554609776158955,"diagonal":true,"clipped":true}
[DebugBridge +24181.9ms] wheel_scroll_motion {"rawX":-26,"rawY":64,"clippedX":-26,"clippedY":40.554609776158955,"appliedX":-11.598080000000001,"appliedY":18.090600328948987,"actualX":-12,"actualY":18,"sensitivity":0.44608000000000003,"currentZoomForScroll":1.4008835028506197,"maxScrollStep":40.554609776158955,"diagonal":true,"clipped":true}
[DebugBridge +24183.6ms] page_visit_start {"page":9,"pageCount":36,"revisited":false,"hasContainer":true,"hasPdfSurface":true,"spinnerVisible":false,"hasAnnotationOverlay":true,"ready":true}
[DebugBridge +24185.0ms] page_visit_ready {"page":9,"pageCount":36,"revisited":false,"waitMs":2,"hasContainer":true,"hasPdfSurface":true,"spinnerVisible":false,"hasAnnotationOverlay":true,"ready":true}
[DebugBridge +24274.3ms] wheel_scroll_motion {"rawX":-18,"rawY":52,"clippedX":-18,"clippedY":40.554609776158955,"appliedX":-8.029440000000001,"appliedY":18.090600328948987,"actualX":-8.5,"actualY":18,"sensitivity":0.44608000000000003,"currentZoomForScroll":1.4008835028506197,"maxScrollStep":40.554609776158955,"diagonal":true,"clipped":true}
[DebugBridge +24284.8ms] wheel_scroll_motion {"rawX":-36,"rawY":112,"clippedX":-36,"clippedY":40.554609776158955,"appliedX":-16.058880000000002,"appliedY":18.090600328948987,"actualX":-16.5,"actualY":18,"sensitivity":0.44608000000000003,"currentZoomForScroll":1.4008835028506197,"maxScrollStep":40.554609776158955,"diagonal":true,"clipped":true}
[DebugBridge +24363.3ms] wheel_scroll_motion {"rawX":-574,"rawY":1392,"clippedX":-40.554609776158955,"clippedY":40.554609776158955,"appliedX":-18.090600328948987,"appliedY":18.090600328948987,"actualX":-18.5,"actualY":18,"sensitivity":0.44608000000000003,"currentZoomForScroll":1.4008835028506197,"maxScrollStep":40.554609776158955,"diagonal":true,"clipped":true}
[DebugBridge +24368.2ms] wheel_scroll_motion {"rawX":-354,"rawY":888,"clippedX":-40.554609776158955,"clippedY":40.554609776158955,"appliedX":-18.090600328948987,"appliedY":18.090600328948987,"actualX":-18.5,"actualY":18,"sensitivity":0.44608000000000003,"currentZoomForScroll":1.4008835028506197,"maxScrollStep":40.554609776158955,"diagonal":true,"clipped":true}
[DebugBridge +24377.4ms] wheel_scroll_motion {"rawX":-26,"rawY":76,"clippedX":-26,"clippedY":40.554609776158955,"appliedX":-11.598080000000001,"appliedY":18.090600328948987,"actualX":-12,"actualY":18,"sensitivity":0.44608000000000003,"currentZoomForScroll":1.4008835028506197,"maxScrollStep":40.554609776158955,"diagonal":true,"clipped":true}
[DebugBridge +24459.5ms] wheel_scroll_motion {"rawX":-26,"rawY":72,"clippedX":-26,"clippedY":40.554609776158955,"appliedX":-11.598080000000001,"appliedY":18.090600328948987,"actualX":-12,"actualY":18,"sensitivity":0.44608000000000003,"currentZoomForScroll":1.4008835028506197,"maxScrollStep":40.554609776158955,"diagonal":true,"clipped":true}
[DebugBridge +24464.4ms] wheel_scroll_motion {"rawX":-138,"rawY":386,"clippedX":-40.554609776158955,"clippedY":40.554609776158955,"appliedX":-18.090600328948987,"appliedY":18.090600328948987,"actualX":-18.5,"actualY":18,"sensitivity":0.44608000000000003,"currentZoomForScroll":1.4008835028506197,"maxScrollStep":40.554609776158955,"diagonal":true,"clipped":true}
[DebugBridge +24628.7ms] wheel_scroll_motion {"rawX":12,"rawY":-70,"clippedX":12,"clippedY":-40.554609776158955,"appliedX":5.35296,"appliedY":-18.090600328948987,"actualX":5,"actualY":-18.5,"sensitivity":0.44608000000000003,"currentZoomForScroll":1.4008835028506197,"maxScrollStep":40.554609776158955,"diagonal":true,"clipped":true}
[DebugBridge +24689.9ms] wheel_scroll_motion {"rawX":-48,"rawY":6,"clippedX":-40.554609776158955,"clippedY":6,"appliedX":-18.090600328948987,"appliedY":2.67648,"actualX":-18.5,"actualY":2.5,"sensitivity":0.44608000000000003,"currentZoomForScroll":1.4008835028506197,"maxScrollStep":40.554609776158955,"diagonal":true,"clipped":true}
[DebugBridge +24791.8ms] wheel_scroll_motion {"rawX":0,"rawY":48,"clippedX":0,"clippedY":40.554609776158955,"appliedX":0,"appliedY":22.061707718230473,"actualX":0,"actualY":22,"sensitivity":0.544,"currentZoomForScroll":1.4008835028506197,"maxScrollStep":40.554609776158955,"diagonal":false,"clipped":true}
[DebugBridge +25007.1ms] wheel_scroll_motion {"rawX":-48,"rawY":2,"clippedX":-40.554609776158955,"clippedY":2,"appliedX":-18.090600328948987,"appliedY":0.8921600000000001,"actualX":-18.5,"actualY":0.5,"sensitivity":0.44608000000000003,"currentZoomForScroll":1.4008835028506197,"maxScrollStep":40.554609776158955,"diagonal":true,"clipped":true}
[DebugBridge +25266.3ms] wheel_scroll_motion {"rawX":0,"rawY":288,"clippedX":0,"clippedY":40.554609776158955,"appliedX":0,"appliedY":22.061707718230473,"actualX":0,"actualY":22,"sensitivity":0.544,"currentZoomForScroll":1.4008835028506197,"maxScrollStep":40.554609776158955,"diagonal":false,"clipped":true}
[DebugBridge +25561.8ms] wheel_scroll_motion {"rawX":-6,"rawY":72,"clippedX":-6,"clippedY":40.554609776158955,"appliedX":-2.67648,"appliedY":18.090600328948987,"actualX":-3,"actualY":18,"sensitivity":0.44608000000000003,"currentZoomForScroll":1.4008835028506197,"maxScrollStep":40.554609776158955,"diagonal":true,"clipped":true}
[DebugBridge +25570.9ms] wheel_scroll_motion {"rawX":-44,"rawY":604,"clippedX":-40.554609776158955,"clippedY":40.554609776158955,"appliedX":-18.090600328948987,"appliedY":18.090600328948987,"actualX":-18.5,"actualY":18,"sensitivity":0.44608000000000003,"currentZoomForScroll":1.4008835028506197,"maxScrollStep":40.554609776158955,"diagonal":true,"clipped":true}
[DebugBridge +25576.3ms] wheel_scroll_motion {"rawX":0,"rawY":106,"clippedX":0,"clippedY":40.554609776158955,"appliedX":0,"appliedY":22.061707718230473,"actualX":0,"actualY":22,"sensitivity":0.544,"currentZoomForScroll":1.4008835028506197,"maxScrollStep":40.554609776158955,"diagonal":false,"clipped":true}
[DebugBridge +25582.1ms] wheel_scroll_motion {"rawX":0,"rawY":1254,"clippedX":0,"clippedY":40.554609776158955,"appliedX":0,"appliedY":22.061707718230473,"actualX":0,"actualY":22,"sensitivity":0.544,"currentZoomForScroll":1.4008835028506197,"maxScrollStep":40.554609776158955,"diagonal":false,"clipped":true}
[DebugBridge +25596.3ms] wheel_scroll_motion {"rawX":0,"rawY":100,"clippedX":0,"clippedY":40.554609776158955,"appliedX":0,"appliedY":22.061707718230473,"actualX":0,"actualY":22,"sensitivity":0.544,"currentZoomForScroll":1.4008835028506197,"maxScrollStep":40.554609776158955,"diagonal":false,"clipped":true}
[DebugBridge +25602.2ms] wheel_scroll_motion {"rawX":0,"rawY":190,"clippedX":0,"clippedY":40.554609776158955,"appliedX":0,"appliedY":22.061707718230473,"actualX":0,"actualY":22,"sensitivity":0.544,"currentZoomForScroll":1.4008835028506197,"maxScrollStep":40.554609776158955,"diagonal":false,"clipped":true}
[DebugBridge +25608.4ms] wheel_scroll_motion {"rawX":0,"rawY":92,"clippedX":0,"clippedY":40.554609776158955,"appliedX":0,"appliedY":22.061707718230473,"actualX":0,"actualY":22,"sensitivity":0.544,"currentZoomForScroll":1.4008835028506197,"maxScrollStep":40.554609776158955,"diagonal":false,"clipped":true}
[DebugBridge +25614.9ms] wheel_scroll_motion {"rawX":0,"rawY":90,"clippedX":0,"clippedY":40.554609776158955,"appliedX":0,"appliedY":22.061707718230473,"actualX":0,"actualY":22,"sensitivity":0.544,"currentZoomForScroll":1.4008835028506197,"maxScrollStep":40.554609776158955,"diagonal":false,"clipped":true}
[DebugBridge +25706.3ms] wheel_scroll_motion {"rawX":0,"rawY":86,"clippedX":0,"clippedY":40.554609776158955,"appliedX":0,"appliedY":22.061707718230473,"actualX":0,"actualY":22,"sensitivity":0.544,"currentZoomForScroll":1.4008835028506197,"maxScrollStep":40.554609776158955,"diagonal":false,"clipped":true}
[DebugBridge +25712.4ms] wheel_scroll_motion {"rawX":0,"rawY":744,"clippedX":0,"clippedY":40.554609776158955,"appliedX":0,"appliedY":22.061707718230473,"actualX":0,"actualY":22,"sensitivity":0.544,"currentZoomForScroll":1.4008835028506197,"maxScrollStep":40.554609776158955,"diagonal":false,"clipped":true}
[DebugBridge +25717.7ms] wheel_scroll_motion {"rawX":0,"rawY":60,"clippedX":0,"clippedY":40.554609776158955,"appliedX":0,"appliedY":22.061707718230473,"actualX":0,"actualY":22,"sensitivity":0.544,"currentZoomForScroll":1.4008835028506197,"maxScrollStep":40.554609776158955,"diagonal":false,"clipped":true}
[DebugBridge +25723.2ms] wheel_scroll_motion {"rawX":0,"rawY":60,"clippedX":0,"clippedY":40.554609776158955,"appliedX":0,"appliedY":22.061707718230473,"actualX":0,"actualY":22,"sensitivity":0.544,"currentZoomForScroll":1.4008835028506197,"maxScrollStep":40.554609776158955,"diagonal":false,"clipped":true}
[DebugBridge +25732.4ms] wheel_scroll_motion {"rawX":0,"rawY":56,"clippedX":0,"clippedY":40.554609776158955,"appliedX":0,"appliedY":22.061707718230473,"actualX":0,"actualY":22,"sensitivity":0.544,"currentZoomForScroll":1.4008835028506197,"maxScrollStep":40.554609776158955,"diagonal":false,"clipped":true}
[DebugBridge +25741.2ms] wheel_scroll_motion {"rawX":0,"rawY":56,"clippedX":0,"clippedY":40.554609776158955,"appliedX":0,"appliedY":22.061707718230473,"actualX":0,"actualY":22,"sensitivity":0.544,"currentZoomForScroll":1.4008835028506197,"maxScrollStep":40.554609776158955,"diagonal":false,"clipped":true}
[DebugBridge +25749.2ms] wheel_scroll_motion {"rawX":0,"rawY":54,"clippedX":0,"clippedY":40.554609776158955,"appliedX":0,"appliedY":22.061707718230473,"actualX":0,"actualY":22,"sensitivity":0.544,"currentZoomForScroll":1.4008835028506197,"maxScrollStep":40.554609776158955,"diagonal":false,"clipped":true}
[DebugBridge +25757.0ms] wheel_scroll_motion {"rawX":0,"rawY":52,"clippedX":0,"clippedY":40.554609776158955,"appliedX":0,"appliedY":22.061707718230473,"actualX":0,"actualY":22,"sensitivity":0.544,"currentZoomForScroll":1.4008835028506197,"maxScrollStep":40.554609776158955,"diagonal":false,"clipped":true}
[DebugBridge +25766.4ms] wheel_scroll_motion {"rawX":0,"rawY":50,"clippedX":0,"clippedY":40.554609776158955,"appliedX":0,"appliedY":22.061707718230473,"actualX":0,"actualY":22,"sensitivity":0.544,"currentZoomForScroll":1.4008835028506197,"maxScrollStep":40.554609776158955,"diagonal":false,"clipped":true}
[DebugBridge +25774.7ms] wheel_scroll_motion {"rawX":0,"rawY":46,"clippedX":0,"clippedY":40.554609776158955,"appliedX":0,"appliedY":22.061707718230473,"actualX":0,"actualY":22,"sensitivity":0.544,"currentZoomForScroll":1.4008835028506197,"maxScrollStep":40.554609776158955,"diagonal":false,"clipped":true}
[DebugBridge +25870.9ms] wheel_scroll_motion {"rawX":0,"rawY":46,"clippedX":0,"clippedY":40.554609776158955,"appliedX":0,"appliedY":22.061707718230473,"actualX":0,"actualY":22,"sensitivity":0.544,"currentZoomForScroll":1.4008835028506197,"maxScrollStep":40.554609776158955,"diagonal":false,"clipped":true}
[DebugBridge +25877.2ms] wheel_scroll_motion {"rawX":0,"rawY":130,"clippedX":0,"clippedY":40.554609776158955,"appliedX":0,"appliedY":22.061707718230473,"actualX":0,"actualY":22,"sensitivity":0.544,"currentZoomForScroll":1.4008835028506197,"maxScrollStep":40.554609776158955,"diagonal":false,"clipped":true}
[DebugBridge +25906.1ms] wheel_scroll_motion {"rawX":12,"rawY":182,"clippedX":12,"clippedY":40.554609776158955,"appliedX":5.35296,"appliedY":18.090600328948987,"actualX":5,"actualY":18,"sensitivity":0.44608000000000003,"currentZoomForScroll":1.4008835028506197,"maxScrollStep":40.554609776158955,"diagonal":true,"clipped":true}
[DebugBridge +25915.7ms] wheel_scroll_motion {"rawX":0,"rawY":62,"clippedX":0,"clippedY":40.554609776158955,"appliedX":0,"appliedY":22.061707718230473,"actualX":0,"actualY":22,"sensitivity":0.544,"currentZoomForScroll":1.4008835028506197,"maxScrollStep":40.554609776158955,"diagonal":false,"clipped":true}
[DebugBridge +25923.9ms] wheel_scroll_motion {"rawX":0,"rawY":112,"clippedX":0,"clippedY":40.554609776158955,"appliedX":0,"appliedY":22.061707718230473,"actualX":0,"actualY":22,"sensitivity":0.544,"currentZoomForScroll":1.4008835028506197,"maxScrollStep":40.554609776158955,"diagonal":false,"clipped":true}
[DebugBridge +26012.9ms] wheel_scroll_motion {"rawX":-2,"rawY":100,"clippedX":-2,"clippedY":40.554609776158955,"appliedX":-0.8921600000000001,"appliedY":18.090600328948987,"actualX":-1,"actualY":18,"sensitivity":0.44608000000000003,"currentZoomForScroll":1.4008835028506197,"maxScrollStep":40.554609776158955,"diagonal":true,"clipped":true}
[DebugBridge +26019.3ms] wheel_scroll_motion {"rawX":-22,"rawY":476,"clippedX":-22,"clippedY":40.554609776158955,"appliedX":-9.81376,"appliedY":18.090600328948987,"actualX":-10,"actualY":18,"sensitivity":0.44608000000000003,"currentZoomForScroll":1.4008835028506197,"maxScrollStep":40.554609776158955,"diagonal":true,"clipped":true}
[DebugBridge +26025.1ms] wheel_scroll_motion {"rawX":0,"rawY":146,"clippedX":0,"clippedY":40.554609776158955,"appliedX":0,"appliedY":22.061707718230473,"actualX":0,"actualY":22,"sensitivity":0.544,"currentZoomForScroll":1.4008835028506197,"maxScrollStep":40.554609776158955,"diagonal":false,"clipped":true}
[DebugBridge +26035.1ms] wheel_scroll_motion {"rawX":0,"rawY":914,"clippedX":0,"clippedY":40.554609776158955,"appliedX":0,"appliedY":22.061707718230473,"actualX":0,"actualY":22,"sensitivity":0.544,"currentZoomForScroll":1.4008835028506197,"maxScrollStep":40.554609776158955,"diagonal":false,"clipped":true}
[DebugBridge +26040.8ms] wheel_scroll_motion {"rawX":0,"rawY":130,"clippedX":0,"clippedY":40.554609776158955,"appliedX":0,"appliedY":22.061707718230473,"actualX":0,"actualY":22,"sensitivity":0.544,"currentZoomForScroll":1.4008835028506197,"maxScrollStep":40.554609776158955,"diagonal":false,"clipped":true}
[DebugBridge +26119.6ms] wheel_scroll_motion {"rawX":0,"rawY":128,"clippedX":0,"clippedY":40.554609776158955,"appliedX":0,"appliedY":22.061707718230473,"actualX":0,"actualY":22,"sensitivity":0.544,"currentZoomForScroll":1.4008835028506197,"maxScrollStep":40.554609776158955,"diagonal":false,"clipped":true}
[DebugBridge +26124.6ms] wheel_scroll_motion {"rawX":0,"rawY":1050,"clippedX":0,"clippedY":40.554609776158955,"appliedX":0,"appliedY":22.061707718230473,"actualX":0,"actualY":22,"sensitivity":0.544,"currentZoomForScroll":1.4008835028506197,"maxScrollStep":40.554609776158955,"diagonal":false,"clipped":true}
[DebugBridge +26132.2ms] wheel_scroll_motion {"rawX":0,"rawY":102,"clippedX":0,"clippedY":40.554609776158955,"appliedX":0,"appliedY":22.061707718230473,"actualX":0,"actualY":22,"sensitivity":0.544,"currentZoomForScroll":1.4008835028506197,"maxScrollStep":40.554609776158955,"diagonal":false,"clipped":true}
[DebugBridge +26140.9ms] wheel_scroll_motion {"rawX":0,"rawY":104,"clippedX":0,"clippedY":40.554609776158955,"appliedX":0,"appliedY":22.061707718230473,"actualX":0,"actualY":22,"sensitivity":0.544,"currentZoomForScroll":1.4008835028506197,"maxScrollStep":40.554609776158955,"diagonal":false,"clipped":true}
[DebugBridge +26148.9ms] wheel_scroll_motion {"rawX":0,"rawY":98,"clippedX":0,"clippedY":40.554609776158955,"appliedX":0,"appliedY":22.061707718230473,"actualX":0,"actualY":22,"sensitivity":0.544,"currentZoomForScroll":1.4008835028506197,"maxScrollStep":40.554609776158955,"diagonal":false,"clipped":true}
[DebugBridge +26157.2ms] wheel_scroll_motion {"rawX":0,"rawY":98,"clippedX":0,"clippedY":40.554609776158955,"appliedX":0,"appliedY":22.061707718230473,"actualX":0,"actualY":22,"sensitivity":0.544,"currentZoomForScroll":1.4008835028506197,"maxScrollStep":40.554609776158955,"diagonal":false,"clipped":true}
[DebugBridge +26165.8ms] wheel_scroll_motion {"rawX":0,"rawY":94,"clippedX":0,"clippedY":40.554609776158955,"appliedX":0,"appliedY":22.061707718230473,"actualX":0,"actualY":22,"sensitivity":0.544,"currentZoomForScroll":1.4008835028506197,"maxScrollStep":40.554609776158955,"diagonal":false,"clipped":true}
[DebugBridge +26241.8ms] wheel_scroll_motion {"rawX":0,"rawY":96,"clippedX":0,"clippedY":40.554609776158955,"appliedX":0,"appliedY":22.061707718230473,"actualX":0,"actualY":22,"sensitivity":0.544,"currentZoomForScroll":1.4008835028506197,"maxScrollStep":40.554609776158955,"diagonal":false,"clipped":true}
[DebugBridge +26246.1ms] wheel_scroll_motion {"rawX":0,"rawY":736,"clippedX":0,"clippedY":40.554609776158955,"appliedX":0,"appliedY":22.061707718230473,"actualX":0,"actualY":22,"sensitivity":0.544,"currentZoomForScroll":1.4008835028506197,"maxScrollStep":40.554609776158955,"diagonal":false,"clipped":true}
[DebugBridge +26249.3ms] wheel_scroll_motion {"rawX":0,"rawY":72,"clippedX":0,"clippedY":40.554609776158955,"appliedX":0,"appliedY":22.061707718230473,"actualX":0,"actualY":22,"sensitivity":0.544,"currentZoomForScroll":1.4008835028506197,"maxScrollStep":40.554609776158955,"diagonal":false,"clipped":true}
[DebugBridge +26257.6ms] wheel_scroll_motion {"rawX":0,"rawY":66,"clippedX":0,"clippedY":40.554609776158955,"appliedX":0,"appliedY":22.061707718230473,"actualX":0,"actualY":22,"sensitivity":0.544,"currentZoomForScroll":1.4008835028506197,"maxScrollStep":40.554609776158955,"diagonal":false,"clipped":true}
[DebugBridge +26364.8ms] wheel_scroll_motion {"rawX":-12,"rawY":42,"clippedX":-12,"clippedY":40.554609776158955,"appliedX":-5.35296,"appliedY":18.090600328948987,"actualX":-5.5,"actualY":18,"sensitivity":0.44608000000000003,"currentZoomForScroll":1.4008835028506197,"maxScrollStep":40.554609776158955,"diagonal":true,"clipped":true}
[DebugBridge +26374.1ms] wheel_scroll_motion {"rawX":-12,"rawY":50,"clippedX":-12,"clippedY":40.554609776158955,"appliedX":-5.35296,"appliedY":18.090600328948987,"actualX":-5.5,"actualY":18,"sensitivity":0.44608000000000003,"currentZoomForScroll":1.4008835028506197,"maxScrollStep":40.554609776158955,"diagonal":true,"clipped":true}
[DebugBridge +26375.6ms] page_visit_start {"page":10,"pageCount":36,"revisited":false,"hasContainer":true,"hasPdfSurface":true,"spinnerVisible":false,"hasAnnotationOverlay":true,"ready":true}
[DebugBridge +26377.4ms] page_visit_ready {"page":10,"pageCount":36,"revisited":false,"waitMs":2,"hasContainer":true,"hasPdfSurface":true,"spinnerVisible":false,"hasAnnotationOverlay":true,"ready":true}
[DebugBridge +26460.9ms] wheel_scroll_motion {"rawX":-12,"rawY":56,"clippedX":-12,"clippedY":40.554609776158955,"appliedX":-5.35296,"appliedY":18.090600328948987,"actualX":-5.5,"actualY":18,"sensitivity":0.44608000000000003,"currentZoomForScroll":1.4008835028506197,"maxScrollStep":40.554609776158955,"diagonal":true,"clipped":true}
[DebugBridge +26464.2ms] wheel_scroll_motion {"rawX":-122,"rawY":552,"clippedX":-40.554609776158955,"clippedY":40.554609776158955,"appliedX":-18.090600328948987,"appliedY":18.090600328948987,"actualX":-18.5,"actualY":18,"sensitivity":0.44608000000000003,"currentZoomForScroll":1.4008835028506197,"maxScrollStep":40.554609776158955,"diagonal":true,"clipped":true}
[DebugBridge +26541.3ms] wheel_scroll_motion {"rawX":-18,"rawY":112,"clippedX":-18,"clippedY":40.554609776158955,"appliedX":-8.029440000000001,"appliedY":18.090600328948987,"actualX":-8.5,"actualY":18,"sensitivity":0.44608000000000003,"currentZoomForScroll":1.4008835028506197,"maxScrollStep":40.554609776158955,"diagonal":true,"clipped":true}
[DebugBridge +26547.1ms] wheel_scroll_motion {"rawX":-290,"rawY":1336,"clippedX":-40.554609776158955,"clippedY":40.554609776158955,"appliedX":-18.090600328948987,"appliedY":18.090600328948987,"actualX":-18.5,"actualY":18,"sensitivity":0.44608000000000003,"currentZoomForScroll":1.4008835028506197,"maxScrollStep":40.554609776158955,"diagonal":true,"clipped":true}
[DebugBridge +26557.0ms] wheel_scroll_motion {"rawX":-26,"rawY":106,"clippedX":-26,"clippedY":40.554609776158955,"appliedX":-11.598080000000001,"appliedY":18.090600328948987,"actualX":-12,"actualY":18,"sensitivity":0.44608000000000003,"currentZoomForScroll":1.4008835028506197,"maxScrollStep":40.554609776158955,"diagonal":true,"clipped":true}
[DebugBridge +26565.1ms] wheel_scroll_motion {"rawX":-22,"rawY":100,"clippedX":-22,"clippedY":40.554609776158955,"appliedX":-9.81376,"appliedY":18.090600328948987,"actualX":-10,"actualY":18,"sensitivity":0.44608000000000003,"currentZoomForScroll":1.4008835028506197,"maxScrollStep":40.554609776158955,"diagonal":true,"clipped":true}
[DebugBridge +26572.3ms] wheel_scroll_motion {"rawX":-22,"rawY":100,"clippedX":-22,"clippedY":40.554609776158955,"appliedX":-9.81376,"appliedY":18.090600328948987,"actualX":-10,"actualY":18,"sensitivity":0.44608000000000003,"currentZoomForScroll":1.4008835028506197,"maxScrollStep":40.554609776158955,"diagonal":true,"clipped":true}
[DebugBridge +26580.5ms] wheel_scroll_motion {"rawX":-22,"rawY":100,"clippedX":-22,"clippedY":40.554609776158955,"appliedX":-9.81376,"appliedY":18.090600328948987,"actualX":-10,"actualY":18,"sensitivity":0.44608000000000003,"currentZoomForScroll":1.4008835028506197,"maxScrollStep":40.554609776158955,"diagonal":true,"clipped":true}
[DebugBridge +26591.2ms] wheel_scroll_motion {"rawX":-20,"rawY":94,"clippedX":-20,"clippedY":40.554609776158955,"appliedX":-8.921600000000002,"appliedY":18.090600328948987,"actualX":-9,"actualY":18,"sensitivity":0.44608000000000003,"currentZoomForScroll":1.4008835028506197,"maxScrollStep":40.554609776158955,"diagonal":true,"clipped":true}
[DebugBridge +26598.0ms] wheel_scroll_motion {"rawX":-20,"rawY":92,"clippedX":-20,"clippedY":40.554609776158955,"appliedX":-8.921600000000002,"appliedY":18.090600328948987,"actualX":-9,"actualY":18,"sensitivity":0.44608000000000003,"currentZoomForScroll":1.4008835028506197,"maxScrollStep":40.554609776158955,"diagonal":true,"clipped":true}
[DebugBridge +26607.3ms] wheel_scroll_motion {"rawX":-20,"rawY":92,"clippedX":-20,"clippedY":40.554609776158955,"appliedX":-8.921600000000002,"appliedY":18.090600328948987,"actualX":-9,"actualY":18,"sensitivity":0.44608000000000003,"currentZoomForScroll":1.4008835028506197,"maxScrollStep":40.554609776158955,"diagonal":true,"clipped":true}
[DebugBridge +26615.1ms] wheel_scroll_motion {"rawX":-18,"rawY":90,"clippedX":-18,"clippedY":40.554609776158955,"appliedX":-8.029440000000001,"appliedY":18.090600328948987,"actualX":-8.5,"actualY":18,"sensitivity":0.44608000000000003,"currentZoomForScroll":1.4008835028506197,"maxScrollStep":40.554609776158955,"diagonal":true,"clipped":true}
[DebugBridge +26623.1ms] wheel_scroll_motion {"rawX":-18,"rawY":86,"clippedX":-18,"clippedY":40.554609776158955,"appliedX":-8.029440000000001,"appliedY":18.090600328948987,"actualX":-8.5,"actualY":18,"sensitivity":0.44608000000000003,"currentZoomForScroll":1.4008835028506197,"maxScrollStep":40.554609776158955,"diagonal":true,"clipped":true}
[DebugBridge +26632.3ms] wheel_scroll_motion {"rawX":-16,"rawY":82,"clippedX":-16,"clippedY":40.554609776158955,"appliedX":-7.1372800000000005,"appliedY":18.090600328948987,"actualX":-7.5,"actualY":18,"sensitivity":0.44608000000000003,"currentZoomForScroll":1.4008835028506197,"maxScrollStep":40.554609776158955,"diagonal":true,"clipped":true}
[DebugBridge +26640.2ms] wheel_scroll_motion {"rawX":-16,"rawY":82,"clippedX":-16,"clippedY":40.554609776158955,"appliedX":-7.1372800000000005,"appliedY":18.090600328948987,"actualX":-7.5,"actualY":18,"sensitivity":0.44608000000000003,"currentZoomForScroll":1.4008835028506197,"maxScrollStep":40.554609776158955,"diagonal":true,"clipped":true}
[DebugBridge +26648.6ms] wheel_scroll_motion {"rawX":-16,"rawY":80,"clippedX":-16,"clippedY":40.554609776158955,"appliedX":-7.1372800000000005,"appliedY":18.090600328948987,"actualX":-7.5,"actualY":18,"sensitivity":0.44608000000000003,"currentZoomForScroll":1.4008835028506197,"maxScrollStep":40.554609776158955,"diagonal":true,"clipped":true}
[DebugBridge +26657.0ms] wheel_scroll_motion {"rawX":-16,"rawY":76,"clippedX":-16,"clippedY":40.554609776158955,"appliedX":-7.1372800000000005,"appliedY":18.090600328948987,"actualX":-7.5,"actualY":18,"sensitivity":0.44608000000000003,"currentZoomForScroll":1.4008835028506197,"maxScrollStep":40.554609776158955,"diagonal":true,"clipped":true}
[DebugBridge +26889.4ms] wheel_scroll_motion {"rawX":326,"rawY":116,"clippedX":40.554609776158955,"clippedY":40.554609776158955,"appliedX":18.090600328948987,"appliedY":18.090600328948987,"actualX":18,"actualY":18,"sensitivity":0.44608000000000003,"currentZoomForScroll":1.4008835028506197,"maxScrollStep":40.554609776158955,"diagonal":true,"clipped":true}
[DebugBridge +26898.6ms] wheel_scroll_motion {"rawX":44,"rawY":16,"clippedX":40.554609776158955,"clippedY":16,"appliedX":18.090600328948987,"appliedY":7.1372800000000005,"actualX":18,"actualY":7,"sensitivity":0.44608000000000003,"currentZoomForScroll":1.4008835028506197,"maxScrollStep":40.554609776158955,"diagonal":true,"clipped":true}
[DebugBridge +26906.7ms] wheel_scroll_motion {"rawX":42,"rawY":16,"clippedX":40.554609776158955,"clippedY":16,"appliedX":18.090600328948987,"appliedY":7.1372800000000005,"actualX":18,"actualY":7,"sensitivity":0.44608000000000003,"currentZoomForScroll":1.4008835028506197,"maxScrollStep":40.554609776158955,"diagonal":true,"clipped":true}
[DebugBridge +27173.2ms] wheel_scroll_motion {"rawX":54,"rawY":18,"clippedX":40.554609776158955,"clippedY":18,"appliedX":18.090600328948987,"appliedY":8.029440000000001,"actualX":18,"actualY":8,"sensitivity":0.44608000000000003,"currentZoomForScroll":1.4008835028506197,"maxScrollStep":40.554609776158955,"diagonal":true,"clipped":true}
[DebugBridge +27189.9ms] wheel_scroll_motion {"rawX":42,"rawY":10,"clippedX":40.554609776158955,"clippedY":10,"appliedX":18.090600328948987,"appliedY":4.460800000000001,"actualX":18,"actualY":4,"sensitivity":0.44608000000000003,"currentZoomForScroll":1.4008835028506197,"maxScrollStep":40.554609776158955,"diagonal":true,"clipped":true}
[DebugBridge +27199.4ms] wheel_scroll_motion {"rawX":42,"rawY":8,"clippedX":40.554609776158955,"clippedY":8,"appliedX":18.090600328948987,"appliedY":3.5686400000000003,"actualX":18,"actualY":3.5,"sensitivity":0.44608000000000003,"currentZoomForScroll":1.4008835028506197,"maxScrollStep":40.554609776158955,"diagonal":true,"clipped":true}
[DebugBridge +27247.5ms] wheel_scroll_motion {"rawX":50,"rawY":0,"clippedX":40.554609776158955,"clippedY":0,"appliedX":22.061707718230473,"appliedY":0,"actualX":22,"actualY":0,"sensitivity":0.544,"currentZoomForScroll":1.4008835028506197,"maxScrollStep":40.554609776158955,"diagonal":false,"clipped":true}
[DebugBridge +27255.7ms] wheel_scroll_motion {"rawX":62,"rawY":0,"clippedX":40.554609776158955,"clippedY":0,"appliedX":22.061707718230473,"appliedY":0,"actualX":22,"actualY":0,"sensitivity":0.544,"currentZoomForScroll":1.4008835028506197,"maxScrollStep":40.554609776158955,"diagonal":false,"clipped":true}
[DebugBridge +27265.3ms] wheel_scroll_motion {"rawX":136,"rawY":0,"clippedX":40.554609776158955,"clippedY":0,"appliedX":22.061707718230473,"appliedY":0,"actualX":22,"actualY":0,"sensitivity":0.544,"currentZoomForScroll":1.4008835028506197,"maxScrollStep":40.554609776158955,"diagonal":false,"clipped":true}
[DebugBridge +27272.4ms] wheel_scroll_motion {"rawX":68,"rawY":0,"clippedX":40.554609776158955,"clippedY":0,"appliedX":22.061707718230473,"appliedY":0,"actualX":8.5,"actualY":0,"sensitivity":0.544,"currentZoomForScroll":1.4008835028506197,"maxScrollStep":40.554609776158955,"diagonal":false,"clipped":true}
[DebugBridge +27282.1ms] wheel_scroll_motion {"rawX":68,"rawY":0,"clippedX":40.554609776158955,"clippedY":0,"appliedX":22.061707718230473,"appliedY":0,"actualX":0,"actualY":0,"sensitivity":0.544,"currentZoomForScroll":1.4008835028506197,"maxScrollStep":40.554609776158955,"diagonal":false,"clipped":true}
[DebugBridge +27290.2ms] wheel_scroll_motion {"rawX":74,"rawY":0,"clippedX":40.554609776158955,"clippedY":0,"appliedX":22.061707718230473,"appliedY":0,"actualX":0,"actualY":0,"sensitivity":0.544,"currentZoomForScroll":1.4008835028506197,"maxScrollStep":40.554609776158955,"diagonal":false,"clipped":true}
[DebugBridge +27299.0ms] wheel_scroll_motion {"rawX":70,"rawY":0,"clippedX":40.554609776158955,"clippedY":0,"appliedX":22.061707718230473,"appliedY":0,"actualX":0,"actualY":0,"sensitivity":0.544,"currentZoomForScroll":1.4008835028506197,"maxScrollStep":40.554609776158955,"diagonal":false,"clipped":true}
[DebugBridge +27306.5ms] wheel_scroll_motion {"rawX":68,"rawY":0,"clippedX":40.554609776158955,"clippedY":0,"appliedX":22.061707718230473,"appliedY":0,"actualX":0,"actualY":0,"sensitivity":0.544,"currentZoomForScroll":1.4008835028506197,"maxScrollStep":40.554609776158955,"diagonal":false,"clipped":true}
[DebugBridge +27315.3ms] wheel_scroll_motion {"rawX":68,"rawY":0,"clippedX":40.554609776158955,"clippedY":0,"appliedX":22.061707718230473,"appliedY":0,"actualX":0,"actualY":0,"sensitivity":0.544,"currentZoomForScroll":1.4008835028506197,"maxScrollStep":40.554609776158955,"diagonal":false,"clipped":true}
[DebugBridge +27322.9ms] wheel_scroll_motion {"rawX":64,"rawY":0,"clippedX":40.554609776158955,"clippedY":0,"appliedX":22.061707718230473,"appliedY":0,"actualX":0,"actualY":0,"sensitivity":0.544,"currentZoomForScroll":1.4008835028506197,"maxScrollStep":40.554609776158955,"diagonal":false,"clipped":true}
[DebugBridge +27331.8ms] wheel_scroll_motion {"rawX":64,"rawY":0,"clippedX":40.554609776158955,"clippedY":0,"appliedX":22.061707718230473,"appliedY":0,"actualX":0,"actualY":0,"sensitivity":0.544,"currentZoomForScroll":1.4008835028506197,"maxScrollStep":40.554609776158955,"diagonal":false,"clipped":true}
[DebugBridge +27340.6ms] wheel_scroll_motion {"rawX":60,"rawY":0,"clippedX":40.554609776158955,"clippedY":0,"appliedX":22.061707718230473,"appliedY":0,"actualX":0,"actualY":0,"sensitivity":0.544,"currentZoomForScroll":1.4008835028506197,"maxScrollStep":40.554609776158955,"diagonal":false,"clipped":true}
[DebugBridge +27348.1ms] wheel_scroll_motion {"rawX":58,"rawY":0,"clippedX":40.554609776158955,"clippedY":0,"appliedX":22.061707718230473,"appliedY":0,"actualX":0,"actualY":0,"sensitivity":0.544,"currentZoomForScroll":1.4008835028506197,"maxScrollStep":40.554609776158955,"diagonal":false,"clipped":true}
[DebugBridge +27356.6ms] wheel_scroll_motion {"rawX":56,"rawY":0,"clippedX":40.554609776158955,"clippedY":0,"appliedX":22.061707718230473,"appliedY":0,"actualX":0,"actualY":0,"sensitivity":0.544,"currentZoomForScroll":1.4008835028506197,"maxScrollStep":40.554609776158955,"diagonal":false,"clipped":true}
[DebugBridge +27365.5ms] wheel_scroll_motion {"rawX":56,"rawY":0,"clippedX":40.554609776158955,"clippedY":0,"appliedX":22.061707718230473,"appliedY":0,"actualX":0,"actualY":0,"sensitivity":0.544,"currentZoomForScroll":1.4008835028506197,"maxScrollStep":40.554609776158955,"diagonal":false,"clipped":true}
[DebugBridge +27373.1ms] wheel_scroll_motion {"rawX":54,"rawY":0,"clippedX":40.554609776158955,"clippedY":0,"appliedX":22.061707718230473,"appliedY":0,"actualX":0,"actualY":0,"sensitivity":0.544,"currentZoomForScroll":1.4008835028506197,"maxScrollStep":40.554609776158955,"diagonal":false,"clipped":true}
[DebugBridge +27381.9ms] wheel_scroll_motion {"rawX":50,"rawY":0,"clippedX":40.554609776158955,"clippedY":0,"appliedX":22.061707718230473,"appliedY":0,"actualX":0,"actualY":0,"sensitivity":0.544,"currentZoomForScroll":1.4008835028506197,"maxScrollStep":40.554609776158955,"diagonal":false,"clipped":true}
[DebugBridge +27390.6ms] wheel_scroll_motion {"rawX":50,"rawY":0,"clippedX":40.554609776158955,"clippedY":0,"appliedX":22.061707718230473,"appliedY":0,"actualX":0,"actualY":0,"sensitivity":0.544,"currentZoomForScroll":1.4008835028506197,"maxScrollStep":40.554609776158955,"diagonal":false,"clipped":true}
[DebugBridge +27398.2ms] wheel_scroll_motion {"rawX":48,"rawY":0,"clippedX":40.554609776158955,"clippedY":0,"appliedX":22.061707718230473,"appliedY":0,"actualX":0,"actualY":0,"sensitivity":0.544,"currentZoomForScroll":1.4008835028506197,"maxScrollStep":40.554609776158955,"diagonal":false,"clipped":true}
[DebugBridge +27407.0ms] wheel_scroll_motion {"rawX":46,"rawY":0,"clippedX":40.554609776158955,"clippedY":0,"appliedX":22.061707718230473,"appliedY":0,"actualX":0,"actualY":0,"sensitivity":0.544,"currentZoomForScroll":1.4008835028506197,"maxScrollStep":40.554609776158955,"diagonal":false,"clipped":true}
[DebugBridge +27414.6ms] wheel_scroll_motion {"rawX":44,"rawY":0,"clippedX":40.554609776158955,"clippedY":0,"appliedX":22.061707718230473,"appliedY":0,"actualX":0,"actualY":0,"sensitivity":0.544,"currentZoomForScroll":1.4008835028506197,"maxScrollStep":40.554609776158955,"diagonal":false,"clipped":true}
[DebugBridge +27422.4ms] wheel_scroll_motion {"rawX":42,"rawY":0,"clippedX":40.554609776158955,"clippedY":0,"appliedX":22.061707718230473,"appliedY":0,"actualX":0,"actualY":0,"sensitivity":0.544,"currentZoomForScroll":1.4008835028506197,"maxScrollStep":40.554609776158955,"diagonal":false,"clipped":true}
[DebugBridge +27545.2ms] wheel_scroll_motion {"rawX":38,"rawY":0,"clippedX":38,"clippedY":0,"appliedX":25.840000000000003,"appliedY":0,"actualX":0,"actualY":0,"sensitivity":0.68,"currentZoomForScroll":1.4008835028506197,"maxScrollStep":40.554609776158955,"diagonal":false,"clipped":false}
[DebugBridge +27566.3ms] wheel_scroll_motion {"rawX":-394,"rawY":-644,"clippedX":-40.554609776158955,"clippedY":-40.554609776158955,"appliedX":-18.090600328948987,"appliedY":-18.090600328948987,"actualX":-18.5,"actualY":-18.5,"sensitivity":0.44608000000000003,"currentZoomForScroll":1.4008835028506197,"maxScrollStep":40.554609776158955,"diagonal":true,"clipped":true}
[DebugBridge +27572.9ms] wheel_scroll_motion {"rawX":-76,"rawY":-104,"clippedX":-40.554609776158955,"clippedY":-40.554609776158955,"appliedX":-18.090600328948987,"appliedY":-18.090600328948987,"actualX":-18.5,"actualY":-18.5,"sensitivity":0.44608000000000003,"currentZoomForScroll":1.4008835028506197,"maxScrollStep":40.554609776158955,"diagonal":true,"clipped":true}
[DebugBridge +27582.1ms] wheel_scroll_motion {"rawX":-188,"rawY":-244,"clippedX":-40.554609776158955,"clippedY":-40.554609776158955,"appliedX":-18.090600328948987,"appliedY":-18.090600328948987,"actualX":-18.5,"actualY":-18.5,"sensitivity":0.44608000000000003,"currentZoomForScroll":1.4008835028506197,"maxScrollStep":40.554609776158955,"diagonal":true,"clipped":true}
[DebugBridge +27590.2ms] wheel_scroll_motion {"rawX":-94,"rawY":-124,"clippedX":-40.554609776158955,"clippedY":-40.554609776158955,"appliedX":-18.090600328948987,"appliedY":-18.090600328948987,"actualX":-18.5,"actualY":-18.5,"sensitivity":0.44608000000000003,"currentZoomForScroll":1.4008835028506197,"maxScrollStep":40.554609776158955,"diagonal":true,"clipped":true}
[DebugBridge +27598.7ms] wheel_scroll_motion {"rawX":-96,"rawY":-122,"clippedX":-40.554609776158955,"clippedY":-40.554609776158955,"appliedX":-18.090600328948987,"appliedY":-18.090600328948987,"actualX":-18.5,"actualY":-18.5,"sensitivity":0.44608000000000003,"currentZoomForScroll":1.4008835028506197,"maxScrollStep":40.554609776158955,"diagonal":true,"clipped":true}
[DebugBridge +27607.0ms] wheel_scroll_motion {"rawX":-94,"rawY":-120,"clippedX":-40.554609776158955,"clippedY":-40.554609776158955,"appliedX":-18.090600328948987,"appliedY":-18.090600328948987,"actualX":-18.5,"actualY":-18.5,"sensitivity":0.44608000000000003,"currentZoomForScroll":1.4008835028506197,"maxScrollStep":40.554609776158955,"diagonal":true,"clipped":true}
[DebugBridge +27613.9ms] wheel_scroll_motion {"rawX":-96,"rawY":-114,"clippedX":-40.554609776158955,"clippedY":-40.554609776158955,"appliedX":-18.090600328948987,"appliedY":-18.090600328948987,"actualX":-18.5,"actualY":-18.5,"sensitivity":0.44608000000000003,"currentZoomForScroll":1.4008835028506197,"maxScrollStep":40.554609776158955,"diagonal":true,"clipped":true}
[DebugBridge +27623.2ms] wheel_scroll_motion {"rawX":-96,"rawY":-110,"clippedX":-40.554609776158955,"clippedY":-40.554609776158955,"appliedX":-18.090600328948987,"appliedY":-18.090600328948987,"actualX":-18.5,"actualY":-18.5,"sensitivity":0.44608000000000003,"currentZoomForScroll":1.4008835028506197,"maxScrollStep":40.554609776158955,"diagonal":true,"clipped":true}
[DebugBridge +27632.2ms] wheel_scroll_motion {"rawX":-90,"rawY":-108,"clippedX":-40.554609776158955,"clippedY":-40.554609776158955,"appliedX":-18.090600328948987,"appliedY":-18.090600328948987,"actualX":-18.5,"actualY":-18.5,"sensitivity":0.44608000000000003,"currentZoomForScroll":1.4008835028506197,"maxScrollStep":40.554609776158955,"diagonal":true,"clipped":true}
[DebugBridge +27640.3ms] wheel_scroll_motion {"rawX":-90,"rawY":-106,"clippedX":-40.554609776158955,"clippedY":-40.554609776158955,"appliedX":-18.090600328948987,"appliedY":-18.090600328948987,"actualX":-18.5,"actualY":-18.5,"sensitivity":0.44608000000000003,"currentZoomForScroll":1.4008835028506197,"maxScrollStep":40.554609776158955,"diagonal":true,"clipped":true}
[DebugBridge +27739.3ms] wheel_scroll_motion {"rawX":-86,"rawY":-104,"clippedX":-40.554609776158955,"clippedY":-40.554609776158955,"appliedX":-18.090600328948987,"appliedY":-18.090600328948987,"actualX":-18.5,"actualY":-18.5,"sensitivity":0.44608000000000003,"currentZoomForScroll":1.4008835028506197,"maxScrollStep":40.554609776158955,"diagonal":true,"clipped":true}
[DebugBridge +27744.6ms] wheel_scroll_motion {"rawX":-854,"rawY":-1062,"clippedX":-40.554609776158955,"clippedY":-40.554609776158955,"appliedX":-18.090600328948987,"appliedY":-18.090600328948987,"actualX":-18.5,"actualY":-18.5,"sensitivity":0.44608000000000003,"currentZoomForScroll":1.4008835028506197,"maxScrollStep":40.554609776158955,"diagonal":true,"clipped":true}
[DebugBridge +27748.7ms] wheel_scroll_motion {"rawX":-56,"rawY":-72,"clippedX":-40.554609776158955,"clippedY":-40.554609776158955,"appliedX":-18.090600328948987,"appliedY":-18.090600328948987,"actualX":-18.5,"actualY":-18.5,"sensitivity":0.44608000000000003,"currentZoomForScroll":1.4008835028506197,"maxScrollStep":40.554609776158955,"diagonal":true,"clipped":true}
[DebugBridge +27757.0ms] wheel_scroll_motion {"rawX":-54,"rawY":-72,"clippedX":-40.554609776158955,"clippedY":-40.554609776158955,"appliedX":-18.090600328948987,"appliedY":-18.090600328948987,"actualX":-18.5,"actualY":-18.5,"sensitivity":0.44608000000000003,"currentZoomForScroll":1.4008835028506197,"maxScrollStep":40.554609776158955,"diagonal":true,"clipped":true}
[DebugBridge +27767.0ms] wheel_scroll_motion {"rawX":-52,"rawY":-68,"clippedX":-40.554609776158955,"clippedY":-40.554609776158955,"appliedX":-18.090600328948987,"appliedY":-18.090600328948987,"actualX":-18.5,"actualY":-18.5,"sensitivity":0.44608000000000003,"currentZoomForScroll":1.4008835028506197,"maxScrollStep":40.554609776158955,"diagonal":true,"clipped":true}
[DebugBridge +27773.2ms] wheel_scroll_motion {"rawX":-52,"rawY":-64,"clippedX":-40.554609776158955,"clippedY":-40.554609776158955,"appliedX":-18.090600328948987,"appliedY":-18.090600328948987,"actualX":-18.5,"actualY":-18.5,"sensitivity":0.44608000000000003,"currentZoomForScroll":1.4008835028506197,"maxScrollStep":40.554609776158955,"diagonal":true,"clipped":true}
[DebugBridge +27911.6ms] wheel_scroll_motion {"rawX":4,"rawY":-60,"clippedX":4,"clippedY":-40.554609776158955,"appliedX":1.7843200000000001,"appliedY":-18.090600328948987,"actualX":1.5,"actualY":-18.5,"sensitivity":0.44608000000000003,"currentZoomForScroll":1.4008835028506197,"maxScrollStep":40.554609776158955,"diagonal":true,"clipped":true}
[DebugBridge +27916.9ms] wheel_scroll_motion {"rawX":-56,"rawY":-844,"clippedX":-40.554609776158955,"clippedY":-40.554609776158955,"appliedX":-18.090600328948987,"appliedY":-18.090600328948987,"actualX":-18.5,"actualY":-18.5,"sensitivity":0.44608000000000003,"currentZoomForScroll":1.4008835028506197,"maxScrollStep":40.554609776158955,"diagonal":true,"clipped":true}
[DebugBridge +27923.4ms] wheel_scroll_motion {"rawX":0,"rawY":-112,"clippedX":0,"clippedY":-40.554609776158955,"appliedX":0,"appliedY":-22.061707718230473,"actualX":0,"actualY":-22.5,"sensitivity":0.544,"currentZoomForScroll":1.4008835028506197,"maxScrollStep":40.554609776158955,"diagonal":false,"clipped":true}
[DebugBridge +27999.0ms] wheel_scroll_motion {"rawX":0,"rawY":-130,"clippedX":0,"clippedY":-40.554609776158955,"appliedX":0,"appliedY":-22.061707718230473,"actualX":0,"actualY":-22.5,"sensitivity":0.544,"currentZoomForScroll":1.4008835028506197,"maxScrollStep":40.554609776158955,"diagonal":false,"clipped":true}
[DebugBridge +28003.6ms] wheel_scroll_motion {"rawX":0,"rawY":-1094,"clippedX":0,"clippedY":-40.554609776158955,"appliedX":0,"appliedY":-22.061707718230473,"actualX":0,"actualY":-22.5,"sensitivity":0.544,"currentZoomForScroll":1.4008835028506197,"maxScrollStep":40.554609776158955,"diagonal":false,"clipped":true}
[DebugBridge +28007.1ms] wheel_scroll_motion {"rawX":0,"rawY":-108,"clippedX":0,"clippedY":-40.554609776158955,"appliedX":0,"appliedY":-22.061707718230473,"actualX":0,"actualY":-22.5,"sensitivity":0.544,"currentZoomForScroll":1.4008835028506197,"maxScrollStep":40.554609776158955,"diagonal":false,"clipped":true}
[DebugBridge +28087.9ms] wheel_scroll_motion {"rawX":0,"rawY":-106,"clippedX":0,"clippedY":-40.554609776158955,"appliedX":0,"appliedY":-22.061707718230473,"actualX":0,"actualY":-22.5,"sensitivity":0.544,"currentZoomForScroll":1.4008835028506197,"maxScrollStep":40.554609776158955,"diagonal":false,"clipped":true}
[DebugBridge +28092.9ms] wheel_scroll_motion {"rawX":0,"rawY":-836,"clippedX":0,"clippedY":-40.554609776158955,"appliedX":0,"appliedY":-22.061707718230473,"actualX":0,"actualY":-22.5,"sensitivity":0.544,"currentZoomForScroll":1.4008835028506197,"maxScrollStep":40.554609776158955,"diagonal":false,"clipped":true}
[DebugBridge +28098.0ms] wheel_scroll_motion {"rawX":0,"rawY":-80,"clippedX":0,"clippedY":-40.554609776158955,"appliedX":0,"appliedY":-22.061707718230473,"actualX":0,"actualY":-22.5,"sensitivity":0.544,"currentZoomForScroll":1.4008835028506197,"maxScrollStep":40.554609776158955,"diagonal":false,"clipped":true}
[DebugBridge +28107.0ms] wheel_scroll_motion {"rawX":0,"rawY":-80,"clippedX":0,"clippedY":-40.554609776158955,"appliedX":0,"appliedY":-22.061707718230473,"actualX":0,"actualY":-22.5,"sensitivity":0.544,"currentZoomForScroll":1.4008835028506197,"maxScrollStep":40.554609776158955,"diagonal":false,"clipped":true}
[DebugBridge +28132.1ms] wheel_scroll_motion {"rawX":2,"rawY":-44,"clippedX":2,"clippedY":-40.554609776158955,"appliedX":0.8921600000000001,"appliedY":-18.090600328948987,"actualX":0.5,"actualY":-18.5,"sensitivity":0.44608000000000003,"currentZoomForScroll":1.4008835028506197,"maxScrollStep":40.554609776158955,"diagonal":true,"clipped":true}
[DebugBridge +28140.3ms] page_visit_start {"page":9,"pageCount":36,"revisited":true,"hasContainer":true,"hasPdfSurface":true,"spinnerVisible":false,"hasAnnotationOverlay":true,"ready":true}
[DebugBridge +28141.5ms] page_visit_ready {"page":9,"pageCount":36,"revisited":true,"waitMs":2,"hasContainer":true,"hasPdfSurface":true,"spinnerVisible":false,"hasAnnotationOverlay":true,"ready":true}
[DebugBridge +28233.4ms] wheel_scroll_motion {"rawX":-70,"rawY":-812,"clippedX":-40.554609776158955,"clippedY":-40.554609776158955,"appliedX":-18.090600328948987,"appliedY":-18.090600328948987,"actualX":-18.5,"actualY":-18.5,"sensitivity":0.44608000000000003,"currentZoomForScroll":1.4008835028506197,"maxScrollStep":40.554609776158955,"diagonal":true,"clipped":true}
[DebugBridge +28316.3ms] wheel_scroll_motion {"rawX":0,"rawY":-106,"clippedX":0,"clippedY":-40.554609776158955,"appliedX":0,"appliedY":-22.061707718230473,"actualX":0,"actualY":-22.5,"sensitivity":0.544,"currentZoomForScroll":1.4008835028506197,"maxScrollStep":40.554609776158955,"diagonal":false,"clipped":true}
[DebugBridge +28324.3ms] wheel_scroll_motion {"rawX":0,"rawY":-1072,"clippedX":0,"clippedY":-40.554609776158955,"appliedX":0,"appliedY":-22.061707718230473,"actualX":0,"actualY":-22.5,"sensitivity":0.544,"currentZoomForScroll":1.4008835028506197,"maxScrollStep":40.554609776158955,"diagonal":false,"clipped":true}
[DebugBridge +28400.1ms] wheel_scroll_motion {"rawX":0,"rawY":-106,"clippedX":0,"clippedY":-40.554609776158955,"appliedX":0,"appliedY":-22.061707718230473,"actualX":0,"actualY":-22.5,"sensitivity":0.544,"currentZoomForScroll":1.4008835028506197,"maxScrollStep":40.554609776158955,"diagonal":false,"clipped":true}
[DebugBridge +28404.4ms] wheel_scroll_motion {"rawX":0,"rawY":-850,"clippedX":0,"clippedY":-40.554609776158955,"appliedX":0,"appliedY":-22.061707718230473,"actualX":0,"actualY":-22.5,"sensitivity":0.544,"currentZoomForScroll":1.4008835028506197,"maxScrollStep":40.554609776158955,"diagonal":false,"clipped":true}
[DebugBridge +28408.0ms] wheel_scroll_motion {"rawX":0,"rawY":-82,"clippedX":0,"clippedY":-40.554609776158955,"appliedX":0,"appliedY":-22.061707718230473,"actualX":0,"actualY":-22.5,"sensitivity":0.544,"currentZoomForScroll":1.4008835028506197,"maxScrollStep":40.554609776158955,"diagonal":false,"clipped":true}
[DebugBridge +28422.9ms] wheel_scroll_motion {"rawX":0,"rawY":-80,"clippedX":0,"clippedY":-40.554609776158955,"appliedX":0,"appliedY":-22.061707718230473,"actualX":0,"actualY":-22.5,"sensitivity":0.544,"currentZoomForScroll":1.4008835028506197,"maxScrollStep":40.554609776158955,"diagonal":false,"clipped":true}
[DebugBridge +28433.3ms] wheel_scroll_motion {"rawX":0,"rawY":-80,"clippedX":0,"clippedY":-40.554609776158955,"appliedX":0,"appliedY":-22.061707718230473,"actualX":0,"actualY":-22.5,"sensitivity":0.544,"currentZoomForScroll":1.4008835028506197,"maxScrollStep":40.554609776158955,"diagonal":false,"clipped":true}
[DebugBridge +28440.0ms] wheel_scroll_motion {"rawX":0,"rawY":-76,"clippedX":0,"clippedY":-40.554609776158955,"appliedX":0,"appliedY":-22.061707718230473,"actualX":0,"actualY":-22.5,"sensitivity":0.544,"currentZoomForScroll":1.4008835028506197,"maxScrollStep":40.554609776158955,"diagonal":false,"clipped":true}
[DebugBridge +28449.5ms] wheel_scroll_motion {"rawX":0,"rawY":-72,"clippedX":0,"clippedY":-40.554609776158955,"appliedX":0,"appliedY":-22.061707718230473,"actualX":0,"actualY":-22.5,"sensitivity":0.544,"currentZoomForScroll":1.4008835028506197,"maxScrollStep":40.554609776158955,"diagonal":false,"clipped":true}
[DebugBridge +28574.1ms] wheel_scroll_motion {"rawX":-42,"rawY":4,"clippedX":-40.554609776158955,"clippedY":4,"appliedX":-18.090600328948987,"appliedY":1.7843200000000001,"actualX":-18.5,"actualY":1.5,"sensitivity":0.44608000000000003,"currentZoomForScroll":1.4008835028506197,"maxScrollStep":40.554609776158955,"diagonal":true,"clipped":true}
[DebugBridge +28582.3ms] wheel_scroll_motion {"rawX":-58,"rawY":6,"clippedX":-40.554609776158955,"clippedY":6,"appliedX":-18.090600328948987,"appliedY":2.67648,"actualX":-18.5,"actualY":2.5,"sensitivity":0.44608000000000003,"currentZoomForScroll":1.4008835028506197,"maxScrollStep":40.554609776158955,"diagonal":true,"clipped":true}
[DebugBridge +28590.2ms] wheel_scroll_motion {"rawX":-44,"rawY":6,"clippedX":-40.554609776158955,"clippedY":6,"appliedX":-18.090600328948987,"appliedY":2.67648,"actualX":-18.5,"actualY":2.5,"sensitivity":0.44608000000000003,"currentZoomForScroll":1.4008835028506197,"maxScrollStep":40.554609776158955,"diagonal":true,"clipped":true}
[DebugBridge +28599.6ms] wheel_scroll_motion {"rawX":-60,"rawY":12,"clippedX":-40.554609776158955,"clippedY":12,"appliedX":-18.090600328948987,"appliedY":5.35296,"actualX":-18.5,"actualY":5,"sensitivity":0.44608000000000003,"currentZoomForScroll":1.4008835028506197,"maxScrollStep":40.554609776158955,"diagonal":true,"clipped":true}
[DebugBridge +28740.1ms] wheel_scroll_motion {"rawX":42,"rawY":0,"clippedX":40.554609776158955,"clippedY":0,"appliedX":22.061707718230473,"appliedY":0,"actualX":22,"actualY":0,"sensitivity":0.544,"currentZoomForScroll":1.4008835028506197,"maxScrollStep":40.554609776158955,"diagonal":false,"clipped":true}
[DebugBridge +28890.8ms] wheel_scroll_motion {"rawX":-48,"rawY":-4,"clippedX":-40.554609776158955,"clippedY":-4,"appliedX":-18.090600328948987,"appliedY":-1.7843200000000001,"actualX":-18.5,"actualY":-2,"sensitivity":0.44608000000000003,"currentZoomForScroll":1.4008835028506197,"maxScrollStep":40.554609776158955,"diagonal":true,"clipped":true}
[DebugBridge +28999.2ms] wheel_scroll_motion {"rawX":-64,"rawY":0,"clippedX":-40.554609776158955,"clippedY":0,"appliedX":-22.061707718230473,"appliedY":0,"actualX":-22.5,"actualY":0,"sensitivity":0.544,"currentZoomForScroll":1.4008835028506197,"maxScrollStep":40.554609776158955,"diagonal":false,"clipped":true}
[DebugBridge +29067.6ms] wheel_scroll_motion {"rawX":-114,"rawY":0,"clippedX":-40.554609776158955,"clippedY":0,"appliedX":-22.061707718230473,"appliedY":0,"actualX":-22.5,"actualY":0,"sensitivity":0.544,"currentZoomForScroll":1.4008835028506197,"maxScrollStep":40.554609776158955,"diagonal":false,"clipped":true}
[DebugBridge +29215.0ms] wheel_scroll_motion {"rawX":-56,"rawY":-32,"clippedX":-40.554609776158955,"clippedY":-32,"appliedX":-18.090600328948987,"appliedY":-14.274560000000001,"actualX":-18.5,"actualY":-14.5,"sensitivity":0.44608000000000003,"currentZoomForScroll":1.4008835028506197,"maxScrollStep":40.554609776158955,"diagonal":true,"clipped":true}
[DebugBridge +29248.0ms] wheel_scroll_motion {"rawX":-42,"rawY":-14,"clippedX":-40.554609776158955,"clippedY":-14,"appliedX":-18.090600328948987,"appliedY":-6.24512,"actualX":-18.5,"actualY":-6.5,"sensitivity":0.44608000000000003,"currentZoomForScroll":1.4008835028506197,"maxScrollStep":40.554609776158955,"diagonal":true,"clipped":true}
[DebugBridge +29258.3ms] wheel_scroll_motion {"rawX":-50,"rawY":-18,"clippedX":-40.554609776158955,"clippedY":-18,"appliedX":-18.090600328948987,"appliedY":-8.029440000000001,"actualX":-18.5,"actualY":-8.5,"sensitivity":0.44608000000000003,"currentZoomForScroll":1.4008835028506197,"maxScrollStep":40.554609776158955,"diagonal":true,"clipped":true}
[DebugBridge +29264.3ms] wheel_scroll_motion {"rawX":-54,"rawY":-18,"clippedX":-40.554609776158955,"clippedY":-18,"appliedX":-18.090600328948987,"appliedY":-8.029440000000001,"actualX":-18.5,"actualY":-8.5,"sensitivity":0.44608000000000003,"currentZoomForScroll":1.4008835028506197,"maxScrollStep":40.554609776158955,"diagonal":true,"clipped":true}
[DebugBridge +29274.9ms] wheel_scroll_motion {"rawX":-58,"rawY":-20,"clippedX":-40.554609776158955,"clippedY":-20,"appliedX":-18.090600328948987,"appliedY":-8.921600000000002,"actualX":-18.5,"actualY":-9,"sensitivity":0.44608000000000003,"currentZoomForScroll":1.4008835028506197,"maxScrollStep":40.554609776158955,"diagonal":true,"clipped":true}
[DebugBridge +29282.4ms] wheel_scroll_motion {"rawX":-58,"rawY":-20,"clippedX":-40.554609776158955,"clippedY":-20,"appliedX":-18.090600328948987,"appliedY":-8.921600000000002,"actualX":-10,"actualY":-9,"sensitivity":0.44608000000000003,"currentZoomForScroll":1.4008835028506197,"maxScrollStep":40.554609776158955,"diagonal":true,"clipped":true}
[DebugBridge +29290.6ms] wheel_scroll_motion {"rawX":-56,"rawY":-20,"clippedX":-40.554609776158955,"clippedY":-20,"appliedX":-18.090600328948987,"appliedY":-8.921600000000002,"actualX":0,"actualY":-9,"sensitivity":0.44608000000000003,"currentZoomForScroll":1.4008835028506197,"maxScrollStep":40.554609776158955,"diagonal":true,"clipped":true}
[DebugBridge +29299.8ms] wheel_scroll_motion {"rawX":-62,"rawY":-24,"clippedX":-40.554609776158955,"clippedY":-24,"appliedX":-18.090600328948987,"appliedY":-10.70592,"actualX":0,"actualY":-11,"sensitivity":0.44608000000000003,"currentZoomForScroll":1.4008835028506197,"maxScrollStep":40.554609776158955,"diagonal":true,"clipped":true}
[DebugBridge +29307.8ms] wheel_scroll_motion {"rawX":-64,"rawY":-26,"clippedX":-40.554609776158955,"clippedY":-26,"appliedX":-18.090600328948987,"appliedY":-11.598080000000001,"actualX":0,"actualY":-12,"sensitivity":0.44608000000000003,"currentZoomForScroll":1.4008835028506197,"maxScrollStep":40.554609776158955,"diagonal":true,"clipped":true}
[DebugBridge +29382.3ms] wheel_scroll_motion {"rawX":-60,"rawY":-22,"clippedX":-40.554609776158955,"clippedY":-22,"appliedX":-18.090600328948987,"appliedY":-9.81376,"actualX":0,"actualY":-10,"sensitivity":0.44608000000000003,"currentZoomForScroll":1.4008835028506197,"maxScrollStep":40.554609776158955,"diagonal":true,"clipped":true}
[DebugBridge +29387.4ms] wheel_scroll_motion {"rawX":-456,"rawY":-166,"clippedX":-40.554609776158955,"clippedY":-40.554609776158955,"appliedX":-18.090600328948987,"appliedY":-18.090600328948987,"actualX":0,"actualY":-18.5,"sensitivity":0.44608000000000003,"currentZoomForScroll":1.4008835028506197,"maxScrollStep":40.554609776158955,"diagonal":true,"clipped":true}
[DebugBridge +29391.9ms] wheel_scroll_motion {"rawX":-42,"rawY":-14,"clippedX":-40.554609776158955,"clippedY":-14,"appliedX":-18.090600328948987,"appliedY":-6.24512,"actualX":0,"actualY":-6.5,"sensitivity":0.44608000000000003,"currentZoomForScroll":1.4008835028506197,"maxScrollStep":40.554609776158955,"diagonal":true,"clipped":true}
[DebugBridge +29402.1ms] wheel_scroll_motion {"rawX":-42,"rawY":-14,"clippedX":-40.554609776158955,"clippedY":-14,"appliedX":-18.090600328948987,"appliedY":-6.24512,"actualX":0,"actualY":-6.5,"sensitivity":0.44608000000000003,"currentZoomForScroll":1.4008835028506197,"maxScrollStep":40.554609776158955,"diagonal":true,"clipped":true}
[DebugBridge +29406.7ms] wheel_scroll_motion {"rawX":-38,"rawY":-14,"clippedX":-38,"clippedY":-14,"appliedX":-21.1888,"appliedY":-7.8064,"actualX":0,"actualY":-8,"sensitivity":0.5576,"currentZoomForScroll":1.4008835028506197,"maxScrollStep":40.554609776158955,"diagonal":true,"clipped":false}
[DebugBridge +29415.9ms] wheel_scroll_motion {"rawX":-38,"rawY":-14,"clippedX":-38,"clippedY":-14,"appliedX":-21.1888,"appliedY":-7.8064,"actualX":0,"actualY":-8,"sensitivity":0.5576,"currentZoomForScroll":1.4008835028506197,"maxScrollStep":40.554609776158955,"diagonal":true,"clipped":false}
[DebugBridge +29424.0ms] wheel_scroll_motion {"rawX":-34,"rawY":-12,"clippedX":-34,"clippedY":-12,"appliedX":-18.9584,"appliedY":-6.6912,"actualX":0,"actualY":-7,"sensitivity":0.5576,"currentZoomForScroll":1.4008835028506197,"maxScrollStep":40.554609776158955,"diagonal":true,"clipped":false}
[DebugBridge +29432.9ms] wheel_scroll_motion {"rawX":-34,"rawY":-12,"clippedX":-34,"clippedY":-12,"appliedX":-18.9584,"appliedY":-6.6912,"actualX":0,"actualY":-7,"sensitivity":0.5576,"currentZoomForScroll":1.4008835028506197,"maxScrollStep":40.554609776158955,"diagonal":true,"clipped":false}
[DebugBridge +29524.1ms] wheel_scroll_motion {"rawX":6,"rawY":-52,"clippedX":6,"clippedY":-40.554609776158955,"appliedX":2.67648,"appliedY":-18.090600328948987,"actualX":2.5,"actualY":-18.5,"sensitivity":0.44608000000000003,"currentZoomForScroll":1.4008835028506197,"maxScrollStep":40.554609776158955,"diagonal":true,"clipped":true}
[DebugBridge +29541.5ms] wheel_scroll_motion {"rawX":4,"rawY":-56,"clippedX":4,"clippedY":-40.554609776158955,"appliedX":1.7843200000000001,"appliedY":-18.090600328948987,"actualX":1.5,"actualY":-18.5,"sensitivity":0.44608000000000003,"currentZoomForScroll":1.4008835028506197,"maxScrollStep":40.554609776158955,"diagonal":true,"clipped":true}
[DebugBridge +29557.5ms] wheel_scroll_motion {"rawX":-14,"rawY":-84,"clippedX":-14,"clippedY":-40.554609776158955,"appliedX":-6.24512,"appliedY":-18.090600328948987,"actualX":-6.5,"actualY":-18.5,"sensitivity":0.44608000000000003,"currentZoomForScroll":1.4008835028506197,"maxScrollStep":40.554609776158955,"diagonal":true,"clipped":true}
[DebugBridge +29574.3ms] wheel_scroll_motion {"rawX":-16,"rawY":-46,"clippedX":-16,"clippedY":-40.554609776158955,"appliedX":-7.1372800000000005,"appliedY":-18.090600328948987,"actualX":-7.5,"actualY":-18.5,"sensitivity":0.44608000000000003,"currentZoomForScroll":1.4008835028506197,"maxScrollStep":40.554609776158955,"diagonal":true,"clipped":true}
[DebugBridge +29582.3ms] wheel_scroll_motion {"rawX":-14,"rawY":-22,"clippedX":-14,"clippedY":-22,"appliedX":-7.8064,"appliedY":-12.267199999999999,"actualX":-6,"actualY":-12.5,"sensitivity":0.5576,"currentZoomForScroll":1.4008835028506197,"maxScrollStep":40.554609776158955,"diagonal":true,"clipped":false}
[DebugBridge +29601.6ms] wheel_scroll_motion {"rawX":0,"rawY":-62,"clippedX":0,"clippedY":-40.554609776158955,"appliedX":0,"appliedY":-22.061707718230473,"actualX":0,"actualY":-22.5,"sensitivity":0.544,"currentZoomForScroll":1.4008835028506197,"maxScrollStep":40.554609776158955,"diagonal":false,"clipped":true}
[DebugBridge +29606.8ms] wheel_scroll_motion {"rawX":0,"rawY":-162,"clippedX":0,"clippedY":-40.554609776158955,"appliedX":0,"appliedY":-22.061707718230473,"actualX":0,"actualY":-22.5,"sensitivity":0.544,"currentZoomForScroll":1.4008835028506197,"maxScrollStep":40.554609776158955,"diagonal":false,"clipped":true}
[DebugBridge +29616.1ms] wheel_scroll_motion {"rawX":0,"rawY":-84,"clippedX":0,"clippedY":-40.554609776158955,"appliedX":0,"appliedY":-22.061707718230473,"actualX":0,"actualY":-22.5,"sensitivity":0.544,"currentZoomForScroll":1.4008835028506197,"maxScrollStep":40.554609776158955,"diagonal":false,"clipped":true}
[DebugBridge +29623.8ms] wheel_scroll_motion {"rawX":0,"rawY":-84,"clippedX":0,"clippedY":-40.554609776158955,"appliedX":0,"appliedY":-22.061707718230473,"actualX":0,"actualY":-22.5,"sensitivity":0.544,"currentZoomForScroll":1.4008835028506197,"maxScrollStep":40.554609776158955,"diagonal":false,"clipped":true}
[DebugBridge +29632.4ms] wheel_scroll_motion {"rawX":0,"rawY":-86,"clippedX":0,"clippedY":-40.554609776158955,"appliedX":0,"appliedY":-22.061707718230473,"actualX":0,"actualY":-22.5,"sensitivity":0.544,"currentZoomForScroll":1.4008835028506197,"maxScrollStep":40.554609776158955,"diagonal":false,"clipped":true}
[DebugBridge +29640.2ms] wheel_scroll_motion {"rawX":0,"rawY":-86,"clippedX":0,"clippedY":-40.554609776158955,"appliedX":0,"appliedY":-22.061707718230473,"actualX":0,"actualY":-22.5,"sensitivity":0.544,"currentZoomForScroll":1.4008835028506197,"maxScrollStep":40.554609776158955,"diagonal":false,"clipped":true}
[DebugBridge +29648.7ms] wheel_scroll_motion {"rawX":0,"rawY":-86,"clippedX":0,"clippedY":-40.554609776158955,"appliedX":0,"appliedY":-22.061707718230473,"actualX":0,"actualY":-22.5,"sensitivity":0.544,"currentZoomForScroll":1.4008835028506197,"maxScrollStep":40.554609776158955,"diagonal":false,"clipped":true}
[DebugBridge +29658.0ms] wheel_scroll_motion {"rawX":0,"rawY":-82,"clippedX":0,"clippedY":-40.554609776158955,"appliedX":0,"appliedY":-22.061707718230473,"actualX":0,"actualY":-22.5,"sensitivity":0.544,"currentZoomForScroll":1.4008835028506197,"maxScrollStep":40.554609776158955,"diagonal":false,"clipped":true}
[DebugBridge +29665.6ms] wheel_scroll_motion {"rawX":0,"rawY":-82,"clippedX":0,"clippedY":-40.554609776158955,"appliedX":0,"appliedY":-22.061707718230473,"actualX":0,"actualY":-22.5,"sensitivity":0.544,"currentZoomForScroll":1.4008835028506197,"maxScrollStep":40.554609776158955,"diagonal":false,"clipped":true}
[DebugBridge +29674.3ms] wheel_scroll_motion {"rawX":0,"rawY":-80,"clippedX":0,"clippedY":-40.554609776158955,"appliedX":0,"appliedY":-22.061707718230473,"actualX":0,"actualY":-22.5,"sensitivity":0.544,"currentZoomForScroll":1.4008835028506197,"maxScrollStep":40.554609776158955,"diagonal":false,"clipped":true}
[DebugBridge +29682.0ms] wheel_scroll_motion {"rawX":0,"rawY":-76,"clippedX":0,"clippedY":-40.554609776158955,"appliedX":0,"appliedY":-22.061707718230473,"actualX":0,"actualY":-22.5,"sensitivity":0.544,"currentZoomForScroll":1.4008835028506197,"maxScrollStep":40.554609776158955,"diagonal":false,"clipped":true}
[DebugBridge +29691.4ms] wheel_scroll_motion {"rawX":0,"rawY":-72,"clippedX":0,"clippedY":-40.554609776158955,"appliedX":0,"appliedY":-22.061707718230473,"actualX":0,"actualY":-22.5,"sensitivity":0.544,"currentZoomForScroll":1.4008835028506197,"maxScrollStep":40.554609776158955,"diagonal":false,"clipped":true}
[DebugBridge +29699.5ms] wheel_scroll_motion {"rawX":0,"rawY":-72,"clippedX":0,"clippedY":-40.554609776158955,"appliedX":0,"appliedY":-22.061707718230473,"actualX":0,"actualY":-22.5,"sensitivity":0.544,"currentZoomForScroll":1.4008835028506197,"maxScrollStep":40.554609776158955,"diagonal":false,"clipped":true}
[DebugBridge +29707.5ms] wheel_scroll_motion {"rawX":0,"rawY":-68,"clippedX":0,"clippedY":-40.554609776158955,"appliedX":0,"appliedY":-22.061707718230473,"actualX":0,"actualY":-22.5,"sensitivity":0.544,"currentZoomForScroll":1.4008835028506197,"maxScrollStep":40.554609776158955,"diagonal":false,"clipped":true}
[DebugBridge +29715.7ms] wheel_scroll_motion {"rawX":0,"rawY":-68,"clippedX":0,"clippedY":-40.554609776158955,"appliedX":0,"appliedY":-22.061707718230473,"actualX":0,"actualY":-22.5,"sensitivity":0.544,"currentZoomForScroll":1.4008835028506197,"maxScrollStep":40.554609776158955,"diagonal":false,"clipped":true}
[DebugBridge +29848.3ms] wheel_scroll_motion {"rawX":46,"rawY":0,"clippedX":40.554609776158955,"clippedY":0,"appliedX":22.061707718230473,"appliedY":0,"actualX":22,"actualY":0,"sensitivity":0.544,"currentZoomForScroll":1.4008835028506197,"maxScrollStep":40.554609776158955,"diagonal":false,"clipped":true}
[DebugBridge +29906.1ms] wheel_scroll_motion {"rawX":46,"rawY":0,"clippedX":40.554609776158955,"clippedY":0,"appliedX":22.061707718230473,"appliedY":0,"actualX":22,"actualY":0,"sensitivity":0.544,"currentZoomForScroll":1.4008835028506197,"maxScrollStep":40.554609776158955,"diagonal":false,"clipped":true}
[DebugBridge +29917.0ms] wheel_scroll_motion {"rawX":58,"rawY":0,"clippedX":40.554609776158955,"clippedY":0,"appliedX":22.061707718230473,"appliedY":0,"actualX":22,"actualY":0,"sensitivity":0.544,"currentZoomForScroll":1.4008835028506197,"maxScrollStep":40.554609776158955,"diagonal":false,"clipped":true}
[DebugBridge +29927.0ms] wheel_scroll_motion {"rawX":62,"rawY":0,"clippedX":40.554609776158955,"clippedY":0,"appliedX":22.061707718230473,"appliedY":0,"actualX":22,"actualY":0,"sensitivity":0.544,"currentZoomForScroll":1.4008835028506197,"maxScrollStep":40.554609776158955,"diagonal":false,"clipped":true}
[DebugBridge +29932.8ms] wheel_scroll_motion {"rawX":66,"rawY":0,"clippedX":40.554609776158955,"clippedY":0,"appliedX":22.061707718230473,"appliedY":0,"actualX":22,"actualY":0,"sensitivity":0.544,"currentZoomForScroll":1.4008835028506197,"maxScrollStep":40.554609776158955,"diagonal":false,"clipped":true}
[DebugBridge +29939.9ms] wheel_scroll_motion {"rawX":64,"rawY":0,"clippedX":40.554609776158955,"clippedY":0,"appliedX":22.061707718230473,"appliedY":0,"actualX":22,"actualY":0,"sensitivity":0.544,"currentZoomForScroll":1.4008835028506197,"maxScrollStep":40.554609776158955,"diagonal":false,"clipped":true}
[DebugBridge +29947.8ms] wheel_scroll_motion {"rawX":64,"rawY":0,"clippedX":40.554609776158955,"clippedY":0,"appliedX":22.061707718230473,"appliedY":0,"actualX":22,"actualY":0,"sensitivity":0.544,"currentZoomForScroll":1.4008835028506197,"maxScrollStep":40.554609776158955,"diagonal":false,"clipped":true}
[DebugBridge +29958.5ms] wheel_scroll_motion {"rawX":70,"rawY":0,"clippedX":40.554609776158955,"clippedY":0,"appliedX":22.061707718230473,"appliedY":0,"actualX":22,"actualY":0,"sensitivity":0.544,"currentZoomForScroll":1.4008835028506197,"maxScrollStep":40.554609776158955,"diagonal":false,"clipped":true}
[DebugBridge +29964.3ms] wheel_scroll_motion {"rawX":68,"rawY":0,"clippedX":40.554609776158955,"clippedY":0,"appliedX":22.061707718230473,"appliedY":0,"actualX":22,"actualY":0,"sensitivity":0.544,"currentZoomForScroll":1.4008835028506197,"maxScrollStep":40.554609776158955,"diagonal":false,"clipped":true}
[DebugBridge +29975.0ms] wheel_scroll_motion {"rawX":64,"rawY":0,"clippedX":40.554609776158955,"clippedY":0,"appliedX":22.061707718230473,"appliedY":0,"actualX":22,"actualY":0,"sensitivity":0.544,"currentZoomForScroll":1.4008835028506197,"maxScrollStep":40.554609776158955,"diagonal":false,"clipped":true}
[DebugBridge +30053.7ms] wheel_scroll_motion {"rawX":64,"rawY":0,"clippedX":40.554609776158955,"clippedY":0,"appliedX":22.061707718230473,"appliedY":0,"actualX":22,"actualY":0,"sensitivity":0.544,"currentZoomForScroll":1.4008835028506197,"maxScrollStep":40.554609776158955,"diagonal":false,"clipped":true}
[DebugBridge +30058.6ms] wheel_scroll_motion {"rawX":530,"rawY":0,"clippedX":40.554609776158955,"clippedY":0,"appliedX":22.061707718230473,"appliedY":0,"actualX":22,"actualY":0,"sensitivity":0.544,"currentZoomForScroll":1.4008835028506197,"maxScrollStep":40.554609776158955,"diagonal":false,"clipped":true}
[DebugBridge +30064.9ms] wheel_scroll_motion {"rawX":42,"rawY":0,"clippedX":40.554609776158955,"clippedY":0,"appliedX":22.061707718230473,"appliedY":0,"actualX":22,"actualY":0,"sensitivity":0.544,"currentZoomForScroll":1.4008835028506197,"maxScrollStep":40.554609776158955,"diagonal":false,"clipped":true}
[DebugBridge +30074.3ms] wheel_scroll_motion {"rawX":42,"rawY":0,"clippedX":40.554609776158955,"clippedY":0,"appliedX":22.061707718230473,"appliedY":0,"actualX":22,"actualY":0,"sensitivity":0.544,"currentZoomForScroll":1.4008835028506197,"maxScrollStep":40.554609776158955,"diagonal":false,"clipped":true}
[DebugBridge +30166.4ms] wheel_scroll_motion {"rawX":-12,"rawY":-56,"clippedX":-12,"clippedY":-40.554609776158955,"appliedX":-5.35296,"appliedY":-18.090600328948987,"actualX":-5.5,"actualY":-18.5,"sensitivity":0.44608000000000003,"currentZoomForScroll":1.4008835028506197,"maxScrollStep":40.554609776158955,"diagonal":true,"clipped":true}
[DebugBridge +30174.5ms] wheel_scroll_motion {"rawX":-24,"rawY":-80,"clippedX":-24,"clippedY":-40.554609776158955,"appliedX":-10.70592,"appliedY":-18.090600328948987,"actualX":-11,"actualY":-18.5,"sensitivity":0.44608000000000003,"currentZoomForScroll":1.4008835028506197,"maxScrollStep":40.554609776158955,"diagonal":true,"clipped":true}
[DebugBridge +30182.5ms] wheel_scroll_motion {"rawX":-40,"rawY":-82,"clippedX":-40,"clippedY":-40.554609776158955,"appliedX":-17.843200000000003,"appliedY":-18.090600328948987,"actualX":-18,"actualY":-18.5,"sensitivity":0.44608000000000003,"currentZoomForScroll":1.4008835028506197,"maxScrollStep":40.554609776158955,"diagonal":true,"clipped":true}
[DebugBridge +30190.2ms] wheel_scroll_motion {"rawX":-54,"rawY":-74,"clippedX":-40.554609776158955,"clippedY":-40.554609776158955,"appliedX":-18.090600328948987,"appliedY":-18.090600328948987,"actualX":-18.5,"actualY":-18.5,"sensitivity":0.44608000000000003,"currentZoomForScroll":1.4008835028506197,"maxScrollStep":40.554609776158955,"diagonal":true,"clipped":true}
[DebugBridge +30271.2ms] wheel_scroll_motion {"rawX":-112,"rawY":-98,"clippedX":-40.554609776158955,"clippedY":-40.554609776158955,"appliedX":-18.090600328948987,"appliedY":-18.090600328948987,"actualX":-18.5,"actualY":-18.5,"sensitivity":0.44608000000000003,"currentZoomForScroll":1.4008835028506197,"maxScrollStep":40.554609776158955,"diagonal":true,"clipped":true}
[DebugBridge +30274.9ms] wheel_scroll_motion {"rawX":-60,"rawY":-74,"clippedX":-40.554609776158955,"clippedY":-40.554609776158955,"appliedX":-18.090600328948987,"appliedY":-18.090600328948987,"actualX":-18.5,"actualY":-18.5,"sensitivity":0.44608000000000003,"currentZoomForScroll":1.4008835028506197,"maxScrollStep":40.554609776158955,"diagonal":true,"clipped":true}
[DebugBridge +30281.8ms] wheel_scroll_motion {"rawX":-488,"rawY":-578,"clippedX":-40.554609776158955,"clippedY":-40.554609776158955,"appliedX":-18.090600328948987,"appliedY":-18.090600328948987,"actualX":-18.5,"actualY":-18.5,"sensitivity":0.44608000000000003,"currentZoomForScroll":1.4008835028506197,"maxScrollStep":40.554609776158955,"diagonal":true,"clipped":true}
[DebugBridge +30290.8ms] wheel_scroll_motion {"rawX":-82,"rawY":-98,"clippedX":-40.554609776158955,"clippedY":-40.554609776158955,"appliedX":-18.090600328948987,"appliedY":-18.090600328948987,"actualX":-18.5,"actualY":-18.5,"sensitivity":0.44608000000000003,"currentZoomForScroll":1.4008835028506197,"maxScrollStep":40.554609776158955,"diagonal":true,"clipped":true}
[DebugBridge +30299.5ms] wheel_scroll_motion {"rawX":-82,"rawY":-92,"clippedX":-40.554609776158955,"clippedY":-40.554609776158955,"appliedX":-18.090600328948987,"appliedY":-18.090600328948987,"actualX":-18.5,"actualY":-18.5,"sensitivity":0.44608000000000003,"currentZoomForScroll":1.4008835028506197,"maxScrollStep":40.554609776158955,"diagonal":true,"clipped":true}
[DebugBridge +30308.6ms] wheel_scroll_motion {"rawX":-80,"rawY":-92,"clippedX":-40.554609776158955,"clippedY":-40.554609776158955,"appliedX":-18.090600328948987,"appliedY":-18.090600328948987,"actualX":-18.5,"actualY":-18.5,"sensitivity":0.44608000000000003,"currentZoomForScroll":1.4008835028506197,"maxScrollStep":40.554609776158955,"diagonal":true,"clipped":true}
[DebugBridge +30320.0ms] wheel_scroll_motion {"rawX":-148,"rawY":-176,"clippedX":-40.554609776158955,"clippedY":-40.554609776158955,"appliedX":-18.090600328948987,"appliedY":-18.090600328948987,"actualX":-18.5,"actualY":-18.5,"sensitivity":0.44608000000000003,"currentZoomForScroll":1.4008835028506197,"maxScrollStep":40.554609776158955,"diagonal":true,"clipped":true}
[DebugBridge +30326.4ms] wheel_scroll_motion {"rawX":-72,"rawY":-86,"clippedX":-40.554609776158955,"clippedY":-40.554609776158955,"appliedX":-18.090600328948987,"appliedY":-18.090600328948987,"actualX":-18.5,"actualY":-18.5,"sensitivity":0.44608000000000003,"currentZoomForScroll":1.4008835028506197,"maxScrollStep":40.554609776158955,"diagonal":true,"clipped":true}
[DebugBridge +30333.0ms] wheel_scroll_motion {"rawX":-68,"rawY":-82,"clippedX":-40.554609776158955,"clippedY":-40.554609776158955,"appliedX":-18.090600328948987,"appliedY":-18.090600328948987,"actualX":-18.5,"actualY":-18.5,"sensitivity":0.44608000000000003,"currentZoomForScroll":1.4008835028506197,"maxScrollStep":40.554609776158955,"diagonal":true,"clipped":true}
[DebugBridge +30340.3ms] wheel_scroll_motion {"rawX":-68,"rawY":-80,"clippedX":-40.554609776158955,"clippedY":-40.554609776158955,"appliedX":-18.090600328948987,"appliedY":-18.090600328948987,"actualX":-18.5,"actualY":-18.5,"sensitivity":0.44608000000000003,"currentZoomForScroll":1.4008835028506197,"maxScrollStep":40.554609776158955,"diagonal":true,"clipped":true}
[DebugBridge +30349.2ms] wheel_scroll_motion {"rawX":-64,"rawY":-76,"clippedX":-40.554609776158955,"clippedY":-40.554609776158955,"appliedX":-18.090600328948987,"appliedY":-18.090600328948987,"actualX":-18.5,"actualY":-18.5,"sensitivity":0.44608000000000003,"currentZoomForScroll":1.4008835028506197,"maxScrollStep":40.554609776158955,"diagonal":true,"clipped":true}
[DebugBridge +30357.2ms] wheel_scroll_motion {"rawX":-64,"rawY":-76,"clippedX":-40.554609776158955,"clippedY":-40.554609776158955,"appliedX":-18.090600328948987,"appliedY":-18.090600328948987,"actualX":-18.5,"actualY":-18.5,"sensitivity":0.44608000000000003,"currentZoomForScroll":1.4008835028506197,"maxScrollStep":40.554609776158955,"diagonal":true,"clipped":true}
[DebugBridge +30358.3ms] page_visit_start {"page":8,"pageCount":36,"revisited":true,"hasContainer":true,"hasPdfSurface":true,"spinnerVisible":false,"hasAnnotationOverlay":true,"ready":true}
[DebugBridge +30359.9ms] page_visit_ready {"page":8,"pageCount":36,"revisited":true,"waitMs":2,"hasContainer":true,"hasPdfSurface":true,"spinnerVisible":false,"hasAnnotationOverlay":true,"ready":true}
[DebugBridge +30456.5ms] wheel_scroll_motion {"rawX":-60,"rawY":-72,"clippedX":-40.554609776158955,"clippedY":-40.554609776158955,"appliedX":-18.090600328948987,"appliedY":-18.090600328948987,"actualX":-18.5,"actualY":-18.5,"sensitivity":0.44608000000000003,"currentZoomForScroll":1.4008835028506197,"maxScrollStep":40.554609776158955,"diagonal":true,"clipped":true}
[DebugBridge +30557.3ms] wheel_scroll_motion {"rawX":168,"rawY":32,"clippedX":40.554609776158955,"clippedY":32,"appliedX":18.090600328948987,"appliedY":14.274560000000001,"actualX":18,"actualY":14,"sensitivity":0.44608000000000003,"currentZoomForScroll":1.4008835028506197,"maxScrollStep":40.554609776158955,"diagonal":true,"clipped":true}
[DebugBridge +30567.8ms] wheel_scroll_motion {"rawX":46,"rawY":0,"clippedX":40.554609776158955,"clippedY":0,"appliedX":22.061707718230473,"appliedY":0,"actualX":22,"actualY":0,"sensitivity":0.544,"currentZoomForScroll":1.4008835028506197,"maxScrollStep":40.554609776158955,"diagonal":false,"clipped":true}
[DebugBridge +30574.9ms] wheel_scroll_motion {"rawX":584,"rawY":0,"clippedX":40.554609776158955,"clippedY":0,"appliedX":22.061707718230473,"appliedY":0,"actualX":22,"actualY":0,"sensitivity":0.544,"currentZoomForScroll":1.4008835028506197,"maxScrollStep":40.554609776158955,"diagonal":false,"clipped":true}
[DebugBridge +30656.5ms] wheel_scroll_motion {"rawX":-42,"rawY":-20,"clippedX":-40.554609776158955,"clippedY":-20,"appliedX":-18.090600328948987,"appliedY":-8.921600000000002,"actualX":-18.5,"actualY":-9,"sensitivity":0.44608000000000003,"currentZoomForScroll":1.4008835028506197,"maxScrollStep":40.554609776158955,"diagonal":true,"clipped":true}
[DebugBridge +30707.6ms] wheel_scroll_motion {"rawX":-44,"rawY":4,"clippedX":-40.554609776158955,"clippedY":4,"appliedX":-18.090600328948987,"appliedY":1.7843200000000001,"actualX":-18.5,"actualY":1.5,"sensitivity":0.44608000000000003,"currentZoomForScroll":1.4008835028506197,"maxScrollStep":40.554609776158955,"diagonal":true,"clipped":true}
[DebugBridge +30723.7ms] wheel_scroll_motion {"rawX":-44,"rawY":0,"clippedX":-40.554609776158955,"clippedY":0,"appliedX":-22.061707718230473,"appliedY":0,"actualX":-22.5,"actualY":0,"sensitivity":0.544,"currentZoomForScroll":1.4008835028506197,"maxScrollStep":40.554609776158955,"diagonal":false,"clipped":true}
[DebugBridge +30732.8ms] wheel_scroll_motion {"rawX":-54,"rawY":0,"clippedX":-40.554609776158955,"clippedY":0,"appliedX":-22.061707718230473,"appliedY":0,"actualX":-22.5,"actualY":0,"sensitivity":0.544,"currentZoomForScroll":1.4008835028506197,"maxScrollStep":40.554609776158955,"diagonal":false,"clipped":true}
[DebugBridge +30740.7ms] wheel_scroll_motion {"rawX":-58,"rawY":0,"clippedX":-40.554609776158955,"clippedY":0,"appliedX":-22.061707718230473,"appliedY":0,"actualX":-22.5,"actualY":0,"sensitivity":0.544,"currentZoomForScroll":1.4008835028506197,"maxScrollStep":40.554609776158955,"diagonal":false,"clipped":true}
[DebugBridge +30748.7ms] wheel_scroll_motion {"rawX":-62,"rawY":0,"clippedX":-40.554609776158955,"clippedY":0,"appliedX":-22.061707718230473,"appliedY":0,"actualX":-22.5,"actualY":0,"sensitivity":0.544,"currentZoomForScroll":1.4008835028506197,"maxScrollStep":40.554609776158955,"diagonal":false,"clipped":true}
[DebugBridge +30758.0ms] wheel_scroll_motion {"rawX":-60,"rawY":0,"clippedX":-40.554609776158955,"clippedY":0,"appliedX":-22.061707718230473,"appliedY":0,"actualX":-22.5,"actualY":0,"sensitivity":0.544,"currentZoomForScroll":1.4008835028506197,"maxScrollStep":40.554609776158955,"diagonal":false,"clipped":true}
[DebugBridge +30765.8ms] wheel_scroll_motion {"rawX":-60,"rawY":0,"clippedX":-40.554609776158955,"clippedY":0,"appliedX":-22.061707718230473,"appliedY":0,"actualX":-22.5,"actualY":0,"sensitivity":0.544,"currentZoomForScroll":1.4008835028506197,"maxScrollStep":40.554609776158955,"diagonal":false,"clipped":true}
[DebugBridge +30774.0ms] wheel_scroll_motion {"rawX":-66,"rawY":0,"clippedX":-40.554609776158955,"clippedY":0,"appliedX":-22.061707718230473,"appliedY":0,"actualX":-5.5,"actualY":0,"sensitivity":0.544,"currentZoomForScroll":1.4008835028506197,"maxScrollStep":40.554609776158955,"diagonal":false,"clipped":true}
[DebugBridge +30782.1ms] wheel_scroll_motion {"rawX":-68,"rawY":0,"clippedX":-40.554609776158955,"clippedY":0,"appliedX":-22.061707718230473,"appliedY":0,"actualX":0,"actualY":0,"sensitivity":0.544,"currentZoomForScroll":1.4008835028506197,"maxScrollStep":40.554609776158955,"diagonal":false,"clipped":true}
[DebugBridge +30791.5ms] wheel_scroll_motion {"rawX":-62,"rawY":0,"clippedX":-40.554609776158955,"clippedY":0,"appliedX":-22.061707718230473,"appliedY":0,"actualX":0,"actualY":0,"sensitivity":0.544,"currentZoomForScroll":1.4008835028506197,"maxScrollStep":40.554609776158955,"diagonal":false,"clipped":true}
[DebugBridge +30798.8ms] wheel_scroll_motion {"rawX":-60,"rawY":0,"clippedX":-40.554609776158955,"clippedY":0,"appliedX":-22.061707718230473,"appliedY":0,"actualX":0,"actualY":0,"sensitivity":0.544,"currentZoomForScroll":1.4008835028506197,"maxScrollStep":40.554609776158955,"diagonal":false,"clipped":true}
[DebugBridge +30807.6ms] wheel_scroll_motion {"rawX":-60,"rawY":0,"clippedX":-40.554609776158955,"clippedY":0,"appliedX":-22.061707718230473,"appliedY":0,"actualX":0,"actualY":0,"sensitivity":0.544,"currentZoomForScroll":1.4008835028506197,"maxScrollStep":40.554609776158955,"diagonal":false,"clipped":true}
[DebugBridge +30907.6ms] wheel_scroll_motion {"rawX":54,"rawY":-10,"clippedX":40.554609776158955,"clippedY":-10,"appliedX":18.090600328948987,"appliedY":-4.460800000000001,"actualX":18,"actualY":-4.5,"sensitivity":0.44608000000000003,"currentZoomForScroll":1.4008835028506197,"maxScrollStep":40.554609776158955,"diagonal":true,"clipped":true}
[DebugBridge +30915.7ms] wheel_scroll_motion {"rawX":54,"rawY":-18,"clippedX":40.554609776158955,"clippedY":-18,"appliedX":18.090600328948987,"appliedY":-8.029440000000001,"actualX":18,"actualY":-8.5,"sensitivity":0.44608000000000003,"currentZoomForScroll":1.4008835028506197,"maxScrollStep":40.554609776158955,"diagonal":true,"clipped":true}
[DebugBridge +30941.1ms] wheel_scroll_motion {"rawX":60,"rawY":-12,"clippedX":40.554609776158955,"clippedY":-12,"appliedX":18.090600328948987,"appliedY":-5.35296,"actualX":18,"actualY":-5.5,"sensitivity":0.44608000000000003,"currentZoomForScroll":1.4008835028506197,"maxScrollStep":40.554609776158955,"diagonal":true,"clipped":true}
[DebugBridge +30948.5ms] wheel_scroll_motion {"rawX":74,"rawY":-14,"clippedX":40.554609776158955,"clippedY":-14,"appliedX":18.090600328948987,"appliedY":-6.24512,"actualX":18,"actualY":-6.5,"sensitivity":0.44608000000000003,"currentZoomForScroll":1.4008835028506197,"maxScrollStep":40.554609776158955,"diagonal":true,"clipped":true}
[DebugBridge +30958.0ms] wheel_scroll_motion {"rawX":78,"rawY":-16,"clippedX":40.554609776158955,"clippedY":-16,"appliedX":18.090600328948987,"appliedY":-7.1372800000000005,"actualX":18,"actualY":-7.5,"sensitivity":0.44608000000000003,"currentZoomForScroll":1.4008835028506197,"maxScrollStep":40.554609776158955,"diagonal":true,"clipped":true}
[DebugBridge +30966.0ms] wheel_scroll_motion {"rawX":80,"rawY":-14,"clippedX":40.554609776158955,"clippedY":-14,"appliedX":18.090600328948987,"appliedY":-6.24512,"actualX":18,"actualY":-6.5,"sensitivity":0.44608000000000003,"currentZoomForScroll":1.4008835028506197,"maxScrollStep":40.554609776158955,"diagonal":true,"clipped":true}
[DebugBridge +30973.7ms] wheel_scroll_motion {"rawX":78,"rawY":-16,"clippedX":40.554609776158955,"clippedY":-16,"appliedX":18.090600328948987,"appliedY":-7.1372800000000005,"actualX":18,"actualY":-7.5,"sensitivity":0.44608000000000003,"currentZoomForScroll":1.4008835028506197,"maxScrollStep":40.554609776158955,"diagonal":true,"clipped":true}
[DebugBridge +30982.6ms] wheel_scroll_motion {"rawX":78,"rawY":-16,"clippedX":40.554609776158955,"clippedY":-16,"appliedX":18.090600328948987,"appliedY":-7.1372800000000005,"actualX":18,"actualY":-7.5,"sensitivity":0.44608000000000003,"currentZoomForScroll":1.4008835028506197,"maxScrollStep":40.554609776158955,"diagonal":true,"clipped":true}
[DebugBridge +30990.6ms] wheel_scroll_motion {"rawX":82,"rawY":-16,"clippedX":40.554609776158955,"clippedY":-16,"appliedX":18.090600328948987,"appliedY":-7.1372800000000005,"actualX":18,"actualY":-7.5,"sensitivity":0.44608000000000003,"currentZoomForScroll":1.4008835028506197,"maxScrollStep":40.554609776158955,"diagonal":true,"clipped":true}
[DebugBridge +30997.9ms] wheel_scroll_motion {"rawX":80,"rawY":-16,"clippedX":40.554609776158955,"clippedY":-16,"appliedX":18.090600328948987,"appliedY":-7.1372800000000005,"actualX":18,"actualY":-7.5,"sensitivity":0.44608000000000003,"currentZoomForScroll":1.4008835028506197,"maxScrollStep":40.554609776158955,"diagonal":true,"clipped":true}
[DebugBridge +31007.3ms] wheel_scroll_motion {"rawX":80,"rawY":-16,"clippedX":40.554609776158955,"clippedY":-16,"appliedX":18.090600328948987,"appliedY":-7.1372800000000005,"actualX":18,"actualY":-7.5,"sensitivity":0.44608000000000003,"currentZoomForScroll":1.4008835028506197,"maxScrollStep":40.554609776158955,"diagonal":true,"clipped":true}
[DebugBridge +31015.2ms] wheel_scroll_motion {"rawX":76,"rawY":-16,"clippedX":40.554609776158955,"clippedY":-16,"appliedX":18.090600328948987,"appliedY":-7.1372800000000005,"actualX":18,"actualY":-7.5,"sensitivity":0.44608000000000003,"currentZoomForScroll":1.4008835028506197,"maxScrollStep":40.554609776158955,"diagonal":true,"clipped":true}
[DebugBridge +31023.5ms] wheel_scroll_motion {"rawX":72,"rawY":-16,"clippedX":40.554609776158955,"clippedY":-16,"appliedX":18.090600328948987,"appliedY":-7.1372800000000005,"actualX":18,"actualY":-7.5,"sensitivity":0.44608000000000003,"currentZoomForScroll":1.4008835028506197,"maxScrollStep":40.554609776158955,"diagonal":true,"clipped":true}
[DebugBridge +31032.6ms] wheel_scroll_motion {"rawX":72,"rawY":-14,"clippedX":40.554609776158955,"clippedY":-14,"appliedX":18.090600328948987,"appliedY":-6.24512,"actualX":18,"actualY":-6.5,"sensitivity":0.44608000000000003,"currentZoomForScroll":1.4008835028506197,"maxScrollStep":40.554609776158955,"diagonal":true,"clipped":true}
[DebugBridge +31039.9ms] wheel_scroll_motion {"rawX":68,"rawY":-14,"clippedX":40.554609776158955,"clippedY":-14,"appliedX":18.090600328948987,"appliedY":-6.24512,"actualX":18,"actualY":-6.5,"sensitivity":0.44608000000000003,"currentZoomForScroll":1.4008835028506197,"maxScrollStep":40.554609776158955,"diagonal":true,"clipped":true}
[DebugBridge +31049.5ms] wheel_scroll_motion {"rawX":68,"rawY":-14,"clippedX":40.554609776158955,"clippedY":-14,"appliedX":18.090600328948987,"appliedY":-6.24512,"actualX":18,"actualY":-6.5,"sensitivity":0.44608000000000003,"currentZoomForScroll":1.4008835028506197,"maxScrollStep":40.554609776158955,"diagonal":true,"clipped":true}
[DebugBridge +31057.6ms] wheel_scroll_motion {"rawX":64,"rawY":-12,"clippedX":40.554609776158955,"clippedY":-12,"appliedX":18.090600328948987,"appliedY":-5.35296,"actualX":18,"actualY":-5.5,"sensitivity":0.44608000000000003,"currentZoomForScroll":1.4008835028506197,"maxScrollStep":40.554609776158955,"diagonal":true,"clipped":true}
[DebugBridge +31065.5ms] wheel_scroll_motion {"rawX":62,"rawY":-12,"clippedX":40.554609776158955,"clippedY":-12,"appliedX":18.090600328948987,"appliedY":-5.35296,"actualX":18,"actualY":-5.5,"sensitivity":0.44608000000000003,"currentZoomForScroll":1.4008835028506197,"maxScrollStep":40.554609776158955,"diagonal":true,"clipped":true}
[DebugBridge +31072.5ms] wheel_scroll_motion {"rawX":60,"rawY":-10,"clippedX":40.554609776158955,"clippedY":-10,"appliedX":18.090600328948987,"appliedY":-4.460800000000001,"actualX":18,"actualY":-4.5,"sensitivity":0.44608000000000003,"currentZoomForScroll":1.4008835028506197,"maxScrollStep":40.554609776158955,"diagonal":true,"clipped":true}
[DebugBridge +31173.7ms] wheel_scroll_motion {"rawX":-24,"rawY":78,"clippedX":-24,"clippedY":40.554609776158955,"appliedX":-10.70592,"appliedY":18.090600328948987,"actualX":-11,"actualY":18,"sensitivity":0.44608000000000003,"currentZoomForScroll":1.4008835028506197,"maxScrollStep":40.554609776158955,"diagonal":true,"clipped":true}
[DebugBridge +31183.0ms] wheel_scroll_motion {"rawX":-12,"rawY":44,"clippedX":-12,"clippedY":40.554609776158955,"appliedX":-5.35296,"appliedY":18.090600328948987,"actualX":-5.5,"actualY":18,"sensitivity":0.44608000000000003,"currentZoomForScroll":1.4008835028506197,"maxScrollStep":40.554609776158955,"diagonal":true,"clipped":true}
[DebugBridge +31190.7ms] wheel_scroll_motion {"rawX":-12,"rawY":46,"clippedX":-12,"clippedY":40.554609776158955,"appliedX":-5.35296,"appliedY":18.090600328948987,"actualX":-5.5,"actualY":18,"sensitivity":0.44608000000000003,"currentZoomForScroll":1.4008835028506197,"maxScrollStep":40.554609776158955,"diagonal":true,"clipped":true}
[DebugBridge +31198.8ms] wheel_scroll_motion {"rawX":-12,"rawY":44,"clippedX":-12,"clippedY":40.554609776158955,"appliedX":-5.35296,"appliedY":18.090600328948987,"actualX":-5.5,"actualY":18,"sensitivity":0.44608000000000003,"currentZoomForScroll":1.4008835028506197,"maxScrollStep":40.554609776158955,"diagonal":true,"clipped":true}
[DebugBridge +31208.2ms] wheel_scroll_motion {"rawX":-14,"rawY":48,"clippedX":-14,"clippedY":40.554609776158955,"appliedX":-6.24512,"appliedY":18.090600328948987,"actualX":-6.5,"actualY":18,"sensitivity":0.44608000000000003,"currentZoomForScroll":1.4008835028506197,"maxScrollStep":40.554609776158955,"diagonal":true,"clipped":true}
[DebugBridge +31216.2ms] wheel_scroll_motion {"rawX":-14,"rawY":50,"clippedX":-14,"clippedY":40.554609776158955,"appliedX":-6.24512,"appliedY":18.090600328948987,"actualX":-6.5,"actualY":18,"sensitivity":0.44608000000000003,"currentZoomForScroll":1.4008835028506197,"maxScrollStep":40.554609776158955,"diagonal":true,"clipped":true}
[DebugBridge +31224.2ms] wheel_scroll_motion {"rawX":-14,"rawY":48,"clippedX":-14,"clippedY":40.554609776158955,"appliedX":-6.24512,"appliedY":18.090600328948987,"actualX":-6.5,"actualY":18,"sensitivity":0.44608000000000003,"currentZoomForScroll":1.4008835028506197,"maxScrollStep":40.554609776158955,"diagonal":true,"clipped":true}
[DebugBridge +31225.8ms] page_visit_start {"page":9,"pageCount":36,"revisited":true,"hasContainer":true,"hasPdfSurface":true,"spinnerVisible":false,"hasAnnotationOverlay":true,"ready":true}
[DebugBridge +31227.1ms] page_visit_ready {"page":9,"pageCount":36,"revisited":true,"waitMs":2,"hasContainer":true,"hasPdfSurface":true,"spinnerVisible":false,"hasAnnotationOverlay":true,"ready":true}
[DebugBridge +31322.6ms] wheel_scroll_motion {"rawX":-14,"rawY":46,"clippedX":-14,"clippedY":40.554609776158955,"appliedX":-6.24512,"appliedY":18.090600328948987,"actualX":-6.5,"actualY":18,"sensitivity":0.44608000000000003,"currentZoomForScroll":1.4008835028506197,"maxScrollStep":40.554609776158955,"diagonal":true,"clipped":true}
[DebugBridge +31334.3ms] wheel_scroll_motion {"rawX":-64,"rawY":242,"clippedX":-40.554609776158955,"clippedY":40.554609776158955,"appliedX":-18.090600328948987,"appliedY":18.090600328948987,"actualX":-18.5,"actualY":18,"sensitivity":0.44608000000000003,"currentZoomForScroll":1.4008835028506197,"maxScrollStep":40.554609776158955,"diagonal":true,"clipped":true}
[DebugBridge +31443.3ms] wheel_scroll_motion {"rawX":40,"rawY":-946,"clippedX":40,"clippedY":-40.554609776158955,"appliedX":17.843200000000003,"appliedY":-18.090600328948987,"actualX":17.5,"actualY":-18.5,"sensitivity":0.44608000000000003,"currentZoomForScroll":1.4008835028506197,"maxScrollStep":40.554609776158955,"diagonal":true,"clipped":true}
[DebugBridge +31448.9ms] wheel_scroll_motion {"rawX":0,"rawY":-138,"clippedX":0,"clippedY":-40.554609776158955,"appliedX":0,"appliedY":-22.061707718230473,"actualX":0,"actualY":-22.5,"sensitivity":0.544,"currentZoomForScroll":1.4008835028506197,"maxScrollStep":40.554609776158955,"diagonal":false,"clipped":true}
[DebugBridge +31449.9ms] page_visit_start {"page":8,"pageCount":36,"revisited":true,"hasContainer":true,"hasPdfSurface":true,"spinnerVisible":false,"hasAnnotationOverlay":true,"ready":true}
[DebugBridge +31451.6ms] page_visit_ready {"page":8,"pageCount":36,"revisited":true,"waitMs":2,"hasContainer":true,"hasPdfSurface":true,"spinnerVisible":false,"hasAnnotationOverlay":true,"ready":true}
[DebugBridge +31558.4ms] wheel_scroll_motion {"rawX":0,"rawY":-748,"clippedX":0,"clippedY":-40.554609776158955,"appliedX":0,"appliedY":-22.061707718230473,"actualX":0,"actualY":-22.5,"sensitivity":0.544,"currentZoomForScroll":1.4008835028506197,"maxScrollStep":40.554609776158955,"diagonal":false,"clipped":true}
[DebugBridge +31570.7ms] wheel_scroll_motion {"rawX":0,"rawY":-1506,"clippedX":0,"clippedY":-40.554609776158955,"appliedX":0,"appliedY":-22.061707718230473,"actualX":0,"actualY":-22.5,"sensitivity":0.544,"currentZoomForScroll":1.4008835028506197,"maxScrollStep":40.554609776158955,"diagonal":false,"clipped":true}
[DebugBridge +31575.6ms] wheel_scroll_motion {"rawX":0,"rawY":-196,"clippedX":0,"clippedY":-40.554609776158955,"appliedX":0,"appliedY":-22.061707718230473,"actualX":0,"actualY":-22.5,"sensitivity":0.544,"currentZoomForScroll":1.4008835028506197,"maxScrollStep":40.554609776158955,"diagonal":false,"clipped":true}
[DebugBridge +31586.3ms] wheel_scroll_motion {"rawX":0,"rawY":-94,"clippedX":0,"clippedY":-40.554609776158955,"appliedX":0,"appliedY":-22.061707718230473,"actualX":0,"actualY":-22.5,"sensitivity":0.544,"currentZoomForScroll":1.4008835028506197,"maxScrollStep":40.554609776158955,"diagonal":false,"clipped":true}
[DebugBridge +31701.1ms] wheel_scroll_motion {"rawX":0,"rawY":-92,"clippedX":0,"clippedY":-40.554609776158955,"appliedX":0,"appliedY":-22.061707718230473,"actualX":0,"actualY":-22.5,"sensitivity":0.544,"currentZoomForScroll":1.4008835028506197,"maxScrollStep":40.554609776158955,"diagonal":false,"clipped":true}
[DebugBridge +31706.2ms] wheel_scroll_motion {"rawX":0,"rawY":-266,"clippedX":0,"clippedY":-40.554609776158955,"appliedX":0,"appliedY":-22.061707718230473,"actualX":0,"actualY":-22.5,"sensitivity":0.544,"currentZoomForScroll":1.4008835028506197,"maxScrollStep":40.554609776158955,"diagonal":false,"clipped":true}
[DebugBridge +31923.6ms] wheel_scroll_motion {"rawX":-68,"rawY":0,"clippedX":-40.554609776158955,"clippedY":0,"appliedX":-22.061707718230473,"appliedY":0,"actualX":-22.5,"actualY":0,"sensitivity":0.544,"currentZoomForScroll":1.4008835028506197,"maxScrollStep":40.554609776158955,"diagonal":false,"clipped":true}
[DebugBridge +31973.8ms] wheel_scroll_motion {"rawX":-24,"rawY":0,"clippedX":-24,"clippedY":0,"appliedX":-16.32,"appliedY":0,"actualX":-5,"actualY":0,"sensitivity":0.68,"currentZoomForScroll":1.4008835028506197,"maxScrollStep":40.554609776158955,"diagonal":false,"clipped":false}
[DebugBridge +31980.5ms] wheel_scroll_motion {"rawX":-22,"rawY":0,"clippedX":-22,"clippedY":0,"appliedX":-14.96,"appliedY":0,"actualX":0,"actualY":0,"sensitivity":0.68,"currentZoomForScroll":1.4008835028506197,"maxScrollStep":40.554609776158955,"diagonal":false,"clipped":false}
[DebugBridge +31991.3ms] wheel_scroll_motion {"rawX":-22,"rawY":0,"clippedX":-22,"clippedY":0,"appliedX":-14.96,"appliedY":0,"actualX":0,"actualY":0,"sensitivity":0.68,"currentZoomForScroll":1.4008835028506197,"maxScrollStep":40.554609776158955,"diagonal":false,"clipped":false}
[DebugBridge +31998.7ms] wheel_scroll_motion {"rawX":-22,"rawY":0,"clippedX":-22,"clippedY":0,"appliedX":-14.96,"appliedY":0,"actualX":0,"actualY":0,"sensitivity":0.68,"currentZoomForScroll":1.4008835028506197,"maxScrollStep":40.554609776158955,"diagonal":false,"clipped":false}
[DebugBridge +32089.6ms] wheel_scroll_motion {"rawX":56,"rawY":-56,"clippedX":40.554609776158955,"clippedY":-40.554609776158955,"appliedX":18.090600328948987,"appliedY":-18.090600328948987,"actualX":18,"actualY":-18.5,"sensitivity":0.44608000000000003,"currentZoomForScroll":1.4008835028506197,"maxScrollStep":40.554609776158955,"diagonal":true,"clipped":true}
[DebugBridge +32097.5ms] wheel_scroll_motion {"rawX":36,"rawY":-50,"clippedX":36,"clippedY":-40.554609776158955,"appliedX":16.058880000000002,"appliedY":-18.090600328948987,"actualX":16,"actualY":-18.5,"sensitivity":0.44608000000000003,"currentZoomForScroll":1.4008835028506197,"maxScrollStep":40.554609776158955,"diagonal":true,"clipped":true}
[DebugBridge +32115.2ms] wheel_scroll_motion {"rawX":68,"rawY":-74,"clippedX":40.554609776158955,"clippedY":-40.554609776158955,"appliedX":18.090600328948987,"appliedY":-18.090600328948987,"actualX":18,"actualY":-18.5,"sensitivity":0.44608000000000003,"currentZoomForScroll":1.4008835028506197,"maxScrollStep":40.554609776158955,"diagonal":true,"clipped":true}
[DebugBridge +32123.5ms] wheel_scroll_motion {"rawX":84,"rawY":-90,"clippedX":40.554609776158955,"clippedY":-40.554609776158955,"appliedX":18.090600328948987,"appliedY":-18.090600328948987,"actualX":18,"actualY":-18.5,"sensitivity":0.44608000000000003,"currentZoomForScroll":1.4008835028506197,"maxScrollStep":40.554609776158955,"diagonal":true,"clipped":true}
[DebugBridge +32131.4ms] wheel_scroll_motion {"rawX":88,"rawY":-94,"clippedX":40.554609776158955,"clippedY":-40.554609776158955,"appliedX":18.090600328948987,"appliedY":-18.090600328948987,"actualX":18,"actualY":-18.5,"sensitivity":0.44608000000000003,"currentZoomForScroll":1.4008835028506197,"maxScrollStep":40.554609776158955,"diagonal":true,"clipped":true}
[DebugBridge +32140.9ms] wheel_scroll_motion {"rawX":88,"rawY":-90,"clippedX":40.554609776158955,"clippedY":-40.554609776158955,"appliedX":18.090600328948987,"appliedY":-18.090600328948987,"actualX":18,"actualY":-18.5,"sensitivity":0.44608000000000003,"currentZoomForScroll":1.4008835028506197,"maxScrollStep":40.554609776158955,"diagonal":true,"clipped":true}
[DebugBridge +32149.0ms] wheel_scroll_motion {"rawX":88,"rawY":-92,"clippedX":40.554609776158955,"clippedY":-40.554609776158955,"appliedX":18.090600328948987,"appliedY":-18.090600328948987,"actualX":18,"actualY":-18.5,"sensitivity":0.44608000000000003,"currentZoomForScroll":1.4008835028506197,"maxScrollStep":40.554609776158955,"diagonal":true,"clipped":true}
[DebugBridge +32156.6ms] wheel_scroll_motion {"rawX":90,"rawY":-94,"clippedX":40.554609776158955,"clippedY":-40.554609776158955,"appliedX":18.090600328948987,"appliedY":-18.090600328948987,"actualX":18,"actualY":-18.5,"sensitivity":0.44608000000000003,"currentZoomForScroll":1.4008835028506197,"maxScrollStep":40.554609776158955,"diagonal":true,"clipped":true}
[DebugBridge +32166.0ms] wheel_scroll_motion {"rawX":88,"rawY":-92,"clippedX":40.554609776158955,"clippedY":-40.554609776158955,"appliedX":18.090600328948987,"appliedY":-18.090600328948987,"actualX":18,"actualY":-18.5,"sensitivity":0.44608000000000003,"currentZoomForScroll":1.4008835028506197,"maxScrollStep":40.554609776158955,"diagonal":true,"clipped":true}
[DebugBridge +32174.2ms] wheel_scroll_motion {"rawX":90,"rawY":-92,"clippedX":40.554609776158955,"clippedY":-40.554609776158955,"appliedX":18.090600328948987,"appliedY":-18.090600328948987,"actualX":18,"actualY":-18.5,"sensitivity":0.44608000000000003,"currentZoomForScroll":1.4008835028506197,"maxScrollStep":40.554609776158955,"diagonal":true,"clipped":true}
[DebugBridge +32184.3ms] wheel_scroll_motion {"rawX":86,"rawY":-90,"clippedX":40.554609776158955,"clippedY":-40.554609776158955,"appliedX":18.090600328948987,"appliedY":-18.090600328948987,"actualX":18,"actualY":-18.5,"sensitivity":0.44608000000000003,"currentZoomForScroll":1.4008835028506197,"maxScrollStep":40.554609776158955,"diagonal":true,"clipped":true}
[DebugBridge +32189.9ms] wheel_scroll_motion {"rawX":164,"rawY":-172,"clippedX":40.554609776158955,"clippedY":-40.554609776158955,"appliedX":18.090600328948987,"appliedY":-18.090600328948987,"actualX":18,"actualY":-18.5,"sensitivity":0.44608000000000003,"currentZoomForScroll":1.4008835028506197,"maxScrollStep":40.554609776158955,"diagonal":true,"clipped":true}
[DebugBridge +32198.8ms] wheel_scroll_motion {"rawX":80,"rawY":-82,"clippedX":40.554609776158955,"clippedY":-40.554609776158955,"appliedX":18.090600328948987,"appliedY":-18.090600328948987,"actualX":18,"actualY":-18.5,"sensitivity":0.44608000000000003,"currentZoomForScroll":1.4008835028506197,"maxScrollStep":40.554609776158955,"diagonal":true,"clipped":true}
[DebugBridge +32205.7ms] wheel_scroll_motion {"rawX":76,"rawY":-80,"clippedX":40.554609776158955,"clippedY":-40.554609776158955,"appliedX":18.090600328948987,"appliedY":-18.090600328948987,"actualX":18,"actualY":-18.5,"sensitivity":0.44608000000000003,"currentZoomForScroll":1.4008835028506197,"maxScrollStep":40.554609776158955,"diagonal":true,"clipped":true}
[DebugBridge +32215.7ms] wheel_scroll_motion {"rawX":72,"rawY":-76,"clippedX":40.554609776158955,"clippedY":-40.554609776158955,"appliedX":18.090600328948987,"appliedY":-18.090600328948987,"actualX":18,"actualY":-18.5,"sensitivity":0.44608000000000003,"currentZoomForScroll":1.4008835028506197,"maxScrollStep":40.554609776158955,"diagonal":true,"clipped":true}
[DebugBridge +32303.2ms] wheel_scroll_motion {"rawX":72,"rawY":-76,"clippedX":40.554609776158955,"clippedY":-40.554609776158955,"appliedX":18.090600328948987,"appliedY":-18.090600328948987,"actualX":18,"actualY":-18.5,"sensitivity":0.44608000000000003,"currentZoomForScroll":1.4008835028506197,"maxScrollStep":40.554609776158955,"diagonal":true,"clipped":true}
[DebugBridge +32307.5ms] wheel_scroll_motion {"rawX":600,"rawY":-620,"clippedX":40.554609776158955,"clippedY":-40.554609776158955,"appliedX":18.090600328948987,"appliedY":-18.090600328948987,"actualX":18,"actualY":-18.5,"sensitivity":0.44608000000000003,"currentZoomForScroll":1.4008835028506197,"maxScrollStep":40.554609776158955,"diagonal":true,"clipped":true}
[DebugBridge +32314.6ms] wheel_scroll_motion {"rawX":50,"rawY":-52,"clippedX":40.554609776158955,"clippedY":-40.554609776158955,"appliedX":18.090600328948987,"appliedY":-18.090600328948987,"actualX":18,"actualY":-18.5,"sensitivity":0.44608000000000003,"currentZoomForScroll":1.4008835028506197,"maxScrollStep":40.554609776158955,"diagonal":true,"clipped":true}
[DebugBridge +32324.2ms] wheel_scroll_motion {"rawX":46,"rawY":-50,"clippedX":40.554609776158955,"clippedY":-40.554609776158955,"appliedX":18.090600328948987,"appliedY":-18.090600328948987,"actualX":18,"actualY":-18.5,"sensitivity":0.44608000000000003,"currentZoomForScroll":1.4008835028506197,"maxScrollStep":40.554609776158955,"diagonal":true,"clipped":true}
[DebugBridge +32741.9ms] wheel_scroll_motion {"rawX":334,"rawY":-64,"clippedX":40.554609776158955,"clippedY":-40.554609776158955,"appliedX":18.090600328948987,"appliedY":-18.090600328948987,"actualX":18,"actualY":-18.5,"sensitivity":0.44608000000000003,"currentZoomForScroll":1.4008835028506197,"maxScrollStep":40.554609776158955,"diagonal":true,"clipped":true}
[DebugBridge +32790.6ms] wheel_scroll_motion {"rawX":46,"rawY":-10,"clippedX":40.554609776158955,"clippedY":-10,"appliedX":18.090600328948987,"appliedY":-4.460800000000001,"actualX":18,"actualY":-4.5,"sensitivity":0.44608000000000003,"currentZoomForScroll":1.4008835028506197,"maxScrollStep":40.554609776158955,"diagonal":true,"clipped":true}
[DebugBridge +32800.7ms] wheel_scroll_motion {"rawX":58,"rawY":-12,"clippedX":40.554609776158955,"clippedY":-12,"appliedX":18.090600328948987,"appliedY":-5.35296,"actualX":18,"actualY":-5.5,"sensitivity":0.44608000000000003,"currentZoomForScroll":1.4008835028506197,"maxScrollStep":40.554609776158955,"diagonal":true,"clipped":true}
[DebugBridge +32806.2ms] wheel_scroll_motion {"rawX":132,"rawY":-24,"clippedX":40.554609776158955,"clippedY":-24,"appliedX":18.090600328948987,"appliedY":-10.70592,"actualX":18,"actualY":-11,"sensitivity":0.44608000000000003,"currentZoomForScroll":1.4008835028506197,"maxScrollStep":40.554609776158955,"diagonal":true,"clipped":true}
[DebugBridge +32815.1ms] wheel_scroll_motion {"rawX":68,"rawY":-12,"clippedX":40.554609776158955,"clippedY":-12,"appliedX":18.090600328948987,"appliedY":-5.35296,"actualX":18,"actualY":-5.5,"sensitivity":0.44608000000000003,"currentZoomForScroll":1.4008835028506197,"maxScrollStep":40.554609776158955,"diagonal":true,"clipped":true}
[DebugBridge +32823.4ms] wheel_scroll_motion {"rawX":66,"rawY":-12,"clippedX":40.554609776158955,"clippedY":-12,"appliedX":18.090600328948987,"appliedY":-5.35296,"actualX":18,"actualY":-5.5,"sensitivity":0.44608000000000003,"currentZoomForScroll":1.4008835028506197,"maxScrollStep":40.554609776158955,"diagonal":true,"clipped":true}
[DebugBridge +32832.7ms] wheel_scroll_motion {"rawX":74,"rawY":-14,"clippedX":40.554609776158955,"clippedY":-14,"appliedX":18.090600328948987,"appliedY":-6.24512,"actualX":18,"actualY":-6.5,"sensitivity":0.44608000000000003,"currentZoomForScroll":1.4008835028506197,"maxScrollStep":40.554609776158955,"diagonal":true,"clipped":true}
[DebugBridge +32839.0ms] wheel_scroll_motion {"rawX":70,"rawY":-14,"clippedX":40.554609776158955,"clippedY":-14,"appliedX":18.090600328948987,"appliedY":-6.24512,"actualX":18,"actualY":-6.5,"sensitivity":0.44608000000000003,"currentZoomForScroll":1.4008835028506197,"maxScrollStep":40.554609776158955,"diagonal":true,"clipped":true}
[DebugBridge +32847.5ms] wheel_scroll_motion {"rawX":68,"rawY":-14,"clippedX":40.554609776158955,"clippedY":-14,"appliedX":18.090600328948987,"appliedY":-6.24512,"actualX":18,"actualY":-6.5,"sensitivity":0.44608000000000003,"currentZoomForScroll":1.4008835028506197,"maxScrollStep":40.554609776158955,"diagonal":true,"clipped":true}
[DebugBridge +32857.0ms] wheel_scroll_motion {"rawX":68,"rawY":-14,"clippedX":40.554609776158955,"clippedY":-14,"appliedX":18.090600328948987,"appliedY":-6.24512,"actualX":18,"actualY":-6.5,"sensitivity":0.44608000000000003,"currentZoomForScroll":1.4008835028506197,"maxScrollStep":40.554609776158955,"diagonal":true,"clipped":true}
[DebugBridge +32865.1ms] wheel_scroll_motion {"rawX":64,"rawY":-12,"clippedX":40.554609776158955,"clippedY":-12,"appliedX":18.090600328948987,"appliedY":-5.35296,"actualX":18,"actualY":-5.5,"sensitivity":0.44608000000000003,"currentZoomForScroll":1.4008835028506197,"maxScrollStep":40.554609776158955,"diagonal":true,"clipped":true}
[DebugBridge +32873.4ms] wheel_scroll_motion {"rawX":64,"rawY":-12,"clippedX":40.554609776158955,"clippedY":-12,"appliedX":18.090600328948987,"appliedY":-5.35296,"actualX":18,"actualY":-5.5,"sensitivity":0.44608000000000003,"currentZoomForScroll":1.4008835028506197,"maxScrollStep":40.554609776158955,"diagonal":true,"clipped":true}
[DebugBridge +32880.8ms] wheel_scroll_motion {"rawX":60,"rawY":-10,"clippedX":40.554609776158955,"clippedY":-10,"appliedX":18.090600328948987,"appliedY":-4.460800000000001,"actualX":18,"actualY":-4.5,"sensitivity":0.44608000000000003,"currentZoomForScroll":1.4008835028506197,"maxScrollStep":40.554609776158955,"diagonal":true,"clipped":true}
[DebugBridge +32889.1ms] wheel_scroll_motion {"rawX":58,"rawY":-10,"clippedX":40.554609776158955,"clippedY":-10,"appliedX":18.090600328948987,"appliedY":-4.460800000000001,"actualX":18,"actualY":-4.5,"sensitivity":0.44608000000000003,"currentZoomForScroll":1.4008835028506197,"maxScrollStep":40.554609776158955,"diagonal":true,"clipped":true}
[DebugBridge +32898.6ms] wheel_scroll_motion {"rawX":56,"rawY":-10,"clippedX":40.554609776158955,"clippedY":-10,"appliedX":18.090600328948987,"appliedY":-4.460800000000001,"actualX":18,"actualY":-4.5,"sensitivity":0.44608000000000003,"currentZoomForScroll":1.4008835028506197,"maxScrollStep":40.554609776158955,"diagonal":true,"clipped":true}
[DebugBridge +32906.8ms] wheel_scroll_motion {"rawX":56,"rawY":-10,"clippedX":40.554609776158955,"clippedY":-10,"appliedX":18.090600328948987,"appliedY":-4.460800000000001,"actualX":18,"actualY":-4.5,"sensitivity":0.44608000000000003,"currentZoomForScroll":1.4008835028506197,"maxScrollStep":40.554609776158955,"diagonal":true,"clipped":true}
[DebugBridge +32999.2ms] wheel_scroll_motion {"rawX":-48,"rawY":-16,"clippedX":-40.554609776158955,"clippedY":-16,"appliedX":-18.090600328948987,"appliedY":-7.1372800000000005,"actualX":-18.5,"actualY":-7.5,"sensitivity":0.44608000000000003,"currentZoomForScroll":1.4008835028506197,"maxScrollStep":40.554609776158955,"diagonal":true,"clipped":true}
[DebugBridge +33165.4ms] wheel_scroll_motion {"rawX":42,"rawY":-4,"clippedX":40.554609776158955,"clippedY":-4,"appliedX":18.090600328948987,"appliedY":-1.7843200000000001,"actualX":18,"actualY":-2,"sensitivity":0.44608000000000003,"currentZoomForScroll":1.4008835028506197,"maxScrollStep":40.554609776158955,"diagonal":true,"clipped":true}
[DebugBridge +33173.4ms] wheel_scroll_motion {"rawX":50,"rawY":0,"clippedX":40.554609776158955,"clippedY":0,"appliedX":22.061707718230473,"appliedY":0,"actualX":22,"actualY":0,"sensitivity":0.544,"currentZoomForScroll":1.4008835028506197,"maxScrollStep":40.554609776158955,"diagonal":false,"clipped":true}
[DebugBridge +33283.9ms] wheel_scroll_motion {"rawX":100,"rawY":206,"clippedX":40.554609776158955,"clippedY":40.554609776158955,"appliedX":18.090600328948987,"appliedY":18.090600328948987,"actualX":12,"actualY":18,"sensitivity":0.44608000000000003,"currentZoomForScroll":1.4008835028506197,"maxScrollStep":40.554609776158955,"diagonal":true,"clipped":true}
[DebugBridge +33314.7ms] wheel_scroll_motion {"rawX":-50,"rawY":8,"clippedX":-40.554609776158955,"clippedY":8,"appliedX":-18.090600328948987,"appliedY":3.5686400000000003,"actualX":-18.5,"actualY":3.5,"sensitivity":0.44608000000000003,"currentZoomForScroll":1.4008835028506197,"maxScrollStep":40.554609776158955,"diagonal":true,"clipped":true}
[DebugBridge +33607.6ms] wheel_scroll_motion {"rawX":-54,"rawY":4,"clippedX":-40.554609776158955,"clippedY":4,"appliedX":-18.090600328948987,"appliedY":1.7843200000000001,"actualX":-18.5,"actualY":1.5,"sensitivity":0.44608000000000003,"currentZoomForScroll":1.4008835028506197,"maxScrollStep":40.554609776158955,"diagonal":true,"clipped":true}
[DebugBridge +33615.3ms] wheel_scroll_motion {"rawX":-52,"rawY":4,"clippedX":-40.554609776158955,"clippedY":4,"appliedX":-18.090600328948987,"appliedY":1.7843200000000001,"actualX":-18.5,"actualY":1.5,"sensitivity":0.44608000000000003,"currentZoomForScroll":1.4008835028506197,"maxScrollStep":40.554609776158955,"diagonal":true,"clipped":true}
[DebugBridge +33622.1ms] wheel_scroll_motion {"rawX":-44,"rawY":4,"clippedX":-40.554609776158955,"clippedY":4,"appliedX":-18.090600328948987,"appliedY":1.7843200000000001,"actualX":-18.5,"actualY":1.5,"sensitivity":0.44608000000000003,"currentZoomForScroll":1.4008835028506197,"maxScrollStep":40.554609776158955,"diagonal":true,"clipped":true}
[DebugBridge +33631.2ms] wheel_scroll_motion {"rawX":-62,"rawY":6,"clippedX":-40.554609776158955,"clippedY":6,"appliedX":-18.090600328948987,"appliedY":2.67648,"actualX":-18.5,"actualY":2.5,"sensitivity":0.44608000000000003,"currentZoomForScroll":1.4008835028506197,"maxScrollStep":40.554609776158955,"diagonal":true,"clipped":true}
[DebugBridge +33649.4ms] wheel_scroll_motion {"rawX":-44,"rawY":6,"clippedX":-40.554609776158955,"clippedY":6,"appliedX":-18.090600328948987,"appliedY":2.67648,"actualX":-18.5,"actualY":2.5,"sensitivity":0.44608000000000003,"currentZoomForScroll":1.4008835028506197,"maxScrollStep":40.554609776158955,"diagonal":true,"clipped":true}
[DebugBridge +33656.2ms] wheel_scroll_motion {"rawX":-42,"rawY":6,"clippedX":-40.554609776158955,"clippedY":6,"appliedX":-18.090600328948987,"appliedY":2.67648,"actualX":-18.5,"actualY":2.5,"sensitivity":0.44608000000000003,"currentZoomForScroll":1.4008835028506197,"maxScrollStep":40.554609776158955,"diagonal":true,"clipped":true}
[DebugBridge +33682.4ms] wheel_scroll_motion {"rawX":-44,"rawY":0,"clippedX":-40.554609776158955,"clippedY":0,"appliedX":-22.061707718230473,"appliedY":0,"actualX":-22.5,"actualY":0,"sensitivity":0.544,"currentZoomForScroll":1.4008835028506197,"maxScrollStep":40.554609776158955,"diagonal":false,"clipped":true}
[DebugBridge +33691.2ms] wheel_scroll_motion {"rawX":-112,"rawY":0,"clippedX":-40.554609776158955,"clippedY":0,"appliedX":-22.061707718230473,"appliedY":0,"actualX":-22.5,"actualY":0,"sensitivity":0.544,"currentZoomForScroll":1.4008835028506197,"maxScrollStep":40.554609776158955,"diagonal":false,"clipped":true}
[DebugBridge +33697.3ms] wheel_scroll_motion {"rawX":-62,"rawY":0,"clippedX":-40.554609776158955,"clippedY":0,"appliedX":-22.061707718230473,"appliedY":0,"actualX":-22.5,"actualY":0,"sensitivity":0.544,"currentZoomForScroll":1.4008835028506197,"maxScrollStep":40.554609776158955,"diagonal":false,"clipped":true}
[DebugBridge +33707.9ms] wheel_scroll_motion {"rawX":-60,"rawY":0,"clippedX":-40.554609776158955,"clippedY":0,"appliedX":-22.061707718230473,"appliedY":0,"actualX":-22.5,"actualY":0,"sensitivity":0.544,"currentZoomForScroll":1.4008835028506197,"maxScrollStep":40.554609776158955,"diagonal":false,"clipped":true}
[DebugBridge +33714.5ms] wheel_scroll_motion {"rawX":-60,"rawY":0,"clippedX":-40.554609776158955,"clippedY":0,"appliedX":-22.061707718230473,"appliedY":0,"actualX":-22.5,"actualY":0,"sensitivity":0.544,"currentZoomForScroll":1.4008835028506197,"maxScrollStep":40.554609776158955,"diagonal":false,"clipped":true}
[DebugBridge +33723.3ms] wheel_scroll_motion {"rawX":-66,"rawY":0,"clippedX":-40.554609776158955,"clippedY":0,"appliedX":-22.061707718230473,"appliedY":0,"actualX":-22.5,"actualY":0,"sensitivity":0.544,"currentZoomForScroll":1.4008835028506197,"maxScrollStep":40.554609776158955,"diagonal":false,"clipped":true}
[DebugBridge +33731.9ms] wheel_scroll_motion {"rawX":-68,"rawY":0,"clippedX":-40.554609776158955,"clippedY":0,"appliedX":-22.061707718230473,"appliedY":0,"actualX":-22.5,"actualY":0,"sensitivity":0.544,"currentZoomForScroll":1.4008835028506197,"maxScrollStep":40.554609776158955,"diagonal":false,"clipped":true}
[DebugBridge +33738.9ms] wheel_scroll_motion {"rawX":-62,"rawY":0,"clippedX":-40.554609776158955,"clippedY":0,"appliedX":-22.061707718230473,"appliedY":0,"actualX":-22.5,"actualY":0,"sensitivity":0.544,"currentZoomForScroll":1.4008835028506197,"maxScrollStep":40.554609776158955,"diagonal":false,"clipped":true}
[DebugBridge +33749.0ms] wheel_scroll_motion {"rawX":-60,"rawY":0,"clippedX":-40.554609776158955,"clippedY":0,"appliedX":-22.061707718230473,"appliedY":0,"actualX":-22.5,"actualY":0,"sensitivity":0.544,"currentZoomForScroll":1.4008835028506197,"maxScrollStep":40.554609776158955,"diagonal":false,"clipped":true}
[DebugBridge +33756.0ms] wheel_scroll_motion {"rawX":-60,"rawY":0,"clippedX":-40.554609776158955,"clippedY":0,"appliedX":-22.061707718230473,"appliedY":0,"actualX":-22.5,"actualY":0,"sensitivity":0.544,"currentZoomForScroll":1.4008835028506197,"maxScrollStep":40.554609776158955,"diagonal":false,"clipped":true}
[DebugBridge +33764.3ms] wheel_scroll_motion {"rawX":-56,"rawY":0,"clippedX":-40.554609776158955,"clippedY":0,"appliedX":-22.061707718230473,"appliedY":0,"actualX":-22.5,"actualY":0,"sensitivity":0.544,"currentZoomForScroll":1.4008835028506197,"maxScrollStep":40.554609776158955,"diagonal":false,"clipped":true}
[DebugBridge +33774.6ms] wheel_scroll_motion {"rawX":-54,"rawY":0,"clippedX":-40.554609776158955,"clippedY":0,"appliedX":-22.061707718230473,"appliedY":0,"actualX":-22.5,"actualY":0,"sensitivity":0.544,"currentZoomForScroll":1.4008835028506197,"maxScrollStep":40.554609776158955,"diagonal":false,"clipped":true}
[DebugBridge +33780.5ms] wheel_scroll_motion {"rawX":-54,"rawY":0,"clippedX":-40.554609776158955,"clippedY":0,"appliedX":-22.061707718230473,"appliedY":0,"actualX":-22.5,"actualY":0,"sensitivity":0.544,"currentZoomForScroll":1.4008835028506197,"maxScrollStep":40.554609776158955,"diagonal":false,"clipped":true}
[DebugBridge +33879.9ms] wheel_scroll_motion {"rawX":-52,"rawY":0,"clippedX":-40.554609776158955,"clippedY":0,"appliedX":-22.061707718230473,"appliedY":0,"actualX":-22.5,"actualY":0,"sensitivity":0.544,"currentZoomForScroll":1.4008835028506197,"maxScrollStep":40.554609776158955,"diagonal":false,"clipped":true}
[DebugBridge +33884.2ms] wheel_scroll_motion {"rawX":-144,"rawY":0,"clippedX":-40.554609776158955,"clippedY":0,"appliedX":-22.061707718230473,"appliedY":0,"actualX":-22.5,"actualY":0,"sensitivity":0.544,"currentZoomForScroll":1.4008835028506197,"maxScrollStep":40.554609776158955,"diagonal":false,"clipped":true}
[DebugBridge +33906.4ms] wheel_scroll_motion {"rawX":76,"rawY":-106,"clippedX":40.554609776158955,"clippedY":-40.554609776158955,"appliedX":18.090600328948987,"appliedY":-18.090600328948987,"actualX":18,"actualY":-18.5,"sensitivity":0.44608000000000003,"currentZoomForScroll":1.4008835028506197,"maxScrollStep":40.554609776158955,"diagonal":true,"clipped":true}
[DebugBridge +33923.5ms] wheel_scroll_motion {"rawX":16,"rawY":-42,"clippedX":16,"clippedY":-40.554609776158955,"appliedX":7.1372800000000005,"appliedY":-18.090600328948987,"actualX":7,"actualY":-18.5,"sensitivity":0.44608000000000003,"currentZoomForScroll":1.4008835028506197,"maxScrollStep":40.554609776158955,"diagonal":true,"clipped":true}
[DebugBridge +33931.5ms] wheel_scroll_motion {"rawX":14,"rawY":-54,"clippedX":14,"clippedY":-40.554609776158955,"appliedX":6.24512,"appliedY":-18.090600328948987,"actualX":6,"actualY":-18.5,"sensitivity":0.44608000000000003,"currentZoomForScroll":1.4008835028506197,"maxScrollStep":40.554609776158955,"diagonal":true,"clipped":true}
[DebugBridge +33948.8ms] wheel_scroll_motion {"rawX":14,"rawY":-76,"clippedX":14,"clippedY":-40.554609776158955,"appliedX":6.24512,"appliedY":-18.090600328948987,"actualX":6,"actualY":-18.5,"sensitivity":0.44608000000000003,"currentZoomForScroll":1.4008835028506197,"maxScrollStep":40.554609776158955,"diagonal":true,"clipped":true}
[DebugBridge +33989.7ms] wheel_scroll_motion {"rawX":0,"rawY":-54,"clippedX":0,"clippedY":-40.554609776158955,"appliedX":0,"appliedY":-22.061707718230473,"actualX":0,"actualY":-22.5,"sensitivity":0.544,"currentZoomForScroll":1.4008835028506197,"maxScrollStep":40.554609776158955,"diagonal":false,"clipped":true}
[DebugBridge +33999.0ms] wheel_scroll_motion {"rawX":0,"rawY":-140,"clippedX":0,"clippedY":-40.554609776158955,"appliedX":0,"appliedY":-22.061707718230473,"actualX":0,"actualY":-22.5,"sensitivity":0.544,"currentZoomForScroll":1.4008835028506197,"maxScrollStep":40.554609776158955,"diagonal":false,"clipped":true}
[DebugBridge +34007.0ms] wheel_scroll_motion {"rawX":0,"rawY":-76,"clippedX":0,"clippedY":-40.554609776158955,"appliedX":0,"appliedY":-22.061707718230473,"actualX":0,"actualY":-22.5,"sensitivity":0.544,"currentZoomForScroll":1.4008835028506197,"maxScrollStep":40.554609776158955,"diagonal":false,"clipped":true}
[DebugBridge +34015.1ms] wheel_scroll_motion {"rawX":0,"rawY":-72,"clippedX":0,"clippedY":-40.554609776158955,"appliedX":0,"appliedY":-22.061707718230473,"actualX":0,"actualY":-22.5,"sensitivity":0.544,"currentZoomForScroll":1.4008835028506197,"maxScrollStep":40.554609776158955,"diagonal":false,"clipped":true}
[DebugBridge +34024.4ms] wheel_scroll_motion {"rawX":0,"rawY":-74,"clippedX":0,"clippedY":-40.554609776158955,"appliedX":0,"appliedY":-22.061707718230473,"actualX":0,"actualY":-22.5,"sensitivity":0.544,"currentZoomForScroll":1.4008835028506197,"maxScrollStep":40.554609776158955,"diagonal":false,"clipped":true}
[DebugBridge +34032.1ms] wheel_scroll_motion {"rawX":0,"rawY":-78,"clippedX":0,"clippedY":-40.554609776158955,"appliedX":0,"appliedY":-22.061707718230473,"actualX":0,"actualY":-22.5,"sensitivity":0.544,"currentZoomForScroll":1.4008835028506197,"maxScrollStep":40.554609776158955,"diagonal":false,"clipped":true}
[DebugBridge +34039.0ms] wheel_scroll_motion {"rawX":0,"rawY":-76,"clippedX":0,"clippedY":-40.554609776158955,"appliedX":0,"appliedY":-22.061707718230473,"actualX":0,"actualY":-22.5,"sensitivity":0.544,"currentZoomForScroll":1.4008835028506197,"maxScrollStep":40.554609776158955,"diagonal":false,"clipped":true}
[DebugBridge +34048.5ms] wheel_scroll_motion {"rawX":0,"rawY":-76,"clippedX":0,"clippedY":-40.554609776158955,"appliedX":0,"appliedY":-22.061707718230473,"actualX":0,"actualY":-22.5,"sensitivity":0.544,"currentZoomForScroll":1.4008835028506197,"maxScrollStep":40.554609776158955,"diagonal":false,"clipped":true}
[DebugBridge +34056.5ms] wheel_scroll_motion {"rawX":0,"rawY":-76,"clippedX":0,"clippedY":-40.554609776158955,"appliedX":0,"appliedY":-22.061707718230473,"actualX":0,"actualY":-22.5,"sensitivity":0.544,"currentZoomForScroll":1.4008835028506197,"maxScrollStep":40.554609776158955,"diagonal":false,"clipped":true}
[DebugBridge +34065.8ms] wheel_scroll_motion {"rawX":0,"rawY":-68,"clippedX":0,"clippedY":-40.554609776158955,"appliedX":0,"appliedY":-22.061707718230473,"actualX":0,"actualY":-22.5,"sensitivity":0.544,"currentZoomForScroll":1.4008835028506197,"maxScrollStep":40.554609776158955,"diagonal":false,"clipped":true}
[DebugBridge +34073.7ms] wheel_scroll_motion {"rawX":0,"rawY":-68,"clippedX":0,"clippedY":-40.554609776158955,"appliedX":0,"appliedY":-22.061707718230473,"actualX":0,"actualY":-22.5,"sensitivity":0.544,"currentZoomForScroll":1.4008835028506197,"maxScrollStep":40.554609776158955,"diagonal":false,"clipped":true}
[DebugBridge +34081.8ms] wheel_scroll_motion {"rawX":0,"rawY":-68,"clippedX":0,"clippedY":-40.554609776158955,"appliedX":0,"appliedY":-22.061707718230473,"actualX":0,"actualY":-22.5,"sensitivity":0.544,"currentZoomForScroll":1.4008835028506197,"maxScrollStep":40.554609776158955,"diagonal":false,"clipped":true}
[DebugBridge +34090.2ms] wheel_scroll_motion {"rawX":0,"rawY":-64,"clippedX":0,"clippedY":-40.554609776158955,"appliedX":0,"appliedY":-22.061707718230473,"actualX":0,"actualY":-22.5,"sensitivity":0.544,"currentZoomForScroll":1.4008835028506197,"maxScrollStep":40.554609776158955,"diagonal":false,"clipped":true}
[DebugBridge +34097.4ms] wheel_scroll_motion {"rawX":0,"rawY":-60,"clippedX":0,"clippedY":-40.554609776158955,"appliedX":0,"appliedY":-22.061707718230473,"actualX":0,"actualY":-22.5,"sensitivity":0.544,"currentZoomForScroll":1.4008835028506197,"maxScrollStep":40.554609776158955,"diagonal":false,"clipped":true}
[DebugBridge +34105.7ms] wheel_scroll_motion {"rawX":0,"rawY":-58,"clippedX":0,"clippedY":-40.554609776158955,"appliedX":0,"appliedY":-22.061707718230473,"actualX":0,"actualY":-22.5,"sensitivity":0.544,"currentZoomForScroll":1.4008835028506197,"maxScrollStep":40.554609776158955,"diagonal":false,"clipped":true}
[DebugBridge +34116.4ms] wheel_scroll_motion {"rawX":0,"rawY":-56,"clippedX":0,"clippedY":-40.554609776158955,"appliedX":0,"appliedY":-22.061707718230473,"actualX":0,"actualY":-22.5,"sensitivity":0.544,"currentZoomForScroll":1.4008835028506197,"maxScrollStep":40.554609776158955,"diagonal":false,"clipped":true}
[DebugBridge +34117.8ms] page_visit_start {"page":7,"pageCount":36,"revisited":true,"hasContainer":true,"hasPdfSurface":true,"spinnerVisible":false,"hasAnnotationOverlay":true,"ready":true}
[DebugBridge +34119.3ms] page_visit_ready {"page":7,"pageCount":36,"revisited":true,"waitMs":2,"hasContainer":true,"hasPdfSurface":true,"spinnerVisible":false,"hasAnnotationOverlay":true,"ready":true}
[DebugBridge +34208.5ms] wheel_scroll_motion {"rawX":0,"rawY":-56,"clippedX":0,"clippedY":-40.554609776158955,"appliedX":0,"appliedY":-22.061707718230473,"actualX":0,"actualY":-22.5,"sensitivity":0.544,"currentZoomForScroll":1.4008835028506197,"maxScrollStep":40.554609776158955,"diagonal":false,"clipped":true}
[DebugBridge +34216.1ms] wheel_scroll_motion {"rawX":0,"rawY":-202,"clippedX":0,"clippedY":-40.554609776158955,"appliedX":0,"appliedY":-22.061707718230473,"actualX":0,"actualY":-22.5,"sensitivity":0.544,"currentZoomForScroll":1.4008835028506197,"maxScrollStep":40.554609776158955,"diagonal":false,"clipped":true}
[DebugBridge +34316.8ms] zoom_wheel_request {"rawDeltaY":-3.428884267807007,"reportedZoom":140,"trustedReactZoom":140.08835028506198,"currentZoom":140.08835028506198,"reportedCurrentZoom":140,"nextZoom":139.22638889786356,"requestedDeltaAbs":0.86196138719842,"reportedLagAbs":0.08835028506197773,"rawGetZoomValue":140,"rawViewerZoomValue":140,"rawMagnificationZoom":null,"correctedSuspiciousZoom":false}
[DebugBridge +34316.8ms] zoom_start {"scale":1.4008835028506197,"source":"overlay_wheel_zoom_pre","reportedScale":1.4,"correctedSuspiciousZoom":false}
[DebugBridge +34400.0ms] zoom_wheel_request {"rawDeltaY":-118.38319396972656,"reportedZoom":139,"trustedReactZoom":139.22638889786356,"currentZoom":139.22638889786356,"reportedCurrentZoom":139,"nextZoom":112.50656282929143,"requestedDeltaAbs":26.719826068572132,"reportedLagAbs":0.22638889786355776,"rawGetZoomValue":139,"rawViewerZoomValue":139,"rawMagnificationZoom":null,"correctedSuspiciousZoom":false}
[DebugBridge +34438.8ms] zoom_wheel_request {"rawDeltaY":-24.057180404663086,"reportedZoom":112,"trustedReactZoom":112.50656282929144,"currentZoom":112.50656282929144,"reportedCurrentZoom":112,"nextZoom":107.73867633847065,"requestedDeltaAbs":4.767886490820786,"reportedLagAbs":0.5065628292914397,"rawGetZoomValue":112,"rawViewerZoomValue":112,"rawMagnificationZoom":null,"correctedSuspiciousZoom":false}
[DebugBridge +34764.9ms] wheel_scroll_motion {"rawX":-8,"rawY":50,"clippedX":-8,"clippedY":46.244002883377455,"appliedX":-3.5686400000000003,"appliedY":20.628524806217015,"actualX":-4,"actualY":20.5,"sensitivity":0.44608000000000003,"currentZoomForScroll":1.0773867633847065,"maxScrollStep":46.244002883377455,"diagonal":true,"clipped":true}
[DebugBridge +34791.5ms] page_visit_start {"page":8,"pageCount":36,"revisited":true,"hasContainer":true,"hasPdfSurface":true,"spinnerVisible":true,"hasAnnotationOverlay":true,"ready":false}
[DebugBridge +34928.9ms] wheel_scroll_motion {"rawX":4,"rawY":230,"clippedX":4,"clippedY":46.244002883377455,"appliedX":1.7843200000000001,"appliedY":20.628524806217015,"actualX":1.5,"actualY":20.5,"sensitivity":0.44608000000000003,"currentZoomForScroll":1.0773867633847065,"maxScrollStep":46.244002883377455,"diagonal":true,"clipped":true}
[DebugBridge +35049.2ms] wheel_scroll_motion {"rawX":-6,"rawY":-430,"clippedX":-6,"clippedY":-46.244002883377455,"appliedX":-2.67648,"appliedY":-20.628524806217015,"actualX":-3,"actualY":-21,"sensitivity":0.44608000000000003,"currentZoomForScroll":1.0773867633847065,"maxScrollStep":46.244002883377455,"diagonal":true,"clipped":true}
[DebugBridge +35049.7ms] page_visit_start {"page":7,"pageCount":36,"revisited":true,"hasContainer":true,"hasPdfSurface":true,"spinnerVisible":false,"hasAnnotationOverlay":true,"ready":true}
[DebugBridge +35050.6ms] page_visit_ready {"page":7,"pageCount":36,"revisited":true,"waitMs":1,"hasContainer":true,"hasPdfSurface":true,"spinnerVisible":false,"hasAnnotationOverlay":true,"ready":true}
[DebugBridge +35263.5ms] wheel_scroll_motion {"rawX":-356,"rawY":-636,"clippedX":-46.244002883377455,"clippedY":-46.244002883377455,"appliedX":-20.628524806217015,"appliedY":-20.628524806217015,"actualX":-9,"actualY":-21,"sensitivity":0.44608000000000003,"currentZoomForScroll":1.0773867633847065,"maxScrollStep":46.244002883377455,"diagonal":true,"clipped":true}
[DebugBridge +35451.3ms] wheel_scroll_motion {"rawX":316,"rawY":108,"clippedX":46.244002883377455,"clippedY":46.244002883377455,"appliedX":20.628524806217015,"appliedY":20.628524806217015,"actualX":20.5,"actualY":20.5,"sensitivity":0.44608000000000003,"currentZoomForScroll":1.0773867633847065,"maxScrollStep":46.244002883377455,"diagonal":true,"clipped":true}
[DebugBridge +35478.3ms] wheel_scroll_motion {"rawX":430,"rawY":102,"clippedX":46.244002883377455,"clippedY":46.244002883377455,"appliedX":20.628524806217015,"appliedY":20.628524806217015,"actualX":20.5,"actualY":20.5,"sensitivity":0.44608000000000003,"currentZoomForScroll":1.0773867633847065,"maxScrollStep":46.244002883377455,"diagonal":true,"clipped":true}
[DebugBridge +35483.0ms] wheel_scroll_motion {"rawX":158,"rawY":38,"clippedX":46.244002883377455,"clippedY":38,"appliedX":20.628524806217015,"appliedY":16.951040000000003,"actualX":20.5,"actualY":16.5,"sensitivity":0.44608000000000003,"currentZoomForScroll":1.0773867633847065,"maxScrollStep":46.244002883377455,"diagonal":true,"clipped":true}
[DebugBridge +35483.9ms] page_visit_start {"page":8,"pageCount":36,"revisited":true,"hasContainer":true,"hasPdfSurface":true,"spinnerVisible":false,"hasAnnotationOverlay":true,"ready":true}
[DebugBridge +35485.0ms] page_visit_ready {"page":8,"pageCount":36,"revisited":true,"waitMs":1,"hasContainer":true,"hasPdfSurface":true,"spinnerVisible":false,"hasAnnotationOverlay":true,"ready":true}
[DebugBridge +35487.0ms] zoom_end {"source":"zoomChange_settle"}
[DebugBridge +35575.8ms] wheel_scroll_motion {"rawX":98,"rawY":22,"clippedX":46.244002883377455,"clippedY":22,"appliedX":20.628524806217015,"appliedY":9.81376,"actualX":20.5,"actualY":9.5,"sensitivity":0.44608000000000003,"currentZoomForScroll":1.0773867633847065,"maxScrollStep":46.244002883377455,"diagonal":true,"clipped":true}
[DebugBridge +35587.2ms] wheel_scroll_motion {"rawX":356,"rawY":78,"clippedX":46.244002883377455,"clippedY":46.244002883377455,"appliedX":20.628524806217015,"appliedY":20.628524806217015,"actualX":20.5,"actualY":20.5,"sensitivity":0.44608000000000003,"currentZoomForScroll":1.0773867633847065,"maxScrollStep":46.244002883377455,"diagonal":true,"clipped":true}
[DebugBridge +35695.1ms] wheel_scroll_motion {"rawX":40,"rawY":220,"clippedX":40,"clippedY":46.244002883377455,"appliedX":17.843200000000003,"appliedY":20.628524806217015,"actualX":17.5,"actualY":20.5,"sensitivity":0.44608000000000003,"currentZoomForScroll":1.0773867633847065,"maxScrollStep":46.244002883377455,"diagonal":true,"clipped":true}
[DebugBridge +35699.8ms] wheel_scroll_motion {"rawX":6,"rawY":94,"clippedX":6,"clippedY":46.244002883377455,"appliedX":2.67648,"appliedY":20.628524806217015,"actualX":2.5,"actualY":20.5,"sensitivity":0.44608000000000003,"currentZoomForScroll":1.0773867633847065,"maxScrollStep":46.244002883377455,"diagonal":true,"clipped":true}
[DebugBridge +35776.6ms] wheel_scroll_motion {"rawX":2,"rawY":60,"clippedX":2,"clippedY":46.244002883377455,"appliedX":0.8921600000000001,"appliedY":20.628524806217015,"actualX":0.5,"actualY":20.5,"sensitivity":0.44608000000000003,"currentZoomForScroll":1.0773867633847065,"maxScrollStep":46.244002883377455,"diagonal":true,"clipped":true}
[DebugBridge +35780.9ms] wheel_scroll_motion {"rawX":10,"rawY":224,"clippedX":10,"clippedY":46.244002883377455,"appliedX":4.460800000000001,"appliedY":20.628524806217015,"actualX":4,"actualY":20.5,"sensitivity":0.44608000000000003,"currentZoomForScroll":1.0773867633847065,"maxScrollStep":46.244002883377455,"diagonal":true,"clipped":true}
[DebugBridge +35790.0ms] wheel_scroll_motion {"rawX":0,"rawY":120,"clippedX":0,"clippedY":46.244002883377455,"appliedX":0,"appliedY":25.156737568557336,"actualX":0,"actualY":25,"sensitivity":0.544,"currentZoomForScroll":1.0773867633847065,"maxScrollStep":46.244002883377455,"diagonal":false,"clipped":true}
[DebugBridge +35797.9ms] wheel_scroll_motion {"rawX":0,"rawY":900,"clippedX":0,"clippedY":46.244002883377455,"appliedX":0,"appliedY":25.156737568557336,"actualX":0,"actualY":25,"sensitivity":0.544,"currentZoomForScroll":1.0773867633847065,"maxScrollStep":46.244002883377455,"diagonal":false,"clipped":true}
[DebugBridge +35807.2ms] wheel_scroll_motion {"rawX":0,"rawY":112,"clippedX":0,"clippedY":46.244002883377455,"appliedX":0,"appliedY":25.156737568557336,"actualX":0,"actualY":25,"sensitivity":0.544,"currentZoomForScroll":1.0773867633847065,"maxScrollStep":46.244002883377455,"diagonal":false,"clipped":true}
[DebugBridge +35814.5ms] wheel_scroll_motion {"rawX":0,"rawY":114,"clippedX":0,"clippedY":46.244002883377455,"appliedX":0,"appliedY":25.156737568557336,"actualX":0,"actualY":25,"sensitivity":0.544,"currentZoomForScroll":1.0773867633847065,"maxScrollStep":46.244002883377455,"diagonal":false,"clipped":true}
[DebugBridge +35824.7ms] wheel_scroll_motion {"rawX":0,"rawY":108,"clippedX":0,"clippedY":46.244002883377455,"appliedX":0,"appliedY":25.156737568557336,"actualX":0,"actualY":25,"sensitivity":0.544,"currentZoomForScroll":1.0773867633847065,"maxScrollStep":46.244002883377455,"diagonal":false,"clipped":true}
[DebugBridge +35831.0ms] wheel_scroll_motion {"rawX":0,"rawY":108,"clippedX":0,"clippedY":46.244002883377455,"appliedX":0,"appliedY":25.156737568557336,"actualX":0,"actualY":25,"sensitivity":0.544,"currentZoomForScroll":1.0773867633847065,"maxScrollStep":46.244002883377455,"diagonal":false,"clipped":true}
[DebugBridge +35840.6ms] wheel_scroll_motion {"rawX":0,"rawY":106,"clippedX":0,"clippedY":46.244002883377455,"appliedX":0,"appliedY":25.156737568557336,"actualX":0,"actualY":25,"sensitivity":0.544,"currentZoomForScroll":1.0773867633847065,"maxScrollStep":46.244002883377455,"diagonal":false,"clipped":true}
[DebugBridge +35848.6ms] wheel_scroll_motion {"rawX":0,"rawY":100,"clippedX":0,"clippedY":46.244002883377455,"appliedX":0,"appliedY":25.156737568557336,"actualX":0,"actualY":25,"sensitivity":0.544,"currentZoomForScroll":1.0773867633847065,"maxScrollStep":46.244002883377455,"diagonal":false,"clipped":true}
[DebugBridge +35860.7ms] wheel_scroll_motion {"rawX":0,"rawY":100,"clippedX":0,"clippedY":46.244002883377455,"appliedX":0,"appliedY":25.156737568557336,"actualX":0,"actualY":25,"sensitivity":0.544,"currentZoomForScroll":1.0773867633847065,"maxScrollStep":46.244002883377455,"diagonal":false,"clipped":true}
[DebugBridge +35865.6ms] wheel_scroll_motion {"rawX":0,"rawY":100,"clippedX":0,"clippedY":46.244002883377455,"appliedX":0,"appliedY":25.156737568557336,"actualX":0,"actualY":25,"sensitivity":0.544,"currentZoomForScroll":1.0773867633847065,"maxScrollStep":46.244002883377455,"diagonal":false,"clipped":true}
[DebugBridge +35873.8ms] wheel_scroll_motion {"rawX":0,"rawY":94,"clippedX":0,"clippedY":46.244002883377455,"appliedX":0,"appliedY":25.156737568557336,"actualX":0,"actualY":25,"sensitivity":0.544,"currentZoomForScroll":1.0773867633847065,"maxScrollStep":46.244002883377455,"diagonal":false,"clipped":true}
[DebugBridge +35881.8ms] wheel_scroll_motion {"rawX":0,"rawY":92,"clippedX":0,"clippedY":46.244002883377455,"appliedX":0,"appliedY":25.156737568557336,"actualX":0,"actualY":25,"sensitivity":0.544,"currentZoomForScroll":1.0773867633847065,"maxScrollStep":46.244002883377455,"diagonal":false,"clipped":true}
[DebugBridge +35889.8ms] wheel_scroll_motion {"rawX":0,"rawY":92,"clippedX":0,"clippedY":46.244002883377455,"appliedX":0,"appliedY":25.156737568557336,"actualX":0,"actualY":25,"sensitivity":0.544,"currentZoomForScroll":1.0773867633847065,"maxScrollStep":46.244002883377455,"diagonal":false,"clipped":true}
[DebugBridge +35898.9ms] wheel_scroll_motion {"rawX":0,"rawY":90,"clippedX":0,"clippedY":46.244002883377455,"appliedX":0,"appliedY":25.156737568557336,"actualX":0,"actualY":25,"sensitivity":0.544,"currentZoomForScroll":1.0773867633847065,"maxScrollStep":46.244002883377455,"diagonal":false,"clipped":true}
[DebugBridge +35906.9ms] wheel_scroll_motion {"rawX":0,"rawY":86,"clippedX":0,"clippedY":46.244002883377455,"appliedX":0,"appliedY":25.156737568557336,"actualX":0,"actualY":25,"sensitivity":0.544,"currentZoomForScroll":1.0773867633847065,"maxScrollStep":46.244002883377455,"diagonal":false,"clipped":true}
[DebugBridge +35914.9ms] wheel_scroll_motion {"rawX":0,"rawY":82,"clippedX":0,"clippedY":46.244002883377455,"appliedX":0,"appliedY":25.156737568557336,"actualX":0,"actualY":25,"sensitivity":0.544,"currentZoomForScroll":1.0773867633847065,"maxScrollStep":46.244002883377455,"diagonal":false,"clipped":true}
[DebugBridge +35924.2ms] wheel_scroll_motion {"rawX":0,"rawY":80,"clippedX":0,"clippedY":46.244002883377455,"appliedX":0,"appliedY":25.156737568557336,"actualX":0,"actualY":25,"sensitivity":0.544,"currentZoomForScroll":1.0773867633847065,"maxScrollStep":46.244002883377455,"diagonal":false,"clipped":true}
[DebugBridge +35932.3ms] wheel_scroll_motion {"rawX":0,"rawY":80,"clippedX":0,"clippedY":46.244002883377455,"appliedX":0,"appliedY":25.156737568557336,"actualX":0,"actualY":25,"sensitivity":0.544,"currentZoomForScroll":1.0773867633847065,"maxScrollStep":46.244002883377455,"diagonal":false,"clipped":true}
[DebugBridge +36029.2ms] wheel_scroll_motion {"rawX":-6,"rawY":48,"clippedX":-6,"clippedY":46.244002883377455,"appliedX":-2.67648,"appliedY":20.628524806217015,"actualX":-3,"actualY":20.5,"sensitivity":0.44608000000000003,"currentZoomForScroll":1.0773867633847065,"maxScrollStep":46.244002883377455,"diagonal":true,"clipped":true}
[DebugBridge +36040.0ms] wheel_scroll_motion {"rawX":-4,"rawY":50,"clippedX":-4,"clippedY":46.244002883377455,"appliedX":-1.7843200000000001,"appliedY":20.628524806217015,"actualX":-2,"actualY":20.5,"sensitivity":0.44608000000000003,"currentZoomForScroll":1.0773867633847065,"maxScrollStep":46.244002883377455,"diagonal":true,"clipped":true}
[DebugBridge +36057.4ms] wheel_scroll_motion {"rawX":-10,"rawY":80,"clippedX":-10,"clippedY":46.244002883377455,"appliedX":-4.460800000000001,"appliedY":20.628524806217015,"actualX":-4.5,"actualY":20.5,"sensitivity":0.44608000000000003,"currentZoomForScroll":1.0773867633847065,"maxScrollStep":46.244002883377455,"diagonal":true,"clipped":true}
[DebugBridge +36065.5ms] wheel_scroll_motion {"rawX":-6,"rawY":58,"clippedX":-6,"clippedY":46.244002883377455,"appliedX":-2.67648,"appliedY":20.628524806217015,"actualX":-3,"actualY":20.5,"sensitivity":0.44608000000000003,"currentZoomForScroll":1.0773867633847065,"maxScrollStep":46.244002883377455,"diagonal":true,"clipped":true}
[DebugBridge +36084.4ms] wheel_scroll_motion {"rawX":-6,"rawY":56,"clippedX":-6,"clippedY":46.244002883377455,"appliedX":-2.67648,"appliedY":20.628524806217015,"actualX":-3,"actualY":20.5,"sensitivity":0.44608000000000003,"currentZoomForScroll":1.0773867633847065,"maxScrollStep":46.244002883377455,"diagonal":true,"clipped":true}
[DebugBridge +36091.4ms] wheel_scroll_motion {"rawX":-12,"rawY":72,"clippedX":-12,"clippedY":46.244002883377455,"appliedX":-5.35296,"appliedY":20.628524806217015,"actualX":-5.5,"actualY":20.5,"sensitivity":0.44608000000000003,"currentZoomForScroll":1.0773867633847065,"maxScrollStep":46.244002883377455,"diagonal":true,"clipped":true}
[DebugBridge +36098.5ms] wheel_scroll_motion {"rawX":-12,"rawY":58,"clippedX":-12,"clippedY":46.244002883377455,"appliedX":-5.35296,"appliedY":20.628524806217015,"actualX":-5.5,"actualY":20.5,"sensitivity":0.44608000000000003,"currentZoomForScroll":1.0773867633847065,"maxScrollStep":46.244002883377455,"diagonal":true,"clipped":true}
[DebugBridge +36122.2ms] wheel_scroll_motion {"rawX":0,"rawY":68,"clippedX":0,"clippedY":46.244002883377455,"appliedX":0,"appliedY":25.156737568557336,"actualX":0,"actualY":25,"sensitivity":0.544,"currentZoomForScroll":1.0773867633847065,"maxScrollStep":46.244002883377455,"diagonal":false,"clipped":true}
[DebugBridge +36132.8ms] wheel_scroll_motion {"rawX":0,"rawY":84,"clippedX":0,"clippedY":46.244002883377455,"appliedX":0,"appliedY":25.156737568557336,"actualX":0,"actualY":25,"sensitivity":0.544,"currentZoomForScroll":1.0773867633847065,"maxScrollStep":46.244002883377455,"diagonal":false,"clipped":true}
[DebugBridge +36141.6ms] wheel_scroll_motion {"rawX":0,"rawY":88,"clippedX":0,"clippedY":46.244002883377455,"appliedX":0,"appliedY":25.156737568557336,"actualX":0,"actualY":25,"sensitivity":0.544,"currentZoomForScroll":1.0773867633847065,"maxScrollStep":46.244002883377455,"diagonal":false,"clipped":true}
[DebugBridge +36147.2ms] wheel_scroll_motion {"rawX":0,"rawY":88,"clippedX":0,"clippedY":46.244002883377455,"appliedX":0,"appliedY":25.156737568557336,"actualX":0,"actualY":25,"sensitivity":0.544,"currentZoomForScroll":1.0773867633847065,"maxScrollStep":46.244002883377455,"diagonal":false,"clipped":true}
[DebugBridge +36157.4ms] wheel_scroll_motion {"rawX":0,"rawY":88,"clippedX":0,"clippedY":46.244002883377455,"appliedX":0,"appliedY":25.156737568557336,"actualX":0,"actualY":25,"sensitivity":0.544,"currentZoomForScroll":1.0773867633847065,"maxScrollStep":46.244002883377455,"diagonal":false,"clipped":true}
[DebugBridge +36165.5ms] wheel_scroll_motion {"rawX":0,"rawY":90,"clippedX":0,"clippedY":46.244002883377455,"appliedX":0,"appliedY":25.156737568557336,"actualX":0,"actualY":25,"sensitivity":0.544,"currentZoomForScroll":1.0773867633847065,"maxScrollStep":46.244002883377455,"diagonal":false,"clipped":true}
[DebugBridge +36172.5ms] wheel_scroll_motion {"rawX":0,"rawY":88,"clippedX":0,"clippedY":46.244002883377455,"appliedX":0,"appliedY":25.156737568557336,"actualX":0,"actualY":25,"sensitivity":0.544,"currentZoomForScroll":1.0773867633847065,"maxScrollStep":46.244002883377455,"diagonal":false,"clipped":true}
[DebugBridge +36180.5ms] wheel_scroll_motion {"rawX":0,"rawY":90,"clippedX":0,"clippedY":46.244002883377455,"appliedX":0,"appliedY":25.156737568557336,"actualX":0,"actualY":25,"sensitivity":0.544,"currentZoomForScroll":1.0773867633847065,"maxScrollStep":46.244002883377455,"diagonal":false,"clipped":true}
[DebugBridge +36189.6ms] wheel_scroll_motion {"rawX":0,"rawY":86,"clippedX":0,"clippedY":46.244002883377455,"appliedX":0,"appliedY":25.156737568557336,"actualX":0,"actualY":25,"sensitivity":0.544,"currentZoomForScroll":1.0773867633847065,"maxScrollStep":46.244002883377455,"diagonal":false,"clipped":true}
[DebugBridge +36198.8ms] wheel_scroll_motion {"rawX":0,"rawY":82,"clippedX":0,"clippedY":46.244002883377455,"appliedX":0,"appliedY":25.156737568557336,"actualX":0,"actualY":25,"sensitivity":0.544,"currentZoomForScroll":1.0773867633847065,"maxScrollStep":46.244002883377455,"diagonal":false,"clipped":true}
[DebugBridge +36206.8ms] wheel_scroll_motion {"rawX":0,"rawY":82,"clippedX":0,"clippedY":46.244002883377455,"appliedX":0,"appliedY":25.156737568557336,"actualX":0,"actualY":25,"sensitivity":0.544,"currentZoomForScroll":1.0773867633847065,"maxScrollStep":46.244002883377455,"diagonal":false,"clipped":true}
[DebugBridge +36215.2ms] wheel_scroll_motion {"rawX":0,"rawY":80,"clippedX":0,"clippedY":46.244002883377455,"appliedX":0,"appliedY":25.156737568557336,"actualX":0,"actualY":25,"sensitivity":0.544,"currentZoomForScroll":1.0773867633847065,"maxScrollStep":46.244002883377455,"diagonal":false,"clipped":true}
[DebugBridge +36223.5ms] wheel_scroll_motion {"rawX":0,"rawY":76,"clippedX":0,"clippedY":46.244002883377455,"appliedX":0,"appliedY":25.156737568557336,"actualX":0,"actualY":25,"sensitivity":0.544,"currentZoomForScroll":1.0773867633847065,"maxScrollStep":46.244002883377455,"diagonal":false,"clipped":true}
[DebugBridge +36232.6ms] wheel_scroll_motion {"rawX":0,"rawY":72,"clippedX":0,"clippedY":46.244002883377455,"appliedX":0,"appliedY":25.156737568557336,"actualX":0,"actualY":25,"sensitivity":0.544,"currentZoomForScroll":1.0773867633847065,"maxScrollStep":46.244002883377455,"diagonal":false,"clipped":true}
[DebugBridge +36240.2ms] wheel_scroll_motion {"rawX":0,"rawY":72,"clippedX":0,"clippedY":46.244002883377455,"appliedX":0,"appliedY":25.156737568557336,"actualX":0,"actualY":25,"sensitivity":0.544,"currentZoomForScroll":1.0773867633847065,"maxScrollStep":46.244002883377455,"diagonal":false,"clipped":true}
[DebugBridge +36241.4ms] page_visit_start {"page":9,"pageCount":36,"revisited":true,"hasContainer":true,"hasPdfSurface":true,"spinnerVisible":false,"hasAnnotationOverlay":true,"ready":true}
[DebugBridge +36242.3ms] page_visit_ready {"page":9,"pageCount":36,"revisited":true,"waitMs":1,"hasContainer":true,"hasPdfSurface":true,"spinnerVisible":false,"hasAnnotationOverlay":true,"ready":true}
[DebugBridge +36330.2ms] wheel_scroll_motion {"rawX":0,"rawY":72,"clippedX":0,"clippedY":46.244002883377455,"appliedX":0,"appliedY":25.156737568557336,"actualX":0,"actualY":25,"sensitivity":0.544,"currentZoomForScroll":1.0773867633847065,"maxScrollStep":46.244002883377455,"diagonal":false,"clipped":true}
[DebugBridge +36340.5ms] wheel_scroll_motion {"rawX":0,"rawY":626,"clippedX":0,"clippedY":46.244002883377455,"appliedX":0,"appliedY":25.156737568557336,"actualX":0,"actualY":25,"sensitivity":0.544,"currentZoomForScroll":1.0773867633847065,"maxScrollStep":46.244002883377455,"diagonal":false,"clipped":true}
[DebugBridge +36431.1ms] wheel_scroll_motion {"rawX":-16,"rawY":88,"clippedX":-16,"clippedY":46.244002883377455,"appliedX":-7.1372800000000005,"appliedY":20.628524806217015,"actualX":-7.5,"actualY":20.5,"sensitivity":0.44608000000000003,"currentZoomForScroll":1.0773867633847065,"maxScrollStep":46.244002883377455,"diagonal":true,"clipped":true}
[DebugBridge +36518.8ms] wheel_scroll_motion {"rawX":-86,"rawY":436,"clippedX":-46.244002883377455,"clippedY":46.244002883377455,"appliedX":-20.628524806217015,"appliedY":20.628524806217015,"actualX":-21,"actualY":20.5,"sensitivity":0.44608000000000003,"currentZoomForScroll":1.0773867633847065,"maxScrollStep":46.244002883377455,"diagonal":true,"clipped":true}
[DebugBridge +36601.8ms] wheel_scroll_motion {"rawX":0,"rawY":62,"clippedX":0,"clippedY":46.244002883377455,"appliedX":0,"appliedY":25.156737568557336,"actualX":0,"actualY":25,"sensitivity":0.544,"currentZoomForScroll":1.0773867633847065,"maxScrollStep":46.244002883377455,"diagonal":false,"clipped":true}
[DebugBridge +36606.8ms] wheel_scroll_motion {"rawX":0,"rawY":750,"clippedX":0,"clippedY":46.244002883377455,"appliedX":0,"appliedY":25.156737568557336,"actualX":0,"actualY":25,"sensitivity":0.544,"currentZoomForScroll":1.0773867633847065,"maxScrollStep":46.244002883377455,"diagonal":false,"clipped":true}
[DebugBridge +36615.9ms] wheel_scroll_motion {"rawX":0,"rawY":80,"clippedX":0,"clippedY":46.244002883377455,"appliedX":0,"appliedY":25.156737568557336,"actualX":0,"actualY":25,"sensitivity":0.544,"currentZoomForScroll":1.0773867633847065,"maxScrollStep":46.244002883377455,"diagonal":false,"clipped":true}
[DebugBridge +36623.9ms] wheel_scroll_motion {"rawX":0,"rawY":76,"clippedX":0,"clippedY":46.244002883377455,"appliedX":0,"appliedY":25.156737568557336,"actualX":0,"actualY":25,"sensitivity":0.544,"currentZoomForScroll":1.0773867633847065,"maxScrollStep":46.244002883377455,"diagonal":false,"clipped":true}
[DebugBridge +36631.9ms] wheel_scroll_motion {"rawX":0,"rawY":72,"clippedX":0,"clippedY":46.244002883377455,"appliedX":0,"appliedY":25.156737568557336,"actualX":0,"actualY":25,"sensitivity":0.544,"currentZoomForScroll":1.0773867633847065,"maxScrollStep":46.244002883377455,"diagonal":false,"clipped":true}
[DebugBridge +36640.0ms] wheel_scroll_motion {"rawX":0,"rawY":72,"clippedX":0,"clippedY":46.244002883377455,"appliedX":0,"appliedY":25.156737568557336,"actualX":0,"actualY":25,"sensitivity":0.544,"currentZoomForScroll":1.0773867633847065,"maxScrollStep":46.244002883377455,"diagonal":false,"clipped":true}
[DebugBridge +36649.3ms] wheel_scroll_motion {"rawX":0,"rawY":68,"clippedX":0,"clippedY":46.244002883377455,"appliedX":0,"appliedY":25.156737568557336,"actualX":0,"actualY":25,"sensitivity":0.544,"currentZoomForScroll":1.0773867633847065,"maxScrollStep":46.244002883377455,"diagonal":false,"clipped":true}
[DebugBridge +36656.2ms] wheel_scroll_motion {"rawX":0,"rawY":68,"clippedX":0,"clippedY":46.244002883377455,"appliedX":0,"appliedY":25.156737568557336,"actualX":0,"actualY":25,"sensitivity":0.544,"currentZoomForScroll":1.0773867633847065,"maxScrollStep":46.244002883377455,"diagonal":false,"clipped":true}
[DebugBridge +36665.2ms] wheel_scroll_motion {"rawX":0,"rawY":64,"clippedX":0,"clippedY":46.244002883377455,"appliedX":0,"appliedY":25.156737568557336,"actualX":0,"actualY":25,"sensitivity":0.544,"currentZoomForScroll":1.0773867633847065,"maxScrollStep":46.244002883377455,"diagonal":false,"clipped":true}
[DebugBridge +36674.5ms] wheel_scroll_motion {"rawX":0,"rawY":64,"clippedX":0,"clippedY":46.244002883377455,"appliedX":0,"appliedY":25.156737568557336,"actualX":0,"actualY":25,"sensitivity":0.544,"currentZoomForScroll":1.0773867633847065,"maxScrollStep":46.244002883377455,"diagonal":false,"clipped":true}
[DebugBridge +36682.6ms] wheel_scroll_motion {"rawX":0,"rawY":60,"clippedX":0,"clippedY":46.244002883377455,"appliedX":0,"appliedY":25.156737568557336,"actualX":0,"actualY":25,"sensitivity":0.544,"currentZoomForScroll":1.0773867633847065,"maxScrollStep":46.244002883377455,"diagonal":false,"clipped":true}
[DebugBridge +36690.4ms] wheel_scroll_motion {"rawX":0,"rawY":58,"clippedX":0,"clippedY":46.244002883377455,"appliedX":0,"appliedY":25.156737568557336,"actualX":0,"actualY":25,"sensitivity":0.544,"currentZoomForScroll":1.0773867633847065,"maxScrollStep":46.244002883377455,"diagonal":false,"clipped":true}
[DebugBridge +36698.5ms] wheel_scroll_motion {"rawX":0,"rawY":56,"clippedX":0,"clippedY":46.244002883377455,"appliedX":0,"appliedY":25.156737568557336,"actualX":0,"actualY":25,"sensitivity":0.544,"currentZoomForScroll":1.0773867633847065,"maxScrollStep":46.244002883377455,"diagonal":false,"clipped":true}
[DebugBridge +36707.7ms] wheel_scroll_motion {"rawX":0,"rawY":56,"clippedX":0,"clippedY":46.244002883377455,"appliedX":0,"appliedY":25.156737568557336,"actualX":0,"actualY":25,"sensitivity":0.544,"currentZoomForScroll":1.0773867633847065,"maxScrollStep":46.244002883377455,"diagonal":false,"clipped":true}
[DebugBridge +36715.8ms] wheel_scroll_motion {"rawX":0,"rawY":54,"clippedX":0,"clippedY":46.244002883377455,"appliedX":0,"appliedY":25.156737568557336,"actualX":0,"actualY":25,"sensitivity":0.544,"currentZoomForScroll":1.0773867633847065,"maxScrollStep":46.244002883377455,"diagonal":false,"clipped":true}
[DebugBridge +36723.6ms] wheel_scroll_motion {"rawX":0,"rawY":52,"clippedX":0,"clippedY":46.244002883377455,"appliedX":0,"appliedY":25.156737568557336,"actualX":0,"actualY":25,"sensitivity":0.544,"currentZoomForScroll":1.0773867633847065,"maxScrollStep":46.244002883377455,"diagonal":false,"clipped":true}
[DebugBridge +37786.6ms] wheel_scroll_motion {"rawX":-34,"rawY":10,"clippedX":-34,"clippedY":10,"appliedX":-18.9584,"appliedY":5.576,"actualX":-10.5,"actualY":5.5,"sensitivity":0.5576,"currentZoomForScroll":1.0773867633847065,"maxScrollStep":46.244002883377455,"diagonal":true,"clipped":false}
[DebugBridge +37796.7ms] wheel_scroll_motion {"rawX":-70,"rawY":12,"clippedX":-46.244002883377455,"clippedY":12,"appliedX":-20.628524806217015,"appliedY":5.35296,"actualX":0,"actualY":5,"sensitivity":0.44608000000000003,"currentZoomForScroll":1.0773867633847065,"maxScrollStep":46.244002883377455,"diagonal":true,"clipped":true}
[DebugBridge +37810.8ms] wheel_scroll_motion {"rawX":-28,"rawY":4,"clippedX":-28,"clippedY":4,"appliedX":-15.6128,"appliedY":2.2304,"actualX":0,"actualY":2,"sensitivity":0.5576,"currentZoomForScroll":1.0773867633847065,"maxScrollStep":46.244002883377455,"diagonal":true,"clipped":false}
[DebugBridge +37820.3ms] wheel_scroll_motion {"rawX":-54,"rawY":8,"clippedX":-46.244002883377455,"clippedY":8,"appliedX":-20.628524806217015,"appliedY":3.5686400000000003,"actualX":0,"actualY":3.5,"sensitivity":0.44608000000000003,"currentZoomForScroll":1.0773867633847065,"maxScrollStep":46.244002883377455,"diagonal":true,"clipped":true}
[DebugBridge +37829.7ms] wheel_scroll_motion {"rawX":-26,"rawY":4,"clippedX":-26,"clippedY":4,"appliedX":-14.4976,"appliedY":2.2304,"actualX":0,"actualY":2,"sensitivity":0.5576,"currentZoomForScroll":1.0773867633847065,"maxScrollStep":46.244002883377455,"diagonal":true,"clipped":false}
[DebugBridge +37848.7ms] wheel_scroll_motion {"rawX":-26,"rawY":0,"clippedX":-26,"clippedY":0,"appliedX":-17.68,"appliedY":0,"actualX":0,"actualY":0,"sensitivity":0.68,"currentZoomForScroll":1.0773867633847065,"maxScrollStep":46.244002883377455,"diagonal":false,"clipped":false}
[DebugBridge +37860.9ms] wheel_scroll_motion {"rawX":-48,"rawY":-8,"clippedX":-46.244002883377455,"clippedY":-8,"appliedX":-20.628524806217015,"appliedY":-3.5686400000000003,"actualX":0,"actualY":-4,"sensitivity":0.44608000000000003,"currentZoomForScroll":1.0773867633847065,"maxScrollStep":46.244002883377455,"diagonal":true,"clipped":true}
[DebugBridge +37873.6ms] wheel_scroll_motion {"rawX":-14,"rawY":-2,"clippedX":-14,"clippedY":-2,"appliedX":-7.8064,"appliedY":-1.1152,"actualX":0,"actualY":-1.5,"sensitivity":0.5576,"currentZoomForScroll":1.0773867633847065,"maxScrollStep":46.244002883377455,"diagonal":true,"clipped":false}
[DebugBridge +37885.9ms] wheel_scroll_motion {"rawX":-30,"rawY":0,"clippedX":-30,"clippedY":0,"appliedX":-20.400000000000002,"appliedY":0,"actualX":0,"actualY":0,"sensitivity":0.68,"currentZoomForScroll":1.0773867633847065,"maxScrollStep":46.244002883377455,"diagonal":false,"clipped":false}
[DebugBridge +37894.7ms] wheel_scroll_motion {"rawX":-72,"rawY":0,"clippedX":-46.244002883377455,"clippedY":0,"appliedX":-25.156737568557336,"appliedY":0,"actualX":0,"actualY":0,"sensitivity":0.544,"currentZoomForScroll":1.0773867633847065,"maxScrollStep":46.244002883377455,"diagonal":false,"clipped":true}
[DebugBridge +37902.5ms] wheel_scroll_motion {"rawX":-40,"rawY":0,"clippedX":-40,"clippedY":0,"appliedX":-27.200000000000003,"appliedY":0,"actualX":0,"actualY":0,"sensitivity":0.68,"currentZoomForScroll":1.0773867633847065,"maxScrollStep":46.244002883377455,"diagonal":false,"clipped":false}
[DebugBridge +37910.0ms] wheel_scroll_motion {"rawX":-40,"rawY":0,"clippedX":-40,"clippedY":0,"appliedX":-27.200000000000003,"appliedY":0,"actualX":0,"actualY":0,"sensitivity":0.68,"currentZoomForScroll":1.0773867633847065,"maxScrollStep":46.244002883377455,"diagonal":false,"clipped":false}
[DebugBridge +37916.9ms] wheel_scroll_motion {"rawX":-40,"rawY":0,"clippedX":-40,"clippedY":0,"appliedX":-27.200000000000003,"appliedY":0,"actualX":0,"actualY":0,"sensitivity":0.68,"currentZoomForScroll":1.0773867633847065,"maxScrollStep":46.244002883377455,"diagonal":false,"clipped":false}
[DebugBridge +37924.5ms] wheel_scroll_motion {"rawX":-48,"rawY":0,"clippedX":-46.244002883377455,"clippedY":0,"appliedX":-25.156737568557336,"appliedY":0,"actualX":0,"actualY":0,"sensitivity":0.544,"currentZoomForScroll":1.0773867633847065,"maxScrollStep":46.244002883377455,"diagonal":false,"clipped":true}
[DebugBridge +37931.5ms] wheel_scroll_motion {"rawX":-46,"rawY":0,"clippedX":-46,"clippedY":0,"appliedX":-31.28,"appliedY":0,"actualX":0,"actualY":0,"sensitivity":0.68,"currentZoomForScroll":1.0773867633847065,"maxScrollStep":46.244002883377455,"diagonal":false,"clipped":false}
[DebugBridge +37941.4ms] wheel_scroll_motion {"rawX":-44,"rawY":0,"clippedX":-44,"clippedY":0,"appliedX":-29.92,"appliedY":0,"actualX":0,"actualY":0,"sensitivity":0.68,"currentZoomForScroll":1.0773867633847065,"maxScrollStep":46.244002883377455,"diagonal":false,"clipped":false}
[DebugBridge +37947.7ms] wheel_scroll_motion {"rawX":-44,"rawY":0,"clippedX":-44,"clippedY":0,"appliedX":-29.92,"appliedY":0,"actualX":0,"actualY":0,"sensitivity":0.68,"currentZoomForScroll":1.0773867633847065,"maxScrollStep":46.244002883377455,"diagonal":false,"clipped":false}
[DebugBridge +37956.6ms] wheel_scroll_motion {"rawX":-42,"rawY":0,"clippedX":-42,"clippedY":0,"appliedX":-28.560000000000002,"appliedY":0,"actualX":0,"actualY":0,"sensitivity":0.68,"currentZoomForScroll":1.0773867633847065,"maxScrollStep":46.244002883377455,"diagonal":false,"clipped":false}
[DebugBridge +37966.0ms] wheel_scroll_motion {"rawX":-38,"rawY":0,"clippedX":-38,"clippedY":0,"appliedX":-25.840000000000003,"appliedY":0,"actualX":0,"actualY":0,"sensitivity":0.68,"currentZoomForScroll":1.0773867633847065,"maxScrollStep":46.244002883377455,"diagonal":false,"clipped":false}
[DebugBridge +37974.4ms] wheel_scroll_motion {"rawX":-38,"rawY":0,"clippedX":-38,"clippedY":0,"appliedX":-25.840000000000003,"appliedY":0,"actualX":0,"actualY":0,"sensitivity":0.68,"currentZoomForScroll":1.0773867633847065,"maxScrollStep":46.244002883377455,"diagonal":false,"clipped":false}
[DebugBridge +37981.9ms] wheel_scroll_motion {"rawX":-38,"rawY":0,"clippedX":-38,"clippedY":0,"appliedX":-25.840000000000003,"appliedY":0,"actualX":0,"actualY":0,"sensitivity":0.68,"currentZoomForScroll":1.0773867633847065,"maxScrollStep":46.244002883377455,"diagonal":false,"clipped":false}
[DebugBridge +37990.9ms] wheel_scroll_motion {"rawX":-36,"rawY":0,"clippedX":-36,"clippedY":0,"appliedX":-24.48,"appliedY":0,"actualX":0,"actualY":0,"sensitivity":0.68,"currentZoomForScroll":1.0773867633847065,"maxScrollStep":46.244002883377455,"diagonal":false,"clipped":false}
[DebugBridge +37998.3ms] wheel_scroll_motion {"rawX":-34,"rawY":0,"clippedX":-34,"clippedY":0,"appliedX":-23.12,"appliedY":0,"actualX":0,"actualY":0,"sensitivity":0.68,"currentZoomForScroll":1.0773867633847065,"maxScrollStep":46.244002883377455,"diagonal":false,"clipped":false}
[DebugBridge +38006.5ms] wheel_scroll_motion {"rawX":-34,"rawY":0,"clippedX":-34,"clippedY":0,"appliedX":-23.12,"appliedY":0,"actualX":0,"actualY":0,"sensitivity":0.68,"currentZoomForScroll":1.0773867633847065,"maxScrollStep":46.244002883377455,"diagonal":false,"clipped":false}
[DebugBridge +38015.4ms] wheel_scroll_motion {"rawX":-30,"rawY":0,"clippedX":-30,"clippedY":0,"appliedX":-20.400000000000002,"appliedY":0,"actualX":0,"actualY":0,"sensitivity":0.68,"currentZoomForScroll":1.0773867633847065,"maxScrollStep":46.244002883377455,"diagonal":false,"clipped":false}
[DebugBridge +38132.7ms] wheel_scroll_motion {"rawX":22,"rawY":80,"clippedX":22,"clippedY":46.244002883377455,"appliedX":9.81376,"appliedY":20.628524806217015,"actualX":9.5,"actualY":20.5,"sensitivity":0.44608000000000003,"currentZoomForScroll":1.0773867633847065,"maxScrollStep":46.244002883377455,"diagonal":true,"clipped":true}
[DebugBridge +38157.1ms] wheel_scroll_motion {"rawX":0,"rawY":58,"clippedX":0,"clippedY":46.244002883377455,"appliedX":0,"appliedY":25.156737568557336,"actualX":0,"actualY":25,"sensitivity":0.544,"currentZoomForScroll":1.0773867633847065,"maxScrollStep":46.244002883377455,"diagonal":false,"clipped":true}
[DebugBridge +38165.3ms] wheel_scroll_motion {"rawX":-4,"rawY":54,"clippedX":-4,"clippedY":46.244002883377455,"appliedX":-1.7843200000000001,"appliedY":20.628524806217015,"actualX":-2,"actualY":20.5,"sensitivity":0.44608000000000003,"currentZoomForScroll":1.0773867633847065,"maxScrollStep":46.244002883377455,"diagonal":true,"clipped":true}
[DebugBridge +38191.1ms] wheel_scroll_motion {"rawX":0,"rawY":74,"clippedX":0,"clippedY":46.244002883377455,"appliedX":0,"appliedY":25.156737568557336,"actualX":0,"actualY":25,"sensitivity":0.544,"currentZoomForScroll":1.0773867633847065,"maxScrollStep":46.244002883377455,"diagonal":false,"clipped":true}
[DebugBridge +38198.3ms] wheel_scroll_motion {"rawX":0,"rawY":88,"clippedX":0,"clippedY":46.244002883377455,"appliedX":0,"appliedY":25.156737568557336,"actualX":0,"actualY":25,"sensitivity":0.544,"currentZoomForScroll":1.0773867633847065,"maxScrollStep":46.244002883377455,"diagonal":false,"clipped":true}
[DebugBridge +38207.6ms] wheel_scroll_motion {"rawX":0,"rawY":92,"clippedX":0,"clippedY":46.244002883377455,"appliedX":0,"appliedY":25.156737568557336,"actualX":0,"actualY":25,"sensitivity":0.544,"currentZoomForScroll":1.0773867633847065,"maxScrollStep":46.244002883377455,"diagonal":false,"clipped":true}
[DebugBridge +38215.6ms] wheel_scroll_motion {"rawX":0,"rawY":90,"clippedX":0,"clippedY":46.244002883377455,"appliedX":0,"appliedY":25.156737568557336,"actualX":0,"actualY":25,"sensitivity":0.544,"currentZoomForScroll":1.0773867633847065,"maxScrollStep":46.244002883377455,"diagonal":false,"clipped":true}
[DebugBridge +38225.5ms] wheel_scroll_motion {"rawX":0,"rawY":92,"clippedX":0,"clippedY":46.244002883377455,"appliedX":0,"appliedY":25.156737568557336,"actualX":0,"actualY":25,"sensitivity":0.544,"currentZoomForScroll":1.0773867633847065,"maxScrollStep":46.244002883377455,"diagonal":false,"clipped":true}
[DebugBridge +38232.0ms] wheel_scroll_motion {"rawX":0,"rawY":186,"clippedX":0,"clippedY":46.244002883377455,"appliedX":0,"appliedY":25.156737568557336,"actualX":0,"actualY":25,"sensitivity":0.544,"currentZoomForScroll":1.0773867633847065,"maxScrollStep":46.244002883377455,"diagonal":false,"clipped":true}
[DebugBridge +38240.3ms] wheel_scroll_motion {"rawX":0,"rawY":92,"clippedX":0,"clippedY":46.244002883377455,"appliedX":0,"appliedY":25.156737568557336,"actualX":0,"actualY":25,"sensitivity":0.544,"currentZoomForScroll":1.0773867633847065,"maxScrollStep":46.244002883377455,"diagonal":false,"clipped":true}
[DebugBridge +38248.0ms] wheel_scroll_motion {"rawX":0,"rawY":90,"clippedX":0,"clippedY":46.244002883377455,"appliedX":0,"appliedY":25.156737568557336,"actualX":0,"actualY":25,"sensitivity":0.544,"currentZoomForScroll":1.0773867633847065,"maxScrollStep":46.244002883377455,"diagonal":false,"clipped":true}
[DebugBridge +38256.3ms] wheel_scroll_motion {"rawX":0,"rawY":86,"clippedX":0,"clippedY":46.244002883377455,"appliedX":0,"appliedY":25.156737568557336,"actualX":0,"actualY":25,"sensitivity":0.544,"currentZoomForScroll":1.0773867633847065,"maxScrollStep":46.244002883377455,"diagonal":false,"clipped":true}
[DebugBridge +38266.1ms] wheel_scroll_motion {"rawX":0,"rawY":86,"clippedX":0,"clippedY":46.244002883377455,"appliedX":0,"appliedY":25.156737568557336,"actualX":0,"actualY":25,"sensitivity":0.544,"currentZoomForScroll":1.0773867633847065,"maxScrollStep":46.244002883377455,"diagonal":false,"clipped":true}
[DebugBridge +38274.2ms] wheel_scroll_motion {"rawX":0,"rawY":82,"clippedX":0,"clippedY":46.244002883377455,"appliedX":0,"appliedY":25.156737568557336,"actualX":0,"actualY":25,"sensitivity":0.544,"currentZoomForScroll":1.0773867633847065,"maxScrollStep":46.244002883377455,"diagonal":false,"clipped":true}
[DebugBridge +38282.3ms] wheel_scroll_motion {"rawX":0,"rawY":80,"clippedX":0,"clippedY":46.244002883377455,"appliedX":0,"appliedY":25.156737568557336,"actualX":0,"actualY":25,"sensitivity":0.544,"currentZoomForScroll":1.0773867633847065,"maxScrollStep":46.244002883377455,"diagonal":false,"clipped":true}
[DebugBridge +38289.7ms] wheel_scroll_motion {"rawX":0,"rawY":76,"clippedX":0,"clippedY":46.244002883377455,"appliedX":0,"appliedY":25.156737568557336,"actualX":0,"actualY":25,"sensitivity":0.544,"currentZoomForScroll":1.0773867633847065,"maxScrollStep":46.244002883377455,"diagonal":false,"clipped":true}
[DebugBridge +38297.4ms] wheel_scroll_motion {"rawX":0,"rawY":76,"clippedX":0,"clippedY":46.244002883377455,"appliedX":0,"appliedY":25.156737568557336,"actualX":0,"actualY":25,"sensitivity":0.544,"currentZoomForScroll":1.0773867633847065,"maxScrollStep":46.244002883377455,"diagonal":false,"clipped":true}
[DebugBridge +38306.8ms] wheel_scroll_motion {"rawX":0,"rawY":72,"clippedX":0,"clippedY":46.244002883377455,"appliedX":0,"appliedY":25.156737568557336,"actualX":0,"actualY":25,"sensitivity":0.544,"currentZoomForScroll":1.0773867633847065,"maxScrollStep":46.244002883377455,"diagonal":false,"clipped":true}
[DebugBridge +38315.0ms] wheel_scroll_motion {"rawX":0,"rawY":68,"clippedX":0,"clippedY":46.244002883377455,"appliedX":0,"appliedY":25.156737568557336,"actualX":0,"actualY":25,"sensitivity":0.544,"currentZoomForScroll":1.0773867633847065,"maxScrollStep":46.244002883377455,"diagonal":false,"clipped":true}
[DebugBridge +38396.3ms] wheel_scroll_motion {"rawX":0,"rawY":68,"clippedX":0,"clippedY":46.244002883377455,"appliedX":0,"appliedY":25.156737568557336,"actualX":0,"actualY":25,"sensitivity":0.544,"currentZoomForScroll":1.0773867633847065,"maxScrollStep":46.244002883377455,"diagonal":false,"clipped":true}
[DebugBridge +38397.8ms] page_visit_start {"page":10,"pageCount":36,"revisited":true,"hasContainer":true,"hasPdfSurface":true,"spinnerVisible":false,"hasAnnotationOverlay":true,"ready":true}
[DebugBridge +38398.9ms] page_visit_ready {"page":10,"pageCount":36,"revisited":true,"waitMs":2,"hasContainer":true,"hasPdfSurface":true,"spinnerVisible":false,"hasAnnotationOverlay":true,"ready":true}
[DebugBridge +38404.6ms] wheel_scroll_motion {"rawX":0,"rawY":514,"clippedX":0,"clippedY":46.244002883377455,"appliedX":0,"appliedY":25.156737568557336,"actualX":0,"actualY":25,"sensitivity":0.544,"currentZoomForScroll":1.0773867633847065,"maxScrollStep":46.244002883377455,"diagonal":false,"clipped":true}
[DebugBridge +38409.2ms] wheel_scroll_motion {"rawX":0,"rawY":48,"clippedX":0,"clippedY":46.244002883377455,"appliedX":0,"appliedY":25.156737568557336,"actualX":0,"actualY":25,"sensitivity":0.544,"currentZoomForScroll":1.0773867633847065,"maxScrollStep":46.244002883377455,"diagonal":false,"clipped":true}
[DebugBridge +38490.4ms] wheel_scroll_motion {"rawX":0,"rawY":84,"clippedX":0,"clippedY":46.244002883377455,"appliedX":0,"appliedY":25.156737568557336,"actualX":0,"actualY":25,"sensitivity":0.544,"currentZoomForScroll":1.0773867633847065,"maxScrollStep":46.244002883377455,"diagonal":false,"clipped":true}
[DebugBridge +38573.1ms] wheel_scroll_motion {"rawX":178,"rawY":432,"clippedX":46.244002883377455,"clippedY":46.244002883377455,"appliedX":20.628524806217015,"appliedY":20.628524806217015,"actualX":20.5,"actualY":20.5,"sensitivity":0.44608000000000003,"currentZoomForScroll":1.0773867633847065,"maxScrollStep":46.244002883377455,"diagonal":true,"clipped":true}
[DebugBridge +38646.7ms] wheel_scroll_motion {"rawX":22,"rawY":56,"clippedX":22,"clippedY":46.244002883377455,"appliedX":9.81376,"appliedY":20.628524806217015,"actualX":9.5,"actualY":20.5,"sensitivity":0.44608000000000003,"currentZoomForScroll":1.0773867633847065,"maxScrollStep":46.244002883377455,"diagonal":true,"clipped":true}
[DebugBridge +38651.2ms] wheel_scroll_motion {"rawX":270,"rawY":700,"clippedX":46.244002883377455,"clippedY":46.244002883377455,"appliedX":20.628524806217015,"appliedY":20.628524806217015,"actualX":20.5,"actualY":20.5,"sensitivity":0.44608000000000003,"currentZoomForScroll":1.0773867633847065,"maxScrollStep":46.244002883377455,"diagonal":true,"clipped":true}
[DebugBridge +38656.5ms] wheel_scroll_motion {"rawX":30,"rawY":72,"clippedX":30,"clippedY":46.244002883377455,"appliedX":13.3824,"appliedY":20.628524806217015,"actualX":13,"actualY":20.5,"sensitivity":0.44608000000000003,"currentZoomForScroll":1.0773867633847065,"maxScrollStep":46.244002883377455,"diagonal":true,"clipped":true}
[DebugBridge +38665.9ms] wheel_scroll_motion {"rawX":30,"rawY":72,"clippedX":30,"clippedY":46.244002883377455,"appliedX":13.3824,"appliedY":20.628524806217015,"actualX":13,"actualY":20.5,"sensitivity":0.44608000000000003,"currentZoomForScroll":1.0773867633847065,"maxScrollStep":46.244002883377455,"diagonal":true,"clipped":true}
[DebugBridge +38673.0ms] wheel_scroll_motion {"rawX":26,"rawY":68,"clippedX":26,"clippedY":46.244002883377455,"appliedX":11.598080000000001,"appliedY":20.628524806217015,"actualX":11.5,"actualY":20.5,"sensitivity":0.44608000000000003,"currentZoomForScroll":1.0773867633847065,"maxScrollStep":46.244002883377455,"diagonal":true,"clipped":true}
[DebugBridge +38680.5ms] wheel_scroll_motion {"rawX":26,"rawY":68,"clippedX":26,"clippedY":46.244002883377455,"appliedX":11.598080000000001,"appliedY":20.628524806217015,"actualX":11.5,"actualY":20.5,"sensitivity":0.44608000000000003,"currentZoomForScroll":1.0773867633847065,"maxScrollStep":46.244002883377455,"diagonal":true,"clipped":true}
[DebugBridge +38689.9ms] wheel_scroll_motion {"rawX":24,"rawY":64,"clippedX":24,"clippedY":46.244002883377455,"appliedX":10.70592,"appliedY":20.628524806217015,"actualX":10.5,"actualY":20.5,"sensitivity":0.44608000000000003,"currentZoomForScroll":1.0773867633847065,"maxScrollStep":46.244002883377455,"diagonal":true,"clipped":true}
[DebugBridge +38699.1ms] wheel_scroll_motion {"rawX":22,"rawY":62,"clippedX":22,"clippedY":46.244002883377455,"appliedX":9.81376,"appliedY":20.628524806217015,"actualX":9.5,"actualY":20.5,"sensitivity":0.44608000000000003,"currentZoomForScroll":1.0773867633847065,"maxScrollStep":46.244002883377455,"diagonal":true,"clipped":true}
[DebugBridge +38707.1ms] wheel_scroll_motion {"rawX":22,"rawY":60,"clippedX":22,"clippedY":46.244002883377455,"appliedX":9.81376,"appliedY":20.628524806217015,"actualX":9.5,"actualY":20.5,"sensitivity":0.44608000000000003,"currentZoomForScroll":1.0773867633847065,"maxScrollStep":46.244002883377455,"diagonal":true,"clipped":true}
[DebugBridge +38723.1ms] wheel_scroll_motion {"rawX":22,"rawY":58,"clippedX":22,"clippedY":46.244002883377455,"appliedX":9.81376,"appliedY":20.628524806217015,"actualX":9.5,"actualY":20.5,"sensitivity":0.44608000000000003,"currentZoomForScroll":1.0773867633847065,"maxScrollStep":46.244002883377455,"diagonal":true,"clipped":true}
[DebugBridge +38732.0ms] wheel_scroll_motion {"rawX":22,"rawY":54,"clippedX":22,"clippedY":46.244002883377455,"appliedX":9.81376,"appliedY":20.628524806217015,"actualX":9.5,"actualY":20.5,"sensitivity":0.44608000000000003,"currentZoomForScroll":1.0773867633847065,"maxScrollStep":46.244002883377455,"diagonal":true,"clipped":true}
[DebugBridge +38740.1ms] wheel_scroll_motion {"rawX":20,"rawY":54,"clippedX":20,"clippedY":46.244002883377455,"appliedX":8.921600000000002,"appliedY":20.628524806217015,"actualX":8.5,"actualY":20.5,"sensitivity":0.44608000000000003,"currentZoomForScroll":1.0773867633847065,"maxScrollStep":46.244002883377455,"diagonal":true,"clipped":true}
[DebugBridge +38746.7ms] wheel_scroll_motion {"rawX":20,"rawY":52,"clippedX":20,"clippedY":46.244002883377455,"appliedX":8.921600000000002,"appliedY":20.628524806217015,"actualX":8.5,"actualY":20.5,"sensitivity":0.44608000000000003,"currentZoomForScroll":1.0773867633847065,"maxScrollStep":46.244002883377455,"diagonal":true,"clipped":true}
[DebugBridge +38757.4ms] wheel_scroll_motion {"rawX":18,"rawY":50,"clippedX":18,"clippedY":46.244002883377455,"appliedX":8.029440000000001,"appliedY":20.628524806217015,"actualX":8,"actualY":20.5,"sensitivity":0.44608000000000003,"currentZoomForScroll":1.0773867633847065,"maxScrollStep":46.244002883377455,"diagonal":true,"clipped":true}
[DebugBridge +38833.2ms] wheel_scroll_motion {"rawX":18,"rawY":48,"clippedX":18,"clippedY":46.244002883377455,"appliedX":8.029440000000001,"appliedY":20.628524806217015,"actualX":8,"actualY":20.5,"sensitivity":0.44608000000000003,"currentZoomForScroll":1.0773867633847065,"maxScrollStep":46.244002883377455,"diagonal":true,"clipped":true}
[DebugBridge +38838.3ms] wheel_scroll_motion {"rawX":32,"rawY":90,"clippedX":32,"clippedY":46.244002883377455,"appliedX":14.274560000000001,"appliedY":20.628524806217015,"actualX":14,"actualY":20.5,"sensitivity":0.44608000000000003,"currentZoomForScroll":1.0773867633847065,"maxScrollStep":46.244002883377455,"diagonal":true,"clipped":true}
[DebugBridge +38906.2ms] wheel_scroll_motion {"rawX":26,"rawY":-8,"clippedX":26,"clippedY":-8,"appliedX":14.4976,"appliedY":-4.4608,"actualX":13,"actualY":-4.5,"sensitivity":0.5576,"currentZoomForScroll":1.0773867633847065,"maxScrollStep":46.244002883377455,"diagonal":true,"clipped":false}
[DebugBridge +38914.5ms] wheel_scroll_motion {"rawX":28,"rawY":-10,"clippedX":28,"clippedY":-10,"appliedX":15.6128,"appliedY":-5.576,"actualX":0,"actualY":-6,"sensitivity":0.5576,"currentZoomForScroll":1.0773867633847065,"maxScrollStep":46.244002883377455,"diagonal":true,"clipped":false}
[DebugBridge +38923.8ms] wheel_scroll_motion {"rawX":20,"rawY":-10,"clippedX":20,"clippedY":-10,"appliedX":11.152,"appliedY":-5.576,"actualX":0,"actualY":-6,"sensitivity":0.5576,"currentZoomForScroll":1.0773867633847065,"maxScrollStep":46.244002883377455,"diagonal":true,"clipped":false}
[DebugBridge +38931.5ms] wheel_scroll_motion {"rawX":22,"rawY":-12,"clippedX":22,"clippedY":-12,"appliedX":12.267199999999999,"appliedY":-6.6912,"actualX":0,"actualY":-7,"sensitivity":0.5576,"currentZoomForScroll":1.0773867633847065,"maxScrollStep":46.244002883377455,"diagonal":true,"clipped":false}
[DebugBridge +38940.9ms] wheel_scroll_motion {"rawX":22,"rawY":-12,"clippedX":22,"clippedY":-12,"appliedX":12.267199999999999,"appliedY":-6.6912,"actualX":0,"actualY":-7,"sensitivity":0.5576,"currentZoomForScroll":1.0773867633847065,"maxScrollStep":46.244002883377455,"diagonal":true,"clipped":false}
[DebugBridge +38948.0ms] wheel_scroll_motion {"rawX":18,"rawY":-10,"clippedX":18,"clippedY":-10,"appliedX":10.0368,"appliedY":-5.576,"actualX":0,"actualY":-6,"sensitivity":0.5576,"currentZoomForScroll":1.0773867633847065,"maxScrollStep":46.244002883377455,"diagonal":true,"clipped":false}
[DebugBridge +38957.3ms] wheel_scroll_motion {"rawX":18,"rawY":-12,"clippedX":18,"clippedY":-12,"appliedX":10.0368,"appliedY":-6.6912,"actualX":0,"actualY":-7,"sensitivity":0.5576,"currentZoomForScroll":1.0773867633847065,"maxScrollStep":46.244002883377455,"diagonal":true,"clipped":false}
[DebugBridge +38965.3ms] wheel_scroll_motion {"rawX":16,"rawY":-14,"clippedX":16,"clippedY":-14,"appliedX":8.9216,"appliedY":-7.8064,"actualX":0,"actualY":-8,"sensitivity":0.5576,"currentZoomForScroll":1.0773867633847065,"maxScrollStep":46.244002883377455,"diagonal":true,"clipped":false}
[DebugBridge +38973.3ms] wheel_scroll_motion {"rawX":10,"rawY":-10,"clippedX":10,"clippedY":-10,"appliedX":5.576,"appliedY":-5.576,"actualX":0,"actualY":-6,"sensitivity":0.5576,"currentZoomForScroll":1.0773867633847065,"maxScrollStep":46.244002883377455,"diagonal":true,"clipped":false}
[DebugBridge +38981.0ms] wheel_scroll_motion {"rawX":14,"rawY":-8,"clippedX":14,"clippedY":-8,"appliedX":7.8064,"appliedY":-4.4608,"actualX":0,"actualY":-4.5,"sensitivity":0.5576,"currentZoomForScroll":1.0773867633847065,"maxScrollStep":46.244002883377455,"diagonal":true,"clipped":false}
[DebugBridge +38990.3ms] wheel_scroll_motion {"rawX":24,"rawY":-14,"clippedX":24,"clippedY":-14,"appliedX":13.3824,"appliedY":-7.8064,"actualX":0,"actualY":-8,"sensitivity":0.5576,"currentZoomForScroll":1.0773867633847065,"maxScrollStep":46.244002883377455,"diagonal":true,"clipped":false}
[DebugBridge +38998.0ms] wheel_scroll_motion {"rawX":62,"rawY":-32,"clippedX":46.244002883377455,"clippedY":-32,"appliedX":20.628524806217015,"appliedY":-14.274560000000001,"actualX":0,"actualY":-14.5,"sensitivity":0.44608000000000003,"currentZoomForScroll":1.0773867633847065,"maxScrollStep":46.244002883377455,"diagonal":true,"clipped":true}
[DebugBridge +39007.4ms] wheel_scroll_motion {"rawX":32,"rawY":-16,"clippedX":32,"clippedY":-16,"appliedX":17.8432,"appliedY":-8.9216,"actualX":0,"actualY":-9,"sensitivity":0.5576,"currentZoomForScroll":1.0773867633847065,"maxScrollStep":46.244002883377455,"diagonal":true,"clipped":false}
[DebugBridge +39015.1ms] wheel_scroll_motion {"rawX":34,"rawY":-16,"clippedX":34,"clippedY":-16,"appliedX":18.9584,"appliedY":-8.9216,"actualX":0,"actualY":-9,"sensitivity":0.5576,"currentZoomForScroll":1.0773867633847065,"maxScrollStep":46.244002883377455,"diagonal":true,"clipped":false}
[DebugBridge +39022.3ms] wheel_scroll_motion {"rawX":36,"rawY":-16,"clippedX":36,"clippedY":-16,"appliedX":20.0736,"appliedY":-8.9216,"actualX":0,"actualY":-9,"sensitivity":0.5576,"currentZoomForScroll":1.0773867633847065,"maxScrollStep":46.244002883377455,"diagonal":true,"clipped":false}
[DebugBridge +39031.0ms] wheel_scroll_motion {"rawX":40,"rawY":-18,"clippedX":40,"clippedY":-18,"appliedX":22.304,"appliedY":-10.0368,"actualX":0,"actualY":-10.5,"sensitivity":0.5576,"currentZoomForScroll":1.0773867633847065,"maxScrollStep":46.244002883377455,"diagonal":true,"clipped":false}
[DebugBridge +39040.6ms] wheel_scroll_motion {"rawX":38,"rawY":-18,"clippedX":38,"clippedY":-18,"appliedX":21.1888,"appliedY":-10.0368,"actualX":0,"actualY":-10.5,"sensitivity":0.5576,"currentZoomForScroll":1.0773867633847065,"maxScrollStep":46.244002883377455,"diagonal":true,"clipped":false}
[DebugBridge +39048.9ms] wheel_scroll_motion {"rawX":38,"rawY":-18,"clippedX":38,"clippedY":-18,"appliedX":21.1888,"appliedY":-10.0368,"actualX":0,"actualY":-10.5,"sensitivity":0.5576,"currentZoomForScroll":1.0773867633847065,"maxScrollStep":46.244002883377455,"diagonal":true,"clipped":false}
[DebugBridge +39056.9ms] wheel_scroll_motion {"rawX":38,"rawY":-16,"clippedX":38,"clippedY":-16,"appliedX":21.1888,"appliedY":-8.9216,"actualX":0,"actualY":-9,"sensitivity":0.5576,"currentZoomForScroll":1.0773867633847065,"maxScrollStep":46.244002883377455,"diagonal":true,"clipped":false}
[DebugBridge +39065.2ms] wheel_scroll_motion {"rawX":34,"rawY":-16,"clippedX":34,"clippedY":-16,"appliedX":18.9584,"appliedY":-8.9216,"actualX":0,"actualY":-9,"sensitivity":0.5576,"currentZoomForScroll":1.0773867633847065,"maxScrollStep":46.244002883377455,"diagonal":true,"clipped":false}
[DebugBridge +39072.4ms] wheel_scroll_motion {"rawX":34,"rawY":-16,"clippedX":34,"clippedY":-16,"appliedX":18.9584,"appliedY":-8.9216,"actualX":0,"actualY":-9,"sensitivity":0.5576,"currentZoomForScroll":1.0773867633847065,"maxScrollStep":46.244002883377455,"diagonal":true,"clipped":false}
[DebugBridge +39084.5ms] wheel_scroll_motion {"rawX":34,"rawY":-14,"clippedX":34,"clippedY":-14,"appliedX":18.9584,"appliedY":-7.8064,"actualX":0,"actualY":-8,"sensitivity":0.5576,"currentZoomForScroll":1.0773867633847065,"maxScrollStep":46.244002883377455,"diagonal":true,"clipped":false}
[DebugBridge +39091.0ms] wheel_scroll_motion {"rawX":30,"rawY":-14,"clippedX":30,"clippedY":-14,"appliedX":16.727999999999998,"appliedY":-7.8064,"actualX":0,"actualY":-8,"sensitivity":0.5576,"currentZoomForScroll":1.0773867633847065,"maxScrollStep":46.244002883377455,"diagonal":true,"clipped":false}
[DebugBridge +39098.0ms] wheel_scroll_motion {"rawX":30,"rawY":-14,"clippedX":30,"clippedY":-14,"appliedX":16.727999999999998,"appliedY":-7.8064,"actualX":0,"actualY":-8,"sensitivity":0.5576,"currentZoomForScroll":1.0773867633847065,"maxScrollStep":46.244002883377455,"diagonal":true,"clipped":false}
[DebugBridge +39107.4ms] wheel_scroll_motion {"rawX":30,"rawY":-14,"clippedX":30,"clippedY":-14,"appliedX":16.727999999999998,"appliedY":-7.8064,"actualX":0,"actualY":-8,"sensitivity":0.5576,"currentZoomForScroll":1.0773867633847065,"maxScrollStep":46.244002883377455,"diagonal":true,"clipped":false}
[DebugBridge +39115.5ms] wheel_scroll_motion {"rawX":28,"rawY":-12,"clippedX":28,"clippedY":-12,"appliedX":15.6128,"appliedY":-6.6912,"actualX":0,"actualY":-7,"sensitivity":0.5576,"currentZoomForScroll":1.0773867633847065,"maxScrollStep":46.244002883377455,"diagonal":true,"clipped":false}
[DebugBridge +39422.7ms] wheel_scroll_motion {"rawX":-52,"rawY":-12,"clippedX":-46.244002883377455,"clippedY":-12,"appliedX":-20.628524806217015,"appliedY":-5.35296,"actualX":-21,"actualY":-5.5,"sensitivity":0.44608000000000003,"currentZoomForScroll":1.0773867633847065,"maxScrollStep":46.244002883377455,"diagonal":true,"clipped":true}
[DebugBridge +39439.0ms] wheel_scroll_motion {"rawX":-560,"rawY":-146,"clippedX":-46.244002883377455,"clippedY":-46.244002883377455,"appliedX":-20.628524806217015,"appliedY":-20.628524806217015,"actualX":-21,"actualY":-21,"sensitivity":0.44608000000000003,"currentZoomForScroll":1.0773867633847065,"maxScrollStep":46.244002883377455,"diagonal":true,"clipped":true}
[DebugBridge +39619.6ms] wheel_scroll_motion {"rawX":84,"rawY":330,"clippedX":46.244002883377455,"clippedY":46.244002883377455,"appliedX":20.628524806217015,"appliedY":20.628524806217015,"actualX":20.5,"actualY":20.5,"sensitivity":0.44608000000000003,"currentZoomForScroll":1.0773867633847065,"maxScrollStep":46.244002883377455,"diagonal":true,"clipped":true}
[DebugBridge +39644.1ms] wheel_scroll_motion {"rawX":0,"rawY":50,"clippedX":0,"clippedY":46.244002883377455,"appliedX":0,"appliedY":25.156737568557336,"actualX":0,"actualY":25,"sensitivity":0.544,"currentZoomForScroll":1.0773867633847065,"maxScrollStep":46.244002883377455,"diagonal":false,"clipped":true}
[DebugBridge +39653.8ms] wheel_scroll_motion {"rawX":0,"rawY":54,"clippedX":0,"clippedY":46.244002883377455,"appliedX":0,"appliedY":25.156737568557336,"actualX":0,"actualY":25,"sensitivity":0.544,"currentZoomForScroll":1.0773867633847065,"maxScrollStep":46.244002883377455,"diagonal":false,"clipped":true}
[DebugBridge +39661.1ms] wheel_scroll_motion {"rawX":0,"rawY":116,"clippedX":0,"clippedY":46.244002883377455,"appliedX":0,"appliedY":25.156737568557336,"actualX":0,"actualY":25,"sensitivity":0.544,"currentZoomForScroll":1.0773867633847065,"maxScrollStep":46.244002883377455,"diagonal":false,"clipped":true}
[DebugBridge +39668.8ms] wheel_scroll_motion {"rawX":0,"rawY":56,"clippedX":0,"clippedY":46.244002883377455,"appliedX":0,"appliedY":25.156737568557336,"actualX":0,"actualY":25,"sensitivity":0.544,"currentZoomForScroll":1.0773867633847065,"maxScrollStep":46.244002883377455,"diagonal":false,"clipped":true}
[DebugBridge +39678.6ms] wheel_scroll_motion {"rawX":0,"rawY":62,"clippedX":0,"clippedY":46.244002883377455,"appliedX":0,"appliedY":25.156737568557336,"actualX":0,"actualY":25,"sensitivity":0.544,"currentZoomForScroll":1.0773867633847065,"maxScrollStep":46.244002883377455,"diagonal":false,"clipped":true}
[DebugBridge +39686.8ms] wheel_scroll_motion {"rawX":0,"rawY":64,"clippedX":0,"clippedY":46.244002883377455,"appliedX":0,"appliedY":25.156737568557336,"actualX":0,"actualY":25,"sensitivity":0.544,"currentZoomForScroll":1.0773867633847065,"maxScrollStep":46.244002883377455,"diagonal":false,"clipped":true}
[DebugBridge +39694.7ms] wheel_scroll_motion {"rawX":0,"rawY":60,"clippedX":0,"clippedY":46.244002883377455,"appliedX":0,"appliedY":25.156737568557336,"actualX":0,"actualY":25,"sensitivity":0.544,"currentZoomForScroll":1.0773867633847065,"maxScrollStep":46.244002883377455,"diagonal":false,"clipped":true}
[DebugBridge +39703.2ms] wheel_scroll_motion {"rawX":0,"rawY":58,"clippedX":0,"clippedY":46.244002883377455,"appliedX":0,"appliedY":25.156737568557336,"actualX":0,"actualY":25,"sensitivity":0.544,"currentZoomForScroll":1.0773867633847065,"maxScrollStep":46.244002883377455,"diagonal":false,"clipped":true}
[DebugBridge +39711.9ms] wheel_scroll_motion {"rawX":0,"rawY":56,"clippedX":0,"clippedY":46.244002883377455,"appliedX":0,"appliedY":25.156737568557336,"actualX":0,"actualY":25,"sensitivity":0.544,"currentZoomForScroll":1.0773867633847065,"maxScrollStep":46.244002883377455,"diagonal":false,"clipped":true}
[DebugBridge +39808.4ms] wheel_scroll_motion {"rawX":0,"rawY":54,"clippedX":0,"clippedY":46.244002883377455,"appliedX":0,"appliedY":25.156737568557336,"actualX":0,"actualY":25,"sensitivity":0.544,"currentZoomForScroll":1.0773867633847065,"maxScrollStep":46.244002883377455,"diagonal":false,"clipped":true}
[DebugBridge +39814.4ms] wheel_scroll_motion {"rawX":0,"rawY":150,"clippedX":0,"clippedY":46.244002883377455,"appliedX":0,"appliedY":25.156737568557336,"actualX":0,"actualY":25,"sensitivity":0.544,"currentZoomForScroll":1.0773867633847065,"maxScrollStep":46.244002883377455,"diagonal":false,"clipped":true}
[DebugBridge +39987.9ms] wheel_scroll_motion {"rawX":150,"rawY":-98,"clippedX":46.244002883377455,"clippedY":-46.244002883377455,"appliedX":20.628524806217015,"appliedY":-20.628524806217015,"actualX":20.5,"actualY":-21,"sensitivity":0.44608000000000003,"currentZoomForScroll":1.0773867633847065,"maxScrollStep":46.244002883377455,"diagonal":true,"clipped":true}
[DebugBridge +40003.2ms] wheel_scroll_motion {"rawX":82,"rawY":-54,"clippedX":46.244002883377455,"clippedY":-46.244002883377455,"appliedX":20.628524806217015,"appliedY":-20.628524806217015,"actualX":20.5,"actualY":-21,"sensitivity":0.44608000000000003,"currentZoomForScroll":1.0773867633847065,"maxScrollStep":46.244002883377455,"diagonal":true,"clipped":true}
[DebugBridge +40020.5ms] wheel_scroll_motion {"rawX":30,"rawY":-18,"clippedX":30,"clippedY":-18,"appliedX":16.727999999999998,"appliedY":-10.0368,"actualX":11,"actualY":-10.5,"sensitivity":0.5576,"currentZoomForScroll":1.0773867633847065,"maxScrollStep":46.244002883377455,"diagonal":true,"clipped":false}
[DebugBridge +40027.3ms] wheel_scroll_motion {"rawX":32,"rawY":-22,"clippedX":32,"clippedY":-22,"appliedX":17.8432,"appliedY":-12.267199999999999,"actualX":0,"actualY":-12.5,"sensitivity":0.5576,"currentZoomForScroll":1.0773867633847065,"maxScrollStep":46.244002883377455,"diagonal":true,"clipped":false}
[DebugBridge +40036.7ms] wheel_scroll_motion {"rawX":34,"rawY":-22,"clippedX":34,"clippedY":-22,"appliedX":18.9584,"appliedY":-12.267199999999999,"actualX":0,"actualY":-12.5,"sensitivity":0.5576,"currentZoomForScroll":1.0773867633847065,"maxScrollStep":46.244002883377455,"diagonal":true,"clipped":false}
[DebugBridge +40045.0ms] wheel_scroll_motion {"rawX":34,"rawY":-22,"clippedX":34,"clippedY":-22,"appliedX":18.9584,"appliedY":-12.267199999999999,"actualX":0,"actualY":-12.5,"sensitivity":0.5576,"currentZoomForScroll":1.0773867633847065,"maxScrollStep":46.244002883377455,"diagonal":true,"clipped":false}
[DebugBridge +40052.1ms] wheel_scroll_motion {"rawX":30,"rawY":-20,"clippedX":30,"clippedY":-20,"appliedX":16.727999999999998,"appliedY":-11.152,"actualX":0,"actualY":-11.5,"sensitivity":0.5576,"currentZoomForScroll":1.0773867633847065,"maxScrollStep":46.244002883377455,"diagonal":true,"clipped":false}
[DebugBridge +40061.4ms] wheel_scroll_motion {"rawX":30,"rawY":-20,"clippedX":30,"clippedY":-20,"appliedX":16.727999999999998,"appliedY":-11.152,"actualX":0,"actualY":-11.5,"sensitivity":0.5576,"currentZoomForScroll":1.0773867633847065,"maxScrollStep":46.244002883377455,"diagonal":true,"clipped":false}
[DebugBridge +40068.1ms] wheel_scroll_motion {"rawX":30,"rawY":-18,"clippedX":30,"clippedY":-18,"appliedX":16.727999999999998,"appliedY":-10.0368,"actualX":0,"actualY":-10.5,"sensitivity":0.5576,"currentZoomForScroll":1.0773867633847065,"maxScrollStep":46.244002883377455,"diagonal":true,"clipped":false}
[DebugBridge +40078.8ms] wheel_scroll_motion {"rawX":26,"rawY":-16,"clippedX":26,"clippedY":-16,"appliedX":14.4976,"appliedY":-8.9216,"actualX":0,"actualY":-9,"sensitivity":0.5576,"currentZoomForScroll":1.0773867633847065,"maxScrollStep":46.244002883377455,"diagonal":true,"clipped":false}
[DebugBridge +40085.6ms] wheel_scroll_motion {"rawX":26,"rawY":-16,"clippedX":26,"clippedY":-16,"appliedX":14.4976,"appliedY":-8.9216,"actualX":0,"actualY":-9,"sensitivity":0.5576,"currentZoomForScroll":1.0773867633847065,"maxScrollStep":46.244002883377455,"diagonal":true,"clipped":false}
[DebugBridge +40094.7ms] wheel_scroll_motion {"rawX":24,"rawY":-16,"clippedX":24,"clippedY":-16,"appliedX":13.3824,"appliedY":-8.9216,"actualX":0,"actualY":-9,"sensitivity":0.5576,"currentZoomForScroll":1.0773867633847065,"maxScrollStep":46.244002883377455,"diagonal":true,"clipped":false}
[DebugBridge +40101.3ms] wheel_scroll_motion {"rawX":22,"rawY":-16,"clippedX":22,"clippedY":-16,"appliedX":12.267199999999999,"appliedY":-8.9216,"actualX":0,"actualY":-9,"sensitivity":0.5576,"currentZoomForScroll":1.0773867633847065,"maxScrollStep":46.244002883377455,"diagonal":true,"clipped":false}
[DebugBridge +40112.0ms] wheel_scroll_motion {"rawX":22,"rawY":-16,"clippedX":22,"clippedY":-16,"appliedX":12.267199999999999,"appliedY":-8.9216,"actualX":0,"actualY":-9,"sensitivity":0.5576,"currentZoomForScroll":1.0773867633847065,"maxScrollStep":46.244002883377455,"diagonal":true,"clipped":false}
[DebugBridge +40118.1ms] wheel_scroll_motion {"rawX":22,"rawY":-14,"clippedX":22,"clippedY":-14,"appliedX":12.267199999999999,"appliedY":-7.8064,"actualX":0,"actualY":-8,"sensitivity":0.5576,"currentZoomForScroll":1.0773867633847065,"maxScrollStep":46.244002883377455,"diagonal":true,"clipped":false}
[DebugBridge +40128.6ms] wheel_scroll_motion {"rawX":22,"rawY":-14,"clippedX":22,"clippedY":-14,"appliedX":12.267199999999999,"appliedY":-7.8064,"actualX":0,"actualY":-8,"sensitivity":0.5576,"currentZoomForScroll":1.0773867633847065,"maxScrollStep":46.244002883377455,"diagonal":true,"clipped":false}
[DebugBridge +40136.3ms] wheel_scroll_motion {"rawX":20,"rawY":-14,"clippedX":20,"clippedY":-14,"appliedX":11.152,"appliedY":-7.8064,"actualX":0,"actualY":-8,"sensitivity":0.5576,"currentZoomForScroll":1.0773867633847065,"maxScrollStep":46.244002883377455,"diagonal":true,"clipped":false}
[DebugBridge +40143.7ms] wheel_scroll_motion {"rawX":20,"rawY":-14,"clippedX":20,"clippedY":-14,"appliedX":11.152,"appliedY":-7.8064,"actualX":0,"actualY":-8,"sensitivity":0.5576,"currentZoomForScroll":1.0773867633847065,"maxScrollStep":46.244002883377455,"diagonal":true,"clipped":false}
[DebugBridge +40153.0ms] wheel_scroll_motion {"rawX":18,"rawY":-12,"clippedX":18,"clippedY":-12,"appliedX":10.0368,"appliedY":-6.6912,"actualX":0,"actualY":-7,"sensitivity":0.5576,"currentZoomForScroll":1.0773867633847065,"maxScrollStep":46.244002883377455,"diagonal":true,"clipped":false}
[DebugBridge +40159.7ms] wheel_scroll_motion {"rawX":18,"rawY":-12,"clippedX":18,"clippedY":-12,"appliedX":10.0368,"appliedY":-6.6912,"actualX":0,"actualY":-7,"sensitivity":0.5576,"currentZoomForScroll":1.0773867633847065,"maxScrollStep":46.244002883377455,"diagonal":true,"clipped":false}
[DebugBridge +40170.3ms] wheel_scroll_motion {"rawX":16,"rawY":-10,"clippedX":16,"clippedY":-10,"appliedX":8.9216,"appliedY":-5.576,"actualX":0,"actualY":-6,"sensitivity":0.5576,"currentZoomForScroll":1.0773867633847065,"maxScrollStep":46.244002883377455,"diagonal":true,"clipped":false}
[DebugBridge +40177.3ms] wheel_scroll_motion {"rawX":16,"rawY":-10,"clippedX":16,"clippedY":-10,"appliedX":8.9216,"appliedY":-5.576,"actualX":0,"actualY":-6,"sensitivity":0.5576,"currentZoomForScroll":1.0773867633847065,"maxScrollStep":46.244002883377455,"diagonal":true,"clipped":false}
[DebugBridge +40382.1ms] zoom_wheel_request {"rawDeltaY":5.523009777069092,"reportedZoom":107,"trustedReactZoom":107.73867633847065,"currentZoom":107.73867633847065,"reportedCurrentZoom":107,"nextZoom":108.81509320091986,"requestedDeltaAbs":1.0764168624492072,"reportedLagAbs":0.7386763384706541,"rawGetZoomValue":107,"rawViewerZoomValue":107,"rawMagnificationZoom":null,"correctedSuspiciousZoom":false}
[DebugBridge +40382.3ms] zoom_start {"scale":1.0773867633847065,"source":"overlay_wheel_zoom_pre","reportedScale":1.07,"correctedSuspiciousZoom":false}
[DebugBridge +40468.0ms] zoom_wheel_request {"rawDeltaY":95.10711669921875,"reportedZoom":108,"trustedReactZoom":108.81509320091986,"currentZoom":108.81509320091986,"reportedCurrentZoom":108,"nextZoom":129.13299717742723,"requestedDeltaAbs":20.317903976507367,"reportedLagAbs":0.8150932009198613,"rawGetZoomValue":108,"rawViewerZoomValue":108,"rawMagnificationZoom":null,"correctedSuspiciousZoom":false}
[DebugBridge +40502.2ms] zoom_wheel_request {"rawDeltaY":37.66122817993164,"reportedZoom":129,"trustedReactZoom":129.13299717742723,"currentZoom":129.13299717742723,"reportedCurrentZoom":129,"nextZoom":138.1904864352885,"requestedDeltaAbs":9.057489257861278,"reportedLagAbs":0.13299717742722805,"rawGetZoomValue":129,"rawViewerZoomValue":129,"rawMagnificationZoom":null,"correctedSuspiciousZoom":false}
[DebugBridge +40987.1ms] wheel_scroll_motion {"rawX":-180,"rawY":-24,"clippedX":-40.83214214671015,"clippedY":-24,"appliedX":-18.214401968804463,"appliedY":-10.70592,"actualX":-18.5,"actualY":-11,"sensitivity":0.44608000000000003,"currentZoomForScroll":1.381904864352885,"maxScrollStep":40.83214214671015,"diagonal":true,"clipped":true}
[DebugBridge +41044.4ms] wheel_scroll_motion {"rawX":-76,"rawY":0,"clippedX":-40.83214214671015,"clippedY":0,"appliedX":-22.212685327810323,"appliedY":0,"actualX":-22.5,"actualY":0,"sensitivity":0.544,"currentZoomForScroll":1.381904864352885,"maxScrollStep":40.83214214671015,"diagonal":false,"clipped":true}
[DebugBridge +41078.2ms] wheel_scroll_motion {"rawX":-48,"rawY":0,"clippedX":-40.83214214671015,"clippedY":0,"appliedX":-22.212685327810323,"appliedY":0,"actualX":-22.5,"actualY":0,"sensitivity":0.544,"currentZoomForScroll":1.381904864352885,"maxScrollStep":40.83214214671015,"diagonal":false,"clipped":true}
[DebugBridge +41086.3ms] wheel_scroll_motion {"rawX":-46,"rawY":0,"clippedX":-40.83214214671015,"clippedY":0,"appliedX":-22.212685327810323,"appliedY":0,"actualX":-22.5,"actualY":0,"sensitivity":0.544,"currentZoomForScroll":1.381904864352885,"maxScrollStep":40.83214214671015,"diagonal":false,"clipped":true}
[DebugBridge +41094.5ms] wheel_scroll_motion {"rawX":-44,"rawY":0,"clippedX":-40.83214214671015,"clippedY":0,"appliedX":-22.212685327810323,"appliedY":0,"actualX":-22.5,"actualY":0,"sensitivity":0.544,"currentZoomForScroll":1.381904864352885,"maxScrollStep":40.83214214671015,"diagonal":false,"clipped":true}
[DebugBridge +41103.4ms] wheel_scroll_motion {"rawX":-44,"rawY":0,"clippedX":-40.83214214671015,"clippedY":0,"appliedX":-22.212685327810323,"appliedY":0,"actualX":-22.5,"actualY":0,"sensitivity":0.544,"currentZoomForScroll":1.381904864352885,"maxScrollStep":40.83214214671015,"diagonal":false,"clipped":true}
[DebugBridge +41111.2ms] wheel_scroll_motion {"rawX":-42,"rawY":0,"clippedX":-40.83214214671015,"clippedY":0,"appliedX":-22.212685327810323,"appliedY":0,"actualX":-22.5,"actualY":0,"sensitivity":0.544,"currentZoomForScroll":1.381904864352885,"maxScrollStep":40.83214214671015,"diagonal":false,"clipped":true}
[DebugBridge +41245.2ms] wheel_scroll_motion {"rawX":20,"rawY":56,"clippedX":20,"clippedY":40.83214214671015,"appliedX":8.921600000000002,"appliedY":18.214401968804463,"actualX":8.5,"actualY":18,"sensitivity":0.44608000000000003,"currentZoomForScroll":1.381904864352885,"maxScrollStep":40.83214214671015,"diagonal":true,"clipped":true}
[DebugBridge +41252.2ms] wheel_scroll_motion {"rawX":12,"rawY":44,"clippedX":12,"clippedY":40.83214214671015,"appliedX":5.35296,"appliedY":18.214401968804463,"actualX":5,"actualY":18,"sensitivity":0.44608000000000003,"currentZoomForScroll":1.381904864352885,"maxScrollStep":40.83214214671015,"diagonal":true,"clipped":true}
[DebugBridge +41327.3ms] wheel_scroll_motion {"rawX":14,"rawY":50,"clippedX":14,"clippedY":40.83214214671015,"appliedX":6.24512,"appliedY":18.214401968804463,"actualX":6,"actualY":18,"sensitivity":0.44608000000000003,"currentZoomForScroll":1.381904864352885,"maxScrollStep":40.83214214671015,"diagonal":true,"clipped":true}
[DebugBridge +41331.9ms] wheel_scroll_motion {"rawX":52,"rawY":216,"clippedX":40.83214214671015,"clippedY":40.83214214671015,"appliedX":18.214401968804463,"appliedY":18.214401968804463,"actualX":18,"actualY":18,"sensitivity":0.44608000000000003,"currentZoomForScroll":1.381904864352885,"maxScrollStep":40.83214214671015,"diagonal":true,"clipped":true}
[DebugBridge +41336.5ms] wheel_scroll_motion {"rawX":14,"rawY":80,"clippedX":14,"clippedY":40.83214214671015,"appliedX":6.24512,"appliedY":18.214401968804463,"actualX":6,"actualY":18,"sensitivity":0.44608000000000003,"currentZoomForScroll":1.381904864352885,"maxScrollStep":40.83214214671015,"diagonal":true,"clipped":true}
[DebugBridge +41426.4ms] wheel_scroll_motion {"rawX":90,"rawY":476,"clippedX":40.83214214671015,"clippedY":40.83214214671015,"appliedX":18.214401968804463,"appliedY":18.214401968804463,"actualX":18,"actualY":18,"sensitivity":0.44608000000000003,"currentZoomForScroll":1.381904864352885,"maxScrollStep":40.83214214671015,"diagonal":true,"clipped":true}
[DebugBridge +41444.3ms] wheel_scroll_motion {"rawX":204,"rawY":926,"clippedX":40.83214214671015,"clippedY":40.83214214671015,"appliedX":18.214401968804463,"appliedY":18.214401968804463,"actualX":18,"actualY":18,"sensitivity":0.44608000000000003,"currentZoomForScroll":1.381904864352885,"maxScrollStep":40.83214214671015,"diagonal":true,"clipped":true}
[DebugBridge +41449.1ms] wheel_scroll_motion {"rawX":28,"rawY":138,"clippedX":28,"clippedY":40.83214214671015,"appliedX":12.49024,"appliedY":18.214401968804463,"actualX":12,"actualY":18,"sensitivity":0.44608000000000003,"currentZoomForScroll":1.381904864352885,"maxScrollStep":40.83214214671015,"diagonal":true,"clipped":true}
[DebugBridge +41453.7ms] wheel_scroll_motion {"rawX":14,"rawY":64,"clippedX":14,"clippedY":40.83214214671015,"appliedX":6.24512,"appliedY":18.214401968804463,"actualX":6,"actualY":18,"sensitivity":0.44608000000000003,"currentZoomForScroll":1.381904864352885,"maxScrollStep":40.83214214671015,"diagonal":true,"clipped":true}
[DebugBridge +41603.4ms] wheel_scroll_motion {"rawX":12,"rawY":64,"clippedX":12,"clippedY":40.83214214671015,"appliedX":5.35296,"appliedY":18.214401968804463,"actualX":5,"actualY":18,"sensitivity":0.44608000000000003,"currentZoomForScroll":1.381904864352885,"maxScrollStep":40.83214214671015,"diagonal":true,"clipped":true}
[DebugBridge +41616.0ms] wheel_scroll_motion {"rawX":102,"rawY":564,"clippedX":40.83214214671015,"clippedY":40.83214214671015,"appliedX":18.214401968804463,"appliedY":18.214401968804463,"actualX":18,"actualY":18,"sensitivity":0.44608000000000003,"currentZoomForScroll":1.381904864352885,"maxScrollStep":40.83214214671015,"diagonal":true,"clipped":true}
[DebugBridge +41625.8ms] zoom_end {"source":"zoomChange_settle"}
[DebugBridge +41730.1ms] wheel_scroll_motion {"rawX":72,"rawY":314,"clippedX":40.83214214671015,"clippedY":40.83214214671015,"appliedX":18.214401968804463,"appliedY":18.214401968804463,"actualX":18,"actualY":18,"sensitivity":0.44608000000000003,"currentZoomForScroll":1.381904864352885,"maxScrollStep":40.83214214671015,"diagonal":true,"clipped":true}
[DebugBridge +41929.5ms] wheel_scroll_motion {"rawX":16,"rawY":86,"clippedX":16,"clippedY":40.83214214671015,"appliedX":7.1372800000000005,"appliedY":18.214401968804463,"actualX":7,"actualY":18,"sensitivity":0.44608000000000003,"currentZoomForScroll":1.381904864352885,"maxScrollStep":40.83214214671015,"diagonal":true,"clipped":true}
[DebugBridge +41937.6ms] wheel_scroll_motion {"rawX":0,"rawY":52,"clippedX":0,"clippedY":40.83214214671015,"appliedX":0,"appliedY":22.212685327810323,"actualX":0,"actualY":22,"sensitivity":0.544,"currentZoomForScroll":1.381904864352885,"maxScrollStep":40.83214214671015,"diagonal":false,"clipped":true}
[DebugBridge +42022.6ms] wheel_scroll_motion {"rawX":0,"rawY":1318,"clippedX":0,"clippedY":40.83214214671015,"appliedX":0,"appliedY":22.212685327810323,"actualX":0,"actualY":22,"sensitivity":0.544,"currentZoomForScroll":1.381904864352885,"maxScrollStep":40.83214214671015,"diagonal":false,"clipped":true}
[DebugBridge +42032.6ms] wheel_scroll_motion {"rawX":0,"rawY":86,"clippedX":0,"clippedY":40.83214214671015,"appliedX":0,"appliedY":22.212685327810323,"actualX":0,"actualY":22,"sensitivity":0.544,"currentZoomForScroll":1.381904864352885,"maxScrollStep":40.83214214671015,"diagonal":false,"clipped":true}
[DebugBridge +42146.2ms] wheel_scroll_motion {"rawX":252,"rawY":-160,"clippedX":40.83214214671015,"clippedY":-40.83214214671015,"appliedX":18.214401968804463,"appliedY":-18.214401968804463,"actualX":18,"actualY":-18.5,"sensitivity":0.44608000000000003,"currentZoomForScroll":1.381904864352885,"maxScrollStep":40.83214214671015,"diagonal":true,"clipped":true}
[DebugBridge +42250.5ms] wheel_scroll_motion {"rawX":428,"rawY":-330,"clippedX":40.83214214671015,"clippedY":-40.83214214671015,"appliedX":18.214401968804463,"appliedY":-18.214401968804463,"actualX":18,"actualY":-18.5,"sensitivity":0.44608000000000003,"currentZoomForScroll":1.381904864352885,"maxScrollStep":40.83214214671015,"diagonal":true,"clipped":true}
[DebugBridge +42347.0ms] wheel_scroll_motion {"rawX":128,"rawY":-94,"clippedX":40.83214214671015,"clippedY":-40.83214214671015,"appliedX":18.214401968804463,"appliedY":-18.214401968804463,"actualX":18,"actualY":-18.5,"sensitivity":0.44608000000000003,"currentZoomForScroll":1.381904864352885,"maxScrollStep":40.83214214671015,"diagonal":true,"clipped":true}
[DebugBridge +42581.9ms] wheel_scroll_motion {"rawX":-68,"rawY":520,"clippedX":-40.83214214671015,"clippedY":40.83214214671015,"appliedX":-18.214401968804463,"appliedY":18.214401968804463,"actualX":-18.5,"actualY":18,"sensitivity":0.44608000000000003,"currentZoomForScroll":1.381904864352885,"maxScrollStep":40.83214214671015,"diagonal":true,"clipped":true}
[DebugBridge +42586.1ms] wheel_scroll_motion {"rawX":0,"rawY":52,"clippedX":0,"clippedY":40.83214214671015,"appliedX":0,"appliedY":22.212685327810323,"actualX":0,"actualY":22,"sensitivity":0.544,"currentZoomForScroll":1.381904864352885,"maxScrollStep":40.83214214671015,"diagonal":false,"clipped":true}
[DebugBridge +42596.6ms] wheel_scroll_motion {"rawX":0,"rawY":204,"clippedX":0,"clippedY":40.83214214671015,"appliedX":0,"appliedY":22.212685327810323,"actualX":0,"actualY":22,"sensitivity":0.544,"currentZoomForScroll":1.381904864352885,"maxScrollStep":40.83214214671015,"diagonal":false,"clipped":true}
[DebugBridge +42602.6ms] wheel_scroll_motion {"rawX":0,"rawY":70,"clippedX":0,"clippedY":40.83214214671015,"appliedX":0,"appliedY":22.212685327810323,"actualX":0,"actualY":22,"sensitivity":0.544,"currentZoomForScroll":1.381904864352885,"maxScrollStep":40.83214214671015,"diagonal":false,"clipped":true}
[DebugBridge +42610.2ms] wheel_scroll_motion {"rawX":0,"rawY":70,"clippedX":0,"clippedY":40.83214214671015,"appliedX":0,"appliedY":22.212685327810323,"actualX":0,"actualY":22,"sensitivity":0.544,"currentZoomForScroll":1.381904864352885,"maxScrollStep":40.83214214671015,"diagonal":false,"clipped":true}
[DebugBridge +42619.7ms] wheel_scroll_motion {"rawX":0,"rawY":78,"clippedX":0,"clippedY":40.83214214671015,"appliedX":0,"appliedY":22.212685327810323,"actualX":0,"actualY":22,"sensitivity":0.544,"currentZoomForScroll":1.381904864352885,"maxScrollStep":40.83214214671015,"diagonal":false,"clipped":true}
[DebugBridge +42627.8ms] wheel_scroll_motion {"rawX":0,"rawY":72,"clippedX":0,"clippedY":40.83214214671015,"appliedX":0,"appliedY":22.212685327810323,"actualX":0,"actualY":22,"sensitivity":0.544,"currentZoomForScroll":1.381904864352885,"maxScrollStep":40.83214214671015,"diagonal":false,"clipped":true}
[DebugBridge +42635.7ms] wheel_scroll_motion {"rawX":0,"rawY":72,"clippedX":0,"clippedY":40.83214214671015,"appliedX":0,"appliedY":22.212685327810323,"actualX":0,"actualY":22,"sensitivity":0.544,"currentZoomForScroll":1.381904864352885,"maxScrollStep":40.83214214671015,"diagonal":false,"clipped":true}
[DebugBridge +42644.3ms] wheel_scroll_motion {"rawX":0,"rawY":72,"clippedX":0,"clippedY":40.83214214671015,"appliedX":0,"appliedY":22.212685327810323,"actualX":0,"actualY":22,"sensitivity":0.544,"currentZoomForScroll":1.381904864352885,"maxScrollStep":40.83214214671015,"diagonal":false,"clipped":true}
[DebugBridge +42652.3ms] wheel_scroll_motion {"rawX":0,"rawY":68,"clippedX":0,"clippedY":40.83214214671015,"appliedX":0,"appliedY":22.212685327810323,"actualX":0,"actualY":22,"sensitivity":0.544,"currentZoomForScroll":1.381904864352885,"maxScrollStep":40.83214214671015,"diagonal":false,"clipped":true}
[DebugBridge +42660.1ms] wheel_scroll_motion {"rawX":0,"rawY":64,"clippedX":0,"clippedY":40.83214214671015,"appliedX":0,"appliedY":22.212685327810323,"actualX":0,"actualY":22,"sensitivity":0.544,"currentZoomForScroll":1.381904864352885,"maxScrollStep":40.83214214671015,"diagonal":false,"clipped":true}
[DebugBridge +42669.4ms] wheel_scroll_motion {"rawX":0,"rawY":64,"clippedX":0,"clippedY":40.83214214671015,"appliedX":0,"appliedY":22.212685327810323,"actualX":0,"actualY":22,"sensitivity":0.544,"currentZoomForScroll":1.381904864352885,"maxScrollStep":40.83214214671015,"diagonal":false,"clipped":true}
[DebugBridge +42759.4ms] wheel_scroll_motion {"rawX":0,"rawY":60,"clippedX":0,"clippedY":40.83214214671015,"appliedX":0,"appliedY":22.212685327810323,"actualX":0,"actualY":22,"sensitivity":0.544,"currentZoomForScroll":1.381904864352885,"maxScrollStep":40.83214214671015,"diagonal":false,"clipped":true}
[DebugBridge +42766.0ms] wheel_scroll_motion {"rawX":0,"rawY":462,"clippedX":0,"clippedY":40.83214214671015,"appliedX":0,"appliedY":22.212685327810323,"actualX":0,"actualY":22,"sensitivity":0.544,"currentZoomForScroll":1.381904864352885,"maxScrollStep":40.83214214671015,"diagonal":false,"clipped":true}
[DebugBridge +42944.0ms] wheel_scroll_motion {"rawX":154,"rawY":172,"clippedX":40.83214214671015,"clippedY":40.83214214671015,"appliedX":18.214401968804463,"appliedY":18.214401968804463,"actualX":18,"actualY":18,"sensitivity":0.44608000000000003,"currentZoomForScroll":1.381904864352885,"maxScrollStep":40.83214214671015,"diagonal":true,"clipped":true}
[DebugBridge +43109.6ms] wheel_scroll_motion {"rawX":196,"rawY":248,"clippedX":40.83214214671015,"clippedY":40.83214214671015,"appliedX":18.214401968804463,"appliedY":18.214401968804463,"actualX":18,"actualY":18,"sensitivity":0.44608000000000003,"currentZoomForScroll":1.381904864352885,"maxScrollStep":40.83214214671015,"diagonal":true,"clipped":true}
[DebugBridge +43316.2ms] wheel_scroll_motion {"rawX":286,"rawY":-28,"clippedX":40.83214214671015,"clippedY":-28,"appliedX":18.214401968804463,"appliedY":-12.49024,"actualX":18,"actualY":-12.5,"sensitivity":0.44608000000000003,"currentZoomForScroll":1.381904864352885,"maxScrollStep":40.83214214671015,"diagonal":true,"clipped":true}
[DebugBridge +43394.5ms] wheel_scroll_motion {"rawX":48,"rawY":0,"clippedX":40.83214214671015,"clippedY":0,"appliedX":22.212685327810323,"appliedY":0,"actualX":22,"actualY":0,"sensitivity":0.544,"currentZoomForScroll":1.381904864352885,"maxScrollStep":40.83214214671015,"diagonal":false,"clipped":true}
[DebugBridge +43402.5ms] wheel_scroll_motion {"rawX":46,"rawY":0,"clippedX":40.83214214671015,"clippedY":0,"appliedX":22.212685327810323,"appliedY":0,"actualX":18.5,"actualY":0,"sensitivity":0.544,"currentZoomForScroll":1.381904864352885,"maxScrollStep":40.83214214671015,"diagonal":false,"clipped":true}
[DebugBridge +43411.5ms] wheel_scroll_motion {"rawX":44,"rawY":0,"clippedX":40.83214214671015,"clippedY":0,"appliedX":22.212685327810323,"appliedY":0,"actualX":0,"actualY":0,"sensitivity":0.544,"currentZoomForScroll":1.381904864352885,"maxScrollStep":40.83214214671015,"diagonal":false,"clipped":true}
[DebugBridge +43419.4ms] wheel_scroll_motion {"rawX":44,"rawY":0,"clippedX":40.83214214671015,"clippedY":0,"appliedX":22.212685327810323,"appliedY":0,"actualX":0,"actualY":0,"sensitivity":0.544,"currentZoomForScroll":1.381904864352885,"maxScrollStep":40.83214214671015,"diagonal":false,"clipped":true}
[DebugBridge +43428.3ms] wheel_scroll_motion {"rawX":42,"rawY":0,"clippedX":40.83214214671015,"clippedY":0,"appliedX":22.212685327810323,"appliedY":0,"actualX":0,"actualY":0,"sensitivity":0.544,"currentZoomForScroll":1.381904864352885,"maxScrollStep":40.83214214671015,"diagonal":false,"clipped":true}
[DebugBridge +43436.0ms] wheel_scroll_motion {"rawX":38,"rawY":0,"clippedX":38,"clippedY":0,"appliedX":25.840000000000003,"appliedY":0,"actualX":0,"actualY":0,"sensitivity":0.68,"currentZoomForScroll":1.381904864352885,"maxScrollStep":40.83214214671015,"diagonal":false,"clipped":false}
[DebugBridge +43444.4ms] wheel_scroll_motion {"rawX":38,"rawY":0,"clippedX":38,"clippedY":0,"appliedX":25.840000000000003,"appliedY":0,"actualX":0,"actualY":0,"sensitivity":0.68,"currentZoomForScroll":1.381904864352885,"maxScrollStep":40.83214214671015,"diagonal":false,"clipped":false}
[DebugBridge +43453.3ms] wheel_scroll_motion {"rawX":38,"rawY":0,"clippedX":38,"clippedY":0,"appliedX":25.840000000000003,"appliedY":0,"actualX":0,"actualY":0,"sensitivity":0.68,"currentZoomForScroll":1.381904864352885,"maxScrollStep":40.83214214671015,"diagonal":false,"clipped":false}
[DebugBridge +43461.0ms] wheel_scroll_motion {"rawX":36,"rawY":0,"clippedX":36,"clippedY":0,"appliedX":24.48,"appliedY":0,"actualX":0,"actualY":0,"sensitivity":0.68,"currentZoomForScroll":1.381904864352885,"maxScrollStep":40.83214214671015,"diagonal":false,"clipped":false}
[DebugBridge +43469.9ms] wheel_scroll_motion {"rawX":34,"rawY":0,"clippedX":34,"clippedY":0,"appliedX":23.12,"appliedY":0,"actualX":0,"actualY":0,"sensitivity":0.68,"currentZoomForScroll":1.381904864352885,"maxScrollStep":40.83214214671015,"diagonal":false,"clipped":false}
[DebugBridge +43476.9ms] wheel_scroll_motion {"rawX":34,"rawY":0,"clippedX":34,"clippedY":0,"appliedX":23.12,"appliedY":0,"actualX":0,"actualY":0,"sensitivity":0.68,"currentZoomForScroll":1.381904864352885,"maxScrollStep":40.83214214671015,"diagonal":false,"clipped":false}
[DebugBridge +43486.7ms] wheel_scroll_motion {"rawX":30,"rawY":0,"clippedX":30,"clippedY":0,"appliedX":20.400000000000002,"appliedY":0,"actualX":0,"actualY":0,"sensitivity":0.68,"currentZoomForScroll":1.381904864352885,"maxScrollStep":40.83214214671015,"diagonal":false,"clipped":false}
[DebugBridge +43494.4ms] wheel_scroll_motion {"rawX":30,"rawY":0,"clippedX":30,"clippedY":0,"appliedX":20.400000000000002,"appliedY":0,"actualX":0,"actualY":0,"sensitivity":0.68,"currentZoomForScroll":1.381904864352885,"maxScrollStep":40.83214214671015,"diagonal":false,"clipped":false}
[DebugBridge +43503.2ms] wheel_scroll_motion {"rawX":28,"rawY":0,"clippedX":28,"clippedY":0,"appliedX":19.040000000000003,"appliedY":0,"actualX":0,"actualY":0,"sensitivity":0.68,"currentZoomForScroll":1.381904864352885,"maxScrollStep":40.83214214671015,"diagonal":false,"clipped":false}
[DebugBridge +43510.8ms] wheel_scroll_motion {"rawX":26,"rawY":0,"clippedX":26,"clippedY":0,"appliedX":17.68,"appliedY":0,"actualX":0,"actualY":0,"sensitivity":0.68,"currentZoomForScroll":1.381904864352885,"maxScrollStep":40.83214214671015,"diagonal":false,"clipped":false}
[DebugBridge +43544.6ms] wheel_scroll_motion {"rawX":2,"rawY":-10,"clippedX":2,"clippedY":-10,"appliedX":1.1152,"appliedY":-5.576,"actualX":0,"actualY":-6,"sensitivity":0.5576,"currentZoomForScroll":1.381904864352885,"maxScrollStep":40.83214214671015,"diagonal":true,"clipped":false}
[DebugBridge +43552.8ms] wheel_scroll_motion {"rawX":4,"rawY":-18,"clippedX":4,"clippedY":-18,"appliedX":2.2304,"appliedY":-10.0368,"actualX":0,"actualY":-10.5,"sensitivity":0.5576,"currentZoomForScroll":1.381904864352885,"maxScrollStep":40.83214214671015,"diagonal":true,"clipped":false}
[DebugBridge +43560.9ms] wheel_scroll_motion {"rawX":2,"rawY":-26,"clippedX":2,"clippedY":-26,"appliedX":1.1152,"appliedY":-14.4976,"actualX":0,"actualY":-14.5,"sensitivity":0.5576,"currentZoomForScroll":1.381904864352885,"maxScrollStep":40.83214214671015,"diagonal":true,"clipped":false}
[DebugBridge +43578.7ms] wheel_scroll_motion {"rawX":-2,"rawY":-58,"clippedX":-2,"clippedY":-40.83214214671015,"appliedX":-0.8921600000000001,"appliedY":-18.214401968804463,"actualX":-1,"actualY":-18.5,"sensitivity":0.44608000000000003,"currentZoomForScroll":1.381904864352885,"maxScrollStep":40.83214214671015,"diagonal":true,"clipped":true}
[DebugBridge +43585.5ms] wheel_scroll_motion {"rawX":-6,"rawY":-68,"clippedX":-6,"clippedY":-40.83214214671015,"appliedX":-2.67648,"appliedY":-18.214401968804463,"actualX":-3,"actualY":-18.5,"sensitivity":0.44608000000000003,"currentZoomForScroll":1.381904864352885,"maxScrollStep":40.83214214671015,"diagonal":true,"clipped":true}
[DebugBridge +43602.5ms] wheel_scroll_motion {"rawX":-6,"rawY":-80,"clippedX":-6,"clippedY":-40.83214214671015,"appliedX":-2.67648,"appliedY":-18.214401968804463,"actualX":-3,"actualY":-18.5,"sensitivity":0.44608000000000003,"currentZoomForScroll":1.381904864352885,"maxScrollStep":40.83214214671015,"diagonal":true,"clipped":true}
[DebugBridge +43610.9ms] wheel_scroll_motion {"rawX":-12,"rawY":-100,"clippedX":-12,"clippedY":-40.83214214671015,"appliedX":-5.35296,"appliedY":-18.214401968804463,"actualX":-5.5,"actualY":-18.5,"sensitivity":0.44608000000000003,"currentZoomForScroll":1.381904864352885,"maxScrollStep":40.83214214671015,"diagonal":true,"clipped":true}
[DebugBridge +43685.5ms] wheel_scroll_motion {"rawX":-10,"rawY":-60,"clippedX":-10,"clippedY":-40.83214214671015,"appliedX":-4.460800000000001,"appliedY":-18.214401968804463,"actualX":-4.5,"actualY":-18.5,"sensitivity":0.44608000000000003,"currentZoomForScroll":1.381904864352885,"maxScrollStep":40.83214214671015,"diagonal":true,"clipped":true}
[DebugBridge +43690.3ms] wheel_scroll_motion {"rawX":-60,"rawY":-210,"clippedX":-40.83214214671015,"clippedY":-40.83214214671015,"appliedX":-18.214401968804463,"appliedY":-18.214401968804463,"actualX":-18.5,"actualY":-18.5,"sensitivity":0.44608000000000003,"currentZoomForScroll":1.381904864352885,"maxScrollStep":40.83214214671015,"diagonal":true,"clipped":true}
[DebugBridge +43695.2ms] wheel_scroll_motion {"rawX":0,"rawY":-94,"clippedX":0,"clippedY":-40.83214214671015,"appliedX":0,"appliedY":-22.212685327810323,"actualX":0,"actualY":-22.5,"sensitivity":0.544,"currentZoomForScroll":1.381904864352885,"maxScrollStep":40.83214214671015,"diagonal":false,"clipped":true}
[DebugBridge +43702.9ms] wheel_scroll_motion {"rawX":0,"rawY":-560,"clippedX":0,"clippedY":-40.83214214671015,"appliedX":0,"appliedY":-22.212685327810323,"actualX":0,"actualY":-22.5,"sensitivity":0.544,"currentZoomForScroll":1.381904864352885,"maxScrollStep":40.83214214671015,"diagonal":false,"clipped":true}
[DebugBridge +43711.2ms] wheel_scroll_motion {"rawX":0,"rawY":-110,"clippedX":0,"clippedY":-40.83214214671015,"appliedX":0,"appliedY":-22.212685327810323,"actualX":0,"actualY":-22.5,"sensitivity":0.544,"currentZoomForScroll":1.381904864352885,"maxScrollStep":40.83214214671015,"diagonal":false,"clipped":true}
[DebugBridge +43719.5ms] wheel_scroll_motion {"rawX":0,"rawY":-102,"clippedX":0,"clippedY":-40.83214214671015,"appliedX":0,"appliedY":-22.212685327810323,"actualX":0,"actualY":-22.5,"sensitivity":0.544,"currentZoomForScroll":1.381904864352885,"maxScrollStep":40.83214214671015,"diagonal":false,"clipped":true}
[DebugBridge +43730.7ms] wheel_scroll_motion {"rawX":0,"rawY":-104,"clippedX":0,"clippedY":-40.83214214671015,"appliedX":0,"appliedY":-22.212685327810323,"actualX":0,"actualY":-22.5,"sensitivity":0.544,"currentZoomForScroll":1.381904864352885,"maxScrollStep":40.83214214671015,"diagonal":false,"clipped":true}
[DebugBridge +43735.5ms] wheel_scroll_motion {"rawX":0,"rawY":-100,"clippedX":0,"clippedY":-40.83214214671015,"appliedX":0,"appliedY":-22.212685327810323,"actualX":0,"actualY":-22.5,"sensitivity":0.544,"currentZoomForScroll":1.381904864352885,"maxScrollStep":40.83214214671015,"diagonal":false,"clipped":true}
[DebugBridge +43744.7ms] wheel_scroll_motion {"rawX":0,"rawY":-98,"clippedX":0,"clippedY":-40.83214214671015,"appliedX":0,"appliedY":-22.212685327810323,"actualX":0,"actualY":-22.5,"sensitivity":0.544,"currentZoomForScroll":1.381904864352885,"maxScrollStep":40.83214214671015,"diagonal":false,"clipped":true}
[DebugBridge +43752.5ms] wheel_scroll_motion {"rawX":0,"rawY":-94,"clippedX":0,"clippedY":-40.83214214671015,"appliedX":0,"appliedY":-22.212685327810323,"actualX":0,"actualY":-22.5,"sensitivity":0.544,"currentZoomForScroll":1.381904864352885,"maxScrollStep":40.83214214671015,"diagonal":false,"clipped":true}
[DebugBridge +43760.5ms] wheel_scroll_motion {"rawX":0,"rawY":-92,"clippedX":0,"clippedY":-40.83214214671015,"appliedX":0,"appliedY":-22.212685327810323,"actualX":0,"actualY":-22.5,"sensitivity":0.544,"currentZoomForScroll":1.381904864352885,"maxScrollStep":40.83214214671015,"diagonal":false,"clipped":true}
[DebugBridge +43769.8ms] wheel_scroll_motion {"rawX":0,"rawY":-90,"clippedX":0,"clippedY":-40.83214214671015,"appliedX":0,"appliedY":-22.212685327810323,"actualX":0,"actualY":-22.5,"sensitivity":0.544,"currentZoomForScroll":1.381904864352885,"maxScrollStep":40.83214214671015,"diagonal":false,"clipped":true}
[DebugBridge +43777.9ms] wheel_scroll_motion {"rawX":0,"rawY":-90,"clippedX":0,"clippedY":-40.83214214671015,"appliedX":0,"appliedY":-22.212685327810323,"actualX":0,"actualY":-22.5,"sensitivity":0.544,"currentZoomForScroll":1.381904864352885,"maxScrollStep":40.83214214671015,"diagonal":false,"clipped":true}
[DebugBridge +43785.9ms] wheel_scroll_motion {"rawX":0,"rawY":-86,"clippedX":0,"clippedY":-40.83214214671015,"appliedX":0,"appliedY":-22.212685327810323,"actualX":0,"actualY":-22.5,"sensitivity":0.544,"currentZoomForScroll":1.381904864352885,"maxScrollStep":40.83214214671015,"diagonal":false,"clipped":true}
[DebugBridge +43794.0ms] wheel_scroll_motion {"rawX":0,"rawY":-82,"clippedX":0,"clippedY":-40.83214214671015,"appliedX":0,"appliedY":-22.212685327810323,"actualX":0,"actualY":-22.5,"sensitivity":0.544,"currentZoomForScroll":1.381904864352885,"maxScrollStep":40.83214214671015,"diagonal":false,"clipped":true}
[DebugBridge +43803.3ms] wheel_scroll_motion {"rawX":0,"rawY":-80,"clippedX":0,"clippedY":-40.83214214671015,"appliedX":0,"appliedY":-22.212685327810323,"actualX":0,"actualY":-22.5,"sensitivity":0.544,"currentZoomForScroll":1.381904864352885,"maxScrollStep":40.83214214671015,"diagonal":false,"clipped":true}
[DebugBridge +43811.4ms] wheel_scroll_motion {"rawX":0,"rawY":-80,"clippedX":0,"clippedY":-40.83214214671015,"appliedX":0,"appliedY":-22.212685327810323,"actualX":0,"actualY":-22.5,"sensitivity":0.544,"currentZoomForScroll":1.381904864352885,"maxScrollStep":40.83214214671015,"diagonal":false,"clipped":true}
[DebugBridge +43819.5ms] wheel_scroll_motion {"rawX":0,"rawY":-78,"clippedX":0,"clippedY":-40.83214214671015,"appliedX":0,"appliedY":-22.212685327810323,"actualX":0,"actualY":-22.5,"sensitivity":0.544,"currentZoomForScroll":1.381904864352885,"maxScrollStep":40.83214214671015,"diagonal":false,"clipped":true}
[DebugBridge +43828.1ms] wheel_scroll_motion {"rawX":0,"rawY":-72,"clippedX":0,"clippedY":-40.83214214671015,"appliedX":0,"appliedY":-22.212685327810323,"actualX":0,"actualY":-22.5,"sensitivity":0.544,"currentZoomForScroll":1.381904864352885,"maxScrollStep":40.83214214671015,"diagonal":false,"clipped":true}
[DebugBridge +43835.8ms] wheel_scroll_motion {"rawX":0,"rawY":-72,"clippedX":0,"clippedY":-40.83214214671015,"appliedX":0,"appliedY":-22.212685327810323,"actualX":0,"actualY":-22.5,"sensitivity":0.544,"currentZoomForScroll":1.381904864352885,"maxScrollStep":40.83214214671015,"diagonal":false,"clipped":true}
[DebugBridge +43844.8ms] wheel_scroll_motion {"rawX":0,"rawY":-68,"clippedX":0,"clippedY":-40.83214214671015,"appliedX":0,"appliedY":-22.212685327810323,"actualX":0,"actualY":-22.5,"sensitivity":0.544,"currentZoomForScroll":1.381904864352885,"maxScrollStep":40.83214214671015,"diagonal":false,"clipped":true}
[DebugBridge +43878.4ms] wheel_scroll_motion {"rawX":0,"rawY":-52,"clippedX":0,"clippedY":-40.83214214671015,"appliedX":0,"appliedY":-22.212685327810323,"actualX":0,"actualY":-22.5,"sensitivity":0.544,"currentZoomForScroll":1.381904864352885,"maxScrollStep":40.83214214671015,"diagonal":false,"clipped":true}
[DebugBridge +43885.9ms] wheel_scroll_motion {"rawX":0,"rawY":-44,"clippedX":0,"clippedY":-40.83214214671015,"appliedX":0,"appliedY":-22.212685327810323,"actualX":0,"actualY":-22.5,"sensitivity":0.544,"currentZoomForScroll":1.381904864352885,"maxScrollStep":40.83214214671015,"diagonal":false,"clipped":true}
[DebugBridge +43894.2ms] wheel_scroll_motion {"rawX":-4,"rawY":-62,"clippedX":-4,"clippedY":-40.83214214671015,"appliedX":-1.7843200000000001,"appliedY":-18.214401968804463,"actualX":-2,"actualY":-18.5,"sensitivity":0.44608000000000003,"currentZoomForScroll":1.381904864352885,"maxScrollStep":40.83214214671015,"diagonal":true,"clipped":true}
[DebugBridge +43902.3ms] wheel_scroll_motion {"rawX":-6,"rawY":-86,"clippedX":-6,"clippedY":-40.83214214671015,"appliedX":-2.67648,"appliedY":-18.214401968804463,"actualX":-3,"actualY":-18.5,"sensitivity":0.44608000000000003,"currentZoomForScroll":1.381904864352885,"maxScrollStep":40.83214214671015,"diagonal":true,"clipped":true}
[DebugBridge +43911.8ms] wheel_scroll_motion {"rawX":-6,"rawY":-68,"clippedX":-6,"clippedY":-40.83214214671015,"appliedX":-2.67648,"appliedY":-18.214401968804463,"actualX":-3,"actualY":-18.5,"sensitivity":0.44608000000000003,"currentZoomForScroll":1.381904864352885,"maxScrollStep":40.83214214671015,"diagonal":true,"clipped":true}
[DebugBridge +43919.0ms] wheel_scroll_motion {"rawX":-12,"rawY":-104,"clippedX":-12,"clippedY":-40.83214214671015,"appliedX":-5.35296,"appliedY":-18.214401968804463,"actualX":-5.5,"actualY":-18.5,"sensitivity":0.44608000000000003,"currentZoomForScroll":1.381904864352885,"maxScrollStep":40.83214214671015,"diagonal":true,"clipped":true}
[DebugBridge +43928.6ms] wheel_scroll_motion {"rawX":-10,"rawY":-60,"clippedX":-10,"clippedY":-40.83214214671015,"appliedX":-4.460800000000001,"appliedY":-18.214401968804463,"actualX":-4.5,"actualY":-18.5,"sensitivity":0.44608000000000003,"currentZoomForScroll":1.381904864352885,"maxScrollStep":40.83214214671015,"diagonal":true,"clipped":true}
[DebugBridge +43935.5ms] wheel_scroll_motion {"rawX":-14,"rawY":-76,"clippedX":-14,"clippedY":-40.83214214671015,"appliedX":-6.24512,"appliedY":-18.214401968804463,"actualX":-6.5,"actualY":-18.5,"sensitivity":0.44608000000000003,"currentZoomForScroll":1.381904864352885,"maxScrollStep":40.83214214671015,"diagonal":true,"clipped":true}
[DebugBridge +43945.1ms] wheel_scroll_motion {"rawX":-12,"rawY":-62,"clippedX":-12,"clippedY":-40.83214214671015,"appliedX":-5.35296,"appliedY":-18.214401968804463,"actualX":-5.5,"actualY":-18.5,"sensitivity":0.44608000000000003,"currentZoomForScroll":1.381904864352885,"maxScrollStep":40.83214214671015,"diagonal":true,"clipped":true}
[DebugBridge +43952.4ms] wheel_scroll_motion {"rawX":-12,"rawY":-42,"clippedX":-12,"clippedY":-40.83214214671015,"appliedX":-5.35296,"appliedY":-18.214401968804463,"actualX":-5.5,"actualY":-18.5,"sensitivity":0.44608000000000003,"currentZoomForScroll":1.381904864352885,"maxScrollStep":40.83214214671015,"diagonal":true,"clipped":true}
[DebugBridge +43963.6ms] wheel_scroll_motion {"rawX":0,"rawY":-48,"clippedX":0,"clippedY":-40.83214214671015,"appliedX":0,"appliedY":-22.212685327810323,"actualX":0,"actualY":-22.5,"sensitivity":0.544,"currentZoomForScroll":1.381904864352885,"maxScrollStep":40.83214214671015,"diagonal":false,"clipped":true}
[DebugBridge +43969.0ms] wheel_scroll_motion {"rawX":0,"rawY":-112,"clippedX":0,"clippedY":-40.83214214671015,"appliedX":0,"appliedY":-22.212685327810323,"actualX":0,"actualY":-22.5,"sensitivity":0.544,"currentZoomForScroll":1.381904864352885,"maxScrollStep":40.83214214671015,"diagonal":false,"clipped":true}
[DebugBridge +43978.2ms] wheel_scroll_motion {"rawX":0,"rawY":-130,"clippedX":0,"clippedY":-40.83214214671015,"appliedX":0,"appliedY":-22.212685327810323,"actualX":0,"actualY":-22.5,"sensitivity":0.544,"currentZoomForScroll":1.381904864352885,"maxScrollStep":40.83214214671015,"diagonal":false,"clipped":true}
[DebugBridge +43985.5ms] wheel_scroll_motion {"rawX":0,"rawY":-130,"clippedX":0,"clippedY":-40.83214214671015,"appliedX":0,"appliedY":-22.212685327810323,"actualX":0,"actualY":-22.5,"sensitivity":0.544,"currentZoomForScroll":1.381904864352885,"maxScrollStep":40.83214214671015,"diagonal":false,"clipped":true}
[DebugBridge +43995.0ms] wheel_scroll_motion {"rawX":0,"rawY":-130,"clippedX":0,"clippedY":-40.83214214671015,"appliedX":0,"appliedY":-22.212685327810323,"actualX":0,"actualY":-22.5,"sensitivity":0.544,"currentZoomForScroll":1.381904864352885,"maxScrollStep":40.83214214671015,"diagonal":false,"clipped":true}
[DebugBridge +44003.3ms] wheel_scroll_motion {"rawX":0,"rawY":-128,"clippedX":0,"clippedY":-40.83214214671015,"appliedX":0,"appliedY":-22.212685327810323,"actualX":0,"actualY":-22.5,"sensitivity":0.544,"currentZoomForScroll":1.381904864352885,"maxScrollStep":40.83214214671015,"diagonal":false,"clipped":true}
[DebugBridge +44011.5ms] wheel_scroll_motion {"rawX":0,"rawY":-126,"clippedX":0,"clippedY":-40.83214214671015,"appliedX":0,"appliedY":-22.212685327810323,"actualX":0,"actualY":-22.5,"sensitivity":0.544,"currentZoomForScroll":1.381904864352885,"maxScrollStep":40.83214214671015,"diagonal":false,"clipped":true}
[DebugBridge +44018.8ms] wheel_scroll_motion {"rawX":0,"rawY":-116,"clippedX":0,"clippedY":-40.83214214671015,"appliedX":0,"appliedY":-22.212685327810323,"actualX":0,"actualY":-22.5,"sensitivity":0.544,"currentZoomForScroll":1.381904864352885,"maxScrollStep":40.83214214671015,"diagonal":false,"clipped":true}
[DebugBridge +44026.6ms] wheel_scroll_motion {"rawX":0,"rawY":-116,"clippedX":0,"clippedY":-40.83214214671015,"appliedX":0,"appliedY":-22.212685327810323,"actualX":0,"actualY":-22.5,"sensitivity":0.544,"currentZoomForScroll":1.381904864352885,"maxScrollStep":40.83214214671015,"diagonal":false,"clipped":true}
[DebugBridge +44036.7ms] wheel_scroll_motion {"rawX":0,"rawY":-110,"clippedX":0,"clippedY":-40.83214214671015,"appliedX":0,"appliedY":-22.212685327810323,"actualX":0,"actualY":-22.5,"sensitivity":0.544,"currentZoomForScroll":1.381904864352885,"maxScrollStep":40.83214214671015,"diagonal":false,"clipped":true}
[DebugBridge +44043.9ms] wheel_scroll_motion {"rawX":0,"rawY":-110,"clippedX":0,"clippedY":-40.83214214671015,"appliedX":0,"appliedY":-22.212685327810323,"actualX":0,"actualY":-22.5,"sensitivity":0.544,"currentZoomForScroll":1.381904864352885,"maxScrollStep":40.83214214671015,"diagonal":false,"clipped":true}
[DebugBridge +44053.2ms] wheel_scroll_motion {"rawX":0,"rawY":-106,"clippedX":0,"clippedY":-40.83214214671015,"appliedX":0,"appliedY":-22.212685327810323,"actualX":0,"actualY":-22.5,"sensitivity":0.544,"currentZoomForScroll":1.381904864352885,"maxScrollStep":40.83214214671015,"diagonal":false,"clipped":true}
[DebugBridge +44062.7ms] wheel_scroll_motion {"rawX":0,"rawY":-106,"clippedX":0,"clippedY":-40.83214214671015,"appliedX":0,"appliedY":-22.212685327810323,"actualX":0,"actualY":-22.5,"sensitivity":0.544,"currentZoomForScroll":1.381904864352885,"maxScrollStep":40.83214214671015,"diagonal":false,"clipped":true}
[DebugBridge +44068.9ms] wheel_scroll_motion {"rawX":0,"rawY":-104,"clippedX":0,"clippedY":-40.83214214671015,"appliedX":0,"appliedY":-22.212685327810323,"actualX":0,"actualY":-22.5,"sensitivity":0.544,"currentZoomForScroll":1.381904864352885,"maxScrollStep":40.83214214671015,"diagonal":false,"clipped":true}
[DebugBridge +44078.3ms] wheel_scroll_motion {"rawX":0,"rawY":-100,"clippedX":0,"clippedY":-40.83214214671015,"appliedX":0,"appliedY":-22.212685327810323,"actualX":0,"actualY":-22.5,"sensitivity":0.544,"currentZoomForScroll":1.381904864352885,"maxScrollStep":40.83214214671015,"diagonal":false,"clipped":true}
[DebugBridge +44080.4ms] page_visit_start {"page":9,"pageCount":36,"revisited":true,"hasContainer":true,"hasPdfSurface":true,"spinnerVisible":false,"hasAnnotationOverlay":true,"ready":true}
[DebugBridge +44081.4ms] page_visit_ready {"page":9,"pageCount":36,"revisited":true,"waitMs":2,"hasContainer":true,"hasPdfSurface":true,"spinnerVisible":false,"hasAnnotationOverlay":true,"ready":true}
[DebugBridge +44166.6ms] wheel_scroll_motion {"rawX":0,"rawY":-98,"clippedX":0,"clippedY":-40.83214214671015,"appliedX":0,"appliedY":-22.212685327810323,"actualX":0,"actualY":-22.5,"sensitivity":0.544,"currentZoomForScroll":1.381904864352885,"maxScrollStep":40.83214214671015,"diagonal":false,"clipped":true}
[DebugBridge +44174.2ms] wheel_scroll_motion {"rawX":0,"rawY":-626,"clippedX":0,"clippedY":-40.83214214671015,"appliedX":0,"appliedY":-22.212685327810323,"actualX":0,"actualY":-22.5,"sensitivity":0.544,"currentZoomForScroll":1.381904864352885,"maxScrollStep":40.83214214671015,"diagonal":false,"clipped":true}
[DebugBridge +44253.5ms] wheel_scroll_motion {"rawX":0,"rawY":-42,"clippedX":0,"clippedY":-40.83214214671015,"appliedX":0,"appliedY":-22.212685327810323,"actualX":0,"actualY":-22.5,"sensitivity":0.544,"currentZoomForScroll":1.381904864352885,"maxScrollStep":40.83214214671015,"diagonal":false,"clipped":true}
[DebugBridge +44257.3ms] wheel_scroll_motion {"rawX":-68,"rawY":-738,"clippedX":-40.83214214671015,"clippedY":-40.83214214671015,"appliedX":-18.214401968804463,"appliedY":-18.214401968804463,"actualX":-18.5,"actualY":-18.5,"sensitivity":0.44608000000000003,"currentZoomForScroll":1.381904864352885,"maxScrollStep":40.83214214671015,"diagonal":true,"clipped":true}
[DebugBridge +44260.1ms] wheel_scroll_motion {"rawX":0,"rawY":-132,"clippedX":0,"clippedY":-40.83214214671015,"appliedX":0,"appliedY":-22.212685327810323,"actualX":0,"actualY":-22.5,"sensitivity":0.544,"currentZoomForScroll":1.381904864352885,"maxScrollStep":40.83214214671015,"diagonal":false,"clipped":true}
[DebugBridge +44269.7ms] wheel_scroll_motion {"rawX":0,"rawY":-148,"clippedX":0,"clippedY":-40.83214214671015,"appliedX":0,"appliedY":-22.212685327810323,"actualX":0,"actualY":-22.5,"sensitivity":0.544,"currentZoomForScroll":1.381904864352885,"maxScrollStep":40.83214214671015,"diagonal":false,"clipped":true}
[DebugBridge +44278.0ms] wheel_scroll_motion {"rawX":0,"rawY":-146,"clippedX":0,"clippedY":-40.83214214671015,"appliedX":0,"appliedY":-22.212685327810323,"actualX":0,"actualY":-22.5,"sensitivity":0.544,"currentZoomForScroll":1.381904864352885,"maxScrollStep":40.83214214671015,"diagonal":false,"clipped":true}
[DebugBridge +44287.3ms] wheel_scroll_motion {"rawX":0,"rawY":-144,"clippedX":0,"clippedY":-40.83214214671015,"appliedX":0,"appliedY":-22.212685327810323,"actualX":0,"actualY":-22.5,"sensitivity":0.544,"currentZoomForScroll":1.381904864352885,"maxScrollStep":40.83214214671015,"diagonal":false,"clipped":true}
[DebugBridge +44295.0ms] wheel_scroll_motion {"rawX":0,"rawY":-140,"clippedX":0,"clippedY":-40.83214214671015,"appliedX":0,"appliedY":-22.212685327810323,"actualX":0,"actualY":-22.5,"sensitivity":0.544,"currentZoomForScroll":1.381904864352885,"maxScrollStep":40.83214214671015,"diagonal":false,"clipped":true}
[DebugBridge +44303.0ms] wheel_scroll_motion {"rawX":0,"rawY":-138,"clippedX":0,"clippedY":-40.83214214671015,"appliedX":0,"appliedY":-22.212685327810323,"actualX":0,"actualY":-22.5,"sensitivity":0.544,"currentZoomForScroll":1.381904864352885,"maxScrollStep":40.83214214671015,"diagonal":false,"clipped":true}
[DebugBridge +44309.5ms] wheel_scroll_motion {"rawX":0,"rawY":-130,"clippedX":0,"clippedY":-40.83214214671015,"appliedX":0,"appliedY":-22.212685327810323,"actualX":0,"actualY":-22.5,"sensitivity":0.544,"currentZoomForScroll":1.381904864352885,"maxScrollStep":40.83214214671015,"diagonal":false,"clipped":true}
[DebugBridge +44319.5ms] wheel_scroll_motion {"rawX":0,"rawY":-124,"clippedX":0,"clippedY":-40.83214214671015,"appliedX":0,"appliedY":-22.212685327810323,"actualX":0,"actualY":-22.5,"sensitivity":0.544,"currentZoomForScroll":1.381904864352885,"maxScrollStep":40.83214214671015,"diagonal":false,"clipped":true}
[DebugBridge +44328.9ms] wheel_scroll_motion {"rawX":0,"rawY":-122,"clippedX":0,"clippedY":-40.83214214671015,"appliedX":0,"appliedY":-22.212685327810323,"actualX":0,"actualY":-22.5,"sensitivity":0.544,"currentZoomForScroll":1.381904864352885,"maxScrollStep":40.83214214671015,"diagonal":false,"clipped":true}
[DebugBridge +44338.6ms] wheel_scroll_motion {"rawX":0,"rawY":-118,"clippedX":0,"clippedY":-40.83214214671015,"appliedX":0,"appliedY":-22.212685327810323,"actualX":0,"actualY":-22.5,"sensitivity":0.544,"currentZoomForScroll":1.381904864352885,"maxScrollStep":40.83214214671015,"diagonal":false,"clipped":true}
[DebugBridge +44343.8ms] wheel_scroll_motion {"rawX":0,"rawY":-118,"clippedX":0,"clippedY":-40.83214214671015,"appliedX":0,"appliedY":-22.212685327810323,"actualX":0,"actualY":-22.5,"sensitivity":0.544,"currentZoomForScroll":1.381904864352885,"maxScrollStep":40.83214214671015,"diagonal":false,"clipped":true}
[DebugBridge +44352.4ms] wheel_scroll_motion {"rawX":0,"rawY":-112,"clippedX":0,"clippedY":-40.83214214671015,"appliedX":0,"appliedY":-22.212685327810323,"actualX":0,"actualY":-22.5,"sensitivity":0.544,"currentZoomForScroll":1.381904864352885,"maxScrollStep":40.83214214671015,"diagonal":false,"clipped":true}
[DebugBridge +44361.7ms] wheel_scroll_motion {"rawX":0,"rawY":-114,"clippedX":0,"clippedY":-40.83214214671015,"appliedX":0,"appliedY":-22.212685327810323,"actualX":0,"actualY":-22.5,"sensitivity":0.544,"currentZoomForScroll":1.381904864352885,"maxScrollStep":40.83214214671015,"diagonal":false,"clipped":true}
[DebugBridge +44368.8ms] wheel_scroll_motion {"rawX":0,"rawY":-110,"clippedX":0,"clippedY":-40.83214214671015,"appliedX":0,"appliedY":-22.212685327810323,"actualX":0,"actualY":-22.5,"sensitivity":0.544,"currentZoomForScroll":1.381904864352885,"maxScrollStep":40.83214214671015,"diagonal":false,"clipped":true}
[DebugBridge +44378.2ms] wheel_scroll_motion {"rawX":0,"rawY":-106,"clippedX":0,"clippedY":-40.83214214671015,"appliedX":0,"appliedY":-22.212685327810323,"actualX":0,"actualY":-22.5,"sensitivity":0.544,"currentZoomForScroll":1.381904864352885,"maxScrollStep":40.83214214671015,"diagonal":false,"clipped":true}
[DebugBridge +44386.2ms] wheel_scroll_motion {"rawX":0,"rawY":-106,"clippedX":0,"clippedY":-40.83214214671015,"appliedX":0,"appliedY":-22.212685327810323,"actualX":0,"actualY":-22.5,"sensitivity":0.544,"currentZoomForScroll":1.381904864352885,"maxScrollStep":40.83214214671015,"diagonal":false,"clipped":true}
[DebugBridge +44395.5ms] wheel_scroll_motion {"rawX":0,"rawY":-100,"clippedX":0,"clippedY":-40.83214214671015,"appliedX":0,"appliedY":-22.212685327810323,"actualX":0,"actualY":-22.5,"sensitivity":0.544,"currentZoomForScroll":1.381904864352885,"maxScrollStep":40.83214214671015,"diagonal":false,"clipped":true}
[DebugBridge +44469.7ms] wheel_scroll_motion {"rawX":0,"rawY":-100,"clippedX":0,"clippedY":-40.83214214671015,"appliedX":0,"appliedY":-22.212685327810323,"actualX":0,"actualY":-22.5,"sensitivity":0.544,"currentZoomForScroll":1.381904864352885,"maxScrollStep":40.83214214671015,"diagonal":false,"clipped":true}
[DebugBridge +44474.3ms] wheel_scroll_motion {"rawX":0,"rawY":-724,"clippedX":0,"clippedY":-40.83214214671015,"appliedX":0,"appliedY":-22.212685327810323,"actualX":0,"actualY":-22.5,"sensitivity":0.544,"currentZoomForScroll":1.381904864352885,"maxScrollStep":40.83214214671015,"diagonal":false,"clipped":true}
[DebugBridge +44477.7ms] wheel_scroll_motion {"rawX":0,"rawY":-80,"clippedX":0,"clippedY":-40.83214214671015,"appliedX":0,"appliedY":-22.212685327810323,"actualX":0,"actualY":-22.5,"sensitivity":0.544,"currentZoomForScroll":1.381904864352885,"maxScrollStep":40.83214214671015,"diagonal":false,"clipped":true}
[DebugBridge +44556.1ms] wheel_scroll_motion {"rawX":0,"rawY":-80,"clippedX":0,"clippedY":-40.83214214671015,"appliedX":0,"appliedY":-22.212685327810323,"actualX":0,"actualY":-22.5,"sensitivity":0.544,"currentZoomForScroll":1.381904864352885,"maxScrollStep":40.83214214671015,"diagonal":false,"clipped":true}
[DebugBridge +44565.6ms] wheel_scroll_motion {"rawX":0,"rawY":-144,"clippedX":0,"clippedY":-40.83214214671015,"appliedX":0,"appliedY":-22.212685327810323,"actualX":0,"actualY":-22.5,"sensitivity":0.544,"currentZoomForScroll":1.381904864352885,"maxScrollStep":40.83214214671015,"diagonal":false,"clipped":true}
[DebugBridge +44586.9ms] wheel_scroll_motion {"rawX":-142,"rawY":-106,"clippedX":-40.83214214671015,"clippedY":-40.83214214671015,"appliedX":-18.214401968804463,"appliedY":-18.214401968804463,"actualX":-18.5,"actualY":-18.5,"sensitivity":0.44608000000000003,"currentZoomForScroll":1.381904864352885,"maxScrollStep":40.83214214671015,"diagonal":true,"clipped":true}
[DebugBridge +44595.2ms] wheel_scroll_motion {"rawX":-76,"rawY":-46,"clippedX":-40.83214214671015,"clippedY":-40.83214214671015,"appliedX":-18.214401968804463,"appliedY":-18.214401968804463,"actualX":-18.5,"actualY":-18.5,"sensitivity":0.44608000000000003,"currentZoomForScroll":1.381904864352885,"maxScrollStep":40.83214214671015,"diagonal":true,"clipped":true}
[DebugBridge +44603.2ms] wheel_scroll_motion {"rawX":-70,"rawY":-38,"clippedX":-40.83214214671015,"clippedY":-38,"appliedX":-18.214401968804463,"appliedY":-16.951040000000003,"actualX":-18.5,"actualY":-17,"sensitivity":0.44608000000000003,"currentZoomForScroll":1.381904864352885,"maxScrollStep":40.83214214671015,"diagonal":true,"clipped":true}
[DebugBridge +44611.2ms] wheel_scroll_motion {"rawX":-56,"rawY":-30,"clippedX":-40.83214214671015,"clippedY":-30,"appliedX":-18.214401968804463,"appliedY":-13.3824,"actualX":-18.5,"actualY":-13.5,"sensitivity":0.44608000000000003,"currentZoomForScroll":1.381904864352885,"maxScrollStep":40.83214214671015,"diagonal":true,"clipped":true}
[DebugBridge +44620.4ms] wheel_scroll_motion {"rawX":-42,"rawY":-20,"clippedX":-40.83214214671015,"clippedY":-20,"appliedX":-18.214401968804463,"appliedY":-8.921600000000002,"actualX":-18.5,"actualY":-9,"sensitivity":0.44608000000000003,"currentZoomForScroll":1.381904864352885,"maxScrollStep":40.83214214671015,"diagonal":true,"clipped":true}
[DebugBridge +44635.9ms] wheel_scroll_motion {"rawX":-84,"rawY":-44,"clippedX":-40.83214214671015,"clippedY":-40.83214214671015,"appliedX":-18.214401968804463,"appliedY":-18.214401968804463,"actualX":-18.5,"actualY":-18.5,"sensitivity":0.44608000000000003,"currentZoomForScroll":1.381904864352885,"maxScrollStep":40.83214214671015,"diagonal":true,"clipped":true}
[DebugBridge +44644.7ms] wheel_scroll_motion {"rawX":-102,"rawY":-56,"clippedX":-40.83214214671015,"clippedY":-40.83214214671015,"appliedX":-18.214401968804463,"appliedY":-18.214401968804463,"actualX":-18.5,"actualY":-18.5,"sensitivity":0.44608000000000003,"currentZoomForScroll":1.381904864352885,"maxScrollStep":40.83214214671015,"diagonal":true,"clipped":true}
[DebugBridge +44652.7ms] wheel_scroll_motion {"rawX":-106,"rawY":-60,"clippedX":-40.83214214671015,"clippedY":-40.83214214671015,"appliedX":-18.214401968804463,"appliedY":-18.214401968804463,"actualX":-18.5,"actualY":-18.5,"sensitivity":0.44608000000000003,"currentZoomForScroll":1.381904864352885,"maxScrollStep":40.83214214671015,"diagonal":true,"clipped":true}
[DebugBridge +44661.6ms] wheel_scroll_motion {"rawX":-104,"rawY":-64,"clippedX":-40.83214214671015,"clippedY":-40.83214214671015,"appliedX":-18.214401968804463,"appliedY":-18.214401968804463,"actualX":-18.5,"actualY":-18.5,"sensitivity":0.44608000000000003,"currentZoomForScroll":1.381904864352885,"maxScrollStep":40.83214214671015,"diagonal":true,"clipped":true}
[DebugBridge +44669.3ms] wheel_scroll_motion {"rawX":-106,"rawY":-64,"clippedX":-40.83214214671015,"clippedY":-40.83214214671015,"appliedX":-18.214401968804463,"appliedY":-18.214401968804463,"actualX":-18.5,"actualY":-18.5,"sensitivity":0.44608000000000003,"currentZoomForScroll":1.381904864352885,"maxScrollStep":40.83214214671015,"diagonal":true,"clipped":true}
[DebugBridge +44678.6ms] wheel_scroll_motion {"rawX":-102,"rawY":-62,"clippedX":-40.83214214671015,"clippedY":-40.83214214671015,"appliedX":-18.214401968804463,"appliedY":-18.214401968804463,"actualX":-18.5,"actualY":-18.5,"sensitivity":0.44608000000000003,"currentZoomForScroll":1.381904864352885,"maxScrollStep":40.83214214671015,"diagonal":true,"clipped":true}
[DebugBridge +44688.7ms] wheel_scroll_motion {"rawX":-104,"rawY":-70,"clippedX":-40.83214214671015,"clippedY":-40.83214214671015,"appliedX":-18.214401968804463,"appliedY":-18.214401968804463,"actualX":-18.5,"actualY":-18.5,"sensitivity":0.44608000000000003,"currentZoomForScroll":1.381904864352885,"maxScrollStep":40.83214214671015,"diagonal":true,"clipped":true}
[DebugBridge +44694.4ms] wheel_scroll_motion {"rawX":-98,"rawY":-68,"clippedX":-40.83214214671015,"clippedY":-40.83214214671015,"appliedX":-18.214401968804463,"appliedY":-18.214401968804463,"actualX":-18.5,"actualY":-18.5,"sensitivity":0.44608000000000003,"currentZoomForScroll":1.381904864352885,"maxScrollStep":40.83214214671015,"diagonal":true,"clipped":true}
[DebugBridge +44704.9ms] wheel_scroll_motion {"rawX":-98,"rawY":-64,"clippedX":-40.83214214671015,"clippedY":-40.83214214671015,"appliedX":-18.214401968804463,"appliedY":-18.214401968804463,"actualX":-18.5,"actualY":-18.5,"sensitivity":0.44608000000000003,"currentZoomForScroll":1.381904864352885,"maxScrollStep":40.83214214671015,"diagonal":true,"clipped":true}
[DebugBridge +44712.1ms] wheel_scroll_motion {"rawX":-98,"rawY":-64,"clippedX":-40.83214214671015,"clippedY":-40.83214214671015,"appliedX":-18.214401968804463,"appliedY":-18.214401968804463,"actualX":-18.5,"actualY":-18.5,"sensitivity":0.44608000000000003,"currentZoomForScroll":1.381904864352885,"maxScrollStep":40.83214214671015,"diagonal":true,"clipped":true}
[DebugBridge +44719.1ms] wheel_scroll_motion {"rawX":-92,"rawY":-64,"clippedX":-40.83214214671015,"clippedY":-40.83214214671015,"appliedX":-18.214401968804463,"appliedY":-18.214401968804463,"actualX":-18.5,"actualY":-18.5,"sensitivity":0.44608000000000003,"currentZoomForScroll":1.381904864352885,"maxScrollStep":40.83214214671015,"diagonal":true,"clipped":true}
[DebugBridge +44728.5ms] wheel_scroll_motion {"rawX":-92,"rawY":-60,"clippedX":-40.83214214671015,"clippedY":-40.83214214671015,"appliedX":-18.214401968804463,"appliedY":-18.214401968804463,"actualX":-18.5,"actualY":-18.5,"sensitivity":0.44608000000000003,"currentZoomForScroll":1.381904864352885,"maxScrollStep":40.83214214671015,"diagonal":true,"clipped":true}
[DebugBridge +44736.9ms] wheel_scroll_motion {"rawX":-90,"rawY":-58,"clippedX":-40.83214214671015,"clippedY":-40.83214214671015,"appliedX":-18.214401968804463,"appliedY":-18.214401968804463,"actualX":-18.5,"actualY":-18.5,"sensitivity":0.44608000000000003,"currentZoomForScroll":1.381904864352885,"maxScrollStep":40.83214214671015,"diagonal":true,"clipped":true}
[DebugBridge +44744.8ms] wheel_scroll_motion {"rawX":-90,"rawY":-54,"clippedX":-40.83214214671015,"clippedY":-40.83214214671015,"appliedX":-18.214401968804463,"appliedY":-18.214401968804463,"actualX":-18.5,"actualY":-18.5,"sensitivity":0.44608000000000003,"currentZoomForScroll":1.381904864352885,"maxScrollStep":40.83214214671015,"diagonal":true,"clipped":true}
[DebugBridge +44752.2ms] wheel_scroll_motion {"rawX":-82,"rawY":-54,"clippedX":-40.83214214671015,"clippedY":-40.83214214671015,"appliedX":-18.214401968804463,"appliedY":-18.214401968804463,"actualX":-18.5,"actualY":-18.5,"sensitivity":0.44608000000000003,"currentZoomForScroll":1.381904864352885,"maxScrollStep":40.83214214671015,"diagonal":true,"clipped":true}
[DebugBridge +44762.5ms] wheel_scroll_motion {"rawX":-82,"rawY":-52,"clippedX":-40.83214214671015,"clippedY":-40.83214214671015,"appliedX":-18.214401968804463,"appliedY":-18.214401968804463,"actualX":-18.5,"actualY":-18.5,"sensitivity":0.44608000000000003,"currentZoomForScroll":1.381904864352885,"maxScrollStep":40.83214214671015,"diagonal":true,"clipped":true}
[DebugBridge +44769.3ms] wheel_scroll_motion {"rawX":-80,"rawY":-50,"clippedX":-40.83214214671015,"clippedY":-40.83214214671015,"appliedX":-18.214401968804463,"appliedY":-18.214401968804463,"actualX":-18.5,"actualY":-18.5,"sensitivity":0.44608000000000003,"currentZoomForScroll":1.381904864352885,"maxScrollStep":40.83214214671015,"diagonal":true,"clipped":true}
[DebugBridge +44778.5ms] wheel_scroll_motion {"rawX":-76,"rawY":-46,"clippedX":-40.83214214671015,"clippedY":-40.83214214671015,"appliedX":-18.214401968804463,"appliedY":-18.214401968804463,"actualX":-18.5,"actualY":-18.5,"sensitivity":0.44608000000000003,"currentZoomForScroll":1.381904864352885,"maxScrollStep":40.83214214671015,"diagonal":true,"clipped":true}
[DebugBridge +44786.4ms] wheel_scroll_motion {"rawX":-76,"rawY":-46,"clippedX":-40.83214214671015,"clippedY":-40.83214214671015,"appliedX":-18.214401968804463,"appliedY":-18.214401968804463,"actualX":-18.5,"actualY":-18.5,"sensitivity":0.44608000000000003,"currentZoomForScroll":1.381904864352885,"maxScrollStep":40.83214214671015,"diagonal":true,"clipped":true}
[DebugBridge +44903.3ms] wheel_scroll_motion {"rawX":18,"rawY":64,"clippedX":18,"clippedY":40.83214214671015,"appliedX":8.029440000000001,"appliedY":18.214401968804463,"actualX":8,"actualY":18,"sensitivity":0.44608000000000003,"currentZoomForScroll":1.381904864352885,"maxScrollStep":40.83214214671015,"diagonal":true,"clipped":true}
[DebugBridge +44928.8ms] wheel_scroll_motion {"rawX":12,"rawY":48,"clippedX":12,"clippedY":40.83214214671015,"appliedX":5.35296,"appliedY":18.214401968804463,"actualX":5,"actualY":18,"sensitivity":0.44608000000000003,"currentZoomForScroll":1.381904864352885,"maxScrollStep":40.83214214671015,"diagonal":true,"clipped":true}
[DebugBridge +44935.7ms] wheel_scroll_motion {"rawX":14,"rawY":60,"clippedX":14,"clippedY":40.83214214671015,"appliedX":6.24512,"appliedY":18.214401968804463,"actualX":6,"actualY":18,"sensitivity":0.44608000000000003,"currentZoomForScroll":1.381904864352885,"maxScrollStep":40.83214214671015,"diagonal":true,"clipped":true}
[DebugBridge +44944.9ms] wheel_scroll_motion {"rawX":14,"rawY":62,"clippedX":14,"clippedY":40.83214214671015,"appliedX":6.24512,"appliedY":18.214401968804463,"actualX":6,"actualY":18,"sensitivity":0.44608000000000003,"currentZoomForScroll":1.381904864352885,"maxScrollStep":40.83214214671015,"diagonal":true,"clipped":true}
[DebugBridge +44953.0ms] wheel_scroll_motion {"rawX":14,"rawY":66,"clippedX":14,"clippedY":40.83214214671015,"appliedX":6.24512,"appliedY":18.214401968804463,"actualX":6,"actualY":18,"sensitivity":0.44608000000000003,"currentZoomForScroll":1.381904864352885,"maxScrollStep":40.83214214671015,"diagonal":true,"clipped":true}
[DebugBridge +44960.8ms] wheel_scroll_motion {"rawX":14,"rawY":66,"clippedX":14,"clippedY":40.83214214671015,"appliedX":6.24512,"appliedY":18.214401968804463,"actualX":6,"actualY":18,"sensitivity":0.44608000000000003,"currentZoomForScroll":1.381904864352885,"maxScrollStep":40.83214214671015,"diagonal":true,"clipped":true}
[DebugBridge +44970.3ms] wheel_scroll_motion {"rawX":14,"rawY":64,"clippedX":14,"clippedY":40.83214214671015,"appliedX":6.24512,"appliedY":18.214401968804463,"actualX":6,"actualY":18,"sensitivity":0.44608000000000003,"currentZoomForScroll":1.381904864352885,"maxScrollStep":40.83214214671015,"diagonal":true,"clipped":true}
[DebugBridge +44978.2ms] wheel_scroll_motion {"rawX":16,"rawY":70,"clippedX":16,"clippedY":40.83214214671015,"appliedX":7.1372800000000005,"appliedY":18.214401968804463,"actualX":7,"actualY":18,"sensitivity":0.44608000000000003,"currentZoomForScroll":1.381904864352885,"maxScrollStep":40.83214214671015,"diagonal":true,"clipped":true}
[DebugBridge +44986.3ms] wheel_scroll_motion {"rawX":16,"rawY":68,"clippedX":16,"clippedY":40.83214214671015,"appliedX":7.1372800000000005,"appliedY":18.214401968804463,"actualX":7,"actualY":18,"sensitivity":0.44608000000000003,"currentZoomForScroll":1.381904864352885,"maxScrollStep":40.83214214671015,"diagonal":true,"clipped":true}
[DebugBridge +44994.5ms] wheel_scroll_motion {"rawX":16,"rawY":64,"clippedX":16,"clippedY":40.83214214671015,"appliedX":7.1372800000000005,"appliedY":18.214401968804463,"actualX":7,"actualY":18,"sensitivity":0.44608000000000003,"currentZoomForScroll":1.381904864352885,"maxScrollStep":40.83214214671015,"diagonal":true,"clipped":true}
[DebugBridge +45002.4ms] wheel_scroll_motion {"rawX":16,"rawY":64,"clippedX":16,"clippedY":40.83214214671015,"appliedX":7.1372800000000005,"appliedY":18.214401968804463,"actualX":7,"actualY":18,"sensitivity":0.44608000000000003,"currentZoomForScroll":1.381904864352885,"maxScrollStep":40.83214214671015,"diagonal":true,"clipped":true}
[DebugBridge +45011.0ms] wheel_scroll_motion {"rawX":16,"rawY":64,"clippedX":16,"clippedY":40.83214214671015,"appliedX":7.1372800000000005,"appliedY":18.214401968804463,"actualX":7,"actualY":18,"sensitivity":0.44608000000000003,"currentZoomForScroll":1.381904864352885,"maxScrollStep":40.83214214671015,"diagonal":true,"clipped":true}
[DebugBridge +45018.9ms] wheel_scroll_motion {"rawX":14,"rawY":60,"clippedX":14,"clippedY":40.83214214671015,"appliedX":6.24512,"appliedY":18.214401968804463,"actualX":6,"actualY":18,"sensitivity":0.44608000000000003,"currentZoomForScroll":1.381904864352885,"maxScrollStep":40.83214214671015,"diagonal":true,"clipped":true}
[DebugBridge +45026.4ms] wheel_scroll_motion {"rawX":14,"rawY":58,"clippedX":14,"clippedY":40.83214214671015,"appliedX":6.24512,"appliedY":18.214401968804463,"actualX":6,"actualY":18,"sensitivity":0.44608000000000003,"currentZoomForScroll":1.381904864352885,"maxScrollStep":40.83214214671015,"diagonal":true,"clipped":true}
[DebugBridge +45036.9ms] wheel_scroll_motion {"rawX":14,"rawY":54,"clippedX":14,"clippedY":40.83214214671015,"appliedX":6.24512,"appliedY":18.214401968804463,"actualX":6,"actualY":18,"sensitivity":0.44608000000000003,"currentZoomForScroll":1.381904864352885,"maxScrollStep":40.83214214671015,"diagonal":true,"clipped":true}
[DebugBridge +45111.4ms] wheel_scroll_motion {"rawX":16,"rawY":-48,"clippedX":16,"clippedY":-40.83214214671015,"appliedX":7.1372800000000005,"appliedY":-18.214401968804463,"actualX":7,"actualY":-18.5,"sensitivity":0.44608000000000003,"currentZoomForScroll":1.381904864352885,"maxScrollStep":40.83214214671015,"diagonal":true,"clipped":true}
[DebugBridge +45127.8ms] wheel_scroll_motion {"rawX":16,"rawY":-68,"clippedX":16,"clippedY":-40.83214214671015,"appliedX":7.1372800000000005,"appliedY":-18.214401968804463,"actualX":7,"actualY":-18.5,"sensitivity":0.44608000000000003,"currentZoomForScroll":1.381904864352885,"maxScrollStep":40.83214214671015,"diagonal":true,"clipped":true}
[DebugBridge +45137.1ms] wheel_scroll_motion {"rawX":10,"rawY":-48,"clippedX":10,"clippedY":-40.83214214671015,"appliedX":4.460800000000001,"appliedY":-18.214401968804463,"actualX":4,"actualY":-18.5,"sensitivity":0.44608000000000003,"currentZoomForScroll":1.381904864352885,"maxScrollStep":40.83214214671015,"diagonal":true,"clipped":true}
[DebugBridge +45178.4ms] wheel_scroll_motion {"rawX":0,"rawY":-52,"clippedX":0,"clippedY":-40.83214214671015,"appliedX":0,"appliedY":-22.212685327810323,"actualX":0,"actualY":-22.5,"sensitivity":0.544,"currentZoomForScroll":1.381904864352885,"maxScrollStep":40.83214214671015,"diagonal":false,"clipped":true}
[DebugBridge +45186.2ms] wheel_scroll_motion {"rawX":0,"rawY":-66,"clippedX":0,"clippedY":-40.83214214671015,"appliedX":0,"appliedY":-22.212685327810323,"actualX":0,"actualY":-22.5,"sensitivity":0.544,"currentZoomForScroll":1.381904864352885,"maxScrollStep":40.83214214671015,"diagonal":false,"clipped":true}
[DebugBridge +45195.6ms] wheel_scroll_motion {"rawX":0,"rawY":-70,"clippedX":0,"clippedY":-40.83214214671015,"appliedX":0,"appliedY":-22.212685327810323,"actualX":0,"actualY":-22.5,"sensitivity":0.544,"currentZoomForScroll":1.381904864352885,"maxScrollStep":40.83214214671015,"diagonal":false,"clipped":true}
[DebugBridge +45203.6ms] wheel_scroll_motion {"rawX":0,"rawY":-72,"clippedX":0,"clippedY":-40.83214214671015,"appliedX":0,"appliedY":-22.212685327810323,"actualX":0,"actualY":-22.5,"sensitivity":0.544,"currentZoomForScroll":1.381904864352885,"maxScrollStep":40.83214214671015,"diagonal":false,"clipped":true}
[DebugBridge +45211.5ms] wheel_scroll_motion {"rawX":0,"rawY":-70,"clippedX":0,"clippedY":-40.83214214671015,"appliedX":0,"appliedY":-22.212685327810323,"actualX":0,"actualY":-22.5,"sensitivity":0.544,"currentZoomForScroll":1.381904864352885,"maxScrollStep":40.83214214671015,"diagonal":false,"clipped":true}
[DebugBridge +45219.5ms] wheel_scroll_motion {"rawX":0,"rawY":-70,"clippedX":0,"clippedY":-40.83214214671015,"appliedX":0,"appliedY":-22.212685327810323,"actualX":0,"actualY":-22.5,"sensitivity":0.544,"currentZoomForScroll":1.381904864352885,"maxScrollStep":40.83214214671015,"diagonal":false,"clipped":true}
[DebugBridge +45227.5ms] wheel_scroll_motion {"rawX":0,"rawY":-78,"clippedX":0,"clippedY":-40.83214214671015,"appliedX":0,"appliedY":-22.212685327810323,"actualX":0,"actualY":-22.5,"sensitivity":0.544,"currentZoomForScroll":1.381904864352885,"maxScrollStep":40.83214214671015,"diagonal":false,"clipped":true}
[DebugBridge +45236.3ms] wheel_scroll_motion {"rawX":0,"rawY":-72,"clippedX":0,"clippedY":-40.83214214671015,"appliedX":0,"appliedY":-22.212685327810323,"actualX":0,"actualY":-22.5,"sensitivity":0.544,"currentZoomForScroll":1.381904864352885,"maxScrollStep":40.83214214671015,"diagonal":false,"clipped":true}
[DebugBridge +45244.3ms] wheel_scroll_motion {"rawX":0,"rawY":-72,"clippedX":0,"clippedY":-40.83214214671015,"appliedX":0,"appliedY":-22.212685327810323,"actualX":0,"actualY":-22.5,"sensitivity":0.544,"currentZoomForScroll":1.381904864352885,"maxScrollStep":40.83214214671015,"diagonal":false,"clipped":true}
[DebugBridge +45253.6ms] wheel_scroll_motion {"rawX":0,"rawY":-72,"clippedX":0,"clippedY":-40.83214214671015,"appliedX":0,"appliedY":-22.212685327810323,"actualX":0,"actualY":-22.5,"sensitivity":0.544,"currentZoomForScroll":1.381904864352885,"maxScrollStep":40.83214214671015,"diagonal":false,"clipped":true}
[DebugBridge +45261.6ms] wheel_scroll_motion {"rawX":0,"rawY":-68,"clippedX":0,"clippedY":-40.83214214671015,"appliedX":0,"appliedY":-22.212685327810323,"actualX":0,"actualY":-22.5,"sensitivity":0.544,"currentZoomForScroll":1.381904864352885,"maxScrollStep":40.83214214671015,"diagonal":false,"clipped":true}
[DebugBridge +45269.5ms] wheel_scroll_motion {"rawX":0,"rawY":-64,"clippedX":0,"clippedY":-40.83214214671015,"appliedX":0,"appliedY":-22.212685327810323,"actualX":0,"actualY":-22.5,"sensitivity":0.544,"currentZoomForScroll":1.381904864352885,"maxScrollStep":40.83214214671015,"diagonal":false,"clipped":true}
[DebugBridge +45276.4ms] wheel_scroll_motion {"rawX":0,"rawY":-64,"clippedX":0,"clippedY":-40.83214214671015,"appliedX":0,"appliedY":-22.212685327810323,"actualX":0,"actualY":-22.5,"sensitivity":0.544,"currentZoomForScroll":1.381904864352885,"maxScrollStep":40.83214214671015,"diagonal":false,"clipped":true}
[DebugBridge +45287.2ms] wheel_scroll_motion {"rawX":0,"rawY":-60,"clippedX":0,"clippedY":-40.83214214671015,"appliedX":0,"appliedY":-22.212685327810323,"actualX":0,"actualY":-22.5,"sensitivity":0.544,"currentZoomForScroll":1.381904864352885,"maxScrollStep":40.83214214671015,"diagonal":false,"clipped":true}
[DebugBridge +45293.9ms] wheel_scroll_motion {"rawX":0,"rawY":-60,"clippedX":0,"clippedY":-40.83214214671015,"appliedX":0,"appliedY":-22.212685327810323,"actualX":0,"actualY":-22.5,"sensitivity":0.544,"currentZoomForScroll":1.381904864352885,"maxScrollStep":40.83214214671015,"diagonal":false,"clipped":true}
[DebugBridge +45303.0ms] wheel_scroll_motion {"rawX":0,"rawY":-58,"clippedX":0,"clippedY":-40.83214214671015,"appliedX":0,"appliedY":-22.212685327810323,"actualX":0,"actualY":-22.5,"sensitivity":0.544,"currentZoomForScroll":1.381904864352885,"maxScrollStep":40.83214214671015,"diagonal":false,"clipped":true}
[DebugBridge +45311.0ms] wheel_scroll_motion {"rawX":0,"rawY":-54,"clippedX":0,"clippedY":-40.83214214671015,"appliedX":0,"appliedY":-22.212685327810323,"actualX":0,"actualY":-22.5,"sensitivity":0.544,"currentZoomForScroll":1.381904864352885,"maxScrollStep":40.83214214671015,"diagonal":false,"clipped":true}
[DebugBridge +45319.9ms] wheel_scroll_motion {"rawX":0,"rawY":-54,"clippedX":0,"clippedY":-40.83214214671015,"appliedX":0,"appliedY":-22.212685327810323,"actualX":0,"actualY":-22.5,"sensitivity":0.544,"currentZoomForScroll":1.381904864352885,"maxScrollStep":40.83214214671015,"diagonal":false,"clipped":true}
[DebugBridge +46333.1ms] zoom_wheel_request {"rawDeltaY":-6.296193599700928,"reportedZoom":138,"trustedReactZoom":138.1904864352885,"currentZoom":138.1904864352885,"reportedCurrentZoom":138,"nextZoom":136.6331943137023,"requestedDeltaAbs":1.5572921215862152,"reportedLagAbs":0.19048643528850562,"rawGetZoomValue":138,"rawViewerZoomValue":138,"rawMagnificationZoom":null,"correctedSuspiciousZoom":false}
[DebugBridge +46333.1ms] zoom_start {"scale":1.381904864352885,"source":"overlay_wheel_zoom_pre","reportedScale":1.38,"correctedSuspiciousZoom":false}
[DebugBridge +46413.5ms] zoom_wheel_request {"rawDeltaY":-17.33126449584961,"reportedZoom":136,"trustedReactZoom":136.6331943137023,"currentZoom":136.6331943137023,"reportedCurrentZoom":136,"nextZoom":132.43654767921814,"requestedDeltaAbs":4.1966466344841535,"reportedLagAbs":0.6331943137022904,"rawGetZoomValue":136,"rawViewerZoomValue":136,"rawMagnificationZoom":null,"correctedSuspiciousZoom":false}
[DebugBridge +46446.2ms] zoom_wheel_request {"rawDeltaY":-66.49590301513672,"reportedZoom":132,"trustedReactZoom":132.43654767921814,"currentZoom":132.43654767921814,"reportedCurrentZoom":132,"nextZoom":117.49679068087178,"requestedDeltaAbs":14.939756998346354,"reportedLagAbs":0.43654767921813686,"rawGetZoomValue":132,"rawViewerZoomValue":132,"rawMagnificationZoom":null,"correctedSuspiciousZoom":false}
[DebugBridge +46493.4ms] zoom_wheel_request {"rawDeltaY":-105.40769958496094,"reportedZoom":117,"trustedReactZoom":117.49679068087178,"currentZoom":117.49679068087178,"reportedCurrentZoom":117,"nextZoom":97.19090728149635,"requestedDeltaAbs":20.305883399375432,"reportedLagAbs":0.4967906808717828,"rawGetZoomValue":117,"rawViewerZoomValue":117,"rawMagnificationZoom":null,"correctedSuspiciousZoom":false}
[DebugBridge +46547.9ms] zoom_wheel_request {"rawDeltaY":-11.36229133605957,"reportedZoom":97,"trustedReactZoom":97.19090728149635,"currentZoom":97.19090728149635,"reportedCurrentZoom":97,"nextZoom":95.22333584667324,"requestedDeltaAbs":1.967571434823114,"reportedLagAbs":0.19090728149635083,"rawGetZoomValue":97,"rawViewerZoomValue":97,"rawMagnificationZoom":null,"correctedSuspiciousZoom":false}
[DebugBridge +46919.3ms] wheel_scroll_motion {"rawX":0,"rawY":50,"clippedX":0,"clippedY":48,"appliedX":0,"appliedY":26.112000000000002,"actualX":0,"actualY":26,"sensitivity":0.544,"currentZoomForScroll":1,"maxScrollStep":48,"diagonal":false,"clipped":true}
[DebugBridge +46939.5ms] wheel_scroll_motion {"rawX":0,"rawY":52,"clippedX":0,"clippedY":48,"appliedX":0,"appliedY":26.112000000000002,"actualX":0,"actualY":26,"sensitivity":0.544,"currentZoomForScroll":1,"maxScrollStep":48,"diagonal":false,"clipped":true}
[DebugBridge +46944.6ms] wheel_scroll_motion {"rawX":0,"rawY":52,"clippedX":0,"clippedY":48,"appliedX":0,"appliedY":26.112000000000002,"actualX":0,"actualY":26,"sensitivity":0.544,"currentZoomForScroll":1,"maxScrollStep":48,"diagonal":false,"clipped":true}
[DebugBridge +46952.5ms] wheel_scroll_motion {"rawX":0,"rawY":52,"clippedX":0,"clippedY":48,"appliedX":0,"appliedY":26.112000000000002,"actualX":0,"actualY":26,"sensitivity":0.544,"currentZoomForScroll":1,"maxScrollStep":48,"diagonal":false,"clipped":true}
[DebugBridge +46961.4ms] wheel_scroll_motion {"rawX":0,"rawY":50,"clippedX":0,"clippedY":48,"appliedX":0,"appliedY":26.112000000000002,"actualX":0,"actualY":26,"sensitivity":0.544,"currentZoomForScroll":1,"maxScrollStep":48,"diagonal":false,"clipped":true}
[DebugBridge +47127.9ms] wheel_scroll_motion {"rawX":10,"rawY":-62,"clippedX":10,"clippedY":-48,"appliedX":4.460800000000001,"appliedY":-21.41184,"actualX":0,"actualY":-21.5,"sensitivity":0.44608000000000003,"currentZoomForScroll":1,"maxScrollStep":48,"diagonal":true,"clipped":true}
[DebugBridge +47136.7ms] wheel_scroll_motion {"rawX":4,"rawY":-36,"clippedX":4,"clippedY":-36,"appliedX":2.2304,"appliedY":-20.0736,"actualX":0,"actualY":-20.5,"sensitivity":0.5576,"currentZoomForScroll":1,"maxScrollStep":48,"diagonal":true,"clipped":false}
[DebugBridge +47144.7ms] wheel_scroll_motion {"rawX":4,"rawY":-40,"clippedX":4,"clippedY":-40,"appliedX":2.2304,"appliedY":-22.304,"actualX":0,"actualY":-22.5,"sensitivity":0.5576,"currentZoomForScroll":1,"maxScrollStep":48,"diagonal":true,"clipped":false}
[DebugBridge +47152.9ms] wheel_scroll_motion {"rawX":4,"rawY":-40,"clippedX":4,"clippedY":-40,"appliedX":2.2304,"appliedY":-22.304,"actualX":0,"actualY":-22.5,"sensitivity":0.5576,"currentZoomForScroll":1,"maxScrollStep":48,"diagonal":true,"clipped":false}
[DebugBridge +47160.9ms] wheel_scroll_motion {"rawX":2,"rawY":-26,"clippedX":2,"clippedY":-26,"appliedX":1.1152,"appliedY":-14.4976,"actualX":0,"actualY":-14.5,"sensitivity":0.5576,"currentZoomForScroll":1,"maxScrollStep":48,"diagonal":true,"clipped":false}
[DebugBridge +47203.6ms] wheel_scroll_motion {"rawX":0,"rawY":-54,"clippedX":0,"clippedY":-48,"appliedX":0,"appliedY":-26.112000000000002,"actualX":0,"actualY":-26.5,"sensitivity":0.544,"currentZoomForScroll":1,"maxScrollStep":48,"diagonal":false,"clipped":true}
[DebugBridge +47210.9ms] wheel_scroll_motion {"rawX":0,"rawY":-58,"clippedX":0,"clippedY":-48,"appliedX":0,"appliedY":-26.112000000000002,"actualX":0,"actualY":-26.5,"sensitivity":0.544,"currentZoomForScroll":1,"maxScrollStep":48,"diagonal":false,"clipped":true}
[DebugBridge +47219.3ms] wheel_scroll_motion {"rawX":0,"rawY":-62,"clippedX":0,"clippedY":-48,"appliedX":0,"appliedY":-26.112000000000002,"actualX":0,"actualY":-26.5,"sensitivity":0.544,"currentZoomForScroll":1,"maxScrollStep":48,"diagonal":false,"clipped":true}
[DebugBridge +47228.3ms] wheel_scroll_motion {"rawX":0,"rawY":-62,"clippedX":0,"clippedY":-48,"appliedX":0,"appliedY":-26.112000000000002,"actualX":0,"actualY":-26.5,"sensitivity":0.544,"currentZoomForScroll":1,"maxScrollStep":48,"diagonal":false,"clipped":true}
[DebugBridge +47236.4ms] wheel_scroll_motion {"rawX":0,"rawY":-60,"clippedX":0,"clippedY":-48,"appliedX":0,"appliedY":-26.112000000000002,"actualX":0,"actualY":-26.5,"sensitivity":0.544,"currentZoomForScroll":1,"maxScrollStep":48,"diagonal":false,"clipped":true}
[DebugBridge +47243.1ms] wheel_scroll_motion {"rawX":0,"rawY":-66,"clippedX":0,"clippedY":-48,"appliedX":0,"appliedY":-26.112000000000002,"actualX":0,"actualY":-26.5,"sensitivity":0.544,"currentZoomForScroll":1,"maxScrollStep":48,"diagonal":false,"clipped":true}
[DebugBridge +47253.8ms] wheel_scroll_motion {"rawX":0,"rawY":-68,"clippedX":0,"clippedY":-48,"appliedX":0,"appliedY":-26.112000000000002,"actualX":0,"actualY":-26.5,"sensitivity":0.544,"currentZoomForScroll":1,"maxScrollStep":48,"diagonal":false,"clipped":true}
[DebugBridge +47261.8ms] wheel_scroll_motion {"rawX":0,"rawY":-62,"clippedX":0,"clippedY":-48,"appliedX":0,"appliedY":-26.112000000000002,"actualX":0,"actualY":-26.5,"sensitivity":0.544,"currentZoomForScroll":1,"maxScrollStep":48,"diagonal":false,"clipped":true}
[DebugBridge +47269.3ms] wheel_scroll_motion {"rawX":0,"rawY":-60,"clippedX":0,"clippedY":-48,"appliedX":0,"appliedY":-26.112000000000002,"actualX":0,"actualY":-26.5,"sensitivity":0.544,"currentZoomForScroll":1,"maxScrollStep":48,"diagonal":false,"clipped":true}
[DebugBridge +47278.2ms] wheel_scroll_motion {"rawX":0,"rawY":-60,"clippedX":0,"clippedY":-48,"appliedX":0,"appliedY":-26.112000000000002,"actualX":0,"actualY":-26.5,"sensitivity":0.544,"currentZoomForScroll":1,"maxScrollStep":48,"diagonal":false,"clipped":true}
[DebugBridge +47554.4ms] wheel_scroll_motion {"rawX":-68,"rawY":24,"clippedX":-48,"clippedY":24,"appliedX":-21.41184,"appliedY":10.70592,"actualX":-21.5,"actualY":10.5,"sensitivity":0.44608000000000003,"currentZoomForScroll":1,"maxScrollStep":48,"diagonal":true,"clipped":true}
[DebugBridge +47599.0ms] wheel_scroll_motion {"rawX":-650,"rawY":146,"clippedX":-48,"clippedY":48,"appliedX":-21.41184,"appliedY":21.41184,"actualX":-5,"actualY":21,"sensitivity":0.44608000000000003,"currentZoomForScroll":1,"maxScrollStep":48,"diagonal":true,"clipped":true}
[DebugBridge +47616.6ms] zoom_end {"source":"zoomChange_settle"}
[DebugBridge +47704.1ms] wheel_scroll_motion {"rawX":204,"rawY":-28,"clippedX":48,"clippedY":-28,"appliedX":21.41184,"appliedY":-12.49024,"actualX":21,"actualY":-12.5,"sensitivity":0.44608000000000003,"currentZoomForScroll":1,"maxScrollStep":48,"diagonal":true,"clipped":true}
[DebugBridge +47785.9ms] wheel_scroll_motion {"rawX":62,"rawY":0,"clippedX":48,"clippedY":0,"appliedX":26.112000000000002,"appliedY":0,"actualX":26,"actualY":0,"sensitivity":0.544,"currentZoomForScroll":1,"maxScrollStep":48,"diagonal":false,"clipped":true}
[DebugBridge +47794.9ms] wheel_scroll_motion {"rawX":1236,"rawY":0,"clippedX":48,"clippedY":0,"appliedX":26.112000000000002,"appliedY":0,"actualX":26,"actualY":0,"sensitivity":0.544,"currentZoomForScroll":1,"maxScrollStep":48,"diagonal":false,"clipped":true}
[DebugBridge +47874.2ms] wheel_scroll_motion {"rawX":54,"rawY":0,"clippedX":48,"clippedY":0,"appliedX":26.112000000000002,"appliedY":0,"actualX":24,"actualY":0,"sensitivity":0.544,"currentZoomForScroll":1,"maxScrollStep":48,"diagonal":false,"clipped":true}
[DebugBridge +47895.0ms] wheel_scroll_motion {"rawX":-206,"rawY":26,"clippedX":-48,"clippedY":26,"appliedX":-21.41184,"appliedY":11.598080000000001,"actualX":-21.5,"actualY":11.5,"sensitivity":0.44608000000000003,"currentZoomForScroll":1,"maxScrollStep":48,"diagonal":true,"clipped":true}
[DebugBridge +47927.5ms] wheel_scroll_motion {"rawX":-66,"rawY":0,"clippedX":-48,"clippedY":0,"appliedX":-26.112000000000002,"appliedY":0,"actualX":-24,"actualY":0,"sensitivity":0.544,"currentZoomForScroll":1,"maxScrollStep":48,"diagonal":false,"clipped":true}
[DebugBridge +47936.7ms] wheel_scroll_motion {"rawX":-80,"rawY":0,"clippedX":-48,"clippedY":0,"appliedX":-26.112000000000002,"appliedY":0,"actualX":0,"actualY":0,"sensitivity":0.544,"currentZoomForScroll":1,"maxScrollStep":48,"diagonal":false,"clipped":true}
[DebugBridge +47944.2ms] wheel_scroll_motion {"rawX":-84,"rawY":0,"clippedX":-48,"clippedY":0,"appliedX":-26.112000000000002,"appliedY":0,"actualX":0,"actualY":0,"sensitivity":0.544,"currentZoomForScroll":1,"maxScrollStep":48,"diagonal":false,"clipped":true}
[DebugBridge +47953.1ms] wheel_scroll_motion {"rawX":-86,"rawY":0,"clippedX":-48,"clippedY":0,"appliedX":-26.112000000000002,"appliedY":0,"actualX":0,"actualY":0,"sensitivity":0.544,"currentZoomForScroll":1,"maxScrollStep":48,"diagonal":false,"clipped":true}
[DebugBridge +47961.8ms] wheel_scroll_motion {"rawX":-84,"rawY":0,"clippedX":-48,"clippedY":0,"appliedX":-26.112000000000002,"appliedY":0,"actualX":0,"actualY":0,"sensitivity":0.544,"currentZoomForScroll":1,"maxScrollStep":48,"diagonal":false,"clipped":true}
[DebugBridge +47969.4ms] wheel_scroll_motion {"rawX":-86,"rawY":0,"clippedX":-48,"clippedY":0,"appliedX":-26.112000000000002,"appliedY":0,"actualX":0,"actualY":0,"sensitivity":0.544,"currentZoomForScroll":1,"maxScrollStep":48,"diagonal":false,"clipped":true}
[DebugBridge +47978.3ms] wheel_scroll_motion {"rawX":-86,"rawY":0,"clippedX":-48,"clippedY":0,"appliedX":-26.112000000000002,"appliedY":0,"actualX":0,"actualY":0,"sensitivity":0.544,"currentZoomForScroll":1,"maxScrollStep":48,"diagonal":false,"clipped":true}
[DebugBridge +47986.1ms] wheel_scroll_motion {"rawX":-86,"rawY":0,"clippedX":-48,"clippedY":0,"appliedX":-26.112000000000002,"appliedY":0,"actualX":0,"actualY":0,"sensitivity":0.544,"currentZoomForScroll":1,"maxScrollStep":48,"diagonal":false,"clipped":true}
[DebugBridge +47994.5ms] wheel_scroll_motion {"rawX":-82,"rawY":0,"clippedX":-48,"clippedY":0,"appliedX":-26.112000000000002,"appliedY":0,"actualX":0,"actualY":0,"sensitivity":0.544,"currentZoomForScroll":1,"maxScrollStep":48,"diagonal":false,"clipped":true}
[DebugBridge +48002.2ms] wheel_scroll_motion {"rawX":-82,"rawY":0,"clippedX":-48,"clippedY":0,"appliedX":-26.112000000000002,"appliedY":0,"actualX":0,"actualY":0,"sensitivity":0.544,"currentZoomForScroll":1,"maxScrollStep":48,"diagonal":false,"clipped":true}
[DebugBridge +48011.1ms] wheel_scroll_motion {"rawX":-80,"rawY":0,"clippedX":-48,"clippedY":0,"appliedX":-26.112000000000002,"appliedY":0,"actualX":0,"actualY":0,"sensitivity":0.544,"currentZoomForScroll":1,"maxScrollStep":48,"diagonal":false,"clipped":true}
[DebugBridge +48019.2ms] wheel_scroll_motion {"rawX":-76,"rawY":0,"clippedX":-48,"clippedY":0,"appliedX":-26.112000000000002,"appliedY":0,"actualX":0,"actualY":0,"sensitivity":0.544,"currentZoomForScroll":1,"maxScrollStep":48,"diagonal":false,"clipped":true}
[DebugBridge +48028.2ms] wheel_scroll_motion {"rawX":-72,"rawY":0,"clippedX":-48,"clippedY":0,"appliedX":-26.112000000000002,"appliedY":0,"actualX":0,"actualY":0,"sensitivity":0.544,"currentZoomForScroll":1,"maxScrollStep":48,"diagonal":false,"clipped":true}
[DebugBridge +48035.7ms] wheel_scroll_motion {"rawX":-72,"rawY":0,"clippedX":-48,"clippedY":0,"appliedX":-26.112000000000002,"appliedY":0,"actualX":0,"actualY":0,"sensitivity":0.544,"currentZoomForScroll":1,"maxScrollStep":48,"diagonal":false,"clipped":true}
[DebugBridge +48044.8ms] wheel_scroll_motion {"rawX":-68,"rawY":0,"clippedX":-48,"clippedY":0,"appliedX":-26.112000000000002,"appliedY":0,"actualX":0,"actualY":0,"sensitivity":0.544,"currentZoomForScroll":1,"maxScrollStep":48,"diagonal":false,"clipped":true}
[DebugBridge +48053.8ms] wheel_scroll_motion {"rawX":-68,"rawY":0,"clippedX":-48,"clippedY":0,"appliedX":-26.112000000000002,"appliedY":0,"actualX":0,"actualY":0,"sensitivity":0.544,"currentZoomForScroll":1,"maxScrollStep":48,"diagonal":false,"clipped":true}
[DebugBridge +48061.2ms] wheel_scroll_motion {"rawX":-64,"rawY":0,"clippedX":-48,"clippedY":0,"appliedX":-26.112000000000002,"appliedY":0,"actualX":0,"actualY":0,"sensitivity":0.544,"currentZoomForScroll":1,"maxScrollStep":48,"diagonal":false,"clipped":true}
[DebugBridge +48161.8ms] wheel_scroll_motion {"rawX":40,"rawY":0,"clippedX":40,"clippedY":0,"appliedX":27.200000000000003,"appliedY":0,"actualX":13,"actualY":0,"sensitivity":0.68,"currentZoomForScroll":1,"maxScrollStep":48,"diagonal":false,"clipped":false}
[DebugBridge +48169.9ms] wheel_scroll_motion {"rawX":46,"rawY":0,"clippedX":46,"clippedY":0,"appliedX":31.28,"appliedY":0,"actualX":0,"actualY":0,"sensitivity":0.68,"currentZoomForScroll":1,"maxScrollStep":48,"diagonal":false,"clipped":false}
[DebugBridge +48176.5ms] wheel_scroll_motion {"rawX":48,"rawY":0,"clippedX":48,"clippedY":0,"appliedX":32.64,"appliedY":0,"actualX":0,"actualY":0,"sensitivity":0.68,"currentZoomForScroll":1,"maxScrollStep":48,"diagonal":false,"clipped":false}
[DebugBridge +48186.3ms] wheel_scroll_motion {"rawX":52,"rawY":0,"clippedX":48,"clippedY":0,"appliedX":26.112000000000002,"appliedY":0,"actualX":0,"actualY":0,"sensitivity":0.544,"currentZoomForScroll":1,"maxScrollStep":48,"diagonal":false,"clipped":true}
[DebugBridge +48194.9ms] wheel_scroll_motion {"rawX":54,"rawY":0,"clippedX":48,"clippedY":0,"appliedX":26.112000000000002,"appliedY":0,"actualX":0,"actualY":0,"sensitivity":0.544,"currentZoomForScroll":1,"maxScrollStep":48,"diagonal":false,"clipped":true}
[DebugBridge +48201.4ms] wheel_scroll_motion {"rawX":50,"rawY":0,"clippedX":48,"clippedY":0,"appliedX":26.112000000000002,"appliedY":0,"actualX":0,"actualY":0,"sensitivity":0.544,"currentZoomForScroll":1,"maxScrollStep":48,"diagonal":false,"clipped":true}
[DebugBridge +48211.5ms] wheel_scroll_motion {"rawX":56,"rawY":0,"clippedX":48,"clippedY":0,"appliedX":26.112000000000002,"appliedY":0,"actualX":0,"actualY":0,"sensitivity":0.544,"currentZoomForScroll":1,"maxScrollStep":48,"diagonal":false,"clipped":true}
[DebugBridge +48219.0ms] wheel_scroll_motion {"rawX":56,"rawY":0,"clippedX":48,"clippedY":0,"appliedX":26.112000000000002,"appliedY":0,"actualX":0,"actualY":0,"sensitivity":0.544,"currentZoomForScroll":1,"maxScrollStep":48,"diagonal":false,"clipped":true}
[DebugBridge +48227.8ms] wheel_scroll_motion {"rawX":54,"rawY":0,"clippedX":48,"clippedY":0,"appliedX":26.112000000000002,"appliedY":0,"actualX":0,"actualY":0,"sensitivity":0.544,"currentZoomForScroll":1,"maxScrollStep":48,"diagonal":false,"clipped":true}
[DebugBridge +48236.7ms] wheel_scroll_motion {"rawX":52,"rawY":0,"clippedX":48,"clippedY":0,"appliedX":26.112000000000002,"appliedY":0,"actualX":0,"actualY":0,"sensitivity":0.544,"currentZoomForScroll":1,"maxScrollStep":48,"diagonal":false,"clipped":true}
[DebugBridge +48244.4ms] wheel_scroll_motion {"rawX":50,"rawY":0,"clippedX":48,"clippedY":0,"appliedX":26.112000000000002,"appliedY":0,"actualX":0,"actualY":0,"sensitivity":0.544,"currentZoomForScroll":1,"maxScrollStep":48,"diagonal":false,"clipped":true}
[DebugBridge +48253.6ms] wheel_scroll_motion {"rawX":48,"rawY":0,"clippedX":48,"clippedY":0,"appliedX":32.64,"appliedY":0,"actualX":0,"actualY":0,"sensitivity":0.68,"currentZoomForScroll":1,"maxScrollStep":48,"diagonal":false,"clipped":false}
[DebugBridge +48261.0ms] wheel_scroll_motion {"rawX":46,"rawY":0,"clippedX":46,"clippedY":0,"appliedX":31.28,"appliedY":0,"actualX":0,"actualY":0,"sensitivity":0.68,"currentZoomForScroll":1,"maxScrollStep":48,"diagonal":false,"clipped":false}
[DebugBridge +48269.6ms] wheel_scroll_motion {"rawX":46,"rawY":0,"clippedX":46,"clippedY":0,"appliedX":31.28,"appliedY":0,"actualX":0,"actualY":0,"sensitivity":0.68,"currentZoomForScroll":1,"maxScrollStep":48,"diagonal":false,"clipped":false}
[DebugBridge +48277.1ms] wheel_scroll_motion {"rawX":42,"rawY":0,"clippedX":42,"clippedY":0,"appliedX":28.560000000000002,"appliedY":0,"actualX":0,"actualY":0,"sensitivity":0.68,"currentZoomForScroll":1,"maxScrollStep":48,"diagonal":false,"clipped":false}
[DebugBridge +48285.9ms] wheel_scroll_motion {"rawX":42,"rawY":0,"clippedX":42,"clippedY":0,"appliedX":28.560000000000002,"appliedY":0,"actualX":0,"actualY":0,"sensitivity":0.68,"currentZoomForScroll":1,"maxScrollStep":48,"diagonal":false,"clipped":false}
[DebugBridge +48294.9ms] wheel_scroll_motion {"rawX":40,"rawY":0,"clippedX":40,"clippedY":0,"appliedX":27.200000000000003,"appliedY":0,"actualX":0,"actualY":0,"sensitivity":0.68,"currentZoomForScroll":1,"maxScrollStep":48,"diagonal":false,"clipped":false}
[DebugBridge +48302.5ms] wheel_scroll_motion {"rawX":38,"rawY":0,"clippedX":38,"clippedY":0,"appliedX":25.840000000000003,"appliedY":0,"actualX":0,"actualY":0,"sensitivity":0.68,"currentZoomForScroll":1,"maxScrollStep":48,"diagonal":false,"clipped":false}
[DebugBridge +48311.3ms] wheel_scroll_motion {"rawX":38,"rawY":0,"clippedX":38,"clippedY":0,"appliedX":25.840000000000003,"appliedY":0,"actualX":0,"actualY":0,"sensitivity":0.68,"currentZoomForScroll":1,"maxScrollStep":48,"diagonal":false,"clipped":false}
[DebugBridge +48319.0ms] wheel_scroll_motion {"rawX":36,"rawY":0,"clippedX":36,"clippedY":0,"appliedX":24.48,"appliedY":0,"actualX":0,"actualY":0,"sensitivity":0.68,"currentZoomForScroll":1,"maxScrollStep":48,"diagonal":false,"clipped":false}
[DebugBridge +48327.8ms] wheel_scroll_motion {"rawX":34,"rawY":0,"clippedX":34,"clippedY":0,"appliedX":23.12,"appliedY":0,"actualX":0,"actualY":0,"sensitivity":0.68,"currentZoomForScroll":1,"maxScrollStep":48,"diagonal":false,"clipped":false}
[DebugBridge +48336.6ms] wheel_scroll_motion {"rawX":34,"rawY":0,"clippedX":34,"clippedY":0,"appliedX":23.12,"appliedY":0,"actualX":0,"actualY":0,"sensitivity":0.68,"currentZoomForScroll":1,"maxScrollStep":48,"diagonal":false,"clipped":false}
[DebugBridge +48344.3ms] wheel_scroll_motion {"rawX":30,"rawY":0,"clippedX":30,"clippedY":0,"appliedX":20.400000000000002,"appliedY":0,"actualX":0,"actualY":0,"sensitivity":0.68,"currentZoomForScroll":1,"maxScrollStep":48,"diagonal":false,"clipped":false}
[DebugBridge +48353.2ms] wheel_scroll_motion {"rawX":30,"rawY":0,"clippedX":30,"clippedY":0,"appliedX":20.400000000000002,"appliedY":0,"actualX":0,"actualY":0,"sensitivity":0.68,"currentZoomForScroll":1,"maxScrollStep":48,"diagonal":false,"clipped":false}
[DebugBridge +48361.0ms] wheel_scroll_motion {"rawX":30,"rawY":0,"clippedX":30,"clippedY":0,"appliedX":20.400000000000002,"appliedY":0,"actualX":0,"actualY":0,"sensitivity":0.68,"currentZoomForScroll":1,"maxScrollStep":48,"diagonal":false,"clipped":false}
[DebugBridge +48369.8ms] wheel_scroll_motion {"rawX":26,"rawY":0,"clippedX":26,"clippedY":0,"appliedX":17.68,"appliedY":0,"actualX":0,"actualY":0,"sensitivity":0.68,"currentZoomForScroll":1,"maxScrollStep":48,"diagonal":false,"clipped":false}
[DebugBridge +48378.4ms] wheel_scroll_motion {"rawX":26,"rawY":0,"clippedX":26,"clippedY":0,"appliedX":17.68,"appliedY":0,"actualX":0,"actualY":0,"sensitivity":0.68,"currentZoomForScroll":1,"maxScrollStep":48,"diagonal":false,"clipped":false}
[DebugBridge +48411.8ms] wheel_scroll_motion {"rawX":4,"rawY":-12,"clippedX":4,"clippedY":-12,"appliedX":2.2304,"appliedY":-6.6912,"actualX":0,"actualY":-7,"sensitivity":0.5576,"currentZoomForScroll":1,"maxScrollStep":48,"diagonal":true,"clipped":false}
[DebugBridge +48419.9ms] wheel_scroll_motion {"rawX":6,"rawY":-28,"clippedX":6,"clippedY":-28,"appliedX":3.3456,"appliedY":-15.6128,"actualX":0,"actualY":-16,"sensitivity":0.5576,"currentZoomForScroll":1,"maxScrollStep":48,"diagonal":true,"clipped":false}
[DebugBridge +48427.8ms] wheel_scroll_motion {"rawX":2,"rawY":-36,"clippedX":2,"clippedY":-36,"appliedX":1.1152,"appliedY":-20.0736,"actualX":0,"actualY":-20.5,"sensitivity":0.5576,"currentZoomForScroll":1,"maxScrollStep":48,"diagonal":true,"clipped":false}
[DebugBridge +48445.4ms] wheel_scroll_motion {"rawX":-4,"rawY":-56,"clippedX":-4,"clippedY":-48,"appliedX":-1.7843200000000001,"appliedY":-21.41184,"actualX":-2,"actualY":-21.5,"sensitivity":0.44608000000000003,"currentZoomForScroll":1,"maxScrollStep":48,"diagonal":true,"clipped":true}
[DebugBridge +48452.8ms] wheel_scroll_motion {"rawX":-6,"rawY":-92,"clippedX":-6,"clippedY":-48,"appliedX":-2.67648,"appliedY":-21.41184,"actualX":-3,"actualY":-21.5,"sensitivity":0.44608000000000003,"currentZoomForScroll":1,"maxScrollStep":48,"diagonal":true,"clipped":true}
[DebugBridge +48461.4ms] wheel_scroll_motion {"rawX":-10,"rawY":-110,"clippedX":-10,"clippedY":-48,"appliedX":-4.460800000000001,"appliedY":-21.41184,"actualX":-4.5,"actualY":-21.5,"sensitivity":0.44608000000000003,"currentZoomForScroll":1,"maxScrollStep":48,"diagonal":true,"clipped":true}
[DebugBridge +48477.8ms] wheel_scroll_motion {"rawX":-22,"rawY":-122,"clippedX":-22,"clippedY":-48,"appliedX":-9.81376,"appliedY":-21.41184,"actualX":-10,"actualY":-21.5,"sensitivity":0.44608000000000003,"currentZoomForScroll":1,"maxScrollStep":48,"diagonal":true,"clipped":true}
[DebugBridge +48479.0ms] page_visit_start {"page":8,"pageCount":36,"revisited":true,"hasContainer":true,"hasPdfSurface":true,"spinnerVisible":false,"hasAnnotationOverlay":true,"ready":true}
[DebugBridge +48481.0ms] page_visit_ready {"page":8,"pageCount":36,"revisited":true,"waitMs":2,"hasContainer":true,"hasPdfSurface":true,"spinnerVisible":false,"hasAnnotationOverlay":true,"ready":true}
[DebugBridge +48589.6ms] wheel_scroll_motion {"rawX":-16,"rawY":-68,"clippedX":-16,"clippedY":-48,"appliedX":-7.1372800000000005,"appliedY":-21.41184,"actualX":-7.5,"actualY":-21.5,"sensitivity":0.44608000000000003,"currentZoomForScroll":1,"maxScrollStep":48,"diagonal":true,"clipped":true}
[DebugBridge +48605.3ms] wheel_scroll_motion {"rawX":-12,"rawY":-102,"clippedX":-12,"clippedY":-48,"appliedX":-5.35296,"appliedY":-21.41184,"actualX":-5.5,"actualY":-21.5,"sensitivity":0.44608000000000003,"currentZoomForScroll":1,"maxScrollStep":48,"diagonal":true,"clipped":true}
[DebugBridge +48612.4ms] wheel_scroll_motion {"rawX":0,"rawY":-102,"clippedX":0,"clippedY":-48,"appliedX":0,"appliedY":-26.112000000000002,"actualX":0,"actualY":-26.5,"sensitivity":0.544,"currentZoomForScroll":1,"maxScrollStep":48,"diagonal":false,"clipped":true}
[DebugBridge +48619.3ms] wheel_scroll_motion {"rawX":0,"rawY":-1444,"clippedX":0,"clippedY":-48,"appliedX":0,"appliedY":-26.112000000000002,"actualX":0,"actualY":-26.5,"sensitivity":0.544,"currentZoomForScroll":1,"maxScrollStep":48,"diagonal":false,"clipped":true}
[DebugBridge +48710.9ms] wheel_scroll_motion {"rawX":0,"rawY":-92,"clippedX":0,"clippedY":-48,"appliedX":0,"appliedY":-26.112000000000002,"actualX":0,"actualY":-26.5,"sensitivity":0.544,"currentZoomForScroll":1,"maxScrollStep":48,"diagonal":false,"clipped":true}
[DebugBridge +48790.0ms] wheel_scroll_motion {"rawX":0,"rawY":-744,"clippedX":0,"clippedY":-48,"appliedX":0,"appliedY":-26.112000000000002,"actualX":0,"actualY":-26.5,"sensitivity":0.544,"currentZoomForScroll":1,"maxScrollStep":48,"diagonal":false,"clipped":true}
[DebugBridge +48811.2ms] wheel_scroll_motion {"rawX":28,"rawY":158,"clippedX":28,"clippedY":48,"appliedX":12.49024,"appliedY":21.41184,"actualX":12,"actualY":21,"sensitivity":0.44608000000000003,"currentZoomForScroll":1,"maxScrollStep":48,"diagonal":true,"clipped":true}
[DebugBridge +48852.9ms] wheel_scroll_motion {"rawX":0,"rawY":66,"clippedX":0,"clippedY":48,"appliedX":0,"appliedY":26.112000000000002,"actualX":0,"actualY":26,"sensitivity":0.544,"currentZoomForScroll":1,"maxScrollStep":48,"diagonal":false,"clipped":true}
[DebugBridge +48859.6ms] wheel_scroll_motion {"rawX":0,"rawY":80,"clippedX":0,"clippedY":48,"appliedX":0,"appliedY":26.112000000000002,"actualX":0,"actualY":26,"sensitivity":0.544,"currentZoomForScroll":1,"maxScrollStep":48,"diagonal":false,"clipped":true}
[DebugBridge +48861.0ms] page_visit_start {"page":9,"pageCount":36,"revisited":true,"hasContainer":true,"hasPdfSurface":true,"spinnerVisible":false,"hasAnnotationOverlay":true,"ready":true}
[DebugBridge +48862.1ms] page_visit_ready {"page":9,"pageCount":36,"revisited":true,"waitMs":1,"hasContainer":true,"hasPdfSurface":true,"spinnerVisible":false,"hasAnnotationOverlay":true,"ready":true}
[DebugBridge +48949.9ms] wheel_scroll_motion {"rawX":0,"rawY":82,"clippedX":0,"clippedY":48,"appliedX":0,"appliedY":26.112000000000002,"actualX":0,"actualY":26,"sensitivity":0.544,"currentZoomForScroll":1,"maxScrollStep":48,"diagonal":false,"clipped":true}
[DebugBridge +48961.8ms] wheel_scroll_motion {"rawX":0,"rawY":868,"clippedX":0,"clippedY":48,"appliedX":0,"appliedY":26.112000000000002,"actualX":0,"actualY":26,"sensitivity":0.544,"currentZoomForScroll":1,"maxScrollStep":48,"diagonal":false,"clipped":true}
[DebugBridge +48966.5ms] wheel_scroll_motion {"rawX":0,"rawY":68,"clippedX":0,"clippedY":48,"appliedX":0,"appliedY":26.112000000000002,"actualX":0,"actualY":26,"sensitivity":0.544,"currentZoomForScroll":1,"maxScrollStep":48,"diagonal":false,"clipped":true}
[DebugBridge +48970.6ms] wheel_scroll_motion {"rawX":0,"rawY":64,"clippedX":0,"clippedY":48,"appliedX":0,"appliedY":26.112000000000002,"actualX":0,"actualY":26,"sensitivity":0.544,"currentZoomForScroll":1,"maxScrollStep":48,"diagonal":false,"clipped":true}
[DebugBridge +49048.3ms] wheel_scroll_motion {"rawX":0,"rawY":64,"clippedX":0,"clippedY":48,"appliedX":0,"appliedY":26.112000000000002,"actualX":0,"actualY":26,"sensitivity":0.544,"currentZoomForScroll":1,"maxScrollStep":48,"diagonal":false,"clipped":true}
[DebugBridge +49069.7ms] wheel_scroll_motion {"rawX":42,"rawY":-92,"clippedX":42,"clippedY":-48,"appliedX":18.73536,"appliedY":-21.41184,"actualX":18.5,"actualY":-21.5,"sensitivity":0.44608000000000003,"currentZoomForScroll":1,"maxScrollStep":48,"diagonal":true,"clipped":true}
[DebugBridge +49077.7ms] wheel_scroll_motion {"rawX":20,"rawY":-50,"clippedX":20,"clippedY":-48,"appliedX":8.921600000000002,"appliedY":-21.41184,"actualX":0,"actualY":-21.5,"sensitivity":0.44608000000000003,"currentZoomForScroll":1,"maxScrollStep":48,"diagonal":true,"clipped":true}
[DebugBridge +49085.8ms] wheel_scroll_motion {"rawX":12,"rawY":-34,"clippedX":12,"clippedY":-34,"appliedX":6.6912,"appliedY":-18.9584,"actualX":0,"actualY":-19,"sensitivity":0.5576,"currentZoomForScroll":1,"maxScrollStep":48,"diagonal":true,"clipped":false}
[DebugBridge +49095.1ms] wheel_scroll_motion {"rawX":14,"rawY":-42,"clippedX":14,"clippedY":-42,"appliedX":7.8064,"appliedY":-23.4192,"actualX":0,"actualY":-23.5,"sensitivity":0.5576,"currentZoomForScroll":1,"maxScrollStep":48,"diagonal":true,"clipped":false}
[DebugBridge +49103.2ms] wheel_scroll_motion {"rawX":4,"rawY":-12,"clippedX":4,"clippedY":-12,"appliedX":2.2304,"appliedY":-6.6912,"actualX":0,"actualY":-7,"sensitivity":0.5576,"currentZoomForScroll":1,"maxScrollStep":48,"diagonal":true,"clipped":false}
[DebugBridge +49111.3ms] wheel_scroll_motion {"rawX":22,"rawY":-74,"clippedX":22,"clippedY":-48,"appliedX":9.81376,"appliedY":-21.41184,"actualX":0,"actualY":-21.5,"sensitivity":0.44608000000000003,"currentZoomForScroll":1,"maxScrollStep":48,"diagonal":true,"clipped":true}
[DebugBridge +49119.3ms] wheel_scroll_motion {"rawX":18,"rawY":-64,"clippedX":18,"clippedY":-48,"appliedX":8.029440000000001,"appliedY":-21.41184,"actualX":0,"actualY":-21.5,"sensitivity":0.44608000000000003,"currentZoomForScroll":1,"maxScrollStep":48,"diagonal":true,"clipped":true}
[DebugBridge +49120.3ms] page_visit_start {"page":8,"pageCount":36,"revisited":true,"hasContainer":true,"hasPdfSurface":true,"spinnerVisible":false,"hasAnnotationOverlay":true,"ready":true}
[DebugBridge +49121.7ms] page_visit_ready {"page":8,"pageCount":36,"revisited":true,"waitMs":2,"hasContainer":true,"hasPdfSurface":true,"spinnerVisible":false,"hasAnnotationOverlay":true,"ready":true}
[DebugBridge +49215.8ms] wheel_scroll_motion {"rawX":22,"rawY":-78,"clippedX":22,"clippedY":-48,"appliedX":9.81376,"appliedY":-21.41184,"actualX":0,"actualY":-21.5,"sensitivity":0.44608000000000003,"currentZoomForScroll":1,"maxScrollStep":48,"diagonal":true,"clipped":true}
[DebugBridge +49228.2ms] wheel_scroll_motion {"rawX":288,"rawY":-950,"clippedX":48,"clippedY":-48,"appliedX":21.41184,"appliedY":-21.41184,"actualX":0,"actualY":-21.5,"sensitivity":0.44608000000000003,"currentZoomForScroll":1,"maxScrollStep":48,"diagonal":true,"clipped":true}
[DebugBridge +49233.0ms] wheel_scroll_motion {"rawX":20,"rawY":-68,"clippedX":20,"clippedY":-48,"appliedX":8.921600000000002,"appliedY":-21.41184,"actualX":0,"actualY":-21.5,"sensitivity":0.44608000000000003,"currentZoomForScroll":1,"maxScrollStep":48,"diagonal":true,"clipped":true}
[DebugBridge +49237.5ms] wheel_scroll_motion {"rawX":20,"rawY":-64,"clippedX":20,"clippedY":-48,"appliedX":8.921600000000002,"appliedY":-21.41184,"actualX":0,"actualY":-21.5,"sensitivity":0.44608000000000003,"currentZoomForScroll":1,"maxScrollStep":48,"diagonal":true,"clipped":true}
[DebugBridge +49323.9ms] wheel_scroll_motion {"rawX":16,"rawY":-64,"clippedX":16,"clippedY":-48,"appliedX":7.1372800000000005,"appliedY":-21.41184,"actualX":0,"actualY":-21.5,"sensitivity":0.44608000000000003,"currentZoomForScroll":1,"maxScrollStep":48,"diagonal":true,"clipped":true}
[DebugBridge +49328.9ms] wheel_scroll_motion {"rawX":108,"rawY":-382,"clippedX":48,"clippedY":-48,"appliedX":21.41184,"appliedY":-21.41184,"actualX":0,"actualY":-21.5,"sensitivity":0.44608000000000003,"currentZoomForScroll":1,"maxScrollStep":48,"diagonal":true,"clipped":true}
[DebugBridge +49428.0ms] wheel_scroll_motion {"rawX":-38,"rawY":2,"clippedX":-38,"clippedY":2,"appliedX":-21.1888,"appliedY":1.1152,"actualX":-8,"actualY":1,"sensitivity":0.5576,"currentZoomForScroll":1,"maxScrollStep":48,"diagonal":true,"clipped":false}
[DebugBridge +49435.9ms] wheel_scroll_motion {"rawX":-60,"rawY":-2,"clippedX":-48,"clippedY":-2,"appliedX":-21.41184,"appliedY":-0.8921600000000001,"actualX":0,"actualY":-1,"sensitivity":0.44608000000000003,"currentZoomForScroll":1,"maxScrollStep":48,"diagonal":true,"clipped":true}
[DebugBridge +49445.2ms] wheel_scroll_motion {"rawX":-38,"rawY":-2,"clippedX":-38,"clippedY":-2,"appliedX":-21.1888,"appliedY":-1.1152,"actualX":0,"actualY":-1.5,"sensitivity":0.5576,"currentZoomForScroll":1,"maxScrollStep":48,"diagonal":true,"clipped":false}
[DebugBridge +49453.3ms] wheel_scroll_motion {"rawX":-54,"rawY":0,"clippedX":-48,"clippedY":0,"appliedX":-26.112000000000002,"appliedY":0,"actualX":0,"actualY":0,"sensitivity":0.544,"currentZoomForScroll":1,"maxScrollStep":48,"diagonal":false,"clipped":true}
[DebugBridge +49461.1ms] wheel_scroll_motion {"rawX":-66,"rawY":0,"clippedX":-48,"clippedY":0,"appliedX":-26.112000000000002,"appliedY":0,"actualX":0,"actualY":0,"sensitivity":0.544,"currentZoomForScroll":1,"maxScrollStep":48,"diagonal":false,"clipped":true}
[DebugBridge +49469.8ms] wheel_scroll_motion {"rawX":-70,"rawY":0,"clippedX":-48,"clippedY":0,"appliedX":-26.112000000000002,"appliedY":0,"actualX":0,"actualY":0,"sensitivity":0.544,"currentZoomForScroll":1,"maxScrollStep":48,"diagonal":false,"clipped":true}
[DebugBridge +49478.7ms] wheel_scroll_motion {"rawX":-74,"rawY":0,"clippedX":-48,"clippedY":0,"appliedX":-26.112000000000002,"appliedY":0,"actualX":0,"actualY":0,"sensitivity":0.544,"currentZoomForScroll":1,"maxScrollStep":48,"diagonal":false,"clipped":true}
[DebugBridge +49486.2ms] wheel_scroll_motion {"rawX":-70,"rawY":0,"clippedX":-48,"clippedY":0,"appliedX":-26.112000000000002,"appliedY":0,"actualX":0,"actualY":0,"sensitivity":0.544,"currentZoomForScroll":1,"maxScrollStep":48,"diagonal":false,"clipped":true}
[DebugBridge +49527.8ms] wheel_scroll_motion {"rawX":-72,"rawY":0,"clippedX":-48,"clippedY":0,"appliedX":-26.112000000000002,"appliedY":0,"actualX":0,"actualY":0,"sensitivity":0.544,"currentZoomForScroll":1,"maxScrollStep":48,"diagonal":false,"clipped":true}
[DebugBridge +49538.8ms] wheel_scroll_motion {"rawX":-362,"rawY":0,"clippedX":-48,"clippedY":0,"appliedX":-26.112000000000002,"appliedY":0,"actualX":0,"actualY":0,"sensitivity":0.544,"currentZoomForScroll":1,"maxScrollStep":48,"diagonal":false,"clipped":true}
[DebugBridge +49542.2ms] wheel_scroll_motion {"rawX":-64,"rawY":0,"clippedX":-48,"clippedY":0,"appliedX":-26.112000000000002,"appliedY":0,"actualX":0,"actualY":0,"sensitivity":0.544,"currentZoomForScroll":1,"maxScrollStep":48,"diagonal":false,"clipped":true}
[DebugBridge +49544.9ms] wheel_scroll_motion {"rawX":-64,"rawY":0,"clippedX":-48,"clippedY":0,"appliedX":-26.112000000000002,"appliedY":0,"actualX":0,"actualY":0,"sensitivity":0.544,"currentZoomForScroll":1,"maxScrollStep":48,"diagonal":false,"clipped":true}
[DebugBridge +49553.8ms] wheel_scroll_motion {"rawX":-60,"rawY":0,"clippedX":-48,"clippedY":0,"appliedX":-26.112000000000002,"appliedY":0,"actualX":0,"actualY":0,"sensitivity":0.544,"currentZoomForScroll":1,"maxScrollStep":48,"diagonal":false,"clipped":true}
[DebugBridge +49561.5ms] wheel_scroll_motion {"rawX":-60,"rawY":0,"clippedX":-48,"clippedY":0,"appliedX":-26.112000000000002,"appliedY":0,"actualX":0,"actualY":0,"sensitivity":0.544,"currentZoomForScroll":1,"maxScrollStep":48,"diagonal":false,"clipped":true}
[DebugBridge +49570.2ms] wheel_scroll_motion {"rawX":-56,"rawY":0,"clippedX":-48,"clippedY":0,"appliedX":-26.112000000000002,"appliedY":0,"actualX":0,"actualY":0,"sensitivity":0.544,"currentZoomForScroll":1,"maxScrollStep":48,"diagonal":false,"clipped":true}
[DebugBridge +49577.7ms] wheel_scroll_motion {"rawX":-54,"rawY":0,"clippedX":-48,"clippedY":0,"appliedX":-26.112000000000002,"appliedY":0,"actualX":0,"actualY":0,"sensitivity":0.544,"currentZoomForScroll":1,"maxScrollStep":48,"diagonal":false,"clipped":true}
[DebugBridge +49586.6ms] wheel_scroll_motion {"rawX":-54,"rawY":0,"clippedX":-48,"clippedY":0,"appliedX":-26.112000000000002,"appliedY":0,"actualX":0,"actualY":0,"sensitivity":0.544,"currentZoomForScroll":1,"maxScrollStep":48,"diagonal":false,"clipped":true}
[DebugBridge +49594.1ms] wheel_scroll_motion {"rawX":-52,"rawY":0,"clippedX":-48,"clippedY":0,"appliedX":-26.112000000000002,"appliedY":0,"actualX":0,"actualY":0,"sensitivity":0.544,"currentZoomForScroll":1,"maxScrollStep":48,"diagonal":false,"clipped":true}
[DebugBridge +49703.6ms] wheel_scroll_motion {"rawX":32,"rawY":0,"clippedX":32,"clippedY":0,"appliedX":21.76,"appliedY":0,"actualX":20,"actualY":0,"sensitivity":0.68,"currentZoomForScroll":1,"maxScrollStep":48,"diagonal":false,"clipped":false}
[DebugBridge +49711.4ms] wheel_scroll_motion {"rawX":34,"rawY":0,"clippedX":34,"clippedY":0,"appliedX":23.12,"appliedY":0,"actualX":0,"actualY":0,"sensitivity":0.68,"currentZoomForScroll":1,"maxScrollStep":48,"diagonal":false,"clipped":false}
[DebugBridge +49719.7ms] wheel_scroll_motion {"rawX":34,"rawY":0,"clippedX":34,"clippedY":0,"appliedX":23.12,"appliedY":0,"actualX":0,"actualY":0,"sensitivity":0.68,"currentZoomForScroll":1,"maxScrollStep":48,"diagonal":false,"clipped":false}
[DebugBridge +49727.1ms] wheel_scroll_motion {"rawX":36,"rawY":0,"clippedX":36,"clippedY":0,"appliedX":24.48,"appliedY":0,"actualX":0,"actualY":0,"sensitivity":0.68,"currentZoomForScroll":1,"maxScrollStep":48,"diagonal":false,"clipped":false}
[DebugBridge +49737.3ms] wheel_scroll_motion {"rawX":36,"rawY":0,"clippedX":36,"clippedY":0,"appliedX":24.48,"appliedY":0,"actualX":0,"actualY":0,"sensitivity":0.68,"currentZoomForScroll":1,"maxScrollStep":48,"diagonal":false,"clipped":false}
[DebugBridge +49744.7ms] wheel_scroll_motion {"rawX":40,"rawY":0,"clippedX":40,"clippedY":0,"appliedX":27.200000000000003,"appliedY":0,"actualX":0,"actualY":0,"sensitivity":0.68,"currentZoomForScroll":1,"maxScrollStep":48,"diagonal":false,"clipped":false}
[DebugBridge +49753.7ms] wheel_scroll_motion {"rawX":38,"rawY":0,"clippedX":38,"clippedY":0,"appliedX":25.840000000000003,"appliedY":0,"actualX":0,"actualY":0,"sensitivity":0.68,"currentZoomForScroll":1,"maxScrollStep":48,"diagonal":false,"clipped":false}
[DebugBridge +49761.3ms] wheel_scroll_motion {"rawX":38,"rawY":0,"clippedX":38,"clippedY":0,"appliedX":25.840000000000003,"appliedY":0,"actualX":0,"actualY":0,"sensitivity":0.68,"currentZoomForScroll":1,"maxScrollStep":48,"diagonal":false,"clipped":false}
[DebugBridge +49770.1ms] wheel_scroll_motion {"rawX":38,"rawY":0,"clippedX":38,"clippedY":0,"appliedX":25.840000000000003,"appliedY":0,"actualX":0,"actualY":0,"sensitivity":0.68,"currentZoomForScroll":1,"maxScrollStep":48,"diagonal":false,"clipped":false}
[DebugBridge +49777.6ms] wheel_scroll_motion {"rawX":36,"rawY":0,"clippedX":36,"clippedY":0,"appliedX":24.48,"appliedY":0,"actualX":0,"actualY":0,"sensitivity":0.68,"currentZoomForScroll":1,"maxScrollStep":48,"diagonal":false,"clipped":false}
[DebugBridge +49786.5ms] wheel_scroll_motion {"rawX":34,"rawY":0,"clippedX":34,"clippedY":0,"appliedX":23.12,"appliedY":0,"actualX":0,"actualY":0,"sensitivity":0.68,"currentZoomForScroll":1,"maxScrollStep":48,"diagonal":false,"clipped":false}
[DebugBridge +49795.4ms] wheel_scroll_motion {"rawX":30,"rawY":0,"clippedX":30,"clippedY":0,"appliedX":20.400000000000002,"appliedY":0,"actualX":0,"actualY":0,"sensitivity":0.68,"currentZoomForScroll":1,"maxScrollStep":48,"diagonal":false,"clipped":false}
[DebugBridge +49802.9ms] wheel_scroll_motion {"rawX":30,"rawY":0,"clippedX":30,"clippedY":0,"appliedX":20.400000000000002,"appliedY":0,"actualX":0,"actualY":0,"sensitivity":0.68,"currentZoomForScroll":1,"maxScrollStep":48,"diagonal":false,"clipped":false}
[DebugBridge +49811.8ms] wheel_scroll_motion {"rawX":30,"rawY":0,"clippedX":30,"clippedY":0,"appliedX":20.400000000000002,"appliedY":0,"actualX":0,"actualY":0,"sensitivity":0.68,"currentZoomForScroll":1,"maxScrollStep":48,"diagonal":false,"clipped":false}
[DebugBridge +49819.4ms] wheel_scroll_motion {"rawX":30,"rawY":0,"clippedX":30,"clippedY":0,"appliedX":20.400000000000002,"appliedY":0,"actualX":0,"actualY":0,"sensitivity":0.68,"currentZoomForScroll":1,"maxScrollStep":48,"diagonal":false,"clipped":false}
[DebugBridge +49828.1ms] wheel_scroll_motion {"rawX":28,"rawY":0,"clippedX":28,"clippedY":0,"appliedX":19.040000000000003,"appliedY":0,"actualX":0,"actualY":0,"sensitivity":0.68,"currentZoomForScroll":1,"maxScrollStep":48,"diagonal":false,"clipped":false}
[DebugBridge +49837.0ms] wheel_scroll_motion {"rawX":26,"rawY":0,"clippedX":26,"clippedY":0,"appliedX":17.68,"appliedY":0,"actualX":0,"actualY":0,"sensitivity":0.68,"currentZoomForScroll":1,"maxScrollStep":48,"diagonal":false,"clipped":false}
[DebugBridge +49844.6ms] wheel_scroll_motion {"rawX":26,"rawY":0,"clippedX":26,"clippedY":0,"appliedX":17.68,"appliedY":0,"actualX":0,"actualY":0,"sensitivity":0.68,"currentZoomForScroll":1,"maxScrollStep":48,"diagonal":false,"clipped":false}
[DebugBridge +49853.5ms] wheel_scroll_motion {"rawX":24,"rawY":0,"clippedX":24,"clippedY":0,"appliedX":16.32,"appliedY":0,"actualX":0,"actualY":0,"sensitivity":0.68,"currentZoomForScroll":1,"maxScrollStep":48,"diagonal":false,"clipped":false}
[DebugBridge +49944.9ms] wheel_scroll_motion {"rawX":-14,"rawY":-80,"clippedX":-14,"clippedY":-48,"appliedX":-6.24512,"appliedY":-21.41184,"actualX":-6.5,"actualY":-21.5,"sensitivity":0.44608000000000003,"currentZoomForScroll":1,"maxScrollStep":48,"diagonal":true,"clipped":true}
[DebugBridge +49961.3ms] wheel_scroll_motion {"rawX":-14,"rawY":-64,"clippedX":-14,"clippedY":-48,"appliedX":-6.24512,"appliedY":-21.41184,"actualX":-6.5,"actualY":-21.5,"sensitivity":0.44608000000000003,"currentZoomForScroll":1,"maxScrollStep":48,"diagonal":true,"clipped":true}
[DebugBridge +49977.6ms] wheel_scroll_motion {"rawX":-20,"rawY":-70,"clippedX":-20,"clippedY":-48,"appliedX":-8.921600000000002,"appliedY":-21.41184,"actualX":-9,"actualY":-21.5,"sensitivity":0.44608000000000003,"currentZoomForScroll":1,"maxScrollStep":48,"diagonal":true,"clipped":true}
[DebugBridge +50030.6ms] wheel_scroll_motion {"rawX":-16,"rawY":-56,"clippedX":-16,"clippedY":-48,"appliedX":-7.1372800000000005,"appliedY":-21.41184,"actualX":-7.5,"actualY":-21.5,"sensitivity":0.44608000000000003,"currentZoomForScroll":1,"maxScrollStep":48,"diagonal":true,"clipped":true}
[DebugBridge +50035.9ms] wheel_scroll_motion {"rawX":-16,"rawY":-60,"clippedX":-16,"clippedY":-48,"appliedX":-7.1372800000000005,"appliedY":-21.41184,"actualX":-7.5,"actualY":-21.5,"sensitivity":0.44608000000000003,"currentZoomForScroll":1,"maxScrollStep":48,"diagonal":true,"clipped":true}
[DebugBridge +50044.3ms] wheel_scroll_motion {"rawX":-16,"rawY":-64,"clippedX":-16,"clippedY":-48,"appliedX":-7.1372800000000005,"appliedY":-21.41184,"actualX":-7.5,"actualY":-21.5,"sensitivity":0.44608000000000003,"currentZoomForScroll":1,"maxScrollStep":48,"diagonal":true,"clipped":true}
[DebugBridge +50053.6ms] wheel_scroll_motion {"rawX":-16,"rawY":-64,"clippedX":-16,"clippedY":-48,"appliedX":-7.1372800000000005,"appliedY":-21.41184,"actualX":-4,"actualY":-21.5,"sensitivity":0.44608000000000003,"currentZoomForScroll":1,"maxScrollStep":48,"diagonal":true,"clipped":true}
[DebugBridge +50061.7ms] wheel_scroll_motion {"rawX":-16,"rawY":-64,"clippedX":-16,"clippedY":-48,"appliedX":-7.1372800000000005,"appliedY":-21.41184,"actualX":0,"actualY":-21.5,"sensitivity":0.44608000000000003,"currentZoomForScroll":1,"maxScrollStep":48,"diagonal":true,"clipped":true}
[DebugBridge +50069.9ms] wheel_scroll_motion {"rawX":-18,"rawY":-70,"clippedX":-18,"clippedY":-48,"appliedX":-8.029440000000001,"appliedY":-21.41184,"actualX":0,"actualY":-21.5,"sensitivity":0.44608000000000003,"currentZoomForScroll":1,"maxScrollStep":48,"diagonal":true,"clipped":true}
[DebugBridge +50078.0ms] wheel_scroll_motion {"rawX":-18,"rawY":-68,"clippedX":-18,"clippedY":-48,"appliedX":-8.029440000000001,"appliedY":-21.41184,"actualX":0,"actualY":-21.5,"sensitivity":0.44608000000000003,"currentZoomForScroll":1,"maxScrollStep":48,"diagonal":true,"clipped":true}
[DebugBridge +50086.2ms] wheel_scroll_motion {"rawX":-18,"rawY":-64,"clippedX":-18,"clippedY":-48,"appliedX":-8.029440000000001,"appliedY":-21.41184,"actualX":0,"actualY":-21.5,"sensitivity":0.44608000000000003,"currentZoomForScroll":1,"maxScrollStep":48,"diagonal":true,"clipped":true}
[DebugBridge +50094.5ms] wheel_scroll_motion {"rawX":-16,"rawY":-64,"clippedX":-16,"clippedY":-48,"appliedX":-7.1372800000000005,"appliedY":-21.41184,"actualX":0,"actualY":-21.5,"sensitivity":0.44608000000000003,"currentZoomForScroll":1,"maxScrollStep":48,"diagonal":true,"clipped":true}
[DebugBridge +50102.8ms] wheel_scroll_motion {"rawX":-16,"rawY":-64,"clippedX":-16,"clippedY":-48,"appliedX":-7.1372800000000005,"appliedY":-21.41184,"actualX":0,"actualY":-21.5,"sensitivity":0.44608000000000003,"currentZoomForScroll":1,"maxScrollStep":48,"diagonal":true,"clipped":true}
[DebugBridge +50111.2ms] wheel_scroll_motion {"rawX":-16,"rawY":-60,"clippedX":-16,"clippedY":-48,"appliedX":-7.1372800000000005,"appliedY":-21.41184,"actualX":0,"actualY":-21.5,"sensitivity":0.44608000000000003,"currentZoomForScroll":1,"maxScrollStep":48,"diagonal":true,"clipped":true}
[DebugBridge +50119.8ms] wheel_scroll_motion {"rawX":-14,"rawY":-58,"clippedX":-14,"clippedY":-48,"appliedX":-6.24512,"appliedY":-21.41184,"actualX":0,"actualY":-21.5,"sensitivity":0.44608000000000003,"currentZoomForScroll":1,"maxScrollStep":48,"diagonal":true,"clipped":true}
[DebugBridge +50137.9ms] wheel_scroll_motion {"rawX":-14,"rawY":-54,"clippedX":-14,"clippedY":-48,"appliedX":-6.24512,"appliedY":-21.41184,"actualX":0,"actualY":-21.5,"sensitivity":0.44608000000000003,"currentZoomForScroll":1,"maxScrollStep":48,"diagonal":true,"clipped":true}
[DebugBridge +50144.9ms] wheel_scroll_motion {"rawX":-28,"rawY":-106,"clippedX":-28,"clippedY":-48,"appliedX":-12.49024,"appliedY":-21.41184,"actualX":0,"actualY":-21.5,"sensitivity":0.44608000000000003,"currentZoomForScroll":1,"maxScrollStep":48,"diagonal":true,"clipped":true}
[DebugBridge +50153.4ms] wheel_scroll_motion {"rawX":-12,"rawY":-50,"clippedX":-12,"clippedY":-48,"appliedX":-5.35296,"appliedY":-21.41184,"actualX":0,"actualY":-21.5,"sensitivity":0.44608000000000003,"currentZoomForScroll":1,"maxScrollStep":48,"diagonal":true,"clipped":true}
[DebugBridge +50161.4ms] wheel_scroll_motion {"rawX":-12,"rawY":-46,"clippedX":-12,"clippedY":-46,"appliedX":-6.6912,"appliedY":-25.6496,"actualX":0,"actualY":-26,"sensitivity":0.5576,"currentZoomForScroll":1,"maxScrollStep":48,"diagonal":true,"clipped":false}
[DebugBridge +50168.6ms] wheel_scroll_motion {"rawX":-12,"rawY":-46,"clippedX":-12,"clippedY":-46,"appliedX":-6.6912,"appliedY":-25.6496,"actualX":0,"actualY":-26,"sensitivity":0.5576,"currentZoomForScroll":1,"maxScrollStep":48,"diagonal":true,"clipped":false}
[DebugBridge +50176.4ms] wheel_scroll_motion {"rawX":-10,"rawY":-44,"clippedX":-10,"clippedY":-44,"appliedX":-5.576,"appliedY":-24.534399999999998,"actualX":0,"actualY":-25,"sensitivity":0.5576,"currentZoomForScroll":1,"maxScrollStep":48,"diagonal":true,"clipped":false}
[DebugBridge +50269.9ms] wheel_scroll_motion {"rawX":174,"rawY":24,"clippedX":48,"clippedY":24,"appliedX":21.41184,"appliedY":10.70592,"actualX":21,"actualY":10.5,"sensitivity":0.44608000000000003,"currentZoomForScroll":1,"maxScrollStep":48,"diagonal":true,"clipped":true}
[DebugBridge +50293.7ms] wheel_scroll_motion {"rawX":56,"rawY":-14,"clippedX":48,"clippedY":-14,"appliedX":21.41184,"appliedY":-6.24512,"actualX":21,"actualY":-6.5,"sensitivity":0.44608000000000003,"currentZoomForScroll":1,"maxScrollStep":48,"diagonal":true,"clipped":true}
[DebugBridge +50303.3ms] wheel_scroll_motion {"rawX":50,"rawY":-16,"clippedX":48,"clippedY":-16,"appliedX":21.41184,"appliedY":-7.1372800000000005,"actualX":17.5,"actualY":-7.5,"sensitivity":0.44608000000000003,"currentZoomForScroll":1,"maxScrollStep":48,"diagonal":true,"clipped":true}
[DebugBridge +50310.1ms] wheel_scroll_motion {"rawX":70,"rawY":0,"clippedX":48,"clippedY":0,"appliedX":26.112000000000002,"appliedY":0,"actualX":0,"actualY":0,"sensitivity":0.544,"currentZoomForScroll":1,"maxScrollStep":48,"diagonal":false,"clipped":true}
[DebugBridge +50318.5ms] wheel_scroll_motion {"rawX":86,"rawY":0,"clippedX":48,"clippedY":0,"appliedX":26.112000000000002,"appliedY":0,"actualX":0,"actualY":0,"sensitivity":0.544,"currentZoomForScroll":1,"maxScrollStep":48,"diagonal":false,"clipped":true}
[DebugBridge +50328.5ms] wheel_scroll_motion {"rawX":90,"rawY":0,"clippedX":48,"clippedY":0,"appliedX":26.112000000000002,"appliedY":0,"actualX":0,"actualY":0,"sensitivity":0.544,"currentZoomForScroll":1,"maxScrollStep":48,"diagonal":false,"clipped":true}
[DebugBridge +50336.1ms] wheel_scroll_motion {"rawX":90,"rawY":0,"clippedX":48,"clippedY":0,"appliedX":26.112000000000002,"appliedY":0,"actualX":0,"actualY":0,"sensitivity":0.544,"currentZoomForScroll":1,"maxScrollStep":48,"diagonal":false,"clipped":true}
[DebugBridge +50344.9ms] wheel_scroll_motion {"rawX":88,"rawY":0,"clippedX":48,"clippedY":0,"appliedX":26.112000000000002,"appliedY":0,"actualX":0,"actualY":0,"sensitivity":0.544,"currentZoomForScroll":1,"maxScrollStep":48,"diagonal":false,"clipped":true}
[DebugBridge +50352.5ms] wheel_scroll_motion {"rawX":90,"rawY":0,"clippedX":48,"clippedY":0,"appliedX":26.112000000000002,"appliedY":0,"actualX":0,"actualY":0,"sensitivity":0.544,"currentZoomForScroll":1,"maxScrollStep":48,"diagonal":false,"clipped":true}
[DebugBridge +50361.4ms] wheel_scroll_motion {"rawX":88,"rawY":0,"clippedX":48,"clippedY":0,"appliedX":26.112000000000002,"appliedY":0,"actualX":0,"actualY":0,"sensitivity":0.544,"currentZoomForScroll":1,"maxScrollStep":48,"diagonal":false,"clipped":true}
[DebugBridge +50369.0ms] wheel_scroll_motion {"rawX":90,"rawY":0,"clippedX":48,"clippedY":0,"appliedX":26.112000000000002,"appliedY":0,"actualX":0,"actualY":0,"sensitivity":0.544,"currentZoomForScroll":1,"maxScrollStep":48,"diagonal":false,"clipped":true}
[DebugBridge +50377.9ms] wheel_scroll_motion {"rawX":86,"rawY":0,"clippedX":48,"clippedY":0,"appliedX":26.112000000000002,"appliedY":0,"actualX":0,"actualY":0,"sensitivity":0.544,"currentZoomForScroll":1,"maxScrollStep":48,"diagonal":false,"clipped":true}
[DebugBridge +50386.7ms] wheel_scroll_motion {"rawX":82,"rawY":0,"clippedX":48,"clippedY":0,"appliedX":26.112000000000002,"appliedY":0,"actualX":0,"actualY":0,"sensitivity":0.544,"currentZoomForScroll":1,"maxScrollStep":48,"diagonal":false,"clipped":true}
[DebugBridge +50394.3ms] wheel_scroll_motion {"rawX":82,"rawY":0,"clippedX":48,"clippedY":0,"appliedX":26.112000000000002,"appliedY":0,"actualX":0,"actualY":0,"sensitivity":0.544,"currentZoomForScroll":1,"maxScrollStep":48,"diagonal":false,"clipped":true}
[DebugBridge +50403.1ms] wheel_scroll_motion {"rawX":80,"rawY":0,"clippedX":48,"clippedY":0,"appliedX":26.112000000000002,"appliedY":0,"actualX":0,"actualY":0,"sensitivity":0.544,"currentZoomForScroll":1,"maxScrollStep":48,"diagonal":false,"clipped":true}
[DebugBridge +50410.8ms] wheel_scroll_motion {"rawX":76,"rawY":0,"clippedX":48,"clippedY":0,"appliedX":26.112000000000002,"appliedY":0,"actualX":0,"actualY":0,"sensitivity":0.544,"currentZoomForScroll":1,"maxScrollStep":48,"diagonal":false,"clipped":true}
[DebugBridge +50419.7ms] wheel_scroll_motion {"rawX":72,"rawY":0,"clippedX":48,"clippedY":0,"appliedX":26.112000000000002,"appliedY":0,"actualX":0,"actualY":0,"sensitivity":0.544,"currentZoomForScroll":1,"maxScrollStep":48,"diagonal":false,"clipped":true}
[DebugBridge +50427.2ms] wheel_scroll_motion {"rawX":72,"rawY":0,"clippedX":48,"clippedY":0,"appliedX":26.112000000000002,"appliedY":0,"actualX":0,"actualY":0,"sensitivity":0.544,"currentZoomForScroll":1,"maxScrollStep":48,"diagonal":false,"clipped":true}
[DebugBridge +50436.2ms] wheel_scroll_motion {"rawX":72,"rawY":0,"clippedX":48,"clippedY":0,"appliedX":26.112000000000002,"appliedY":0,"actualX":0,"actualY":0,"sensitivity":0.544,"currentZoomForScroll":1,"maxScrollStep":48,"diagonal":false,"clipped":true}
[DebugBridge +50445.0ms] wheel_scroll_motion {"rawX":66,"rawY":0,"clippedX":48,"clippedY":0,"appliedX":26.112000000000002,"appliedY":0,"actualX":0,"actualY":0,"sensitivity":0.544,"currentZoomForScroll":1,"maxScrollStep":48,"diagonal":false,"clipped":true}
[DebugBridge +50451.0ms] wheel_scroll_motion {"rawX":64,"rawY":0,"clippedX":48,"clippedY":0,"appliedX":26.112000000000002,"appliedY":0,"actualX":0,"actualY":0,"sensitivity":0.544,"currentZoomForScroll":1,"maxScrollStep":48,"diagonal":false,"clipped":true}
[DebugBridge +50460.5ms] wheel_scroll_motion {"rawX":64,"rawY":0,"clippedX":48,"clippedY":0,"appliedX":26.112000000000002,"appliedY":0,"actualX":0,"actualY":0,"sensitivity":0.544,"currentZoomForScroll":1,"maxScrollStep":48,"diagonal":false,"clipped":true}
[DebugBridge +50469.4ms] wheel_scroll_motion {"rawX":60,"rawY":0,"clippedX":48,"clippedY":0,"appliedX":26.112000000000002,"appliedY":0,"actualX":0,"actualY":0,"sensitivity":0.544,"currentZoomForScroll":1,"maxScrollStep":48,"diagonal":false,"clipped":true}
[DebugBridge +50478.3ms] wheel_scroll_motion {"rawX":60,"rawY":0,"clippedX":48,"clippedY":0,"appliedX":26.112000000000002,"appliedY":0,"actualX":0,"actualY":0,"sensitivity":0.544,"currentZoomForScroll":1,"maxScrollStep":48,"diagonal":false,"clipped":true}
[DebugBridge +50485.9ms] wheel_scroll_motion {"rawX":56,"rawY":0,"clippedX":48,"clippedY":0,"appliedX":26.112000000000002,"appliedY":0,"actualX":0,"actualY":0,"sensitivity":0.544,"currentZoomForScroll":1,"maxScrollStep":48,"diagonal":false,"clipped":true}
[DebugBridge +50494.8ms] wheel_scroll_motion {"rawX":54,"rawY":0,"clippedX":48,"clippedY":0,"appliedX":26.112000000000002,"appliedY":0,"actualX":0,"actualY":0,"sensitivity":0.544,"currentZoomForScroll":1,"maxScrollStep":48,"diagonal":false,"clipped":true}
[DebugBridge +50502.4ms] wheel_scroll_motion {"rawX":52,"rawY":0,"clippedX":48,"clippedY":0,"appliedX":26.112000000000002,"appliedY":0,"actualX":0,"actualY":0,"sensitivity":0.544,"currentZoomForScroll":1,"maxScrollStep":48,"diagonal":false,"clipped":true}
[DebugBridge +50509.6ms] wheel_scroll_motion {"rawX":52,"rawY":0,"clippedX":48,"clippedY":0,"appliedX":26.112000000000002,"appliedY":0,"actualX":0,"actualY":0,"sensitivity":0.544,"currentZoomForScroll":1,"maxScrollStep":48,"diagonal":false,"clipped":true}
[DebugBridge +50936.3ms] wheel_scroll_motion {"rawX":18,"rawY":-36,"clippedX":18,"clippedY":-36,"appliedX":10.0368,"appliedY":-20.0736,"actualX":3,"actualY":-20.5,"sensitivity":0.5576,"currentZoomForScroll":1,"maxScrollStep":48,"diagonal":true,"clipped":false}
[DebugBridge +50944.7ms] wheel_scroll_motion {"rawX":18,"rawY":-42,"clippedX":18,"clippedY":-42,"appliedX":10.0368,"appliedY":-23.4192,"actualX":0,"actualY":-23.5,"sensitivity":0.5576,"currentZoomForScroll":1,"maxScrollStep":48,"diagonal":true,"clipped":false}
[DebugBridge +50952.9ms] wheel_scroll_motion {"rawX":6,"rawY":-14,"clippedX":6,"clippedY":-14,"appliedX":3.3456,"appliedY":-7.8064,"actualX":0,"actualY":-8,"sensitivity":0.5576,"currentZoomForScroll":1,"maxScrollStep":48,"diagonal":true,"clipped":false}
[DebugBridge +50961.0ms] wheel_scroll_motion {"rawX":12,"rawY":-30,"clippedX":12,"clippedY":-30,"appliedX":6.6912,"appliedY":-16.727999999999998,"actualX":0,"actualY":-17,"sensitivity":0.5576,"currentZoomForScroll":1,"maxScrollStep":48,"diagonal":true,"clipped":false}
[DebugBridge +50968.7ms] wheel_scroll_motion {"rawX":12,"rawY":-30,"clippedX":12,"clippedY":-30,"appliedX":6.6912,"appliedY":-16.727999999999998,"actualX":0,"actualY":-17,"sensitivity":0.5576,"currentZoomForScroll":1,"maxScrollStep":48,"diagonal":true,"clipped":false}
[DebugBridge +50977.6ms] wheel_scroll_motion {"rawX":14,"rawY":-40,"clippedX":14,"clippedY":-40,"appliedX":7.8064,"appliedY":-22.304,"actualX":0,"actualY":-22.5,"sensitivity":0.5576,"currentZoomForScroll":1,"maxScrollStep":48,"diagonal":true,"clipped":false}
[DebugBridge +50986.1ms] wheel_scroll_motion {"rawX":10,"rawY":-24,"clippedX":10,"clippedY":-24,"appliedX":5.576,"appliedY":-13.3824,"actualX":0,"actualY":-13.5,"sensitivity":0.5576,"currentZoomForScroll":1,"maxScrollStep":48,"diagonal":true,"clipped":false}
[DebugBridge +50994.3ms] wheel_scroll_motion {"rawX":8,"rawY":-26,"clippedX":8,"clippedY":-26,"appliedX":4.4608,"appliedY":-14.4976,"actualX":0,"actualY":-14.5,"sensitivity":0.5576,"currentZoomForScroll":1,"maxScrollStep":48,"diagonal":true,"clipped":false}
[DebugBridge +51002.6ms] wheel_scroll_motion {"rawX":6,"rawY":-26,"clippedX":6,"clippedY":-26,"appliedX":3.3456,"appliedY":-14.4976,"actualX":0,"actualY":-14.5,"sensitivity":0.5576,"currentZoomForScroll":1,"maxScrollStep":48,"diagonal":true,"clipped":false}
[DebugBridge +51012.0ms] wheel_scroll_motion {"rawX":8,"rawY":-26,"clippedX":8,"clippedY":-26,"appliedX":4.4608,"appliedY":-14.4976,"actualX":0,"actualY":-14.5,"sensitivity":0.5576,"currentZoomForScroll":1,"maxScrollStep":48,"diagonal":true,"clipped":false}
[DebugBridge +51018.8ms] wheel_scroll_motion {"rawX":12,"rawY":-38,"clippedX":12,"clippedY":-38,"appliedX":6.6912,"appliedY":-21.1888,"actualX":0,"actualY":-21.5,"sensitivity":0.5576,"currentZoomForScroll":1,"maxScrollStep":48,"diagonal":true,"clipped":false}
[DebugBridge +51104.4ms] wheel_scroll_motion {"rawX":12,"rawY":-44,"clippedX":12,"clippedY":-44,"appliedX":6.6912,"appliedY":-24.534399999999998,"actualX":0,"actualY":-25,"sensitivity":0.5576,"currentZoomForScroll":1,"maxScrollStep":48,"diagonal":true,"clipped":false}
[DebugBridge +51109.5ms] wheel_scroll_motion {"rawX":150,"rawY":-514,"clippedX":48,"clippedY":-48,"appliedX":21.41184,"appliedY":-21.41184,"actualX":0,"actualY":-21.5,"sensitivity":0.44608000000000003,"currentZoomForScroll":1,"maxScrollStep":48,"diagonal":true,"clipped":true}
[DebugBridge +51119.8ms] wheel_scroll_motion {"rawX":14,"rawY":-48,"clippedX":14,"clippedY":-48,"appliedX":7.8064,"appliedY":-26.7648,"actualX":0,"actualY":-27,"sensitivity":0.5576,"currentZoomForScroll":1,"maxScrollStep":48,"diagonal":true,"clipped":false}
[DebugBridge +51127.5ms] wheel_scroll_motion {"rawX":14,"rawY":-46,"clippedX":14,"clippedY":-46,"appliedX":7.8064,"appliedY":-25.6496,"actualX":0,"actualY":-26,"sensitivity":0.5576,"currentZoomForScroll":1,"maxScrollStep":48,"diagonal":true,"clipped":false}
[DebugBridge +51136.8ms] wheel_scroll_motion {"rawX":12,"rawY":-42,"clippedX":12,"clippedY":-42,"appliedX":6.6912,"appliedY":-23.4192,"actualX":0,"actualY":-23.5,"sensitivity":0.5576,"currentZoomForScroll":1,"maxScrollStep":48,"diagonal":true,"clipped":false}
[DebugBridge +51144.9ms] wheel_scroll_motion {"rawX":12,"rawY":-42,"clippedX":12,"clippedY":-42,"appliedX":6.6912,"appliedY":-23.4192,"actualX":0,"actualY":-23.5,"sensitivity":0.5576,"currentZoomForScroll":1,"maxScrollStep":48,"diagonal":true,"clipped":false}
[DebugBridge +51152.4ms] wheel_scroll_motion {"rawX":10,"rawY":-40,"clippedX":10,"clippedY":-40,"appliedX":5.576,"appliedY":-22.304,"actualX":0,"actualY":-22.5,"sensitivity":0.5576,"currentZoomForScroll":1,"maxScrollStep":48,"diagonal":true,"clipped":false}
[DebugBridge +51161.7ms] wheel_scroll_motion {"rawX":10,"rawY":-38,"clippedX":10,"clippedY":-38,"appliedX":5.576,"appliedY":-21.1888,"actualX":0,"actualY":-21.5,"sensitivity":0.5576,"currentZoomForScroll":1,"maxScrollStep":48,"diagonal":true,"clipped":false}
[DebugBridge +51169.5ms] wheel_scroll_motion {"rawX":10,"rawY":-38,"clippedX":10,"clippedY":-38,"appliedX":5.576,"appliedY":-21.1888,"actualX":0,"actualY":-21.5,"sensitivity":0.5576,"currentZoomForScroll":1,"maxScrollStep":48,"diagonal":true,"clipped":false}
[DebugBridge +51178.4ms] wheel_scroll_motion {"rawX":10,"rawY":-36,"clippedX":10,"clippedY":-36,"appliedX":5.576,"appliedY":-20.0736,"actualX":0,"actualY":-20.5,"sensitivity":0.5576,"currentZoomForScroll":1,"maxScrollStep":48,"diagonal":true,"clipped":false}
[DebugBridge +51186.7ms] wheel_scroll_motion {"rawX":10,"rawY":-34,"clippedX":10,"clippedY":-34,"appliedX":5.576,"appliedY":-18.9584,"actualX":0,"actualY":-19,"sensitivity":0.5576,"currentZoomForScroll":1,"maxScrollStep":48,"diagonal":true,"clipped":false}
[DebugBridge +51194.6ms] wheel_scroll_motion {"rawX":8,"rawY":-34,"clippedX":8,"clippedY":-34,"appliedX":4.4608,"appliedY":-18.9584,"actualX":0,"actualY":-19,"sensitivity":0.5576,"currentZoomForScroll":1,"maxScrollStep":48,"diagonal":true,"clipped":false}
[DebugBridge +51202.4ms] wheel_scroll_motion {"rawX":8,"rawY":-30,"clippedX":8,"clippedY":-30,"appliedX":4.4608,"appliedY":-16.727999999999998,"actualX":0,"actualY":-17,"sensitivity":0.5576,"currentZoomForScroll":1,"maxScrollStep":48,"diagonal":true,"clipped":false}
[DebugBridge +51211.7ms] wheel_scroll_motion {"rawX":8,"rawY":-30,"clippedX":8,"clippedY":-30,"appliedX":4.4608,"appliedY":-16.727999999999998,"actualX":0,"actualY":-17,"sensitivity":0.5576,"currentZoomForScroll":1,"maxScrollStep":48,"diagonal":true,"clipped":false}
[DebugBridge +51219.7ms] wheel_scroll_motion {"rawX":8,"rawY":-30,"clippedX":8,"clippedY":-30,"appliedX":4.4608,"appliedY":-16.727999999999998,"actualX":0,"actualY":-17,"sensitivity":0.5576,"currentZoomForScroll":1,"maxScrollStep":48,"diagonal":true,"clipped":false}
[DebugBridge +51227.6ms] wheel_scroll_motion {"rawX":8,"rawY":-26,"clippedX":8,"clippedY":-26,"appliedX":4.4608,"appliedY":-14.4976,"actualX":0,"actualY":-14.5,"sensitivity":0.5576,"currentZoomForScroll":1,"maxScrollStep":48,"diagonal":true,"clipped":false}
[DebugBridge +51235.6ms] wheel_scroll_motion {"rawX":8,"rawY":-26,"clippedX":8,"clippedY":-26,"appliedX":4.4608,"appliedY":-14.4976,"actualX":0,"actualY":-14.5,"sensitivity":0.5576,"currentZoomForScroll":1,"maxScrollStep":48,"diagonal":true,"clipped":false}
[DebugBridge +51244.9ms] wheel_scroll_motion {"rawX":6,"rawY":-26,"clippedX":6,"clippedY":-26,"appliedX":3.3456,"appliedY":-14.4976,"actualX":0,"actualY":-14.5,"sensitivity":0.5576,"currentZoomForScroll":1,"maxScrollStep":48,"diagonal":true,"clipped":false}
[DebugBridge +51252.8ms] wheel_scroll_motion {"rawX":6,"rawY":-26,"clippedX":6,"clippedY":-26,"appliedX":3.3456,"appliedY":-14.4976,"actualX":0,"actualY":-14.5,"sensitivity":0.5576,"currentZoomForScroll":1,"maxScrollStep":48,"diagonal":true,"clipped":false}
[DebugBridge +51260.8ms] wheel_scroll_motion {"rawX":6,"rawY":-22,"clippedX":6,"clippedY":-22,"appliedX":3.3456,"appliedY":-12.267199999999999,"actualX":0,"actualY":-12.5,"sensitivity":0.5576,"currentZoomForScroll":1,"maxScrollStep":48,"diagonal":true,"clipped":false}
[DebugBridge +51270.3ms] wheel_scroll_motion {"rawX":6,"rawY":-22,"clippedX":6,"clippedY":-22,"appliedX":3.3456,"appliedY":-12.267199999999999,"actualX":0,"actualY":-12.5,"sensitivity":0.5576,"currentZoomForScroll":1,"maxScrollStep":48,"diagonal":true,"clipped":false}
[DebugBridge +51278.2ms] wheel_scroll_motion {"rawX":6,"rawY":-22,"clippedX":6,"clippedY":-22,"appliedX":3.3456,"appliedY":-12.267199999999999,"actualX":0,"actualY":-12.5,"sensitivity":0.5576,"currentZoomForScroll":1,"maxScrollStep":48,"diagonal":true,"clipped":false}
[DebugBridge +51279.0ms] page_visit_start {"page":7,"pageCount":36,"revisited":true,"hasContainer":true,"hasPdfSurface":true,"spinnerVisible":false,"hasAnnotationOverlay":true,"ready":true}
[DebugBridge +51280.4ms] page_visit_ready {"page":7,"pageCount":36,"revisited":true,"waitMs":1,"hasContainer":true,"hasPdfSurface":true,"spinnerVisible":false,"hasAnnotationOverlay":true,"ready":true}
[DebugBridge +51357.2ms] zoom_wheel_request {"rawDeltaY":-2.8182249069213867,"reportedZoom":95,"trustedReactZoom":95.22333584667324,"currentZoom":95.22333584667324,"reportedCurrentZoom":95,"nextZoom":94.74150958696656,"requestedDeltaAbs":0.48182625970667914,"reportedLagAbs":0.22333584667323692,"rawGetZoomValue":95,"rawViewerZoomValue":95,"rawMagnificationZoom":null,"correctedSuspiciousZoom":false}
[DebugBridge +51357.2ms] zoom_start {"scale":0.9522333584667324,"source":"overlay_wheel_zoom_pre","reportedScale":0.95,"correctedSuspiciousZoom":false}
[DebugBridge +51403.6ms] zoom_wheel_request {"rawDeltaY":-11.595983505249023,"reportedZoom":94,"trustedReactZoom":94.74150958696656,"currentZoom":94.74150958696656,"reportedCurrentZoom":94,"nextZoom":92.78448711014227,"requestedDeltaAbs":1.9570224768242923,"reportedLagAbs":0.7415095869665578,"rawGetZoomValue":94,"rawViewerZoomValue":94,"rawMagnificationZoom":null,"correctedSuspiciousZoom":false}
[DebugBridge +51439.9ms] zoom_wheel_request {"rawDeltaY":-19.953720092773438,"reportedZoom":92,"trustedReactZoom":92.78448711014227,"currentZoom":92.78448711014227,"reportedCurrentZoom":92,"nextZoom":89.51111118469332,"requestedDeltaAbs":3.2733759254489456,"reportedLagAbs":0.7844871101422655,"rawGetZoomValue":92,"rawViewerZoomValue":92,"rawMagnificationZoom":null,"correctedSuspiciousZoom":false}
[DebugBridge +51475.9ms] zoom_wheel_request {"rawDeltaY":2.894455671310425,"reportedZoom":89,"trustedReactZoom":89.51111118469332,"currentZoom":89.51111118469332,"reportedCurrentZoom":89,"nextZoom":89.97868285410273,"requestedDeltaAbs":0.4675716694094092,"reportedLagAbs":0.5111111846933198,"rawGetZoomValue":89,"rawViewerZoomValue":89,"rawMagnificationZoom":null,"correctedSuspiciousZoom":false}
[DebugBridge +51514.0ms] zoom_wheel_request {"rawDeltaY":45.85025405883789,"reportedZoom":89,"trustedReactZoom":89.97868285410273,"currentZoom":89.97868285410273,"reportedCurrentZoom":89,"nextZoom":97.71970645101752,"requestedDeltaAbs":7.741023596914786,"reportedLagAbs":0.978682854102729,"rawGetZoomValue":89,"rawViewerZoomValue":89,"rawMagnificationZoom":null,"correctedSuspiciousZoom":false}
[DebugBridge +51551.5ms] zoom_wheel_request {"rawDeltaY":66.20034790039062,"reportedZoom":97,"trustedReactZoom":97.71970645101752,"currentZoom":97.71970645101752,"reportedCurrentZoom":97,"nextZoom":110.08621908363804,"requestedDeltaAbs":12.366512632620527,"reportedLagAbs":0.7197064510175153,"rawGetZoomValue":97,"rawViewerZoomValue":97,"rawMagnificationZoom":null,"correctedSuspiciousZoom":false}
[DebugBridge +51684.0ms] page_visit_start {"page":8,"pageCount":36,"revisited":true,"hasContainer":true,"hasPdfSurface":true,"spinnerVisible":false,"hasAnnotationOverlay":true,"ready":true}
[DebugBridge +51685.6ms] zoom_wheel_request {"rawDeltaY":51.17634963989258,"reportedZoom":110,"trustedReactZoom":110.08621908363804,"currentZoom":110.08621908363804,"reportedCurrentZoom":110,"nextZoom":120.70883192683931,"requestedDeltaAbs":10.622612843201267,"reportedLagAbs":0.0862190836380421,"rawGetZoomValue":110,"rawViewerZoomValue":110,"rawMagnificationZoom":null,"correctedSuspiciousZoom":false}
[DebugBridge +51824.4ms] zoom_wheel_request {"rawDeltaY":9.269304275512695,"reportedZoom":120,"trustedReactZoom":120.7088319268393,"currentZoom":120.7088319268393,"reportedCurrentZoom":120,"nextZoom":122.73972367721296,"requestedDeltaAbs":2.0308917503736694,"reportedLagAbs":0.7088319268392951,"rawGetZoomValue":120,"rawViewerZoomValue":120,"rawMagnificationZoom":null,"correctedSuspiciousZoom":false}
[DebugBridge +52453.5ms] zoom_wheel_request {"rawDeltaY":-5.265862464904785,"reportedZoom":122,"trustedReactZoom":122.73972367721298,"currentZoom":122.73972367721298,"reportedCurrentZoom":122,"nextZoom":121.58182504080094,"requestedDeltaAbs":1.1578986364120425,"reportedLagAbs":0.7397236772129787,"rawGetZoomValue":122,"rawViewerZoomValue":122,"rawMagnificationZoom":null,"correctedSuspiciousZoom":false}
[DebugBridge +52493.9ms] zoom_wheel_request {"rawDeltaY":-8.474774360656738,"reportedZoom":121,"trustedReactZoom":121.58182504080092,"currentZoom":121.58182504080092,"reportedCurrentZoom":121,"nextZoom":119.74121822774507,"requestedDeltaAbs":1.8406068130558566,"reportedLagAbs":0.581825040800922,"rawGetZoomValue":121,"rawViewerZoomValue":121,"rawMagnificationZoom":null,"correctedSuspiciousZoom":false}
[DebugBridge +52540.2ms] zoom_wheel_request {"rawDeltaY":-36.327491760253906,"reportedZoom":119,"trustedReactZoom":119.74121822774507,"currentZoom":119.74121822774507,"reportedCurrentZoom":119,"nextZoom":112.16190571913764,"requestedDeltaAbs":7.57931250860743,"reportedLagAbs":0.7412182277450654,"rawGetZoomValue":119,"rawViewerZoomValue":119,"rawMagnificationZoom":null,"correctedSuspiciousZoom":false}
[DebugBridge +52591.8ms] page_visit_start {"page":7,"pageCount":36,"revisited":true,"hasContainer":true,"hasPdfSurface":true,"spinnerVisible":true,"hasAnnotationOverlay":true,"ready":false}
[DebugBridge +52594.7ms] zoom_wheel_request {"rawDeltaY":-41.46149444580078,"reportedZoom":112,"trustedReactZoom":112.16190571913765,"currentZoom":112.16190571913765,"reportedCurrentZoom":112,"nextZoom":104.09591400893521,"requestedDeltaAbs":8.06599171020244,"reportedLagAbs":0.16190571913764984,"rawGetZoomValue":112,"rawViewerZoomValue":112,"rawMagnificationZoom":null,"correctedSuspiciousZoom":false}
[DebugBridge +52636.5ms] zoom_wheel_request {"rawDeltaY":-13.873190879821777,"reportedZoom":104,"trustedReactZoom":104.09591400893521,"currentZoom":104.09591400893521,"reportedCurrentZoom":104,"nextZoom":101.52864552970892,"requestedDeltaAbs":2.5672684792262856,"reportedLagAbs":0.0959140089352104,"rawGetZoomValue":104,"rawViewerZoomValue":104,"rawMagnificationZoom":null,"correctedSuspiciousZoom":false}
[DebugBridge +52681.0ms] zoom_wheel_request {"rawDeltaY":-2.004117012023926,"reportedZoom":101,"trustedReactZoom":101.52864552970892,"currentZoom":101.52864552970892,"reportedCurrentZoom":101,"nextZoom":101.16304983878386,"requestedDeltaAbs":0.36559569092506194,"reportedLagAbs":0.5286455297089248,"rawGetZoomValue":101,"rawViewerZoomValue":101,"rawMagnificationZoom":null,"correctedSuspiciousZoom":false}
[DebugBridge +52814.2ms] page_visit_ready {"page":7,"pageCount":36,"revisited":true,"waitMs":222,"hasContainer":true,"hasPdfSurface":true,"spinnerVisible":false,"hasAnnotationOverlay":true,"ready":true}
[DebugBridge +52913.3ms] wheel_scroll_motion {"rawX":14,"rawY":62,"clippedX":14,"clippedY":47.7232795106298,"appliedX":6.24512,"appliedY":21.288400524101743,"actualX":6,"actualY":21,"sensitivity":0.44608000000000003,"currentZoomForScroll":1.0116304983878386,"maxScrollStep":47.7232795106298,"diagonal":true,"clipped":true}
[DebugBridge +53007.1ms] page_visit_start {"page":8,"pageCount":36,"revisited":true,"hasContainer":true,"hasPdfSurface":true,"spinnerVisible":true,"hasAnnotationOverlay":true,"ready":false}
[DebugBridge +53117.4ms] wheel_scroll_motion {"rawX":60,"rawY":432,"clippedX":47.7232795106298,"clippedY":47.7232795106298,"appliedX":21.288400524101743,"appliedY":21.288400524101743,"actualX":21,"actualY":21,"sensitivity":0.44608000000000003,"currentZoomForScroll":1.0116304983878386,"maxScrollStep":47.7232795106298,"diagonal":true,"clipped":true}
[DebugBridge +53230.7ms] wheel_scroll_motion {"rawX":0,"rawY":78,"clippedX":0,"clippedY":47.7232795106298,"appliedX":0,"appliedY":25.961464053782613,"actualX":0,"actualY":25.5,"sensitivity":0.544,"currentZoomForScroll":1.0116304983878386,"maxScrollStep":47.7232795106298,"diagonal":false,"clipped":true}
[DebugBridge +53240.9ms] wheel_scroll_motion {"rawX":0,"rawY":1372,"clippedX":0,"clippedY":47.7232795106298,"appliedX":0,"appliedY":25.961464053782613,"actualX":0,"actualY":25.5,"sensitivity":0.544,"currentZoomForScroll":1.0116304983878386,"maxScrollStep":47.7232795106298,"diagonal":false,"clipped":true}
[DebugBridge +53261.4ms] wheel_scroll_motion {"rawX":160,"rawY":-42,"clippedX":47.7232795106298,"clippedY":-42,"appliedX":21.288400524101743,"appliedY":-18.73536,"actualX":21,"actualY":-19,"sensitivity":0.44608000000000003,"currentZoomForScroll":1.0116304983878386,"maxScrollStep":47.7232795106298,"diagonal":true,"clipped":true}
[DebugBridge +53327.5ms] wheel_scroll_motion {"rawX":18,"rawY":0,"clippedX":18,"clippedY":0,"appliedX":12.24,"appliedY":0,"actualX":11,"actualY":0,"sensitivity":0.68,"currentZoomForScroll":1.0116304983878386,"maxScrollStep":47.7232795106298,"diagonal":false,"clipped":false}
[DebugBridge +53335.4ms] wheel_scroll_motion {"rawX":42,"rawY":0,"clippedX":42,"clippedY":0,"appliedX":28.560000000000002,"appliedY":0,"actualX":0,"actualY":0,"sensitivity":0.68,"currentZoomForScroll":1.0116304983878386,"maxScrollStep":47.7232795106298,"diagonal":false,"clipped":false}
[DebugBridge +53344.7ms] wheel_scroll_motion {"rawX":22,"rawY":0,"clippedX":22,"clippedY":0,"appliedX":14.96,"appliedY":0,"actualX":0,"actualY":0,"sensitivity":0.68,"currentZoomForScroll":1.0116304983878386,"maxScrollStep":47.7232795106298,"diagonal":false,"clipped":false}
[DebugBridge +53352.3ms] wheel_scroll_motion {"rawX":22,"rawY":0,"clippedX":22,"clippedY":0,"appliedX":14.96,"appliedY":0,"actualX":0,"actualY":0,"sensitivity":0.68,"currentZoomForScroll":1.0116304983878386,"maxScrollStep":47.7232795106298,"diagonal":false,"clipped":false}
[DebugBridge +53361.1ms] wheel_scroll_motion {"rawX":22,"rawY":0,"clippedX":22,"clippedY":0,"appliedX":14.96,"appliedY":0,"actualX":0,"actualY":0,"sensitivity":0.68,"currentZoomForScroll":1.0116304983878386,"maxScrollStep":47.7232795106298,"diagonal":false,"clipped":false}
[DebugBridge +53368.6ms] wheel_scroll_motion {"rawX":28,"rawY":0,"clippedX":28,"clippedY":0,"appliedX":19.040000000000003,"appliedY":0,"actualX":0,"actualY":0,"sensitivity":0.68,"currentZoomForScroll":1.0116304983878386,"maxScrollStep":47.7232795106298,"diagonal":false,"clipped":false}
[DebugBridge +53377.5ms] wheel_scroll_motion {"rawX":26,"rawY":0,"clippedX":26,"clippedY":0,"appliedX":17.68,"appliedY":0,"actualX":0,"actualY":0,"sensitivity":0.68,"currentZoomForScroll":1.0116304983878386,"maxScrollStep":47.7232795106298,"diagonal":false,"clipped":false}
[DebugBridge +53386.4ms] wheel_scroll_motion {"rawX":26,"rawY":0,"clippedX":26,"clippedY":0,"appliedX":17.68,"appliedY":0,"actualX":0,"actualY":0,"sensitivity":0.68,"currentZoomForScroll":1.0116304983878386,"maxScrollStep":47.7232795106298,"diagonal":false,"clipped":false}
[DebugBridge +53394.0ms] wheel_scroll_motion {"rawX":26,"rawY":0,"clippedX":26,"clippedY":0,"appliedX":17.68,"appliedY":0,"actualX":0,"actualY":0,"sensitivity":0.68,"currentZoomForScroll":1.0116304983878386,"maxScrollStep":47.7232795106298,"diagonal":false,"clipped":false}
[DebugBridge +53402.9ms] wheel_scroll_motion {"rawX":24,"rawY":0,"clippedX":24,"clippedY":0,"appliedX":16.32,"appliedY":0,"actualX":0,"actualY":0,"sensitivity":0.68,"currentZoomForScroll":1.0116304983878386,"maxScrollStep":47.7232795106298,"diagonal":false,"clipped":false}
[DebugBridge +53410.5ms] wheel_scroll_motion {"rawX":22,"rawY":0,"clippedX":22,"clippedY":0,"appliedX":14.96,"appliedY":0,"actualX":0,"actualY":0,"sensitivity":0.68,"currentZoomForScroll":1.0116304983878386,"maxScrollStep":47.7232795106298,"diagonal":false,"clipped":false}
[DebugBridge +53419.4ms] wheel_scroll_motion {"rawX":22,"rawY":0,"clippedX":22,"clippedY":0,"appliedX":14.96,"appliedY":0,"actualX":0,"actualY":0,"sensitivity":0.68,"currentZoomForScroll":1.0116304983878386,"maxScrollStep":47.7232795106298,"diagonal":false,"clipped":false}
[DebugBridge +53427.0ms] wheel_scroll_motion {"rawX":22,"rawY":0,"clippedX":22,"clippedY":0,"appliedX":14.96,"appliedY":0,"actualX":0,"actualY":0,"sensitivity":0.68,"currentZoomForScroll":1.0116304983878386,"maxScrollStep":47.7232795106298,"diagonal":false,"clipped":false}
[DebugBridge +53435.9ms] wheel_scroll_motion {"rawX":20,"rawY":0,"clippedX":20,"clippedY":0,"appliedX":13.600000000000001,"appliedY":0,"actualX":0,"actualY":0,"sensitivity":0.68,"currentZoomForScroll":1.0116304983878386,"maxScrollStep":47.7232795106298,"diagonal":false,"clipped":false}
[DebugBridge +53640.5ms] page_visit_ready {"page":8,"pageCount":36,"revisited":true,"waitMs":633,"hasContainer":true,"hasPdfSurface":true,"spinnerVisible":false,"hasAnnotationOverlay":true,"ready":true}
[DebugBridge +53671.1ms] wheel_scroll_motion {"rawX":-264,"rawY":-102,"clippedX":-47.7232795106298,"clippedY":-47.7232795106298,"appliedX":-21.288400524101743,"appliedY":-21.288400524101743,"actualX":-21.5,"actualY":-21.5,"sensitivity":0.44608000000000003,"currentZoomForScroll":1.0116304983878386,"maxScrollStep":47.7232795106298,"diagonal":true,"clipped":true}
[DebugBridge +53678.1ms] wheel_scroll_motion {"rawX":-48,"rawY":-10,"clippedX":-47.7232795106298,"clippedY":-10,"appliedX":-21.288400524101743,"appliedY":-4.460800000000001,"actualX":-21.5,"actualY":-4.5,"sensitivity":0.44608000000000003,"currentZoomForScroll":1.0116304983878386,"maxScrollStep":47.7232795106298,"diagonal":true,"clipped":true}
[DebugBridge +53708.2ms] wheel_scroll_motion {"rawX":-780,"rawY":-190,"clippedX":-47.7232795106298,"clippedY":-47.7232795106298,"appliedX":-21.288400524101743,"appliedY":-21.288400524101743,"actualX":-21.5,"actualY":-21.5,"sensitivity":0.44608000000000003,"currentZoomForScroll":1.0116304983878386,"maxScrollStep":47.7232795106298,"diagonal":true,"clipped":true}
[DebugBridge +53709.8ms] page_visit_start {"page":7,"pageCount":36,"revisited":true,"hasContainer":true,"hasPdfSurface":true,"spinnerVisible":false,"hasAnnotationOverlay":true,"ready":true}
[DebugBridge +53712.2ms] page_visit_ready {"page":7,"pageCount":36,"revisited":true,"waitMs":3,"hasContainer":true,"hasPdfSurface":true,"spinnerVisible":false,"hasAnnotationOverlay":true,"ready":true}
[DebugBridge +53715.1ms] wheel_scroll_motion {"rawX":-102,"rawY":-24,"clippedX":-47.7232795106298,"clippedY":-24,"appliedX":-21.288400524101743,"appliedY":-10.70592,"actualX":-21.5,"actualY":-11,"sensitivity":0.44608000000000003,"currentZoomForScroll":1.0116304983878386,"maxScrollStep":47.7232795106298,"diagonal":true,"clipped":true}
[DebugBridge +53726.4ms] zoom_end {"source":"zoomChange_settle"}
[DebugBridge +53819.3ms] wheel_scroll_motion {"rawX":-94,"rawY":-20,"clippedX":-47.7232795106298,"clippedY":-20,"appliedX":-21.288400524101743,"appliedY":-8.921600000000002,"actualX":-21.5,"actualY":-9,"sensitivity":0.44608000000000003,"currentZoomForScroll":1.0116304983878386,"maxScrollStep":47.7232795106298,"diagonal":true,"clipped":true}
[DebugBridge +53836.5ms] wheel_scroll_motion {"rawX":0,"rawY":464,"clippedX":0,"clippedY":47.7232795106298,"appliedX":0,"appliedY":25.961464053782613,"actualX":0,"actualY":25.5,"sensitivity":0.544,"currentZoomForScroll":1.0116304983878386,"maxScrollStep":47.7232795106298,"diagonal":false,"clipped":true}
[DebugBridge +53919.8ms] wheel_scroll_motion {"rawX":0,"rawY":114,"clippedX":0,"clippedY":47.7232795106298,"appliedX":0,"appliedY":25.961464053782613,"actualX":0,"actualY":25.5,"sensitivity":0.544,"currentZoomForScroll":1.0116304983878386,"maxScrollStep":47.7232795106298,"diagonal":false,"clipped":true}
[DebugBridge +53920.6ms] page_visit_start {"page":8,"pageCount":36,"revisited":true,"hasContainer":true,"hasPdfSurface":true,"spinnerVisible":false,"hasAnnotationOverlay":true,"ready":true}
[DebugBridge +53921.9ms] page_visit_ready {"page":8,"pageCount":36,"revisited":true,"waitMs":1,"hasContainer":true,"hasPdfSurface":true,"spinnerVisible":false,"hasAnnotationOverlay":true,"ready":true}
[DebugBridge +53928.4ms] wheel_scroll_motion {"rawX":0,"rawY":1204,"clippedX":0,"clippedY":47.7232795106298,"appliedX":0,"appliedY":25.961464053782613,"actualX":0,"actualY":25.5,"sensitivity":0.544,"currentZoomForScroll":1.0116304983878386,"maxScrollStep":47.7232795106298,"diagonal":false,"clipped":true}
[DebugBridge +54049.8ms] wheel_scroll_motion {"rawX":0,"rawY":106,"clippedX":0,"clippedY":47.7232795106298,"appliedX":0,"appliedY":25.961464053782613,"actualX":0,"actualY":25.5,"sensitivity":0.544,"currentZoomForScroll":1.0116304983878386,"maxScrollStep":47.7232795106298,"diagonal":false,"clipped":true}
[DebugBridge +54062.6ms] wheel_scroll_motion {"rawX":0,"rawY":674,"clippedX":0,"clippedY":47.7232795106298,"appliedX":0,"appliedY":25.961464053782613,"actualX":0,"actualY":25.5,"sensitivity":0.544,"currentZoomForScroll":1.0116304983878386,"maxScrollStep":47.7232795106298,"diagonal":false,"clipped":true}
[DebugBridge +54231.9ms] wheel_scroll_motion {"rawX":128,"rawY":-60,"clippedX":47.7232795106298,"clippedY":-47.7232795106298,"appliedX":21.288400524101743,"appliedY":-21.288400524101743,"actualX":21,"actualY":-21.5,"sensitivity":0.44608000000000003,"currentZoomForScroll":1.0116304983878386,"maxScrollStep":47.7232795106298,"diagonal":true,"clipped":true}
[DebugBridge +54248.8ms] wheel_scroll_motion {"rawX":458,"rawY":-160,"clippedX":47.7232795106298,"clippedY":-47.7232795106298,"appliedX":21.288400524101743,"appliedY":-21.288400524101743,"actualX":21,"actualY":-21.5,"sensitivity":0.44608000000000003,"currentZoomForScroll":1.0116304983878386,"maxScrollStep":47.7232795106298,"diagonal":true,"clipped":true}
[DebugBridge +54268.0ms] wheel_scroll_motion {"rawX":58,"rawY":-20,"clippedX":47.7232795106298,"clippedY":-20,"appliedX":21.288400524101743,"appliedY":-8.921600000000002,"actualX":21,"actualY":-9,"sensitivity":0.44608000000000003,"currentZoomForScroll":1.0116304983878386,"maxScrollStep":47.7232795106298,"diagonal":true,"clipped":true}
[DebugBridge +54277.4ms] wheel_scroll_motion {"rawX":26,"rawY":-8,"clippedX":26,"clippedY":-8,"appliedX":14.4976,"appliedY":-4.4608,"actualX":12,"actualY":-4.5,"sensitivity":0.5576,"currentZoomForScroll":1.0116304983878386,"maxScrollStep":47.7232795106298,"diagonal":true,"clipped":false}
[DebugBridge +54285.6ms] wheel_scroll_motion {"rawX":26,"rawY":-8,"clippedX":26,"clippedY":-8,"appliedX":14.4976,"appliedY":-4.4608,"actualX":0,"actualY":-4.5,"sensitivity":0.5576,"currentZoomForScroll":1.0116304983878386,"maxScrollStep":47.7232795106298,"diagonal":true,"clipped":false}
[DebugBridge +54286.4ms] page_visit_start {"page":7,"pageCount":36,"revisited":true,"hasContainer":true,"hasPdfSurface":true,"spinnerVisible":false,"hasAnnotationOverlay":true,"ready":true}
[DebugBridge +54288.2ms] page_visit_ready {"page":7,"pageCount":36,"revisited":true,"waitMs":2,"hasContainer":true,"hasPdfSurface":true,"spinnerVisible":false,"hasAnnotationOverlay":true,"ready":true}
[DebugBridge +54357.3ms] wheel_scroll_motion {"rawX":24,"rawY":-8,"clippedX":24,"clippedY":-8,"appliedX":13.3824,"appliedY":-4.4608,"actualX":0,"actualY":-4.5,"sensitivity":0.5576,"currentZoomForScroll":1.0116304983878386,"maxScrollStep":47.7232795106298,"diagonal":true,"clipped":false}
[DebugBridge +54362.8ms] wheel_scroll_motion {"rawX":64,"rawY":-24,"clippedX":47.7232795106298,"clippedY":-24,"appliedX":21.288400524101743,"appliedY":-10.70592,"actualX":0,"actualY":-11,"sensitivity":0.44608000000000003,"currentZoomForScroll":1.0116304983878386,"maxScrollStep":47.7232795106298,"diagonal":true,"clipped":true}
[DebugBridge +54445.1ms] wheel_scroll_motion {"rawX":-70,"rawY":-234,"clippedX":-47.7232795106298,"clippedY":-47.7232795106298,"appliedX":-21.288400524101743,"appliedY":-21.288400524101743,"actualX":-21.5,"actualY":-21.5,"sensitivity":0.44608000000000003,"currentZoomForScroll":1.0116304983878386,"maxScrollStep":47.7232795106298,"diagonal":true,"clipped":true}
[DebugBridge +54558.1ms] wheel_scroll_motion {"rawX":-30,"rawY":-52,"clippedX":-30,"clippedY":-47.7232795106298,"appliedX":-13.3824,"appliedY":-21.288400524101743,"actualX":-13.5,"actualY":-21.5,"sensitivity":0.44608000000000003,"currentZoomForScroll":1.0116304983878386,"maxScrollStep":47.7232795106298,"diagonal":true,"clipped":true}
[DebugBridge +54562.2ms] wheel_scroll_motion {"rawX":-362,"rawY":-634,"clippedX":-47.7232795106298,"clippedY":-47.7232795106298,"appliedX":-21.288400524101743,"appliedY":-21.288400524101743,"actualX":-21.5,"actualY":-21.5,"sensitivity":0.44608000000000003,"currentZoomForScroll":1.0116304983878386,"maxScrollStep":47.7232795106298,"diagonal":true,"clipped":true}
[DebugBridge +54568.2ms] wheel_scroll_motion {"rawX":-30,"rawY":-50,"clippedX":-30,"clippedY":-47.7232795106298,"appliedX":-13.3824,"appliedY":-21.288400524101743,"actualX":-13.5,"actualY":-21.5,"sensitivity":0.44608000000000003,"currentZoomForScroll":1.0116304983878386,"maxScrollStep":47.7232795106298,"diagonal":true,"clipped":true}
[DebugBridge +54577.5ms] wheel_scroll_motion {"rawX":-26,"rawY":-48,"clippedX":-26,"clippedY":-47.7232795106298,"appliedX":-11.598080000000001,"appliedY":-21.288400524101743,"actualX":-12,"actualY":-21.5,"sensitivity":0.44608000000000003,"currentZoomForScroll":1.0116304983878386,"maxScrollStep":47.7232795106298,"diagonal":true,"clipped":true}
[DebugBridge +54678.9ms] wheel_scroll_motion {"rawX":-12,"rawY":54,"clippedX":-12,"clippedY":47.7232795106298,"appliedX":-5.35296,"appliedY":21.288400524101743,"actualX":-5.5,"actualY":21,"sensitivity":0.44608000000000003,"currentZoomForScroll":1.0116304983878386,"maxScrollStep":47.7232795106298,"diagonal":true,"clipped":true}
[DebugBridge +54685.7ms] wheel_scroll_motion {"rawX":-14,"rawY":70,"clippedX":-14,"clippedY":47.7232795106298,"appliedX":-6.24512,"appliedY":21.288400524101743,"actualX":-6.5,"actualY":21,"sensitivity":0.44608000000000003,"currentZoomForScroll":1.0116304983878386,"maxScrollStep":47.7232795106298,"diagonal":true,"clipped":true}
[DebugBridge +54695.1ms] wheel_scroll_motion {"rawX":0,"rawY":70,"clippedX":0,"clippedY":47.7232795106298,"appliedX":0,"appliedY":25.961464053782613,"actualX":0,"actualY":25.5,"sensitivity":0.544,"currentZoomForScroll":1.0116304983878386,"maxScrollStep":47.7232795106298,"diagonal":false,"clipped":true}
[DebugBridge +54701.9ms] wheel_scroll_motion {"rawX":0,"rawY":84,"clippedX":0,"clippedY":47.7232795106298,"appliedX":0,"appliedY":25.961464053782613,"actualX":0,"actualY":25.5,"sensitivity":0.544,"currentZoomForScroll":1.0116304983878386,"maxScrollStep":47.7232795106298,"diagonal":false,"clipped":true}
[DebugBridge +54711.3ms] wheel_scroll_motion {"rawX":0,"rawY":88,"clippedX":0,"clippedY":47.7232795106298,"appliedX":0,"appliedY":25.961464053782613,"actualX":0,"actualY":25.5,"sensitivity":0.544,"currentZoomForScroll":1.0116304983878386,"maxScrollStep":47.7232795106298,"diagonal":false,"clipped":true}
[DebugBridge +54718.1ms] wheel_scroll_motion {"rawX":0,"rawY":90,"clippedX":0,"clippedY":47.7232795106298,"appliedX":0,"appliedY":25.961464053782613,"actualX":0,"actualY":25.5,"sensitivity":0.544,"currentZoomForScroll":1.0116304983878386,"maxScrollStep":47.7232795106298,"diagonal":false,"clipped":true}
[DebugBridge +54728.6ms] wheel_scroll_motion {"rawX":0,"rawY":88,"clippedX":0,"clippedY":47.7232795106298,"appliedX":0,"appliedY":25.961464053782613,"actualX":0,"actualY":25.5,"sensitivity":0.544,"currentZoomForScroll":1.0116304983878386,"maxScrollStep":47.7232795106298,"diagonal":false,"clipped":true}
[DebugBridge +54729.6ms] page_visit_start {"page":8,"pageCount":36,"revisited":true,"hasContainer":true,"hasPdfSurface":true,"spinnerVisible":false,"hasAnnotationOverlay":true,"ready":true}
[DebugBridge +54730.8ms] page_visit_ready {"page":8,"pageCount":36,"revisited":true,"waitMs":1,"hasContainer":true,"hasPdfSurface":true,"spinnerVisible":false,"hasAnnotationOverlay":true,"ready":true}
[DebugBridge +54820.5ms] wheel_scroll_motion {"rawX":0,"rawY":90,"clippedX":0,"clippedY":47.7232795106298,"appliedX":0,"appliedY":25.961464053782613,"actualX":0,"actualY":25.5,"sensitivity":0.544,"currentZoomForScroll":1.0116304983878386,"maxScrollStep":47.7232795106298,"diagonal":false,"clipped":true}
[DebugBridge +54830.6ms] wheel_scroll_motion {"rawX":0,"rawY":800,"clippedX":0,"clippedY":47.7232795106298,"appliedX":0,"appliedY":25.961464053782613,"actualX":0,"actualY":25.5,"sensitivity":0.544,"currentZoomForScroll":1.0116304983878386,"maxScrollStep":47.7232795106298,"diagonal":false,"clipped":true}
[DebugBridge +54909.5ms] wheel_scroll_motion {"rawX":0,"rawY":66,"clippedX":0,"clippedY":47.7232795106298,"appliedX":0,"appliedY":25.961464053782613,"actualX":0,"actualY":25.5,"sensitivity":0.544,"currentZoomForScroll":1.0116304983878386,"maxScrollStep":47.7232795106298,"diagonal":false,"clipped":true}
[DebugBridge +54916.2ms] wheel_scroll_motion {"rawX":0,"rawY":128,"clippedX":0,"clippedY":47.7232795106298,"appliedX":0,"appliedY":25.961464053782613,"actualX":0,"actualY":25.5,"sensitivity":0.544,"currentZoomForScroll":1.0116304983878386,"maxScrollStep":47.7232795106298,"diagonal":false,"clipped":true}
[DebugBridge +55052.0ms] wheel_scroll_motion {"rawX":114,"rawY":-194,"clippedX":47.7232795106298,"clippedY":-47.7232795106298,"appliedX":21.288400524101743,"appliedY":-21.288400524101743,"actualX":21,"actualY":-21.5,"sensitivity":0.44608000000000003,"currentZoomForScroll":1.0116304983878386,"maxScrollStep":47.7232795106298,"diagonal":true,"clipped":true}
[DebugBridge +55086.6ms] page_visit_start {"page":7,"pageCount":36,"revisited":true,"hasContainer":true,"hasPdfSurface":true,"spinnerVisible":false,"hasAnnotationOverlay":true,"ready":true}
[DebugBridge +55088.2ms] page_visit_ready {"page":7,"pageCount":36,"revisited":true,"waitMs":2,"hasContainer":true,"hasPdfSurface":true,"spinnerVisible":false,"hasAnnotationOverlay":true,"ready":true}
[DebugBridge +55160.6ms] wheel_scroll_motion {"rawX":40,"rawY":-72,"clippedX":40,"clippedY":-47.7232795106298,"appliedX":17.843200000000003,"appliedY":-21.288400524101743,"actualX":17.5,"actualY":-21.5,"sensitivity":0.44608000000000003,"currentZoomForScroll":1.0116304983878386,"maxScrollStep":47.7232795106298,"diagonal":true,"clipped":true}
[DebugBridge +55236.8ms] wheel_scroll_motion {"rawX":-178,"rawY":-130,"clippedX":-47.7232795106298,"clippedY":-47.7232795106298,"appliedX":-21.288400524101743,"appliedY":-21.288400524101743,"actualX":-21.5,"actualY":-21.5,"sensitivity":0.44608000000000003,"currentZoomForScroll":1.0116304983878386,"maxScrollStep":47.7232795106298,"diagonal":true,"clipped":true}
[DebugBridge +55319.9ms] wheel_scroll_motion {"rawX":-52,"rawY":-20,"clippedX":-47.7232795106298,"clippedY":-20,"appliedX":-21.288400524101743,"appliedY":-8.921600000000002,"actualX":-21.5,"actualY":-9,"sensitivity":0.44608000000000003,"currentZoomForScroll":1.0116304983878386,"maxScrollStep":47.7232795106298,"diagonal":true,"clipped":true}
[DebugBridge +55323.9ms] wheel_scroll_motion {"rawX":-76,"rawY":-26,"clippedX":-47.7232795106298,"clippedY":-26,"appliedX":-21.288400524101743,"appliedY":-11.598080000000001,"actualX":-21.5,"actualY":-12,"sensitivity":0.44608000000000003,"currentZoomForScroll":1.0116304983878386,"maxScrollStep":47.7232795106298,"diagonal":true,"clipped":true}
[DebugBridge +55327.0ms] wheel_scroll_motion {"rawX":-734,"rawY":-288,"clippedX":-47.7232795106298,"clippedY":-47.7232795106298,"appliedX":-21.288400524101743,"appliedY":-21.288400524101743,"actualX":-21.5,"actualY":-21.5,"sensitivity":0.44608000000000003,"currentZoomForScroll":1.0116304983878386,"maxScrollStep":47.7232795106298,"diagonal":true,"clipped":true}
[DebugBridge +55336.4ms] wheel_scroll_motion {"rawX":-86,"rawY":-38,"clippedX":-47.7232795106298,"clippedY":-38,"appliedX":-21.288400524101743,"appliedY":-16.951040000000003,"actualX":-21.5,"actualY":-17,"sensitivity":0.44608000000000003,"currentZoomForScroll":1.0116304983878386,"maxScrollStep":47.7232795106298,"diagonal":true,"clipped":true}
[DebugBridge +55344.4ms] wheel_scroll_motion {"rawX":-86,"rawY":-34,"clippedX":-47.7232795106298,"clippedY":-34,"appliedX":-21.288400524101743,"appliedY":-15.166720000000002,"actualX":-8.5,"actualY":-15.5,"sensitivity":0.44608000000000003,"currentZoomForScroll":1.0116304983878386,"maxScrollStep":47.7232795106298,"diagonal":true,"clipped":true}
[DebugBridge +55352.6ms] wheel_scroll_motion {"rawX":-82,"rawY":-34,"clippedX":-47.7232795106298,"clippedY":-34,"appliedX":-21.288400524101743,"appliedY":-15.166720000000002,"actualX":0,"actualY":-15.5,"sensitivity":0.44608000000000003,"currentZoomForScroll":1.0116304983878386,"maxScrollStep":47.7232795106298,"diagonal":true,"clipped":true}
[DebugBridge +55360.6ms] wheel_scroll_motion {"rawX":-80,"rawY":-34,"clippedX":-47.7232795106298,"clippedY":-34,"appliedX":-21.288400524101743,"appliedY":-15.166720000000002,"actualX":0,"actualY":-15.5,"sensitivity":0.44608000000000003,"currentZoomForScroll":1.0116304983878386,"maxScrollStep":47.7232795106298,"diagonal":true,"clipped":true}
[DebugBridge +55369.6ms] wheel_scroll_motion {"rawX":-76,"rawY":-30,"clippedX":-47.7232795106298,"clippedY":-30,"appliedX":-21.288400524101743,"appliedY":-13.3824,"actualX":0,"actualY":-13.5,"sensitivity":0.44608000000000003,"currentZoomForScroll":1.0116304983878386,"maxScrollStep":47.7232795106298,"diagonal":true,"clipped":true}
[DebugBridge +55376.3ms] wheel_scroll_motion {"rawX":-76,"rawY":-30,"clippedX":-47.7232795106298,"clippedY":-30,"appliedX":-21.288400524101743,"appliedY":-13.3824,"actualX":0,"actualY":-13.5,"sensitivity":0.44608000000000003,"currentZoomForScroll":1.0116304983878386,"maxScrollStep":47.7232795106298,"diagonal":true,"clipped":true}
[DebugBridge +55386.8ms] wheel_scroll_motion {"rawX":-72,"rawY":-30,"clippedX":-47.7232795106298,"clippedY":-30,"appliedX":-21.288400524101743,"appliedY":-13.3824,"actualX":0,"actualY":-13.5,"sensitivity":0.44608000000000003,"currentZoomForScroll":1.0116304983878386,"maxScrollStep":47.7232795106298,"diagonal":true,"clipped":true}
[DebugBridge +55394.8ms] wheel_scroll_motion {"rawX":-68,"rawY":-28,"clippedX":-47.7232795106298,"clippedY":-28,"appliedX":-21.288400524101743,"appliedY":-12.49024,"actualX":0,"actualY":-12.5,"sensitivity":0.44608000000000003,"currentZoomForScroll":1.0116304983878386,"maxScrollStep":47.7232795106298,"diagonal":true,"clipped":true}
[DebugBridge +55402.7ms] wheel_scroll_motion {"rawX":-68,"rawY":-26,"clippedX":-47.7232795106298,"clippedY":-26,"appliedX":-21.288400524101743,"appliedY":-11.598080000000001,"actualX":0,"actualY":-12,"sensitivity":0.44608000000000003,"currentZoomForScroll":1.0116304983878386,"maxScrollStep":47.7232795106298,"diagonal":true,"clipped":true}
[DebugBridge +55409.8ms] wheel_scroll_motion {"rawX":-64,"rawY":-26,"clippedX":-47.7232795106298,"clippedY":-26,"appliedX":-21.288400524101743,"appliedY":-11.598080000000001,"actualX":0,"actualY":-12,"sensitivity":0.44608000000000003,"currentZoomForScroll":1.0116304983878386,"maxScrollStep":47.7232795106298,"diagonal":true,"clipped":true}
[DebugBridge +55417.9ms] wheel_scroll_motion {"rawX":-64,"rawY":-24,"clippedX":-47.7232795106298,"clippedY":-24,"appliedX":-21.288400524101743,"appliedY":-10.70592,"actualX":0,"actualY":-11,"sensitivity":0.44608000000000003,"currentZoomForScroll":1.0116304983878386,"maxScrollStep":47.7232795106298,"diagonal":true,"clipped":true}
[DebugBridge +55586.9ms] wheel_scroll_motion {"rawX":30,"rawY":-102,"clippedX":30,"clippedY":-47.7232795106298,"appliedX":13.3824,"appliedY":-21.288400524101743,"actualX":13,"actualY":-21.5,"sensitivity":0.44608000000000003,"currentZoomForScroll":1.0116304983878386,"maxScrollStep":47.7232795106298,"diagonal":true,"clipped":true}
[DebugBridge +55603.1ms] wheel_scroll_motion {"rawX":0,"rawY":-82,"clippedX":0,"clippedY":-47.7232795106298,"appliedX":0,"appliedY":-25.961464053782613,"actualX":0,"actualY":-26,"sensitivity":0.544,"currentZoomForScroll":1.0116304983878386,"maxScrollStep":47.7232795106298,"diagonal":false,"clipped":true}
[DebugBridge +55836.4ms] wheel_scroll_motion {"rawX":-8,"rawY":-48,"clippedX":-8,"clippedY":-47.7232795106298,"appliedX":-3.5686400000000003,"appliedY":-21.288400524101743,"actualX":-4,"actualY":-21.5,"sensitivity":0.44608000000000003,"currentZoomForScroll":1.0116304983878386,"maxScrollStep":47.7232795106298,"diagonal":true,"clipped":true}
[DebugBridge +55844.8ms] wheel_scroll_motion {"rawX":-10,"rawY":-60,"clippedX":-10,"clippedY":-47.7232795106298,"appliedX":-4.460800000000001,"appliedY":-21.288400524101743,"actualX":-4.5,"actualY":-21.5,"sensitivity":0.44608000000000003,"currentZoomForScroll":1.0116304983878386,"maxScrollStep":47.7232795106298,"diagonal":true,"clipped":true}
[DebugBridge +55851.4ms] wheel_scroll_motion {"rawX":-8,"rawY":-34,"clippedX":-8,"clippedY":-34,"appliedX":-4.4608,"appliedY":-18.9584,"actualX":-2.5,"actualY":-19,"sensitivity":0.5576,"currentZoomForScroll":1.0116304983878386,"maxScrollStep":47.7232795106298,"diagonal":true,"clipped":false}
[DebugBridge +55861.1ms] wheel_scroll_motion {"rawX":-10,"rawY":-44,"clippedX":-10,"clippedY":-44,"appliedX":-5.576,"appliedY":-24.534399999999998,"actualX":0,"actualY":-25,"sensitivity":0.5576,"currentZoomForScroll":1.0116304983878386,"maxScrollStep":47.7232795106298,"diagonal":true,"clipped":false}
[DebugBridge +55869.3ms] wheel_scroll_motion {"rawX":-6,"rawY":-24,"clippedX":-6,"clippedY":-24,"appliedX":-3.3456,"appliedY":-13.3824,"actualX":0,"actualY":-13.5,"sensitivity":0.5576,"currentZoomForScroll":1.0116304983878386,"maxScrollStep":47.7232795106298,"diagonal":true,"clipped":false}
[DebugBridge +55885.7ms] wheel_scroll_motion {"rawX":0,"rawY":-62,"clippedX":0,"clippedY":-47.7232795106298,"appliedX":0,"appliedY":-25.961464053782613,"actualX":0,"actualY":-26,"sensitivity":0.544,"currentZoomForScroll":1.0116304983878386,"maxScrollStep":47.7232795106298,"diagonal":false,"clipped":true}
[DebugBridge +55893.9ms] wheel_scroll_motion {"rawX":0,"rawY":-78,"clippedX":0,"clippedY":-47.7232795106298,"appliedX":0,"appliedY":-25.961464053782613,"actualX":0,"actualY":-26,"sensitivity":0.544,"currentZoomForScroll":1.0116304983878386,"maxScrollStep":47.7232795106298,"diagonal":false,"clipped":true}
[DebugBridge +55902.1ms] wheel_scroll_motion {"rawX":0,"rawY":-84,"clippedX":0,"clippedY":-47.7232795106298,"appliedX":0,"appliedY":-25.961464053782613,"actualX":0,"actualY":-26,"sensitivity":0.544,"currentZoomForScroll":1.0116304983878386,"maxScrollStep":47.7232795106298,"diagonal":false,"clipped":true}
[DebugBridge +55911.1ms] wheel_scroll_motion {"rawX":0,"rawY":-84,"clippedX":0,"clippedY":-47.7232795106298,"appliedX":0,"appliedY":-25.961464053782613,"actualX":0,"actualY":-26,"sensitivity":0.544,"currentZoomForScroll":1.0116304983878386,"maxScrollStep":47.7232795106298,"diagonal":false,"clipped":true}
[DebugBridge +55919.8ms] wheel_scroll_motion {"rawX":0,"rawY":-84,"clippedX":0,"clippedY":-47.7232795106298,"appliedX":0,"appliedY":-25.961464053782613,"actualX":0,"actualY":-26,"sensitivity":0.544,"currentZoomForScroll":1.0116304983878386,"maxScrollStep":47.7232795106298,"diagonal":false,"clipped":true}
[DebugBridge +55931.3ms] wheel_scroll_motion {"rawX":0,"rawY":-86,"clippedX":0,"clippedY":-47.7232795106298,"appliedX":0,"appliedY":-25.961464053782613,"actualX":0,"actualY":-26,"sensitivity":0.544,"currentZoomForScroll":1.0116304983878386,"maxScrollStep":47.7232795106298,"diagonal":false,"clipped":true}
[DebugBridge +55937.8ms] wheel_scroll_motion {"rawX":0,"rawY":-172,"clippedX":0,"clippedY":-47.7232795106298,"appliedX":0,"appliedY":-25.961464053782613,"actualX":0,"actualY":-26,"sensitivity":0.544,"currentZoomForScroll":1.0116304983878386,"maxScrollStep":47.7232795106298,"diagonal":false,"clipped":true}
[DebugBridge +55943.4ms] wheel_scroll_motion {"rawX":0,"rawY":-82,"clippedX":0,"clippedY":-47.7232795106298,"appliedX":0,"appliedY":-25.961464053782613,"actualX":0,"actualY":-26,"sensitivity":0.544,"currentZoomForScroll":1.0116304983878386,"maxScrollStep":47.7232795106298,"diagonal":false,"clipped":true}
[DebugBridge +55944.2ms] page_visit_start {"page":6,"pageCount":36,"revisited":true,"hasContainer":true,"hasPdfSurface":true,"spinnerVisible":false,"hasAnnotationOverlay":true,"ready":true}
[DebugBridge +55946.6ms] page_visit_ready {"page":6,"pageCount":36,"revisited":true,"waitMs":2,"hasContainer":true,"hasPdfSurface":true,"spinnerVisible":false,"hasAnnotationOverlay":true,"ready":true}
[DebugBridge +55991.6ms] wheel_scroll_motion {"rawX":0,"rawY":-82,"clippedX":0,"clippedY":-47.7232795106298,"appliedX":0,"appliedY":-25.961464053782613,"actualX":0,"actualY":-26,"sensitivity":0.544,"currentZoomForScroll":1.0116304983878386,"maxScrollStep":47.7232795106298,"diagonal":false,"clipped":true}
[DebugBridge +55995.3ms] wheel_scroll_motion {"rawX":0,"rawY":-368,"clippedX":0,"clippedY":-47.7232795106298,"appliedX":0,"appliedY":-25.961464053782613,"actualX":0,"actualY":-26,"sensitivity":0.544,"currentZoomForScroll":1.0116304983878386,"maxScrollStep":47.7232795106298,"diagonal":false,"clipped":true}
[DebugBridge +56032.3ms] wheel_scroll_motion {"rawX":0,"rawY":-68,"clippedX":0,"clippedY":-47.7232795106298,"appliedX":0,"appliedY":-25.961464053782613,"actualX":0,"actualY":-26,"sensitivity":0.544,"currentZoomForScroll":1.0116304983878386,"maxScrollStep":47.7232795106298,"diagonal":false,"clipped":true}
[DebugBridge +56035.5ms] wheel_scroll_motion {"rawX":0,"rawY":-64,"clippedX":0,"clippedY":-47.7232795106298,"appliedX":0,"appliedY":-25.961464053782613,"actualX":0,"actualY":-26,"sensitivity":0.544,"currentZoomForScroll":1.0116304983878386,"maxScrollStep":47.7232795106298,"diagonal":false,"clipped":true}
[DebugBridge +56078.0ms] wheel_scroll_motion {"rawX":16,"rawY":82,"clippedX":16,"clippedY":47.7232795106298,"appliedX":7.1372800000000005,"appliedY":21.288400524101743,"actualX":7,"actualY":21,"sensitivity":0.44608000000000003,"currentZoomForScroll":1.0116304983878386,"maxScrollStep":47.7232795106298,"diagonal":true,"clipped":true}
[DebugBridge +56127.5ms] page_visit_start {"page":7,"pageCount":36,"revisited":true,"hasContainer":true,"hasPdfSurface":true,"spinnerVisible":false,"hasAnnotationOverlay":true,"ready":true}
[DebugBridge +56128.0ms] page_visit_ready {"page":7,"pageCount":36,"revisited":true,"waitMs":1,"hasContainer":true,"hasPdfSurface":true,"spinnerVisible":false,"hasAnnotationOverlay":true,"ready":true}
[DebugBridge +56301.0ms] wheel_scroll_motion {"rawX":-4,"rawY":198,"clippedX":-4,"clippedY":47.7232795106298,"appliedX":-1.7843200000000001,"appliedY":21.288400524101743,"actualX":-2,"actualY":21,"sensitivity":0.44608000000000003,"currentZoomForScroll":1.0116304983878386,"maxScrollStep":47.7232795106298,"diagonal":true,"clipped":true}
[DebugBridge +56304.3ms] wheel_scroll_motion {"rawX":0,"rawY":64,"clippedX":0,"clippedY":47.7232795106298,"appliedX":0,"appliedY":25.961464053782613,"actualX":0,"actualY":25.5,"sensitivity":0.544,"currentZoomForScroll":1.0116304983878386,"maxScrollStep":47.7232795106298,"diagonal":false,"clipped":true}
[DebugBridge +56374.2ms] wheel_scroll_motion {"rawX":0,"rawY":1256,"clippedX":0,"clippedY":47.7232795106298,"appliedX":0,"appliedY":25.961464053782613,"actualX":0,"actualY":25.5,"sensitivity":0.544,"currentZoomForScroll":1.0116304983878386,"maxScrollStep":47.7232795106298,"diagonal":false,"clipped":true}
[DebugBridge +56377.6ms] wheel_scroll_motion {"rawX":0,"rawY":448,"clippedX":0,"clippedY":47.7232795106298,"appliedX":0,"appliedY":25.961464053782613,"actualX":0,"actualY":25.5,"sensitivity":0.544,"currentZoomForScroll":1.0116304983878386,"maxScrollStep":47.7232795106298,"diagonal":false,"clipped":true}
[DebugBridge +56402.7ms] wheel_scroll_motion {"rawX":0,"rawY":90,"clippedX":0,"clippedY":47.7232795106298,"appliedX":0,"appliedY":25.961464053782613,"actualX":0,"actualY":25.5,"sensitivity":0.544,"currentZoomForScroll":1.0116304983878386,"maxScrollStep":47.7232795106298,"diagonal":false,"clipped":true}
[DebugBridge +56476.8ms] wheel_scroll_motion {"rawX":0,"rawY":220,"clippedX":0,"clippedY":47.7232795106298,"appliedX":0,"appliedY":25.961464053782613,"actualX":0,"actualY":25.5,"sensitivity":0.544,"currentZoomForScroll":1.0116304983878386,"maxScrollStep":47.7232795106298,"diagonal":false,"clipped":true}
[DebugBridge +57061.2ms] zoom_wheel_request {"rawDeltaY":-3.835991382598877,"reportedZoom":101,"trustedReactZoom":101.16304983878386,"currentZoom":101.16304983878386,"reportedCurrentZoom":101,"nextZoom":100.46694676789102,"requestedDeltaAbs":0.6961030708928462,"reportedLagAbs":0.1630498387838628,"rawGetZoomValue":101,"rawViewerZoomValue":101,"rawMagnificationZoom":null,"correctedSuspiciousZoom":false}
[DebugBridge +57061.3ms] zoom_start {"scale":1.0116304983878386,"source":"overlay_wheel_zoom_pre","reportedScale":1.01,"correctedSuspiciousZoom":false}
[DebugBridge +57109.5ms] zoom_wheel_request {"rawDeltaY":-27.210712432861328,"reportedZoom":100,"trustedReactZoom":100.466946767891,"currentZoom":100.466946767891,"reportedCurrentZoom":100,"nextZoom":95.66471279552795,"requestedDeltaAbs":4.802233972363055,"reportedLagAbs":0.4669467678910024,"rawGetZoomValue":100,"rawViewerZoomValue":100,"rawMagnificationZoom":null,"correctedSuspiciousZoom":false}
[DebugBridge +57150.5ms] zoom_wheel_request {"rawDeltaY":-69.88529205322266,"reportedZoom":95,"trustedReactZoom":95.66471279552795,"currentZoom":95.66471279552795,"reportedCurrentZoom":95,"nextZoom":84.35684683705244,"requestedDeltaAbs":11.307865958475503,"reportedLagAbs":0.6647127955279473,"rawGetZoomValue":95,"rawViewerZoomValue":95,"rawMagnificationZoom":null,"correctedSuspiciousZoom":false}
[DebugBridge +57188.6ms] zoom_wheel_request {"rawDeltaY":-37.3272705078125,"reportedZoom":84,"trustedReactZoom":84.35684683705244,"currentZoom":84.35684683705244,"reportedCurrentZoom":84,"nextZoom":78.87520268310608,"requestedDeltaAbs":5.4816441539463625,"reportedLagAbs":0.35684683705244424,"rawGetZoomValue":84,"rawViewerZoomValue":84,"rawMagnificationZoom":null,"correctedSuspiciousZoom":false}
[DebugBridge +57230.7ms] zoom_wheel_request {"rawDeltaY":-21.760028839111328,"reportedZoom":78,"trustedReactZoom":78.87520268310608,"currentZoom":78.87520268310608,"reportedCurrentZoom":78,"nextZoom":75.84553505642538,"requestedDeltaAbs":3.0296676266807054,"reportedLagAbs":0.8752026831060817,"rawGetZoomValue":78,"rawViewerZoomValue":78,"rawMagnificationZoom":null,"correctedSuspiciousZoom":false}
[DebugBridge +57266.4ms] zoom_wheel_request {"rawDeltaY":-4.804899215698242,"reportedZoom":75,"trustedReactZoom":75.84553505642538,"currentZoom":75.84553505642538,"reportedCurrentZoom":75,"nextZoom":75.19238932385171,"requestedDeltaAbs":0.6531457325736625,"reportedLagAbs":0.8455350564253763,"rawGetZoomValue":75,"rawViewerZoomValue":75,"rawMagnificationZoom":null,"correctedSuspiciousZoom":false}
[DebugBridge +57467.9ms] wheel_scroll_motion {"rawX":2,"rawY":2,"clippedX":2,"clippedY":2,"appliedX":1.1152,"appliedY":1.1152,"actualX":0,"actualY":1,"sensitivity":0.5576,"currentZoomForScroll":1,"maxScrollStep":48,"diagonal":true,"clipped":false}
[DebugBridge +57471.5ms] wheel_scroll_motion {"rawX":2,"rawY":2,"clippedX":2,"clippedY":2,"appliedX":1.1152,"appliedY":1.1152,"actualX":0,"actualY":1,"sensitivity":0.5576,"currentZoomForScroll":1,"maxScrollStep":48,"diagonal":true,"clipped":false}
[DebugBridge +57476.5ms] wheel_scroll_motion {"rawX":2,"rawY":2,"clippedX":2,"clippedY":2,"appliedX":1.1152,"appliedY":1.1152,"actualX":0,"actualY":1,"sensitivity":0.5576,"currentZoomForScroll":1,"maxScrollStep":48,"diagonal":true,"clipped":false}
[DebugBridge +57485.7ms] wheel_scroll_motion {"rawX":4,"rawY":2,"clippedX":4,"clippedY":2,"appliedX":2.2304,"appliedY":1.1152,"actualX":0,"actualY":1,"sensitivity":0.5576,"currentZoomForScroll":1,"maxScrollStep":48,"diagonal":true,"clipped":false}
[DebugBridge +57493.7ms] wheel_scroll_motion {"rawX":4,"rawY":2,"clippedX":4,"clippedY":2,"appliedX":2.2304,"appliedY":1.1152,"actualX":0,"actualY":1,"sensitivity":0.5576,"currentZoomForScroll":1,"maxScrollStep":48,"diagonal":true,"clipped":false}
[DebugBridge +57503.2ms] wheel_scroll_motion {"rawX":2,"rawY":0,"clippedX":2,"clippedY":0,"appliedX":1.36,"appliedY":0,"actualX":0,"actualY":0,"sensitivity":0.68,"currentZoomForScroll":1,"maxScrollStep":48,"diagonal":false,"clipped":false}
[DebugBridge +57510.5ms] wheel_scroll_motion {"rawX":6,"rawY":0,"clippedX":6,"clippedY":0,"appliedX":4.08,"appliedY":0,"actualX":0,"actualY":0,"sensitivity":0.68,"currentZoomForScroll":1,"maxScrollStep":48,"diagonal":false,"clipped":false}
[DebugBridge +57519.3ms] wheel_scroll_motion {"rawX":6,"rawY":0,"clippedX":6,"clippedY":0,"appliedX":4.08,"appliedY":0,"actualX":0,"actualY":0,"sensitivity":0.68,"currentZoomForScroll":1,"maxScrollStep":48,"diagonal":false,"clipped":false}
[DebugBridge +57526.9ms] wheel_scroll_motion {"rawX":6,"rawY":4,"clippedX":6,"clippedY":4,"appliedX":3.3456,"appliedY":2.2304,"actualX":0,"actualY":2,"sensitivity":0.5576,"currentZoomForScroll":1,"maxScrollStep":48,"diagonal":true,"clipped":false}
[DebugBridge +57535.8ms] wheel_scroll_motion {"rawX":4,"rawY":2,"clippedX":4,"clippedY":2,"appliedX":2.2304,"appliedY":1.1152,"actualX":0,"actualY":1,"sensitivity":0.5576,"currentZoomForScroll":1,"maxScrollStep":48,"diagonal":true,"clipped":false}
[DebugBridge +57543.9ms] wheel_scroll_motion {"rawX":14,"rawY":6,"clippedX":14,"clippedY":6,"appliedX":7.8064,"appliedY":3.3456,"actualX":0,"actualY":3,"sensitivity":0.5576,"currentZoomForScroll":1,"maxScrollStep":48,"diagonal":true,"clipped":false}
[DebugBridge +57553.3ms] wheel_scroll_motion {"rawX":4,"rawY":2,"clippedX":4,"clippedY":2,"appliedX":2.2304,"appliedY":1.1152,"actualX":0,"actualY":1,"sensitivity":0.5576,"currentZoomForScroll":1,"maxScrollStep":48,"diagonal":true,"clipped":false}
[DebugBridge +57560.3ms] wheel_scroll_motion {"rawX":8,"rawY":4,"clippedX":8,"clippedY":4,"appliedX":4.4608,"appliedY":2.2304,"actualX":0,"actualY":2,"sensitivity":0.5576,"currentZoomForScroll":1,"maxScrollStep":48,"diagonal":true,"clipped":false}
[DebugBridge +57568.5ms] wheel_scroll_motion {"rawX":6,"rawY":2,"clippedX":6,"clippedY":2,"appliedX":3.3456,"appliedY":1.1152,"actualX":0,"actualY":1,"sensitivity":0.5576,"currentZoomForScroll":1,"maxScrollStep":48,"diagonal":true,"clipped":false}
[DebugBridge +57577.9ms] wheel_scroll_motion {"rawX":6,"rawY":4,"clippedX":6,"clippedY":4,"appliedX":3.3456,"appliedY":2.2304,"actualX":0,"actualY":2,"sensitivity":0.5576,"currentZoomForScroll":1,"maxScrollStep":48,"diagonal":true,"clipped":false}
[DebugBridge +57585.9ms] wheel_scroll_motion {"rawX":6,"rawY":4,"clippedX":6,"clippedY":4,"appliedX":3.3456,"appliedY":2.2304,"actualX":0,"actualY":2,"sensitivity":0.5576,"currentZoomForScroll":1,"maxScrollStep":48,"diagonal":true,"clipped":false}
[DebugBridge +57593.8ms] wheel_scroll_motion {"rawX":6,"rawY":2,"clippedX":6,"clippedY":2,"appliedX":3.3456,"appliedY":1.1152,"actualX":0,"actualY":1,"sensitivity":0.5576,"currentZoomForScroll":1,"maxScrollStep":48,"diagonal":true,"clipped":false}
[DebugBridge +57603.1ms] wheel_scroll_motion {"rawX":6,"rawY":2,"clippedX":6,"clippedY":2,"appliedX":3.3456,"appliedY":1.1152,"actualX":0,"actualY":1,"sensitivity":0.5576,"currentZoomForScroll":1,"maxScrollStep":48,"diagonal":true,"clipped":false}
[DebugBridge +57611.5ms] wheel_scroll_motion {"rawX":6,"rawY":4,"clippedX":6,"clippedY":4,"appliedX":3.3456,"appliedY":2.2304,"actualX":0,"actualY":2,"sensitivity":0.5576,"currentZoomForScroll":1,"maxScrollStep":48,"diagonal":true,"clipped":false}
[DebugBridge +57619.9ms] wheel_scroll_motion {"rawX":4,"rawY":4,"clippedX":4,"clippedY":4,"appliedX":2.2304,"appliedY":2.2304,"actualX":0,"actualY":2,"sensitivity":0.5576,"currentZoomForScroll":1,"maxScrollStep":48,"diagonal":true,"clipped":false}
[DebugBridge +57628.0ms] wheel_scroll_motion {"rawX":6,"rawY":4,"clippedX":6,"clippedY":4,"appliedX":3.3456,"appliedY":2.2304,"actualX":0,"actualY":2,"sensitivity":0.5576,"currentZoomForScroll":1,"maxScrollStep":48,"diagonal":true,"clipped":false}
[DebugBridge +57636.0ms] wheel_scroll_motion {"rawX":4,"rawY":2,"clippedX":4,"clippedY":2,"appliedX":2.2304,"appliedY":1.1152,"actualX":0,"actualY":1,"sensitivity":0.5576,"currentZoomForScroll":1,"maxScrollStep":48,"diagonal":true,"clipped":false}
[DebugBridge +57644.0ms] wheel_scroll_motion {"rawX":2,"rawY":2,"clippedX":2,"clippedY":2,"appliedX":1.1152,"appliedY":1.1152,"actualX":0,"actualY":1,"sensitivity":0.5576,"currentZoomForScroll":1,"maxScrollStep":48,"diagonal":true,"clipped":false}
[DebugBridge +57652.1ms] wheel_scroll_motion {"rawX":2,"rawY":2,"clippedX":2,"clippedY":2,"appliedX":1.1152,"appliedY":1.1152,"actualX":0,"actualY":1,"sensitivity":0.5576,"currentZoomForScroll":1,"maxScrollStep":48,"diagonal":true,"clipped":false}
[DebugBridge +57661.3ms] wheel_scroll_motion {"rawX":2,"rawY":2,"clippedX":2,"clippedY":2,"appliedX":1.1152,"appliedY":1.1152,"actualX":0,"actualY":1,"sensitivity":0.5576,"currentZoomForScroll":1,"maxScrollStep":48,"diagonal":true,"clipped":false}
[DebugBridge +57669.3ms] wheel_scroll_motion {"rawX":4,"rawY":4,"clippedX":4,"clippedY":4,"appliedX":2.2304,"appliedY":2.2304,"actualX":0,"actualY":2,"sensitivity":0.5576,"currentZoomForScroll":1,"maxScrollStep":48,"diagonal":true,"clipped":false}
[DebugBridge +57677.4ms] wheel_scroll_motion {"rawX":4,"rawY":4,"clippedX":4,"clippedY":4,"appliedX":2.2304,"appliedY":2.2304,"actualX":0,"actualY":2,"sensitivity":0.5576,"currentZoomForScroll":1,"maxScrollStep":48,"diagonal":true,"clipped":false}
[DebugBridge +57685.7ms] wheel_scroll_motion {"rawX":4,"rawY":4,"clippedX":4,"clippedY":4,"appliedX":2.2304,"appliedY":2.2304,"actualX":0,"actualY":2,"sensitivity":0.5576,"currentZoomForScroll":1,"maxScrollStep":48,"diagonal":true,"clipped":false}
[DebugBridge +58221.3ms] zoom_wheel_request {"rawDeltaY":4.740730285644531,"reportedZoom":75,"trustedReactZoom":75.19238932385171,"currentZoom":75.19238932385171,"reportedCurrentZoom":75,"nextZoom":75.83677509403972,"requestedDeltaAbs":0.6443857701880091,"reportedLagAbs":0.1923893238517138,"rawGetZoomValue":75,"rawViewerZoomValue":75,"rawMagnificationZoom":null,"correctedSuspiciousZoom":false}
[DebugBridge +58263.5ms] zoom_wheel_request {"rawDeltaY":136.22157287597656,"reportedZoom":75,"trustedReactZoom":75.83677509403972,"currentZoom":75.83677509403972,"reportedCurrentZoom":75,"nextZoom":96.90994698818581,"requestedDeltaAbs":21.073171894146085,"reportedLagAbs":0.8367750940397229,"rawGetZoomValue":75,"rawViewerZoomValue":75,"rawMagnificationZoom":null,"correctedSuspiciousZoom":false}
[DebugBridge +58304.0ms] zoom_wheel_request {"rawDeltaY":14.628193855285645,"reportedZoom":96,"trustedReactZoom":96.90994698818581,"currentZoom":96.90994698818581,"reportedCurrentZoom":96,"nextZoom":99.4955495143029,"requestedDeltaAbs":2.5856025261170856,"reportedLagAbs":0.9099469881858084,"rawGetZoomValue":96,"rawViewerZoomValue":96,"rawMagnificationZoom":null,"correctedSuspiciousZoom":false}
[DebugBridge +59337.4ms] zoom_end {"source":"zoomChange_settle"}
[SaveLog] bulletproof local snapshot saved at /Users/isaiahcalvo/Desktop/Survey-BetaSafeS2/Logs/2026-05-06_20-49-09
[DebugBridge +64484.9ms] wheel_scroll_motion {"rawX":-60,"rawY":346,"clippedX":-48,"clippedY":48,"appliedX":-21.41184,"appliedY":21.41184,"actualX":-21.5,"actualY":21,"sensitivity":0.44608000000000003,"currentZoomForScroll":1,"maxScrollStep":48,"diagonal":true,"clipped":true}
[DebugBridge +64494.4ms] wheel_scroll_motion {"rawX":0,"rawY":54,"clippedX":0,"clippedY":48,"appliedX":0,"appliedY":26.112000000000002,"actualX":0,"actualY":26,"sensitivity":0.544,"currentZoomForScroll":1,"maxScrollStep":48,"diagonal":false,"clipped":true}
[DebugBridge +64503.1ms] wheel_scroll_motion {"rawX":0,"rawY":1072,"clippedX":0,"clippedY":48,"appliedX":0,"appliedY":26.112000000000002,"actualX":0,"actualY":26,"sensitivity":0.544,"currentZoomForScroll":1,"maxScrollStep":48,"diagonal":false,"clipped":true}
[DebugBridge +64538.4ms] wheel_scroll_motion {"rawX":158,"rawY":190,"clippedX":48,"clippedY":48,"appliedX":21.41184,"appliedY":21.41184,"actualX":21,"actualY":21,"sensitivity":0.44608000000000003,"currentZoomForScroll":1,"maxScrollStep":48,"diagonal":true,"clipped":true}
[DebugBridge +64666.7ms] wheel_scroll_motion {"rawX":118,"rawY":138,"clippedX":48,"clippedY":48,"appliedX":21.41184,"appliedY":21.41184,"actualX":21,"actualY":21,"sensitivity":0.44608000000000003,"currentZoomForScroll":1,"maxScrollStep":48,"diagonal":true,"clipped":true}
[DebugBridge +64772.8ms] wheel_scroll_motion {"rawX":-56,"rawY":-20,"clippedX":-48,"clippedY":-20,"appliedX":-21.41184,"appliedY":-8.921600000000002,"actualX":-21.5,"actualY":-9,"sensitivity":0.44608000000000003,"currentZoomForScroll":1,"maxScrollStep":48,"diagonal":true,"clipped":true}
[DebugBridge +64836.3ms] wheel_scroll_motion {"rawX":-94,"rawY":2,"clippedX":-48,"clippedY":2,"appliedX":-21.41184,"appliedY":0.8921600000000001,"actualX":-21.5,"actualY":0.5,"sensitivity":0.44608000000000003,"currentZoomForScroll":1,"maxScrollStep":48,"diagonal":true,"clipped":true}
[DebugBridge +64842.6ms] wheel_scroll_motion {"rawX":-88,"rawY":90,"clippedX":-48,"clippedY":48,"appliedX":-21.41184,"appliedY":21.41184,"actualX":-21.5,"actualY":21,"sensitivity":0.44608000000000003,"currentZoomForScroll":1,"maxScrollStep":48,"diagonal":true,"clipped":true}
[SaveLog] runPush start {"hasElectronApi":true,"hasPushLogFn":true,"hasGhTokenEnv":true,"payloadLength":559769}
[SaveLog] runPush start {"hasElectronApi":true,"hasPushLogFn":true,"hasGhTokenEnv":true,"payloadLength":559769}
[DebugBridge +64943.4ms] wheel_scroll_motion {"rawX":0,"rawY":146,"clippedX":0,"clippedY":48,"appliedX":0,"appliedY":26.112000000000002,"actualX":0,"actualY":26,"sensitivity":0.544,"currentZoomForScroll":1,"maxScrollStep":48,"diagonal":false,"clipped":true}
[DebugBridge +65266.2ms] wheel_scroll_motion {"rawX":0,"rawY":150,"clippedX":0,"clippedY":48,"appliedX":0,"appliedY":26.112000000000002,"actualX":0,"actualY":26,"sensitivity":0.544,"currentZoomForScroll":1,"maxScrollStep":48,"diagonal":false,"clipped":true}
[DebugBridge +65273.1ms] wheel_scroll_motion {"rawX":0,"rawY":208,"clippedX":0,"clippedY":48,"appliedX":0,"appliedY":26.112000000000002,"actualX":0,"actualY":26,"sensitivity":0.544,"currentZoomForScroll":1,"maxScrollStep":48,"diagonal":false,"clipped":true}
[DebugBridge +65305.8ms] wheel_scroll_motion {"rawX":14,"rawY":248,"clippedX":14,"clippedY":48,"appliedX":6.24512,"appliedY":21.41184,"actualX":6,"actualY":21,"sensitivity":0.44608000000000003,"currentZoomForScroll":1,"maxScrollStep":48,"diagonal":true,"clipped":true}
[DebugBridge +65321.5ms] wheel_scroll_motion {"rawX":0,"rawY":460,"clippedX":0,"clippedY":48,"appliedX":0,"appliedY":26.112000000000002,"actualX":0,"actualY":26,"sensitivity":0.544,"currentZoomForScroll":1,"maxScrollStep":48,"diagonal":false,"clipped":true}
[DebugBridge +65384.1ms] wheel_scroll_motion {"rawX":-14,"rawY":-8,"clippedX":-14,"clippedY":-8,"appliedX":-7.8064,"appliedY":-4.4608,"actualX":-0.5,"actualY":-4.5,"sensitivity":0.5576,"currentZoomForScroll":1,"maxScrollStep":48,"diagonal":true,"clipped":false}
[DebugBridge +65385.4ms] wheel_scroll_motion {"rawX":-18,"rawY":-8,"clippedX":-18,"clippedY":-8,"appliedX":-10.0368,"appliedY":-4.4608,"actualX":0,"actualY":-4.5,"sensitivity":0.5576,"currentZoomForScroll":1,"maxScrollStep":48,"diagonal":true,"clipped":false}
[DebugBridge +65399.2ms] wheel_scroll_motion {"rawX":-8,"rawY":-4,"clippedX":-8,"clippedY":-4,"appliedX":-4.4608,"appliedY":-2.2304,"actualX":0,"actualY":-2.5,"sensitivity":0.5576,"currentZoomForScroll":1,"maxScrollStep":48,"diagonal":true,"clipped":false}
[DebugBridge +65411.2ms] wheel_scroll_motion {"rawX":-40,"rawY":-14,"clippedX":-40,"clippedY":-14,"appliedX":-22.304,"appliedY":-7.8064,"actualX":0,"actualY":-8,"sensitivity":0.5576,"currentZoomForScroll":1,"maxScrollStep":48,"diagonal":true,"clipped":false}
[DebugBridge +65418.0ms] wheel_scroll_motion {"rawX":-34,"rawY":-8,"clippedX":-34,"clippedY":-8,"appliedX":-18.9584,"appliedY":-4.4608,"actualX":0,"actualY":-4.5,"sensitivity":0.5576,"currentZoomForScroll":1,"maxScrollStep":48,"diagonal":true,"clipped":false}
[DebugBridge +65430.9ms] wheel_scroll_motion {"rawX":-14,"rawY":-4,"clippedX":-14,"clippedY":-4,"appliedX":-7.8064,"appliedY":-2.2304,"actualX":0,"actualY":-2.5,"sensitivity":0.5576,"currentZoomForScroll":1,"maxScrollStep":48,"diagonal":true,"clipped":false}
[DebugBridge +65432.4ms] wheel_scroll_motion {"rawX":-46,"rawY":-12,"clippedX":-46,"clippedY":-12,"appliedX":-25.6496,"appliedY":-6.6912,"actualX":0,"actualY":-7,"sensitivity":0.5576,"currentZoomForScroll":1,"maxScrollStep":48,"diagonal":true,"clipped":false}
[DebugBridge +65442.1ms] wheel_scroll_motion {"rawX":-4,"rawY":-2,"clippedX":-4,"clippedY":-2,"appliedX":-2.2304,"appliedY":-1.1152,"actualX":0,"actualY":-1.5,"sensitivity":0.5576,"currentZoomForScroll":1,"maxScrollStep":48,"diagonal":true,"clipped":false}
[DebugBridge +65442.8ms] wheel_scroll_motion {"rawX":-16,"rawY":-4,"clippedX":-16,"clippedY":-4,"appliedX":-8.9216,"appliedY":-2.2304,"actualX":0,"actualY":-2.5,"sensitivity":0.5576,"currentZoomForScroll":1,"maxScrollStep":48,"diagonal":true,"clipped":false}
[DebugBridge +65452.4ms] wheel_scroll_motion {"rawX":-4,"rawY":-2,"clippedX":-4,"clippedY":-2,"appliedX":-2.2304,"appliedY":-1.1152,"actualX":0,"actualY":-1.5,"sensitivity":0.5576,"currentZoomForScroll":1,"maxScrollStep":48,"diagonal":true,"clipped":false}
[DebugBridge +65461.1ms] wheel_scroll_motion {"rawX":-12,"rawY":-4,"clippedX":-12,"clippedY":-4,"appliedX":-6.6912,"appliedY":-2.2304,"actualX":0,"actualY":-2.5,"sensitivity":0.5576,"currentZoomForScroll":1,"maxScrollStep":48,"diagonal":true,"clipped":false}
[DebugBridge +65470.5ms] wheel_scroll_motion {"rawX":-20,"rawY":-8,"clippedX":-20,"clippedY":-8,"appliedX":-11.152,"appliedY":-4.4608,"actualX":0,"actualY":-4.5,"sensitivity":0.5576,"currentZoomForScroll":1,"maxScrollStep":48,"diagonal":true,"clipped":false}
[DebugBridge +65478.7ms] wheel_scroll_motion {"rawX":-28,"rawY":-6,"clippedX":-28,"clippedY":-6,"appliedX":-15.6128,"appliedY":-3.3456,"actualX":0,"actualY":-3.5,"sensitivity":0.5576,"currentZoomForScroll":1,"maxScrollStep":48,"diagonal":true,"clipped":false}
[DebugBridge +65486.1ms] wheel_scroll_motion {"rawX":-68,"rawY":-16,"clippedX":-48,"clippedY":-16,"appliedX":-21.41184,"appliedY":-7.1372800000000005,"actualX":0,"actualY":-7.5,"sensitivity":0.44608000000000003,"currentZoomForScroll":1,"maxScrollStep":48,"diagonal":true,"clipped":true}
[DebugBridge +65492.9ms] wheel_scroll_motion {"rawX":-36,"rawY":-6,"clippedX":-36,"clippedY":-6,"appliedX":-20.0736,"appliedY":-3.3456,"actualX":0,"actualY":-3.5,"sensitivity":0.5576,"currentZoomForScroll":1,"maxScrollStep":48,"diagonal":true,"clipped":false}
[DebugBridge +65500.5ms] wheel_scroll_motion {"rawX":-38,"rawY":-8,"clippedX":-38,"clippedY":-8,"appliedX":-21.1888,"appliedY":-4.4608,"actualX":0,"actualY":-4.5,"sensitivity":0.5576,"currentZoomForScroll":1,"maxScrollStep":48,"diagonal":true,"clipped":false}
[DebugBridge +65507.1ms] wheel_scroll_motion {"rawX":-38,"rawY":-8,"clippedX":-38,"clippedY":-8,"appliedX":-21.1888,"appliedY":-4.4608,"actualX":0,"actualY":-4.5,"sensitivity":0.5576,"currentZoomForScroll":1,"maxScrollStep":48,"diagonal":true,"clipped":false}
[DebugBridge +65517.6ms] wheel_scroll_motion {"rawX":-44,"rawY":-8,"clippedX":-44,"clippedY":-8,"appliedX":-24.534399999999998,"appliedY":-4.4608,"actualX":0,"actualY":-4.5,"sensitivity":0.5576,"currentZoomForScroll":1,"maxScrollStep":48,"diagonal":true,"clipped":false}
[DebugBridge +65524.4ms] wheel_scroll_motion {"rawX":-42,"rawY":-8,"clippedX":-42,"clippedY":-8,"appliedX":-23.4192,"appliedY":-4.4608,"actualX":0,"actualY":-4.5,"sensitivity":0.5576,"currentZoomForScroll":1,"maxScrollStep":48,"diagonal":true,"clipped":false}
[DebugBridge +65706.9ms] wheel_scroll_motion {"rawX":50,"rawY":-18,"clippedX":48,"clippedY":-18,"appliedX":21.41184,"appliedY":-8.029440000000001,"actualX":21,"actualY":-8.5,"sensitivity":0.44608000000000003,"currentZoomForScroll":1,"maxScrollStep":48,"diagonal":true,"clipped":true}
[DebugBridge +65791.2ms] wheel_scroll_motion {"rawX":34,"rawY":-12,"clippedX":34,"clippedY":-12,"appliedX":18.9584,"appliedY":-6.6912,"actualX":11.5,"actualY":-7,"sensitivity":0.5576,"currentZoomForScroll":1,"maxScrollStep":48,"diagonal":true,"clipped":false}
[DebugBridge +65798.7ms] wheel_scroll_motion {"rawX":30,"rawY":-12,"clippedX":30,"clippedY":-12,"appliedX":16.727999999999998,"appliedY":-6.6912,"actualX":0,"actualY":-7,"sensitivity":0.5576,"currentZoomForScroll":1,"maxScrollStep":48,"diagonal":true,"clipped":false}
[DebugBridge +65807.0ms] wheel_scroll_motion {"rawX":30,"rawY":-10,"clippedX":30,"clippedY":-10,"appliedX":16.727999999999998,"appliedY":-5.576,"actualX":0,"actualY":-6,"sensitivity":0.5576,"currentZoomForScroll":1,"maxScrollStep":48,"diagonal":true,"clipped":false}
[DebugBridge +66016.8ms] wheel_scroll_motion {"rawX":-50,"rawY":0,"clippedX":-48,"clippedY":0,"appliedX":-26.112000000000002,"appliedY":0,"actualX":-26.5,"actualY":0,"sensitivity":0.544,"currentZoomForScroll":1,"maxScrollStep":48,"diagonal":false,"clipped":true}
[DebugBridge +66167.0ms] wheel_scroll_motion {"rawX":108,"rawY":0,"clippedX":48,"clippedY":0,"appliedX":26.112000000000002,"appliedY":0,"actualX":26,"actualY":0,"sensitivity":0.544,"currentZoomForScroll":1,"maxScrollStep":48,"diagonal":false,"clipped":true}
[DebugBridge +66174.9ms] wheel_scroll_motion {"rawX":54,"rawY":0,"clippedX":48,"clippedY":0,"appliedX":26.112000000000002,"appliedY":0,"actualX":26,"actualY":0,"sensitivity":0.544,"currentZoomForScroll":1,"maxScrollStep":48,"diagonal":false,"clipped":true}
[DebugBridge +66182.3ms] wheel_scroll_motion {"rawX":52,"rawY":0,"clippedX":48,"clippedY":0,"appliedX":26.112000000000002,"appliedY":0,"actualX":26,"actualY":0,"sensitivity":0.544,"currentZoomForScroll":1,"maxScrollStep":48,"diagonal":false,"clipped":true}
[DebugBridge +66189.6ms] wheel_scroll_motion {"rawX":60,"rawY":0,"clippedX":48,"clippedY":0,"appliedX":26.112000000000002,"appliedY":0,"actualX":26,"actualY":0,"sensitivity":0.544,"currentZoomForScroll":1,"maxScrollStep":48,"diagonal":false,"clipped":true}
[DebugBridge +66198.0ms] wheel_scroll_motion {"rawX":60,"rawY":0,"clippedX":48,"clippedY":0,"appliedX":26.112000000000002,"appliedY":0,"actualX":26,"actualY":0,"sensitivity":0.544,"currentZoomForScroll":1,"maxScrollStep":48,"diagonal":false,"clipped":true}
[DebugBridge +66208.1ms] wheel_scroll_motion {"rawX":56,"rawY":0,"clippedX":48,"clippedY":0,"appliedX":26.112000000000002,"appliedY":0,"actualX":26,"actualY":0,"sensitivity":0.544,"currentZoomForScroll":1,"maxScrollStep":48,"diagonal":false,"clipped":true}
[DebugBridge +66214.5ms] wheel_scroll_motion {"rawX":54,"rawY":0,"clippedX":48,"clippedY":0,"appliedX":26.112000000000002,"appliedY":0,"actualX":26,"actualY":0,"sensitivity":0.544,"currentZoomForScroll":1,"maxScrollStep":48,"diagonal":false,"clipped":true}
[DebugBridge +66227.1ms] wheel_scroll_motion {"rawX":52,"rawY":0,"clippedX":48,"clippedY":0,"appliedX":26.112000000000002,"appliedY":0,"actualX":26,"actualY":0,"sensitivity":0.544,"currentZoomForScroll":1,"maxScrollStep":48,"diagonal":false,"clipped":true}
[DebugBridge +66232.5ms] wheel_scroll_motion {"rawX":52,"rawY":0,"clippedX":48,"clippedY":0,"appliedX":26.112000000000002,"appliedY":0,"actualX":13,"actualY":0,"sensitivity":0.544,"currentZoomForScroll":1,"maxScrollStep":48,"diagonal":false,"clipped":true}
[DebugBridge +66240.3ms] wheel_scroll_motion {"rawX":50,"rawY":0,"clippedX":48,"clippedY":0,"appliedX":26.112000000000002,"appliedY":0,"actualX":0,"actualY":0,"sensitivity":0.544,"currentZoomForScroll":1,"maxScrollStep":48,"diagonal":false,"clipped":true}
[DebugBridge +66247.8ms] wheel_scroll_motion {"rawX":48,"rawY":0,"clippedX":48,"clippedY":0,"appliedX":32.64,"appliedY":0,"actualX":0,"actualY":0,"sensitivity":0.68,"currentZoomForScroll":1,"maxScrollStep":48,"diagonal":false,"clipped":false}
[DebugBridge +66382.1ms] wheel_scroll_motion {"rawX":-12,"rawY":54,"clippedX":-12,"clippedY":48,"appliedX":-5.35296,"appliedY":21.41184,"actualX":-5.5,"actualY":21,"sensitivity":0.44608000000000003,"currentZoomForScroll":1,"maxScrollStep":48,"diagonal":true,"clipped":true}
[DebugBridge +66382.4ms] wheel_scroll_motion {"rawX":-28,"rawY":136,"clippedX":-28,"clippedY":48,"appliedX":-12.49024,"appliedY":21.41184,"actualX":-12.5,"actualY":21,"sensitivity":0.44608000000000003,"currentZoomForScroll":1,"maxScrollStep":48,"diagonal":true,"clipped":true}
[DebugBridge +66391.0ms] wheel_scroll_motion {"rawX":-14,"rawY":74,"clippedX":-14,"clippedY":48,"appliedX":-6.24512,"appliedY":21.41184,"actualX":-6.5,"actualY":21,"sensitivity":0.44608000000000003,"currentZoomForScroll":1,"maxScrollStep":48,"diagonal":true,"clipped":true}
[DebugBridge +66399.4ms] wheel_scroll_motion {"rawX":-14,"rawY":70,"clippedX":-14,"clippedY":48,"appliedX":-6.24512,"appliedY":21.41184,"actualX":-6.5,"actualY":21,"sensitivity":0.44608000000000003,"currentZoomForScroll":1,"maxScrollStep":48,"diagonal":true,"clipped":true}
[DebugBridge +66407.5ms] wheel_scroll_motion {"rawX":-14,"rawY":72,"clippedX":-14,"clippedY":48,"appliedX":-6.24512,"appliedY":21.41184,"actualX":-6.5,"actualY":21,"sensitivity":0.44608000000000003,"currentZoomForScroll":1,"maxScrollStep":48,"diagonal":true,"clipped":true}
[DebugBridge +66415.8ms] wheel_scroll_motion {"rawX":-16,"rawY":78,"clippedX":-16,"clippedY":48,"appliedX":-7.1372800000000005,"appliedY":21.41184,"actualX":-7.5,"actualY":21,"sensitivity":0.44608000000000003,"currentZoomForScroll":1,"maxScrollStep":48,"diagonal":true,"clipped":true}
[DebugBridge +66424.6ms] wheel_scroll_motion {"rawX":-16,"rawY":72,"clippedX":-16,"clippedY":48,"appliedX":-7.1372800000000005,"appliedY":21.41184,"actualX":-7.5,"actualY":21,"sensitivity":0.44608000000000003,"currentZoomForScroll":1,"maxScrollStep":48,"diagonal":true,"clipped":true}
[DebugBridge +66432.0ms] wheel_scroll_motion {"rawX":-16,"rawY":72,"clippedX":-16,"clippedY":48,"appliedX":-7.1372800000000005,"appliedY":21.41184,"actualX":-7.5,"actualY":21,"sensitivity":0.44608000000000003,"currentZoomForScroll":1,"maxScrollStep":48,"diagonal":true,"clipped":true}
[DebugBridge +66440.5ms] wheel_scroll_motion {"rawX":-16,"rawY":72,"clippedX":-16,"clippedY":48,"appliedX":-7.1372800000000005,"appliedY":21.41184,"actualX":-7.5,"actualY":21,"sensitivity":0.44608000000000003,"currentZoomForScroll":1,"maxScrollStep":48,"diagonal":true,"clipped":true}
[DebugBridge +66449.5ms] wheel_scroll_motion {"rawX":-16,"rawY":68,"clippedX":-16,"clippedY":48,"appliedX":-7.1372800000000005,"appliedY":21.41184,"actualX":-7.5,"actualY":21,"sensitivity":0.44608000000000003,"currentZoomForScroll":1,"maxScrollStep":48,"diagonal":true,"clipped":true}
[DebugBridge +66464.9ms] wheel_scroll_motion {"rawX":-14,"rawY":64,"clippedX":-14,"clippedY":48,"appliedX":-6.24512,"appliedY":21.41184,"actualX":-6.5,"actualY":21,"sensitivity":0.44608000000000003,"currentZoomForScroll":1,"maxScrollStep":48,"diagonal":true,"clipped":true}
[DebugBridge +66468.0ms] wheel_scroll_motion {"rawX":-14,"rawY":64,"clippedX":-14,"clippedY":48,"appliedX":-6.24512,"appliedY":21.41184,"actualX":-6.5,"actualY":21,"sensitivity":0.44608000000000003,"currentZoomForScroll":1,"maxScrollStep":48,"diagonal":true,"clipped":true}
[DebugBridge +66475.6ms] wheel_scroll_motion {"rawX":-14,"rawY":60,"clippedX":-14,"clippedY":48,"appliedX":-6.24512,"appliedY":21.41184,"actualX":-6.5,"actualY":21,"sensitivity":0.44608000000000003,"currentZoomForScroll":1,"maxScrollStep":48,"diagonal":true,"clipped":true}
[DebugBridge +66497.5ms] wheel_scroll_motion {"rawX":-12,"rawY":60,"clippedX":-12,"clippedY":48,"appliedX":-5.35296,"appliedY":21.41184,"actualX":-5.5,"actualY":21,"sensitivity":0.44608000000000003,"currentZoomForScroll":1,"maxScrollStep":48,"diagonal":true,"clipped":true}
[DebugBridge +66504.1ms] wheel_scroll_motion {"rawX":-12,"rawY":56,"clippedX":-12,"clippedY":48,"appliedX":-5.35296,"appliedY":21.41184,"actualX":-5.5,"actualY":21,"sensitivity":0.44608000000000003,"currentZoomForScroll":1,"maxScrollStep":48,"diagonal":true,"clipped":true}
[DebugBridge +66510.6ms] wheel_scroll_motion {"rawX":-10,"rawY":54,"clippedX":-10,"clippedY":48,"appliedX":-4.460800000000001,"appliedY":21.41184,"actualX":-4.5,"actualY":21,"sensitivity":0.44608000000000003,"currentZoomForScroll":1,"maxScrollStep":48,"diagonal":true,"clipped":true}
[DebugBridge +66516.7ms] wheel_scroll_motion {"rawX":-10,"rawY":52,"clippedX":-10,"clippedY":48,"appliedX":-4.460800000000001,"appliedY":21.41184,"actualX":-4.5,"actualY":21,"sensitivity":0.44608000000000003,"currentZoomForScroll":1,"maxScrollStep":48,"diagonal":true,"clipped":true}
[DebugBridge +66523.0ms] wheel_scroll_motion {"rawX":-10,"rawY":52,"clippedX":-10,"clippedY":48,"appliedX":-4.460800000000001,"appliedY":21.41184,"actualX":-4.5,"actualY":21,"sensitivity":0.44608000000000003,"currentZoomForScroll":1,"maxScrollStep":48,"diagonal":true,"clipped":true}
[DebugBridge +66524.0ms] wheel_scroll_motion {"rawX":-10,"rawY":50,"clippedX":-10,"clippedY":48,"appliedX":-4.460800000000001,"appliedY":21.41184,"actualX":-4.5,"actualY":21,"sensitivity":0.44608000000000003,"currentZoomForScroll":1,"maxScrollStep":48,"diagonal":true,"clipped":true}
[DebugBridge +66685.8ms] wheel_scroll_motion {"rawX":-26,"rawY":124,"clippedX":-26,"clippedY":48,"appliedX":-11.598080000000001,"appliedY":21.41184,"actualX":-12,"actualY":21,"sensitivity":0.44608000000000003,"currentZoomForScroll":1,"maxScrollStep":48,"diagonal":true,"clipped":true}
[SaveLogBanner] GitHub push OK {"url":"https://github.com/IsaiahCalvo/Survey/blob/logs/mac-isaiahs-macbook-pro-2026-05-06T20-49-15-000Z.log","filename":"mac-isaiahs-macbook-pro-2026-05-06T20-49-15-000Z.log"}
[DebugBridge +66701.2ms] wheel_scroll_motion {"rawX":0,"rawY":56,"clippedX":0,"clippedY":48,"appliedX":0,"appliedY":26.112000000000002,"actualX":0,"actualY":26,"sensitivity":0.544,"currentZoomForScroll":1,"maxScrollStep":48,"diagonal":false,"clipped":true}
[DebugBridge +66723.7ms] wheel_scroll_motion {"rawX":0,"rawY":70,"clippedX":0,"clippedY":48,"appliedX":0,"appliedY":26.112000000000002,"actualX":0,"actualY":26,"sensitivity":0.544,"currentZoomForScroll":1,"maxScrollStep":48,"diagonal":false,"clipped":true}
[DebugBridge +66827.0ms] wheel_scroll_motion {"rawX":0,"rawY":74,"clippedX":0,"clippedY":48,"appliedX":0,"appliedY":26.112000000000002,"actualX":0,"actualY":26,"sensitivity":0.544,"currentZoomForScroll":1,"maxScrollStep":48,"diagonal":false,"clipped":true}
[DebugBridge +66829.1ms] page_visit_start {"page":8,"pageCount":36,"revisited":true,"hasContainer":true,"hasPdfSurface":true,"spinnerVisible":false,"hasAnnotationOverlay":true,"ready":true}
[DebugBridge +66830.7ms] page_visit_ready {"page":8,"pageCount":36,"revisited":true,"waitMs":2,"hasContainer":true,"hasPdfSurface":true,"spinnerVisible":false,"hasAnnotationOverlay":true,"ready":true}
[DebugBridge +67064.5ms] wheel_scroll_motion {"rawX":0,"rawY":918,"clippedX":0,"clippedY":48,"appliedX":0,"appliedY":26.112000000000002,"actualX":0,"actualY":26,"sensitivity":0.544,"currentZoomForScroll":1,"maxScrollStep":48,"diagonal":false,"clipped":true}
[DebugBridge +67083.0ms] wheel_scroll_motion {"rawX":0,"rawY":406,"clippedX":0,"clippedY":48,"appliedX":0,"appliedY":26.112000000000002,"actualX":0,"actualY":26,"sensitivity":0.544,"currentZoomForScroll":1,"maxScrollStep":48,"diagonal":false,"clipped":true}
[DebugBridge +67096.1ms] wheel_scroll_motion {"rawX":-90,"rawY":-90,"clippedX":-48,"clippedY":-48,"appliedX":-21.41184,"appliedY":-21.41184,"actualX":-21.5,"actualY":-21.5,"sensitivity":0.44608000000000003,"currentZoomForScroll":1,"maxScrollStep":48,"diagonal":true,"clipped":true}
[DebugBridge +67108.2ms] wheel_scroll_motion {"rawX":-60,"rawY":-42,"clippedX":-48,"clippedY":-42,"appliedX":-21.41184,"appliedY":-18.73536,"actualX":-21.5,"actualY":-19,"sensitivity":0.44608000000000003,"currentZoomForScroll":1,"maxScrollStep":48,"diagonal":true,"clipped":true}
[DebugBridge +67257.4ms] wheel_scroll_motion {"rawX":-140,"rawY":-96,"clippedX":-48,"clippedY":-48,"appliedX":-21.41184,"appliedY":-21.41184,"actualX":-21.5,"actualY":-21.5,"sensitivity":0.44608000000000003,"currentZoomForScroll":1,"maxScrollStep":48,"diagonal":true,"clipped":true}
[DebugBridge +67258.4ms] page_visit_start {"page":7,"pageCount":36,"revisited":true,"hasContainer":true,"hasPdfSurface":true,"spinnerVisible":false,"hasAnnotationOverlay":true,"ready":true}
[DebugBridge +67260.4ms] page_visit_ready {"page":7,"pageCount":36,"revisited":true,"waitMs":2,"hasContainer":true,"hasPdfSurface":true,"spinnerVisible":false,"hasAnnotationOverlay":true,"ready":true}
[DebugBridge +67314.1ms] page_visit_start {"page":8,"pageCount":36,"revisited":true,"hasContainer":true,"hasPdfSurface":true,"spinnerVisible":false,"hasAnnotationOverlay":true,"ready":true}
[DebugBridge +67315.8ms] page_visit_ready {"page":8,"pageCount":36,"revisited":true,"waitMs":2,"hasContainer":true,"hasPdfSurface":true,"spinnerVisible":false,"hasAnnotationOverlay":true,"ready":true}
[DebugBridge +67431.4ms] wheel_scroll_motion {"rawX":36,"rawY":194,"clippedX":36,"clippedY":48,"appliedX":16.058880000000002,"appliedY":21.41184,"actualX":16,"actualY":21,"sensitivity":0.44608000000000003,"currentZoomForScroll":1,"maxScrollStep":48,"diagonal":true,"clipped":true}
[DebugBridge +67858.5ms] zoom_wheel_request {"rawDeltaY":5.715878009796143,"reportedZoom":99,"trustedReactZoom":99.4955495143029,"currentZoom":99.4955495143029,"reportedCurrentZoom":99,"nextZoom":100.52450162834488,"requestedDeltaAbs":1.028952114041985,"reportedLagAbs":0.49554951430289407,"rawGetZoomValue":99,"rawViewerZoomValue":99,"rawMagnificationZoom":null,"correctedSuspiciousZoom":false}
[DebugBridge +67858.7ms] zoom_start {"scale":0.994955495143029,"source":"overlay_wheel_zoom_pre","reportedScale":0.99,"correctedSuspiciousZoom":false}
[DebugBridge +67929.5ms] zoom_wheel_request {"rawDeltaY":25.586896896362305,"reportedZoom":100,"trustedReactZoom":100.52450162834488,"currentZoom":100.52450162834488,"reportedCurrentZoom":100,"nextZoom":105.2625714879674,"requestedDeltaAbs":4.738069859622527,"reportedLagAbs":0.5245016283448791,"rawGetZoomValue":100,"rawViewerZoomValue":100,"rawMagnificationZoom":null,"correctedSuspiciousZoom":false}
[DebugBridge +68014.9ms] zoom_wheel_request {"rawDeltaY":134.9958095550537,"reportedZoom":105,"trustedReactZoom":105.2625714879674,"currentZoom":105.2625714879674,"reportedCurrentZoom":105,"nextZoom":134.21598983002622,"requestedDeltaAbs":28.95341834205881,"reportedLagAbs":0.26257148796740637,"rawGetZoomValue":105,"rawViewerZoomValue":105,"rawMagnificationZoom":null,"correctedSuspiciousZoom":false}
[SaveLogBanner] GitHub push OK {"url":"https://github.com/IsaiahCalvo/Survey/blob/logs/mac-isaiahs-macbook-pro-2026-05-06T20-49-15-035Z.log","filename":"mac-isaiahs-macbook-pro-2026-05-06T20-49-15-035Z.log"}
[DebugBridge +68304.8ms] zoom_wheel_request {"rawDeltaY":-7.266755819320679,"reportedZoom":134,"trustedReactZoom":134.21598983002622,"currentZoom":134.21598983002622,"reportedCurrentZoom":134,"nextZoom":132.47185479486447,"requestedDeltaAbs":1.7441350351617473,"reportedLagAbs":0.21598983002621708,"rawGetZoomValue":134,"rawViewerZoomValue":134,"rawMagnificationZoom":null,"correctedSuspiciousZoom":false}
[DebugBridge +68444.5ms] zoom_wheel_request {"rawDeltaY":-25.540906190872192,"reportedZoom":132,"trustedReactZoom":132.47185479486447,"currentZoom":132.47185479486447,"reportedCurrentZoom":132,"nextZoom":126.51951626930573,"requestedDeltaAbs":5.952338525558744,"reportedLagAbs":0.4718547948644698,"rawGetZoomValue":132,"rawViewerZoomValue":132,"rawMagnificationZoom":null,"correctedSuspiciousZoom":false}
[DebugBridge +68636.1ms] zoom_wheel_request {"rawDeltaY":-145.95219230651855,"reportedZoom":126,"trustedReactZoom":126.51951626930573,"currentZoom":126.51951626930573,"reportedCurrentZoom":126,"nextZoom":97.28867880468984,"requestedDeltaAbs":29.230837464615888,"reportedLagAbs":0.5195162693057256,"rawGetZoomValue":126,"rawViewerZoomValue":126,"rawMagnificationZoom":null,"correctedSuspiciousZoom":false}
[DebugBridge +68803.7ms] zoom_wheel_request {"rawDeltaY":5.523009777069092,"reportedZoom":97,"trustedReactZoom":97.28867880468984,"currentZoom":97.28867880468984,"reportedCurrentZoom":97,"nextZoom":98.26068976630381,"requestedDeltaAbs":0.9720109616139752,"reportedLagAbs":0.2886788046898374,"rawGetZoomValue":97,"rawViewerZoomValue":97,"rawMagnificationZoom":null,"correctedSuspiciousZoom":false}
[DebugBridge +68954.1ms] zoom_wheel_request {"rawDeltaY":95.23190903663635,"reportedZoom":98,"trustedReactZoom":98.26068976630381,"currentZoom":98.26068976630381,"reportedCurrentZoom":98,"nextZoom":116.63407653309469,"requestedDeltaAbs":18.373386766790873,"reportedLagAbs":0.2606897663038126,"rawGetZoomValue":98,"rawViewerZoomValue":98,"rawMagnificationZoom":null,"correctedSuspiciousZoom":false}
[DebugBridge +69146.5ms] zoom_wheel_request {"rawDeltaY":2.779064178466797,"reportedZoom":116,"trustedReactZoom":116.63407653309467,"currentZoom":116.63407653309467,"reportedCurrentZoom":116,"nextZoom":117.21897869735449,"requestedDeltaAbs":0.584902164259816,"reportedLagAbs":0.6340765330946709,"rawGetZoomValue":116,"rawViewerZoomValue":116,"rawMagnificationZoom":null,"correctedSuspiciousZoom":false}
[DebugBridge +69279.4ms] zoom_wheel_request {"rawDeltaY":68.50577640533447,"reportedZoom":117,"trustedReactZoom":117.21897869735449,"currentZoom":117.21897869735449,"reportedCurrentZoom":117,"nextZoom":132.60226987797378,"requestedDeltaAbs":15.383291180619295,"reportedLagAbs":0.21897869735448694,"rawGetZoomValue":117,"rawViewerZoomValue":117,"rawMagnificationZoom":null,"correctedSuspiciousZoom":false}
[DebugBridge +69523.2ms] zoom_wheel_request {"rawDeltaY":-8.369734764099121,"reportedZoom":132,"trustedReactZoom":132.60226987797378,"currentZoom":132.60226987797378,"reportedCurrentZoom":132,"nextZoom":130.6195204674893,"requestedDeltaAbs":1.9827494104844732,"reportedLagAbs":0.6022698779737823,"rawGetZoomValue":132,"rawViewerZoomValue":132,"rawMagnificationZoom":null,"correctedSuspiciousZoom":false}
[DebugBridge +69644.4ms] zoom_wheel_request {"rawDeltaY":-110.89531135559082,"reportedZoom":130,"trustedReactZoom":130.6195204674893,"currentZoom":130.6195204674893,"reportedCurrentZoom":130,"nextZoom":106.98376701631906,"requestedDeltaAbs":23.635753451170245,"reportedLagAbs":0.6195204674893091,"rawGetZoomValue":130,"rawViewerZoomValue":130,"rawMagnificationZoom":null,"correctedSuspiciousZoom":false}
[DebugBridge +69932.2ms] wheel_scroll_motion {"rawX":100,"rawY":46,"clippedX":46.406871803941804,"clippedY":46,"appliedX":20.70117737430236,"appliedY":20.51968,"actualX":20.5,"actualY":20.5,"sensitivity":0.44608000000000003,"currentZoomForScroll":1.0698376701631906,"maxScrollStep":46.406871803941804,"diagonal":true,"clipped":true}
[DebugBridge +69942.9ms] wheel_scroll_motion {"rawX":20,"rawY":6,"clippedX":20,"clippedY":6,"appliedX":11.152,"appliedY":3.3456,"actualX":0,"actualY":3,"sensitivity":0.5576,"currentZoomForScroll":1.0698376701631906,"maxScrollStep":46.406871803941804,"diagonal":true,"clipped":false}
[DebugBridge +69950.9ms] wheel_scroll_motion {"rawX":20,"rawY":8,"clippedX":20,"clippedY":8,"appliedX":11.152,"appliedY":4.4608,"actualX":0,"actualY":4,"sensitivity":0.5576,"currentZoomForScroll":1.0698376701631906,"maxScrollStep":46.406871803941804,"diagonal":true,"clipped":false}
[DebugBridge +70039.6ms] wheel_scroll_motion {"rawX":92,"rawY":32,"clippedX":46.406871803941804,"clippedY":32,"appliedX":20.70117737430236,"appliedY":14.274560000000001,"actualX":0,"actualY":14,"sensitivity":0.44608000000000003,"currentZoomForScroll":1.0698376701631906,"maxScrollStep":46.406871803941804,"diagonal":true,"clipped":true}
[DebugBridge +70044.3ms] wheel_scroll_motion {"rawX":118,"rawY":36,"clippedX":46.406871803941804,"clippedY":36,"appliedX":20.70117737430236,"appliedY":16.058880000000002,"actualX":0,"actualY":16,"sensitivity":0.44608000000000003,"currentZoomForScroll":1.0698376701631906,"maxScrollStep":46.406871803941804,"diagonal":true,"clipped":true}
[DebugBridge +70049.8ms] wheel_scroll_motion {"rawX":16,"rawY":6,"clippedX":16,"clippedY":6,"appliedX":8.9216,"appliedY":3.3456,"actualX":0,"actualY":3,"sensitivity":0.5576,"currentZoomForScroll":1.0698376701631906,"maxScrollStep":46.406871803941804,"diagonal":true,"clipped":false}
[DebugBridge +70052.2ms] wheel_scroll_motion {"rawX":16,"rawY":6,"clippedX":16,"clippedY":6,"appliedX":8.9216,"appliedY":3.3456,"actualX":0,"actualY":3,"sensitivity":0.5576,"currentZoomForScroll":1.0698376701631906,"maxScrollStep":46.406871803941804,"diagonal":true,"clipped":false}
[DebugBridge +70090.6ms] wheel_scroll_motion {"rawX":60,"rawY":24,"clippedX":46.406871803941804,"clippedY":24,"appliedX":20.70117737430236,"appliedY":10.70592,"actualX":0,"actualY":10.5,"sensitivity":0.44608000000000003,"currentZoomForScroll":1.0698376701631906,"maxScrollStep":46.406871803941804,"diagonal":true,"clipped":true}
[DebugBridge +70477.6ms] wheel_scroll_motion {"rawX":-26,"rawY":48,"clippedX":-26,"clippedY":46.406871803941804,"appliedX":-11.598080000000001,"appliedY":20.70117737430236,"actualX":-12,"actualY":20.5,"sensitivity":0.44608000000000003,"currentZoomForScroll":1.0698376701631906,"maxScrollStep":46.406871803941804,"diagonal":true,"clipped":true}
[DebugBridge +70482.8ms] wheel_scroll_motion {"rawX":-28,"rawY":52,"clippedX":-28,"clippedY":46.406871803941804,"appliedX":-12.49024,"appliedY":20.70117737430236,"actualX":-12.5,"actualY":20.5,"sensitivity":0.44608000000000003,"currentZoomForScroll":1.0698376701631906,"maxScrollStep":46.406871803941804,"diagonal":true,"clipped":true}
[DebugBridge +70725.3ms] wheel_scroll_motion {"rawX":-28,"rawY":56,"clippedX":-28,"clippedY":46.406871803941804,"appliedX":-12.49024,"appliedY":20.70117737430236,"actualX":-12.5,"actualY":20.5,"sensitivity":0.44608000000000003,"currentZoomForScroll":1.0698376701631906,"maxScrollStep":46.406871803941804,"diagonal":true,"clipped":true}
[DebugBridge +70757.1ms] wheel_scroll_motion {"rawX":-488,"rawY":894,"clippedX":-46.406871803941804,"clippedY":46.406871803941804,"appliedX":-20.70117737430236,"appliedY":20.70117737430236,"actualX":-21,"actualY":20.5,"sensitivity":0.44608000000000003,"currentZoomForScroll":1.0698376701631906,"maxScrollStep":46.406871803941804,"diagonal":true,"clipped":true}
[DebugBridge +70767.0ms] wheel_scroll_motion {"rawX":-260,"rawY":-78,"clippedX":-46.406871803941804,"clippedY":-46.406871803941804,"appliedX":-20.70117737430236,"appliedY":-20.70117737430236,"actualX":-21,"actualY":-21,"sensitivity":0.44608000000000003,"currentZoomForScroll":1.0698376701631906,"maxScrollStep":46.406871803941804,"diagonal":true,"clipped":true}
[DebugBridge +70797.0ms] wheel_scroll_motion {"rawX":-52,"rawY":-12,"clippedX":-46.406871803941804,"clippedY":-12,"appliedX":-20.70117737430236,"appliedY":-5.35296,"actualX":-21,"actualY":-5.5,"sensitivity":0.44608000000000003,"currentZoomForScroll":1.0698376701631906,"maxScrollStep":46.406871803941804,"diagonal":true,"clipped":true}
[DebugBridge +70824.2ms] wheel_scroll_motion {"rawX":-136,"rawY":-28,"clippedX":-46.406871803941804,"clippedY":-28,"appliedX":-20.70117737430236,"appliedY":-12.49024,"actualX":-21,"actualY":-12.5,"sensitivity":0.44608000000000003,"currentZoomForScroll":1.0698376701631906,"maxScrollStep":46.406871803941804,"diagonal":true,"clipped":true}
[DebugBridge +70829.5ms] wheel_scroll_motion {"rawX":-212,"rawY":-42,"clippedX":-46.406871803941804,"clippedY":-42,"appliedX":-20.70117737430236,"appliedY":-18.73536,"actualX":-21,"actualY":-19,"sensitivity":0.44608000000000003,"currentZoomForScroll":1.0698376701631906,"maxScrollStep":46.406871803941804,"diagonal":true,"clipped":true}
[DebugBridge +70829.8ms] zoom_end {"source":"zoomChange_settle"}
[DebugBridge +70831.4ms] wheel_scroll_motion {"rawX":-78,"rawY":-16,"clippedX":-46.406871803941804,"clippedY":-16,"appliedX":-20.70117737430236,"appliedY":-7.1372800000000005,"actualX":-21,"actualY":-7.5,"sensitivity":0.44608000000000003,"currentZoomForScroll":1.0698376701631906,"maxScrollStep":46.406871803941804,"diagonal":true,"clipped":true}
[DebugBridge +70915.6ms] wheel_scroll_motion {"rawX":-72,"rawY":-16,"clippedX":-46.406871803941804,"clippedY":-16,"appliedX":-20.70117737430236,"appliedY":-7.1372800000000005,"actualX":-21,"actualY":-7.5,"sensitivity":0.44608000000000003,"currentZoomForScroll":1.0698376701631906,"maxScrollStep":46.406871803941804,"diagonal":true,"clipped":true}
[DebugBridge +71014.5ms] wheel_scroll_motion {"rawX":-516,"rawY":-114,"clippedX":-46.406871803941804,"clippedY":-46.406871803941804,"appliedX":-20.70117737430236,"appliedY":-20.70117737430236,"actualX":-21,"actualY":-21,"sensitivity":0.44608000000000003,"currentZoomForScroll":1.0698376701631906,"maxScrollStep":46.406871803941804,"diagonal":true,"clipped":true}
[DebugBridge +71026.4ms] wheel_scroll_motion {"rawX":-54,"rawY":-10,"clippedX":-46.406871803941804,"clippedY":-10,"appliedX":-20.70117737430236,"appliedY":-4.460800000000001,"actualX":-21,"actualY":-4.5,"sensitivity":0.44608000000000003,"currentZoomForScroll":1.0698376701631906,"maxScrollStep":46.406871803941804,"diagonal":true,"clipped":true}
[DebugBridge +71056.2ms] wheel_scroll_motion {"rawX":202,"rawY":-42,"clippedX":46.406871803941804,"clippedY":-42,"appliedX":20.70117737430236,"appliedY":-18.73536,"actualX":20.5,"actualY":-19,"sensitivity":0.44608000000000003,"currentZoomForScroll":1.0698376701631906,"maxScrollStep":46.406871803941804,"diagonal":true,"clipped":true}
[DebugBridge +71133.4ms] wheel_scroll_motion {"rawX":52,"rawY":0,"clippedX":46.406871803941804,"clippedY":0,"appliedX":25.245338261344344,"appliedY":0,"actualX":25,"actualY":0,"sensitivity":0.544,"currentZoomForScroll":1.0698376701631906,"maxScrollStep":46.406871803941804,"diagonal":false,"clipped":true}
[DebugBridge +71140.0ms] wheel_scroll_motion {"rawX":620,"rawY":0,"clippedX":46.406871803941804,"clippedY":0,"appliedX":25.245338261344344,"appliedY":0,"actualX":25,"actualY":0,"sensitivity":0.544,"currentZoomForScroll":1.0698376701631906,"maxScrollStep":46.406871803941804,"diagonal":false,"clipped":true}
[DebugBridge +71256.1ms] wheel_scroll_motion {"rawX":-24,"rawY":236,"clippedX":-24,"clippedY":46.406871803941804,"appliedX":-10.70592,"appliedY":20.70117737430236,"actualX":-11,"actualY":20.5,"sensitivity":0.44608000000000003,"currentZoomForScroll":1.0698376701631906,"maxScrollStep":46.406871803941804,"diagonal":true,"clipped":true}
[DebugBridge +71265.1ms] wheel_scroll_motion {"rawX":0,"rawY":76,"clippedX":0,"clippedY":46.406871803941804,"appliedX":0,"appliedY":25.245338261344344,"actualX":0,"actualY":25,"sensitivity":0.544,"currentZoomForScroll":1.0698376701631906,"maxScrollStep":46.406871803941804,"diagonal":false,"clipped":true}
[DebugBridge +71273.8ms] wheel_scroll_motion {"rawX":0,"rawY":90,"clippedX":0,"clippedY":46.406871803941804,"appliedX":0,"appliedY":25.245338261344344,"actualX":0,"actualY":25,"sensitivity":0.544,"currentZoomForScroll":1.0698376701631906,"maxScrollStep":46.406871803941804,"diagonal":false,"clipped":true}
[DebugBridge +71282.7ms] wheel_scroll_motion {"rawX":0,"rawY":94,"clippedX":0,"clippedY":46.406871803941804,"appliedX":0,"appliedY":25.245338261344344,"actualX":0,"actualY":25,"sensitivity":0.544,"currentZoomForScroll":1.0698376701631906,"maxScrollStep":46.406871803941804,"diagonal":false,"clipped":true}
[DebugBridge +71290.2ms] wheel_scroll_motion {"rawX":0,"rawY":90,"clippedX":0,"clippedY":46.406871803941804,"appliedX":0,"appliedY":25.245338261344344,"actualX":0,"actualY":25,"sensitivity":0.544,"currentZoomForScroll":1.0698376701631906,"maxScrollStep":46.406871803941804,"diagonal":false,"clipped":true}
[DebugBridge +71299.9ms] wheel_scroll_motion {"rawX":0,"rawY":92,"clippedX":0,"clippedY":46.406871803941804,"appliedX":0,"appliedY":25.245338261344344,"actualX":0,"actualY":25,"sensitivity":0.544,"currentZoomForScroll":1.0698376701631906,"maxScrollStep":46.406871803941804,"diagonal":false,"clipped":true}
[DebugBridge +71339.2ms] wheel_scroll_motion {"rawX":0,"rawY":368,"clippedX":0,"clippedY":46.406871803941804,"appliedX":0,"appliedY":25.245338261344344,"actualX":0,"actualY":25,"sensitivity":0.544,"currentZoomForScroll":1.0698376701631906,"maxScrollStep":46.406871803941804,"diagonal":false,"clipped":true}
[DebugBridge +71339.9ms] wheel_scroll_motion {"rawX":0,"rawY":86,"clippedX":0,"clippedY":46.406871803941804,"appliedX":0,"appliedY":25.245338261344344,"actualX":0,"actualY":25,"sensitivity":0.544,"currentZoomForScroll":1.0698376701631906,"maxScrollStep":46.406871803941804,"diagonal":false,"clipped":true}
[DebugBridge +71351.9ms] wheel_scroll_motion {"rawX":0,"rawY":86,"clippedX":0,"clippedY":46.406871803941804,"appliedX":0,"appliedY":25.245338261344344,"actualX":0,"actualY":25,"sensitivity":0.544,"currentZoomForScroll":1.0698376701631906,"maxScrollStep":46.406871803941804,"diagonal":false,"clipped":true}
[DebugBridge +71357.6ms] wheel_scroll_motion {"rawX":0,"rawY":82,"clippedX":0,"clippedY":46.406871803941804,"appliedX":0,"appliedY":25.245338261344344,"actualX":0,"actualY":25,"sensitivity":0.544,"currentZoomForScroll":1.0698376701631906,"maxScrollStep":46.406871803941804,"diagonal":false,"clipped":true}
[DebugBridge +71365.5ms] wheel_scroll_motion {"rawX":0,"rawY":80,"clippedX":0,"clippedY":46.406871803941804,"appliedX":0,"appliedY":25.245338261344344,"actualX":0,"actualY":25,"sensitivity":0.544,"currentZoomForScroll":1.0698376701631906,"maxScrollStep":46.406871803941804,"diagonal":false,"clipped":true}
[DebugBridge +71373.9ms] wheel_scroll_motion {"rawX":0,"rawY":76,"clippedX":0,"clippedY":46.406871803941804,"appliedX":0,"appliedY":25.245338261344344,"actualX":0,"actualY":25,"sensitivity":0.544,"currentZoomForScroll":1.0698376701631906,"maxScrollStep":46.406871803941804,"diagonal":false,"clipped":true}
[DebugBridge +71382.3ms] wheel_scroll_motion {"rawX":0,"rawY":76,"clippedX":0,"clippedY":46.406871803941804,"appliedX":0,"appliedY":25.245338261344344,"actualX":0,"actualY":25,"sensitivity":0.544,"currentZoomForScroll":1.0698376701631906,"maxScrollStep":46.406871803941804,"diagonal":false,"clipped":true}
[DebugBridge +71422.0ms] wheel_scroll_motion {"rawX":0,"rawY":272,"clippedX":0,"clippedY":46.406871803941804,"appliedX":0,"appliedY":25.245338261344344,"actualX":0,"actualY":25,"sensitivity":0.544,"currentZoomForScroll":1.0698376701631906,"maxScrollStep":46.406871803941804,"diagonal":false,"clipped":true}
[DebugBridge +71423.4ms] wheel_scroll_motion {"rawX":0,"rawY":64,"clippedX":0,"clippedY":46.406871803941804,"appliedX":0,"appliedY":25.245338261344344,"actualX":0,"actualY":25,"sensitivity":0.544,"currentZoomForScroll":1.0698376701631906,"maxScrollStep":46.406871803941804,"diagonal":false,"clipped":true}
[DebugBridge +71431.4ms] wheel_scroll_motion {"rawX":0,"rawY":60,"clippedX":0,"clippedY":46.406871803941804,"appliedX":0,"appliedY":25.245338261344344,"actualX":0,"actualY":25,"sensitivity":0.544,"currentZoomForScroll":1.0698376701631906,"maxScrollStep":46.406871803941804,"diagonal":false,"clipped":true}
[DebugBridge +71440.4ms] wheel_scroll_motion {"rawX":0,"rawY":58,"clippedX":0,"clippedY":46.406871803941804,"appliedX":0,"appliedY":25.245338261344344,"actualX":0,"actualY":25,"sensitivity":0.544,"currentZoomForScroll":1.0698376701631906,"maxScrollStep":46.406871803941804,"diagonal":false,"clipped":true}
[DebugBridge +71448.2ms] wheel_scroll_motion {"rawX":0,"rawY":56,"clippedX":0,"clippedY":46.406871803941804,"appliedX":0,"appliedY":25.245338261344344,"actualX":0,"actualY":25,"sensitivity":0.544,"currentZoomForScroll":1.0698376701631906,"maxScrollStep":46.406871803941804,"diagonal":false,"clipped":true}
[DebugBridge +71615.2ms] wheel_scroll_motion {"rawX":-150,"rawY":-20,"clippedX":-46.406871803941804,"clippedY":-20,"appliedX":-20.70117737430236,"appliedY":-8.921600000000002,"actualX":-21,"actualY":-9,"sensitivity":0.44608000000000003,"currentZoomForScroll":1.0698376701631906,"maxScrollStep":46.406871803941804,"diagonal":true,"clipped":true}
[DebugBridge +71615.6ms] wheel_scroll_motion {"rawX":-58,"rawY":0,"clippedX":-46.406871803941804,"clippedY":0,"appliedX":-25.245338261344344,"appliedY":0,"actualX":-25.5,"actualY":0,"sensitivity":0.544,"currentZoomForScroll":1.0698376701631906,"maxScrollStep":46.406871803941804,"diagonal":false,"clipped":true}
[DebugBridge +71624.4ms] wheel_scroll_motion {"rawX":-72,"rawY":0,"clippedX":-46.406871803941804,"clippedY":0,"appliedX":-25.245338261344344,"appliedY":0,"actualX":-25.5,"actualY":0,"sensitivity":0.544,"currentZoomForScroll":1.0698376701631906,"maxScrollStep":46.406871803941804,"diagonal":false,"clipped":true}
[DebugBridge +71631.0ms] wheel_scroll_motion {"rawX":-74,"rawY":0,"clippedX":-46.406871803941804,"clippedY":0,"appliedX":-25.245338261344344,"appliedY":0,"actualX":-25.5,"actualY":0,"sensitivity":0.544,"currentZoomForScroll":1.0698376701631906,"maxScrollStep":46.406871803941804,"diagonal":false,"clipped":true}
[DebugBridge +71640.1ms] wheel_scroll_motion {"rawX":-78,"rawY":0,"clippedX":-46.406871803941804,"clippedY":0,"appliedX":-25.245338261344344,"appliedY":0,"actualX":-25.5,"actualY":0,"sensitivity":0.544,"currentZoomForScroll":1.0698376701631906,"maxScrollStep":46.406871803941804,"diagonal":false,"clipped":true}
[DebugBridge +71647.6ms] wheel_scroll_motion {"rawX":-74,"rawY":0,"clippedX":-46.406871803941804,"clippedY":0,"appliedX":-25.245338261344344,"appliedY":0,"actualX":-25.5,"actualY":0,"sensitivity":0.544,"currentZoomForScroll":1.0698376701631906,"maxScrollStep":46.406871803941804,"diagonal":false,"clipped":true}
[DebugBridge +71657.9ms] wheel_scroll_motion {"rawX":-76,"rawY":0,"clippedX":-46.406871803941804,"clippedY":0,"appliedX":-25.245338261344344,"appliedY":0,"actualX":-25.5,"actualY":0,"sensitivity":0.544,"currentZoomForScroll":1.0698376701631906,"maxScrollStep":46.406871803941804,"diagonal":false,"clipped":true}
[DebugBridge +71664.8ms] wheel_scroll_motion {"rawX":-78,"rawY":0,"clippedX":-46.406871803941804,"clippedY":0,"appliedX":-25.245338261344344,"appliedY":0,"actualX":-25.5,"actualY":0,"sensitivity":0.544,"currentZoomForScroll":1.0698376701631906,"maxScrollStep":46.406871803941804,"diagonal":false,"clipped":true}
[DebugBridge +71674.2ms] wheel_scroll_motion {"rawX":-76,"rawY":0,"clippedX":-46.406871803941804,"clippedY":0,"appliedX":-25.245338261344344,"appliedY":0,"actualX":-25.5,"actualY":0,"sensitivity":0.544,"currentZoomForScroll":1.0698376701631906,"maxScrollStep":46.406871803941804,"diagonal":false,"clipped":true}
[DebugBridge +71682.5ms] wheel_scroll_motion {"rawX":-76,"rawY":0,"clippedX":-46.406871803941804,"clippedY":0,"appliedX":-25.245338261344344,"appliedY":0,"actualX":-3.5,"actualY":0,"sensitivity":0.544,"currentZoomForScroll":1.0698376701631906,"maxScrollStep":46.406871803941804,"diagonal":false,"clipped":true}
[DebugBridge +71689.6ms] wheel_scroll_motion {"rawX":-76,"rawY":0,"clippedX":-46.406871803941804,"clippedY":0,"appliedX":-25.245338261344344,"appliedY":0,"actualX":0,"actualY":0,"sensitivity":0.544,"currentZoomForScroll":1.0698376701631906,"maxScrollStep":46.406871803941804,"diagonal":false,"clipped":true}
[DebugBridge +71783.0ms] wheel_scroll_motion {"rawX":8,"rawY":50,"clippedX":8,"clippedY":46.406871803941804,"appliedX":3.5686400000000003,"appliedY":20.70117737430236,"actualX":3.5,"actualY":20.5,"sensitivity":0.44608000000000003,"currentZoomForScroll":1.0698376701631906,"maxScrollStep":46.406871803941804,"diagonal":true,"clipped":true}
[DebugBridge +71791.3ms] wheel_scroll_motion {"rawX":10,"rawY":58,"clippedX":10,"clippedY":46.406871803941804,"appliedX":4.460800000000001,"appliedY":20.70117737430236,"actualX":4,"actualY":20.5,"sensitivity":0.44608000000000003,"currentZoomForScroll":1.0698376701631906,"maxScrollStep":46.406871803941804,"diagonal":true,"clipped":true}
[DebugBridge +71839.5ms] wheel_scroll_motion {"rawX":0,"rawY":132,"clippedX":0,"clippedY":46.406871803941804,"appliedX":0,"appliedY":25.245338261344344,"actualX":0,"actualY":25,"sensitivity":0.544,"currentZoomForScroll":1.0698376701631906,"maxScrollStep":46.406871803941804,"diagonal":false,"clipped":true}
[DebugBridge +71840.0ms] wheel_scroll_motion {"rawX":0,"rawY":560,"clippedX":0,"clippedY":46.406871803941804,"appliedX":0,"appliedY":25.245338261344344,"actualX":0,"actualY":25,"sensitivity":0.544,"currentZoomForScroll":1.0698376701631906,"maxScrollStep":46.406871803941804,"diagonal":false,"clipped":true}
[DebugBridge +71847.7ms] wheel_scroll_motion {"rawX":0,"rawY":132,"clippedX":0,"clippedY":46.406871803941804,"appliedX":0,"appliedY":25.245338261344344,"actualX":0,"actualY":25,"sensitivity":0.544,"currentZoomForScroll":1.0698376701631906,"maxScrollStep":46.406871803941804,"diagonal":false,"clipped":true}
[DebugBridge +71858.1ms] wheel_scroll_motion {"rawX":0,"rawY":124,"clippedX":0,"clippedY":46.406871803941804,"appliedX":0,"appliedY":25.245338261344344,"actualX":0,"actualY":25,"sensitivity":0.544,"currentZoomForScroll":1.0698376701631906,"maxScrollStep":46.406871803941804,"diagonal":false,"clipped":true}
[DebugBridge +71867.8ms] wheel_scroll_motion {"rawX":0,"rawY":120,"clippedX":0,"clippedY":46.406871803941804,"appliedX":0,"appliedY":25.245338261344344,"actualX":0,"actualY":25,"sensitivity":0.544,"currentZoomForScroll":1.0698376701631906,"maxScrollStep":46.406871803941804,"diagonal":false,"clipped":true}
[DebugBridge +71874.8ms] wheel_scroll_motion {"rawX":0,"rawY":120,"clippedX":0,"clippedY":46.406871803941804,"appliedX":0,"appliedY":25.245338261344344,"actualX":0,"actualY":25,"sensitivity":0.544,"currentZoomForScroll":1.0698376701631906,"maxScrollStep":46.406871803941804,"diagonal":false,"clipped":true}
[DebugBridge +71881.8ms] wheel_scroll_motion {"rawX":0,"rawY":116,"clippedX":0,"clippedY":46.406871803941804,"appliedX":0,"appliedY":25.245338261344344,"actualX":0,"actualY":25,"sensitivity":0.544,"currentZoomForScroll":1.0698376701631906,"maxScrollStep":46.406871803941804,"diagonal":false,"clipped":true}
[DebugBridge +71890.5ms] wheel_scroll_motion {"rawX":0,"rawY":114,"clippedX":0,"clippedY":46.406871803941804,"appliedX":0,"appliedY":25.245338261344344,"actualX":0,"actualY":25,"sensitivity":0.544,"currentZoomForScroll":1.0698376701631906,"maxScrollStep":46.406871803941804,"diagonal":false,"clipped":true}
[DebugBridge +71898.5ms] wheel_scroll_motion {"rawX":0,"rawY":110,"clippedX":0,"clippedY":46.406871803941804,"appliedX":0,"appliedY":25.245338261344344,"actualX":0,"actualY":25,"sensitivity":0.544,"currentZoomForScroll":1.0698376701631906,"maxScrollStep":46.406871803941804,"diagonal":false,"clipped":true}
[DebugBridge +71939.8ms] wheel_scroll_motion {"rawX":0,"rawY":418,"clippedX":0,"clippedY":46.406871803941804,"appliedX":0,"appliedY":25.245338261344344,"actualX":0,"actualY":25,"sensitivity":0.544,"currentZoomForScroll":1.0698376701631906,"maxScrollStep":46.406871803941804,"diagonal":false,"clipped":true}
[DebugBridge +71940.4ms] wheel_scroll_motion {"rawX":0,"rawY":100,"clippedX":0,"clippedY":46.406871803941804,"appliedX":0,"appliedY":25.245338261344344,"actualX":0,"actualY":25,"sensitivity":0.544,"currentZoomForScroll":1.0698376701631906,"maxScrollStep":46.406871803941804,"diagonal":false,"clipped":true}
[DebugBridge +71948.7ms] wheel_scroll_motion {"rawX":0,"rawY":98,"clippedX":0,"clippedY":46.406871803941804,"appliedX":0,"appliedY":25.245338261344344,"actualX":0,"actualY":25,"sensitivity":0.544,"currentZoomForScroll":1.0698376701631906,"maxScrollStep":46.406871803941804,"diagonal":false,"clipped":true}
[DebugBridge +71952.7ms] page_visit_start {"page":9,"pageCount":36,"revisited":true,"hasContainer":true,"hasPdfSurface":true,"spinnerVisible":false,"hasAnnotationOverlay":true,"ready":true}
[DebugBridge +71954.0ms] page_visit_ready {"page":9,"pageCount":36,"revisited":true,"waitMs":2,"hasContainer":true,"hasPdfSurface":true,"spinnerVisible":false,"hasAnnotationOverlay":true,"ready":true}
[DebugBridge +71957.0ms] wheel_scroll_motion {"rawX":0,"rawY":92,"clippedX":0,"clippedY":46.406871803941804,"appliedX":0,"appliedY":25.245338261344344,"actualX":0,"actualY":25,"sensitivity":0.544,"currentZoomForScroll":1.0698376701631906,"maxScrollStep":46.406871803941804,"diagonal":false,"clipped":true}
[DebugBridge +72132.9ms] wheel_scroll_motion {"rawX":84,"rawY":-154,"clippedX":46.406871803941804,"clippedY":-46.406871803941804,"appliedX":20.70117737430236,"appliedY":-20.70117737430236,"actualX":20.5,"actualY":-21,"sensitivity":0.44608000000000003,"currentZoomForScroll":1.0698376701631906,"maxScrollStep":46.406871803941804,"diagonal":true,"clipped":true}
[DebugBridge +72139.3ms] page_visit_start {"page":8,"pageCount":36,"revisited":true,"hasContainer":true,"hasPdfSurface":true,"spinnerVisible":false,"hasAnnotationOverlay":true,"ready":true}
[DebugBridge +72141.1ms] page_visit_ready {"page":8,"pageCount":36,"revisited":true,"waitMs":2,"hasContainer":true,"hasPdfSurface":true,"spinnerVisible":false,"hasAnnotationOverlay":true,"ready":true}
[DebugBridge +72144.1ms] wheel_scroll_motion {"rawX":194,"rawY":-390,"clippedX":46.406871803941804,"clippedY":-46.406871803941804,"appliedX":20.70117737430236,"appliedY":-20.70117737430236,"actualX":20.5,"actualY":-21,"sensitivity":0.44608000000000003,"currentZoomForScroll":1.0698376701631906,"maxScrollStep":46.406871803941804,"diagonal":true,"clipped":true}
[DebugBridge +72149.6ms] wheel_scroll_motion {"rawX":26,"rawY":-50,"clippedX":26,"clippedY":-46.406871803941804,"appliedX":11.598080000000001,"appliedY":-20.70117737430236,"actualX":11.5,"actualY":-21,"sensitivity":0.44608000000000003,"currentZoomForScroll":1.0698376701631906,"maxScrollStep":46.406871803941804,"diagonal":true,"clipped":true}
[DebugBridge +72324.3ms] wheel_scroll_motion {"rawX":186,"rawY":-384,"clippedX":46.406871803941804,"clippedY":-46.406871803941804,"appliedX":20.70117737430236,"appliedY":-20.70117737430236,"actualX":20.5,"actualY":-21,"sensitivity":0.44608000000000003,"currentZoomForScroll":1.0698376701631906,"maxScrollStep":46.406871803941804,"diagonal":true,"clipped":true}
[DebugBridge +72429.9ms] zoom_wheel_request {"rawDeltaY":6.104017734527588,"reportedZoom":106,"trustedReactZoom":106.98376701631906,"currentZoom":106.98376701631906,"reportedCurrentZoom":106,"nextZoom":108.16570369243479,"requestedDeltaAbs":1.1819366761157255,"reportedLagAbs":0.9837670163190637,"rawGetZoomValue":106,"rawViewerZoomValue":106,"rawMagnificationZoom":null,"correctedSuspiciousZoom":false}
[DebugBridge +72430.0ms] zoom_start {"scale":1.0698376701631906,"source":"overlay_wheel_zoom_pre","reportedScale":1.06,"correctedSuspiciousZoom":false}
[DebugBridge +72478.3ms] zoom_wheel_request {"rawDeltaY":94.54927062988281,"reportedZoom":108,"trustedReactZoom":108.16570369243479,"currentZoom":108.16570369243479,"reportedCurrentZoom":108,"nextZoom":128.23352706720715,"requestedDeltaAbs":20.06782337477236,"reportedLagAbs":0.16570369243478922,"rawGetZoomValue":108,"rawViewerZoomValue":108,"rawMagnificationZoom":null,"correctedSuspiciousZoom":false}
[DebugBridge +72520.4ms] zoom_wheel_request {"rawDeltaY":17.873249053955078,"reportedZoom":128,"trustedReactZoom":128.23352706720715,"currentZoom":128.23352706720715,"reportedCurrentZoom":128,"nextZoom":132.42611671127878,"requestedDeltaAbs":4.1925896440716315,"reportedLagAbs":0.23352706720714878,"rawGetZoomValue":128,"rawViewerZoomValue":128,"rawMagnificationZoom":null,"correctedSuspiciousZoom":false}
[DebugBridge +73078.9ms] zoom_wheel_request {"rawDeltaY":-3.6307804584503174,"reportedZoom":132,"trustedReactZoom":132.42611671127878,"currentZoom":132.42611671127878,"reportedCurrentZoom":132,"nextZoom":131.56348033847004,"requestedDeltaAbs":0.862636372808737,"reportedLagAbs":0.42611671127878026,"rawGetZoomValue":132,"rawViewerZoomValue":132,"rawMagnificationZoom":null,"correctedSuspiciousZoom":false}
[DebugBridge +73121.1ms] zoom_wheel_request {"rawDeltaY":-4.549648761749268,"reportedZoom":131,"trustedReactZoom":131.56348033847004,"currentZoom":131.56348033847004,"reportedCurrentZoom":131,"nextZoom":130.4904582957052,"requestedDeltaAbs":1.0730220427648476,"reportedLagAbs":0.5634803384700433,"rawGetZoomValue":131,"rawViewerZoomValue":131,"rawMagnificationZoom":null,"correctedSuspiciousZoom":false}
[DebugBridge +73163.3ms] zoom_wheel_request {"rawDeltaY":-24.302064895629883,"reportedZoom":130,"trustedReactZoom":130.4904582957052,"currentZoom":130.4904582957052,"reportedCurrentZoom":130,"nextZoom":124.90536752270812,"requestedDeltaAbs":5.585090772997077,"reportedLagAbs":0.4904582957051957,"rawGetZoomValue":130,"rawViewerZoomValue":130,"rawMagnificationZoom":null,"correctedSuspiciousZoom":false}
[DebugBridge +73204.8ms] zoom_wheel_request {"rawDeltaY":-22.445655822753906,"reportedZoom":124,"trustedReactZoom":124.9053675227081,"currentZoom":124.9053675227081,"reportedCurrentZoom":124,"nextZoom":119.95950293569756,"requestedDeltaAbs":4.945864587010547,"reportedLagAbs":0.9053675227081044,"rawGetZoomValue":124,"rawViewerZoomValue":124,"rawMagnificationZoom":null,"correctedSuspiciousZoom":false}
[DebugBridge +73244.7ms] zoom_wheel_request {"rawDeltaY":-5.840793609619141,"reportedZoom":119,"trustedReactZoom":119.95950293569754,"currentZoom":119.95950293569754,"reportedCurrentZoom":119,"nextZoom":118.70492379895968,"requestedDeltaAbs":1.2545791367378598,"reportedLagAbs":0.9595029356975431,"rawGetZoomValue":119,"rawViewerZoomValue":119,"rawMagnificationZoom":null,"correctedSuspiciousZoom":false}
[DebugBridge +74403.5ms] zoom_end {"source":"zoomChange_settle"}
[SaveLog] global menu trigger — capturing console buffer