===== SurveyApp Save Log =====
version:   0.1.46
runtime:   dev-server
platform:  desktop
device:    Mac
os:        macOS 10.15.7
screen:    1512x982 @2x
viewport:  1203x822
locale:    en-US
timestamp: 2026-05-27T04:22:02.162Z (5/27/2026, 12:22:02 AM)
==============================
      }, ({ active, over, delta }) => {
        onDragMove?.({
          activeId: active.id,
          overId: over?.id ?? null,
          delta
        });
      }, ({ active, over }) => {
        onDragOver?.({
          activeId: active.id,
          overId: over?.id ?? null
        });
      }, ({ active, over }) => {
    const didReorder = Boolean(over && active.id !== over.id);
    if (didReorder) {
      flushSync(() => {
        onReorder(active.id, over.id);
      });
    }
    setActiveId(null);
    onDragEnd?.({
      activeId: active.id,
      overId: over?.id ?? null,
      didReorder
    });
  }, ({ active }) => {
        const cancelledActiveId = active?.id ?? activeId;
        setActiveId(null);
        onDragCancel?.({ activeId: cancelledActiveId });
      }] 
    at DndContext2 (http://localhost:5173/node_modules/.vite/deps/chunk-A3CVWB2O.js?v=dfa4c8b2:2537:5)
    at SortableRearrangeList (http://localhost:5173/src/reorder/SortableRearrangeList.jsx?t=1779848235299:48:3)
    at div
    at div
    at aside
    at div
    at div
    at div
    at main
    at div
    at div
    at HubShell (http://localhost:5173/src/home/HubShell.jsx?t=1779668220408:594:28)
    at TemplatesEditor (http://localhost:5173/src/home/TemplatesEditor.jsx?t=1779848178536:806:3)
    at SurveyHub (http://localhost:5173/src/home/SurveyHub.jsx?t=1779833451446:36:3)
    at Dashboard2 (http://localhost:5173/src/App.jsx?t=1779833981619:2302:66)
    at div
    at div
    at div
    at div
    at App (http://localhost:5173/src/App.jsx?t=1779833981619:41765:151)
    at MSGraphProvider (http://localhost:5173/src/contexts/MSGraphContext.jsx?t=1779665567292:65:35)
    at AuthProvider (http://localhost:5173/src/contexts/AuthContext.jsx?t=1779665567292:38:32)
    at ErrorBoundary (http://localhost:5173/src/components/ErrorBoundary.jsx?t=1779696635739:31:5)
console.warn @ [SPACES_REORDER_DEBUG:spaces-panel-mounted] {"spacesCount":2,"spaceIds":["1779826930314-tyid64u4f","1779826922393-tt6gyhm5q"],"spaceNames":["2","Space 1"]}
[CloudSync][hook] hydrate effect fired {"enabled":false,"hydrateEnabled":false,"documentId":"00e1cde9-449b-4771-9743-37bd604557a9","userId":"170d915c-5741-4e0b-b03f-deaeedae27bd","pdfId":"SE-011 Security Shop Drawing Rev2 - 05.06.25.pdf-26261080"}
[CloudSync][hook] hydrate skipped — missing prerequisite {"hydrateEnabled":false,"hasDocumentId":true,"hasUserId":true,"hasPdfId":true}
[AnnotationHydrationGate][normal] {"documentId":"00e1cde9-449b-4771-9743-37bd604557a9","pdfId":"SE-011 Security Shop Drawing Rev2 - 05.06.25.pdf-26261080","ready":true,"source":"disabled","normalReady":true,"cutoverTs":"2026-05-18T02:05:48.746+00:00","count":null,"calloutCount":null,"firstPaintGate":true}
[AnnotationHydrationGate][first-page] {"documentId":"00e1cde9-449b-4771-9743-37bd604557a9","pdfId":"SE-011 Security Shop Drawing Rev2 - 05.06.25.pdf-26261080","pageNumber":1,"ready":true,"visualCoverActive":false,"normal":{"documentId":"00e1cde9-449b-4771-9743-37bd604557a9","pdfId":"SE-011 Security Shop Drawing Rev2 - 05.06.25.pdf-26261080","ready":true,"source":"disabled","normalReady":true,"cutoverTs":"2026-05-18T02:05:48.746+00:00","count":null,"calloutCount":null,"firstPaintGate":true},"survey":{"ready":true,"source":"supabase-highlight","documentId":"00e1cde9-449b-4771-9743-37bd604557a9","pdfId":"SE-011 Security Shop Drawing Rev2 - 05.06.25.pdf-26261080","count":2}}
[AnnotationHydrationGate][visual-cover] {"documentId":"00e1cde9-449b-4771-9743-37bd604557a9","pdfId":"SE-011 Security Shop Drawing Rev2 - 05.06.25.pdf-26261080","pageNumber":1,"active":false,"reason":"hydration-ready"}
[AnnotationHydrationGate][first-page] {"documentId":"00e1cde9-449b-4771-9743-37bd604557a9","pdfId":"SE-011 Security Shop Drawing Rev2 - 05.06.25.pdf-26261080","pageNumber":1,"ready":false,"visualCoverActive":true,"normal":{"documentId":"00e1cde9-449b-4771-9743-37bd604557a9","pdfId":"SE-011 Security Shop Drawing Rev2 - 05.06.25.pdf-26261080","ready":true,"source":"disabled","normalReady":true,"cutoverTs":"2026-05-18T02:05:48.746+00:00","count":null,"calloutCount":null,"firstPaintGate":true},"survey":{"ready":false,"source":"supabase-highlight-starting","documentId":"00e1cde9-449b-4771-9743-37bd604557a9","pdfId":"SE-011 Security Shop Drawing Rev2 - 05.06.25.pdf-26261080"}}
[AnnotationHydrationGate][visual-cover] {"documentId":"00e1cde9-449b-4771-9743-37bd604557a9","pdfId":"SE-011 Security Shop Drawing Rev2 - 05.06.25.pdf-26261080","pageNumber":1,"active":true,"reason":"annotation-hydration-gated"}
[SURVEY-MARKER-SYNC][load.legacy][pdf=SE-011 Security Shop Drawing Rev2 - 05.06.25.pdf] {"documentId":"00e1cde9-449b-4771-9743-37bd604557a9","totalRows":2,"fabricCarryingDropped":0,"keptCount":2,"keptIds":["surveyMarker-1779149067882-re5p2wtnk","surveyMarker-1779146015119-5v5p5dbvm"]}
[AnnotationHydrationGate][survey] supabase surveyMarkers complete {"documentId":"00e1cde9-449b-4771-9743-37bd604557a9","pdfId":"SE-011 Security Shop Drawing Rev2 - 05.06.25.pdf-26261080","count":2}
[AnnotationHydrationGate][first-page] {"documentId":"00e1cde9-449b-4771-9743-37bd604557a9","pdfId":"SE-011 Security Shop Drawing Rev2 - 05.06.25.pdf-26261080","pageNumber":1,"ready":true,"visualCoverActive":false,"normal":{"documentId":"00e1cde9-449b-4771-9743-37bd604557a9","pdfId":"SE-011 Security Shop Drawing Rev2 - 05.06.25.pdf-26261080","ready":true,"source":"disabled","normalReady":true,"cutoverTs":"2026-05-18T02:05:48.746+00:00","count":null,"calloutCount":null,"firstPaintGate":true},"survey":{"ready":true,"source":"supabase-highlight","documentId":"00e1cde9-449b-4771-9743-37bd604557a9","pdfId":"SE-011 Security Shop Drawing Rev2 - 05.06.25.pdf-26261080","count":2}}
[AnnotationHydrationGate][visual-cover] {"documentId":"00e1cde9-449b-4771-9743-37bd604557a9","pdfId":"SE-011 Security Shop Drawing Rev2 - 05.06.25.pdf-26261080","pageNumber":1,"active":false,"reason":"hydration-ready"}
[PDFImport] skipped embedded PDF annotation import — cloud/Y.Doc is authoritative {"documentId":"00e1cde9-449b-4771-9743-37bd604557a9"}
[PDFCounterImport] summary {"marker":"survey-counter","metadataKey":"SurveyApp","counterAnnotationsImported":0,"plainCirclesImported":0,"counterMetadataParseFailures":0,"appCalloutMarker":"survey-callout","appCalloutMetadataKey":"SurveyAppCallout","appCalloutAnnotationsImported":0,"appCalloutPiecesSkipped":0}
[PDFAppLayerStateImport] summary {"found":false,"documentId":null,"exportId":null,"scopedAnnotationPages":0,"scopedCallouts":0,"surveyMarkers":0,"spaces":0}
[PDFImport] native layer policy {"documentId":"00e1cde9-449b-4771-9743-37bd604557a9","cloudAuthoritative":true,"reason":"cloud/Y.Doc annotations are authoritative; native PDF annotation layer is hidden when all renderable native annotations are accounted for by importer diagnostics.","pages":{"1":{"hideNativeLayer":true,"nativeRenderableAnnotationCount":2,"nativeOnlyAnnotationCount":0,"reason":"all-renderable-native-annotations-imported-as-editable-app-annotations"},"2":{"hideNativeLayer":false,"nativeRenderableAnnotationCount":0,"nativeOnlyAnnotationCount":0,"reason":"no-renderable-native-annotations"},"3":{"hideNativeLayer":false,"nativeRenderableAnnotationCount":0,"nativeOnlyAnnotationCount":0,"reason":"no-renderable-native-annotations"},"4":{"hideNativeLayer":false,"nativeRenderableAnnotationCount":0,"nativeOnlyAnnotationCount":0,"reason":"no-renderable-native-annotations"},"5":{"hideNativeLayer":false,"nativeRenderableAnnotationCount":0,"nativeOnlyAnnotationCount":0,"reason":"no-renderable-native-annotations"},"6":{"hideNativeLayer":false,"nativeRenderableAnnotationCount":0,"nativeOnlyAnnotationCount":0,"reason":"no-renderable-native-annotations"},"7":{"hideNativeLayer":false,"nativeRenderableAnnotationCount":0,"nativeOnlyAnnotationCount":0,"reason":"no-renderable-native-annotations"},"8":{"hideNativeLayer":false,"nativeRenderableAnnotationCount":0,"nativeOnlyAnnotationCount":0,"reason":"no-renderable-native-annotations"},"9":{"hideNativeLayer":false,"nativeRenderableAnnotationCount":0,"nativeOnlyAnnotationCount":0,"reason":"no-renderable-native-annotations"},"10":{"hideNativeLayer":false,"nativeRenderableAnnotationCount":0,"nativeOnlyAnnotationCount":0,"reason":"no-renderable-native-annotations"},"11":{"hideNativeLayer":false,"nativeRenderableAnnotationCount":0,"nativeOnlyAnnotationCount":0,"reason":"no-renderable-native-annotations"},"12":{"hideNativeLayer":false,"nativeRenderableAnnotationCount":0,"nativeOnlyAnnotationCount":0,"reason":"no-renderable-native-annotations"},"13":{"hideNativeLayer":false,"nativeRenderableAnnotationCount":0,"nativeOnlyAnnotationCount":0,"reason":"no-renderable-native-annotations"},"14":{"hideNativeLayer":false,"nativeRenderableAnnotationCount":0,"nativeOnlyAnnotationCount":0,"reason":"no-renderable-native-annotations"},"15":{"hideNativeLayer":false,"nativeRenderableAnnotationCount":0,"nativeOnlyAnnotationCount":0,"reason":"no-renderable-native-annotations"},"16":{"hideNativeLayer":false,"nativeRenderableAnnotationCount":0,"nativeOnlyAnnotationCount":0,"reason":"no-renderable-native-annotations"},"17":{"hideNativeLayer":false,"nativeRenderableAnnotationCount":0,"nativeOnlyAnnotationCount":0,"reason":"no-renderable-native-annotations"},"18":{"hideNativeLayer":false,"nativeRenderableAnnotationCount":0,"nativeOnlyAnnotationCount":0,"reason":"no-renderable-native-annotations"},"19":{"hideNativeLayer":false,"nativeRenderableAnnotationCount":0,"nativeOnlyAnnotationCount":0,"reason":"no-renderable-native-annotations"},"20":{"hideNativeLayer":false,"nativeRenderableAnnotationCount":0,"nativeOnlyAnnotationCount":0,"reason":"no-renderable-native-annotations"},"21":{"hideNativeLayer":false,"nativeRenderableAnnotationCount":0,"nativeOnlyAnnotationCount":0,"reason":"no-renderable-native-annotations"},"22":{"hideNativeLayer":false,"nativeRenderableAnnotationCount":0,"nativeOnlyAnnotationCount":0,"reason":"no-renderable-native-annotations"},"23":{"hideNativeLayer":false,"nativeRenderableAnnotationCount":0,"nativeOnlyAnnotationCount":0,"reason":"no-renderable-native-annotations"},"24":{"hideNativeLayer":false,"nativeRenderableAnnotationCount":0,"nativeOnlyAnnotationCount":0,"reason":"no-renderable-native-annotations"},"25":{"hideNativeLayer":false,"nativeRenderableAnnotationCount":0,"nativeOnlyAnnotationCount":0,"reason":"no-renderable-native-annotations"},"26":{"hideNativeLayer":false,"nativeRenderableAnnotationCount":0,"nativeOnlyAnnotationCount":0,"reason":"no-renderable-native-annotations"},"27":{"hideN... [truncated 24 chars]
[PrintPanel] RENDER — panel closed
[SVGAnnotationLayer] setRotInputVisible(false) reason=no single rotation target selected
[SVGAnnotationLayer] setRotInputVisible(false) reason=no single rotation target selected
[DebugBridge +15467061.5ms] pdf_loaded {"pageCount":99,"currentPage":1}
[HyperlinkDiag] post-load scan {"hyperlinkCount":0,"samples":[]}
[HyperlinkDiag] page 1 layers {"hyperlinkChildren":0,"layerClasses":["DIV","e-spinner-pane e-spin-hide","e-pv-page-canvas","e-pv-text-layer","DIV","IMG","e-pv-annotation-canvas","IMG","IMG","IMG"]}
[HyperlinkDiag] page 2 layers {"hyperlinkChildren":0,"layerClasses":["e-spinner-pane e-spin-hide","e-pv-page-canvas","e-pv-text-layer","DIV","IMG","IMG","IMG","IMG"]}
[HyperlinkDiag] page 3 layers {"hyperlinkChildren":0,"layerClasses":["e-spinner-pane e-spin-hide","e-pv-page-canvas","e-pv-text-layer","DIV","IMG","IMG"]}
[HyperlinkDiag] page 4 layers {"hyperlinkChildren":0,"layerClasses":["e-spinner-pane e-spin-show","e-pv-page-canvas","e-pv-text-layer","DIV"]}
[HyperlinkDiag] page 5 layers {"hyperlinkChildren":0,"layerClasses":["e-spinner-pane e-spin-show","e-pv-page-canvas","e-pv-text-layer","DIV"]}
[HyperlinkDiag] page 6 layers {"hyperlinkChildren":0,"layerClasses":["e-spinner-pane e-spin-show","e-pv-page-canvas","e-pv-text-layer","DIV"]}
[HyperlinkDiag] page 7 layers {"hyperlinkChildren":0,"layerClasses":["e-spinner-pane e-spin-show","e-pv-page-canvas","e-pv-text-layer","DIV"]}
[HyperlinkDiag] page 8 layers {"hyperlinkChildren":0,"layerClasses":["e-spinner-pane e-spin-show","e-pv-page-canvas","e-pv-text-layer","DIV"]}
[HyperlinkDiag] page 9 layers {"hyperlinkChildren":0,"layerClasses":["e-spinner-pane e-spin-show","e-pv-page-canvas","e-pv-text-layer","DIV"]}
[HyperlinkDiag] page 10 layers {"hyperlinkChildren":0,"layerClasses":["e-spinner-pane e-spin-show","e-pv-page-canvas","e-pv-text-layer","DIV"]}
[CTXDIAG mousedown-right-raw] clientX=793 clientY=206 target=<button>
console.warn @ [CTXDIAG mousedown-right-raw] clientX=793 clientY=206 target=<button>
[CTXDIAG mousedown-right page-gated-v2-2026-04-25] {"phase":"mousedown-right","type":"mousedown","button":2,"which":3,"buttons":2,"ctrlKey":false,"metaKey":false,"shiftKey":false,"altKey":false,"clientX":793,"clientY":206,"defaultPrevented":false,"target":"<button>","currentTarget":"[object Window]","pathDepth":21,"pathSummary":"<button> → <div> → <div> → <div> → <div> → <section> → <div> → <div>"}
console.warn @ [CTXDIAG mousedown-right page-gated-v2-2026-04-25] {"phase":"mousedown-right","type":"mousedown","button":2,"which":3,"buttons":2,"ctrlKey":false,"metaKey":false,"shiftKey":false,"altKey":false,"clientX":793,"clientY":206,"defaultPrevented":false,"target":"<button>","currentTarget":"[object Window]","pathDepth":21,"pathSummary":"<button> → <div> → <div> → <div> → <div> → <section> → <div> → <div>"}
[CTXDIAG win-enter page-gated-v2-2026-04-25] type=contextmenu button=2 clientX=793 clientY=206 target=<button> defaultPrevented=false
console.warn @ [CTXDIAG win-enter page-gated-v2-2026-04-25] type=contextmenu button=2 clientX=793 clientY=206 target=<button> defaultPrevented=false
[CTXDIAG win-capture page-gated-v2-2026-04-25] {"phase":"win-capture","type":"contextmenu","button":2,"which":3,"buttons":2,"ctrlKey":false,"metaKey":false,"shiftKey":false,"altKey":false,"clientX":793,"clientY":206,"defaultPrevented":false,"target":"<button>","currentTarget":"[object Window]","pathDepth":21,"pathSummary":"<button> → <div> → <div> → <div> → <div> → <section> → <div> → <div>"}
console.warn @ [CTXDIAG win-capture page-gated-v2-2026-04-25] {"phase":"win-capture","type":"contextmenu","button":2,"which":3,"buttons":2,"ctrlKey":false,"metaKey":false,"shiftKey":false,"altKey":false,"clientX":793,"clientY":206,"defaultPrevented":false,"target":"<button>","currentTarget":"[object Window]","pathDepth":21,"pathSummary":"<button> → <div> → <div> → <div> → <div> → <section> → <div> → <div>"}
[CTXDIAG win-capture stack-at-point] ["0:<button>","1:<div>","2:<div>","3:<div>","4:<div>","5:<section>","6:<div>","7:<div>","8:<div.ed-scope>","9:<main.main.paper>","10:<div.shell>","11:<div.survey-hub>","12:<div>","13:<div>","14:<div>"]
console.warn @ [CTXDIAG win-capture stack-at-point] ["0:<button>","1:<div>","2:<div>","3:<div>","4:<div>","5:<section>","6:<div>","7:<div>","8:<div.ed-scope>","9:<main.main.paper>","10:<div.shell>","11:<div.survey-hub>","12:<div>","13:<div>","14:<div>"]
[CTXDIAG win-capture wrapper-rects @cursor=(793,206)] [{"tag":"<div data-diag-svg-wrapper=\"1\">","left":0,"top":0,"right":0,"bottom":0,"width":0,"height":0,"hit":false}]
console.warn @ [CTXDIAG win-capture wrapper-rects @cursor=(793,206)] [{"tag":"<div data-diag-svg-wrapper=\"1\">","left":0,"top":0,"right":0,"bottom":0,"width":0,"height":0,"hit":false}]
[CTXDIAG enter page-gated-v2-2026-04-25] type=contextmenu button=2 clientX=793 clientY=206 target=<button>
console.warn @ [CTXDIAG enter page-gated-v2-2026-04-25] type=contextmenu button=2 clientX=793 clientY=206 target=<button>
[CTXDIAG capture page-gated-v2-2026-04-25] {"phase":"capture","type":"contextmenu","button":2,"which":3,"buttons":2,"ctrlKey":false,"metaKey":false,"shiftKey":false,"altKey":false,"clientX":793,"clientY":206,"defaultPrevented":false,"target":"<button>","currentTarget":"[object HTMLDocument]","pathDepth":21,"pathSummary":"<button> → <div> → <div> → <div> → <div> → <section> → <div> → <div>"}
console.warn @ [CTXDIAG capture page-gated-v2-2026-04-25] {"phase":"capture","type":"contextmenu","button":2,"which":3,"buttons":2,"ctrlKey":false,"metaKey":false,"shiftKey":false,"altKey":false,"clientX":793,"clientY":206,"defaultPrevented":false,"target":"<button>","currentTarget":"[object HTMLDocument]","pathDepth":21,"pathSummary":"<button> → <div> → <div> → <div> → <div> → <section> → <div> → <div>"}
[CTXDIAG capture stack-at-point] ["0:<button>","1:<div>","2:<div>","3:<div>","4:<div>","5:<section>","6:<div>","7:<div>","8:<div.ed-scope>","9:<main.main.paper>","10:<div.shell>","11:<div.survey-hub>","12:<div>","13:<div>","14:<div>"]
console.warn @ [CTXDIAG capture stack-at-point] ["0:<button>","1:<div>","2:<div>","3:<div>","4:<div>","5:<section>","6:<div>","7:<div>","8:<div.ed-scope>","9:<main.main.paper>","10:<div.shell>","11:<div.survey-hub>","12:<div>","13:<div>","14:<div>"]
[CTXDIAG capture wrapper-rects @cursor=(793,206)] [{"tag":"<div data-diag-svg-wrapper=\"1\">","left":0,"top":0,"right":0,"bottom":0,"width":0,"height":0,"hit":false}]
console.warn @ [CTXDIAG capture wrapper-rects @cursor=(793,206)] [{"tag":"<div data-diag-svg-wrapper=\"1\">","left":0,"top":0,"right":0,"bottom":0,"width":0,"height":0,"hit":false}]
[CTXDIAG dispatch page-gated-v2-2026-04-25] page=null annoIdx=null calloutId=null kind=page groupIndices=0 handler=false source=off-page-suppressed registered=[]
console.warn @ [CTXDIAG dispatch page-gated-v2-2026-04-25] page=null annoIdx=null calloutId=null kind=page groupIndices=0 handler=false source=off-page-suppressed registered=[]
[CTXDIAG bubble-final page-gated-v2-2026-04-25] {"phase":"bubble-final","type":"contextmenu","button":2,"which":3,"buttons":2,"ctrlKey":false,"metaKey":false,"shiftKey":false,"altKey":false,"clientX":793,"clientY":206,"defaultPrevented":false,"target":"<button>","currentTarget":"[object HTMLDocument]","pathDepth":21,"pathSummary":"<button> → <div> → <div> → <div> → <div> → <section> → <div> → <div>"}
console.warn @ [CTXDIAG bubble-final page-gated-v2-2026-04-25] {"phase":"bubble-final","type":"contextmenu","button":2,"which":3,"buttons":2,"ctrlKey":false,"metaKey":false,"shiftKey":false,"altKey":false,"clientX":793,"clientY":206,"defaultPrevented":false,"target":"<button>","currentTarget":"[object HTMLDocument]","pathDepth":21,"pathSummary":"<button> → <div> → <div> → <div> → <div> → <section> → <div> → <div>"}
[CTXDIAG mousedown-right-raw] clientX=746 clientY=204 target=<button>
console.warn @ [CTXDIAG mousedown-right-raw] clientX=746 clientY=204 target=<button>
[CTXDIAG mousedown-right page-gated-v2-2026-04-25] {"phase":"mousedown-right","type":"mousedown","button":2,"which":3,"buttons":2,"ctrlKey":false,"metaKey":false,"shiftKey":false,"altKey":false,"clientX":746,"clientY":204,"defaultPrevented":false,"target":"<button>","currentTarget":"[object Window]","pathDepth":21,"pathSummary":"<button> → <div> → <div> → <div> → <div> → <section> → <div> → <div>"}
console.warn @ [CTXDIAG mousedown-right page-gated-v2-2026-04-25] {"phase":"mousedown-right","type":"mousedown","button":2,"which":3,"buttons":2,"ctrlKey":false,"metaKey":false,"shiftKey":false,"altKey":false,"clientX":746,"clientY":204,"defaultPrevented":false,"target":"<button>","currentTarget":"[object Window]","pathDepth":21,"pathSummary":"<button> → <div> → <div> → <div> → <div> → <section> → <div> → <div>"}
[CTXDIAG win-enter page-gated-v2-2026-04-25] type=contextmenu button=2 clientX=746 clientY=204 target=<button> defaultPrevented=false
console.warn @ [CTXDIAG win-enter page-gated-v2-2026-04-25] type=contextmenu button=2 clientX=746 clientY=204 target=<button> defaultPrevented=false
[CTXDIAG win-capture page-gated-v2-2026-04-25] {"phase":"win-capture","type":"contextmenu","button":2,"which":3,"buttons":2,"ctrlKey":false,"metaKey":false,"shiftKey":false,"altKey":false,"clientX":746,"clientY":204,"defaultPrevented":false,"target":"<button>","currentTarget":"[object Window]","pathDepth":21,"pathSummary":"<button> → <div> → <div> → <div> → <div> → <section> → <div> → <div>"}
console.warn @ [CTXDIAG win-capture page-gated-v2-2026-04-25] {"phase":"win-capture","type":"contextmenu","button":2,"which":3,"buttons":2,"ctrlKey":false,"metaKey":false,"shiftKey":false,"altKey":false,"clientX":746,"clientY":204,"defaultPrevented":false,"target":"<button>","currentTarget":"[object Window]","pathDepth":21,"pathSummary":"<button> → <div> → <div> → <div> → <div> → <section> → <div> → <div>"}
[CTXDIAG win-capture stack-at-point] ["0:<button>","1:<div>","2:<div>","3:<div>","4:<div>","5:<section>","6:<div>","7:<div>","8:<div.ed-scope>","9:<main.main.paper>","10:<div.shell>","11:<div.survey-hub>","12:<div>","13:<div>","14:<div>"]
console.warn @ [CTXDIAG win-capture stack-at-point] ["0:<button>","1:<div>","2:<div>","3:<div>","4:<div>","5:<section>","6:<div>","7:<div>","8:<div.ed-scope>","9:<main.main.paper>","10:<div.shell>","11:<div.survey-hub>","12:<div>","13:<div>","14:<div>"]
[CTXDIAG win-capture wrapper-rects @cursor=(746,204)] [{"tag":"<div data-diag-svg-wrapper=\"1\">","left":0,"top":0,"right":0,"bottom":0,"width":0,"height":0,"hit":false}]
console.warn @ [CTXDIAG win-capture wrapper-rects @cursor=(746,204)] [{"tag":"<div data-diag-svg-wrapper=\"1\">","left":0,"top":0,"right":0,"bottom":0,"width":0,"height":0,"hit":false}]
[CTXDIAG enter page-gated-v2-2026-04-25] type=contextmenu button=2 clientX=746 clientY=204 target=<button>
console.warn @ [CTXDIAG enter page-gated-v2-2026-04-25] type=contextmenu button=2 clientX=746 clientY=204 target=<button>
[CTXDIAG capture page-gated-v2-2026-04-25] {"phase":"capture","type":"contextmenu","button":2,"which":3,"buttons":2,"ctrlKey":false,"metaKey":false,"shiftKey":false,"altKey":false,"clientX":746,"clientY":204,"defaultPrevented":false,"target":"<button>","currentTarget":"[object HTMLDocument]","pathDepth":21,"pathSummary":"<button> → <div> → <div> → <div> → <div> → <section> → <div> → <div>"}
console.warn @ [CTXDIAG capture page-gated-v2-2026-04-25] {"phase":"capture","type":"contextmenu","button":2,"which":3,"buttons":2,"ctrlKey":false,"metaKey":false,"shiftKey":false,"altKey":false,"clientX":746,"clientY":204,"defaultPrevented":false,"target":"<button>","currentTarget":"[object HTMLDocument]","pathDepth":21,"pathSummary":"<button> → <div> → <div> → <div> → <div> → <section> → <div> → <div>"}
[CTXDIAG capture stack-at-point] ["0:<button>","1:<div>","2:<div>","3:<div>","4:<div>","5:<section>","6:<div>","7:<div>","8:<div.ed-scope>","9:<main.main.paper>","10:<div.shell>","11:<div.survey-hub>","12:<div>","13:<div>","14:<div>"]
console.warn @ [CTXDIAG capture stack-at-point] ["0:<button>","1:<div>","2:<div>","3:<div>","4:<div>","5:<section>","6:<div>","7:<div>","8:<div.ed-scope>","9:<main.main.paper>","10:<div.shell>","11:<div.survey-hub>","12:<div>","13:<div>","14:<div>"]
[CTXDIAG capture wrapper-rects @cursor=(746,204)] [{"tag":"<div data-diag-svg-wrapper=\"1\">","left":0,"top":0,"right":0,"bottom":0,"width":0,"height":0,"hit":false}]
console.warn @ [CTXDIAG capture wrapper-rects @cursor=(746,204)] [{"tag":"<div data-diag-svg-wrapper=\"1\">","left":0,"top":0,"right":0,"bottom":0,"width":0,"height":0,"hit":false}]
[CTXDIAG dispatch page-gated-v2-2026-04-25] page=null annoIdx=null calloutId=null kind=page groupIndices=0 handler=false source=off-page-suppressed registered=[]
console.warn @ [CTXDIAG dispatch page-gated-v2-2026-04-25] page=null annoIdx=null calloutId=null kind=page groupIndices=0 handler=false source=off-page-suppressed registered=[]
[CTXDIAG bubble-final page-gated-v2-2026-04-25] {"phase":"bubble-final","type":"contextmenu","button":2,"which":3,"buttons":2,"ctrlKey":false,"metaKey":false,"shiftKey":false,"altKey":false,"clientX":746,"clientY":204,"defaultPrevented":false,"target":"<button>","currentTarget":"[object HTMLDocument]","pathDepth":21,"pathSummary":"<button> → <div> → <div> → <div> → <div> → <section> → <div> → <div>"}
console.warn @ [CTXDIAG bubble-final page-gated-v2-2026-04-25] {"phase":"bubble-final","type":"contextmenu","button":2,"which":3,"buttons":2,"ctrlKey":false,"metaKey":false,"shiftKey":false,"altKey":false,"clientX":746,"clientY":204,"defaultPrevented":false,"target":"<button>","currentTarget":"[object HTMLDocument]","pathDepth":21,"pathSummary":"<button> → <div> → <div> → <div> → <div> → <section> → <div> → <div>"}
[CTXDIAG mousedown-right-raw] clientX=746 clientY=204 target=<button>
console.warn @ [CTXDIAG mousedown-right-raw] clientX=746 clientY=204 target=<button>
[CTXDIAG mousedown-right page-gated-v2-2026-04-25] {"phase":"mousedown-right","type":"mousedown","button":2,"which":3,"buttons":2,"ctrlKey":false,"metaKey":false,"shiftKey":false,"altKey":false,"clientX":746,"clientY":204,"defaultPrevented":false,"target":"<button>","currentTarget":"[object Window]","pathDepth":21,"pathSummary":"<button> → <div> → <div> → <div> → <div> → <section> → <div> → <div>"}
console.warn @ [CTXDIAG mousedown-right page-gated-v2-2026-04-25] {"phase":"mousedown-right","type":"mousedown","button":2,"which":3,"buttons":2,"ctrlKey":false,"metaKey":false,"shiftKey":false,"altKey":false,"clientX":746,"clientY":204,"defaultPrevented":false,"target":"<button>","currentTarget":"[object Window]","pathDepth":21,"pathSummary":"<button> → <div> → <div> → <div> → <div> → <section> → <div> → <div>"}
[CTXDIAG win-enter page-gated-v2-2026-04-25] type=contextmenu button=2 clientX=746 clientY=204 target=<button> defaultPrevented=false
console.warn @ [CTXDIAG win-enter page-gated-v2-2026-04-25] type=contextmenu button=2 clientX=746 clientY=204 target=<button> defaultPrevented=false
[CTXDIAG win-capture page-gated-v2-2026-04-25] {"phase":"win-capture","type":"contextmenu","button":2,"which":3,"buttons":2,"ctrlKey":false,"metaKey":false,"shiftKey":false,"altKey":false,"clientX":746,"clientY":204,"defaultPrevented":false,"target":"<button>","currentTarget":"[object Window]","pathDepth":21,"pathSummary":"<button> → <div> → <div> → <div> → <div> → <section> → <div> → <div>"}
console.warn @ [CTXDIAG win-capture page-gated-v2-2026-04-25] {"phase":"win-capture","type":"contextmenu","button":2,"which":3,"buttons":2,"ctrlKey":false,"metaKey":false,"shiftKey":false,"altKey":false,"clientX":746,"clientY":204,"defaultPrevented":false,"target":"<button>","currentTarget":"[object Window]","pathDepth":21,"pathSummary":"<button> → <div> → <div> → <div> → <div> → <section> → <div> → <div>"}
[CTXDIAG win-capture stack-at-point] ["0:<button>","1:<div>","2:<div>","3:<div>","4:<div>","5:<section>","6:<div>","7:<div>","8:<div.ed-scope>","9:<main.main.paper>","10:<div.shell>","11:<div.survey-hub>","12:<div>","13:<div>","14:<div>"]
console.warn @ [CTXDIAG win-capture stack-at-point] ["0:<button>","1:<div>","2:<div>","3:<div>","4:<div>","5:<section>","6:<div>","7:<div>","8:<div.ed-scope>","9:<main.main.paper>","10:<div.shell>","11:<div.survey-hub>","12:<div>","13:<div>","14:<div>"]
[CTXDIAG win-capture wrapper-rects @cursor=(746,204)] [{"tag":"<div data-diag-svg-wrapper=\"1\">","left":0,"top":0,"right":0,"bottom":0,"width":0,"height":0,"hit":false}]
console.warn @ [CTXDIAG win-capture wrapper-rects @cursor=(746,204)] [{"tag":"<div data-diag-svg-wrapper=\"1\">","left":0,"top":0,"right":0,"bottom":0,"width":0,"height":0,"hit":false}]
[CTXDIAG enter page-gated-v2-2026-04-25] type=contextmenu button=2 clientX=746 clientY=204 target=<button>
console.warn @ [CTXDIAG enter page-gated-v2-2026-04-25] type=contextmenu button=2 clientX=746 clientY=204 target=<button>
[CTXDIAG capture page-gated-v2-2026-04-25] {"phase":"capture","type":"contextmenu","button":2,"which":3,"buttons":2,"ctrlKey":false,"metaKey":false,"shiftKey":false,"altKey":false,"clientX":746,"clientY":204,"defaultPrevented":false,"target":"<button>","currentTarget":"[object HTMLDocument]","pathDepth":21,"pathSummary":"<button> → <div> → <div> → <div> → <div> → <section> → <div> → <div>"}
console.warn @ [CTXDIAG capture page-gated-v2-2026-04-25] {"phase":"capture","type":"contextmenu","button":2,"which":3,"buttons":2,"ctrlKey":false,"metaKey":false,"shiftKey":false,"altKey":false,"clientX":746,"clientY":204,"defaultPrevented":false,"target":"<button>","currentTarget":"[object HTMLDocument]","pathDepth":21,"pathSummary":"<button> → <div> → <div> → <div> → <div> → <section> → <div> → <div>"}
[CTXDIAG capture stack-at-point] ["0:<button>","1:<div>","2:<div>","3:<div>","4:<div>","5:<section>","6:<div>","7:<div>","8:<div.ed-scope>","9:<main.main.paper>","10:<div.shell>","11:<div.survey-hub>","12:<div>","13:<div>","14:<div>"]
console.warn @ [CTXDIAG capture stack-at-point] ["0:<button>","1:<div>","2:<div>","3:<div>","4:<div>","5:<section>","6:<div>","7:<div>","8:<div.ed-scope>","9:<main.main.paper>","10:<div.shell>","11:<div.survey-hub>","12:<div>","13:<div>","14:<div>"]
[CTXDIAG capture wrapper-rects @cursor=(746,204)] [{"tag":"<div data-diag-svg-wrapper=\"1\">","left":0,"top":0,"right":0,"bottom":0,"width":0,"height":0,"hit":false}]
console.warn @ [CTXDIAG capture wrapper-rects @cursor=(746,204)] [{"tag":"<div data-diag-svg-wrapper=\"1\">","left":0,"top":0,"right":0,"bottom":0,"width":0,"height":0,"hit":false}]
[CTXDIAG dispatch page-gated-v2-2026-04-25] page=null annoIdx=null calloutId=null kind=page groupIndices=0 handler=false source=off-page-suppressed registered=[]
console.warn @ [CTXDIAG dispatch page-gated-v2-2026-04-25] page=null annoIdx=null calloutId=null kind=page groupIndices=0 handler=false source=off-page-suppressed registered=[]
[CTXDIAG bubble-final page-gated-v2-2026-04-25] {"phase":"bubble-final","type":"contextmenu","button":2,"which":3,"buttons":2,"ctrlKey":false,"metaKey":false,"shiftKey":false,"altKey":false,"clientX":746,"clientY":204,"defaultPrevented":false,"target":"<button>","currentTarget":"[object HTMLDocument]","pathDepth":21,"pathSummary":"<button> → <div> → <div> → <div> → <div> → <section> → <div> → <div>"}
console.warn @ [CTXDIAG bubble-final page-gated-v2-2026-04-25] {"phase":"bubble-final","type":"contextmenu","button":2,"which":3,"buttons":2,"ctrlKey":false,"metaKey":false,"shiftKey":false,"altKey":false,"clientX":746,"clientY":204,"defaultPrevented":false,"target":"<button>","currentTarget":"[object HTMLDocument]","pathDepth":21,"pathSummary":"<button> → <div> → <div> → <div> → <div> → <section> → <div> → <div>"}
console.warn @ [SPACES_REORDER_DEBUG:spaces-panel-mounted] {"spacesCount":2,"spaceIds":["1779826930314-tyid64u4f","1779826922393-tt6gyhm5q"],"spaceNames":["2","Space 1"]}
[CloudSync][hook] hydrate effect fired {"enabled":true,"hydrateEnabled":true,"documentId":"00e1cde9-449b-4771-9743-37bd604557a9","userId":"170d915c-5741-4e0b-b03f-deaeedae27bd","pdfId":"SE-011 Security Shop Drawing Rev2 - 05.06.25.pdf-26261080"}
[AnnotationHydrationGate][normal] {"documentId":"00e1cde9-449b-4771-9743-37bd604557a9","pdfId":"SE-011 Security Shop Drawing Rev2 - 05.06.25.pdf-26261080","ready":false,"source":"starting","normalReady":false,"cutoverTs":"2026-05-18T02:05:48.746+00:00","count":null,"calloutCount":null,"firstPaintGate":true}
[CloudSync][hook] stage=hydrating
[CloudSync][hook] fabric push skipped — not hydrated yet
[CloudSync][hook] callout push skipped — not hydrated yet
[CloudSync][realtime] subscribing {"documentId":"00e1cde9-449b-4771-9743-37bd604557a9","currentUserId":"170d915c-5741-4e0b-b03f-deaeedae27bd","currentSessionId":"c2a7005e-b9d7-49c4-8a1f-4aa53b747011","hasFabricInsert":true,"hasFabricUpdate":true,"hasFabricDelete":true,"hasCalloutInsert":true,"hasCalloutUpdate":true,"hasCalloutDelete":true}
[SVGAnnotationLayer] setRotInputVisible(false) reason=no single rotation target selected
[CloudSync][realtime] subscribe status {"status":"SUBSCRIBED","error":null}
[Phase31 UAT] post-subscribe catch-up skipped — doc is cutover-sealed, Y.Doc + realtime is source of truth {"documentId":"00e1cde9-449b-4771-9743-37bd604557a9","pdfId":"SE-011 Security Shop Drawing Rev2 - 05.06.25.pdf-26261080","cutoverTs":"2026-05-18T02:05:48.746+00:00","ydocAuthoritative":true}
[AnnotationHydrationGate][first-page] {"documentId":"00e1cde9-449b-4771-9743-37bd604557a9","pdfId":"SE-011 Security Shop Drawing Rev2 - 05.06.25.pdf-26261080","pageNumber":1,"ready":false,"visualCoverActive":true,"normal":{"documentId":"00e1cde9-449b-4771-9743-37bd604557a9","pdfId":"SE-011 Security Shop Drawing Rev2 - 05.06.25.pdf-26261080","ready":false,"source":"starting","normalReady":false,"cutoverTs":"2026-05-18T02:05:48.746+00:00","count":null,"calloutCount":null,"firstPaintGate":true},"survey":{"ready":true,"source":"supabase-highlight","documentId":"00e1cde9-449b-4771-9743-37bd604557a9","pdfId":"SE-011 Security Shop Drawing Rev2 - 05.06.25.pdf-26261080","count":2}}
[AnnotationHydrationGate][visual-cover] {"documentId":"00e1cde9-449b-4771-9743-37bd604557a9","pdfId":"SE-011 Security Shop Drawing Rev2 - 05.06.25.pdf-26261080","pageNumber":1,"active":true,"reason":"annotation-hydration-gated"}
[CloudSync][hook] cutover-complete hydrate — reading from Y.Doc {"documentId":"00e1cde9-449b-4771-9743-37bd604557a9","cutoverTs":"2026-05-18T02:05:48.746+00:00"}
[Phase31 UAT] hydrate:cutover-sealed {"documentId":"00e1cde9-449b-4771-9743-37bd604557a9","pdfId":"SE-011 Security Shop Drawing Rev2 - 05.06.25.pdf-26261080","cutoverTs":"2026-05-18T02:05:48.746+00:00","yMapSize":524,"yMapCalloutsSize":3,"materializedTotal":524,"materializedCallouts":3,"materializedDrawnByMe":524,"materializedDrawnByOthers":0,"materializedImported":0,"pages":1,"perPage":{"1":524},"currentStateCount":524,"ydocLooksDegenerate":false}
[Phase31 UAT] hydrate:cutover-sealed:by-type {"documentId":"00e1cde9-449b-4771-9743-37bd604557a9","pdfFile":"SE-011 Security Shop Drawing Rev2 - 05.06.25.pdf-26261080","viewerUserId":"170d915c-5741-4e0b-b03f-deaeedae27bd","yMapTotal":524,"yMapCalloutsTotal":3,"yMapByType":{"path":1,"polygon":1,"rect":493,"line":5,"ellipse":4,"textbox":9,"circle":11},"yMapByAuthor":{"byMe":524,"byOthers":0,"anonymous":0},"yMapByTypeByAuthor":{"path":{"byMe":1,"byOthers":0,"anonymous":0},"polygon":{"byMe":1,"byOthers":0,"anonymous":0},"rect":{"byMe":493,"byOthers":0,"anonymous":0},"line":{"byMe":5,"byOthers":0,"anonymous":0},"ellipse":{"byMe":4,"byOthers":0,"anonymous":0},"textbox":{"byMe":9,"byOthers":0,"anonymous":0},"circle":{"byMe":11,"byOthers":0,"anonymous":0}},"yMapPerTypePerPage":{"path":{"unknown":1},"polygon":{"unknown":1},"rect":{"unknown":493},"line":{"unknown":5},"ellipse":{"unknown":4},"textbox":{"unknown":9},"circle":{"unknown":11}},"byPageTotal":524,"byPageByType":{"path":1,"polygon":1,"rect":493,"line":5,"ellipse":4,"textbox":9,"circle":11},"byPagePerPagePerType":{"1":{"path":1,"polygon":1,"rect":493,"line":5,"ellipse":4,"textbox":9,"circle":11}}}
[CloudSync][hydrate] loadAllNonSurveyMarkerAnnotations start {"documentId":"00e1cde9-449b-4771-9743-37bd604557a9"}
[CloudSync][hydrate] loadAllNonSurveyMarkerAnnotations ok {"elapsedMs":719,"totalRowsScanned":527,"scanned":{"nonSurveyMarker":527,"legacyFabricSurveyMarkers":0},"totalRows":527,"rowsByType":{"line":5,"circle":4,"callout":3,"freetext":9,"counter":11,"ink":1,"polygon":1,"square":493},"pagesWithObjects":26,"calloutCount":3}
[CloudSync][verify] first read summary {"contextLabel":"cutover-source-of-truth","documentId":"00e1cde9-449b-4771-9743-37bd604557a9","elapsedMs":722,"firstFabricPages":26,"firstFabricObjects":524,"firstCallouts":3,"firstEmpty":false,"localFabricCount":524,"localCalloutCount":3,"localHasData":true,"willVerify":false}
[CloudSync][source-of-truth] cutover initial hydrate selected Supabase durable snapshot {"documentId":"00e1cde9-449b-4771-9743-37bd604557a9","pdfId":"SE-011 Security Shop Drawing Rev2 - 05.06.25.pdf-26261080","cutoverTs":"2026-05-18T02:05:48.746+00:00","ydocFabricCount":524,"ydocCalloutCount":3,"supabaseFabricCount":524,"supabaseCalloutCount":3,"rule":"Supabase durable snapshot wins initial load; Y.Doc is reshaped for live collaboration"}
[UndoDiag] {"seq":4,"order":null,"at":"2026-05-27T02:45:41.651Z","event":"yjs_history_added","actionType":"undo","rawActionType":"undo","annotationType":"fabric","annotationId":"ink-1779059134630-7vbv4tt1i","pageNumber":null,"lane":"Yjs/CRDT history","receivedStack":"yjsUndoStack","chosenStack":null,"chosenLane":"Yjs/CRDT history","decisionReason":null,"undoDepth":3,"redoDepth":0}
[Phase31 UAT] save:fan-out done {"documentId":"00e1cde9-449b-4771-9743-37bd604557a9","pdfId":"SE-011 Security Shop Drawing Rev2 - 05.06.25.pdf-26261080","userId":"170d915c-5741-4e0b-b03f-deaeedae27bd","actionType":null,"dispatched":524,"yDocUpdateCount":524,"detected":524,"skippedSurveyMarkerOrCallout":0,"skippedOtherType":0,"rawTypeBreakdown":{"arrow":4,"ellipse":4,"textbox":9,"counter":11,"line":1,"path":1,"polygon":1,"rect":493},"resolvedTypeBreakdown":{"line":5,"circle":4,"freetext":9,"counter":11,"ink":1,"polygon":1,"square":493},"skipReasons":{},"skipSamples":[],"yMapSizeAfter":524}
[CloudSync][hook] callout Y.Doc fan-out done {"documentId":"00e1cde9-449b-4771-9743-37bd604557a9","pdfId":"SE-011 Security Shop Drawing Rev2 - 05.06.25.pdf-26261080","userId":"170d915c-5741-4e0b-b03f-deaeedae27bd","actionType":"callout:delta","upserted":3,"deleted":0,"yDocUpdateCount":3,"yMapCalloutsSizeAfter":3}
[AnnotationHydrationGate][normal] {"documentId":"00e1cde9-449b-4771-9743-37bd604557a9","pdfId":"SE-011 Security Shop Drawing Rev2 - 05.06.25.pdf-26261080","ready":true,"source":"supabase-durable-snapshot","normalReady":true,"cutoverTs":"2026-05-18T02:05:48.746+00:00","count":524,"calloutCount":3,"firstPaintGate":true}
[AnnotationHydrationGate][first-page] {"documentId":"00e1cde9-449b-4771-9743-37bd604557a9","pdfId":"SE-011 Security Shop Drawing Rev2 - 05.06.25.pdf-26261080","pageNumber":1,"ready":true,"visualCoverActive":false,"normal":{"documentId":"00e1cde9-449b-4771-9743-37bd604557a9","pdfId":"SE-011 Security Shop Drawing Rev2 - 05.06.25.pdf-26261080","ready":true,"source":"supabase-durable-snapshot","normalReady":true,"cutoverTs":"2026-05-18T02:05:48.746+00:00","count":524,"calloutCount":3,"firstPaintGate":true},"survey":{"ready":true,"source":"supabase-highlight","documentId":"00e1cde9-449b-4771-9743-37bd604557a9","pdfId":"SE-011 Security Shop Drawing Rev2 - 05.06.25.pdf-26261080","count":2}}
[AnnotationHydrationGate][visual-cover] {"documentId":"00e1cde9-449b-4771-9743-37bd604557a9","pdfId":"SE-011 Security Shop Drawing Rev2 - 05.06.25.pdf-26261080","pageNumber":1,"active":false,"reason":"hydration-ready"}
[CloudSync][realtime] unsubscribing {"documentId":"00e1cde9-449b-4771-9743-37bd604557a9"}
[CloudSync][realtime] subscribe status {"status":"CLOSED","error":null}
[CloudSync][hook] hydrate effect fired {"enabled":false,"hydrateEnabled":false,"documentId":"00e1cde9-449b-4771-9743-37bd604557a9","userId":"170d915c-5741-4e0b-b03f-deaeedae27bd","pdfId":"SE-011 Security Shop Drawing Rev2 - 05.06.25.pdf-26261080"}
[CloudSync][hook] hydrate skipped — missing prerequisite {"hydrateEnabled":false,"hasDocumentId":true,"hasUserId":true,"hasPdfId":true}
[AnnotationHydrationGate][normal] {"documentId":"00e1cde9-449b-4771-9743-37bd604557a9","pdfId":"SE-011 Security Shop Drawing Rev2 - 05.06.25.pdf-26261080","ready":true,"source":"disabled","normalReady":true,"cutoverTs":"2026-05-18T02:05:48.746+00:00","count":null,"calloutCount":null,"firstPaintGate":true}
[SVGAnnotationLayer] setRotInputVisible(false) reason=no single rotation target selected
[AnnotationHydrationGate][first-page] {"documentId":"00e1cde9-449b-4771-9743-37bd604557a9","pdfId":"SE-011 Security Shop Drawing Rev2 - 05.06.25.pdf-26261080","pageNumber":1,"ready":true,"visualCoverActive":false,"normal":{"documentId":"00e1cde9-449b-4771-9743-37bd604557a9","pdfId":"SE-011 Security Shop Drawing Rev2 - 05.06.25.pdf-26261080","ready":true,"source":"disabled","normalReady":true,"cutoverTs":"2026-05-18T02:05:48.746+00:00","count":null,"calloutCount":null,"firstPaintGate":true},"survey":{"ready":true,"source":"supabase-highlight","documentId":"00e1cde9-449b-4771-9743-37bd604557a9","pdfId":"SE-011 Security Shop Drawing Rev2 - 05.06.25.pdf-26261080","count":2}}
[AnnotationHydrationGate][visual-cover] {"documentId":"00e1cde9-449b-4771-9743-37bd604557a9","pdfId":"SE-011 Security Shop Drawing Rev2 - 05.06.25.pdf-26261080","pageNumber":1,"active":false,"reason":"hydration-ready"}
console.warn @ [SPACES_REORDER_DEBUG:spaces-panel-mounted] {"spacesCount":2,"spaceIds":["1779826930314-tyid64u4f","1779826922393-tt6gyhm5q"],"spaceNames":["2","Space 1"]}
console.warn @ [SPACES_REORDER_DEBUG:spaces-panel-mounted] {"spacesCount":2,"spaceIds":["1779826930314-tyid64u4f","1779826922393-tt6gyhm5q"],"spaceNames":["2","Space 1"]}
console.warn @ [SPACES_REORDER_DEBUG:spaces-panel-mounted] {"spacesCount":2,"spaceIds":["1779826930314-tyid64u4f","1779826922393-tt6gyhm5q"],"spaceNames":["2","Space 1"]}
[CloudSync][hook] hydrate effect fired {"enabled":true,"hydrateEnabled":true,"documentId":"00e1cde9-449b-4771-9743-37bd604557a9","userId":"170d915c-5741-4e0b-b03f-deaeedae27bd","pdfId":"SE-011 Security Shop Drawing Rev2 - 05.06.25.pdf-26261080"}
[AnnotationHydrationGate][normal] {"documentId":"00e1cde9-449b-4771-9743-37bd604557a9","pdfId":"SE-011 Security Shop Drawing Rev2 - 05.06.25.pdf-26261080","ready":false,"source":"starting","normalReady":false,"cutoverTs":"2026-05-18T02:05:48.746+00:00","count":null,"calloutCount":null,"firstPaintGate":true}
[CloudSync][hook] stage=hydrating
[CloudSync][hook] fabric push skipped — not hydrated yet
[CloudSync][hook] callout push skipped — not hydrated yet
[CloudSync][realtime] subscribing {"documentId":"00e1cde9-449b-4771-9743-37bd604557a9","currentUserId":"170d915c-5741-4e0b-b03f-deaeedae27bd","currentSessionId":"c2a7005e-b9d7-49c4-8a1f-4aa53b747011","hasFabricInsert":true,"hasFabricUpdate":true,"hasFabricDelete":true,"hasCalloutInsert":true,"hasCalloutUpdate":true,"hasCalloutDelete":true}
[SVGAnnotationLayer] setRotInputVisible(false) reason=no single rotation target selected
[CloudSync][realtime] subscribe status {"status":"SUBSCRIBED","error":null}
[Phase31 UAT] post-subscribe catch-up skipped — doc is cutover-sealed, Y.Doc + realtime is source of truth {"documentId":"00e1cde9-449b-4771-9743-37bd604557a9","pdfId":"SE-011 Security Shop Drawing Rev2 - 05.06.25.pdf-26261080","cutoverTs":"2026-05-18T02:05:48.746+00:00","ydocAuthoritative":true}
[AnnotationHydrationGate][first-page] {"documentId":"00e1cde9-449b-4771-9743-37bd604557a9","pdfId":"SE-011 Security Shop Drawing Rev2 - 05.06.25.pdf-26261080","pageNumber":1,"ready":false,"visualCoverActive":true,"normal":{"documentId":"00e1cde9-449b-4771-9743-37bd604557a9","pdfId":"SE-011 Security Shop Drawing Rev2 - 05.06.25.pdf-26261080","ready":false,"source":"starting","normalReady":false,"cutoverTs":"2026-05-18T02:05:48.746+00:00","count":null,"calloutCount":null,"firstPaintGate":true},"survey":{"ready":true,"source":"supabase-highlight","documentId":"00e1cde9-449b-4771-9743-37bd604557a9","pdfId":"SE-011 Security Shop Drawing Rev2 - 05.06.25.pdf-26261080","count":2}}
[AnnotationHydrationGate][visual-cover] {"documentId":"00e1cde9-449b-4771-9743-37bd604557a9","pdfId":"SE-011 Security Shop Drawing Rev2 - 05.06.25.pdf-26261080","pageNumber":1,"active":true,"reason":"annotation-hydration-gated"}
[CloudSync][hook] cutover-complete hydrate — reading from Y.Doc {"documentId":"00e1cde9-449b-4771-9743-37bd604557a9","cutoverTs":"2026-05-18T02:05:48.746+00:00"}
[Phase31 UAT] hydrate:cutover-sealed {"documentId":"00e1cde9-449b-4771-9743-37bd604557a9","pdfId":"SE-011 Security Shop Drawing Rev2 - 05.06.25.pdf-26261080","cutoverTs":"2026-05-18T02:05:48.746+00:00","yMapSize":524,"yMapCalloutsSize":3,"materializedTotal":524,"materializedCallouts":3,"materializedDrawnByMe":524,"materializedDrawnByOthers":0,"materializedImported":0,"pages":1,"perPage":{"1":524},"currentStateCount":524,"ydocLooksDegenerate":false}
[Phase31 UAT] hydrate:cutover-sealed:by-type {"documentId":"00e1cde9-449b-4771-9743-37bd604557a9","pdfFile":"SE-011 Security Shop Drawing Rev2 - 05.06.25.pdf-26261080","viewerUserId":"170d915c-5741-4e0b-b03f-deaeedae27bd","yMapTotal":524,"yMapCalloutsTotal":3,"yMapByType":{"path":1,"polygon":1,"rect":493,"line":5,"ellipse":4,"textbox":9,"circle":11},"yMapByAuthor":{"byMe":524,"byOthers":0,"anonymous":0},"yMapByTypeByAuthor":{"path":{"byMe":1,"byOthers":0,"anonymous":0},"polygon":{"byMe":1,"byOthers":0,"anonymous":0},"rect":{"byMe":493,"byOthers":0,"anonymous":0},"line":{"byMe":5,"byOthers":0,"anonymous":0},"ellipse":{"byMe":4,"byOthers":0,"anonymous":0},"textbox":{"byMe":9,"byOthers":0,"anonymous":0},"circle":{"byMe":11,"byOthers":0,"anonymous":0}},"yMapPerTypePerPage":{"path":{"unknown":1},"polygon":{"unknown":1},"rect":{"unknown":493},"line":{"unknown":5},"ellipse":{"unknown":4},"textbox":{"unknown":9},"circle":{"unknown":11}},"byPageTotal":524,"byPageByType":{"path":1,"polygon":1,"rect":493,"line":5,"ellipse":4,"textbox":9,"circle":11},"byPagePerPagePerType":{"1":{"path":1,"polygon":1,"rect":493,"line":5,"ellipse":4,"textbox":9,"circle":11}}}
[CloudSync][hydrate] loadAllNonSurveyMarkerAnnotations start {"documentId":"00e1cde9-449b-4771-9743-37bd604557a9"}
[CloudSync][hydrate] loadAllNonSurveyMarkerAnnotations ok {"elapsedMs":455,"totalRowsScanned":527,"scanned":{"nonSurveyMarker":527,"legacyFabricSurveyMarkers":0},"totalRows":527,"rowsByType":{"line":5,"circle":4,"callout":3,"freetext":9,"counter":11,"ink":1,"polygon":1,"square":493},"pagesWithObjects":26,"calloutCount":3}
[CloudSync][verify] first read summary {"contextLabel":"cutover-source-of-truth","documentId":"00e1cde9-449b-4771-9743-37bd604557a9","elapsedMs":456,"firstFabricPages":26,"firstFabricObjects":524,"firstCallouts":3,"firstEmpty":false,"localFabricCount":524,"localCalloutCount":3,"localHasData":true,"willVerify":false}
[CloudSync][source-of-truth] cutover initial hydrate selected Supabase durable snapshot {"documentId":"00e1cde9-449b-4771-9743-37bd604557a9","pdfId":"SE-011 Security Shop Drawing Rev2 - 05.06.25.pdf-26261080","cutoverTs":"2026-05-18T02:05:48.746+00:00","ydocFabricCount":524,"ydocCalloutCount":3,"supabaseFabricCount":524,"supabaseCalloutCount":3,"rule":"Supabase durable snapshot wins initial load; Y.Doc is reshaped for live collaboration"}
[UndoDiag] {"seq":5,"order":null,"at":"2026-05-27T02:54:09.066Z","event":"yjs_history_added","actionType":"undo","rawActionType":"undo","annotationType":"fabric","annotationId":"ink-1779059134630-7vbv4tt1i","pageNumber":null,"lane":"Yjs/CRDT history","receivedStack":"yjsUndoStack","chosenStack":null,"chosenLane":"Yjs/CRDT history","decisionReason":null,"undoDepth":4,"redoDepth":0}
[Phase31 UAT] save:fan-out done {"documentId":"00e1cde9-449b-4771-9743-37bd604557a9","pdfId":"SE-011 Security Shop Drawing Rev2 - 05.06.25.pdf-26261080","userId":"170d915c-5741-4e0b-b03f-deaeedae27bd","actionType":null,"dispatched":524,"yDocUpdateCount":524,"detected":524,"skippedSurveyMarkerOrCallout":0,"skippedOtherType":0,"rawTypeBreakdown":{"arrow":4,"ellipse":4,"textbox":9,"counter":11,"line":1,"path":1,"polygon":1,"rect":493},"resolvedTypeBreakdown":{"line":5,"circle":4,"freetext":9,"counter":11,"ink":1,"polygon":1,"square":493},"skipReasons":{},"skipSamples":[],"yMapSizeAfter":524}
[CloudSync][hook] callout Y.Doc fan-out done {"documentId":"00e1cde9-449b-4771-9743-37bd604557a9","pdfId":"SE-011 Security Shop Drawing Rev2 - 05.06.25.pdf-26261080","userId":"170d915c-5741-4e0b-b03f-deaeedae27bd","actionType":"callout:delta","upserted":3,"deleted":0,"yDocUpdateCount":3,"yMapCalloutsSizeAfter":3}
[AnnotationHydrationGate][normal] {"documentId":"00e1cde9-449b-4771-9743-37bd604557a9","pdfId":"SE-011 Security Shop Drawing Rev2 - 05.06.25.pdf-26261080","ready":true,"source":"supabase-durable-snapshot","normalReady":true,"cutoverTs":"2026-05-18T02:05:48.746+00:00","count":524,"calloutCount":3,"firstPaintGate":true}
[AnnotationHydrationGate][first-page] {"documentId":"00e1cde9-449b-4771-9743-37bd604557a9","pdfId":"SE-011 Security Shop Drawing Rev2 - 05.06.25.pdf-26261080","pageNumber":1,"ready":true,"visualCoverActive":false,"normal":{"documentId":"00e1cde9-449b-4771-9743-37bd604557a9","pdfId":"SE-011 Security Shop Drawing Rev2 - 05.06.25.pdf-26261080","ready":true,"source":"supabase-durable-snapshot","normalReady":true,"cutoverTs":"2026-05-18T02:05:48.746+00:00","count":524,"calloutCount":3,"firstPaintGate":true},"survey":{"ready":true,"source":"supabase-highlight","documentId":"00e1cde9-449b-4771-9743-37bd604557a9","pdfId":"SE-011 Security Shop Drawing Rev2 - 05.06.25.pdf-26261080","count":2}}
[AnnotationHydrationGate][visual-cover] {"documentId":"00e1cde9-449b-4771-9743-37bd604557a9","pdfId":"SE-011 Security Shop Drawing Rev2 - 05.06.25.pdf-26261080","pageNumber":1,"active":false,"reason":"hydration-ready"}
console.warn @ [SPACES_REORDER_DEBUG:start] {"id":"spaces-reorder-1779850451314","activeId":"1779826922393-tt6gyhm5q","startTime":17635185.800000012,"startedAt":"2026-05-27T02:54:11.314Z","phase":"dragging","isSampling":true,"documentAtStart":{"bodyClassName":"","activeElement":{"tagName":"SPAN","className":"","dataSortableRearrangeItem":"1779826922393-tt6gyhm5q","dataSortableRearrangeList":"","text":""},"listRect":{"x":8,"y":264,"width":255,"height":415.75,"top":264,"bottom":679.75},"listStyle":{"opacity":"1","transform":"none","transition":"all 0s ease 0s","background":"rgba(0, 0, 0, 0)","border":"0px none rgb(221, 221, 221)","boxShadow":"none","overflow":"visible","zIndex":"auto"},"pointer":{"type":"pointermove","t":17635184.6,"pointerId":1,"pointerType":"mouse","clientX":23.05,"clientY":334.1,"pageX":23.05,"pageY":334.1,"buttons":1},"pointerElement":{"tagName":"svg","className":"","dataSortableRearrangeItem":"1779826922393-tt6gyhm5q","dataSortableRearrangeList":"","text":""}},"spacesStateAtStart":[{"index":0,"id":"1779826930314-tyid64u4f","name":"2","expanded":false,"active":false,"selected":false,"assignedPageCount":2},{"index":1,"id":"1779826922393-tt6gyhm5q","name":"Space 1","expanded":true,"active":false,"selected":false,"assignedPageCount":1}],"initialRows":[{"index":0,"id":"1779826930314-tyid64u4f","text":"2","rowRect":{"x":9,"y":265,"width":253,"height":40,"top":265,"bottom":305},"cardRect":{"x":8,"y":264,"width":255,"height":43,"top":264,"bottom":307},"headerRect":{"x":9,"y":265,"width":253,"height":40,"top":265,"bottom":305},"handleRect":{"x":15,"y":275,"width":20,"height":20,"top":275,"bottom":295},"rowStyle":{"opacity":"1","transform":"none","transition":"background 0.15s ease 0s","background":"rgba(0, 0, 0, 0)","border":"0px none rgb(221, 221, 221)","boxShadow":"none","overflow":"visible","zIndex":"auto"},"cardStyle":{"opacity":"1","transform":"none","transition":"all 0s ease 0s","background":"rgb(43, 43, 43)","border":"1px solid rgb(58, 58, 58)","boxShadow":"rgba(0, 0, 0, 0.05) 0px 1px 2px 0px","overflow":"hidden","zIndex":"auto"},"headerStyle":{"opacity":"1","transform":"none","transition":"background 0.15s ease 0s","background":"rgba(0, 0, 0, 0)","border":"0px none rgb(221, 221, 221)","boxShadow":"none","overflow":"visible","zIndex":"auto"},"centerHitRowId":"1779826930314-tyid64u4f"},{"index":1,"id":"1779826922393-tt6gyhm5q","text":"Space 1","rowRect":{"x":9,"y":316,"width":253,"height":40,"top":316,"bottom":356},"cardRect":{"x":8,"y":315,"width":255,"height":211.2,"top":315,"bottom":526.2},"headerRect":{"x":9,"y":316,"width":253,"height":40,"top":316,"bottom":356},"handleRect":{"x":15,"y":326,"width":20,"height":20,"top":326,"bottom":346},"rowStyle":{"opacity":"1","transform":"none","transition":"background 0.15s ease 0s","background":"rgb(43, 43, 43)","border":"0px none rgb(221, 221, 221)","boxShadow":"none","overflow":"visible","zIndex":"auto"},"cardStyle":{"opacity":"1","transform":"none","transition":"all 0s ease 0s","background":"rgb(43, 43, 43)","border":"1px solid rgb(58, 58, 58)","boxShadow":"rgba(0, 0, 0, 0.05) 0px 1px 2px 0px","overflow":"hidden","zIndex":"auto"},"headerStyle":{"opacity":"1","transform":"none","transition":"background 0.15s ease 0s","background":"rgb(43, 43, 43)","border":"0px none rgb(221, 221, 221)","boxShadow":"none","overflow":"visible","zIndex":"auto"},"centerHitRowId":"1779826922393-tt6gyhm5q"}],"events":[],"frames":[]}
console.warn @ [SPACES_REORDER_DEBUG:summary] {"id":"spaces-reorder-1779850451314","activeId":"1779826922393-tt6gyhm5q","suspectFrameCount":0,"frameCount":118,"eventCount":3,"initialOrder":["1779826930314-tyid64u4f","1779826922393-tt6gyhm5q"],"finalOrder":["1779826930314-tyid64u4f","1779826922393-tt6gyhm5q"],"jumpSuspiciousDeltaCount":0,"maxAbsDeltaYByRow":[{"id":"1779826930314-tyid64u4f","maxAbsDeltaY":0,"initialY":265,"finalY":265},{"id":"1779826922393-tt6gyhm5q","maxAbsDeltaY":0,"initialY":316,"finalY":316}]}
console.warn @ [SPACES_REORDER_DEBUG:jump-report] {"dropAt":600.5,"activeId":"1779826922393-tt6gyhm5q","initialOrder":["1779826930314-tyid64u4f","1779826922393-tt6gyhm5q"],"finalOrder":["1779826930314-tyid64u4f","1779826922393-tt6gyhm5q"],"traceFrameCount":54,"suspiciousDeltaCount":0,"suspiciousDeltas":[],"rowYSeries":[{"id":"1779826930314-tyid64u4f","initialY":265,"finalY":265,"maxAbsDeltaY":0,"deltas":[],"points":[{"t":467.4,"y":265,"transform":"none","transition":"background 0.15s ease 0s","opacity":"1"},{"t":474.2,"y":265,"transform":"none","transition":"background 0.15s ease 0s","opacity":"1"},{"t":483,"y":265,"transform":"none","transition":"background 0.15s ease 0s","opacity":"1"},{"t":491.9,"y":265,"transform":"none","transition":"background 0.15s ease 0s","opacity":"1"},{"t":498.8,"y":265,"transform":"none","transition":"background 0.15s ease 0s","opacity":"1"},{"t":507.8,"y":265,"transform":"none","transition":"background 0.15s ease 0s","opacity":"1"},{"t":516.7,"y":265,"transform":"none","transition":"background 0.15s ease 0s","opacity":"1"},{"t":524.4,"y":265,"transform":"none","transition":"background 0.15s ease 0s","opacity":"1"},{"t":533.2,"y":265,"transform":"none","transition":"background 0.15s ease 0s","opacity":"1"},{"t":541,"y":265,"transform":"none","transition":"background 0.15s ease 0s","opacity":"1"},{"t":549.2,"y":265,"transform":"none","transition":"background 0.15s ease 0s","opacity":"1"},{"t":558.3,"y":265,"transform":"none","transition":"background 0.15s ease 0s","opacity":"1"},{"t":565.3,"y":265,"transform":"none","transition":"background 0.15s ease 0s","opacity":"1"},{"t":574.9,"y":265,"transform":"none","transition":"background 0.15s ease 0s","opacity":"1"},{"t":583.1,"y":265,"transform":"none","transition":"background 0.15s ease 0s","opacity":"1"},{"t":592.1,"y":265,"transform":"none","transition":"background 0.15s ease 0s","opacity":"1"},{"t":615.9,"y":265,"transform":"none","transition":"background 0.15s ease 0s","opacity":"1"},{"t":625,"y":265,"transform":"none","transition":"background 0.15s ease 0s","opacity":"1"},{"t":627.3,"y":265,"transform":"none","transition":"background 0.15s ease 0s","opacity":"1"},{"t":633.2,"y":265,"transform":"none","transition":"background 0.15s ease 0s","opacity":"1"},{"t":642.2,"y":265,"transform":"none","transition":"background 0.15s ease 0s","opacity":"1"},{"t":649.7,"y":265,"transform":"none","transition":"background 0.15s ease 0s","opacity":"1"},{"t":658,"y":265,"transform":"none","transition":"background 0.15s ease 0s","opacity":"1"},{"t":666.5,"y":265,"transform":"none","transition":"background 0.15s ease 0s","opacity":"1"},{"t":674.4,"y":265,"transform":"none","transition":"background 0.15s ease 0s","opacity":"1"},{"t":683.3,"y":265,"transform":"none","transition":"background 0.15s ease 0s","opacity":"1"},{"t":692.1,"y":265,"transform":"none","transition":"background 0.15s ease 0s","opacity":"1"},{"t":699.7,"y":265,"transform":"none","transition":"background 0.15s ease 0s","opacity":"1"},{"t":707.9,"y":265,"transform":"none","transition":"background 0.15s ease 0s","opacity":"1"},{"t":716.3,"y":265,"transform":"none","transition":"background 0.15s ease 0s","opacity":"1"},{"t":723.7,"y":265,"transform":"none","transition":"background 0.15s ease 0s","opacity":"1"},{"t":733.8,"y":265,"transform":"none","transition":"background 0.15s ease 0s","opacity":"1"},{"t":741.3,"y":265,"transform":"none","transition":"background 0.15s ease 0s","opacity":"1"},{"t":750.2,"y":265,"transform":"none","transition":"background 0.15s ease 0s","opacity":"1"},{"t":757.7,"y":265,"transform":"none","transition":"background 0.15s ease 0s","opacity":"1"},{"t":765.5,"y":265,"transform":"none","transition":"background 0.15s ease 0s","opacity":"1"},{"t":774.6,"y":265,"transform":"none","transition":"background 0.15s ease 0s","opacity":"1"},{"t":783.6,"y":265,"transform":"none","transition":"background 0.15s ease 0s","opacity":"1"},{"t":791.6,"y":265,"transform":"none","transition":"ba... [truncated 24 chars]
console.warn @ [SPACES_REORDER_DEBUG:copyable-json] {"id":"spaces-reorder-1779850451314","activeId":"1779826922393-tt6gyhm5q","startTime":17635185.800000012,"startedAt":"2026-05-27T02:54:11.314Z","phase":"post-drag-end-no-reorder","isSampling":false,"documentAtStart":{"bodyClassName":"","activeElement":{"tagName":"SPAN","className":"","dataSortableRearrangeItem":"1779826922393-tt6gyhm5q","dataSortableRearrangeList":"","text":""},"listRect":{"x":8,"y":264,"width":255,"height":415.75,"top":264,"bottom":679.75},"listStyle":{"opacity":"1","transform":"none","transition":"all 0s ease 0s","background":"rgba(0, 0, 0, 0)","border":"0px none rgb(221, 221, 221)","boxShadow":"none","overflow":"visible","zIndex":"auto"},"pointer":{"type":"pointermove","t":17635184.6,"pointerId":1,"pointerType":"mouse","clientX":23.05,"clientY":334.1,"pageX":23.05,"pageY":334.1,"buttons":1},"pointerElement":{"tagName":"svg","className":"","dataSortableRearrangeItem":"1779826922393-tt6gyhm5q","dataSortableRearrangeList":"","text":""}},"spacesStateAtStart":[{"index":0,"id":"1779826930314-tyid64u4f","name":"2","expanded":false,"active":false,"selected":false,"assignedPageCount":2},{"index":1,"id":"1779826922393-tt6gyhm5q","name":"Space 1","expanded":true,"active":false,"selected":false,"assignedPageCount":1}],"initialRows":[{"index":0,"id":"1779826930314-tyid64u4f","text":"2","rowRect":{"x":9,"y":265,"width":253,"height":40,"top":265,"bottom":305},"cardRect":{"x":8,"y":264,"width":255,"height":43,"top":264,"bottom":307},"headerRect":{"x":9,"y":265,"width":253,"height":40,"top":265,"bottom":305},"handleRect":{"x":15,"y":275,"width":20,"height":20,"top":275,"bottom":295},"rowStyle":{"opacity":"1","transform":"none","transition":"background 0.15s ease 0s","background":"rgba(0, 0, 0, 0)","border":"0px none rgb(221, 221, 221)","boxShadow":"none","overflow":"visible","zIndex":"auto"},"cardStyle":{"opacity":"1","transform":"none","transition":"all 0s ease 0s","background":"rgb(43, 43, 43)","border":"1px solid rgb(58, 58, 58)","boxShadow":"rgba(0, 0, 0, 0.05) 0px 1px 2px 0px","overflow":"hidden","zIndex":"auto"},"headerStyle":{"opacity":"1","transform":"none","transition":"background 0.15s ease 0s","background":"rgba(0, 0, 0, 0)","border":"0px none rgb(221, 221, 221)","boxShadow":"none","overflow":"visible","zIndex":"auto"},"centerHitRowId":"1779826930314-tyid64u4f"},{"index":1,"id":"1779826922393-tt6gyhm5q","text":"Space 1","rowRect":{"x":9,"y":316,"width":253,"height":40,"top":316,"bottom":356},"cardRect":{"x":8,"y":315,"width":255,"height":211.2,"top":315,"bottom":526.2},"headerRect":{"x":9,"y":316,"width":253,"height":40,"top":316,"bottom":356},"handleRect":{"x":15,"y":326,"width":20,"height":20,"top":326,"bottom":346},"rowStyle":{"opacity":"1","transform":"none","transition":"background 0.15s ease 0s","background":"rgb(43, 43, 43)","border":"0px none rgb(221, 221, 221)","boxShadow":"none","overflow":"visible","zIndex":"auto"},"cardStyle":{"opacity":"1","transform":"none","transition":"all 0s ease 0s","background":"rgb(43, 43, 43)","border":"1px solid rgb(58, 58, 58)","boxShadow":"rgba(0, 0, 0, 0.05) 0px 1px 2px 0px","overflow":"hidden","zIndex":"auto"},"headerStyle":{"opacity":"1","transform":"none","transition":"background 0.15s ease 0s","background":"rgb(43, 43, 43)","border":"0px none rgb(221, 221, 221)","boxShadow":"none","overflow":"visible","zIndex":"auto"},"centerHitRowId":"1779826922393-tt6gyhm5q"}],"events":[{"t":1.9,"type":"drag-start-handler","details":{"activeId":"1779826922393-tt6gyhm5q","expandedAtStart":true,"orderAtStart":["1779826930314-tyid64u4f","1779826922393-tt6gyhm5q"],"namesAtStart":["2","Space 1"]},"document":{"bodyClassName":"","activeElement":{"tagName":"SPAN","className":"","dataSortableRearrangeItem":"1779826922393-tt6gyhm5q","dataSortableRearrangeList":"","text":""},"listRect":{"x":8,"y":264,"width":255,"height":415.75,"top":264,"bottom":679.75},"listStyle":{"opacity":"1","transform":"none","transition":"all 0s ease 0s","background":... [truncated 24 chars]
console.warn @ [SPACES_REORDER_DEBUG:start] {"id":"spaces-reorder-1779850452723","activeId":"1779826930314-tyid64u4f","startTime":17636594.400000006,"startedAt":"2026-05-27T02:54:12.723Z","phase":"dragging","isSampling":true,"documentAtStart":{"bodyClassName":"","activeElement":{"tagName":"SPAN","className":"","dataSortableRearrangeItem":"1779826930314-tyid64u4f","dataSortableRearrangeList":"","text":""},"listRect":{"x":8,"y":264,"width":255,"height":415.75,"top":264,"bottom":679.75},"listStyle":{"opacity":"1","transform":"none","transition":"all 0s ease 0s","background":"rgba(0, 0, 0, 0)","border":"0px none rgb(221, 221, 221)","boxShadow":"none","overflow":"visible","zIndex":"auto"},"pointer":{"type":"pointermove","t":17636593.3,"pointerId":1,"pointerType":"mouse","clientX":27.16,"clientY":301.17,"pageX":27.16,"pageY":301.17,"buttons":1},"pointerElement":{"tagName":"DIV","className":"","dataSortableRearrangeItem":"1779826930314-tyid64u4f","dataSortableRearrangeList":"","text":"2"}},"spacesStateAtStart":[{"index":0,"id":"1779826930314-tyid64u4f","name":"2","expanded":false,"active":false,"selected":false,"assignedPageCount":2},{"index":1,"id":"1779826922393-tt6gyhm5q","name":"Space 1","expanded":true,"active":false,"selected":false,"assignedPageCount":1}],"initialRows":[{"index":0,"id":"1779826930314-tyid64u4f","text":"2","rowRect":{"x":9,"y":265,"width":253,"height":40,"top":265,"bottom":305},"cardRect":{"x":8,"y":264,"width":255,"height":43,"top":264,"bottom":307},"headerRect":{"x":9,"y":265,"width":253,"height":40,"top":265,"bottom":305},"handleRect":{"x":15,"y":275,"width":20,"height":20,"top":275,"bottom":295},"rowStyle":{"opacity":"1","transform":"none","transition":"background 0.15s ease 0s","background":"rgb(43, 43, 43)","border":"0px none rgb(221, 221, 221)","boxShadow":"none","overflow":"visible","zIndex":"auto"},"cardStyle":{"opacity":"1","transform":"none","transition":"all 0s ease 0s","background":"rgb(43, 43, 43)","border":"1px solid rgb(58, 58, 58)","boxShadow":"rgba(0, 0, 0, 0.05) 0px 1px 2px 0px","overflow":"hidden","zIndex":"auto"},"headerStyle":{"opacity":"1","transform":"none","transition":"background 0.15s ease 0s","background":"rgb(43, 43, 43)","border":"0px none rgb(221, 221, 221)","boxShadow":"none","overflow":"visible","zIndex":"auto"},"centerHitRowId":"1779826930314-tyid64u4f"},{"index":1,"id":"1779826922393-tt6gyhm5q","text":"Space 1","rowRect":{"x":9,"y":316,"width":253,"height":40,"top":316,"bottom":356},"cardRect":{"x":8,"y":315,"width":255,"height":211.2,"top":315,"bottom":526.2},"headerRect":{"x":9,"y":316,"width":253,"height":40,"top":316,"bottom":356},"handleRect":{"x":15,"y":326,"width":20,"height":20,"top":326,"bottom":346},"rowStyle":{"opacity":"1","transform":"none","transition":"background 0.15s ease 0s","background":"rgb(43, 43, 43)","border":"0px none rgb(221, 221, 221)","boxShadow":"none","overflow":"visible","zIndex":"auto"},"cardStyle":{"opacity":"1","transform":"none","transition":"all 0s ease 0s","background":"rgb(43, 43, 43)","border":"1px solid rgb(58, 58, 58)","boxShadow":"rgba(0, 0, 0, 0.05) 0px 1px 2px 0px","overflow":"hidden","zIndex":"auto"},"headerStyle":{"opacity":"1","transform":"none","transition":"background 0.15s ease 0s","background":"rgb(43, 43, 43)","border":"0px none rgb(221, 221, 221)","boxShadow":"none","overflow":"visible","zIndex":"auto"},"centerHitRowId":"1779826922393-tt6gyhm5q"}],"events":[],"frames":[]}
console.warn @ [SPACES_REORDER_DEBUG:summary] {"id":"spaces-reorder-1779850452723","activeId":"1779826930314-tyid64u4f","suspectFrameCount":0,"frameCount":100,"eventCount":3,"initialOrder":["1779826930314-tyid64u4f","1779826922393-tt6gyhm5q"],"finalOrder":["1779826930314-tyid64u4f","1779826922393-tt6gyhm5q"],"jumpSuspiciousDeltaCount":0,"maxAbsDeltaYByRow":[{"id":"1779826930314-tyid64u4f","maxAbsDeltaY":0,"initialY":265,"finalY":265},{"id":"1779826922393-tt6gyhm5q","maxAbsDeltaY":0,"initialY":316,"finalY":316}]}
console.warn @ [SPACES_REORDER_DEBUG:jump-report] {"dropAt":415.7,"activeId":"1779826930314-tyid64u4f","initialOrder":["1779826930314-tyid64u4f","1779826922393-tt6gyhm5q"],"finalOrder":["1779826930314-tyid64u4f","1779826922393-tt6gyhm5q"],"traceFrameCount":55,"suspiciousDeltaCount":0,"suspiciousDeltas":[],"rowYSeries":[{"id":"1779826930314-tyid64u4f","initialY":265,"finalY":265,"maxAbsDeltaY":0,"deltas":[],"points":[{"t":283.1,"y":265,"transform":"none","transition":"none 0s ease 0s","opacity":"1"},{"t":291.6,"y":265,"transform":"none","transition":"none 0s ease 0s","opacity":"1"},{"t":299.8,"y":265,"transform":"none","transition":"none 0s ease 0s","opacity":"1"},{"t":307.4,"y":265,"transform":"none","transition":"none 0s ease 0s","opacity":"1"},{"t":316.3,"y":265,"transform":"none","transition":"none 0s ease 0s","opacity":"1"},{"t":324.5,"y":265,"transform":"none","transition":"none 0s ease 0s","opacity":"1"},{"t":333.2,"y":265,"transform":"none","transition":"none 0s ease 0s","opacity":"1"},{"t":340.9,"y":265,"transform":"none","transition":"none 0s ease 0s","opacity":"1"},{"t":348.3,"y":265,"transform":"none","transition":"none 0s ease 0s","opacity":"1"},{"t":358,"y":265,"transform":"none","transition":"none 0s ease 0s","opacity":"1"},{"t":365.7,"y":265,"transform":"none","transition":"none 0s ease 0s","opacity":"1"},{"t":373.7,"y":265,"transform":"none","transition":"none 0s ease 0s","opacity":"1"},{"t":383.1,"y":265,"transform":"none","transition":"none 0s ease 0s","opacity":"1"},{"t":390.5,"y":265,"transform":"none","transition":"none 0s ease 0s","opacity":"1"},{"t":400.2,"y":265,"transform":"none","transition":"none 0s ease 0s","opacity":"1"},{"t":407.7,"y":265,"transform":"none","transition":"none 0s ease 0s","opacity":"1"},{"t":424.3,"y":265,"transform":"none","transition":"background 0.15s ease 0s","opacity":"1"},{"t":427.5,"y":265,"transform":"none","transition":"background 0.15s ease 0s","opacity":"1"},{"t":433.9,"y":265,"transform":"none","transition":"background 0.15s ease 0s","opacity":"1"},{"t":441.4,"y":265,"transform":"none","transition":"background 0.15s ease 0s","opacity":"1"},{"t":448.8,"y":265,"transform":"none","transition":"background 0.15s ease 0s","opacity":"1"},{"t":458.5,"y":265,"transform":"none","transition":"background 0.15s ease 0s","opacity":"1"},{"t":466.3,"y":265,"transform":"none","transition":"background 0.15s ease 0s","opacity":"1"},{"t":474.3,"y":265,"transform":"none","transition":"background 0.15s ease 0s","opacity":"1"},{"t":483.1,"y":265,"transform":"none","transition":"background 0.15s ease 0s","opacity":"1"},{"t":491.9,"y":265,"transform":"none","transition":"background 0.15s ease 0s","opacity":"1"},{"t":499.6,"y":265,"transform":"none","transition":"background 0.15s ease 0s","opacity":"1"},{"t":508.4,"y":265,"transform":"none","transition":"background 0.15s ease 0s","opacity":"1"},{"t":516.1,"y":265,"transform":"none","transition":"background 0.15s ease 0s","opacity":"1"},{"t":524.3,"y":265,"transform":"none","transition":"background 0.15s ease 0s","opacity":"1"},{"t":532.5,"y":265,"transform":"none","transition":"background 0.15s ease 0s","opacity":"1"},{"t":541.7,"y":265,"transform":"none","transition":"background 0.15s ease 0s","opacity":"1"},{"t":549.4,"y":265,"transform":"none","transition":"background 0.15s ease 0s","opacity":"1"},{"t":556.6,"y":265,"transform":"none","transition":"background 0.15s ease 0s","opacity":"1"},{"t":566.9,"y":265,"transform":"none","transition":"background 0.15s ease 0s","opacity":"1"},{"t":574.2,"y":265,"transform":"none","transition":"background 0.15s ease 0s","opacity":"1"},{"t":583.1,"y":265,"transform":"none","transition":"background 0.15s ease 0s","opacity":"1"},{"t":591,"y":265,"transform":"none","transition":"background 0.15s ease 0s","opacity":"1"},{"t":600,"y":265,"transform":"none","transition":"background 0.15s ease 0s","opacity":"1"},{"t":607.6,"y":265,"transform":"none","transition":"background 0.15s ease 0s","opacity":"1"},{"t":616.6... [truncated 24 chars]
console.warn @ [SPACES_REORDER_DEBUG:copyable-json] {"id":"spaces-reorder-1779850452723","activeId":"1779826930314-tyid64u4f","startTime":17636594.400000006,"startedAt":"2026-05-27T02:54:12.723Z","phase":"post-drag-end-no-reorder","isSampling":false,"documentAtStart":{"bodyClassName":"","activeElement":{"tagName":"SPAN","className":"","dataSortableRearrangeItem":"1779826930314-tyid64u4f","dataSortableRearrangeList":"","text":""},"listRect":{"x":8,"y":264,"width":255,"height":415.75,"top":264,"bottom":679.75},"listStyle":{"opacity":"1","transform":"none","transition":"all 0s ease 0s","background":"rgba(0, 0, 0, 0)","border":"0px none rgb(221, 221, 221)","boxShadow":"none","overflow":"visible","zIndex":"auto"},"pointer":{"type":"pointermove","t":17636593.3,"pointerId":1,"pointerType":"mouse","clientX":27.16,"clientY":301.17,"pageX":27.16,"pageY":301.17,"buttons":1},"pointerElement":{"tagName":"DIV","className":"","dataSortableRearrangeItem":"1779826930314-tyid64u4f","dataSortableRearrangeList":"","text":"2"}},"spacesStateAtStart":[{"index":0,"id":"1779826930314-tyid64u4f","name":"2","expanded":false,"active":false,"selected":false,"assignedPageCount":2},{"index":1,"id":"1779826922393-tt6gyhm5q","name":"Space 1","expanded":true,"active":false,"selected":false,"assignedPageCount":1}],"initialRows":[{"index":0,"id":"1779826930314-tyid64u4f","text":"2","rowRect":{"x":9,"y":265,"width":253,"height":40,"top":265,"bottom":305},"cardRect":{"x":8,"y":264,"width":255,"height":43,"top":264,"bottom":307},"headerRect":{"x":9,"y":265,"width":253,"height":40,"top":265,"bottom":305},"handleRect":{"x":15,"y":275,"width":20,"height":20,"top":275,"bottom":295},"rowStyle":{"opacity":"1","transform":"none","transition":"background 0.15s ease 0s","background":"rgb(43, 43, 43)","border":"0px none rgb(221, 221, 221)","boxShadow":"none","overflow":"visible","zIndex":"auto"},"cardStyle":{"opacity":"1","transform":"none","transition":"all 0s ease 0s","background":"rgb(43, 43, 43)","border":"1px solid rgb(58, 58, 58)","boxShadow":"rgba(0, 0, 0, 0.05) 0px 1px 2px 0px","overflow":"hidden","zIndex":"auto"},"headerStyle":{"opacity":"1","transform":"none","transition":"background 0.15s ease 0s","background":"rgb(43, 43, 43)","border":"0px none rgb(221, 221, 221)","boxShadow":"none","overflow":"visible","zIndex":"auto"},"centerHitRowId":"1779826930314-tyid64u4f"},{"index":1,"id":"1779826922393-tt6gyhm5q","text":"Space 1","rowRect":{"x":9,"y":316,"width":253,"height":40,"top":316,"bottom":356},"cardRect":{"x":8,"y":315,"width":255,"height":211.2,"top":315,"bottom":526.2},"headerRect":{"x":9,"y":316,"width":253,"height":40,"top":316,"bottom":356},"handleRect":{"x":15,"y":326,"width":20,"height":20,"top":326,"bottom":346},"rowStyle":{"opacity":"1","transform":"none","transition":"background 0.15s ease 0s","background":"rgb(43, 43, 43)","border":"0px none rgb(221, 221, 221)","boxShadow":"none","overflow":"visible","zIndex":"auto"},"cardStyle":{"opacity":"1","transform":"none","transition":"all 0s ease 0s","background":"rgb(43, 43, 43)","border":"1px solid rgb(58, 58, 58)","boxShadow":"rgba(0, 0, 0, 0.05) 0px 1px 2px 0px","overflow":"hidden","zIndex":"auto"},"headerStyle":{"opacity":"1","transform":"none","transition":"background 0.15s ease 0s","background":"rgb(43, 43, 43)","border":"0px none rgb(221, 221, 221)","boxShadow":"none","overflow":"visible","zIndex":"auto"},"centerHitRowId":"1779826922393-tt6gyhm5q"}],"events":[{"t":0.9,"type":"drag-start-handler","details":{"activeId":"1779826930314-tyid64u4f","expandedAtStart":false,"orderAtStart":["1779826930314-tyid64u4f","1779826922393-tt6gyhm5q"],"namesAtStart":["2","Space 1"]},"document":{"bodyClassName":"","activeElement":{"tagName":"SPAN","className":"","dataSortableRearrangeItem":"1779826930314-tyid64u4f","dataSortableRearrangeList":"","text":""},"listRect":{"x":8,"y":264,"width":255,"height":415.75,"top":264,"bottom":679.75},"listStyle":{"opacity":"1","transform":"none","transition":"all 0s ease 0s","background... [truncated 24 chars]
[DebugBridge +17643722.3ms] zoom_wheel_request {"rawDeltaY":-9.92065954208374,"reportedZoom":10,"trustedReactZoom":100,"currentZoom":100,"reportedCurrentZoom":100,"nextZoom":96.1094405438347,"requestedDeltaAbs":3.890559456165306,"reportedLagAbs":0,"rawGetZoomValue":10,"rawViewerZoomValue":10,"rawMagnificationZoom":null,"correctedSuspiciousZoom":true}
[DebugBridge +17643722.6ms] zoom_start {"scale":1,"source":"overlay_wheel_zoom_pre","reportedScale":0.1,"correctedSuspiciousZoom":true}
[DebugBridge +17643919.9ms] zoom_wheel_request {"rawDeltaY":-115.41227006912231,"reportedZoom":96,"trustedReactZoom":96.1094405438347,"currentZoom":96.1094405438347,"reportedCurrentZoom":96,"nextZoom":72.1094405438347,"requestedDeltaAbs":24,"reportedLagAbs":0.10944054383469393,"rawGetZoomValue":96,"rawViewerZoomValue":96,"rawMagnificationZoom":null,"correctedSuspiciousZoom":false}
[DebugBridge +17644077.2ms] zoom_wheel_request {"rawDeltaY":-3.921440601348877,"reportedZoom":72,"trustedReactZoom":72.1094405438347,"currentZoom":72.1094405438347,"reportedCurrentZoom":72,"nextZoom":70.98717380737837,"requestedDeltaAbs":1.122266736456325,"reportedLagAbs":0.10944054383469393,"rawGetZoomValue":72,"rawViewerZoomValue":72,"rawMagnificationZoom":null,"correctedSuspiciousZoom":false}
[DebugBridge +17644302.5ms] zoom_wheel_request {"rawDeltaY":-9.004454612731934,"reportedZoom":70,"trustedReactZoom":70.98717380737837,"currentZoom":70.98717380737837,"reportedCurrentZoom":70,"nextZoom":68.47586803032219,"requestedDeltaAbs":2.5113057770561795,"reportedLagAbs":0.9871738073783689,"rawGetZoomValue":70,"rawViewerZoomValue":70,"rawMagnificationZoom":null,"correctedSuspiciousZoom":false}
[DebugBridge +17644379.0ms] zoom_wheel_request {"rawDeltaY":-90.1541075706482,"reportedZoom":68,"trustedReactZoom":68.47586803032219,"currentZoom":68.47586803032219,"reportedCurrentZoom":68,"nextZoom":47.74455177137744,"requestedDeltaAbs":20.73131625894475,"reportedLagAbs":0.4758680303221894,"rawGetZoomValue":68,"rawViewerZoomValue":68,"rawMagnificationZoom":null,"correctedSuspiciousZoom":false}
[SVGAnnotationLayer] setRotInputVisible(false) reason=no single rotation target selected
[SVGAnnotationLayer] setRotInputVisible(false) reason=no single rotation target selected
[DebugBridge +17644475.6ms] zoom_wheel_request {"rawDeltaY":-58.30896186828613,"reportedZoom":47,"trustedReactZoom":47.74455177137744,"currentZoom":47.74455177137744,"reportedCurrentZoom":47,"nextZoom":37.81209836244684,"requestedDeltaAbs":9.932453408930598,"reportedLagAbs":0.7445517713774379,"rawGetZoomValue":47,"rawViewerZoomValue":47,"rawMagnificationZoom":null,"correctedSuspiciousZoom":false}
[SVGAnnotationLayer] setRotInputVisible(false) reason=no single rotation target selected
[SVGAnnotationLayer] setRotInputVisible(false) reason=no single rotation target selected
[DebugBridge +17644566.5ms] zoom_wheel_request {"rawDeltaY":-7.063347101211548,"reportedZoom":37,"trustedReactZoom":37.81209836244684,"currentZoom":37.81209836244684,"reportedCurrentZoom":37,"nextZoom":36.758729156083405,"requestedDeltaAbs":1.0533692063634348,"reportedLagAbs":0.8120983624468394,"rawGetZoomValue":37,"rawViewerZoomValue":37,"rawMagnificationZoom":null,"correctedSuspiciousZoom":false}
[DebugBridge +17644960.6ms] zoom_wheel_request {"rawDeltaY":-10.420319557189941,"reportedZoom":36,"trustedReactZoom":36.758729156083405,"currentZoom":36.758729156083405,"reportedCurrentZoom":36,"nextZoom":35.25807028399848,"requestedDeltaAbs":1.5006588720849265,"reportedLagAbs":0.7587291560834046,"rawGetZoomValue":36,"rawViewerZoomValue":36,"rawMagnificationZoom":null,"correctedSuspiciousZoom":false}
[DebugBridge +17645038.0ms] zoom_wheel_request {"rawDeltaY":-59.406329870224,"reportedZoom":35,"trustedReactZoom":35.25807028399848,"currentZoom":35.25807028399848,"reportedCurrentZoom":35,"nextZoom":27.800920392725978,"requestedDeltaAbs":7.4571498912725005,"reportedLagAbs":0.2580702839984781,"rawGetZoomValue":35,"rawViewerZoomValue":35,"rawMagnificationZoom":null,"correctedSuspiciousZoom":false}
[SVGAnnotationLayer] setRotInputVisible(false) reason=no single rotation target selected
[SVGAnnotationLayer] setRotInputVisible(false) reason=no single rotation target selected
[DebugBridge +17645127.3ms] zoom_wheel_request {"rawDeltaY":-48.07350826263428,"reportedZoom":27,"trustedReactZoom":27.800920392725974,"currentZoom":27.800920392725974,"reportedCurrentZoom":27,"nextZoom":22.937545162496356,"requestedDeltaAbs":4.863375230229618,"reportedLagAbs":0.800920392725974,"rawGetZoomValue":27,"rawViewerZoomValue":27,"rawMagnificationZoom":null,"correctedSuspiciousZoom":false}
[SVGAnnotationLayer] setRotInputVisible(false) reason=no single rotation target selected
[SVGAnnotationLayer] setRotInputVisible(false) reason=no single rotation target selected
[DebugBridge +17645202.6ms] zoom_wheel_request {"rawDeltaY":-15.26089632511139,"reportedZoom":22,"trustedReactZoom":22.937545162496356,"currentZoom":22.937545162496356,"reportedCurrentZoom":22,"nextZoom":21.579234994350646,"requestedDeltaAbs":1.3583101681457102,"reportedLagAbs":0.937545162496356,"rawGetZoomValue":22,"rawViewerZoomValue":22,"rawMagnificationZoom":null,"correctedSuspiciousZoom":false}
[SVGAnnotationLayer] setRotInputVisible(false) reason=no single rotation target selected
[SVGAnnotationLayer] setRotInputVisible(false) reason=no single rotation target selected
[DebugBridge +17645281.4ms] zoom_wheel_request {"rawDeltaY":-2.8052791357040405,"reportedZoom":21,"trustedReactZoom":21.579234994350646,"currentZoom":21.579234994350646,"reportedCurrentZoom":21,"nextZoom":21.338445374317708,"requestedDeltaAbs":0.24078962003293825,"reportedLagAbs":0.5792349943506458,"rawGetZoomValue":21,"rawViewerZoomValue":21,"rawMagnificationZoom":null,"correctedSuspiciousZoom":false}
[DebugBridge +17645653.3ms] zoom_wheel_request {"rawDeltaY":-7.361754417419434,"reportedZoom":21,"trustedReactZoom":21.338445374317708,"currentZoom":21.338445374317708,"reportedCurrentZoom":21,"nextZoom":20.719253220022832,"requestedDeltaAbs":0.6191921542948755,"reportedLagAbs":0.3384453743177076,"rawGetZoomValue":21,"rawViewerZoomValue":21,"rawMagnificationZoom":null,"correctedSuspiciousZoom":false}
[DebugBridge +17645698.0ms] zoom_wheel_request {"rawDeltaY":-26.605008840560913,"reportedZoom":20,"trustedReactZoom":20.719253220022832,"currentZoom":20.719253220022832,"reportedCurrentZoom":20,"nextZoom":18.62758114955969,"requestedDeltaAbs":2.0916720704631437,"reportedLagAbs":0.7192532200228321,"rawGetZoomValue":20,"rawViewerZoomValue":20,"rawMagnificationZoom":null,"correctedSuspiciousZoom":false}
[SVGAnnotationLayer] setRotInputVisible(false) reason=no single rotation target selected
[SVGAnnotationLayer] setRotInputVisible(false) reason=no single rotation target selected
[DebugBridge +17645779.6ms] zoom_wheel_request {"rawDeltaY":-39.849337577819824,"reportedZoom":18,"trustedReactZoom":18.62758114955969,"currentZoom":18.62758114955969,"reportedCurrentZoom":18,"nextZoom":15.882946549197465,"requestedDeltaAbs":2.7446346003622235,"reportedLagAbs":0.6275811495596884,"rawGetZoomValue":18,"rawViewerZoomValue":18,"rawMagnificationZoom":null,"correctedSuspiciousZoom":false}
[DebugBridge +17645847.5ms] zoom_wheel_request {"rawDeltaY":-15.539694428443909,"reportedZoom":15,"trustedReactZoom":15.882946549197467,"currentZoom":15.882946549197467,"reportedCurrentZoom":15,"nextZoom":14.925739590448087,"requestedDeltaAbs":0.9572069587493797,"reportedLagAbs":0.8829465491974666,"rawGetZoomValue":15,"rawViewerZoomValue":15,"rawMagnificationZoom":null,"correctedSuspiciousZoom":false}
[DebugBridge +17645924.6ms] zoom_wheel_request {"rawDeltaY":-7.002697288990021,"reportedZoom":14,"trustedReactZoom":14.925739590448087,"currentZoom":14.925739590448087,"reportedCurrentZoom":14,"nextZoom":14.513458954839615,"requestedDeltaAbs":0.4122806356084716,"reportedLagAbs":0.925739590448087,"rawGetZoomValue":14,"rawViewerZoomValue":14,"rawMagnificationZoom":null,"correctedSuspiciousZoom":false}
[DebugBridge +17646116.0ms] zoom_wheel_request {"rawDeltaY":-4.112721413373947,"reportedZoom":14,"trustedReactZoom":14.513458954839614,"currentZoom":14.513458954839614,"reportedCurrentZoom":14,"nextZoom":14.27665287657199,"requestedDeltaAbs":0.23680607826762312,"reportedLagAbs":0.5134589548396136,"rawGetZoomValue":14,"rawViewerZoomValue":14,"rawMagnificationZoom":null,"correctedSuspiciousZoom":false}
[DebugBridge +17646471.5ms] zoom_wheel_request {"rawDeltaY":-33.85991236567497,"reportedZoom":14,"trustedReactZoom":14.27665287657199,"currentZoom":14.27665287657199,"reportedCurrentZoom":14,"nextZoom":12.468255916711618,"requestedDeltaAbs":1.8083969598603726,"reportedLagAbs":0.27665287657199045,"rawGetZoomValue":14,"rawViewerZoomValue":14,"rawMagnificationZoom":null,"correctedSuspiciousZoom":false}
[DebugBridge +17646610.8ms] zoom_wheel_request {"rawDeltaY":-2.508768081665039,"reportedZoom":12,"trustedReactZoom":12.468255916711618,"currentZoom":12.468255916711618,"reportedCurrentZoom":12,"nextZoom":12.343761765445644,"requestedDeltaAbs":0.1244941512659743,"reportedLagAbs":0.4682559167116178,"rawGetZoomValue":12,"rawViewerZoomValue":12,"rawMagnificationZoom":null,"correctedSuspiciousZoom":false}
[DebugBridge +17647094.9ms] zoom_wheel_request {"rawDeltaY":-6.1434326171875,"reportedZoom":12,"trustedReactZoom":12.343761765445644,"currentZoom":12.343761765445644,"reportedCurrentZoom":12,"nextZoom":12.044126151476592,"requestedDeltaAbs":0.2996356139690519,"reportedLagAbs":0.3437617654456435,"rawGetZoomValue":12,"rawViewerZoomValue":12,"rawMagnificationZoom":null,"correctedSuspiciousZoom":false}
[DebugBridge +17647148.2ms] zoom_wheel_request {"rawDeltaY":-37.685096979141235,"reportedZoom":12,"trustedReactZoom":12.044126151476592,"currentZoom":12.044126151476592,"reportedCurrentZoom":12,"nextZoom":10.358803075103177,"requestedDeltaAbs":1.6853230763734146,"reportedLagAbs":0.0441261514765916,"rawGetZoomValue":12,"rawViewerZoomValue":12,"rawMagnificationZoom":null,"correctedSuspiciousZoom":false}
[DebugBridge +17647227.2ms] zoom_wheel_request {"rawDeltaY":-50.82736301422119,"reportedZoom":10,"trustedReactZoom":10.358803075103177,"currentZoom":10.358803075103177,"reportedCurrentZoom":10,"nextZoom":10,"requestedDeltaAbs":0.358803075103177,"reportedLagAbs":0.358803075103177,"rawGetZoomValue":10,"rawViewerZoomValue":10,"rawMagnificationZoom":null,"correctedSuspiciousZoom":false}
[DebugBridge +17647271.7ms] zoom_wheel_request {"rawDeltaY":-9.882434606552124,"reportedZoom":10,"trustedReactZoom":10,"currentZoom":10,"reportedCurrentZoom":10,"nextZoom":10,"requestedDeltaAbs":0,"reportedLagAbs":0,"rawGetZoomValue":10,"rawViewerZoomValue":10,"rawMagnificationZoom":null,"correctedSuspiciousZoom":false}
[DebugBridge +17647296.0ms] zoom_wheel_request {"rawDeltaY":-4.585650205612183,"reportedZoom":10,"trustedReactZoom":10,"currentZoom":10,"reportedCurrentZoom":10,"nextZoom":10,"requestedDeltaAbs":0,"reportedLagAbs":0,"rawGetZoomValue":10,"rawViewerZoomValue":10,"rawMagnificationZoom":null,"correctedSuspiciousZoom":false}
[DebugBridge +17647319.8ms] zoom_wheel_request {"rawDeltaY":-3.447268545627594,"reportedZoom":10,"trustedReactZoom":10,"currentZoom":10,"reportedCurrentZoom":10,"nextZoom":10,"requestedDeltaAbs":0,"reportedLagAbs":0,"rawGetZoomValue":10,"rawViewerZoomValue":10,"rawMagnificationZoom":null,"correctedSuspiciousZoom":false}
[DebugBridge +17647345.0ms] zoom_wheel_request {"rawDeltaY":-2.7348150610923767,"reportedZoom":10,"trustedReactZoom":10,"currentZoom":10,"reportedCurrentZoom":10,"nextZoom":10,"requestedDeltaAbs":0,"reportedLagAbs":0,"rawGetZoomValue":10,"rawViewerZoomValue":10,"rawMagnificationZoom":null,"correctedSuspiciousZoom":false}
[DebugBridge +17647368.5ms] zoom_wheel_request {"rawDeltaY":-2.1014986634254456,"reportedZoom":10,"trustedReactZoom":10,"currentZoom":10,"reportedCurrentZoom":10,"nextZoom":10,"requestedDeltaAbs":0,"reportedLagAbs":0,"rawGetZoomValue":10,"rawViewerZoomValue":10,"rawMagnificationZoom":null,"correctedSuspiciousZoom":false}
[DebugBridge +17647395.0ms] zoom_wheel_request {"rawDeltaY":-1.114941656589508,"reportedZoom":10,"trustedReactZoom":10,"currentZoom":10,"reportedCurrentZoom":10,"nextZoom":10,"requestedDeltaAbs":0,"reportedLagAbs":0,"rawGetZoomValue":10,"rawViewerZoomValue":10,"rawMagnificationZoom":null,"correctedSuspiciousZoom":false}
[DebugBridge +17647419.7ms] zoom_wheel_request {"rawDeltaY":-1.1737692654132843,"reportedZoom":10,"trustedReactZoom":10,"currentZoom":10,"reportedCurrentZoom":10,"nextZoom":10,"requestedDeltaAbs":0,"reportedLagAbs":0,"rawGetZoomValue":10,"rawViewerZoomValue":10,"rawMagnificationZoom":null,"correctedSuspiciousZoom":false}
[DebugBridge +17647478.2ms] zoom_wheel_request {"rawDeltaY":-0.5470120310783386,"reportedZoom":10,"trustedReactZoom":10,"currentZoom":10,"reportedCurrentZoom":10,"nextZoom":10,"requestedDeltaAbs":0,"reportedLagAbs":0,"rawGetZoomValue":10,"rawViewerZoomValue":10,"rawMagnificationZoom":null,"correctedSuspiciousZoom":false}
[DebugBridge +17647611.5ms] zoom_wheel_request {"rawDeltaY":-1.2797911763191223,"reportedZoom":10,"trustedReactZoom":10,"currentZoom":10,"reportedCurrentZoom":10,"nextZoom":10,"requestedDeltaAbs":0,"reportedLagAbs":0,"rawGetZoomValue":10,"rawViewerZoomValue":10,"rawMagnificationZoom":null,"correctedSuspiciousZoom":false}
[DebugBridge +17647636.0ms] zoom_wheel_request {"rawDeltaY":-1.820283830165863,"reportedZoom":10,"trustedReactZoom":10,"currentZoom":10,"reportedCurrentZoom":10,"nextZoom":10,"requestedDeltaAbs":0,"reportedLagAbs":0,"rawGetZoomValue":10,"rawViewerZoomValue":10,"rawMagnificationZoom":null,"correctedSuspiciousZoom":false}
[DebugBridge +17647661.9ms] zoom_wheel_request {"rawDeltaY":-2.6974226236343384,"reportedZoom":10,"trustedReactZoom":10,"currentZoom":10,"reportedCurrentZoom":10,"nextZoom":10,"requestedDeltaAbs":0,"reportedLagAbs":0,"rawGetZoomValue":10,"rawViewerZoomValue":10,"rawMagnificationZoom":null,"correctedSuspiciousZoom":false}
[DebugBridge +17647687.9ms] zoom_wheel_request {"rawDeltaY":-2.082223743200302,"reportedZoom":10,"trustedReactZoom":10,"currentZoom":10,"reportedCurrentZoom":10,"nextZoom":10,"requestedDeltaAbs":0,"reportedLagAbs":0,"rawGetZoomValue":10,"rawViewerZoomValue":10,"rawMagnificationZoom":null,"correctedSuspiciousZoom":false}
[DebugBridge +17647712.1ms] zoom_wheel_request {"rawDeltaY":-2.674410104751587,"reportedZoom":10,"trustedReactZoom":10,"currentZoom":10,"reportedCurrentZoom":10,"nextZoom":10,"requestedDeltaAbs":0,"reportedLagAbs":0,"rawGetZoomValue":10,"rawViewerZoomValue":10,"rawMagnificationZoom":null,"correctedSuspiciousZoom":false}
[DebugBridge +17647744.3ms] zoom_wheel_request {"rawDeltaY":-1.6933796405792236,"reportedZoom":10,"trustedReactZoom":10,"currentZoom":10,"reportedCurrentZoom":10,"nextZoom":10,"requestedDeltaAbs":0,"reportedLagAbs":0,"rawGetZoomValue":10,"rawViewerZoomValue":10,"rawMagnificationZoom":null,"correctedSuspiciousZoom":false}
[DebugBridge +17647769.1ms] zoom_wheel_request {"rawDeltaY":-0.8003607392311096,"reportedZoom":10,"trustedReactZoom":10,"currentZoom":10,"reportedCurrentZoom":10,"nextZoom":10,"requestedDeltaAbs":0,"reportedLagAbs":0,"rawGetZoomValue":10,"rawViewerZoomValue":10,"rawMagnificationZoom":null,"correctedSuspiciousZoom":false}
[DebugBridge +17647786.0ms] zoom_wheel_request {"rawDeltaY":-0.8003607392311096,"reportedZoom":10,"trustedReactZoom":10,"currentZoom":10,"reportedCurrentZoom":10,"nextZoom":10,"requestedDeltaAbs":0,"reportedLagAbs":0,"rawGetZoomValue":10,"rawViewerZoomValue":10,"rawMagnificationZoom":null,"correctedSuspiciousZoom":false}
[DebugBridge +17647811.0ms] zoom_wheel_request {"rawDeltaY":-0.8003607392311096,"reportedZoom":10,"trustedReactZoom":10,"currentZoom":10,"reportedCurrentZoom":10,"nextZoom":10,"requestedDeltaAbs":0,"reportedLagAbs":0,"rawGetZoomValue":10,"rawViewerZoomValue":10,"rawMagnificationZoom":null,"correctedSuspiciousZoom":false}
[DebugBridge +17647844.6ms] zoom_wheel_request {"rawDeltaY":-0.3848915994167328,"reportedZoom":10,"trustedReactZoom":10,"currentZoom":10,"reportedCurrentZoom":10,"nextZoom":10,"requestedDeltaAbs":0,"reportedLagAbs":0,"rawGetZoomValue":10,"rawViewerZoomValue":10,"rawMagnificationZoom":null,"correctedSuspiciousZoom":false}
[DebugBridge +17648743.3ms] zoom_end {"source":"zoomChange_settle"}
[DebugBridge +17648833.7ms] wheel_scroll_motion {"eventCount":4,"rawAbsX":24,"rawAbsY":142,"rawX":24,"rawY":138,"clippedAbsX":24,"clippedAbsY":142,"clippedX":24,"clippedY":138,"requestedAppliedX":24.624000000000002,"requestedAppliedY":143.1,"appliedX":24.624000000000002,"appliedY":112.86,"actualX":0,"actualY":112.5,"sensitivity":1.08,"currentZoomForScroll":1,"maxScrollStepX":24.624000000000002,"maxScrollStepY":112.86,"diagonalEvents":1,"clippedEvents":0}
[DebugBridge +17648837.1ms] page_visit_start {"page":2,"pageCount":99,"revisited":false,"hasContainer":true,"hasPdfSurface":true,"spinnerVisible":false,"hasAnnotationOverlay":false,"ready":true}
[DebugBridge +17648838.5ms] page_visit_ready {"page":2,"pageCount":99,"revisited":false,"waitMs":2,"hasContainer":true,"hasPdfSurface":true,"spinnerVisible":false,"hasAnnotationOverlay":false,"ready":true}
[DebugBridge +17649063.1ms] wheel_scroll_motion {"eventCount":5,"rawAbsX":56,"rawAbsY":376,"rawX":-56,"rawY":376,"clippedAbsX":56,"clippedAbsY":376,"clippedX":-56,"clippedY":376,"requestedAppliedX":-57.455999999999996,"requestedAppliedY":389.664,"appliedX":-45.144,"appliedY":172.368,"actualX":0,"actualY":172,"sensitivity":1.026,"currentZoomForScroll":1,"maxScrollStepX":45.144,"maxScrollStepY":172.368,"diagonalEvents":3,"clippedEvents":0}
[DebugBridge +17649064.1ms] page_visit_start {"page":4,"pageCount":99,"revisited":false,"hasContainer":true,"hasPdfSurface":true,"spinnerVisible":false,"hasAnnotationOverlay":false,"ready":true}
[DebugBridge +17649065.1ms] page_visit_ready {"page":4,"pageCount":99,"revisited":false,"waitMs":1,"hasContainer":true,"hasPdfSurface":true,"spinnerVisible":false,"hasAnnotationOverlay":false,"ready":true}
[SVGAnnotationLayer] setRotInputVisible(false) reason=no single rotation target selected
[SVGAnnotationLayer] setRotInputVisible(false) reason=no single rotation target selected
[SVGAnnotationLayer] setRotInputVisible(false) reason=no single rotation target selected
[SVGAnnotationLayer] setRotInputVisible(false) reason=no single rotation target selected
[DebugBridge +17649351.0ms] wheel_scroll_motion {"eventCount":11,"rawAbsX":0,"rawAbsY":452,"rawX":0,"rawY":452,"clippedAbsX":0,"clippedAbsY":452,"clippedX":0,"clippedY":452,"requestedAppliedX":0,"requestedAppliedY":488.16,"appliedX":0,"appliedY":125.28,"actualX":0,"actualY":125,"sensitivity":1.08,"currentZoomForScroll":1,"maxScrollStepX":16,"maxScrollStepY":125.28,"diagonalEvents":0,"clippedEvents":0}
[DebugBridge +17649353.6ms] page_visit_start {"page":5,"pageCount":99,"revisited":false,"hasContainer":true,"hasPdfSurface":true,"spinnerVisible":false,"hasAnnotationOverlay":true,"ready":true}
[DebugBridge +17649371.3ms] page_visit_ready {"page":5,"pageCount":99,"revisited":false,"waitMs":18,"hasContainer":true,"hasPdfSurface":true,"spinnerVisible":false,"hasAnnotationOverlay":true,"ready":true}
[DebugBridge +17649573.3ms] wheel_scroll_motion {"eventCount":11,"rawAbsX":0,"rawAbsY":78,"rawX":0,"rawY":78,"clippedAbsX":0,"clippedAbsY":78,"clippedX":0,"clippedY":78,"requestedAppliedX":0,"requestedAppliedY":84.24000000000001,"appliedX":0,"appliedY":28.080000000000002,"actualX":0,"actualY":28,"sensitivity":1.08,"currentZoomForScroll":1,"maxScrollStepX":16,"maxScrollStepY":28.080000000000002,"diagonalEvents":0,"clippedEvents":0}
[SVGAnnotationLayer] setRotInputVisible(false) reason=no single rotation target selected
[SVGAnnotationLayer] setRotInputVisible(false) reason=no single rotation target selected
[SVGAnnotationLayer] setRotInputVisible(false) reason=no single rotation target selected
[SVGAnnotationLayer] setRotInputVisible(false) reason=no single rotation target selected
[DebugBridge +17649881.2ms] wheel_scroll_motion {"eventCount":7,"rawAbsX":0,"rawAbsY":14,"rawX":0,"rawY":14,"clippedAbsX":0,"clippedAbsY":14,"clippedX":0,"clippedY":14,"requestedAppliedX":0,"requestedAppliedY":15.120000000000001,"appliedX":0,"appliedY":15.120000000000001,"actualX":0,"actualY":15,"sensitivity":1.08,"currentZoomForScroll":1,"maxScrollStepX":16,"maxScrollStepY":16,"diagonalEvents":0,"clippedEvents":0}
[SVGAnnotationLayer] setRotInputVisible(false) reason=no single rotation target selected
[SVGAnnotationLayer] setRotInputVisible(false) reason=no single rotation target selected
[SVGAnnotationLayer] setRotInputVisible(false) reason=no single rotation target selected
[SVGAnnotationLayer] setRotInputVisible(false) reason=no single rotation target selected
[SVGAnnotationLayer] setRotInputVisible(false) reason=no single rotation target selected
[SVGAnnotationLayer] setRotInputVisible(false) reason=no single rotation target selected
[DebugBridge +17650589.0ms] wheel_scroll_motion {"eventCount":2,"rawAbsX":0,"rawAbsY":6,"rawX":0,"rawY":-6,"clippedAbsX":0,"clippedAbsY":6,"clippedX":0,"clippedY":-6,"requestedAppliedX":0,"requestedAppliedY":-6.48,"appliedX":0,"appliedY":-6.48,"actualX":0,"actualY":-6.5,"sensitivity":1.08,"currentZoomForScroll":1,"maxScrollStepX":16,"maxScrollStepY":16,"diagonalEvents":0,"clippedEvents":0}
[SVGAnnotationLayer] setRotInputVisible(false) reason=no single rotation target selected
[SVGAnnotationLayer] setRotInputVisible(false) reason=no single rotation target selected
[SVGAnnotationLayer] setRotInputVisible(false) reason=no single rotation target selected
[SVGAnnotationLayer] setRotInputVisible(false) reason=no single rotation target selected
[SVGAnnotationLayer] setRotInputVisible(false) reason=no single rotation target selected
[SVGAnnotationLayer] setRotInputVisible(false) reason=no single rotation target selected
[DebugBridge +17650881.7ms] wheel_scroll_motion {"eventCount":3,"rawAbsX":74,"rawAbsY":390,"rawX":-74,"rawY":-390,"clippedAbsX":74,"clippedAbsY":390,"clippedX":-74,"clippedY":-390,"requestedAppliedX":-75.924,"requestedAppliedY":-401.54400000000004,"appliedX":-38.988,"appliedY":-180,"actualX":0,"actualY":-180,"sensitivity":1.026,"currentZoomForScroll":1,"maxScrollStepX":38.988,"maxScrollStepY":180,"diagonalEvents":2,"clippedEvents":0}
[DebugBridge +17650949.4ms] page_visit_start {"page":4,"pageCount":99,"revisited":true,"hasContainer":true,"hasPdfSurface":true,"spinnerVisible":false,"hasAnnotationOverlay":false,"ready":true}
[DebugBridge +17650963.4ms] page_visit_ready {"page":4,"pageCount":99,"revisited":true,"waitMs":14,"hasContainer":true,"hasPdfSurface":true,"spinnerVisible":false,"hasAnnotationOverlay":false,"ready":true}
[SVGAnnotationLayer] setRotInputVisible(false) reason=no single rotation target selected
[SVGAnnotationLayer] setRotInputVisible(false) reason=no single rotation target selected
[SVGAnnotationLayer] setRotInputVisible(false) reason=no single rotation target selected
[SVGAnnotationLayer] setRotInputVisible(false) reason=no single rotation target selected
[DebugBridge +17651201.6ms] wheel_scroll_motion {"eventCount":3,"rawAbsX":4,"rawAbsY":1490,"rawX":-4,"rawY":-1490,"clippedAbsX":4,"clippedAbsY":292,"clippedX":-4,"clippedY":-292,"requestedAppliedX":-4.104,"requestedAppliedY":-313.848,"appliedX":-4.104,"appliedY":-180,"actualX":0,"actualY":-180,"sensitivity":1.08,"currentZoomForScroll":1,"maxScrollStepX":16,"maxScrollStepY":180,"diagonalEvents":1,"clippedEvents":1}
[DebugBridge +17651262.9ms] page_visit_start {"page":2,"pageCount":99,"revisited":true,"hasContainer":true,"hasPdfSurface":true,"spinnerVisible":false,"hasAnnotationOverlay":false,"ready":true}
[DebugBridge +17651279.2ms] page_visit_ready {"page":2,"pageCount":99,"revisited":true,"waitMs":16,"hasContainer":true,"hasPdfSurface":true,"spinnerVisible":false,"hasAnnotationOverlay":false,"ready":true}
[DebugBridge +17651624.2ms] wheel_scroll_motion {"eventCount":3,"rawAbsX":0,"rawAbsY":404,"rawX":0,"rawY":-404,"clippedAbsX":0,"clippedAbsY":362,"clippedX":0,"clippedY":-362,"requestedAppliedX":0,"requestedAppliedY":-390.96000000000004,"appliedX":0,"appliedY":-180,"actualX":0,"actualY":-86,"sensitivity":1.08,"currentZoomForScroll":1,"maxScrollStepX":16,"maxScrollStepY":180,"diagonalEvents":0,"clippedEvents":1}
[DebugBridge +17651843.9ms] page_visit_start {"page":1,"pageCount":99,"revisited":false,"hasContainer":true,"hasPdfSurface":true,"spinnerVisible":false,"hasAnnotationOverlay":true,"ready":true}
[DebugBridge +17651870.4ms] page_visit_ready {"page":1,"pageCount":99,"revisited":false,"waitMs":26,"hasContainer":true,"hasPdfSurface":true,"spinnerVisible":false,"hasAnnotationOverlay":true,"ready":true}
[DebugBridge +17652154.5ms] wheel_scroll_motion {"eventCount":2,"rawAbsX":0,"rawAbsY":52,"rawX":0,"rawY":-52,"clippedAbsX":0,"clippedAbsY":52,"clippedX":0,"clippedY":-52,"requestedAppliedX":0,"requestedAppliedY":-56.16,"appliedX":0,"appliedY":-54,"actualX":0,"actualY":0,"sensitivity":1.08,"currentZoomForScroll":1,"maxScrollStepX":16,"maxScrollStepY":54,"diagonalEvents":0,"clippedEvents":0}
[DebugBridge +17652344.1ms] wheel_scroll_motion {"eventCount":3,"rawAbsX":402,"rawAbsY":1704,"rawX":-402,"rawY":-1704,"clippedAbsX":342,"clippedAbsY":468,"clippedX":-342,"clippedY":-468,"requestedAppliedX":-350.892,"requestedAppliedY":-480.168,"appliedX":-180,"appliedY":-180,"actualX":0,"actualY":0,"sensitivity":1.026,"currentZoomForScroll":1,"maxScrollStepX":180,"maxScrollStepY":180,"diagonalEvents":3,"clippedEvents":2}
[DebugBridge +17652514.3ms] wheel_scroll_motion {"eventCount":2,"rawAbsX":16,"rawAbsY":30,"rawX":-16,"rawY":-30,"clippedAbsX":16,"clippedAbsY":30,"clippedX":-16,"clippedY":-30,"requestedAppliedX":-16.416,"requestedAppliedY":-30.78,"appliedX":-16,"appliedY":-24.624000000000002,"actualX":0,"actualY":0,"sensitivity":1.026,"currentZoomForScroll":1,"maxScrollStepX":16,"maxScrollStepY":24.624000000000002,"diagonalEvents":2,"clippedEvents":0}
[DebugBridge +17652880.0ms] wheel_scroll_motion {"eventCount":2,"rawAbsX":2,"rawAbsY":10,"rawX":-2,"rawY":-10,"clippedAbsX":2,"clippedAbsY":10,"clippedX":-2,"clippedY":-10,"requestedAppliedX":-2.052,"requestedAppliedY":-10.476,"appliedX":-2.052,"appliedY":-10.476,"actualX":0,"actualY":0,"sensitivity":1.026,"currentZoomForScroll":1,"maxScrollStepX":16,"maxScrollStepY":16,"diagonalEvents":1,"clippedEvents":0}
[DebugBridge +17652969.3ms] wheel_scroll_motion {"eventCount":1,"rawAbsX":0,"rawAbsY":2,"rawX":0,"rawY":-2,"clippedAbsX":0,"clippedAbsY":2,"clippedX":0,"clippedY":-2,"requestedAppliedX":0,"requestedAppliedY":-2.16,"appliedX":0,"appliedY":-2.16,"actualX":0,"actualY":0,"sensitivity":1.08,"currentZoomForScroll":1,"maxScrollStepX":16,"maxScrollStepY":16,"diagonalEvents":0,"clippedEvents":0}
[DebugBridge +17655061.4ms] zoom_wheel_request {"rawDeltaY":6.251678705215454,"reportedZoom":10,"trustedReactZoom":10,"currentZoom":10,"reportedCurrentZoom":10,"nextZoom":10.253220053549052,"requestedDeltaAbs":0.2532200535490521,"reportedLagAbs":0,"rawGetZoomValue":10,"rawViewerZoomValue":10,"rawMagnificationZoom":null,"correctedSuspiciousZoom":false}
[DebugBridge +17655061.5ms] zoom_start {"scale":0.1,"source":"overlay_wheel_zoom_pre","reportedScale":0.1,"correctedSuspiciousZoom":false}
[DebugBridge +17655148.4ms] zoom_wheel_request {"rawDeltaY":43.35242009162903,"reportedZoom":10,"trustedReactZoom":10.253220053549052,"currentZoom":10.253220053549052,"reportedCurrentZoom":10,"nextZoom":12.194700695855618,"requestedDeltaAbs":1.9414806423065656,"reportedLagAbs":0.2532200535490521,"rawGetZoomValue":10,"rawViewerZoomValue":10,"rawMagnificationZoom":null,"correctedSuspiciousZoom":false}
[DebugBridge +17655259.0ms] zoom_wheel_request {"rawDeltaY":21.70721411705017,"reportedZoom":12,"trustedReactZoom":12.194700695855618,"currentZoom":12.194700695855618,"reportedCurrentZoom":12,"nextZoom":13.300881944551776,"requestedDeltaAbs":1.1061812486961582,"reportedLagAbs":0.19470069585561767,"rawGetZoomValue":12,"rawViewerZoomValue":12,"rawMagnificationZoom":null,"correctedSuspiciousZoom":false}
[DebugBridge +17655682.2ms] wheel_scroll_motion {"eventCount":5,"rawAbsX":24,"rawAbsY":120,"rawX":-24,"rawY":-120,"clippedAbsX":24,"clippedAbsY":120,"clippedX":-24,"clippedY":-120,"requestedAppliedX":-24.624,"requestedAppliedY":-123.66,"appliedX":-18.468,"appliedY":-80.028,"actualX":0,"actualY":-22.5,"sensitivity":1.026,"currentZoomForScroll":1,"maxScrollStepX":18.468,"maxScrollStepY":80.028,"diagonalEvents":3,"clippedEvents":0}
[DebugBridge +17655713.1ms] wheel_scroll_motion {"eventCount":4,"rawAbsX":14,"rawAbsY":86,"rawX":-14,"rawY":-86,"clippedAbsX":14,"clippedAbsY":86,"clippedX":-14,"clippedY":-86,"requestedAppliedX":-14.364,"requestedAppliedY":-88.23600000000002,"appliedX":-14.364,"appliedY":-24.624000000000002,"actualX":0,"actualY":0,"sensitivity":1.026,"currentZoomForScroll":1,"maxScrollStepX":16,"maxScrollStepY":24.624000000000002,"diagonalEvents":4,"clippedEvents":0}
[DebugBridge +17655797.2ms] wheel_scroll_motion {"eventCount":5,"rawAbsX":40,"rawAbsY":150,"rawX":-40,"rawY":-150,"clippedAbsX":40,"clippedAbsY":150,"clippedX":-40,"clippedY":-150,"requestedAppliedX":-41.04,"requestedAppliedY":-153.89999999999998,"appliedX":-26.676000000000002,"appliedY":-77.976,"actualX":0,"actualY":0,"sensitivity":1.026,"currentZoomForScroll":1,"maxScrollStepX":26.676000000000002,"maxScrollStepY":77.976,"diagonalEvents":5,"clippedEvents":0}
[DebugBridge +17655830.6ms] wheel_scroll_motion {"eventCount":4,"rawAbsX":0,"rawAbsY":158,"rawX":0,"rawY":-158,"clippedAbsX":0,"clippedAbsY":158,"clippedX":0,"clippedY":-158,"requestedAppliedX":0,"requestedAppliedY":-170.64000000000004,"appliedX":0,"appliedY":-58.32000000000001,"actualX":0,"actualY":0,"sensitivity":1.08,"currentZoomForScroll":1,"maxScrollStepX":16,"maxScrollStepY":58.32000000000001,"diagonalEvents":0,"clippedEvents":0}
[DebugBridge +17655862.9ms] wheel_scroll_motion {"eventCount":4,"rawAbsX":0,"rawAbsY":130,"rawX":0,"rawY":-130,"clippedAbsX":0,"clippedAbsY":130,"clippedX":0,"clippedY":-130,"requestedAppliedX":0,"requestedAppliedY":-140.4,"appliedX":0,"appliedY":-36.72,"actualX":0,"actualY":0,"sensitivity":1.08,"currentZoomForScroll":1,"maxScrollStepX":16,"maxScrollStepY":36.72,"diagonalEvents":0,"clippedEvents":0}
[DebugBridge +17655893.9ms] wheel_scroll_motion {"eventCount":3,"rawAbsX":0,"rawAbsY":86,"rawX":0,"rawY":-86,"clippedAbsX":0,"clippedAbsY":86,"clippedX":0,"clippedY":-86,"requestedAppliedX":0,"requestedAppliedY":-92.88000000000001,"appliedX":0,"appliedY":-32.400000000000006,"actualX":0,"actualY":0,"sensitivity":1.08,"currentZoomForScroll":1,"maxScrollStepX":16,"maxScrollStepY":32.400000000000006,"diagonalEvents":0,"clippedEvents":0}
[DebugBridge +17655927.5ms] wheel_scroll_motion {"eventCount":3,"rawAbsX":0,"rawAbsY":116,"rawX":0,"rawY":-116,"clippedAbsX":0,"clippedAbsY":116,"clippedX":0,"clippedY":-116,"requestedAppliedX":0,"requestedAppliedY":-125.28,"appliedX":0,"appliedY":-71.28,"actualX":0,"actualY":0,"sensitivity":1.08,"currentZoomForScroll":1,"maxScrollStepX":16,"maxScrollStepY":71.28,"diagonalEvents":0,"clippedEvents":0}
[DebugBridge +17655960.0ms] wheel_scroll_motion {"eventCount":3,"rawAbsX":0,"rawAbsY":62,"rawX":0,"rawY":-62,"clippedAbsX":0,"clippedAbsY":62,"clippedX":0,"clippedY":-62,"requestedAppliedX":0,"requestedAppliedY":-66.96000000000001,"appliedX":0,"appliedY":-23.76,"actualX":0,"actualY":0,"sensitivity":1.08,"currentZoomForScroll":1,"maxScrollStepX":16,"maxScrollStepY":23.76,"diagonalEvents":0,"clippedEvents":0}
[DebugBridge +17656003.6ms] wheel_scroll_motion {"eventCount":4,"rawAbsX":0,"rawAbsY":100,"rawX":0,"rawY":-100,"clippedAbsX":0,"clippedAbsY":100,"clippedX":0,"clippedY":-100,"requestedAppliedX":0,"requestedAppliedY":-108,"appliedX":0,"appliedY":-51.84,"actualX":0,"actualY":0,"sensitivity":1.08,"currentZoomForScroll":1,"maxScrollStepX":16,"maxScrollStepY":51.84,"diagonalEvents":0,"clippedEvents":0}
[DebugBridge +17656051.6ms] wheel_scroll_motion {"eventCount":3,"rawAbsX":0,"rawAbsY":42,"rawX":0,"rawY":-42,"clippedAbsX":0,"clippedAbsY":42,"clippedX":0,"clippedY":-42,"requestedAppliedX":0,"requestedAppliedY":-45.36,"appliedX":0,"appliedY":-16,"actualX":0,"actualY":0,"sensitivity":1.08,"currentZoomForScroll":1,"maxScrollStepX":16,"maxScrollStepY":16,"diagonalEvents":0,"clippedEvents":0}
[DebugBridge +17656507.8ms] zoom_wheel_request {"rawDeltaY":82.98732376098633,"reportedZoom":13,"trustedReactZoom":13.300881944551776,"currentZoom":13.300881944551776,"reportedCurrentZoom":13,"nextZoom":18.537202146097634,"requestedDeltaAbs":5.236320201545858,"reportedLagAbs":0.30088194455177586,"rawGetZoomValue":13,"rawViewerZoomValue":13,"rawMagnificationZoom":null,"correctedSuspiciousZoom":false}
[DebugBridge +17656808.6ms] zoom_wheel_request {"rawDeltaY":9.96791696548462,"reportedZoom":18,"trustedReactZoom":18.537202146097634,"currentZoom":18.537202146097634,"reportedCurrentZoom":18,"nextZoom":19.291243871606902,"requestedDeltaAbs":0.7540417255092677,"reportedLagAbs":0.5372021460976342,"rawGetZoomValue":18,"rawViewerZoomValue":18,"rawMagnificationZoom":null,"correctedSuspiciousZoom":false}
[DebugBridge +17656885.8ms] zoom_wheel_request {"rawDeltaY":65.06838202476501,"reportedZoom":19,"trustedReactZoom":19.291243871606902,"currentZoom":19.291243871606902,"reportedCurrentZoom":19,"nextZoom":25.026239029765634,"requestedDeltaAbs":5.734995158158732,"reportedLagAbs":0.2912438716069019,"rawGetZoomValue":19,"rawViewerZoomValue":19,"rawMagnificationZoom":null,"correctedSuspiciousZoom":false}
[DebugBridge +17656983.7ms] zoom_wheel_request {"rawDeltaY":21.128787398338318,"reportedZoom":25,"trustedReactZoom":25.026239029765634,"currentZoom":25.026239029765634,"reportedCurrentZoom":25,"nextZoom":27.233286275537665,"requestedDeltaAbs":2.2070472457720314,"reportedLagAbs":0.02623902976563386,"rawGetZoomValue":25,"rawViewerZoomValue":25,"rawMagnificationZoom":null,"correctedSuspiciousZoom":false}
[DebugBridge +17657483.5ms] zoom_wheel_request {"rawDeltaY":7.722991466522217,"reportedZoom":27,"trustedReactZoom":27.233286275537665,"currentZoom":27.233286275537665,"reportedCurrentZoom":27,"nextZoom":28.08770542156316,"requestedDeltaAbs":0.8544191460254957,"reportedLagAbs":0.23328627553766523,"rawGetZoomValue":27,"rawViewerZoomValue":27,"rawMagnificationZoom":null,"correctedSuspiciousZoom":false}
[DebugBridge +17657820.4ms] zoom_wheel_request {"rawDeltaY":122.47657299041748,"reportedZoom":28,"trustedReactZoom":28.087705421563157,"currentZoom":28.087705421563157,"reportedCurrentZoom":28,"nextZoom":45.84372101449251,"requestedDeltaAbs":17.75601559292935,"reportedLagAbs":0.08770542156315742,"rawGetZoomValue":28,"rawViewerZoomValue":28,"rawMagnificationZoom":null,"correctedSuspiciousZoom":false}
[DebugBridge +17658244.1ms] wheel_scroll_motion {"eventCount":4,"rawAbsX":2,"rawAbsY":18,"rawX":-2,"rawY":-18,"clippedAbsX":2,"clippedAbsY":18,"clippedX":-2,"clippedY":-18,"requestedAppliedX":-2.052,"requestedAppliedY":-18.9,"appliedX":-2.052,"appliedY":-16,"actualX":-2.5,"actualY":-16,"sensitivity":1.026,"currentZoomForScroll":1,"maxScrollStepX":16,"maxScrollStepY":16,"diagonalEvents":1,"clippedEvents":0}
[DebugBridge +17658278.6ms] wheel_scroll_motion {"eventCount":4,"rawAbsX":8,"rawAbsY":36,"rawX":-8,"rawY":-36,"clippedAbsX":8,"clippedAbsY":36,"clippedX":-8,"clippedY":-36,"requestedAppliedX":-8.208,"requestedAppliedY":-36.93600000000001,"appliedX":-8.208,"appliedY":-16,"actualX":-8.5,"actualY":-16,"sensitivity":1.026,"currentZoomForScroll":1,"maxScrollStepX":16,"maxScrollStepY":16,"diagonalEvents":4,"clippedEvents":0}
[DebugBridge +17658311.3ms] wheel_scroll_motion {"eventCount":4,"rawAbsX":18,"rawAbsY":68,"rawX":-18,"rawY":-68,"clippedAbsX":18,"clippedAbsY":68,"clippedX":-18,"clippedY":-68,"requestedAppliedX":-18.468000000000004,"requestedAppliedY":-69.768,"appliedX":-16,"appliedY":-26.676000000000002,"actualX":-3,"actualY":-27,"sensitivity":1.026,"currentZoomForScroll":1,"maxScrollStepX":16,"maxScrollStepY":26.676000000000002,"diagonalEvents":4,"clippedEvents":0}
[DebugBridge +17658343.4ms] wheel_scroll_motion {"eventCount":3,"rawAbsX":12,"rawAbsY":44,"rawX":-12,"rawY":-44,"clippedAbsX":12,"clippedAbsY":44,"clippedX":-12,"clippedY":-44,"requestedAppliedX":-12.312000000000001,"requestedAppliedY":-45.144000000000005,"appliedX":-12.312000000000001,"appliedY":-20.52,"actualX":0,"actualY":-21,"sensitivity":1.026,"currentZoomForScroll":1,"maxScrollStepX":16,"maxScrollStepY":20.52,"diagonalEvents":3,"clippedEvents":0}
[DebugBridge +17658370.1ms] wheel_scroll_motion {"eventCount":4,"rawAbsX":16,"rawAbsY":54,"rawX":-16,"rawY":-54,"clippedAbsX":16,"clippedAbsY":54,"clippedX":-16,"clippedY":-54,"requestedAppliedX":-16.416,"requestedAppliedY":-55.403999999999996,"appliedX":-16,"appliedY":-16.416,"actualX":0,"actualY":-16.5,"sensitivity":1.026,"currentZoomForScroll":1,"maxScrollStepX":16,"maxScrollStepY":16.416,"diagonalEvents":4,"clippedEvents":0}
[DebugBridge +17658402.6ms] wheel_scroll_motion {"eventCount":4,"rawAbsX":10,"rawAbsY":36,"rawX":-10,"rawY":-36,"clippedAbsX":10,"clippedAbsY":36,"clippedX":-10,"clippedY":-36,"requestedAppliedX":-10.26,"requestedAppliedY":-36.936,"appliedX":-10.26,"appliedY":-16,"actualX":0,"actualY":-16,"sensitivity":1.026,"currentZoomForScroll":1,"maxScrollStepX":16,"maxScrollStepY":16,"diagonalEvents":4,"clippedEvents":0}
[DebugBridge +17658435.4ms] wheel_scroll_motion {"eventCount":4,"rawAbsX":16,"rawAbsY":34,"rawX":-16,"rawY":-34,"clippedAbsX":16,"clippedAbsY":34,"clippedX":-16,"clippedY":-34,"requestedAppliedX":-16.416,"requestedAppliedY":-34.884,"appliedX":-16,"appliedY":-16,"actualX":0,"actualY":-16,"sensitivity":1.026,"currentZoomForScroll":1,"maxScrollStepX":16,"maxScrollStepY":16,"diagonalEvents":4,"clippedEvents":0}
[DebugBridge +17658469.5ms] wheel_scroll_motion {"eventCount":4,"rawAbsX":8,"rawAbsY":26,"rawX":-8,"rawY":-26,"clippedAbsX":8,"clippedAbsY":26,"clippedX":-8,"clippedY":-26,"requestedAppliedX":-8.208,"requestedAppliedY":-27.432000000000002,"appliedX":-8.208,"appliedY":-16,"actualX":0,"actualY":-16,"sensitivity":1.08,"currentZoomForScroll":1,"maxScrollStepX":16,"maxScrollStepY":16,"diagonalEvents":2,"clippedEvents":0}
[DebugBridge +17658501.7ms] wheel_scroll_motion {"eventCount":4,"rawAbsX":0,"rawAbsY":40,"rawX":0,"rawY":-40,"clippedAbsX":0,"clippedAbsY":40,"clippedX":0,"clippedY":-40,"requestedAppliedX":0,"requestedAppliedY":-43.2,"appliedX":0,"appliedY":-16,"actualX":0,"actualY":-16,"sensitivity":1.08,"currentZoomForScroll":1,"maxScrollStepX":16,"maxScrollStepY":16,"diagonalEvents":0,"clippedEvents":0}
[DebugBridge +17658534.9ms] wheel_scroll_motion {"eventCount":3,"rawAbsX":0,"rawAbsY":32,"rawX":0,"rawY":-32,"clippedAbsX":0,"clippedAbsY":32,"clippedX":0,"clippedY":-32,"requestedAppliedX":0,"requestedAppliedY":-34.56,"appliedX":0,"appliedY":-16,"actualX":0,"actualY":-10.5,"sensitivity":1.08,"currentZoomForScroll":1,"maxScrollStepX":16,"maxScrollStepY":16,"diagonalEvents":0,"clippedEvents":0}
[DebugBridge +17658560.0ms] wheel_scroll_motion {"eventCount":4,"rawAbsX":0,"rawAbsY":42,"rawX":0,"rawY":-42,"clippedAbsX":0,"clippedAbsY":42,"clippedX":0,"clippedY":-42,"requestedAppliedX":0,"requestedAppliedY":-45.36,"appliedX":0,"appliedY":-16,"actualX":0,"actualY":0,"sensitivity":1.08,"currentZoomForScroll":1,"maxScrollStepX":16,"maxScrollStepY":16,"diagonalEvents":0,"clippedEvents":0}
[DebugBridge +17658594.5ms] wheel_scroll_motion {"eventCount":4,"rawAbsX":0,"rawAbsY":34,"rawX":0,"rawY":-34,"clippedAbsX":0,"clippedAbsY":34,"clippedX":0,"clippedY":-34,"requestedAppliedX":0,"requestedAppliedY":-36.72,"appliedX":0,"appliedY":-16,"actualX":0,"actualY":0,"sensitivity":1.08,"currentZoomForScroll":1,"maxScrollStepX":16,"maxScrollStepY":16,"diagonalEvents":0,"clippedEvents":0}
[DebugBridge +17658627.9ms] wheel_scroll_motion {"eventCount":4,"rawAbsX":0,"rawAbsY":30,"rawX":0,"rawY":-30,"clippedAbsX":0,"clippedAbsY":30,"clippedX":0,"clippedY":-30,"requestedAppliedX":0,"requestedAppliedY":-32.400000000000006,"appliedX":0,"appliedY":-16,"actualX":0,"actualY":0,"sensitivity":1.08,"currentZoomForScroll":1,"maxScrollStepX":16,"maxScrollStepY":16,"diagonalEvents":0,"clippedEvents":0}
[DebugBridge +17658661.0ms] wheel_scroll_motion {"eventCount":4,"rawAbsX":0,"rawAbsY":24,"rawX":0,"rawY":-24,"clippedAbsX":0,"clippedAbsY":24,"clippedX":0,"clippedY":-24,"requestedAppliedX":0,"requestedAppliedY":-25.92,"appliedX":0,"appliedY":-16,"actualX":0,"actualY":0,"sensitivity":1.08,"currentZoomForScroll":1,"maxScrollStepX":16,"maxScrollStepY":16,"diagonalEvents":0,"clippedEvents":0}
[DebugBridge +17658878.6ms] wheel_scroll_motion {"eventCount":3,"rawAbsX":0,"rawAbsY":64,"rawX":0,"rawY":-64,"clippedAbsX":0,"clippedAbsY":64,"clippedX":0,"clippedY":-64,"requestedAppliedX":0,"requestedAppliedY":-69.12,"appliedX":0,"appliedY":-56.160000000000004,"actualX":0,"actualY":0,"sensitivity":1.08,"currentZoomForScroll":1,"maxScrollStepX":16,"maxScrollStepY":56.160000000000004,"diagonalEvents":0,"clippedEvents":0}
[DebugBridge +17659272.3ms] zoom_end {"source":"zoomChange_settle"}
[CloudSync][realtime] unsubscribing {"documentId":"00e1cde9-449b-4771-9743-37bd604557a9"}
[CloudSync][realtime] subscribe status {"status":"CLOSED","error":null}
[CloudSync][hook] hydrate effect fired {"enabled":false,"hydrateEnabled":false,"documentId":"00e1cde9-449b-4771-9743-37bd604557a9","userId":"170d915c-5741-4e0b-b03f-deaeedae27bd","pdfId":"SE-011 Security Shop Drawing Rev2 - 05.06.25.pdf-26261080"}
[CloudSync][hook] hydrate skipped — missing prerequisite {"hydrateEnabled":false,"hasDocumentId":true,"hasUserId":true,"hasPdfId":true}
[AnnotationHydrationGate][normal] {"documentId":"00e1cde9-449b-4771-9743-37bd604557a9","pdfId":"SE-011 Security Shop Drawing Rev2 - 05.06.25.pdf-26261080","ready":true,"source":"disabled","normalReady":true,"cutoverTs":"2026-05-18T02:05:48.746+00:00","count":null,"calloutCount":null,"firstPaintGate":true}
[SVGAnnotationLayer] setRotInputVisible(false) reason=no single rotation target selected
[SVGAnnotationLayer] setRotInputVisible(false) reason=no single rotation target selected
[AnnotationHydrationGate][first-page] {"documentId":"00e1cde9-449b-4771-9743-37bd604557a9","pdfId":"SE-011 Security Shop Drawing Rev2 - 05.06.25.pdf-26261080","pageNumber":1,"ready":true,"visualCoverActive":false,"normal":{"documentId":"00e1cde9-449b-4771-9743-37bd604557a9","pdfId":"SE-011 Security Shop Drawing Rev2 - 05.06.25.pdf-26261080","ready":true,"source":"disabled","normalReady":true,"cutoverTs":"2026-05-18T02:05:48.746+00:00","count":null,"calloutCount":null,"firstPaintGate":true},"survey":{"ready":true,"source":"supabase-highlight","documentId":"00e1cde9-449b-4771-9743-37bd604557a9","pdfId":"SE-011 Security Shop Drawing Rev2 - 05.06.25.pdf-26261080","count":2}}
[AnnotationHydrationGate][visual-cover] {"documentId":"00e1cde9-449b-4771-9743-37bd604557a9","pdfId":"SE-011 Security Shop Drawing Rev2 - 05.06.25.pdf-26261080","pageNumber":1,"active":false,"reason":"hydration-ready"}
console.warn @ [SPACES_REORDER_DEBUG:spaces-panel-mounted] {"spacesCount":2,"spaceIds":["1779826930314-tyid64u4f","1779826922393-tt6gyhm5q"],"spaceNames":["2","Space 1"]}
console.warn @ [SPACES_REORDER_DEBUG:spaces-panel-mounted] {"spacesCount":2,"spaceIds":["1779826930314-tyid64u4f","1779826922393-tt6gyhm5q"],"spaceNames":["2","Space 1"]}
console.warn @ [SPACES_REORDER_DEBUG:spaces-panel-mounted] {"spacesCount":2,"spaceIds":["1779826930314-tyid64u4f","1779826922393-tt6gyhm5q"],"spaceNames":["2","Space 1"]}
console.warn @ [SPACES_REORDER_DEBUG:spaces-panel-mounted] {"spacesCount":2,"spaceIds":["1779826930314-tyid64u4f","1779826922393-tt6gyhm5q"],"spaceNames":["2","Space 1"]}
console.warn @ [SPACES_REORDER_DEBUG:spaces-panel-mounted] {"spacesCount":2,"spaceIds":["1779826930314-tyid64u4f","1779826922393-tt6gyhm5q"],"spaceNames":["2","Space 1"]}
console.warn @ [SPACES_REORDER_DEBUG:spaces-panel-mounted] {"spacesCount":2,"spaceIds":["1779826930314-tyid64u4f","1779826922393-tt6gyhm5q"],"spaceNames":["2","Space 1"]}
console.warn @ [SPACES_REORDER_DEBUG:spaces-panel-mounted] {"spacesCount":2,"spaceIds":["1779826930314-tyid64u4f","1779826922393-tt6gyhm5q"],"spaceNames":["2","Space 1"]}
console.warn @ [SPACES_REORDER_DEBUG:spaces-panel-mounted] {"spacesCount":2,"spaceIds":["1779826930314-tyid64u4f","1779826922393-tt6gyhm5q"],"spaceNames":["2","Space 1"]}
console.warn @ [SPACES_REORDER_DEBUG:spaces-panel-mounted] {"spacesCount":2,"spaceIds":["1779826930314-tyid64u4f","1779826922393-tt6gyhm5q"],"spaceNames":["2","Space 1"]}
console.warn @ [SPACES_REORDER_DEBUG:spaces-panel-mounted] {"spacesCount":2,"spaceIds":["1779826930314-tyid64u4f","1779826922393-tt6gyhm5q"],"spaceNames":["2","Space 1"]}
console.warn @ [SPACES_REORDER_DEBUG:spaces-panel-mounted] {"spacesCount":2,"spaceIds":["1779826930314-tyid64u4f","1779826922393-tt6gyhm5q"],"spaceNames":["2","Space 1"]}
console.warn @ [SPACES_REORDER_DEBUG:spaces-panel-mounted] {"spacesCount":2,"spaceIds":["1779826930314-tyid64u4f","1779826922393-tt6gyhm5q"],"spaceNames":["2","Space 1"]}
console.error @ The above error occurred in the <SortableRearrangeRow> component:

    at SortableRearrangeRow (http://localhost:5173/src/reorder/SortableRearrangeList.jsx?t=1779851589102:259:3)
    at div
    at SortableContext (http://localhost:5173/node_modules/.vite/deps/@dnd-kit_sortable.js?v=cce76195:274:5)
    at DndContext2 (http://localhost:5173/node_modules/.vite/deps/chunk-A3CVWB2O.js?v=dfa4c8b2:2537:5)
    at SortableRearrangeList (http://localhost:5173/src/reorder/SortableRearrangeList.jsx?t=1779851589102:53:3)
    at div
    at div
    at section
    at div
    at div
    at div
    at main
    at div
    at div
    at HubShell (http://localhost:5173/src/home/HubShell.jsx?t=1779668220408:594:28)
    at TemplatesEditor (http://localhost:5173/src/home/TemplatesEditor.jsx?t=1779853156676:834:3)
    at SurveyHub (http://localhost:5173/src/home/SurveyHub.jsx?t=1779848260909:36:3)
    at Dashboard2 (http://localhost:5173/src/App.jsx?t=1779848271781:2302:66)
    at div
    at div
    at div
    at div
    at App (http://localhost:5173/src/App.jsx?t=1779848271781:41775:151)
    at MSGraphProvider (http://localhost:5173/src/contexts/MSGraphContext.jsx?t=1779665567292:65:35)
    at AuthProvider (http://localhost:5173/src/contexts/AuthContext.jsx?t=1779665567292:38:32)
    at ErrorBoundary (http://localhost:5173/src/components/ErrorBoundary.jsx?t=1779696635739:31:5)

React will try to recreate this component tree from scratch using the error boundary you provided, ErrorBoundary.
console.error @ ErrorBoundary caught an error: {"name":"ReferenceError","message":"categoryDragHeightLock is not defined","stack":"ReferenceError: categoryDragHeightLock is not defined\n    at children (http://localhost:5173/src/home/TemplatesEditor.jsx?t=1779853156676:2156:50)\n    at SortableRearrangeRow (http://localhost:5173/src/reorder/SortableRearrangeList.jsx?t=1779851589102:291:12)\n    at renderWithHooks (http://localhost:5173/node_modules/.vite/deps/chunk-DSUIPI7G.js?v=dfa4c8b2:18426:26)\n    at mountIndeterminateComponent (http://localhost:5173/node_modules/.vite/deps/chunk-DSUIPI7G.js?v=dfa4c8b2:21804:21)\n    at beginWork (http://localhost:5173/node_modules/.vite/deps/chunk-DSUIPI7G.js?v=dfa4c8b2:22792:22)\n    at beginWork$1 (http://localhost:5173/node_modules/.vite/deps/chunk-DSUIPI7G.js?v=dfa4c8b2:26631:22)\n    at performUnitOfWork (http://localhost:5173/node_modules/.vite/deps/chunk-DSUIPI7G.js?v=dfa4c8b2:26076:20)\n    at workLoopSync (http://localhost:5173/node_modules/.vite/deps/chunk-DSUIPI7G.js?v=dfa4c8b2:26015:13)\n    at renderRootSync (http://localhost:5173/node_modules/.vite/deps/chunk-DSUIPI7G.js?v=dfa4c8b2:25994:15)\n    at recoverFromConcurrentError (http://localhost:5173/node_modules/.vite/deps/chunk-DSUIPI7G.js?v=dfa4c8b2:25614:28)","cause":null} {"componentStack":"\n    at SortableRearrangeRow (http://localhost:5173/src/reorder/SortableRearrangeList.jsx?t=1779851589102:259:3)\n    at div\n    at SortableContext (http://localhost:5173/node_modules/.vite/deps/@dnd-kit_sortable.js?v=cce76195:274:5)\n    at DndContext2 (http://localhost:5173/node_modules/.vite/deps/chunk-A3CVWB2O.js?v=dfa4c8b2:2537:5)\n    at SortableRearrangeList (http://localhost:5173/src/reorder/SortableRearrangeList.jsx?t=1779851589102:53:3)\n    at div\n    at div\n    at section\n    at div\n    at div\n    at div\n    at main\n    at div\n    at div\n    at HubShell (http://localhost:5173/src/home/HubShell.jsx?t=1779668220408:594:28)\n    at TemplatesEditor (http://localhost:5173/src/home/TemplatesEditor.jsx?t=1779853156676:834:3)\n    at SurveyHub (http://localhost:5173/src/home/SurveyHub.jsx?t=1779848260909:36:3)\n    at Dashboard2 (http://localhost:5173/src/App.jsx?t=1779848271781:2302:66)\n    at div\n    at div\n    at div\n    at div\n    at App (http://localhost:5173/src/App.jsx?t=1779848271781:41775:151)\n    at MSGraphProvider (http://localhost:5173/src/contexts/MSGraphContext.jsx?t=1779665567292:65:35)\n    at AuthProvider (http://localhost:5173/src/contexts/AuthContext.jsx?t=1779665567292:38:32)\n    at ErrorBoundary (http://localhost:5173/src/components/ErrorBoundary.jsx?t=1779696635739:31:5)"}
console.error @ The above error occurred in the <SortableRearrangeRow> component:

    at SortableRearrangeRow (http://localhost:5173/src/reorder/SortableRearrangeList.jsx?t=1779851589102:259:3)
    at div
    at SortableContext (http://localhost:5173/node_modules/.vite/deps/@dnd-kit_sortable.js?v=cce76195:274:5)
    at DndContext2 (http://localhost:5173/node_modules/.vite/deps/chunk-A3CVWB2O.js?v=dfa4c8b2:2537:5)
    at SortableRearrangeList (http://localhost:5173/src/reorder/SortableRearrangeList.jsx?t=1779851589102:53:3)
    at div
    at div
    at section
    at div
    at div
    at div
    at main
    at div
    at div
    at HubShell (http://localhost:5173/src/home/HubShell.jsx?t=1779668220408:594:28)
    at TemplatesEditor (http://localhost:5173/src/home/TemplatesEditor.jsx?t=1779853156676:834:3)
    at SurveyHub (http://localhost:5173/src/home/SurveyHub.jsx?t=1779848260909:36:3)
    at Dashboard2 (http://localhost:5173/src/App.jsx?t=1779848271781:2302:66)
    at div
    at div
    at div
    at div
    at App (http://localhost:5173/src/App.jsx?t=1779848271781:41775:151)
    at MSGraphProvider (http://localhost:5173/src/contexts/MSGraphContext.jsx?t=1779665567292:65:35)
    at AuthProvider (http://localhost:5173/src/contexts/AuthContext.jsx?t=1779665567292:38:32)
    at ErrorBoundary (http://localhost:5173/src/components/ErrorBoundary.jsx?t=1779696635739:31:5)

React will try to recreate this component tree from scratch using the error boundary you provided, ErrorBoundary.
console.error @ ErrorBoundary caught an error: {"name":"ReferenceError","message":"categoryDragHeightLock is not defined","stack":"ReferenceError: categoryDragHeightLock is not defined\n    at children (http://localhost:5173/src/home/TemplatesEditor.jsx?t=1779853156676:2156:50)\n    at SortableRearrangeRow (http://localhost:5173/src/reorder/SortableRearrangeList.jsx?t=1779851589102:291:12)\n    at renderWithHooks (http://localhost:5173/node_modules/.vite/deps/chunk-DSUIPI7G.js?v=dfa4c8b2:18426:26)\n    at mountIndeterminateComponent (http://localhost:5173/node_modules/.vite/deps/chunk-DSUIPI7G.js?v=dfa4c8b2:21804:21)\n    at beginWork (http://localhost:5173/node_modules/.vite/deps/chunk-DSUIPI7G.js?v=dfa4c8b2:22792:22)\n    at beginWork$1 (http://localhost:5173/node_modules/.vite/deps/chunk-DSUIPI7G.js?v=dfa4c8b2:26631:22)\n    at performUnitOfWork (http://localhost:5173/node_modules/.vite/deps/chunk-DSUIPI7G.js?v=dfa4c8b2:26076:20)\n    at workLoopSync (http://localhost:5173/node_modules/.vite/deps/chunk-DSUIPI7G.js?v=dfa4c8b2:26015:13)\n    at renderRootSync (http://localhost:5173/node_modules/.vite/deps/chunk-DSUIPI7G.js?v=dfa4c8b2:25994:15)\n    at recoverFromConcurrentError (http://localhost:5173/node_modules/.vite/deps/chunk-DSUIPI7G.js?v=dfa4c8b2:25614:28)","cause":null} {"componentStack":"\n    at SortableRearrangeRow (http://localhost:5173/src/reorder/SortableRearrangeList.jsx?t=1779851589102:259:3)\n    at div\n    at SortableContext (http://localhost:5173/node_modules/.vite/deps/@dnd-kit_sortable.js?v=cce76195:274:5)\n    at DndContext2 (http://localhost:5173/node_modules/.vite/deps/chunk-A3CVWB2O.js?v=dfa4c8b2:2537:5)\n    at SortableRearrangeList (http://localhost:5173/src/reorder/SortableRearrangeList.jsx?t=1779851589102:53:3)\n    at div\n    at div\n    at section\n    at div\n    at div\n    at div\n    at main\n    at div\n    at div\n    at HubShell (http://localhost:5173/src/home/HubShell.jsx?t=1779668220408:594:28)\n    at TemplatesEditor (http://localhost:5173/src/home/TemplatesEditor.jsx?t=1779853156676:834:3)\n    at SurveyHub (http://localhost:5173/src/home/SurveyHub.jsx?t=1779848260909:36:3)\n    at Dashboard2 (http://localhost:5173/src/App.jsx?t=1779848271781:2302:66)\n    at div\n    at div\n    at div\n    at div\n    at App (http://localhost:5173/src/App.jsx?t=1779848271781:41775:151)\n    at MSGraphProvider (http://localhost:5173/src/contexts/MSGraphContext.jsx?t=1779665567292:65:35)\n    at AuthProvider (http://localhost:5173/src/contexts/AuthContext.jsx?t=1779665567292:38:32)\n    at ErrorBoundary (http://localhost:5173/src/components/ErrorBoundary.jsx?t=1779696635739:31:5)"}
[dev-auto-login] boot {"hasDevEmail":true,"devEmailHint":"isai***","hasDevPassword":true,"hasCachedSession":true,"devAutoLoginSuppressed":false,"cachedSessionEmail":"isaiahcalvo123@gmail.com","cachedSessionExpiresAt":1779855866}
[dev-auto-login] cached session matches dev email, keeping it
[dev-auto-login] decision {"needsAutoLogin":false,"devAutoLoginSuppressed":false,"willAttemptSignIn":false}