===== SurveyApp Save Log =====
version:   0.1.46
runtime:   dev-server
platform:  desktop
device:    Mac
os:        macOS 10.15.7
screen:    1512x982 @2x
viewport:  1203x822
locale:    en-US
timestamp: 2026-05-28T02:19:00.578Z (5/27/2026, 10:19:00 PM)
==============================
[dev-auto-login] boot {"hasDevEmail":true,"devEmailHint":"isai***","hasDevPassword":true,"hasCachedSession":true,"cachedSessionEmail":"isaiahcalvo123@gmail.com","cachedSessionExpiresAt":1779930963}
[dev-auto-login] cached session matches dev email, keeping it
[dev-auto-login] decision {"needsAutoLogin":false,"willAttemptSignIn":false}
[CloudSync][hook] session id minted {"sessionId":"53d890dc-7803-4ae5-8b50-4a7ae46b9b9a"}
[AnnotationHydrationGate][survey] supabase surveyMarkers start {"documentId":"00e1cde9-449b-4771-9743-37bd604557a9","pdfId":"SE-011 Security Shop Drawing Rev2 - 05.06.25.pdf-26261080","requestId":1,"preservedCount":0}
[CloudSync][hook][state-obs] annotationsByPage initial {"currentCount":0,"pages":0,"hydrated":false}
[CloudSync][hook][state-obs] callouts initial {"currentCount":0,"hydrated":false}
[CloudSync][hook] hydrate effect fired {"enabled":false,"hydrateEnabled":true,"documentId":"00e1cde9-449b-4771-9743-37bd604557a9","userId":"170d915c-5741-4e0b-b03f-deaeedae27bd","pdfId":null}
[CloudSync][hook] hydrate skipped — missing prerequisite {"hydrateEnabled":true,"hasDocumentId":true,"hasUserId":true,"hasPdfId":false}
[AnnotationHydrationGate][normal] {"documentId":"00e1cde9-449b-4771-9743-37bd604557a9","pdfId":null,"ready":false,"source":"missing-prerequisite","normalReady":false,"cutoverTs":null,"count":null,"calloutCount":null,"firstPaintGate":true}
[AnnotationHydrationGate][first-page] {"documentId":"00e1cde9-449b-4771-9743-37bd604557a9","pdfId":null,"pageNumber":1,"ready":true,"visualCoverActive":false,"normal":{"documentId":"00e1cde9-449b-4771-9743-37bd604557a9","pdfId":null,"ready":false,"source":"pending","firstPaintGate":true},"survey":{"ready":true,"source":"local"}}
[AnnotationHydrationGate][visual-cover] {"documentId":"00e1cde9-449b-4771-9743-37bd604557a9","pdfId":null,"pageNumber":1,"active":false,"reason":"hydration-ready"}
[Cloud render cache] doc=SE-011 Security Shop Drawing Rev2 - 05.06.25.pdf-26261080 painting verified cloud snapshot immediately — count=533.
[CSeries wipe] doc=SE-011 Security Shop Drawing Rev2 - 05.06.25.pdf-26261080 totalCounters=11 legacyRemoved=0 — nothing to wipe.
[Phase31 UAT] backfill:effect {"hasYdoc":true,"docId":"00e1cde9-449b-4771-9743-37bd604557a9","userId":null,"alreadyRanFor":null,"willRun":false}
[CloudSync][hook] hydrate effect fired {"enabled":false,"hydrateEnabled":true,"documentId":"00e1cde9-449b-4771-9743-37bd604557a9","userId":"170d915c-5741-4e0b-b03f-deaeedae27bd","pdfId":"SE-011 Security Shop Drawing Rev2 - 05.06.25.pdf-26261080"}
[AnnotationHydrationGate][normal] {"documentId":"00e1cde9-449b-4771-9743-37bd604557a9","pdfId":"SE-011 Security Shop Drawing Rev2 - 05.06.25.pdf-26261080","ready":false,"source":"starting","normalReady":false,"cutoverTs":null,"count":null,"calloutCount":null,"firstPaintGate":true}
[CloudSync][hook] stage=hydrating
[AnnotationHydrationGate][first-page] {"documentId":"00e1cde9-449b-4771-9743-37bd604557a9","pdfId":"SE-011 Security Shop Drawing Rev2 - 05.06.25.pdf-26261080","pageNumber":1,"ready":true,"visualCoverActive":false,"normal":{"documentId":"00e1cde9-449b-4771-9743-37bd604557a9","pdfId":null,"ready":false,"source":"missing-prerequisite","normalReady":false,"cutoverTs":null,"count":null,"calloutCount":null,"firstPaintGate":true},"survey":{"ready":false,"source":"supabase-highlight-starting","documentId":"00e1cde9-449b-4771-9743-37bd604557a9","pdfId":"SE-011 Security Shop Drawing Rev2 - 05.06.25.pdf-26261080"}}
[AnnotationHydrationGate][visual-cover] {"documentId":"00e1cde9-449b-4771-9743-37bd604557a9","pdfId":"SE-011 Security Shop Drawing Rev2 - 05.06.25.pdf-26261080","pageNumber":1,"active":false,"reason":"hydration-ready"}
[AnnotationHydrationGate][first-page] {"documentId":"00e1cde9-449b-4771-9743-37bd604557a9","pdfId":"SE-011 Security Shop Drawing Rev2 - 05.06.25.pdf-26261080","pageNumber":1,"ready":true,"visualCoverActive":false,"normal":{"documentId":"00e1cde9-449b-4771-9743-37bd604557a9","pdfId":"SE-011 Security Shop Drawing Rev2 - 05.06.25.pdf-26261080","ready":false,"source":"starting","normalReady":false,"cutoverTs":null,"count":null,"calloutCount":null,"firstPaintGate":true},"survey":{"ready":false,"source":"supabase-highlight-starting","documentId":"00e1cde9-449b-4771-9743-37bd604557a9","pdfId":"SE-011 Security Shop Drawing Rev2 - 05.06.25.pdf-26261080"}}
[AnnotationHydrationGate][visual-cover] {"documentId":"00e1cde9-449b-4771-9743-37bd604557a9","pdfId":"SE-011 Security Shop Drawing Rev2 - 05.06.25.pdf-26261080","pageNumber":1,"active":false,"reason":"hydration-ready"}
[Phase31 UAT] backfill:effect {"hasYdoc":true,"docId":"00e1cde9-449b-4771-9743-37bd604557a9","userId":"170d915c-5741-4e0b-b03f-deaeedae27bd","alreadyRanFor":null,"willRun":true}
[Phase31 UAT] backfill:start {"hasYdoc":true,"hasSupabase":true,"documentId":"00e1cde9-449b-4771-9743-37bd604557a9","userId":"170d915c-5741-4e0b-b03f-deaeedae27bd","markCutoverComplete":true}
[CloudSync][hook] cutover-complete hydrate — reading from Y.Doc {"documentId":"00e1cde9-449b-4771-9743-37bd604557a9","cutoverTs":"2026-05-27T22:16:33.47+00:00"}
[Phase31 UAT] hydrate:cutover-sealed {"documentId":"00e1cde9-449b-4771-9743-37bd604557a9","pdfId":"SE-011 Security Shop Drawing Rev2 - 05.06.25.pdf-26261080","cutoverTs":"2026-05-27T22:16:33.47+00:00","yMapSize":533,"yMapCalloutsSize":0,"materializedTotal":533,"materializedCallouts":0,"materializedDrawnByMe":0,"materializedDrawnByOthers":533,"materializedImported":0,"pages":1,"perPage":{"1":533},"currentStateCount":533,"ydocLooksDegenerate":false}
[Phase31 UAT] hydrate:cutover-sealed:by-type {"documentId":"00e1cde9-449b-4771-9743-37bd604557a9","pdfFile":"SE-011 Security Shop Drawing Rev2 - 05.06.25.pdf-26261080","viewerUserId":"170d915c-5741-4e0b-b03f-deaeedae27bd","yMapTotal":533,"yMapCalloutsTotal":0,"yMapByType":{"path":10,"polygon":1,"rect":494,"ellipse":4,"textbox":9,"circle":11,"line":4},"yMapByAuthor":{"byMe":0,"byOthers":0,"anonymous":533},"yMapByTypeByAuthor":{"path":{"byMe":0,"byOthers":0,"anonymous":10},"polygon":{"byMe":0,"byOthers":0,"anonymous":1},"rect":{"byMe":0,"byOthers":0,"anonymous":494},"ellipse":{"byMe":0,"byOthers":0,"anonymous":4},"textbox":{"byMe":0,"byOthers":0,"anonymous":9},"circle":{"byMe":0,"byOthers":0,"anonymous":11},"line":{"byMe":0,"byOthers":0,"anonymous":4}},"yMapPerTypePerPage":{"path":{"unknown":10},"polygon":{"unknown":1},"rect":{"unknown":494},"ellipse":{"unknown":4},"textbox":{"unknown":9},"circle":{"unknown":11},"line":{"unknown":4}},"byPageTotal":533,"byPageByType":{"path":10,"polygon":1,"rect":494,"ellipse":4,"textbox":9,"circle":11,"line":4},"byPagePerPagePerType":{"1":{"path":10,"polygon":1,"rect":494,"ellipse":4,"textbox":9,"circle":11,"line":4}}}
[CloudSync][hydrate] loadAllNonSurveyMarkerAnnotations start {"documentId":"00e1cde9-449b-4771-9743-37bd604557a9"}
[Phase31 UAT] backfill:cutover-dedupe-anchor-skip {"documentId":"00e1cde9-449b-4771-9743-37bd604557a9","userId":"170d915c-5741-4e0b-b03f-deaeedae27bd","yMapSize":533,"lastGoodSize":532}
[crdtDedupePdfImports] removed 1 duplicate PDF-imported annotations across 10 unique signatures
console.warn @ [CloudSync][hook] dedupe-resync skipped unsafe shrink {"documentId":"00e1cde9-449b-4771-9743-37bd604557a9","removed":1,"currentCount":533,"resyncCount":532,"reason":"startup-shrink","shrink":1,"startupSyncInFlight":true,"hydrated":false}
[SURVEY-MARKER-SYNC][load.legacy][pdf=SE-011 Security Shop Drawing Rev2 - 05.06.25.pdf] {"documentId":"00e1cde9-449b-4771-9743-37bd604557a9","totalRows":2,"fabricCarryingDropped":0,"keptCount":2,"keptIds":["surveyMarker-1779904559372-qki2mfl7w","surveyMarker-1779904563488-f0nchrezn"]}
[AnnotationHydrationGate][survey] supabase surveyMarkers complete {"documentId":"00e1cde9-449b-4771-9743-37bd604557a9","pdfId":"SE-011 Security Shop Drawing Rev2 - 05.06.25.pdf-26261080","requestId":1,"count":2,"wasCancelledSameDocument":false,"durationMs":1619}
[AnnotationHydrationGate][first-page] {"documentId":"00e1cde9-449b-4771-9743-37bd604557a9","pdfId":"SE-011 Security Shop Drawing Rev2 - 05.06.25.pdf-26261080","pageNumber":1,"ready":true,"visualCoverActive":false,"normal":{"documentId":"00e1cde9-449b-4771-9743-37bd604557a9","pdfId":"SE-011 Security Shop Drawing Rev2 - 05.06.25.pdf-26261080","ready":false,"source":"starting","normalReady":false,"cutoverTs":null,"count":null,"calloutCount":null,"firstPaintGate":true},"survey":{"ready":true,"source":"supabase-highlight","documentId":"00e1cde9-449b-4771-9743-37bd604557a9","pdfId":"SE-011 Security Shop Drawing Rev2 - 05.06.25.pdf-26261080","count":2,"durationMs":1619}}
[AnnotationHydrationGate][visual-cover] {"documentId":"00e1cde9-449b-4771-9743-37bd604557a9","pdfId":"SE-011 Security Shop Drawing Rev2 - 05.06.25.pdf-26261080","pageNumber":1,"active":false,"reason":"hydration-ready"}
[PDFImport] skipped embedded PDF annotation import — cloud/Y.Doc is authoritative {"documentId":"00e1cde9-449b-4771-9743-37bd604557a9"}
[CloudSync][hook] fabric push skipped — not hydrated yet
[CloudSync][hook] callout push skipped — not hydrated yet
[CloudSync][realtime] subscribing {"documentId":"00e1cde9-449b-4771-9743-37bd604557a9","currentUserId":"170d915c-5741-4e0b-b03f-deaeedae27bd","currentSessionId":"53d890dc-7803-4ae5-8b50-4a7ae46b9b9a","hasFabricInsert":true,"hasFabricUpdate":true,"hasFabricDelete":true,"hasCalloutInsert":true,"hasCalloutUpdate":true,"hasCalloutDelete":true}
[CloudSync][realtime] subscribe status {"status":"SUBSCRIBED","error":null}
console.warn @ [CloudSync][cutover-recovery] local cutover view is empty — probing Supabase durable snapshot {"contextLabel":"cutover-post-subscribe-empty-view-recovery","documentId":"00e1cde9-449b-4771-9743-37bd604557a9","pdfId":"SE-011 Security Shop Drawing Rev2 - 05.06.25.pdf-26261080","cutoverTs":"2026-05-27T22:16:33.47+00:00"}
[CloudSync][hydrate] loadAllNonSurveyMarkerAnnotations start {"documentId":"00e1cde9-449b-4771-9743-37bd604557a9"}
[CloudSync][hydrate] loadAllNonSurveyMarkerAnnotations ok {"elapsedMs":652,"totalRowsScanned":533,"scanned":{"nonSurveyMarker":533,"legacyFabricSurveyMarkers":0},"totalRows":533,"rowsByType":{"circle":4,"freetext":9,"counter":11,"line":4,"ink":10,"square":494,"polygon":1},"pagesWithObjects":1,"calloutCount":0}
[CloudSync][verify] first read summary {"contextLabel":"cutover-source-of-truth","documentId":"00e1cde9-449b-4771-9743-37bd604557a9","elapsedMs":653,"firstFabricPages":1,"firstFabricObjects":533,"firstCallouts":0,"firstEmpty":false,"localFabricCount":533,"localCalloutCount":0,"localHasData":true,"willVerify":false}
[CloudSync][source-of-truth] cutover initial hydrate selected Supabase durable snapshot {"documentId":"00e1cde9-449b-4771-9743-37bd604557a9","pdfId":"SE-011 Security Shop Drawing Rev2 - 05.06.25.pdf-26261080","cutoverTs":"2026-05-27T22:16:33.47+00:00","ydocFabricCount":533,"ydocCalloutCount":0,"supabaseFabricCount":533,"supabaseCalloutCount":0,"rule":"Supabase durable snapshot wins initial load; Y.Doc is reshaped for live collaboration"}
[Phase31 UAT] save:fan-out done {"documentId":"00e1cde9-449b-4771-9743-37bd604557a9","pdfId":"SE-011 Security Shop Drawing Rev2 - 05.06.25.pdf-26261080","userId":"170d915c-5741-4e0b-b03f-deaeedae27bd","actionType":null,"dispatched":533,"yDocUpdateCount":533,"detected":533,"skippedSurveyMarkerOrCallout":0,"skippedOtherType":0,"rawTypeBreakdown":{"ellipse":4,"textbox":9,"counter":11,"line":1,"arrow":3,"pen":8,"highlighter":1,"rect":494,"polygon":1,"path":1},"resolvedTypeBreakdown":{"circle":4,"freetext":9,"counter":11,"line":4,"ink":10,"square":494,"polygon":1},"skipReasons":{},"skipSamples":[],"yMapSizeAfter":533}
[CloudSync][hook] callout Y.Doc fan-out done {"documentId":"00e1cde9-449b-4771-9743-37bd604557a9","pdfId":"SE-011 Security Shop Drawing Rev2 - 05.06.25.pdf-26261080","userId":"170d915c-5741-4e0b-b03f-deaeedae27bd","actionType":"callout:delta","upserted":0,"deleted":0,"yDocUpdateCount":0,"yMapCalloutsSizeAfter":0}
[AnnotationHydrationGate][normal] {"documentId":"00e1cde9-449b-4771-9743-37bd604557a9","pdfId":"SE-011 Security Shop Drawing Rev2 - 05.06.25.pdf-26261080","ready":true,"source":"supabase-durable-snapshot","normalReady":true,"cutoverTs":"2026-05-27T22:16:33.47+00:00","count":533,"calloutCount":0,"firstPaintGate":true}
[AnnotationHydrationGate][first-page] {"documentId":"00e1cde9-449b-4771-9743-37bd604557a9","pdfId":"SE-011 Security Shop Drawing Rev2 - 05.06.25.pdf-26261080","pageNumber":1,"ready":true,"visualCoverActive":false,"normal":{"documentId":"00e1cde9-449b-4771-9743-37bd604557a9","pdfId":"SE-011 Security Shop Drawing Rev2 - 05.06.25.pdf-26261080","ready":true,"source":"supabase-durable-snapshot","normalReady":true,"cutoverTs":"2026-05-27T22:16:33.47+00:00","count":533,"calloutCount":0,"firstPaintGate":true},"survey":{"ready":true,"source":"supabase-highlight","documentId":"00e1cde9-449b-4771-9743-37bd604557a9","pdfId":"SE-011 Security Shop Drawing Rev2 - 05.06.25.pdf-26261080","count":2,"durationMs":1619}}
[AnnotationHydrationGate][visual-cover] {"documentId":"00e1cde9-449b-4771-9743-37bd604557a9","pdfId":"SE-011 Security Shop Drawing Rev2 - 05.06.25.pdf-26261080","pageNumber":1,"active":false,"reason":"hydration-ready"}
[CloudSync][hydrate] loadAllNonSurveyMarkerAnnotations ok {"elapsedMs":572,"totalRowsScanned":533,"scanned":{"nonSurveyMarker":533,"legacyFabricSurveyMarkers":0},"totalRows":533,"rowsByType":{"circle":4,"freetext":9,"counter":11,"line":4,"ink":10,"square":494,"polygon":1},"pagesWithObjects":1,"calloutCount":0}
[CloudSync][verify] first read summary {"contextLabel":"cutover-post-subscribe-empty-view-recovery","documentId":"00e1cde9-449b-4771-9743-37bd604557a9","elapsedMs":573,"firstFabricPages":1,"firstFabricObjects":533,"firstCallouts":0,"firstEmpty":false,"localFabricCount":0,"localCalloutCount":0,"localHasData":false,"willVerify":false}
console.warn @ [CloudSync][cutover-recovery] restored blank cutover view from Supabase durable snapshot {"contextLabel":"cutover-post-subscribe-empty-view-recovery","documentId":"00e1cde9-449b-4771-9743-37bd604557a9","pdfId":"SE-011 Security Shop Drawing Rev2 - 05.06.25.pdf-26261080","cutoverTs":"2026-05-27T22:16:33.47+00:00","cloudFabricCount":533,"cloudCalloutCount":0}
[AnnotationHydrationGate][normal] {"documentId":"00e1cde9-449b-4771-9743-37bd604557a9","pdfId":"SE-011 Security Shop Drawing Rev2 - 05.06.25.pdf-26261080","ready":true,"source":"cutover-durable-snapshot-recovery","normalReady":true,"cutoverTs":"2026-05-27T22:16:33.47+00:00","count":533,"calloutCount":0,"firstPaintGate":true}
[AnnotationHydrationGate][first-page] {"documentId":"00e1cde9-449b-4771-9743-37bd604557a9","pdfId":"SE-011 Security Shop Drawing Rev2 - 05.06.25.pdf-26261080","pageNumber":1,"ready":true,"visualCoverActive":false,"normal":{"documentId":"00e1cde9-449b-4771-9743-37bd604557a9","pdfId":"SE-011 Security Shop Drawing Rev2 - 05.06.25.pdf-26261080","ready":true,"source":"cutover-durable-snapshot-recovery","normalReady":true,"cutoverTs":"2026-05-27T22:16:33.47+00:00","count":533,"calloutCount":0,"firstPaintGate":true},"survey":{"ready":true,"source":"supabase-highlight","documentId":"00e1cde9-449b-4771-9743-37bd604557a9","pdfId":"SE-011 Security Shop Drawing Rev2 - 05.06.25.pdf-26261080","count":2,"durationMs":1619}}
[AnnotationHydrationGate][visual-cover] {"documentId":"00e1cde9-449b-4771-9743-37bd604557a9","pdfId":"SE-011 Security Shop Drawing Rev2 - 05.06.25.pdf-26261080","pageNumber":1,"active":false,"reason":"hydration-ready"}
[PDFCounterImport] summary {"marker":"survey-counter","metadataKey":"SurveyApp","counterAnnotationsImported":0,"plainCirclesImported":0,"counterMetadataParseFailures":0,"appCalloutMarker":"survey-callout","appCalloutMetadataKey":"SurveyAppCallout","appCalloutAnnotationsImported":0,"appCalloutPiecesSkipped":0}
[PDFAppLayerStateImport] summary {"found":false,"documentId":null,"exportId":null,"scopedAnnotationPages":0,"scopedCallouts":0,"surveyMarkers":0,"spaces":0}
[PDFImport] native layer policy {"documentId":"00e1cde9-449b-4771-9743-37bd604557a9","cloudAuthoritative":true,"reason":"cloud/Y.Doc annotations are authoritative; native PDF annotation layer is hidden when all renderable native annotations are accounted for by importer diagnostics.","pages":{"1":{"hideNativeLayer":true,"nativeRenderableAnnotationCount":2,"nativeOnlyAnnotationCount":0,"reason":"all-renderable-native-annotations-imported-as-editable-app-annotations"},"2":{"hideNativeLayer":false,"nativeRenderableAnnotationCount":0,"nativeOnlyAnnotationCount":0,"reason":"no-renderable-native-annotations"},"3":{"hideNativeLayer":false,"nativeRenderableAnnotationCount":0,"nativeOnlyAnnotationCount":0,"reason":"no-renderable-native-annotations"},"4":{"hideNativeLayer":false,"nativeRenderableAnnotationCount":0,"nativeOnlyAnnotationCount":0,"reason":"no-renderable-native-annotations"},"5":{"hideNativeLayer":false,"nativeRenderableAnnotationCount":0,"nativeOnlyAnnotationCount":0,"reason":"no-renderable-native-annotations"},"6":{"hideNativeLayer":false,"nativeRenderableAnnotationCount":0,"nativeOnlyAnnotationCount":0,"reason":"no-renderable-native-annotations"},"7":{"hideNativeLayer":false,"nativeRenderableAnnotationCount":0,"nativeOnlyAnnotationCount":0,"reason":"no-renderable-native-annotations"},"8":{"hideNativeLayer":false,"nativeRenderableAnnotationCount":0,"nativeOnlyAnnotationCount":0,"reason":"no-renderable-native-annotations"},"9":{"hideNativeLayer":false,"nativeRenderableAnnotationCount":0,"nativeOnlyAnnotationCount":0,"reason":"no-renderable-native-annotations"},"10":{"hideNativeLayer":false,"nativeRenderableAnnotationCount":0,"nativeOnlyAnnotationCount":0,"reason":"no-renderable-native-annotations"},"11":{"hideNativeLayer":false,"nativeRenderableAnnotationCount":0,"nativeOnlyAnnotationCount":0,"reason":"no-renderable-native-annotations"},"12":{"hideNativeLayer":false,"nativeRenderableAnnotationCount":0,"nativeOnlyAnnotationCount":0,"reason":"no-renderable-native-annotations"},"13":{"hideNativeLayer":false,"nativeRenderableAnnotationCount":0,"nativeOnlyAnnotationCount":0,"reason":"no-renderable-native-annotations"},"14":{"hideNativeLayer":false,"nativeRenderableAnnotationCount":0,"nativeOnlyAnnotationCount":0,"reason":"no-renderable-native-annotations"},"15":{"hideNativeLayer":false,"nativeRenderableAnnotationCount":0,"nativeOnlyAnnotationCount":0,"reason":"no-renderable-native-annotations"},"16":{"hideNativeLayer":false,"nativeRenderableAnnotationCount":0,"nativeOnlyAnnotationCount":0,"reason":"no-renderable-native-annotations"},"17":{"hideNativeLayer":false,"nativeRenderableAnnotationCount":0,"nativeOnlyAnnotationCount":0,"reason":"no-renderable-native-annotations"},"18":{"hideNativeLayer":false,"nativeRenderableAnnotationCount":0,"nativeOnlyAnnotationCount":0,"reason":"no-renderable-native-annotations"},"19":{"hideNativeLayer":false,"nativeRenderableAnnotationCount":0,"nativeOnlyAnnotationCount":0,"reason":"no-renderable-native-annotations"},"20":{"hideNativeLayer":false,"nativeRenderableAnnotationCount":0,"nativeOnlyAnnotationCount":0,"reason":"no-renderable-native-annotations"},"21":{"hideNativeLayer":false,"nativeRenderableAnnotationCount":0,"nativeOnlyAnnotationCount":0,"reason":"no-renderable-native-annotations"},"22":{"hideNativeLayer":false,"nativeRenderableAnnotationCount":0,"nativeOnlyAnnotationCount":0,"reason":"no-renderable-native-annotations"},"23":{"hideNativeLayer":false,"nativeRenderableAnnotationCount":0,"nativeOnlyAnnotationCount":0,"reason":"no-renderable-native-annotations"},"24":{"hideNativeLayer":false,"nativeRenderableAnnotationCount":0,"nativeOnlyAnnotationCount":0,"reason":"no-renderable-native-annotations"},"25":{"hideNativeLayer":false,"nativeRenderableAnnotationCount":0,"nativeOnlyAnnotationCount":0,"reason":"no-renderable-native-annotations"},"26":{"hideNativeLayer":false,"nativeRenderableAnnotationCount":0,"nativeOnlyAnnotationCount":0,"reason":"no-renderable-native-annotations"},"27":{"hideN... [truncated 24 chars]
[PrintPanel] RENDER — panel closed
[SVGAnnotationLayer] setRotInputVisible(false) reason=no single rotation target selected
[SVGAnnotationLayer] setRotInputVisible(false) reason=no single rotation target selected
[DebugBridge +10125.0ms] pdf_loaded {"pageCount":99,"currentPage":1}
[DebugBridge +10383.1ms] zoom_start {"scale":0.8799,"targetScale":0.9,"source":"zoomChange"}
[HyperlinkDiag] post-load scan {"hyperlinkCount":0,"samples":[]}
[HyperlinkDiag] page 1 layers {"hyperlinkChildren":0,"layerClasses":["DIV","e-spinner-pane e-spin-hide","e-pv-page-canvas","e-pv-annotation-canvas","DIV","IMG","IMG","IMG","IMG","e-pv-text-layer"]}
[HyperlinkDiag] page 2 layers {"hyperlinkChildren":0,"layerClasses":["DIV","e-spinner-pane e-spin-hide","e-pv-page-canvas","e-pv-annotation-canvas","DIV","IMG","e-pv-text-layer","IMG","IMG","IMG"]}
[HyperlinkDiag] page 3 layers {"hyperlinkChildren":0,"layerClasses":["DIV","e-spinner-pane e-spin-hide","e-pv-page-canvas","e-pv-annotation-canvas","DIV","e-pv-text-layer","IMG"]}
[HyperlinkDiag] page 4 layers {"hyperlinkChildren":0,"layerClasses":["DIV","e-spinner-pane e-spin-show","e-pv-page-canvas","e-pv-annotation-canvas","DIV"]}
[HyperlinkDiag] page 5 layers {"hyperlinkChildren":0,"layerClasses":["DIV","e-spinner-pane e-spin-show","e-pv-page-canvas","e-pv-annotation-canvas","DIV"]}
[HyperlinkDiag] page 6 layers {"hyperlinkChildren":0,"layerClasses":["DIV","e-spinner-pane e-spin-show","e-pv-page-canvas","e-pv-annotation-canvas","DIV"]}
[HyperlinkDiag] page 7 layers {"hyperlinkChildren":0,"layerClasses":["DIV","e-spinner-pane e-spin-show","e-pv-page-canvas","e-pv-annotation-canvas","DIV"]}
[HyperlinkDiag] page 8 layers {"hyperlinkChildren":0,"layerClasses":["DIV","e-spinner-pane e-spin-show","e-pv-page-canvas","e-pv-annotation-canvas","DIV"]}
[HyperlinkDiag] page 9 layers {"hyperlinkChildren":0,"layerClasses":["DIV","e-spinner-pane e-spin-show","e-pv-page-canvas","e-pv-annotation-canvas","DIV"]}
[HyperlinkDiag] page 10 layers {"hyperlinkChildren":0,"layerClasses":["DIV","e-spinner-pane e-spin-show","e-pv-page-canvas","e-pv-annotation-canvas","DIV"]}
[CloudSync][realtime] unsubscribing {"documentId":"00e1cde9-449b-4771-9743-37bd604557a9"}
[CloudSync][realtime] subscribe status {"status":"CLOSED","error":null}
[SVGAnnotationLayer] setRotInputVisible(false) reason=no single rotation target selected
[AnnotationHydrationGate][survey] supabase surveyMarkers start {"documentId":"00e1cde9-449b-4771-9743-37bd604557a9","pdfId":"SE-011 Security Shop Drawing Rev2 - 05.06.25.pdf-26261080","requestId":2,"preservedCount":2}
[CloudSync][hook] hydrate effect fired {"enabled":true,"hydrateEnabled":true,"documentId":"00e1cde9-449b-4771-9743-37bd604557a9","userId":"170d915c-5741-4e0b-b03f-deaeedae27bd","pdfId":"SE-011 Security Shop Drawing Rev2 - 05.06.25.pdf-26261080"}
[AnnotationHydrationGate][normal] {"documentId":"00e1cde9-449b-4771-9743-37bd604557a9","pdfId":"SE-011 Security Shop Drawing Rev2 - 05.06.25.pdf-26261080","ready":false,"source":"starting","normalReady":false,"cutoverTs":"2026-05-27T22:16:33.47+00:00","count":null,"calloutCount":null,"firstPaintGate":true}
[CloudSync][hook] stage=hydrating
[CloudSync][hook] fabric push skipped — not hydrated yet
[CloudSync][hook] callout push skipped — not hydrated yet
[CloudSync][realtime] subscribing {"documentId":"00e1cde9-449b-4771-9743-37bd604557a9","currentUserId":"170d915c-5741-4e0b-b03f-deaeedae27bd","currentSessionId":"53d890dc-7803-4ae5-8b50-4a7ae46b9b9a","hasFabricInsert":true,"hasFabricUpdate":true,"hasFabricDelete":true,"hasCalloutInsert":true,"hasCalloutUpdate":true,"hasCalloutDelete":true}
[AnnotationHydrationGate][first-page] {"documentId":"00e1cde9-449b-4771-9743-37bd604557a9","pdfId":"SE-011 Security Shop Drawing Rev2 - 05.06.25.pdf-26261080","pageNumber":1,"ready":true,"visualCoverActive":false,"normal":{"documentId":"00e1cde9-449b-4771-9743-37bd604557a9","pdfId":"SE-011 Security Shop Drawing Rev2 - 05.06.25.pdf-26261080","ready":true,"source":"cutover-durable-snapshot-recovery","normalReady":true,"cutoverTs":"2026-05-27T22:16:33.47+00:00","count":533,"calloutCount":0,"firstPaintGate":true},"survey":{"ready":true,"source":"supabase-highlight","documentId":"00e1cde9-449b-4771-9743-37bd604557a9","pdfId":"SE-011 Security Shop Drawing Rev2 - 05.06.25.pdf-26261080","count":2,"durationMs":1619}}
[AnnotationHydrationGate][visual-cover] {"documentId":"00e1cde9-449b-4771-9743-37bd604557a9","pdfId":"SE-011 Security Shop Drawing Rev2 - 05.06.25.pdf-26261080","pageNumber":1,"active":false,"reason":"hydration-ready"}
[Cloud render cache] doc=SE-011 Security Shop Drawing Rev2 - 05.06.25.pdf-26261080 painting verified cloud snapshot immediately — count=533.
[CSeries wipe] doc=SE-011 Security Shop Drawing Rev2 - 05.06.25.pdf-26261080 skip — wipe already ran this session.
[SVGAnnotationLayer] setRotInputVisible(false) reason=no single rotation target selected
[CloudSync][realtime] unsubscribing {"documentId":"00e1cde9-449b-4771-9743-37bd604557a9"}
[CloudSync][realtime] subscribe status {"status":"CLOSED","error":null}
[AnnotationHydrationGate][first-page] {"documentId":"00e1cde9-449b-4771-9743-37bd604557a9","pdfId":"SE-011 Security Shop Drawing Rev2 - 05.06.25.pdf-26261080","pageNumber":1,"ready":true,"visualCoverActive":false,"normal":{"documentId":"00e1cde9-449b-4771-9743-37bd604557a9","pdfId":"SE-011 Security Shop Drawing Rev2 - 05.06.25.pdf-26261080","ready":false,"source":"starting","normalReady":false,"cutoverTs":"2026-05-27T22:16:33.47+00:00","count":null,"calloutCount":null,"firstPaintGate":true},"survey":{"ready":false,"source":"supabase-highlight-starting","documentId":"00e1cde9-449b-4771-9743-37bd604557a9","pdfId":"SE-011 Security Shop Drawing Rev2 - 05.06.25.pdf-26261080"}}
[AnnotationHydrationGate][visual-cover] {"documentId":"00e1cde9-449b-4771-9743-37bd604557a9","pdfId":"SE-011 Security Shop Drawing Rev2 - 05.06.25.pdf-26261080","pageNumber":1,"active":false,"reason":"hydration-ready"}
[SURVEY-MARKER-SYNC][load.legacy][pdf=SE-011 Security Shop Drawing Rev2 - 05.06.25.pdf] {"documentId":"00e1cde9-449b-4771-9743-37bd604557a9","totalRows":2,"fabricCarryingDropped":0,"keptCount":2,"keptIds":["surveyMarker-1779904559372-qki2mfl7w","surveyMarker-1779904563488-f0nchrezn"]}
[AnnotationHydrationGate][survey] supabase surveyMarkers complete {"documentId":"00e1cde9-449b-4771-9743-37bd604557a9","pdfId":"SE-011 Security Shop Drawing Rev2 - 05.06.25.pdf-26261080","requestId":2,"count":2,"wasCancelledSameDocument":false,"durationMs":1215}
[AnnotationHydrationGate][first-page] {"documentId":"00e1cde9-449b-4771-9743-37bd604557a9","pdfId":"SE-011 Security Shop Drawing Rev2 - 05.06.25.pdf-26261080","pageNumber":1,"ready":true,"visualCoverActive":false,"normal":{"documentId":"00e1cde9-449b-4771-9743-37bd604557a9","pdfId":"SE-011 Security Shop Drawing Rev2 - 05.06.25.pdf-26261080","ready":false,"source":"starting","normalReady":false,"cutoverTs":"2026-05-27T22:16:33.47+00:00","count":null,"calloutCount":null,"firstPaintGate":true},"survey":{"ready":true,"source":"supabase-highlight","documentId":"00e1cde9-449b-4771-9743-37bd604557a9","pdfId":"SE-011 Security Shop Drawing Rev2 - 05.06.25.pdf-26261080","count":2,"durationMs":1216}}
[AnnotationHydrationGate][visual-cover] {"documentId":"00e1cde9-449b-4771-9743-37bd604557a9","pdfId":"SE-011 Security Shop Drawing Rev2 - 05.06.25.pdf-26261080","pageNumber":1,"active":false,"reason":"hydration-ready"}
[CloudSync][hook] cutover-complete hydrate — reading from Y.Doc {"documentId":"00e1cde9-449b-4771-9743-37bd604557a9","cutoverTs":"2026-05-27T22:16:33.47+00:00"}
[Phase31 UAT] hydrate:cutover-sealed {"documentId":"00e1cde9-449b-4771-9743-37bd604557a9","pdfId":"SE-011 Security Shop Drawing Rev2 - 05.06.25.pdf-26261080","cutoverTs":"2026-05-27T22:16:33.47+00:00","yMapSize":533,"yMapCalloutsSize":0,"materializedTotal":533,"materializedCallouts":0,"materializedDrawnByMe":1,"materializedDrawnByOthers":532,"materializedImported":0,"pages":1,"perPage":{"1":533},"currentStateCount":533,"ydocLooksDegenerate":false}
[Phase31 UAT] hydrate:cutover-sealed:by-type {"documentId":"00e1cde9-449b-4771-9743-37bd604557a9","pdfFile":"SE-011 Security Shop Drawing Rev2 - 05.06.25.pdf-26261080","viewerUserId":"170d915c-5741-4e0b-b03f-deaeedae27bd","yMapTotal":533,"yMapCalloutsTotal":0,"yMapByType":{"path":10,"polygon":1,"rect":494,"ellipse":4,"textbox":9,"circle":11,"line":4},"yMapByAuthor":{"byMe":1,"byOthers":0,"anonymous":532},"yMapByTypeByAuthor":{"path":{"byMe":1,"byOthers":0,"anonymous":9},"polygon":{"byMe":0,"byOthers":0,"anonymous":1},"rect":{"byMe":0,"byOthers":0,"anonymous":494},"ellipse":{"byMe":0,"byOthers":0,"anonymous":4},"textbox":{"byMe":0,"byOthers":0,"anonymous":9},"circle":{"byMe":0,"byOthers":0,"anonymous":11},"line":{"byMe":0,"byOthers":0,"anonymous":4}},"yMapPerTypePerPage":{"path":{"unknown":10},"polygon":{"unknown":1},"rect":{"unknown":494},"ellipse":{"unknown":4},"textbox":{"unknown":9},"circle":{"unknown":11},"line":{"unknown":4}},"byPageTotal":533,"byPageByType":{"path":10,"polygon":1,"rect":494,"ellipse":4,"textbox":9,"circle":11,"line":4},"byPagePerPagePerType":{"1":{"path":10,"polygon":1,"rect":494,"ellipse":4,"textbox":9,"circle":11,"line":4}}}
[CloudSync][hydrate] loadAllNonSurveyMarkerAnnotations start {"documentId":"00e1cde9-449b-4771-9743-37bd604557a9"}
[CloudSync][hook] fabric push skipped — not hydrated yet
[CloudSync][hook] callout push skipped — not hydrated yet
[CloudSync][realtime] subscribing {"documentId":"00e1cde9-449b-4771-9743-37bd604557a9","currentUserId":"170d915c-5741-4e0b-b03f-deaeedae27bd","currentSessionId":"53d890dc-7803-4ae5-8b50-4a7ae46b9b9a","hasFabricInsert":true,"hasFabricUpdate":true,"hasFabricDelete":true,"hasCalloutInsert":true,"hasCalloutUpdate":true,"hasCalloutDelete":true}
[CloudSync][realtime] subscribe status {"status":"SUBSCRIBED","error":null}
[CloudSync][cutover-recovery] skipped — local view is not empty {"contextLabel":"cutover-post-subscribe-empty-view-recovery","documentId":"00e1cde9-449b-4771-9743-37bd604557a9","pdfId":"SE-011 Security Shop Drawing Rev2 - 05.06.25.pdf-26261080","cutoverTs":"2026-05-27T22:16:33.47+00:00","localFabricCount":533,"localCalloutCount":0}
[CloudSync][hydrate] loadAllNonSurveyMarkerAnnotations ok {"elapsedMs":487,"totalRowsScanned":533,"scanned":{"nonSurveyMarker":533,"legacyFabricSurveyMarkers":0},"totalRows":533,"rowsByType":{"circle":4,"freetext":9,"counter":11,"line":4,"ink":10,"square":494,"polygon":1},"pagesWithObjects":1,"calloutCount":0}
[CloudSync][verify] first read summary {"contextLabel":"cutover-source-of-truth","documentId":"00e1cde9-449b-4771-9743-37bd604557a9","elapsedMs":489,"firstFabricPages":1,"firstFabricObjects":533,"firstCallouts":0,"firstEmpty":false,"localFabricCount":533,"localCalloutCount":0,"localHasData":true,"willVerify":false}
[CloudSync][source-of-truth] cutover initial hydrate selected Supabase durable snapshot {"documentId":"00e1cde9-449b-4771-9743-37bd604557a9","pdfId":"SE-011 Security Shop Drawing Rev2 - 05.06.25.pdf-26261080","cutoverTs":"2026-05-27T22:16:33.47+00:00","ydocFabricCount":533,"ydocCalloutCount":0,"supabaseFabricCount":533,"supabaseCalloutCount":0,"rule":"Supabase durable snapshot wins initial load; Y.Doc is reshaped for live collaboration"}
[UndoDiag] {"seq":3,"order":null,"at":"2026-05-28T00:29:44.074Z","event":"yjs_history_added","actionType":"undo","rawActionType":"undo","annotationType":"fabric","annotationId":"ink-1779059134630-7vbv4tt1i","pageNumber":null,"lane":"Yjs/CRDT history","receivedStack":"yjsUndoStack","chosenStack":null,"chosenLane":"Yjs/CRDT history","decisionReason":null,"undoDepth":1,"redoDepth":0}
[Phase31 UAT] save:fan-out done {"documentId":"00e1cde9-449b-4771-9743-37bd604557a9","pdfId":"SE-011 Security Shop Drawing Rev2 - 05.06.25.pdf-26261080","userId":"170d915c-5741-4e0b-b03f-deaeedae27bd","actionType":null,"dispatched":533,"yDocUpdateCount":533,"detected":533,"skippedSurveyMarkerOrCallout":0,"skippedOtherType":0,"rawTypeBreakdown":{"ellipse":4,"textbox":9,"counter":11,"line":1,"arrow":3,"pen":8,"highlighter":1,"rect":494,"polygon":1,"path":1},"resolvedTypeBreakdown":{"circle":4,"freetext":9,"counter":11,"line":4,"ink":10,"square":494,"polygon":1},"skipReasons":{},"skipSamples":[],"yMapSizeAfter":533}
[CloudSync][hook] callout Y.Doc fan-out done {"documentId":"00e1cde9-449b-4771-9743-37bd604557a9","pdfId":"SE-011 Security Shop Drawing Rev2 - 05.06.25.pdf-26261080","userId":"170d915c-5741-4e0b-b03f-deaeedae27bd","actionType":"callout:delta","upserted":0,"deleted":0,"yDocUpdateCount":0,"yMapCalloutsSizeAfter":0}
[AnnotationHydrationGate][normal] {"documentId":"00e1cde9-449b-4771-9743-37bd604557a9","pdfId":"SE-011 Security Shop Drawing Rev2 - 05.06.25.pdf-26261080","ready":true,"source":"supabase-durable-snapshot","normalReady":true,"cutoverTs":"2026-05-27T22:16:33.47+00:00","count":533,"calloutCount":0,"firstPaintGate":true}
[AnnotationHydrationGate][first-page] {"documentId":"00e1cde9-449b-4771-9743-37bd604557a9","pdfId":"SE-011 Security Shop Drawing Rev2 - 05.06.25.pdf-26261080","pageNumber":1,"ready":true,"visualCoverActive":false,"normal":{"documentId":"00e1cde9-449b-4771-9743-37bd604557a9","pdfId":"SE-011 Security Shop Drawing Rev2 - 05.06.25.pdf-26261080","ready":true,"source":"supabase-durable-snapshot","normalReady":true,"cutoverTs":"2026-05-27T22:16:33.47+00:00","count":533,"calloutCount":0,"firstPaintGate":true},"survey":{"ready":true,"source":"supabase-highlight","documentId":"00e1cde9-449b-4771-9743-37bd604557a9","pdfId":"SE-011 Security Shop Drawing Rev2 - 05.06.25.pdf-26261080","count":2,"durationMs":1216}}
[AnnotationHydrationGate][visual-cover] {"documentId":"00e1cde9-449b-4771-9743-37bd604557a9","pdfId":"SE-011 Security Shop Drawing Rev2 - 05.06.25.pdf-26261080","pageNumber":1,"active":false,"reason":"hydration-ready"}
[PDFImport] skipped embedded PDF annotation import — cloud/Y.Doc is authoritative {"documentId":"00e1cde9-449b-4771-9743-37bd604557a9"}
[PDFCounterImport] summary {"marker":"survey-counter","metadataKey":"SurveyApp","counterAnnotationsImported":0,"plainCirclesImported":0,"counterMetadataParseFailures":0,"appCalloutMarker":"survey-callout","appCalloutMetadataKey":"SurveyAppCallout","appCalloutAnnotationsImported":0,"appCalloutPiecesSkipped":0}
[PDFAppLayerStateImport] summary {"found":false,"documentId":null,"exportId":null,"scopedAnnotationPages":0,"scopedCallouts":0,"surveyMarkers":0,"spaces":0}
[PDFImport] native layer policy {"documentId":"00e1cde9-449b-4771-9743-37bd604557a9","cloudAuthoritative":true,"reason":"cloud/Y.Doc annotations are authoritative; native PDF annotation layer is hidden when all renderable native annotations are accounted for by importer diagnostics.","pages":{"1":{"hideNativeLayer":true,"nativeRenderableAnnotationCount":2,"nativeOnlyAnnotationCount":0,"reason":"all-renderable-native-annotations-imported-as-editable-app-annotations"},"2":{"hideNativeLayer":false,"nativeRenderableAnnotationCount":0,"nativeOnlyAnnotationCount":0,"reason":"no-renderable-native-annotations"},"3":{"hideNativeLayer":false,"nativeRenderableAnnotationCount":0,"nativeOnlyAnnotationCount":0,"reason":"no-renderable-native-annotations"},"4":{"hideNativeLayer":false,"nativeRenderableAnnotationCount":0,"nativeOnlyAnnotationCount":0,"reason":"no-renderable-native-annotations"},"5":{"hideNativeLayer":false,"nativeRenderableAnnotationCount":0,"nativeOnlyAnnotationCount":0,"reason":"no-renderable-native-annotations"},"6":{"hideNativeLayer":false,"nativeRenderableAnnotationCount":0,"nativeOnlyAnnotationCount":0,"reason":"no-renderable-native-annotations"},"7":{"hideNativeLayer":false,"nativeRenderableAnnotationCount":0,"nativeOnlyAnnotationCount":0,"reason":"no-renderable-native-annotations"},"8":{"hideNativeLayer":false,"nativeRenderableAnnotationCount":0,"nativeOnlyAnnotationCount":0,"reason":"no-renderable-native-annotations"},"9":{"hideNativeLayer":false,"nativeRenderableAnnotationCount":0,"nativeOnlyAnnotationCount":0,"reason":"no-renderable-native-annotations"},"10":{"hideNativeLayer":false,"nativeRenderableAnnotationCount":0,"nativeOnlyAnnotationCount":0,"reason":"no-renderable-native-annotations"},"11":{"hideNativeLayer":false,"nativeRenderableAnnotationCount":0,"nativeOnlyAnnotationCount":0,"reason":"no-renderable-native-annotations"},"12":{"hideNativeLayer":false,"nativeRenderableAnnotationCount":0,"nativeOnlyAnnotationCount":0,"reason":"no-renderable-native-annotations"},"13":{"hideNativeLayer":false,"nativeRenderableAnnotationCount":0,"nativeOnlyAnnotationCount":0,"reason":"no-renderable-native-annotations"},"14":{"hideNativeLayer":false,"nativeRenderableAnnotationCount":0,"nativeOnlyAnnotationCount":0,"reason":"no-renderable-native-annotations"},"15":{"hideNativeLayer":false,"nativeRenderableAnnotationCount":0,"nativeOnlyAnnotationCount":0,"reason":"no-renderable-native-annotations"},"16":{"hideNativeLayer":false,"nativeRenderableAnnotationCount":0,"nativeOnlyAnnotationCount":0,"reason":"no-renderable-native-annotations"},"17":{"hideNativeLayer":false,"nativeRenderableAnnotationCount":0,"nativeOnlyAnnotationCount":0,"reason":"no-renderable-native-annotations"},"18":{"hideNativeLayer":false,"nativeRenderableAnnotationCount":0,"nativeOnlyAnnotationCount":0,"reason":"no-renderable-native-annotations"},"19":{"hideNativeLayer":false,"nativeRenderableAnnotationCount":0,"nativeOnlyAnnotationCount":0,"reason":"no-renderable-native-annotations"},"20":{"hideNativeLayer":false,"nativeRenderableAnnotationCount":0,"nativeOnlyAnnotationCount":0,"reason":"no-renderable-native-annotations"},"21":{"hideNativeLayer":false,"nativeRenderableAnnotationCount":0,"nativeOnlyAnnotationCount":0,"reason":"no-renderable-native-annotations"},"22":{"hideNativeLayer":false,"nativeRenderableAnnotationCount":0,"nativeOnlyAnnotationCount":0,"reason":"no-renderable-native-annotations"},"23":{"hideNativeLayer":false,"nativeRenderableAnnotationCount":0,"nativeOnlyAnnotationCount":0,"reason":"no-renderable-native-annotations"},"24":{"hideNativeLayer":false,"nativeRenderableAnnotationCount":0,"nativeOnlyAnnotationCount":0,"reason":"no-renderable-native-annotations"},"25":{"hideNativeLayer":false,"nativeRenderableAnnotationCount":0,"nativeOnlyAnnotationCount":0,"reason":"no-renderable-native-annotations"},"26":{"hideNativeLayer":false,"nativeRenderableAnnotationCount":0,"nativeOnlyAnnotationCount":0,"reason":"no-renderable-native-annotations"},"27":{"hideN... [truncated 24 chars]
[PrintPanel] RENDER — panel closed
[SVGAnnotationLayer] setRotInputVisible(false) reason=no single rotation target selected
[SVGAnnotationLayer] setRotInputVisible(false) reason=no single rotation target selected
[DebugBridge +197289.0ms] pdf_loaded {"pageCount":99,"currentPage":1}
[HyperlinkDiag] post-load scan {"hyperlinkCount":0,"samples":[]}
[HyperlinkDiag] page 1 layers {"hyperlinkChildren":0,"layerClasses":["DIV","e-spinner-pane e-spin-hide","e-pv-page-canvas","e-pv-text-layer","e-pv-annotation-canvas","DIV","IMG","IMG","IMG","IMG"]}
[HyperlinkDiag] page 2 layers {"hyperlinkChildren":0,"layerClasses":["DIV","e-spinner-pane e-spin-hide","e-pv-page-canvas","e-pv-text-layer","e-pv-annotation-canvas","DIV","IMG","IMG","IMG"]}
[HyperlinkDiag] page 3 layers {"hyperlinkChildren":0,"layerClasses":["DIV","e-spinner-pane e-spin-show","e-pv-page-canvas","e-pv-text-layer","e-pv-annotation-canvas","DIV"]}
[HyperlinkDiag] page 4 layers {"hyperlinkChildren":0,"layerClasses":["DIV","e-spinner-pane e-spin-show","e-pv-page-canvas","e-pv-text-layer","e-pv-annotation-canvas","DIV"]}
[HyperlinkDiag] page 5 layers {"hyperlinkChildren":0,"layerClasses":["DIV","e-spinner-pane e-spin-show","e-pv-page-canvas","e-pv-text-layer","e-pv-annotation-canvas","DIV"]}
[HyperlinkDiag] page 6 layers {"hyperlinkChildren":0,"layerClasses":["DIV","e-spinner-pane e-spin-show","e-pv-page-canvas","e-pv-text-layer","e-pv-annotation-canvas","DIV"]}
[HyperlinkDiag] page 7 layers {"hyperlinkChildren":0,"layerClasses":["DIV","e-spinner-pane e-spin-show","e-pv-page-canvas","e-pv-text-layer","e-pv-annotation-canvas","DIV"]}
[HyperlinkDiag] page 8 layers {"hyperlinkChildren":0,"layerClasses":["DIV","e-spinner-pane e-spin-show","e-pv-page-canvas","e-pv-text-layer","e-pv-annotation-canvas","DIV"]}
[HyperlinkDiag] page 9 layers {"hyperlinkChildren":0,"layerClasses":["DIV","e-spinner-pane e-spin-show","e-pv-page-canvas","e-pv-text-layer","e-pv-annotation-canvas","DIV"]}
[HyperlinkDiag] page 10 layers {"hyperlinkChildren":0,"layerClasses":["DIV","e-spinner-pane e-spin-show","e-pv-page-canvas","e-pv-text-layer","e-pv-annotation-canvas","DIV"]}
[CloudSync][realtime] subscribe status {"status":"CHANNEL_ERROR","error":null}
[CloudSync][realtime] subscribe status {"status":"SUBSCRIBED","error":null}
[CloudSync][cutover-recovery] skipped — local view is not empty {"contextLabel":"cutover-post-subscribe-empty-view-recovery","documentId":"00e1cde9-449b-4771-9743-37bd604557a9","pdfId":"SE-011 Security Shop Drawing Rev2 - 05.06.25.pdf-26261080","cutoverTs":"2026-05-27T22:16:33.47+00:00","localFabricCount":533,"localCalloutCount":0}
[CloudSync][cutover-recovery] skipped — local view is not empty {"contextLabel":"cutover-focus-empty-view-recovery","documentId":"00e1cde9-449b-4771-9743-37bd604557a9","pdfId":"SE-011 Security Shop Drawing Rev2 - 05.06.25.pdf-26261080","cutoverTs":"2026-05-27T22:16:33.47+00:00","localFabricCount":533,"localCalloutCount":0}
[CloudSync][cutover-recovery] skipped — local view is not empty {"contextLabel":"cutover-focus-empty-view-recovery","documentId":"00e1cde9-449b-4771-9743-37bd604557a9","pdfId":"SE-011 Security Shop Drawing Rev2 - 05.06.25.pdf-26261080","cutoverTs":"2026-05-27T22:16:33.47+00:00","localFabricCount":533,"localCalloutCount":0}
[CloudSync][cutover-recovery] skipped — local view is not empty {"contextLabel":"cutover-focus-empty-view-recovery","documentId":"00e1cde9-449b-4771-9743-37bd604557a9","pdfId":"SE-011 Security Shop Drawing Rev2 - 05.06.25.pdf-26261080","cutoverTs":"2026-05-27T22:16:33.47+00:00","localFabricCount":533,"localCalloutCount":0}
[DebugBridge +378856.6ms] wheel_scroll_motion {"eventCount":5,"rawAbsX":8,"rawAbsY":28,"rawX":-8,"rawY":28,"clippedAbsX":8,"clippedAbsY":28,"clippedX":-8,"clippedY":28,"requestedAppliedX":-8.208,"requestedAppliedY":28.836,"appliedX":-8.208,"appliedY":16,"actualX":0,"actualY":16,"sensitivity":1.026,"currentZoomForScroll":1,"maxScrollStepX":16,"maxScrollStepY":16,"diagonalEvents":4,"clippedEvents":0}
[DebugBridge +378890.2ms] wheel_scroll_motion {"eventCount":4,"rawAbsX":10,"rawAbsY":68,"rawX":-10,"rawY":68,"clippedAbsX":10,"clippedAbsY":68,"clippedX":-10,"clippedY":68,"requestedAppliedX":-10.26,"requestedAppliedY":69.768,"appliedX":-10.26,"appliedY":32.832,"actualX":0,"actualY":32.5,"sensitivity":1.026,"currentZoomForScroll":1,"maxScrollStepX":16,"maxScrollStepY":32.832,"diagonalEvents":4,"clippedEvents":0}
[DebugBridge +378922.6ms] wheel_scroll_motion {"eventCount":5,"rawAbsX":10,"rawAbsY":82,"rawX":-10,"rawY":82,"clippedAbsX":10,"clippedAbsY":82,"clippedX":-10,"clippedY":82,"requestedAppliedX":-10.26,"requestedAppliedY":84.13199999999999,"appliedX":-10.26,"appliedY":22.572,"actualX":0,"actualY":22.5,"sensitivity":1.026,"currentZoomForScroll":1,"maxScrollStepX":16,"maxScrollStepY":22.572,"diagonalEvents":5,"clippedEvents":0}
[DebugBridge +378954.1ms] wheel_scroll_motion {"eventCount":6,"rawAbsX":12,"rawAbsY":70,"rawX":-12,"rawY":70,"clippedAbsX":12,"clippedAbsY":70,"clippedX":-12,"clippedY":70,"requestedAppliedX":-12.312,"requestedAppliedY":71.82,"appliedX":-12.312,"appliedY":20.52,"actualX":0,"actualY":20.5,"sensitivity":1.026,"currentZoomForScroll":1,"maxScrollStepX":16,"maxScrollStepY":20.52,"diagonalEvents":6,"clippedEvents":0}
[DebugBridge +378986.2ms] wheel_scroll_motion {"eventCount":4,"rawAbsX":0,"rawAbsY":112,"rawX":0,"rawY":112,"clippedAbsX":0,"clippedAbsY":112,"clippedX":0,"clippedY":112,"requestedAppliedX":0,"requestedAppliedY":120.96000000000001,"appliedX":0,"appliedY":32.400000000000006,"actualX":0,"actualY":32,"sensitivity":1.08,"currentZoomForScroll":1,"maxScrollStepX":16,"maxScrollStepY":32.400000000000006,"diagonalEvents":0,"clippedEvents":0}
[DebugBridge +379019.4ms] wheel_scroll_motion {"eventCount":3,"rawAbsX":0,"rawAbsY":100,"rawX":0,"rawY":100,"clippedAbsX":0,"clippedAbsY":100,"clippedX":0,"clippedY":100,"requestedAppliedX":0,"requestedAppliedY":108,"appliedX":0,"appliedY":38.88,"actualX":0,"actualY":38.5,"sensitivity":1.08,"currentZoomForScroll":1,"maxScrollStepX":16,"maxScrollStepY":38.88,"diagonalEvents":0,"clippedEvents":0}
[DebugBridge +379045.6ms] wheel_scroll_motion {"eventCount":3,"rawAbsX":0,"rawAbsY":106,"rawX":0,"rawY":106,"clippedAbsX":0,"clippedAbsY":106,"clippedX":0,"clippedY":106,"requestedAppliedX":0,"requestedAppliedY":114.48,"appliedX":0,"appliedY":41.040000000000006,"actualX":0,"actualY":41,"sensitivity":1.08,"currentZoomForScroll":1,"maxScrollStepX":16,"maxScrollStepY":41.040000000000006,"diagonalEvents":0,"clippedEvents":0}
[DebugBridge +379072.3ms] wheel_scroll_motion {"eventCount":2,"rawAbsX":0,"rawAbsY":124,"rawX":0,"rawY":124,"clippedAbsX":0,"clippedAbsY":124,"clippedX":0,"clippedY":124,"requestedAppliedX":0,"requestedAppliedY":133.92000000000002,"appliedX":0,"appliedY":97.2,"actualX":0,"actualY":97,"sensitivity":1.08,"currentZoomForScroll":1,"maxScrollStepX":16,"maxScrollStepY":97.2,"diagonalEvents":0,"clippedEvents":0}
[DebugBridge +379105.1ms] wheel_scroll_motion {"eventCount":3,"rawAbsX":0,"rawAbsY":78,"rawX":0,"rawY":78,"clippedAbsX":0,"clippedAbsY":78,"clippedX":0,"clippedY":78,"requestedAppliedX":0,"requestedAppliedY":84.24000000000001,"appliedX":0,"appliedY":28.080000000000002,"actualX":0,"actualY":28,"sensitivity":1.08,"currentZoomForScroll":1,"maxScrollStepX":16,"maxScrollStepY":28.080000000000002,"diagonalEvents":0,"clippedEvents":0}
[DebugBridge +379131.3ms] wheel_scroll_motion {"eventCount":4,"rawAbsX":0,"rawAbsY":90,"rawX":0,"rawY":90,"clippedAbsX":0,"clippedAbsY":90,"clippedX":0,"clippedY":90,"requestedAppliedX":0,"requestedAppliedY":97.20000000000002,"appliedX":0,"appliedY":25.92,"actualX":0,"actualY":25.5,"sensitivity":1.08,"currentZoomForScroll":1,"maxScrollStepX":16,"maxScrollStepY":25.92,"diagonalEvents":0,"clippedEvents":0}
[DebugBridge +379161.0ms] wheel_scroll_motion {"eventCount":4,"rawAbsX":0,"rawAbsY":74,"rawX":0,"rawY":74,"clippedAbsX":0,"clippedAbsY":74,"clippedX":0,"clippedY":74,"requestedAppliedX":0,"requestedAppliedY":79.92,"appliedX":0,"appliedY":21.6,"actualX":0,"actualY":21.5,"sensitivity":1.08,"currentZoomForScroll":1,"maxScrollStepX":16,"maxScrollStepY":21.6,"diagonalEvents":0,"clippedEvents":0}
[DebugBridge +379194.2ms] wheel_scroll_motion {"eventCount":4,"rawAbsX":0,"rawAbsY":64,"rawX":0,"rawY":64,"clippedAbsX":0,"clippedAbsY":64,"clippedX":0,"clippedY":64,"requestedAppliedX":0,"requestedAppliedY":69.12,"appliedX":0,"appliedY":17.28,"actualX":0,"actualY":17,"sensitivity":1.08,"currentZoomForScroll":1,"maxScrollStepX":16,"maxScrollStepY":17.28,"diagonalEvents":0,"clippedEvents":0}
[DebugBridge +379228.3ms] wheel_scroll_motion {"eventCount":4,"rawAbsX":0,"rawAbsY":56,"rawX":0,"rawY":56,"clippedAbsX":0,"clippedAbsY":56,"clippedX":0,"clippedY":56,"requestedAppliedX":0,"requestedAppliedY":60.480000000000004,"appliedX":0,"appliedY":16,"actualX":0,"actualY":16,"sensitivity":1.08,"currentZoomForScroll":1,"maxScrollStepX":16,"maxScrollStepY":16,"diagonalEvents":0,"clippedEvents":0}
[DebugBridge +379234.4ms] page_visit_start {"page":2,"pageCount":99,"revisited":false,"hasContainer":true,"hasPdfSurface":true,"spinnerVisible":false,"hasAnnotationOverlay":false,"ready":true}
[DebugBridge +379235.0ms] page_visit_ready {"page":2,"pageCount":99,"revisited":false,"waitMs":1,"hasContainer":true,"hasPdfSurface":true,"spinnerVisible":false,"hasAnnotationOverlay":false,"ready":true}
[DebugBridge +379273.1ms] wheel_scroll_motion {"eventCount":3,"rawAbsX":0,"rawAbsY":54,"rawX":0,"rawY":54,"clippedAbsX":0,"clippedAbsY":54,"clippedX":0,"clippedY":54,"requestedAppliedX":0,"requestedAppliedY":58.32,"appliedX":0,"appliedY":23.76,"actualX":0,"actualY":23.5,"sensitivity":1.08,"currentZoomForScroll":1,"maxScrollStepX":16,"maxScrollStepY":23.76,"diagonalEvents":0,"clippedEvents":0}
[DebugBridge +379303.6ms] wheel_scroll_motion {"eventCount":4,"rawAbsX":0,"rawAbsY":36,"rawX":0,"rawY":36,"clippedAbsX":0,"clippedAbsY":36,"clippedX":0,"clippedY":36,"requestedAppliedX":0,"requestedAppliedY":38.88,"appliedX":0,"appliedY":16,"actualX":0,"actualY":16,"sensitivity":1.08,"currentZoomForScroll":1,"maxScrollStepX":16,"maxScrollStepY":16,"diagonalEvents":0,"clippedEvents":0}
[DebugBridge +379335.3ms] wheel_scroll_motion {"eventCount":3,"rawAbsX":0,"rawAbsY":24,"rawX":0,"rawY":24,"clippedAbsX":0,"clippedAbsY":24,"clippedX":0,"clippedY":24,"requestedAppliedX":0,"requestedAppliedY":25.92,"appliedX":0,"appliedY":16,"actualX":0,"actualY":16,"sensitivity":1.08,"currentZoomForScroll":1,"maxScrollStepX":16,"maxScrollStepY":16,"diagonalEvents":0,"clippedEvents":0}
[DebugBridge +379361.9ms] wheel_scroll_motion {"eventCount":4,"rawAbsX":0,"rawAbsY":26,"rawX":0,"rawY":26,"clippedAbsX":0,"clippedAbsY":26,"clippedX":0,"clippedY":26,"requestedAppliedX":0,"requestedAppliedY":28.080000000000002,"appliedX":0,"appliedY":16,"actualX":0,"actualY":16,"sensitivity":1.08,"currentZoomForScroll":1,"maxScrollStepX":16,"maxScrollStepY":16,"diagonalEvents":0,"clippedEvents":0}
[DebugBridge +379393.6ms] wheel_scroll_motion {"eventCount":3,"rawAbsX":0,"rawAbsY":18,"rawX":0,"rawY":18,"clippedAbsX":0,"clippedAbsY":18,"clippedX":0,"clippedY":18,"requestedAppliedX":0,"requestedAppliedY":19.44,"appliedX":0,"appliedY":16,"actualX":0,"actualY":16,"sensitivity":1.08,"currentZoomForScroll":1,"maxScrollStepX":16,"maxScrollStepY":16,"diagonalEvents":0,"clippedEvents":0}
[DebugBridge +379419.7ms] wheel_scroll_motion {"eventCount":4,"rawAbsX":0,"rawAbsY":24,"rawX":0,"rawY":24,"clippedAbsX":0,"clippedAbsY":24,"clippedX":0,"clippedY":24,"requestedAppliedX":0,"requestedAppliedY":25.92,"appliedX":0,"appliedY":16,"actualX":0,"actualY":16,"sensitivity":1.08,"currentZoomForScroll":1,"maxScrollStepX":16,"maxScrollStepY":16,"diagonalEvents":0,"clippedEvents":0}
[DebugBridge +379453.3ms] wheel_scroll_motion {"eventCount":1,"rawAbsX":0,"rawAbsY":6,"rawX":0,"rawY":6,"clippedAbsX":0,"clippedAbsY":6,"clippedX":0,"clippedY":6,"requestedAppliedX":0,"requestedAppliedY":6.48,"appliedX":0,"appliedY":6.48,"actualX":0,"actualY":6,"sensitivity":1.08,"currentZoomForScroll":1,"maxScrollStepX":16,"maxScrollStepY":16,"diagonalEvents":0,"clippedEvents":0}
[DebugBridge +379553.1ms] wheel_scroll_motion {"eventCount":6,"rawAbsX":10,"rawAbsY":50,"rawX":-10,"rawY":50,"clippedAbsX":10,"clippedAbsY":50,"clippedX":-10,"clippedY":50,"requestedAppliedX":-10.26,"requestedAppliedY":51.408,"appliedX":-10.26,"appliedY":16.416,"actualX":0,"actualY":16,"sensitivity":1.026,"currentZoomForScroll":1,"maxScrollStepX":16,"maxScrollStepY":16.416,"diagonalEvents":5,"clippedEvents":0}
[DebugBridge +379579.7ms] wheel_scroll_motion {"eventCount":7,"rawAbsX":14,"rawAbsY":94,"rawX":-14,"rawY":94,"clippedAbsX":14,"clippedAbsY":94,"clippedX":-14,"clippedY":94,"requestedAppliedX":-14.363999999999999,"requestedAppliedY":96.444,"appliedX":-14.363999999999999,"appliedY":28.728,"actualX":0,"actualY":28.5,"sensitivity":1.026,"currentZoomForScroll":1,"maxScrollStepX":16,"maxScrollStepY":28.728,"diagonalEvents":7,"clippedEvents":0}
[DebugBridge +379610.7ms] wheel_scroll_motion {"eventCount":5,"rawAbsX":10,"rawAbsY":88,"rawX":-10,"rawY":88,"clippedAbsX":10,"clippedAbsY":88,"clippedX":-10,"clippedY":88,"requestedAppliedX":-10.26,"requestedAppliedY":90.288,"appliedX":-10.26,"appliedY":32.832,"actualX":0,"actualY":32.5,"sensitivity":1.026,"currentZoomForScroll":1,"maxScrollStepX":16,"maxScrollStepY":32.832,"diagonalEvents":5,"clippedEvents":0}
[DebugBridge +379636.1ms] wheel_scroll_motion {"eventCount":4,"rawAbsX":6,"rawAbsY":66,"rawX":-6,"rawY":66,"clippedAbsX":6,"clippedAbsY":66,"clippedX":-6,"clippedY":66,"requestedAppliedX":-6.156000000000001,"requestedAppliedY":68.47200000000001,"appliedX":-6.156000000000001,"appliedY":20.52,"actualX":0,"actualY":20.5,"sensitivity":1.08,"currentZoomForScroll":1,"maxScrollStepX":16,"maxScrollStepY":20.52,"diagonalEvents":3,"clippedEvents":0}
[DebugBridge +379680.0ms] wheel_scroll_motion {"eventCount":5,"rawAbsX":0,"rawAbsY":266,"rawX":0,"rawY":266,"clippedAbsX":0,"clippedAbsY":266,"clippedX":0,"clippedY":266,"requestedAppliedX":0,"requestedAppliedY":287.28000000000003,"appliedX":0,"appliedY":92.88000000000001,"actualX":0,"actualY":92.5,"sensitivity":1.08,"currentZoomForScroll":1,"maxScrollStepX":16,"maxScrollStepY":92.88000000000001,"diagonalEvents":0,"clippedEvents":0}
[DebugBridge +379725.5ms] wheel_scroll_motion {"eventCount":5,"rawAbsX":0,"rawAbsY":252,"rawX":0,"rawY":252,"clippedAbsX":0,"clippedAbsY":252,"clippedX":0,"clippedY":252,"requestedAppliedX":0,"requestedAppliedY":272.16,"appliedX":0,"appliedY":56.160000000000004,"actualX":0,"actualY":56,"sensitivity":1.08,"currentZoomForScroll":1,"maxScrollStepX":16,"maxScrollStepY":56.160000000000004,"diagonalEvents":0,"clippedEvents":0}
[DebugBridge +379756.6ms] wheel_scroll_motion {"eventCount":4,"rawAbsX":0,"rawAbsY":174,"rawX":0,"rawY":174,"clippedAbsX":0,"clippedAbsY":174,"clippedX":0,"clippedY":174,"requestedAppliedX":0,"requestedAppliedY":187.92000000000002,"appliedX":0,"appliedY":49.68000000000001,"actualX":0,"actualY":49.5,"sensitivity":1.08,"currentZoomForScroll":1,"maxScrollStepX":16,"maxScrollStepY":49.68000000000001,"diagonalEvents":0,"clippedEvents":0}
[DebugBridge +379787.5ms] wheel_scroll_motion {"eventCount":4,"rawAbsX":0,"rawAbsY":144,"rawX":0,"rawY":144,"clippedAbsX":0,"clippedAbsY":144,"clippedX":0,"clippedY":144,"requestedAppliedX":0,"requestedAppliedY":155.52,"appliedX":0,"appliedY":41.040000000000006,"actualX":0,"actualY":41,"sensitivity":1.08,"currentZoomForScroll":1,"maxScrollStepX":16,"maxScrollStepY":41.040000000000006,"diagonalEvents":0,"clippedEvents":0}
[DebugBridge +379820.8ms] wheel_scroll_motion {"eventCount":1,"rawAbsX":0,"rawAbsY":34,"rawX":0,"rawY":34,"clippedAbsX":0,"clippedAbsY":34,"clippedX":0,"clippedY":34,"requestedAppliedX":0,"requestedAppliedY":36.72,"appliedX":0,"appliedY":36.72,"actualX":0,"actualY":36.5,"sensitivity":1.08,"currentZoomForScroll":1,"maxScrollStepX":16,"maxScrollStepY":36.72,"diagonalEvents":0,"clippedEvents":0}
[DebugBridge +380035.6ms] wheel_scroll_motion {"eventCount":5,"rawAbsX":4,"rawAbsY":36,"rawX":4,"rawY":-36,"clippedAbsX":4,"clippedAbsY":36,"clippedX":4,"clippedY":-36,"requestedAppliedX":4.104,"requestedAppliedY":-37.584,"appliedX":4.104,"appliedY":-16,"actualX":0,"actualY":-16,"sensitivity":1.026,"currentZoomForScroll":1,"maxScrollStepX":16,"maxScrollStepY":16,"diagonalEvents":2,"clippedEvents":0}
[DebugBridge +380061.1ms] wheel_scroll_motion {"eventCount":3,"rawAbsX":10,"rawAbsY":196,"rawX":-10,"rawY":-196,"clippedAbsX":10,"clippedAbsY":196,"clippedX":-10,"clippedY":-196,"requestedAppliedX":-10.26,"requestedAppliedY":-202.93200000000002,"appliedX":-10.26,"appliedY":-166.21200000000002,"actualX":0,"actualY":-166.5,"sensitivity":1.026,"currentZoomForScroll":1,"maxScrollStepX":16,"maxScrollStepY":166.21200000000002,"diagonalEvents":1,"clippedEvents":0}
[DebugBridge +380086.0ms] wheel_scroll_motion {"eventCount":7,"rawAbsX":64,"rawAbsY":406,"rawX":-64,"rawY":-406,"clippedAbsX":64,"clippedAbsY":406,"clippedX":-64,"clippedY":-406,"requestedAppliedX":-65.664,"requestedAppliedY":-416.556,"appliedX":-18.468,"appliedY":-94.392,"actualX":0,"actualY":-94.5,"sensitivity":1.026,"currentZoomForScroll":1,"maxScrollStepX":18.468,"maxScrollStepY":94.392,"diagonalEvents":7,"clippedEvents":0}
[DebugBridge +380113.4ms] wheel_scroll_motion {"eventCount":5,"rawAbsX":22,"rawAbsY":284,"rawX":-22,"rawY":-284,"clippedAbsX":22,"clippedAbsY":284,"clippedX":-22,"clippedY":-284,"requestedAppliedX":-22.572,"requestedAppliedY":-302.616,"appliedX":-16.416,"appliedY":-140.4,"actualX":0,"actualY":-140.5,"sensitivity":1.08,"currentZoomForScroll":1,"maxScrollStepX":16.416,"maxScrollStepY":140.4,"diagonalEvents":3,"clippedEvents":0}
[DebugBridge +380139.4ms] wheel_scroll_motion {"eventCount":4,"rawAbsX":0,"rawAbsY":574,"rawX":0,"rawY":-574,"clippedAbsX":0,"clippedAbsY":574,"clippedX":0,"clippedY":-574,"requestedAppliedX":0,"requestedAppliedY":-619.9200000000001,"appliedX":0,"appliedY":-157.68,"actualX":0,"actualY":-158,"sensitivity":1.08,"currentZoomForScroll":1,"maxScrollStepX":16,"maxScrollStepY":157.68,"diagonalEvents":0,"clippedEvents":0}
[DebugBridge +380143.2ms] page_visit_start {"page":1,"pageCount":99,"revisited":false,"hasContainer":true,"hasPdfSurface":true,"spinnerVisible":false,"hasAnnotationOverlay":true,"ready":true}
[DebugBridge +380143.5ms] page_visit_ready {"page":1,"pageCount":99,"revisited":false,"waitMs":1,"hasContainer":true,"hasPdfSurface":true,"spinnerVisible":false,"hasAnnotationOverlay":true,"ready":true}
[DebugBridge +380331.3ms] wheel_scroll_motion {"eventCount":8,"rawAbsX":0,"rawAbsY":1930,"rawX":0,"rawY":-1930,"clippedAbsX":0,"clippedAbsY":1096,"clippedX":0,"clippedY":-1096,"requestedAppliedX":0,"requestedAppliedY":-1183.68,"appliedX":0,"appliedY":-180,"actualX":0,"actualY":-180,"sensitivity":1.08,"currentZoomForScroll":1,"maxScrollStepX":16,"maxScrollStepY":180,"diagonalEvents":0,"clippedEvents":2}
[DebugBridge +380373.7ms] wheel_scroll_motion {"eventCount":7,"rawAbsX":0,"rawAbsY":744,"rawX":0,"rawY":-744,"clippedAbsX":0,"clippedAbsY":646,"clippedX":0,"clippedY":-646,"requestedAppliedX":0,"requestedAppliedY":-697.6800000000001,"appliedX":0,"appliedY":-180,"actualX":0,"actualY":-135,"sensitivity":1.08,"currentZoomForScroll":1,"maxScrollStepX":16,"maxScrollStepY":180,"diagonalEvents":0,"clippedEvents":1}
[DebugBridge +380498.1ms] wheel_scroll_motion {"eventCount":4,"rawAbsX":8,"rawAbsY":324,"rawX":-8,"rawY":-324,"clippedAbsX":8,"clippedAbsY":322,"clippedX":-8,"clippedY":-322,"requestedAppliedX":-8.208,"requestedAppliedY":-345.492,"appliedX":-8.208,"appliedY":-180,"actualX":0,"actualY":0,"sensitivity":1.026,"currentZoomForScroll":1,"maxScrollStepX":16,"maxScrollStepY":180,"diagonalEvents":2,"clippedEvents":1}
[DebugBridge +380528.5ms] wheel_scroll_motion {"eventCount":4,"rawAbsX":122,"rawAbsY":368,"rawX":-122,"rawY":-368,"clippedAbsX":122,"clippedAbsY":354,"clippedX":-122,"clippedY":-354,"requestedAppliedX":-125.17200000000001,"requestedAppliedY":-363.204,"appliedX":-69.768,"appliedY":-180,"actualX":0,"actualY":0,"sensitivity":1.026,"currentZoomForScroll":1,"maxScrollStepX":69.768,"maxScrollStepY":180,"diagonalEvents":4,"clippedEvents":1}
[DebugBridge +380563.1ms] wheel_scroll_motion {"eventCount":1,"rawAbsX":26,"rawAbsY":86,"rawX":-26,"rawY":-86,"clippedAbsX":26,"clippedAbsY":86,"clippedX":-26,"clippedY":-86,"requestedAppliedX":-26.676000000000002,"requestedAppliedY":-88.236,"appliedX":-26.676000000000002,"appliedY":-88.236,"actualX":0,"actualY":0,"sensitivity":1.026,"currentZoomForScroll":1,"maxScrollStepX":26.676000000000002,"maxScrollStepY":88.236,"diagonalEvents":1,"clippedEvents":0}
[DebugBridge +380597.4ms] wheel_scroll_motion {"eventCount":4,"rawAbsX":214,"rawAbsY":638,"rawX":-214,"rawY":-638,"clippedAbsX":214,"clippedAbsY":494,"clippedX":-214,"clippedY":-494,"requestedAppliedX":-219.56400000000002,"requestedAppliedY":-506.84399999999994,"appliedX":-116.964,"appliedY":-180,"actualX":0,"actualY":0,"sensitivity":1.026,"currentZoomForScroll":1,"maxScrollStepX":116.964,"maxScrollStepY":180,"diagonalEvents":4,"clippedEvents":1}
[DebugBridge +380628.4ms] wheel_scroll_motion {"eventCount":4,"rawAbsX":116,"rawAbsY":334,"rawX":-116,"rawY":-334,"clippedAbsX":116,"clippedAbsY":334,"clippedX":-116,"clippedY":-334,"requestedAppliedX":-119.016,"requestedAppliedY":-342.684,"appliedX":-30.78,"appliedY":-88.236,"actualX":0,"actualY":0,"sensitivity":1.026,"currentZoomForScroll":1,"maxScrollStepX":30.78,"maxScrollStepY":88.236,"diagonalEvents":4,"clippedEvents":0}
[DebugBridge +380660.7ms] wheel_scroll_motion {"eventCount":3,"rawAbsX":72,"rawAbsY":224,"rawX":-72,"rawY":-224,"clippedAbsX":72,"clippedAbsY":224,"clippedX":-72,"clippedY":-224,"requestedAppliedX":-73.872,"requestedAppliedY":-229.824,"appliedX":-26.676000000000002,"appliedY":-77.976,"actualX":0,"actualY":0,"sensitivity":1.026,"currentZoomForScroll":1,"maxScrollStepX":26.676000000000002,"maxScrollStepY":77.976,"diagonalEvents":3,"clippedEvents":0}
[DebugBridge +380694.8ms] wheel_scroll_motion {"eventCount":5,"rawAbsX":106,"rawAbsY":324,"rawX":-106,"rawY":-324,"clippedAbsX":106,"clippedAbsY":324,"clippedX":-106,"clippedY":-324,"requestedAppliedX":-108.75599999999999,"requestedAppliedY":-332.424,"appliedX":-22.572,"appliedY":-69.768,"actualX":0,"actualY":0,"sensitivity":1.026,"currentZoomForScroll":1,"maxScrollStepX":22.572,"maxScrollStepY":69.768,"diagonalEvents":5,"clippedEvents":0}
[DebugBridge +380727.9ms] wheel_scroll_motion {"eventCount":4,"rawAbsX":68,"rawAbsY":224,"rawX":-68,"rawY":-224,"clippedAbsX":68,"clippedAbsY":224,"clippedX":-68,"clippedY":-224,"requestedAppliedX":-69.768,"requestedAppliedY":-229.824,"appliedX":-18.468,"appliedY":-59.508,"actualX":0,"actualY":0,"sensitivity":1.026,"currentZoomForScroll":1,"maxScrollStepX":18.468,"maxScrollStepY":59.508,"diagonalEvents":4,"clippedEvents":0}
[DebugBridge +380760.9ms] wheel_scroll_motion {"eventCount":4,"rawAbsX":58,"rawAbsY":194,"rawX":-58,"rawY":-194,"clippedAbsX":58,"clippedAbsY":194,"clippedX":-58,"clippedY":-194,"requestedAppliedX":-59.50800000000001,"requestedAppliedY":-199.044,"appliedX":-16.416,"appliedY":-53.352000000000004,"actualX":0,"actualY":0,"sensitivity":1.026,"currentZoomForScroll":1,"maxScrollStepX":16.416,"maxScrollStepY":53.352000000000004,"diagonalEvents":4,"clippedEvents":0}
[DebugBridge +380794.2ms] wheel_scroll_motion {"eventCount":2,"rawAbsX":26,"rawAbsY":86,"rawX":-26,"rawY":-86,"clippedAbsX":26,"clippedAbsY":86,"clippedX":-26,"clippedY":-86,"requestedAppliedX":-26.676000000000002,"requestedAppliedY":-88.23599999999999,"appliedX":-16,"appliedY":-45.144,"actualX":0,"actualY":0,"sensitivity":1.026,"currentZoomForScroll":1,"maxScrollStepX":16,"maxScrollStepY":45.144,"diagonalEvents":2,"clippedEvents":0}
[DebugBridge +380837.0ms] wheel_scroll_motion {"eventCount":4,"rawAbsX":72,"rawAbsY":256,"rawX":-72,"rawY":-256,"clippedAbsX":72,"clippedAbsY":256,"clippedX":-72,"clippedY":-256,"requestedAppliedX":-73.872,"requestedAppliedY":-262.65600000000006,"appliedX":-45.144,"appliedY":-162.108,"actualX":0,"actualY":0,"sensitivity":1.026,"currentZoomForScroll":1,"maxScrollStepX":45.144,"maxScrollStepY":162.108,"diagonalEvents":4,"clippedEvents":0}
[DebugBridge +380868.8ms] wheel_scroll_motion {"eventCount":4,"rawAbsX":32,"rawAbsY":116,"rawX":-32,"rawY":-116,"clippedAbsX":32,"clippedAbsY":116,"clippedX":-32,"clippedY":-116,"requestedAppliedX":-32.832,"requestedAppliedY":-119.016,"appliedX":-16,"appliedY":-30.78,"actualX":0,"actualY":0,"sensitivity":1.026,"currentZoomForScroll":1,"maxScrollStepX":16,"maxScrollStepY":30.78,"diagonalEvents":4,"clippedEvents":0}
[DebugBridge +380902.6ms] wheel_scroll_motion {"eventCount":4,"rawAbsX":28,"rawAbsY":96,"rawX":-28,"rawY":-96,"clippedAbsX":28,"clippedAbsY":96,"clippedX":-28,"clippedY":-96,"requestedAppliedX":-28.728,"requestedAppliedY":-98.49600000000001,"appliedX":-16,"appliedY":-26.676000000000002,"actualX":0,"actualY":0,"sensitivity":1.026,"currentZoomForScroll":1,"maxScrollStepX":16,"maxScrollStepY":26.676000000000002,"diagonalEvents":4,"clippedEvents":0}
[DebugBridge +380935.2ms] wheel_scroll_motion {"eventCount":3,"rawAbsX":18,"rawAbsY":62,"rawX":-18,"rawY":-62,"clippedAbsX":18,"clippedAbsY":62,"clippedX":-18,"clippedY":-62,"requestedAppliedX":-18.468000000000004,"requestedAppliedY":-63.611999999999995,"appliedX":-16,"appliedY":-22.572,"actualX":0,"actualY":0,"sensitivity":1.026,"currentZoomForScroll":1,"maxScrollStepX":16,"maxScrollStepY":22.572,"diagonalEvents":3,"clippedEvents":0}
[DebugBridge +380959.8ms] wheel_scroll_motion {"eventCount":3,"rawAbsX":18,"rawAbsY":54,"rawX":-18,"rawY":-54,"clippedAbsX":18,"clippedAbsY":54,"clippedX":-18,"clippedY":-54,"requestedAppliedX":-18.468000000000004,"requestedAppliedY":-55.403999999999996,"appliedX":-16,"appliedY":-20.52,"actualX":0,"actualY":0,"sensitivity":1.026,"currentZoomForScroll":1,"maxScrollStepX":16,"maxScrollStepY":20.52,"diagonalEvents":3,"clippedEvents":0}
[DebugBridge +380986.3ms] wheel_scroll_motion {"eventCount":3,"rawAbsX":16,"rawAbsY":48,"rawX":-16,"rawY":-48,"clippedAbsX":16,"clippedAbsY":48,"clippedX":-16,"clippedY":-48,"requestedAppliedX":-16.416,"requestedAppliedY":-49.248000000000005,"appliedX":-16,"appliedY":-16.416,"actualX":0,"actualY":0,"sensitivity":1.026,"currentZoomForScroll":1,"maxScrollStepX":16,"maxScrollStepY":16.416,"diagonalEvents":3,"clippedEvents":0}
[DebugBridge +381011.9ms] wheel_scroll_motion {"eventCount":2,"rawAbsX":8,"rawAbsY":28,"rawX":-8,"rawY":-28,"clippedAbsX":8,"clippedAbsY":28,"clippedX":-8,"clippedY":-28,"requestedAppliedX":-8.208,"requestedAppliedY":-28.728,"appliedX":-8.208,"appliedY":-16,"actualX":0,"actualY":0,"sensitivity":1.026,"currentZoomForScroll":1,"maxScrollStepX":16,"maxScrollStepY":16,"diagonalEvents":2,"clippedEvents":0}
[DebugBridge +381046.3ms] wheel_scroll_motion {"eventCount":4,"rawAbsX":24,"rawAbsY":72,"rawX":-24,"rawY":-72,"clippedAbsX":24,"clippedAbsY":72,"clippedX":-24,"clippedY":-72,"requestedAppliedX":-24.624,"requestedAppliedY":-73.872,"appliedX":-16,"appliedY":-41.04,"actualX":0,"actualY":0,"sensitivity":1.026,"currentZoomForScroll":1,"maxScrollStepX":16,"maxScrollStepY":41.04,"diagonalEvents":4,"clippedEvents":0}
[DebugBridge +381077.3ms] wheel_scroll_motion {"eventCount":4,"rawAbsX":16,"rawAbsY":38,"rawX":-16,"rawY":-38,"clippedAbsX":16,"clippedAbsY":38,"clippedX":-16,"clippedY":-38,"requestedAppliedX":-16.416,"requestedAppliedY":-38.988,"appliedX":-16,"appliedY":-16,"actualX":0,"actualY":0,"sensitivity":1.026,"currentZoomForScroll":1,"maxScrollStepX":16,"maxScrollStepY":16,"diagonalEvents":4,"clippedEvents":0}
[DebugBridge +381110.2ms] wheel_scroll_motion {"eventCount":3,"rawAbsX":12,"rawAbsY":24,"rawX":-12,"rawY":-24,"clippedAbsX":12,"clippedAbsY":24,"clippedX":-12,"clippedY":-24,"requestedAppliedX":-12.312000000000001,"requestedAppliedY":-24.624000000000002,"appliedX":-12.312000000000001,"appliedY":-16,"actualX":0,"actualY":0,"sensitivity":1.026,"currentZoomForScroll":1,"maxScrollStepX":16,"maxScrollStepY":16,"diagonalEvents":3,"clippedEvents":0}
[DebugBridge +381135.4ms] wheel_scroll_motion {"eventCount":4,"rawAbsX":16,"rawAbsY":28,"rawX":-16,"rawY":-28,"clippedAbsX":16,"clippedAbsY":28,"clippedX":-16,"clippedY":-28,"requestedAppliedX":-16.416,"requestedAppliedY":-28.728,"appliedX":-16,"appliedY":-16,"actualX":0,"actualY":0,"sensitivity":1.026,"currentZoomForScroll":1,"maxScrollStepX":16,"maxScrollStepY":16,"diagonalEvents":4,"clippedEvents":0}
[DebugBridge +381168.9ms] wheel_scroll_motion {"eventCount":3,"rawAbsX":6,"rawAbsY":18,"rawX":-6,"rawY":-18,"clippedAbsX":6,"clippedAbsY":18,"clippedX":-6,"clippedY":-18,"requestedAppliedX":-6.156000000000001,"requestedAppliedY":-18.468000000000004,"appliedX":-6.156000000000001,"appliedY":-16,"actualX":0,"actualY":0,"sensitivity":1.026,"currentZoomForScroll":1,"maxScrollStepX":16,"maxScrollStepY":16,"diagonalEvents":3,"clippedEvents":0}
[DebugBridge +381194.4ms] wheel_scroll_motion {"eventCount":3,"rawAbsX":6,"rawAbsY":18,"rawX":-6,"rawY":-18,"clippedAbsX":6,"clippedAbsY":18,"clippedX":-6,"clippedY":-18,"requestedAppliedX":-6.156000000000001,"requestedAppliedY":-18.468000000000004,"appliedX":-6.156000000000001,"appliedY":-16,"actualX":0,"actualY":0,"sensitivity":1.026,"currentZoomForScroll":1,"maxScrollStepX":16,"maxScrollStepY":16,"diagonalEvents":3,"clippedEvents":0}
[DebugBridge +381219.4ms] wheel_scroll_motion {"eventCount":2,"rawAbsX":4,"rawAbsY":12,"rawX":-4,"rawY":-12,"clippedAbsX":4,"clippedAbsY":12,"clippedX":-4,"clippedY":-12,"requestedAppliedX":-4.104,"requestedAppliedY":-12.312000000000001,"appliedX":-4.104,"appliedY":-12.312000000000001,"actualX":0,"actualY":0,"sensitivity":1.026,"currentZoomForScroll":1,"maxScrollStepX":16,"maxScrollStepY":16,"diagonalEvents":2,"clippedEvents":0}
[DebugBridge +381261.3ms] wheel_scroll_motion {"eventCount":3,"rawAbsX":12,"rawAbsY":28,"rawX":-12,"rawY":-28,"clippedAbsX":12,"clippedAbsY":28,"clippedX":-12,"clippedY":-28,"requestedAppliedX":-12.312,"requestedAppliedY":-28.727999999999998,"appliedX":-12.312,"appliedY":-20.52,"actualX":0,"actualY":0,"sensitivity":1.026,"currentZoomForScroll":1,"maxScrollStepX":16,"maxScrollStepY":20.52,"diagonalEvents":3,"clippedEvents":0}
[DebugBridge +381286.6ms] wheel_scroll_motion {"eventCount":4,"rawAbsX":8,"rawAbsY":16,"rawX":-8,"rawY":-16,"clippedAbsX":8,"clippedAbsY":16,"clippedX":-8,"clippedY":-16,"requestedAppliedX":-8.208,"requestedAppliedY":-16.416,"appliedX":-8.208,"appliedY":-16,"actualX":0,"actualY":0,"sensitivity":1.026,"currentZoomForScroll":1,"maxScrollStepX":16,"maxScrollStepY":16,"diagonalEvents":4,"clippedEvents":0}
[DebugBridge +381319.6ms] wheel_scroll_motion {"eventCount":3,"rawAbsX":6,"rawAbsY":12,"rawX":-6,"rawY":-12,"clippedAbsX":6,"clippedAbsY":12,"clippedX":-6,"clippedY":-12,"requestedAppliedX":-6.156000000000001,"requestedAppliedY":-12.312000000000001,"appliedX":-6.156000000000001,"appliedY":-12.312000000000001,"actualX":0,"actualY":0,"sensitivity":1.026,"currentZoomForScroll":1,"maxScrollStepX":16,"maxScrollStepY":16,"diagonalEvents":3,"clippedEvents":0}
[DebugBridge +381344.7ms] wheel_scroll_motion {"eventCount":3,"rawAbsX":6,"rawAbsY":8,"rawX":-6,"rawY":-8,"clippedAbsX":6,"clippedAbsY":8,"clippedX":-6,"clippedY":-8,"requestedAppliedX":-6.156000000000001,"requestedAppliedY":-8.208,"appliedX":-6.156000000000001,"appliedY":-8.208,"actualX":0,"actualY":0,"sensitivity":1.026,"currentZoomForScroll":1,"maxScrollStepX":16,"maxScrollStepY":16,"diagonalEvents":3,"clippedEvents":0}
[DebugBridge +381377.3ms] wheel_scroll_motion {"eventCount":2,"rawAbsX":4,"rawAbsY":8,"rawX":-4,"rawY":-8,"clippedAbsX":4,"clippedAbsY":8,"clippedX":-4,"clippedY":-8,"requestedAppliedX":-4.104,"requestedAppliedY":-8.208,"appliedX":-4.104,"appliedY":-8.208,"actualX":0,"actualY":0,"sensitivity":1.026,"currentZoomForScroll":1,"maxScrollStepX":16,"maxScrollStepY":16,"diagonalEvents":2,"clippedEvents":0}
[DebugBridge +381411.0ms] wheel_scroll_motion {"eventCount":2,"rawAbsX":4,"rawAbsY":8,"rawX":-4,"rawY":-8,"clippedAbsX":4,"clippedAbsY":8,"clippedX":-4,"clippedY":-8,"requestedAppliedX":-4.104,"requestedAppliedY":-8.208,"appliedX":-4.104,"appliedY":-8.208,"actualX":0,"actualY":0,"sensitivity":1.026,"currentZoomForScroll":1,"maxScrollStepX":16,"maxScrollStepY":16,"diagonalEvents":2,"clippedEvents":0}
[DebugBridge +381443.2ms] wheel_scroll_motion {"eventCount":2,"rawAbsX":4,"rawAbsY":6,"rawX":-4,"rawY":-6,"clippedAbsX":4,"clippedAbsY":6,"clippedX":-4,"clippedY":-6,"requestedAppliedX":-4.104,"requestedAppliedY":-6.156000000000001,"appliedX":-4.104,"appliedY":-6.156000000000001,"actualX":0,"actualY":0,"sensitivity":1.026,"currentZoomForScroll":1,"maxScrollStepX":16,"maxScrollStepY":16,"diagonalEvents":2,"clippedEvents":0}
[DebugBridge +381501.5ms] wheel_scroll_motion {"eventCount":2,"rawAbsX":6,"rawAbsY":6,"rawX":-6,"rawY":-6,"clippedAbsX":6,"clippedAbsY":6,"clippedX":-6,"clippedY":-6,"requestedAppliedX":-6.156000000000001,"requestedAppliedY":-6.156000000000001,"appliedX":-6.156000000000001,"appliedY":-6.156000000000001,"actualX":0,"actualY":0,"sensitivity":1.026,"currentZoomForScroll":1,"maxScrollStepX":16,"maxScrollStepY":16,"diagonalEvents":2,"clippedEvents":0}
[DebugBridge +381527.2ms] wheel_scroll_motion {"eventCount":2,"rawAbsX":2,"rawAbsY":4,"rawX":-2,"rawY":-4,"clippedAbsX":2,"clippedAbsY":4,"clippedX":-2,"clippedY":-4,"requestedAppliedX":-2.052,"requestedAppliedY":-4.212,"appliedX":-2.052,"appliedY":-4.212,"actualX":0,"actualY":0,"sensitivity":1.08,"currentZoomForScroll":1,"maxScrollStepX":16,"maxScrollStepY":16,"diagonalEvents":1,"clippedEvents":0}
[DebugBridge +381578.0ms] wheel_scroll_motion {"eventCount":2,"rawAbsX":2,"rawAbsY":2,"rawX":-2,"rawY":-2,"clippedAbsX":2,"clippedAbsY":2,"clippedX":-2,"clippedY":-2,"requestedAppliedX":-2.16,"requestedAppliedY":-2.16,"appliedX":-2.16,"appliedY":-2.16,"actualX":0,"actualY":0,"sensitivity":1.08,"currentZoomForScroll":1,"maxScrollStepX":16,"maxScrollStepY":16,"diagonalEvents":0,"clippedEvents":0}
[DebugBridge +381611.1ms] wheel_scroll_motion {"eventCount":1,"rawAbsX":0,"rawAbsY":2,"rawX":0,"rawY":-2,"clippedAbsX":0,"clippedAbsY":2,"clippedX":0,"clippedY":-2,"requestedAppliedX":0,"requestedAppliedY":-2.16,"appliedX":0,"appliedY":-2.16,"actualX":0,"actualY":0,"sensitivity":1.08,"currentZoomForScroll":1,"maxScrollStepX":16,"maxScrollStepY":16,"diagonalEvents":0,"clippedEvents":0}
[DebugBridge +381644.2ms] wheel_scroll_motion {"eventCount":1,"rawAbsX":0,"rawAbsY":2,"rawX":0,"rawY":-2,"clippedAbsX":0,"clippedAbsY":2,"clippedX":0,"clippedY":-2,"requestedAppliedX":0,"requestedAppliedY":-2.16,"appliedX":0,"appliedY":-2.16,"actualX":0,"actualY":0,"sensitivity":1.08,"currentZoomForScroll":1,"maxScrollStepX":16,"maxScrollStepY":16,"diagonalEvents":0,"clippedEvents":0}
[DebugBridge +381711.2ms] wheel_scroll_motion {"eventCount":1,"rawAbsX":0,"rawAbsY":2,"rawX":0,"rawY":-2,"clippedAbsX":0,"clippedAbsY":2,"clippedX":0,"clippedY":-2,"requestedAppliedX":0,"requestedAppliedY":-2.16,"appliedX":0,"appliedY":-2.16,"actualX":0,"actualY":0,"sensitivity":1.08,"currentZoomForScroll":1,"maxScrollStepX":16,"maxScrollStepY":16,"diagonalEvents":0,"clippedEvents":0}
[CloudSync][cutover-recovery] skipped — local view is not empty {"contextLabel":"cutover-focus-empty-view-recovery","documentId":"00e1cde9-449b-4771-9743-37bd604557a9","pdfId":"SE-011 Security Shop Drawing Rev2 - 05.06.25.pdf-26261080","cutoverTs":"2026-05-27T22:16:33.47+00:00","localFabricCount":533,"localCalloutCount":0}
[CloudSync][cutover-recovery] skipped — local view is not empty {"contextLabel":"cutover-focus-empty-view-recovery","documentId":"00e1cde9-449b-4771-9743-37bd604557a9","pdfId":"SE-011 Security Shop Drawing Rev2 - 05.06.25.pdf-26261080","cutoverTs":"2026-05-27T22:16:33.47+00:00","localFabricCount":533,"localCalloutCount":0}
[CloudSync][cutover-recovery] skipped — local view is not empty {"contextLabel":"cutover-focus-empty-view-recovery","documentId":"00e1cde9-449b-4771-9743-37bd604557a9","pdfId":"SE-011 Security Shop Drawing Rev2 - 05.06.25.pdf-26261080","cutoverTs":"2026-05-27T22:16:33.47+00:00","localFabricCount":533,"localCalloutCount":0}
[CloudSync][cutover-recovery] skipped — local view is not empty {"contextLabel":"cutover-focus-empty-view-recovery","documentId":"00e1cde9-449b-4771-9743-37bd604557a9","pdfId":"SE-011 Security Shop Drawing Rev2 - 05.06.25.pdf-26261080","cutoverTs":"2026-05-27T22:16:33.47+00:00","localFabricCount":533,"localCalloutCount":0}
[CloudSync][cutover-recovery] skipped — local view is not empty {"contextLabel":"cutover-focus-empty-view-recovery","documentId":"00e1cde9-449b-4771-9743-37bd604557a9","pdfId":"SE-011 Security Shop Drawing Rev2 - 05.06.25.pdf-26261080","cutoverTs":"2026-05-27T22:16:33.47+00:00","localFabricCount":533,"localCalloutCount":0}
[CloudSync][cutover-recovery] skipped — local view is not empty {"contextLabel":"cutover-focus-empty-view-recovery","documentId":"00e1cde9-449b-4771-9743-37bd604557a9","pdfId":"SE-011 Security Shop Drawing Rev2 - 05.06.25.pdf-26261080","cutoverTs":"2026-05-27T22:16:33.47+00:00","localFabricCount":533,"localCalloutCount":0}
[CloudSync][cutover-recovery] skipped — local view is not empty {"contextLabel":"cutover-focus-empty-view-recovery","documentId":"00e1cde9-449b-4771-9743-37bd604557a9","pdfId":"SE-011 Security Shop Drawing Rev2 - 05.06.25.pdf-26261080","cutoverTs":"2026-05-27T22:16:33.47+00:00","localFabricCount":533,"localCalloutCount":0}
[CloudSync][cutover-recovery] skipped — local view is not empty {"contextLabel":"cutover-focus-empty-view-recovery","documentId":"00e1cde9-449b-4771-9743-37bd604557a9","pdfId":"SE-011 Security Shop Drawing Rev2 - 05.06.25.pdf-26261080","cutoverTs":"2026-05-27T22:16:33.47+00:00","localFabricCount":533,"localCalloutCount":0}
[Cloud render cache] doc=SE-011 Security Shop Drawing Rev2 - 05.06.25.pdf-26261080 painting verified cloud snapshot immediately — count=533.
[CSeries wipe] doc=SE-011 Security Shop Drawing Rev2 - 05.06.25.pdf-26261080 skip — wipe already ran this session.
[CloudSync][hook] fabric state changed — debounce push scheduled {"pageCount":1,"objectCount":533,"priorObjectCount":533,"isWipePush":false,"deferredUntilPointerUp":false,"debounceMs":800}
[CloudSync][status] transition {"from":"idle","to":"pending","kind":"fabric","phase":null,"count":null,"queued":false,"error":null}
[AnnotationHydrationGate][first-page] {"documentId":"00e1cde9-449b-4771-9743-37bd604557a9","pdfId":"SE-011 Security Shop Drawing Rev2 - 05.06.25.pdf-26261080","pageNumber":1,"ready":true,"visualCoverActive":false,"normal":{"documentId":"00e1cde9-449b-4771-9743-37bd604557a9","pdfId":"SE-011 Security Shop Drawing Rev2 - 05.06.25.pdf-26261080","ready":true,"source":"supabase-durable-snapshot","normalReady":true,"cutoverTs":"2026-05-27T22:16:33.47+00:00","count":533,"calloutCount":0,"firstPaintGate":true},"survey":{"ready":false,"source":"supabase-highlight-starting","documentId":"00e1cde9-449b-4771-9743-37bd604557a9","pdfId":"SE-011 Security Shop Drawing Rev2 - 05.06.25.pdf-26261080"}}
[AnnotationHydrationGate][visual-cover] {"documentId":"00e1cde9-449b-4771-9743-37bd604557a9","pdfId":"SE-011 Security Shop Drawing Rev2 - 05.06.25.pdf-26261080","pageNumber":1,"active":false,"reason":"hydration-ready"}
[CloudSync][hook] fabric push debounce elapsed — pushing now {"debounceMs":800,"debounceElapsedMs":1208,"deferredQueuedMs":null,"actionType":"unknown"}
[Phase31 UAT] save:start {"documentId":"00e1cde9-449b-4771-9743-37bd604557a9","pdfId":"SE-011 Security Shop Drawing Rev2 - 05.06.25.pdf-26261080","userId":"170d915c-5741-4e0b-b03f-deaeedae27bd","legacyBulkUpsertEnabled":false,"crdtEnabled":true,"ydocMounted":true,"route":"supabase-durable-then-crdt","currentTotal":533,"currentDrawnByMe":0,"currentDrawnByOthers":533,"currentImported":0,"priorTotal":533,"priorDrawnByMe":0,"priorImported":0,"deltaTotal":0}
[CloudSync][status] transition {"from":"pending","to":"syncing","kind":"fabric","phase":null,"count":null,"queued":false,"error":null}
[CloudSync][delta] fabric prepared {"actionType":"unknown","changedIds":[],"deletedIds":[],"changedObjectCount":0,"changedCount":0,"dispatchedCount":0,"supabaseUpsertCount":0,"yDocUpdateCount":0,"debounceMs":800,"debounceElapsedMs":1208,"fullFanOutReason":null,"totalObjectCount":533,"priorObjectCount":533,"preciseSource":null,"preciseDeletedCount":null,"preciseChangedCount":null}
[CloudSync][push] upsertAnnotationsByPage: nothing to push (0 rows) {"documentId":"00e1cde9-449b-4771-9743-37bd604557a9","pdfId":"SE-011 Security Shop Drawing Rev2 - 05.06.25.pdf-26261080"}
[Phase31 UAT] save:fan-out done {"documentId":"00e1cde9-449b-4771-9743-37bd604557a9","pdfId":"SE-011 Security Shop Drawing Rev2 - 05.06.25.pdf-26261080","userId":"170d915c-5741-4e0b-b03f-deaeedae27bd","actionType":"unknown","dispatched":0,"yDocUpdateCount":0,"detected":0,"skippedSurveyMarkerOrCallout":0,"skippedOtherType":0,"rawTypeBreakdown":{},"resolvedTypeBreakdown":{},"skipReasons":{},"skipSamples":[],"yMapSizeAfter":533}
[CloudSync][hook] fabric push synced {"count":0}
[PreviewDiag] sync push {"kind":"fabric","count":0,"changedObjectCount":0,"deletedCount":0,"pageCount":0}
[CloudSync][status] transition {"from":"syncing","to":"synced","kind":"fabric","phase":null,"count":0,"queued":false,"error":null}
[Cloud render cache] doc=SE-011 Security Shop Drawing Rev2 - 05.06.25.pdf-26261080 painting verified cloud snapshot immediately — count=533.
[CSeries wipe] doc=SE-011 Security Shop Drawing Rev2 - 05.06.25.pdf-26261080 skip — wipe already ran this session.
console.warn @ [DocumentSync] survey-marker sync skipped unsafe hydrate-empty delete {"documentId":"00e1cde9-449b-4771-9743-37bd604557a9","priorCount":2,"currentCount":0,"hydrationSource":"supabase-highlight-starting"}
[CloudSync][hook] fabric state changed — debounce push scheduled {"pageCount":1,"objectCount":533,"priorObjectCount":533,"isWipePush":false,"deferredUntilPointerUp":false,"debounceMs":800}
[CloudSync][status] transition {"from":"synced","to":"pending","kind":"fabric","phase":null,"count":null,"queued":false,"error":null}
[AnnotationHydrationGate][first-page] {"documentId":"00e1cde9-449b-4771-9743-37bd604557a9","pdfId":"SE-011 Security Shop Drawing Rev2 - 05.06.25.pdf-26261080","pageNumber":1,"ready":true,"visualCoverActive":false,"normal":{"documentId":"00e1cde9-449b-4771-9743-37bd604557a9","pdfId":"SE-011 Security Shop Drawing Rev2 - 05.06.25.pdf-26261080","ready":true,"source":"supabase-durable-snapshot","normalReady":true,"cutoverTs":"2026-05-27T22:16:33.47+00:00","count":533,"calloutCount":0,"firstPaintGate":true},"survey":{"ready":false,"source":"supabase-highlight-starting","documentId":"00e1cde9-449b-4771-9743-37bd604557a9","pdfId":"SE-011 Security Shop Drawing Rev2 - 05.06.25.pdf-26261080"}}
[AnnotationHydrationGate][visual-cover] {"documentId":"00e1cde9-449b-4771-9743-37bd604557a9","pdfId":"SE-011 Security Shop Drawing Rev2 - 05.06.25.pdf-26261080","pageNumber":1,"active":false,"reason":"hydration-ready"}
[CloudSync][hook] fabric push debounce elapsed — pushing now {"debounceMs":800,"debounceElapsedMs":801,"deferredQueuedMs":null,"actionType":"unknown"}
[Phase31 UAT] save:start {"documentId":"00e1cde9-449b-4771-9743-37bd604557a9","pdfId":"SE-011 Security Shop Drawing Rev2 - 05.06.25.pdf-26261080","userId":"170d915c-5741-4e0b-b03f-deaeedae27bd","legacyBulkUpsertEnabled":false,"crdtEnabled":true,"ydocMounted":true,"route":"supabase-durable-then-crdt","currentTotal":533,"currentDrawnByMe":0,"currentDrawnByOthers":533,"currentImported":0,"priorTotal":533,"priorDrawnByMe":0,"priorImported":0,"deltaTotal":0}
[CloudSync][status] transition {"from":"pending","to":"syncing","kind":"fabric","phase":null,"count":null,"queued":false,"error":null}
[CloudSync][delta] fabric prepared {"actionType":"unknown","changedIds":[],"deletedIds":[],"changedObjectCount":0,"changedCount":0,"dispatchedCount":0,"supabaseUpsertCount":0,"yDocUpdateCount":0,"debounceMs":800,"debounceElapsedMs":801,"fullFanOutReason":null,"totalObjectCount":533,"priorObjectCount":533,"preciseSource":null,"preciseDeletedCount":null,"preciseChangedCount":null}
[CloudSync][push] upsertAnnotationsByPage: nothing to push (0 rows) {"documentId":"00e1cde9-449b-4771-9743-37bd604557a9","pdfId":"SE-011 Security Shop Drawing Rev2 - 05.06.25.pdf-26261080"}
[Phase31 UAT] save:fan-out done {"documentId":"00e1cde9-449b-4771-9743-37bd604557a9","pdfId":"SE-011 Security Shop Drawing Rev2 - 05.06.25.pdf-26261080","userId":"170d915c-5741-4e0b-b03f-deaeedae27bd","actionType":"unknown","dispatched":0,"yDocUpdateCount":0,"detected":0,"skippedSurveyMarkerOrCallout":0,"skippedOtherType":0,"rawTypeBreakdown":{},"resolvedTypeBreakdown":{},"skipReasons":{},"skipSamples":[],"yMapSizeAfter":533}
[CloudSync][hook] fabric push synced {"count":0}
[PreviewDiag] sync push {"kind":"fabric","count":0,"changedObjectCount":0,"deletedCount":0,"pageCount":0}
[CloudSync][status] transition {"from":"syncing","to":"synced","kind":"fabric","phase":null,"count":0,"queued":false,"error":null}
[CloudSync][cutover-recovery] skipped — local view is not empty {"contextLabel":"cutover-focus-empty-view-recovery","documentId":"00e1cde9-449b-4771-9743-37bd604557a9","pdfId":"SE-011 Security Shop Drawing Rev2 - 05.06.25.pdf-26261080","cutoverTs":"2026-05-27T22:16:33.47+00:00","localFabricCount":533,"localCalloutCount":0}
[CloudSync][cutover-recovery] skipped — local view is not empty {"contextLabel":"cutover-focus-empty-view-recovery","documentId":"00e1cde9-449b-4771-9743-37bd604557a9","pdfId":"SE-011 Security Shop Drawing Rev2 - 05.06.25.pdf-26261080","cutoverTs":"2026-05-27T22:16:33.47+00:00","localFabricCount":533,"localCalloutCount":0}
[CloudSync][cutover-recovery] skipped — local view is not empty {"contextLabel":"cutover-focus-empty-view-recovery","documentId":"00e1cde9-449b-4771-9743-37bd604557a9","pdfId":"SE-011 Security Shop Drawing Rev2 - 05.06.25.pdf-26261080","cutoverTs":"2026-05-27T22:16:33.47+00:00","localFabricCount":533,"localCalloutCount":0}
[SaveLog] global menu trigger — capturing console buffer
[SaveLog] wrote 261 lines locally
[SaveLog] local snapshot saved at /Users/isaiahcalvo/Documents/Projects/Active/Survey-BetaSafeS2/Logs/2026-05-28_01-31-32
[SaveLog] runPush start {"hasElectronApi":true,"hasPushLogFn":true,"hasGhTokenEnv":true,"payloadLength":86527}
[SaveLog] runPush start {"hasElectronApi":true,"hasPushLogFn":true,"hasGhTokenEnv":true,"payloadLength":86527}
[SaveLogBanner] GitHub push OK {"url":"https://github.com/IsaiahCalvo/Survey/blob/logs/mac-isaiahs-mbp-2026-05-28T01-31-37-545Z.log","filename":"mac-isaiahs-mbp-2026-05-28T01-31-37-545Z.log"}
[SaveLogBanner] GitHub push OK {"url":"https://github.com/IsaiahCalvo/Survey/blob/logs/mac-isaiahs-mbp-2026-05-28T01-31-37-527Z-11796-mpothuxj-1.log","filename":"mac-isaiahs-mbp-2026-05-28T01-31-37-527Z-11796-mpothuxj-1.log"}
[CloudSync][realtime] unsubscribing {"documentId":"00e1cde9-449b-4771-9743-37bd604557a9"}
[CloudSync][realtime] subscribe status {"status":"CLOSED","error":null}
[AnnotationHydrationGate][survey] supabase surveyMarkers start {"documentId":"00e1cde9-449b-4771-9743-37bd604557a9","pdfId":"SE-011 Security Shop Drawing Rev2 - 05.06.25.pdf-26261080","requestId":3,"preservedCount":0}
console.warn @ [DocumentSync] survey-marker sync skipped unsafe hydrate-empty delete {"documentId":"00e1cde9-449b-4771-9743-37bd604557a9","priorCount":2,"currentCount":0,"hydrationSource":"supabase-highlight-starting"}
[CloudSync][hook] hydrate effect fired {"enabled":true,"hydrateEnabled":true,"documentId":"00e1cde9-449b-4771-9743-37bd604557a9","userId":"170d915c-5741-4e0b-b03f-deaeedae27bd","pdfId":"SE-011 Security Shop Drawing Rev2 - 05.06.25.pdf-26261080"}
[AnnotationHydrationGate][normal] {"documentId":"00e1cde9-449b-4771-9743-37bd604557a9","pdfId":"SE-011 Security Shop Drawing Rev2 - 05.06.25.pdf-26261080","ready":false,"source":"starting","normalReady":false,"cutoverTs":"2026-05-27T22:16:33.47+00:00","count":null,"calloutCount":null,"firstPaintGate":true}
[CloudSync][hook] stage=hydrating
[CloudSync][hook] fabric push skipped — not hydrated yet
[CloudSync][hook] callout push skipped — not hydrated yet
[CloudSync][realtime] subscribing {"documentId":"00e1cde9-449b-4771-9743-37bd604557a9","currentUserId":"170d915c-5741-4e0b-b03f-deaeedae27bd","currentSessionId":"53d890dc-7803-4ae5-8b50-4a7ae46b9b9a","hasFabricInsert":true,"hasFabricUpdate":true,"hasFabricDelete":true,"hasCalloutInsert":true,"hasCalloutUpdate":true,"hasCalloutDelete":true}
[AnnotationHydrationGate][first-page] {"documentId":"00e1cde9-449b-4771-9743-37bd604557a9","pdfId":"SE-011 Security Shop Drawing Rev2 - 05.06.25.pdf-26261080","pageNumber":1,"ready":true,"visualCoverActive":false,"normal":{"documentId":"00e1cde9-449b-4771-9743-37bd604557a9","pdfId":"SE-011 Security Shop Drawing Rev2 - 05.06.25.pdf-26261080","ready":true,"source":"supabase-durable-snapshot","normalReady":true,"cutoverTs":"2026-05-27T22:16:33.47+00:00","count":533,"calloutCount":0,"firstPaintGate":true},"survey":{"ready":false,"source":"supabase-highlight-starting","documentId":"00e1cde9-449b-4771-9743-37bd604557a9","pdfId":"SE-011 Security Shop Drawing Rev2 - 05.06.25.pdf-26261080"}}
[AnnotationHydrationGate][visual-cover] {"documentId":"00e1cde9-449b-4771-9743-37bd604557a9","pdfId":"SE-011 Security Shop Drawing Rev2 - 05.06.25.pdf-26261080","pageNumber":1,"active":false,"reason":"hydration-ready"}
[Cloud render cache] doc=SE-011 Security Shop Drawing Rev2 - 05.06.25.pdf-26261080 painting verified cloud snapshot immediately — count=533.
[CSeries wipe] doc=SE-011 Security Shop Drawing Rev2 - 05.06.25.pdf-26261080 skip — wipe already ran this session.
[CloudSync][realtime] unsubscribing {"documentId":"00e1cde9-449b-4771-9743-37bd604557a9"}
[CloudSync][realtime] subscribe status {"status":"CLOSED","error":null}
[AnnotationHydrationGate][first-page] {"documentId":"00e1cde9-449b-4771-9743-37bd604557a9","pdfId":"SE-011 Security Shop Drawing Rev2 - 05.06.25.pdf-26261080","pageNumber":1,"ready":true,"visualCoverActive":false,"normal":{"documentId":"00e1cde9-449b-4771-9743-37bd604557a9","pdfId":"SE-011 Security Shop Drawing Rev2 - 05.06.25.pdf-26261080","ready":false,"source":"starting","normalReady":false,"cutoverTs":"2026-05-27T22:16:33.47+00:00","count":null,"calloutCount":null,"firstPaintGate":true},"survey":{"ready":false,"source":"supabase-highlight-starting","documentId":"00e1cde9-449b-4771-9743-37bd604557a9","pdfId":"SE-011 Security Shop Drawing Rev2 - 05.06.25.pdf-26261080"}}
[AnnotationHydrationGate][visual-cover] {"documentId":"00e1cde9-449b-4771-9743-37bd604557a9","pdfId":"SE-011 Security Shop Drawing Rev2 - 05.06.25.pdf-26261080","pageNumber":1,"active":false,"reason":"hydration-ready"}
[SURVEY-MARKER-SYNC][load.legacy][pdf=SE-011 Security Shop Drawing Rev2 - 05.06.25.pdf] {"documentId":"00e1cde9-449b-4771-9743-37bd604557a9","totalRows":2,"fabricCarryingDropped":0,"keptCount":2,"keptIds":["surveyMarker-1779904559372-qki2mfl7w","surveyMarker-1779904563488-f0nchrezn"]}
[AnnotationHydrationGate][survey] supabase surveyMarkers complete {"documentId":"00e1cde9-449b-4771-9743-37bd604557a9","pdfId":"SE-011 Security Shop Drawing Rev2 - 05.06.25.pdf-26261080","requestId":3,"count":2,"wasCancelledSameDocument":false,"durationMs":1388}
[AnnotationHydrationGate][first-page] {"documentId":"00e1cde9-449b-4771-9743-37bd604557a9","pdfId":"SE-011 Security Shop Drawing Rev2 - 05.06.25.pdf-26261080","pageNumber":1,"ready":true,"visualCoverActive":false,"normal":{"documentId":"00e1cde9-449b-4771-9743-37bd604557a9","pdfId":"SE-011 Security Shop Drawing Rev2 - 05.06.25.pdf-26261080","ready":false,"source":"starting","normalReady":false,"cutoverTs":"2026-05-27T22:16:33.47+00:00","count":null,"calloutCount":null,"firstPaintGate":true},"survey":{"ready":true,"source":"supabase-highlight","documentId":"00e1cde9-449b-4771-9743-37bd604557a9","pdfId":"SE-011 Security Shop Drawing Rev2 - 05.06.25.pdf-26261080","count":2,"durationMs":1388}}
[AnnotationHydrationGate][visual-cover] {"documentId":"00e1cde9-449b-4771-9743-37bd604557a9","pdfId":"SE-011 Security Shop Drawing Rev2 - 05.06.25.pdf-26261080","pageNumber":1,"active":false,"reason":"hydration-ready"}
[CloudSync][hook] cutover-complete hydrate — reading from Y.Doc {"documentId":"00e1cde9-449b-4771-9743-37bd604557a9","cutoverTs":"2026-05-27T22:16:33.47+00:00"}
[Phase31 UAT] hydrate:cutover-sealed {"documentId":"00e1cde9-449b-4771-9743-37bd604557a9","pdfId":"SE-011 Security Shop Drawing Rev2 - 05.06.25.pdf-26261080","cutoverTs":"2026-05-27T22:16:33.47+00:00","yMapSize":533,"yMapCalloutsSize":0,"materializedTotal":533,"materializedCallouts":0,"materializedDrawnByMe":533,"materializedDrawnByOthers":0,"materializedImported":0,"pages":1,"perPage":{"1":533},"currentStateCount":533,"ydocLooksDegenerate":false}
[Phase31 UAT] hydrate:cutover-sealed:by-type {"documentId":"00e1cde9-449b-4771-9743-37bd604557a9","pdfFile":"SE-011 Security Shop Drawing Rev2 - 05.06.25.pdf-26261080","viewerUserId":"170d915c-5741-4e0b-b03f-deaeedae27bd","yMapTotal":533,"yMapCalloutsTotal":0,"yMapByType":{"path":10,"polygon":1,"rect":494,"ellipse":4,"textbox":9,"circle":11,"line":4},"yMapByAuthor":{"byMe":533,"byOthers":0,"anonymous":0},"yMapByTypeByAuthor":{"path":{"byMe":10,"byOthers":0,"anonymous":0},"polygon":{"byMe":1,"byOthers":0,"anonymous":0},"rect":{"byMe":494,"byOthers":0,"anonymous":0},"ellipse":{"byMe":4,"byOthers":0,"anonymous":0},"textbox":{"byMe":9,"byOthers":0,"anonymous":0},"circle":{"byMe":11,"byOthers":0,"anonymous":0},"line":{"byMe":4,"byOthers":0,"anonymous":0}},"yMapPerTypePerPage":{"path":{"unknown":10},"polygon":{"unknown":1},"rect":{"unknown":494},"ellipse":{"unknown":4},"textbox":{"unknown":9},"circle":{"unknown":11},"line":{"unknown":4}},"byPageTotal":533,"byPageByType":{"path":10,"polygon":1,"rect":494,"ellipse":4,"textbox":9,"circle":11,"line":4},"byPagePerPagePerType":{"1":{"path":10,"polygon":1,"rect":494,"ellipse":4,"textbox":9,"circle":11,"line":4}}}
[CloudSync][hydrate] loadAllNonSurveyMarkerAnnotations start {"documentId":"00e1cde9-449b-4771-9743-37bd604557a9"}
[CloudSync][hook] fabric push skipped — not hydrated yet
[CloudSync][hook] callout push skipped — not hydrated yet
[CloudSync][realtime] subscribing {"documentId":"00e1cde9-449b-4771-9743-37bd604557a9","currentUserId":"170d915c-5741-4e0b-b03f-deaeedae27bd","currentSessionId":"53d890dc-7803-4ae5-8b50-4a7ae46b9b9a","hasFabricInsert":true,"hasFabricUpdate":true,"hasFabricDelete":true,"hasCalloutInsert":true,"hasCalloutUpdate":true,"hasCalloutDelete":true}
[CloudSync][realtime] subscribe status {"status":"SUBSCRIBED","error":null}
[CloudSync][cutover-recovery] skipped — local view is not empty {"contextLabel":"cutover-post-subscribe-empty-view-recovery","documentId":"00e1cde9-449b-4771-9743-37bd604557a9","pdfId":"SE-011 Security Shop Drawing Rev2 - 05.06.25.pdf-26261080","cutoverTs":"2026-05-27T22:16:33.47+00:00","localFabricCount":533,"localCalloutCount":0}
[CloudSync][hydrate] loadAllNonSurveyMarkerAnnotations ok {"elapsedMs":614,"totalRowsScanned":533,"scanned":{"nonSurveyMarker":533,"legacyFabricSurveyMarkers":0},"totalRows":533,"rowsByType":{"circle":4,"freetext":9,"counter":11,"line":4,"ink":10,"square":494,"polygon":1},"pagesWithObjects":1,"calloutCount":0}
[CloudSync][verify] first read summary {"contextLabel":"cutover-source-of-truth","documentId":"00e1cde9-449b-4771-9743-37bd604557a9","elapsedMs":615,"firstFabricPages":1,"firstFabricObjects":533,"firstCallouts":0,"firstEmpty":false,"localFabricCount":533,"localCalloutCount":0,"localHasData":true,"willVerify":false}
[CloudSync][source-of-truth] cutover initial hydrate selected Supabase durable snapshot {"documentId":"00e1cde9-449b-4771-9743-37bd604557a9","pdfId":"SE-011 Security Shop Drawing Rev2 - 05.06.25.pdf-26261080","cutoverTs":"2026-05-27T22:16:33.47+00:00","ydocFabricCount":533,"ydocCalloutCount":0,"supabaseFabricCount":533,"supabaseCalloutCount":0,"rule":"Supabase durable snapshot wins initial load; Y.Doc is reshaped for live collaboration"}
[UndoDiag] {"seq":7,"order":null,"at":"2026-05-28T01:33:11.120Z","event":"yjs_history_added","actionType":"undo","rawActionType":"undo","annotationType":"fabric","annotationId":"ink-1779059134630-7vbv4tt1i","pageNumber":null,"lane":"Yjs/CRDT history","receivedStack":"yjsUndoStack","chosenStack":null,"chosenLane":"Yjs/CRDT history","decisionReason":null,"undoDepth":2,"redoDepth":0}
[Phase31 UAT] save:fan-out done {"documentId":"00e1cde9-449b-4771-9743-37bd604557a9","pdfId":"SE-011 Security Shop Drawing Rev2 - 05.06.25.pdf-26261080","userId":"170d915c-5741-4e0b-b03f-deaeedae27bd","actionType":null,"dispatched":533,"yDocUpdateCount":533,"detected":533,"skippedSurveyMarkerOrCallout":0,"skippedOtherType":0,"rawTypeBreakdown":{"ellipse":4,"textbox":9,"counter":11,"line":1,"arrow":3,"pen":8,"highlighter":1,"rect":494,"polygon":1,"path":1},"resolvedTypeBreakdown":{"circle":4,"freetext":9,"counter":11,"line":4,"ink":10,"square":494,"polygon":1},"skipReasons":{},"skipSamples":[],"yMapSizeAfter":533}
[CloudSync][hook] callout Y.Doc fan-out done {"documentId":"00e1cde9-449b-4771-9743-37bd604557a9","pdfId":"SE-011 Security Shop Drawing Rev2 - 05.06.25.pdf-26261080","userId":"170d915c-5741-4e0b-b03f-deaeedae27bd","actionType":"callout:delta","upserted":0,"deleted":0,"yDocUpdateCount":0,"yMapCalloutsSizeAfter":0}
[AnnotationHydrationGate][normal] {"documentId":"00e1cde9-449b-4771-9743-37bd604557a9","pdfId":"SE-011 Security Shop Drawing Rev2 - 05.06.25.pdf-26261080","ready":true,"source":"supabase-durable-snapshot","normalReady":true,"cutoverTs":"2026-05-27T22:16:33.47+00:00","count":533,"calloutCount":0,"firstPaintGate":true}
[AnnotationHydrationGate][first-page] {"documentId":"00e1cde9-449b-4771-9743-37bd604557a9","pdfId":"SE-011 Security Shop Drawing Rev2 - 05.06.25.pdf-26261080","pageNumber":1,"ready":true,"visualCoverActive":false,"normal":{"documentId":"00e1cde9-449b-4771-9743-37bd604557a9","pdfId":"SE-011 Security Shop Drawing Rev2 - 05.06.25.pdf-26261080","ready":true,"source":"supabase-durable-snapshot","normalReady":true,"cutoverTs":"2026-05-27T22:16:33.47+00:00","count":533,"calloutCount":0,"firstPaintGate":true},"survey":{"ready":true,"source":"supabase-highlight","documentId":"00e1cde9-449b-4771-9743-37bd604557a9","pdfId":"SE-011 Security Shop Drawing Rev2 - 05.06.25.pdf-26261080","count":2,"durationMs":1388}}
[AnnotationHydrationGate][visual-cover] {"documentId":"00e1cde9-449b-4771-9743-37bd604557a9","pdfId":"SE-011 Security Shop Drawing Rev2 - 05.06.25.pdf-26261080","pageNumber":1,"active":false,"reason":"hydration-ready"}
[PDFImport] skipped embedded PDF annotation import — cloud/Y.Doc is authoritative {"documentId":"00e1cde9-449b-4771-9743-37bd604557a9"}
[PDFCounterImport] summary {"marker":"survey-counter","metadataKey":"SurveyApp","counterAnnotationsImported":0,"plainCirclesImported":0,"counterMetadataParseFailures":0,"appCalloutMarker":"survey-callout","appCalloutMetadataKey":"SurveyAppCallout","appCalloutAnnotationsImported":0,"appCalloutPiecesSkipped":0}
[PDFAppLayerStateImport] summary {"found":false,"documentId":null,"exportId":null,"scopedAnnotationPages":0,"scopedCallouts":0,"surveyMarkers":0,"spaces":0}
[PDFImport] native layer policy {"documentId":"00e1cde9-449b-4771-9743-37bd604557a9","cloudAuthoritative":true,"reason":"cloud/Y.Doc annotations are authoritative; native PDF annotation layer is hidden when all renderable native annotations are accounted for by importer diagnostics.","pages":{"1":{"hideNativeLayer":true,"nativeRenderableAnnotationCount":2,"nativeOnlyAnnotationCount":0,"reason":"all-renderable-native-annotations-imported-as-editable-app-annotations"},"2":{"hideNativeLayer":false,"nativeRenderableAnnotationCount":0,"nativeOnlyAnnotationCount":0,"reason":"no-renderable-native-annotations"},"3":{"hideNativeLayer":false,"nativeRenderableAnnotationCount":0,"nativeOnlyAnnotationCount":0,"reason":"no-renderable-native-annotations"},"4":{"hideNativeLayer":false,"nativeRenderableAnnotationCount":0,"nativeOnlyAnnotationCount":0,"reason":"no-renderable-native-annotations"},"5":{"hideNativeLayer":false,"nativeRenderableAnnotationCount":0,"nativeOnlyAnnotationCount":0,"reason":"no-renderable-native-annotations"},"6":{"hideNativeLayer":false,"nativeRenderableAnnotationCount":0,"nativeOnlyAnnotationCount":0,"reason":"no-renderable-native-annotations"},"7":{"hideNativeLayer":false,"nativeRenderableAnnotationCount":0,"nativeOnlyAnnotationCount":0,"reason":"no-renderable-native-annotations"},"8":{"hideNativeLayer":false,"nativeRenderableAnnotationCount":0,"nativeOnlyAnnotationCount":0,"reason":"no-renderable-native-annotations"},"9":{"hideNativeLayer":false,"nativeRenderableAnnotationCount":0,"nativeOnlyAnnotationCount":0,"reason":"no-renderable-native-annotations"},"10":{"hideNativeLayer":false,"nativeRenderableAnnotationCount":0,"nativeOnlyAnnotationCount":0,"reason":"no-renderable-native-annotations"},"11":{"hideNativeLayer":false,"nativeRenderableAnnotationCount":0,"nativeOnlyAnnotationCount":0,"reason":"no-renderable-native-annotations"},"12":{"hideNativeLayer":false,"nativeRenderableAnnotationCount":0,"nativeOnlyAnnotationCount":0,"reason":"no-renderable-native-annotations"},"13":{"hideNativeLayer":false,"nativeRenderableAnnotationCount":0,"nativeOnlyAnnotationCount":0,"reason":"no-renderable-native-annotations"},"14":{"hideNativeLayer":false,"nativeRenderableAnnotationCount":0,"nativeOnlyAnnotationCount":0,"reason":"no-renderable-native-annotations"},"15":{"hideNativeLayer":false,"nativeRenderableAnnotationCount":0,"nativeOnlyAnnotationCount":0,"reason":"no-renderable-native-annotations"},"16":{"hideNativeLayer":false,"nativeRenderableAnnotationCount":0,"nativeOnlyAnnotationCount":0,"reason":"no-renderable-native-annotations"},"17":{"hideNativeLayer":false,"nativeRenderableAnnotationCount":0,"nativeOnlyAnnotationCount":0,"reason":"no-renderable-native-annotations"},"18":{"hideNativeLayer":false,"nativeRenderableAnnotationCount":0,"nativeOnlyAnnotationCount":0,"reason":"no-renderable-native-annotations"},"19":{"hideNativeLayer":false,"nativeRenderableAnnotationCount":0,"nativeOnlyAnnotationCount":0,"reason":"no-renderable-native-annotations"},"20":{"hideNativeLayer":false,"nativeRenderableAnnotationCount":0,"nativeOnlyAnnotationCount":0,"reason":"no-renderable-native-annotations"},"21":{"hideNativeLayer":false,"nativeRenderableAnnotationCount":0,"nativeOnlyAnnotationCount":0,"reason":"no-renderable-native-annotations"},"22":{"hideNativeLayer":false,"nativeRenderableAnnotationCount":0,"nativeOnlyAnnotationCount":0,"reason":"no-renderable-native-annotations"},"23":{"hideNativeLayer":false,"nativeRenderableAnnotationCount":0,"nativeOnlyAnnotationCount":0,"reason":"no-renderable-native-annotations"},"24":{"hideNativeLayer":false,"nativeRenderableAnnotationCount":0,"nativeOnlyAnnotationCount":0,"reason":"no-renderable-native-annotations"},"25":{"hideNativeLayer":false,"nativeRenderableAnnotationCount":0,"nativeOnlyAnnotationCount":0,"reason":"no-renderable-native-annotations"},"26":{"hideNativeLayer":false,"nativeRenderableAnnotationCount":0,"nativeOnlyAnnotationCount":0,"reason":"no-renderable-native-annotations"},"27":{"hideN... [truncated 24 chars]
[PrintPanel] RENDER — panel closed
[SVGAnnotationLayer] setRotInputVisible(false) reason=no single rotation target selected
[SVGAnnotationLayer] setRotInputVisible(false) reason=no single rotation target selected
[DebugBridge +4004146.1ms] pdf_loaded {"pageCount":99,"currentPage":1}
[HyperlinkDiag] post-load scan {"hyperlinkCount":0,"samples":[]}
[HyperlinkDiag] page 1 layers {"hyperlinkChildren":0,"layerClasses":["DIV","e-spinner-pane e-spin-hide","e-pv-page-canvas","e-pv-text-layer","e-pv-annotation-canvas","DIV","IMG","IMG","IMG","IMG"]}
[HyperlinkDiag] page 2 layers {"hyperlinkChildren":0,"layerClasses":["DIV","e-spinner-pane e-spin-hide","e-pv-page-canvas","e-pv-text-layer","e-pv-annotation-canvas","DIV","IMG","IMG","IMG","IMG"]}
[HyperlinkDiag] page 3 layers {"hyperlinkChildren":0,"layerClasses":["DIV","e-spinner-pane e-spin-hide","e-pv-page-canvas","e-pv-text-layer","e-pv-annotation-canvas","DIV","IMG","IMG"]}
[HyperlinkDiag] page 4 layers {"hyperlinkChildren":0,"layerClasses":["DIV","e-spinner-pane e-spin-show","e-pv-page-canvas","e-pv-text-layer","e-pv-annotation-canvas","DIV"]}
[HyperlinkDiag] page 5 layers {"hyperlinkChildren":0,"layerClasses":["DIV","e-spinner-pane e-spin-show","e-pv-page-canvas","e-pv-text-layer","e-pv-annotation-canvas","DIV"]}
[HyperlinkDiag] page 6 layers {"hyperlinkChildren":0,"layerClasses":["DIV","e-spinner-pane e-spin-show","e-pv-page-canvas","e-pv-text-layer","e-pv-annotation-canvas","DIV"]}
[HyperlinkDiag] page 7 layers {"hyperlinkChildren":0,"layerClasses":["DIV","e-spinner-pane e-spin-show","e-pv-page-canvas","e-pv-text-layer","e-pv-annotation-canvas","DIV"]}
[HyperlinkDiag] page 8 layers {"hyperlinkChildren":0,"layerClasses":["DIV","e-spinner-pane e-spin-show","e-pv-page-canvas","e-pv-text-layer","e-pv-annotation-canvas","DIV"]}
[HyperlinkDiag] page 9 layers {"hyperlinkChildren":0,"layerClasses":["DIV","e-spinner-pane e-spin-show","e-pv-page-canvas","e-pv-text-layer","e-pv-annotation-canvas","DIV"]}
[HyperlinkDiag] page 10 layers {"hyperlinkChildren":0,"layerClasses":["DIV","e-spinner-pane e-spin-show","e-pv-page-canvas","e-pv-text-layer","e-pv-annotation-canvas","DIV"]}
[CloudSync][realtime] subscribe status {"status":"CHANNEL_ERROR","error":null}
[CloudSync][realtime] subscribe status {"status":"SUBSCRIBED","error":null}
[CloudSync][cutover-recovery] skipped — local view is not empty {"contextLabel":"cutover-post-subscribe-empty-view-recovery","documentId":"00e1cde9-449b-4771-9743-37bd604557a9","pdfId":"SE-011 Security Shop Drawing Rev2 - 05.06.25.pdf-26261080","cutoverTs":"2026-05-27T22:16:33.47+00:00","localFabricCount":533,"localCalloutCount":0}
[CloudSync][realtime] subscribe status {"status":"CHANNEL_ERROR","error":null}
[CloudSync][realtime] subscribe status {"status":"SUBSCRIBED","error":null}
[CloudSync][cutover-recovery] skipped — local view is not empty {"contextLabel":"cutover-post-subscribe-empty-view-recovery","documentId":"00e1cde9-449b-4771-9743-37bd604557a9","pdfId":"SE-011 Security Shop Drawing Rev2 - 05.06.25.pdf-26261080","cutoverTs":"2026-05-27T22:16:33.47+00:00","localFabricCount":533,"localCalloutCount":0}
[CloudSync][cutover-recovery] skipped — local view is not empty {"contextLabel":"cutover-focus-empty-view-recovery","documentId":"00e1cde9-449b-4771-9743-37bd604557a9","pdfId":"SE-011 Security Shop Drawing Rev2 - 05.06.25.pdf-26261080","cutoverTs":"2026-05-27T22:16:33.47+00:00","localFabricCount":533,"localCalloutCount":0}
[CloudSync][cutover-recovery] skipped — local view is not empty {"contextLabel":"cutover-focus-empty-view-recovery","documentId":"00e1cde9-449b-4771-9743-37bd604557a9","pdfId":"SE-011 Security Shop Drawing Rev2 - 05.06.25.pdf-26261080","cutoverTs":"2026-05-27T22:16:33.47+00:00","localFabricCount":533,"localCalloutCount":0}
[CloudSync][cutover-recovery] skipped — local view is not empty {"contextLabel":"cutover-focus-empty-view-recovery","documentId":"00e1cde9-449b-4771-9743-37bd604557a9","pdfId":"SE-011 Security Shop Drawing Rev2 - 05.06.25.pdf-26261080","cutoverTs":"2026-05-27T22:16:33.47+00:00","localFabricCount":533,"localCalloutCount":0}
[CloudSync][realtime] subscribe status {"status":"CHANNEL_ERROR","error":null}
[CloudSync][realtime] subscribe status {"status":"SUBSCRIBED","error":null}
[CloudSync][cutover-recovery] skipped — local view is not empty {"contextLabel":"cutover-post-subscribe-empty-view-recovery","documentId":"00e1cde9-449b-4771-9743-37bd604557a9","pdfId":"SE-011 Security Shop Drawing Rev2 - 05.06.25.pdf-26261080","cutoverTs":"2026-05-27T22:16:33.47+00:00","localFabricCount":533,"localCalloutCount":0}
[CloudSync][cutover-recovery] skipped — local view is not empty {"contextLabel":"cutover-focus-empty-view-recovery","documentId":"00e1cde9-449b-4771-9743-37bd604557a9","pdfId":"SE-011 Security Shop Drawing Rev2 - 05.06.25.pdf-26261080","cutoverTs":"2026-05-27T22:16:33.47+00:00","localFabricCount":533,"localCalloutCount":0}
[CloudSync][cutover-recovery] skipped — local view is not empty {"contextLabel":"cutover-focus-empty-view-recovery","documentId":"00e1cde9-449b-4771-9743-37bd604557a9","pdfId":"SE-011 Security Shop Drawing Rev2 - 05.06.25.pdf-26261080","cutoverTs":"2026-05-27T22:16:33.47+00:00","localFabricCount":533,"localCalloutCount":0}
[Cloud render cache] doc=SE-011 Security Shop Drawing Rev2 - 05.06.25.pdf-26261080 painting verified cloud snapshot immediately — count=533.
[CSeries wipe] doc=SE-011 Security Shop Drawing Rev2 - 05.06.25.pdf-26261080 skip — wipe already ran this session.
[CloudSync][hook] fabric state changed — debounce push scheduled {"pageCount":1,"objectCount":533,"priorObjectCount":533,"isWipePush":false,"deferredUntilPointerUp":false,"debounceMs":800}
[CloudSync][status] transition {"from":"synced","to":"pending","kind":"fabric","phase":null,"count":null,"queued":false,"error":null}
[AnnotationHydrationGate][first-page] {"documentId":"00e1cde9-449b-4771-9743-37bd604557a9","pdfId":"SE-011 Security Shop Drawing Rev2 - 05.06.25.pdf-26261080","pageNumber":1,"ready":true,"visualCoverActive":false,"normal":{"documentId":"00e1cde9-449b-4771-9743-37bd604557a9","pdfId":"SE-011 Security Shop Drawing Rev2 - 05.06.25.pdf-26261080","ready":true,"source":"supabase-durable-snapshot","normalReady":true,"cutoverTs":"2026-05-27T22:16:33.47+00:00","count":533,"calloutCount":0,"firstPaintGate":true},"survey":{"ready":false,"source":"supabase-highlight-starting","documentId":"00e1cde9-449b-4771-9743-37bd604557a9","pdfId":"SE-011 Security Shop Drawing Rev2 - 05.06.25.pdf-26261080"}}
[AnnotationHydrationGate][visual-cover] {"documentId":"00e1cde9-449b-4771-9743-37bd604557a9","pdfId":"SE-011 Security Shop Drawing Rev2 - 05.06.25.pdf-26261080","pageNumber":1,"active":false,"reason":"hydration-ready"}
[CloudSync][hook] fabric push debounce elapsed — pushing now {"debounceMs":800,"debounceElapsedMs":801,"deferredQueuedMs":null,"actionType":"unknown"}
[Phase31 UAT] save:start {"documentId":"00e1cde9-449b-4771-9743-37bd604557a9","pdfId":"SE-011 Security Shop Drawing Rev2 - 05.06.25.pdf-26261080","userId":"170d915c-5741-4e0b-b03f-deaeedae27bd","legacyBulkUpsertEnabled":false,"crdtEnabled":true,"ydocMounted":true,"route":"supabase-durable-then-crdt","currentTotal":533,"currentDrawnByMe":0,"currentDrawnByOthers":533,"currentImported":0,"priorTotal":533,"priorDrawnByMe":0,"priorImported":0,"deltaTotal":0}
[CloudSync][status] transition {"from":"pending","to":"syncing","kind":"fabric","phase":null,"count":null,"queued":false,"error":null}
[CloudSync][delta] fabric prepared {"actionType":"unknown","changedIds":[],"deletedIds":[],"changedObjectCount":0,"changedCount":0,"dispatchedCount":0,"supabaseUpsertCount":0,"yDocUpdateCount":0,"debounceMs":800,"debounceElapsedMs":801,"fullFanOutReason":null,"totalObjectCount":533,"priorObjectCount":533,"preciseSource":null,"preciseDeletedCount":null,"preciseChangedCount":null}
[CloudSync][push] upsertAnnotationsByPage: nothing to push (0 rows) {"documentId":"00e1cde9-449b-4771-9743-37bd604557a9","pdfId":"SE-011 Security Shop Drawing Rev2 - 05.06.25.pdf-26261080"}
[Phase31 UAT] save:fan-out done {"documentId":"00e1cde9-449b-4771-9743-37bd604557a9","pdfId":"SE-011 Security Shop Drawing Rev2 - 05.06.25.pdf-26261080","userId":"170d915c-5741-4e0b-b03f-deaeedae27bd","actionType":"unknown","dispatched":0,"yDocUpdateCount":0,"detected":0,"skippedSurveyMarkerOrCallout":0,"skippedOtherType":0,"rawTypeBreakdown":{},"resolvedTypeBreakdown":{},"skipReasons":{},"skipSamples":[],"yMapSizeAfter":533}
[CloudSync][hook] fabric push synced {"count":0}
[PreviewDiag] sync push {"kind":"fabric","count":0,"changedObjectCount":0,"deletedCount":0,"pageCount":0}
[CloudSync][status] transition {"from":"syncing","to":"synced","kind":"fabric","phase":null,"count":0,"queued":false,"error":null}
[CloudSync][cutover-recovery] skipped — local view is not empty {"contextLabel":"cutover-focus-empty-view-recovery","documentId":"00e1cde9-449b-4771-9743-37bd604557a9","pdfId":"SE-011 Security Shop Drawing Rev2 - 05.06.25.pdf-26261080","cutoverTs":"2026-05-27T22:16:33.47+00:00","localFabricCount":533,"localCalloutCount":0}

===== Undo/Redo Chronology =====
events=8
lanes=local annotation history | callout history | legacy history | Yjs/CRDT history
{"seq":1,"order":null,"at":"2026-05-28T00:26:35.788Z","event":"history_reset_for_pdf_change","actionType":"pdf:change","rawActionType":"pdf:change","annotationType":null,"annotationId":null,"pageNumber":null,"lane":null,"receivedStack":null,"chosenStack":null,"chosenLane":null,"decisionReason":null,"undoDepth":0,"redoDepth":0}
{"seq":2,"order":null,"at":"2026-05-28T00:29:42.348Z","event":"history_reset_for_pdf_change","actionType":"pdf:change","rawActionType":"pdf:change","annotationType":null,"annotationId":null,"pageNumber":null,"lane":null,"receivedStack":null,"chosenStack":null,"chosenLane":null,"decisionReason":null,"undoDepth":0,"redoDepth":0}
{"seq":3,"order":null,"at":"2026-05-28T00:29:44.074Z","event":"yjs_history_added","actionType":"undo","rawActionType":"undo","annotationType":"fabric","annotationId":"ink-1779059134630-7vbv4tt1i","pageNumber":null,"lane":"Yjs/CRDT history","receivedStack":"yjsUndoStack","chosenStack":null,"chosenLane":"Yjs/CRDT history","decisionReason":null,"undoDepth":1,"redoDepth":0}
{"seq":4,"order":null,"at":"2026-05-28T01:15:08.354Z","event":"history_reset_for_pdf_change","actionType":"pdf:change","rawActionType":"pdf:change","annotationType":null,"annotationId":null,"pageNumber":null,"lane":null,"receivedStack":null,"chosenStack":null,"chosenLane":null,"decisionReason":null,"undoDepth":0,"redoDepth":0}
{"seq":5,"order":null,"at":"2026-05-28T01:24:17.953Z","event":"history_reset_for_pdf_change","actionType":"pdf:change","rawActionType":"pdf:change","annotationType":null,"annotationId":null,"pageNumber":null,"lane":null,"receivedStack":null,"chosenStack":null,"chosenLane":null,"decisionReason":null,"undoDepth":0,"redoDepth":0}
{"seq":6,"order":null,"at":"2026-05-28T01:33:09.085Z","event":"history_reset_for_pdf_change","actionType":"pdf:change","rawActionType":"pdf:change","annotationType":null,"annotationId":null,"pageNumber":null,"lane":null,"receivedStack":null,"chosenStack":null,"chosenLane":null,"decisionReason":null,"undoDepth":0,"redoDepth":0}
{"seq":7,"order":null,"at":"2026-05-28T01:33:11.120Z","event":"yjs_history_added","actionType":"undo","rawActionType":"undo","annotationType":"fabric","annotationId":"ink-1779059134630-7vbv4tt1i","pageNumber":null,"lane":"Yjs/CRDT history","receivedStack":"yjsUndoStack","chosenStack":null,"chosenLane":"Yjs/CRDT history","decisionReason":null,"undoDepth":2,"redoDepth":0}
{"seq":8,"order":null,"at":"2026-05-28T02:13:16.853Z","event":"history_reset_for_pdf_change","actionType":"pdf:change","rawActionType":"pdf:change","annotationType":null,"annotationId":null,"pageNumber":null,"lane":null,"receivedStack":null,"chosenStack":null,"chosenLane":null,"decisionReason":null,"undoDepth":0,"redoDepth":0}
===== End Undo/Redo Chronology =====
