===== SurveyApp Save Log =====
version:   0.1.45
runtime:   dev-server
platform:  desktop
device:    Mac
os:        macOS 10.15.7
screen:    1512x982 @2x
viewport:  1203x826
locale:    en-US
timestamp: 2026-05-12T13:08:29.630Z (5/12/2026, 9:08:29 AM)
==============================
[CloudSync][realtime] echo-filtered UPDATE {"highlightId":"counter-1777599583517-tqhuqk9mg","annotationType":"counter","lastModifiedBy":"170d915c-5741-4e0b-b03f-deaeedae27bd","rowSessionId":"64c7b2f8-1aa6-4f8e-b205-04ef09f20658","currentSessionId":"64c7b2f8-1aa6-4f8e-b205-04ef09f20658","reason":"same-session"}
[CloudSync][realtime] echo-filtered UPDATE {"highlightId":"counter-1777599583873-hut8vwytj","annotationType":"counter","lastModifiedBy":"170d915c-5741-4e0b-b03f-deaeedae27bd","rowSessionId":"64c7b2f8-1aa6-4f8e-b205-04ef09f20658","currentSessionId":"64c7b2f8-1aa6-4f8e-b205-04ef09f20658","reason":"same-session"}
[CloudSync][realtime] echo-filtered UPDATE {"highlightId":"counter-1777599583897-z3iwbavg5","annotationType":"counter","lastModifiedBy":"170d915c-5741-4e0b-b03f-deaeedae27bd","rowSessionId":"64c7b2f8-1aa6-4f8e-b205-04ef09f20658","currentSessionId":"64c7b2f8-1aa6-4f8e-b205-04ef09f20658","reason":"same-session"}
[CloudSync][realtime] echo-filtered UPDATE {"highlightId":"counter-1777599584636-d7u07eqt8","annotationType":"counter","lastModifiedBy":"170d915c-5741-4e0b-b03f-deaeedae27bd","rowSessionId":"64c7b2f8-1aa6-4f8e-b205-04ef09f20658","currentSessionId":"64c7b2f8-1aa6-4f8e-b205-04ef09f20658","reason":"same-session"}
[CloudSync][realtime] echo-filtered UPDATE {"highlightId":"counter-1777599580642-79a6ux929","annotationType":"counter","lastModifiedBy":"170d915c-5741-4e0b-b03f-deaeedae27bd","rowSessionId":"64c7b2f8-1aa6-4f8e-b205-04ef09f20658","currentSessionId":"64c7b2f8-1aa6-4f8e-b205-04ef09f20658","reason":"same-session"}
[CloudSync][realtime] echo-filtered UPDATE {"highlightId":"counter-1777599580993-hhtke0524","annotationType":"counter","lastModifiedBy":"170d915c-5741-4e0b-b03f-deaeedae27bd","rowSessionId":"64c7b2f8-1aa6-4f8e-b205-04ef09f20658","currentSessionId":"64c7b2f8-1aa6-4f8e-b205-04ef09f20658","reason":"same-session"}
[CloudSync][realtime] echo-filtered UPDATE {"highlightId":"counter-1777599580766-jfnd6s7ju","annotationType":"counter","lastModifiedBy":"170d915c-5741-4e0b-b03f-deaeedae27bd","rowSessionId":"64c7b2f8-1aa6-4f8e-b205-04ef09f20658","currentSessionId":"64c7b2f8-1aa6-4f8e-b205-04ef09f20658","reason":"same-session"}
[CloudSync][realtime] echo-filtered UPDATE {"highlightId":"counter-1777599580609-uxqtcxcyw","annotationType":"counter","lastModifiedBy":"170d915c-5741-4e0b-b03f-deaeedae27bd","rowSessionId":"64c7b2f8-1aa6-4f8e-b205-04ef09f20658","currentSessionId":"64c7b2f8-1aa6-4f8e-b205-04ef09f20658","reason":"same-session"}
[CloudSync][realtime] echo-filtered UPDATE {"highlightId":"counter-1777599580671-g0egj6mka","annotationType":"counter","lastModifiedBy":"170d915c-5741-4e0b-b03f-deaeedae27bd","rowSessionId":"64c7b2f8-1aa6-4f8e-b205-04ef09f20658","currentSessionId":"64c7b2f8-1aa6-4f8e-b205-04ef09f20658","reason":"same-session"}
[CloudSync][realtime] echo-filtered UPDATE {"highlightId":"counter-1777599580719-xw5rvytph","annotationType":"counter","lastModifiedBy":"170d915c-5741-4e0b-b03f-deaeedae27bd","rowSessionId":"64c7b2f8-1aa6-4f8e-b205-04ef09f20658","currentSessionId":"64c7b2f8-1aa6-4f8e-b205-04ef09f20658","reason":"same-session"}
[CloudSync][realtime] echo-filtered UPDATE {"highlightId":"counter-1777599580790-cnah69z4i","annotationType":"counter","lastModifiedBy":"170d915c-5741-4e0b-b03f-deaeedae27bd","rowSessionId":"64c7b2f8-1aa6-4f8e-b205-04ef09f20658","currentSessionId":"64c7b2f8-1aa6-4f8e-b205-04ef09f20658","reason":"same-session"}
[CloudSync][realtime] echo-filtered UPDATE {"highlightId":"counter-1777599581042-c2uua3x23","annotationType":"counter","lastModifiedBy":"170d915c-5741-4e0b-b03f-deaeedae27bd","rowSessionId":"64c7b2f8-1aa6-4f8e-b205-04ef09f20658","currentSessionId":"64c7b2f8-1aa6-4f8e-b205-04ef09f20658","reason":"same-session"}
[CloudSync][realtime] echo-filtered UPDATE {"highlightId":"counter-1777599580741-ijba1i7xr","annotationType":"counter","lastModifiedBy":"170d915c-5741-4e0b-b03f-deaeedae27bd","rowSessionId":"64c7b2f8-1aa6-4f8e-b205-04ef09f20658","currentSessionId":"64c7b2f8-1aa6-4f8e-b205-04ef09f20658","reason":"same-session"}
[CloudSync][realtime] echo-filtered UPDATE {"highlightId":"counter-1777599580735-hjrl15k3m","annotationType":"counter","lastModifiedBy":"170d915c-5741-4e0b-b03f-deaeedae27bd","rowSessionId":"64c7b2f8-1aa6-4f8e-b205-04ef09f20658","currentSessionId":"64c7b2f8-1aa6-4f8e-b205-04ef09f20658","reason":"same-session"}
[CloudSync][realtime] echo-filtered UPDATE {"highlightId":"counter-1777599580984-x4guba8j1","annotationType":"counter","lastModifiedBy":"170d915c-5741-4e0b-b03f-deaeedae27bd","rowSessionId":"64c7b2f8-1aa6-4f8e-b205-04ef09f20658","currentSessionId":"64c7b2f8-1aa6-4f8e-b205-04ef09f20658","reason":"same-session"}
[CloudSync][realtime] echo-filtered UPDATE {"highlightId":"counter-1777599580949-v51j01tj5","annotationType":"counter","lastModifiedBy":"170d915c-5741-4e0b-b03f-deaeedae27bd","rowSessionId":"64c7b2f8-1aa6-4f8e-b205-04ef09f20658","currentSessionId":"64c7b2f8-1aa6-4f8e-b205-04ef09f20658","reason":"same-session"}
[CloudSync][realtime] echo-filtered UPDATE {"highlightId":"counter-1777599580886-obfjxygpp","annotationType":"counter","lastModifiedBy":"170d915c-5741-4e0b-b03f-deaeedae27bd","rowSessionId":"64c7b2f8-1aa6-4f8e-b205-04ef09f20658","currentSessionId":"64c7b2f8-1aa6-4f8e-b205-04ef09f20658","reason":"same-session"}
[CloudSync][realtime] echo-filtered UPDATE {"highlightId":"counter-1777599580950-qz2mf0g9f","annotationType":"counter","lastModifiedBy":"170d915c-5741-4e0b-b03f-deaeedae27bd","rowSessionId":"64c7b2f8-1aa6-4f8e-b205-04ef09f20658","currentSessionId":"64c7b2f8-1aa6-4f8e-b205-04ef09f20658","reason":"same-session"}
[CloudSync][realtime] echo-filtered UPDATE {"highlightId":"counter-1777599580965-jxosugroa","annotationType":"counter","lastModifiedBy":"170d915c-5741-4e0b-b03f-deaeedae27bd","rowSessionId":"64c7b2f8-1aa6-4f8e-b205-04ef09f20658","currentSessionId":"64c7b2f8-1aa6-4f8e-b205-04ef09f20658","reason":"same-session"}
[CloudSync][realtime] echo-filtered UPDATE {"highlightId":"counter-1777599580995-o54p13304","annotationType":"counter","lastModifiedBy":"170d915c-5741-4e0b-b03f-deaeedae27bd","rowSessionId":"64c7b2f8-1aa6-4f8e-b205-04ef09f20658","currentSessionId":"64c7b2f8-1aa6-4f8e-b205-04ef09f20658","reason":"same-session"}
[CloudSync][realtime] echo-filtered UPDATE {"highlightId":"counter-1777599580966-ckl9d571m","annotationType":"counter","lastModifiedBy":"170d915c-5741-4e0b-b03f-deaeedae27bd","rowSessionId":"64c7b2f8-1aa6-4f8e-b205-04ef09f20658","currentSessionId":"64c7b2f8-1aa6-4f8e-b205-04ef09f20658","reason":"same-session"}
[CloudSync][realtime] echo-filtered UPDATE {"highlightId":"counter-1777599581142-wcxjb3mdi","annotationType":"counter","lastModifiedBy":"170d915c-5741-4e0b-b03f-deaeedae27bd","rowSessionId":"64c7b2f8-1aa6-4f8e-b205-04ef09f20658","currentSessionId":"64c7b2f8-1aa6-4f8e-b205-04ef09f20658","reason":"same-session"}
[CloudSync][realtime] echo-filtered UPDATE {"highlightId":"counter-1777599580994-62a8tj975","annotationType":"counter","lastModifiedBy":"170d915c-5741-4e0b-b03f-deaeedae27bd","rowSessionId":"64c7b2f8-1aa6-4f8e-b205-04ef09f20658","currentSessionId":"64c7b2f8-1aa6-4f8e-b205-04ef09f20658","reason":"same-session"}
[CloudSync][realtime] echo-filtered UPDATE {"highlightId":"counter-1777599581690-m2dcfiskz","annotationType":"counter","lastModifiedBy":"170d915c-5741-4e0b-b03f-deaeedae27bd","rowSessionId":"64c7b2f8-1aa6-4f8e-b205-04ef09f20658","currentSessionId":"64c7b2f8-1aa6-4f8e-b205-04ef09f20658","reason":"same-session"}
[CloudSync][realtime] echo-filtered UPDATE {"highlightId":"counter-1777599581681-25w6og7na","annotationType":"counter","lastModifiedBy":"170d915c-5741-4e0b-b03f-deaeedae27bd","rowSessionId":"64c7b2f8-1aa6-4f8e-b205-04ef09f20658","currentSessionId":"64c7b2f8-1aa6-4f8e-b205-04ef09f20658","reason":"same-session"}
[CloudSync][realtime] echo-filtered UPDATE {"highlightId":"counter-1777599580995-ug9gpgyie","annotationType":"counter","lastModifiedBy":"170d915c-5741-4e0b-b03f-deaeedae27bd","rowSessionId":"64c7b2f8-1aa6-4f8e-b205-04ef09f20658","currentSessionId":"64c7b2f8-1aa6-4f8e-b205-04ef09f20658","reason":"same-session"}
[CloudSync][realtime] echo-filtered UPDATE {"highlightId":"counter-1777599581693-drnco3i0k","annotationType":"counter","lastModifiedBy":"170d915c-5741-4e0b-b03f-deaeedae27bd","rowSessionId":"64c7b2f8-1aa6-4f8e-b205-04ef09f20658","currentSessionId":"64c7b2f8-1aa6-4f8e-b205-04ef09f20658","reason":"same-session"}
[CloudSync][realtime] echo-filtered UPDATE {"highlightId":"counter-1777599581116-geyc2905z","annotationType":"counter","lastModifiedBy":"170d915c-5741-4e0b-b03f-deaeedae27bd","rowSessionId":"64c7b2f8-1aa6-4f8e-b205-04ef09f20658","currentSessionId":"64c7b2f8-1aa6-4f8e-b205-04ef09f20658","reason":"same-session"}
[CloudSync][realtime] echo-filtered UPDATE {"highlightId":"counter-1777599581175-wgc22usmx","annotationType":"counter","lastModifiedBy":"170d915c-5741-4e0b-b03f-deaeedae27bd","rowSessionId":"64c7b2f8-1aa6-4f8e-b205-04ef09f20658","currentSessionId":"64c7b2f8-1aa6-4f8e-b205-04ef09f20658","reason":"same-session"}
[CloudSync][realtime] echo-filtered UPDATE {"highlightId":"counter-1777599581705-0hdmymzxu","annotationType":"counter","lastModifiedBy":"170d915c-5741-4e0b-b03f-deaeedae27bd","rowSessionId":"64c7b2f8-1aa6-4f8e-b205-04ef09f20658","currentSessionId":"64c7b2f8-1aa6-4f8e-b205-04ef09f20658","reason":"same-session"}
[CloudSync][realtime] echo-filtered UPDATE {"highlightId":"counter-1777599581064-mpfz4yh7a","annotationType":"counter","lastModifiedBy":"170d915c-5741-4e0b-b03f-deaeedae27bd","rowSessionId":"64c7b2f8-1aa6-4f8e-b205-04ef09f20658","currentSessionId":"64c7b2f8-1aa6-4f8e-b205-04ef09f20658","reason":"same-session"}
[CloudSync][realtime] echo-filtered UPDATE {"highlightId":"counter-1777599581704-nrw8goahw","annotationType":"counter","lastModifiedBy":"170d915c-5741-4e0b-b03f-deaeedae27bd","rowSessionId":"64c7b2f8-1aa6-4f8e-b205-04ef09f20658","currentSessionId":"64c7b2f8-1aa6-4f8e-b205-04ef09f20658","reason":"same-session"}
[CloudSync][realtime] echo-filtered UPDATE {"highlightId":"counter-1777599581922-s0f42ae7j","annotationType":"counter","lastModifiedBy":"170d915c-5741-4e0b-b03f-deaeedae27bd","rowSessionId":"64c7b2f8-1aa6-4f8e-b205-04ef09f20658","currentSessionId":"64c7b2f8-1aa6-4f8e-b205-04ef09f20658","reason":"same-session"}
[CloudSync][realtime] echo-filtered UPDATE {"highlightId":"counter-1777599581922-lwnfq5c20","annotationType":"counter","lastModifiedBy":"170d915c-5741-4e0b-b03f-deaeedae27bd","rowSessionId":"64c7b2f8-1aa6-4f8e-b205-04ef09f20658","currentSessionId":"64c7b2f8-1aa6-4f8e-b205-04ef09f20658","reason":"same-session"}
[CloudSync][realtime] echo-filtered UPDATE {"highlightId":"counter-1777599584265-e0w6gyl1v","annotationType":"counter","lastModifiedBy":"170d915c-5741-4e0b-b03f-deaeedae27bd","rowSessionId":"64c7b2f8-1aa6-4f8e-b205-04ef09f20658","currentSessionId":"64c7b2f8-1aa6-4f8e-b205-04ef09f20658","reason":"same-session"}
[CloudSync][realtime] echo-filtered UPDATE {"highlightId":"counter-1777599621460-ws8g67lxt","annotationType":"counter","lastModifiedBy":"170d915c-5741-4e0b-b03f-deaeedae27bd","rowSessionId":"64c7b2f8-1aa6-4f8e-b205-04ef09f20658","currentSessionId":"64c7b2f8-1aa6-4f8e-b205-04ef09f20658","reason":"same-session"}
[CloudSync][realtime] echo-filtered UPDATE {"highlightId":"counter-1777599621761-n94qze086","annotationType":"counter","lastModifiedBy":"170d915c-5741-4e0b-b03f-deaeedae27bd","rowSessionId":"64c7b2f8-1aa6-4f8e-b205-04ef09f20658","currentSessionId":"64c7b2f8-1aa6-4f8e-b205-04ef09f20658","reason":"same-session"}
[CloudSync][realtime] echo-filtered UPDATE {"highlightId":"counter-1777599621677-7wflr0t7j","annotationType":"counter","lastModifiedBy":"170d915c-5741-4e0b-b03f-deaeedae27bd","rowSessionId":"64c7b2f8-1aa6-4f8e-b205-04ef09f20658","currentSessionId":"64c7b2f8-1aa6-4f8e-b205-04ef09f20658","reason":"same-session"}
[CloudSync][realtime] echo-filtered UPDATE {"highlightId":"counter-1777599621722-0haefkl04","annotationType":"counter","lastModifiedBy":"170d915c-5741-4e0b-b03f-deaeedae27bd","rowSessionId":"64c7b2f8-1aa6-4f8e-b205-04ef09f20658","currentSessionId":"64c7b2f8-1aa6-4f8e-b205-04ef09f20658","reason":"same-session"}
[CloudSync][realtime] echo-filtered UPDATE {"highlightId":"counter-1777599622423-6vg3p4xus","annotationType":"counter","lastModifiedBy":"170d915c-5741-4e0b-b03f-deaeedae27bd","rowSessionId":"64c7b2f8-1aa6-4f8e-b205-04ef09f20658","currentSessionId":"64c7b2f8-1aa6-4f8e-b205-04ef09f20658","reason":"same-session"}
[CloudSync][realtime] echo-filtered UPDATE {"highlightId":"counter-1777599622407-lfdgd7n4s","annotationType":"counter","lastModifiedBy":"170d915c-5741-4e0b-b03f-deaeedae27bd","rowSessionId":"64c7b2f8-1aa6-4f8e-b205-04ef09f20658","currentSessionId":"64c7b2f8-1aa6-4f8e-b205-04ef09f20658","reason":"same-session"}
[CloudSync][realtime] echo-filtered UPDATE {"highlightId":"counter-1777599622546-5mkg6w054","annotationType":"counter","lastModifiedBy":"170d915c-5741-4e0b-b03f-deaeedae27bd","rowSessionId":"64c7b2f8-1aa6-4f8e-b205-04ef09f20658","currentSessionId":"64c7b2f8-1aa6-4f8e-b205-04ef09f20658","reason":"same-session"}
[CloudSync][realtime] echo-filtered UPDATE {"highlightId":"counter-1777599622231-79ann8vz1","annotationType":"counter","lastModifiedBy":"170d915c-5741-4e0b-b03f-deaeedae27bd","rowSessionId":"64c7b2f8-1aa6-4f8e-b205-04ef09f20658","currentSessionId":"64c7b2f8-1aa6-4f8e-b205-04ef09f20658","reason":"same-session"}
[CloudSync][realtime] echo-filtered UPDATE {"highlightId":"counter-1777599622352-7qvjdby5n","annotationType":"counter","lastModifiedBy":"170d915c-5741-4e0b-b03f-deaeedae27bd","rowSessionId":"64c7b2f8-1aa6-4f8e-b205-04ef09f20658","currentSessionId":"64c7b2f8-1aa6-4f8e-b205-04ef09f20658","reason":"same-session"}
[CloudSync][realtime] echo-filtered UPDATE {"highlightId":"counter-1777599622404-bvgmjjrew","annotationType":"counter","lastModifiedBy":"170d915c-5741-4e0b-b03f-deaeedae27bd","rowSessionId":"64c7b2f8-1aa6-4f8e-b205-04ef09f20658","currentSessionId":"64c7b2f8-1aa6-4f8e-b205-04ef09f20658","reason":"same-session"}
[CloudSync][realtime] echo-filtered UPDATE {"highlightId":"counter-1777599622351-lm1shxaid","annotationType":"counter","lastModifiedBy":"170d915c-5741-4e0b-b03f-deaeedae27bd","rowSessionId":"64c7b2f8-1aa6-4f8e-b205-04ef09f20658","currentSessionId":"64c7b2f8-1aa6-4f8e-b205-04ef09f20658","reason":"same-session"}
[CloudSync][realtime] echo-filtered UPDATE {"highlightId":"counter-1777599624274-byqn34fyq","annotationType":"counter","lastModifiedBy":"170d915c-5741-4e0b-b03f-deaeedae27bd","rowSessionId":"64c7b2f8-1aa6-4f8e-b205-04ef09f20658","currentSessionId":"64c7b2f8-1aa6-4f8e-b205-04ef09f20658","reason":"same-session"}
[CloudSync][realtime] echo-filtered UPDATE {"highlightId":"counter-1777599621791-54l0wvvp0","annotationType":"counter","lastModifiedBy":"170d915c-5741-4e0b-b03f-deaeedae27bd","rowSessionId":"64c7b2f8-1aa6-4f8e-b205-04ef09f20658","currentSessionId":"64c7b2f8-1aa6-4f8e-b205-04ef09f20658","reason":"same-session"}
[CloudSync][realtime] echo-filtered UPDATE {"highlightId":"ink-1777596993810-jmtlhkn2g","annotationType":"ink","lastModifiedBy":"170d915c-5741-4e0b-b03f-deaeedae27bd","rowSessionId":"64c7b2f8-1aa6-4f8e-b205-04ef09f20658","currentSessionId":"64c7b2f8-1aa6-4f8e-b205-04ef09f20658","reason":"same-session"}
[CloudSync][realtime] echo-filtered INSERT {"highlightId":"f6da66ed-fd32-41d3-a13d-bf82c3322ee5","annotationType":"ink","lastModifiedBy":"170d915c-5741-4e0b-b03f-deaeedae27bd","rowSessionId":"64c7b2f8-1aa6-4f8e-b205-04ef09f20658","currentSessionId":"64c7b2f8-1aa6-4f8e-b205-04ef09f20658","reason":"same-session"}
[CloudSync][realtime] echo-filtered UPDATE {"highlightId":"callout-y538t3l2r-mowlwupu","annotationType":"callout","lastModifiedBy":"170d915c-5741-4e0b-b03f-deaeedae27bd","rowSessionId":"64c7b2f8-1aa6-4f8e-b205-04ef09f20658","currentSessionId":"64c7b2f8-1aa6-4f8e-b205-04ef09f20658","reason":"same-session"}
console.warn @ [SyncChip] manual retry attempt 1/4
[CloudSync][push] upsertAnnotationsByPage start {"documentId":"484e4280-bca3-4ebe-bde7-d9371da0f528","pdfId":"test.pdf-2462","userId":"170d915c-5741-4e0b-b03f-deaeedae27bd","totalRows":114,"userDrawnObjects":114,"importedObjects":0,"rowsByType":{"counter":112,"ink":2},"pages":1}
[CloudSync][push] upsertAnnotationsByPage ok {"elapsedMs":3613,"pdfId":"test.pdf-2462","rowsReturned":114}
[UndoDiag] {"seq":6,"order":null,"at":"2026-05-12T13:07:17.332Z","event":"yjs_history_added","actionType":"undo","rawActionType":"undo","annotationType":null,"annotationId":null,"pageNumber":null,"lane":"Yjs/CRDT history","receivedStack":"yjsUndoStack","chosenStack":null,"chosenLane":"Yjs/CRDT history","decisionReason":null,"undoDepth":2,"redoDepth":0}
[Phase31 UAT] save:fan-out done {"documentId":"484e4280-bca3-4ebe-bde7-d9371da0f528","pdfId":"test.pdf-2462","userId":"170d915c-5741-4e0b-b03f-deaeedae27bd","dispatched":114,"detected":114,"skippedHighlightOrCallout":0,"skippedOtherType":0,"rawTypeBreakdown":{"counter":112,"path":1,"pen":1},"resolvedTypeBreakdown":{"counter":112,"ink":2},"skipReasons":{},"skipSamples":[],"yMapSizeAfter":114}
[CloudSync][push] upsertCallouts start {"documentId":"484e4280-bca3-4ebe-bde7-d9371da0f528","userId":"170d915c-5741-4e0b-b03f-deaeedae27bd","count":1}
[CloudSync][push] upsertCallouts ok {"elapsedMs":353,"rowsReturned":1}
[CloudSync][hook] callout Y.Doc fan-out done {"documentId":"484e4280-bca3-4ebe-bde7-d9371da0f528","pdfId":"test.pdf-2462","userId":"170d915c-5741-4e0b-b03f-deaeedae27bd","upserted":1,"deleted":0,"yMapCalloutsSizeAfter":1}
console.warn @ [SyncChip] manual retry attempt 1 succeeded
[CloudSync][realtime] echo-filtered UPDATE {"highlightId":"counter-1777599622128-4kptsao8y","annotationType":"counter","lastModifiedBy":"170d915c-5741-4e0b-b03f-deaeedae27bd","rowSessionId":"64c7b2f8-1aa6-4f8e-b205-04ef09f20658","currentSessionId":"64c7b2f8-1aa6-4f8e-b205-04ef09f20658","reason":"same-session"}
[CloudSync][realtime] echo-filtered UPDATE {"highlightId":"counter-1777599621676-yok523dni","annotationType":"counter","lastModifiedBy":"170d915c-5741-4e0b-b03f-deaeedae27bd","rowSessionId":"64c7b2f8-1aa6-4f8e-b205-04ef09f20658","currentSessionId":"64c7b2f8-1aa6-4f8e-b205-04ef09f20658","reason":"same-session"}
[CloudSync][realtime] echo-filtered UPDATE {"highlightId":"counter-1777599621337-jvb61myoe","annotationType":"counter","lastModifiedBy":"170d915c-5741-4e0b-b03f-deaeedae27bd","rowSessionId":"64c7b2f8-1aa6-4f8e-b205-04ef09f20658","currentSessionId":"64c7b2f8-1aa6-4f8e-b205-04ef09f20658","reason":"same-session"}
[CloudSync][realtime] echo-filtered UPDATE {"highlightId":"counter-1777599621493-ch5t76ku0","annotationType":"counter","lastModifiedBy":"170d915c-5741-4e0b-b03f-deaeedae27bd","rowSessionId":"64c7b2f8-1aa6-4f8e-b205-04ef09f20658","currentSessionId":"64c7b2f8-1aa6-4f8e-b205-04ef09f20658","reason":"same-session"}
[CloudSync][realtime] echo-filtered UPDATE {"highlightId":"counter-1777599621535-t2o3n907k","annotationType":"counter","lastModifiedBy":"170d915c-5741-4e0b-b03f-deaeedae27bd","rowSessionId":"64c7b2f8-1aa6-4f8e-b205-04ef09f20658","currentSessionId":"64c7b2f8-1aa6-4f8e-b205-04ef09f20658","reason":"same-session"}
[CloudSync][realtime] echo-filtered UPDATE {"highlightId":"counter-1777599621572-xrh7dmcxh","annotationType":"counter","lastModifiedBy":"170d915c-5741-4e0b-b03f-deaeedae27bd","rowSessionId":"64c7b2f8-1aa6-4f8e-b205-04ef09f20658","currentSessionId":"64c7b2f8-1aa6-4f8e-b205-04ef09f20658","reason":"same-session"}
[CloudSync][realtime] echo-filtered UPDATE {"highlightId":"counter-1777599621606-xmzbaeh1j","annotationType":"counter","lastModifiedBy":"170d915c-5741-4e0b-b03f-deaeedae27bd","rowSessionId":"64c7b2f8-1aa6-4f8e-b205-04ef09f20658","currentSessionId":"64c7b2f8-1aa6-4f8e-b205-04ef09f20658","reason":"same-session"}
[CloudSync][realtime] echo-filtered UPDATE {"highlightId":"counter-1777599621675-4lsqkpp99","annotationType":"counter","lastModifiedBy":"170d915c-5741-4e0b-b03f-deaeedae27bd","rowSessionId":"64c7b2f8-1aa6-4f8e-b205-04ef09f20658","currentSessionId":"64c7b2f8-1aa6-4f8e-b205-04ef09f20658","reason":"same-session"}
[CloudSync][realtime] echo-filtered UPDATE {"highlightId":"counter-1777599622126-y8tz99epe","annotationType":"counter","lastModifiedBy":"170d915c-5741-4e0b-b03f-deaeedae27bd","rowSessionId":"64c7b2f8-1aa6-4f8e-b205-04ef09f20658","currentSessionId":"64c7b2f8-1aa6-4f8e-b205-04ef09f20658","reason":"same-session"}
[CloudSync][realtime] echo-filtered UPDATE {"highlightId":"counter-1777599621852-lfp75d7wk","annotationType":"counter","lastModifiedBy":"170d915c-5741-4e0b-b03f-deaeedae27bd","rowSessionId":"64c7b2f8-1aa6-4f8e-b205-04ef09f20658","currentSessionId":"64c7b2f8-1aa6-4f8e-b205-04ef09f20658","reason":"same-session"}
[CloudSync][realtime] echo-filtered UPDATE {"highlightId":"counter-1777599621934-4wp80tok5","annotationType":"counter","lastModifiedBy":"170d915c-5741-4e0b-b03f-deaeedae27bd","rowSessionId":"64c7b2f8-1aa6-4f8e-b205-04ef09f20658","currentSessionId":"64c7b2f8-1aa6-4f8e-b205-04ef09f20658","reason":"same-session"}
[CloudSync][realtime] echo-filtered UPDATE {"highlightId":"counter-1777599621935-0rt5eep6p","annotationType":"counter","lastModifiedBy":"170d915c-5741-4e0b-b03f-deaeedae27bd","rowSessionId":"64c7b2f8-1aa6-4f8e-b205-04ef09f20658","currentSessionId":"64c7b2f8-1aa6-4f8e-b205-04ef09f20658","reason":"same-session"}
[CloudSync][realtime] echo-filtered UPDATE {"highlightId":"counter-1777599622200-z64en2bxu","annotationType":"counter","lastModifiedBy":"170d915c-5741-4e0b-b03f-deaeedae27bd","rowSessionId":"64c7b2f8-1aa6-4f8e-b205-04ef09f20658","currentSessionId":"64c7b2f8-1aa6-4f8e-b205-04ef09f20658","reason":"same-session"}
[CloudSync][realtime] echo-filtered UPDATE {"highlightId":"counter-1777599621980-rn5p10rur","annotationType":"counter","lastModifiedBy":"170d915c-5741-4e0b-b03f-deaeedae27bd","rowSessionId":"64c7b2f8-1aa6-4f8e-b205-04ef09f20658","currentSessionId":"64c7b2f8-1aa6-4f8e-b205-04ef09f20658","reason":"same-session"}
[CloudSync][realtime] echo-filtered UPDATE {"highlightId":"counter-1777599621810-36zu7l1pc","annotationType":"counter","lastModifiedBy":"170d915c-5741-4e0b-b03f-deaeedae27bd","rowSessionId":"64c7b2f8-1aa6-4f8e-b205-04ef09f20658","currentSessionId":"64c7b2f8-1aa6-4f8e-b205-04ef09f20658","reason":"same-session"}
[CloudSync][realtime] echo-filtered UPDATE {"highlightId":"counter-1777599622166-aoosfgxtt","annotationType":"counter","lastModifiedBy":"170d915c-5741-4e0b-b03f-deaeedae27bd","rowSessionId":"64c7b2f8-1aa6-4f8e-b205-04ef09f20658","currentSessionId":"64c7b2f8-1aa6-4f8e-b205-04ef09f20658","reason":"same-session"}
[CloudSync][realtime] echo-filtered UPDATE {"highlightId":"counter-1777599622401-xpyoc2z29","annotationType":"counter","lastModifiedBy":"170d915c-5741-4e0b-b03f-deaeedae27bd","rowSessionId":"64c7b2f8-1aa6-4f8e-b205-04ef09f20658","currentSessionId":"64c7b2f8-1aa6-4f8e-b205-04ef09f20658","reason":"same-session"}
[CloudSync][realtime] echo-filtered UPDATE {"highlightId":"counter-1777599622321-1o1fam84j","annotationType":"counter","lastModifiedBy":"170d915c-5741-4e0b-b03f-deaeedae27bd","rowSessionId":"64c7b2f8-1aa6-4f8e-b205-04ef09f20658","currentSessionId":"64c7b2f8-1aa6-4f8e-b205-04ef09f20658","reason":"same-session"}
[CloudSync][realtime] echo-filtered UPDATE {"highlightId":"counter-1777599622548-egpv1pa0r","annotationType":"counter","lastModifiedBy":"170d915c-5741-4e0b-b03f-deaeedae27bd","rowSessionId":"64c7b2f8-1aa6-4f8e-b205-04ef09f20658","currentSessionId":"64c7b2f8-1aa6-4f8e-b205-04ef09f20658","reason":"same-session"}
[CloudSync][realtime] echo-filtered UPDATE {"highlightId":"counter-1777599622083-re6sakh5t","annotationType":"counter","lastModifiedBy":"170d915c-5741-4e0b-b03f-deaeedae27bd","rowSessionId":"64c7b2f8-1aa6-4f8e-b205-04ef09f20658","currentSessionId":"64c7b2f8-1aa6-4f8e-b205-04ef09f20658","reason":"same-session"}
[CloudSync][realtime] echo-filtered UPDATE {"highlightId":"counter-1777599622532-jg088vh31","annotationType":"counter","lastModifiedBy":"170d915c-5741-4e0b-b03f-deaeedae27bd","rowSessionId":"64c7b2f8-1aa6-4f8e-b205-04ef09f20658","currentSessionId":"64c7b2f8-1aa6-4f8e-b205-04ef09f20658","reason":"same-session"}
[CloudSync][realtime] echo-filtered UPDATE {"highlightId":"counter-1777599622539-774vr5uqz","annotationType":"counter","lastModifiedBy":"170d915c-5741-4e0b-b03f-deaeedae27bd","rowSessionId":"64c7b2f8-1aa6-4f8e-b205-04ef09f20658","currentSessionId":"64c7b2f8-1aa6-4f8e-b205-04ef09f20658","reason":"same-session"}
[CloudSync][realtime] echo-filtered UPDATE {"highlightId":"counter-1777599583325-ybe1hm5ve","annotationType":"counter","lastModifiedBy":"170d915c-5741-4e0b-b03f-deaeedae27bd","rowSessionId":"64c7b2f8-1aa6-4f8e-b205-04ef09f20658","currentSessionId":"64c7b2f8-1aa6-4f8e-b205-04ef09f20658","reason":"same-session"}
[CloudSync][realtime] echo-filtered UPDATE {"highlightId":"counter-1777599583286-0ial7rf4z","annotationType":"counter","lastModifiedBy":"170d915c-5741-4e0b-b03f-deaeedae27bd","rowSessionId":"64c7b2f8-1aa6-4f8e-b205-04ef09f20658","currentSessionId":"64c7b2f8-1aa6-4f8e-b205-04ef09f20658","reason":"same-session"}
[CloudSync][realtime] echo-filtered UPDATE {"highlightId":"counter-1777599583380-yj5tiwja5","annotationType":"counter","lastModifiedBy":"170d915c-5741-4e0b-b03f-deaeedae27bd","rowSessionId":"64c7b2f8-1aa6-4f8e-b205-04ef09f20658","currentSessionId":"64c7b2f8-1aa6-4f8e-b205-04ef09f20658","reason":"same-session"}
[CloudSync][realtime] echo-filtered UPDATE {"highlightId":"counter-1777599583435-rw09uwups","annotationType":"counter","lastModifiedBy":"170d915c-5741-4e0b-b03f-deaeedae27bd","rowSessionId":"64c7b2f8-1aa6-4f8e-b205-04ef09f20658","currentSessionId":"64c7b2f8-1aa6-4f8e-b205-04ef09f20658","reason":"same-session"}
[CloudSync][realtime] echo-filtered UPDATE {"highlightId":"counter-1777599583437-v8acp31u7","annotationType":"counter","lastModifiedBy":"170d915c-5741-4e0b-b03f-deaeedae27bd","rowSessionId":"64c7b2f8-1aa6-4f8e-b205-04ef09f20658","currentSessionId":"64c7b2f8-1aa6-4f8e-b205-04ef09f20658","reason":"same-session"}
[CloudSync][realtime] echo-filtered UPDATE {"highlightId":"counter-1777599583609-26m125pf2","annotationType":"counter","lastModifiedBy":"170d915c-5741-4e0b-b03f-deaeedae27bd","rowSessionId":"64c7b2f8-1aa6-4f8e-b205-04ef09f20658","currentSessionId":"64c7b2f8-1aa6-4f8e-b205-04ef09f20658","reason":"same-session"}
[CloudSync][realtime] echo-filtered UPDATE {"highlightId":"counter-1777599583546-ilo51akz9","annotationType":"counter","lastModifiedBy":"170d915c-5741-4e0b-b03f-deaeedae27bd","rowSessionId":"64c7b2f8-1aa6-4f8e-b205-04ef09f20658","currentSessionId":"64c7b2f8-1aa6-4f8e-b205-04ef09f20658","reason":"same-session"}
[CloudSync][realtime] echo-filtered UPDATE {"highlightId":"counter-1777599622016-rdnv69p1b","annotationType":"counter","lastModifiedBy":"170d915c-5741-4e0b-b03f-deaeedae27bd","rowSessionId":"64c7b2f8-1aa6-4f8e-b205-04ef09f20658","currentSessionId":"64c7b2f8-1aa6-4f8e-b205-04ef09f20658","reason":"same-session"}
[CloudSync][realtime] echo-filtered UPDATE {"highlightId":"counter-1777599622251-ko0etb1qd","annotationType":"counter","lastModifiedBy":"170d915c-5741-4e0b-b03f-deaeedae27bd","rowSessionId":"64c7b2f8-1aa6-4f8e-b205-04ef09f20658","currentSessionId":"64c7b2f8-1aa6-4f8e-b205-04ef09f20658","reason":"same-session"}
[CloudSync][realtime] echo-filtered UPDATE {"highlightId":"counter-1777599624584-2ayu9k10r","annotationType":"counter","lastModifiedBy":"170d915c-5741-4e0b-b03f-deaeedae27bd","rowSessionId":"64c7b2f8-1aa6-4f8e-b205-04ef09f20658","currentSessionId":"64c7b2f8-1aa6-4f8e-b205-04ef09f20658","reason":"same-session"}
[CloudSync][realtime] echo-filtered UPDATE {"highlightId":"counter-1777599624584-fg5hz4z0f","annotationType":"counter","lastModifiedBy":"170d915c-5741-4e0b-b03f-deaeedae27bd","rowSessionId":"64c7b2f8-1aa6-4f8e-b205-04ef09f20658","currentSessionId":"64c7b2f8-1aa6-4f8e-b205-04ef09f20658","reason":"same-session"}
[CloudSync][realtime] echo-filtered UPDATE {"highlightId":"counter-1777599624584-77y2fkkmn","annotationType":"counter","lastModifiedBy":"170d915c-5741-4e0b-b03f-deaeedae27bd","rowSessionId":"64c7b2f8-1aa6-4f8e-b205-04ef09f20658","currentSessionId":"64c7b2f8-1aa6-4f8e-b205-04ef09f20658","reason":"same-session"}
[CloudSync][realtime] echo-filtered UPDATE {"highlightId":"counter-1777599624584-lln8v1nd8","annotationType":"counter","lastModifiedBy":"170d915c-5741-4e0b-b03f-deaeedae27bd","rowSessionId":"64c7b2f8-1aa6-4f8e-b205-04ef09f20658","currentSessionId":"64c7b2f8-1aa6-4f8e-b205-04ef09f20658","reason":"same-session"}
[CloudSync][realtime] echo-filtered UPDATE {"highlightId":"counter-1777599624709-hex38xvba","annotationType":"counter","lastModifiedBy":"170d915c-5741-4e0b-b03f-deaeedae27bd","rowSessionId":"64c7b2f8-1aa6-4f8e-b205-04ef09f20658","currentSessionId":"64c7b2f8-1aa6-4f8e-b205-04ef09f20658","reason":"same-session"}
[CloudSync][realtime] echo-filtered UPDATE {"highlightId":"counter-1777599624709-3ut50jbhn","annotationType":"counter","lastModifiedBy":"170d915c-5741-4e0b-b03f-deaeedae27bd","rowSessionId":"64c7b2f8-1aa6-4f8e-b205-04ef09f20658","currentSessionId":"64c7b2f8-1aa6-4f8e-b205-04ef09f20658","reason":"same-session"}
[CloudSync][realtime] echo-filtered UPDATE {"highlightId":"counter-1777599624709-hrq0q3ppl","annotationType":"counter","lastModifiedBy":"170d915c-5741-4e0b-b03f-deaeedae27bd","rowSessionId":"64c7b2f8-1aa6-4f8e-b205-04ef09f20658","currentSessionId":"64c7b2f8-1aa6-4f8e-b205-04ef09f20658","reason":"same-session"}
[CloudSync][realtime] echo-filtered UPDATE {"highlightId":"counter-1777599624185-od3bz5xlo","annotationType":"counter","lastModifiedBy":"170d915c-5741-4e0b-b03f-deaeedae27bd","rowSessionId":"64c7b2f8-1aa6-4f8e-b205-04ef09f20658","currentSessionId":"64c7b2f8-1aa6-4f8e-b205-04ef09f20658","reason":"same-session"}
[CloudSync][realtime] echo-filtered UPDATE {"highlightId":"counter-1777599624274-psqn5x74u","annotationType":"counter","lastModifiedBy":"170d915c-5741-4e0b-b03f-deaeedae27bd","rowSessionId":"64c7b2f8-1aa6-4f8e-b205-04ef09f20658","currentSessionId":"64c7b2f8-1aa6-4f8e-b205-04ef09f20658","reason":"same-session"}
[CloudSync][realtime] echo-filtered UPDATE {"highlightId":"counter-1777599622533-fkfdcvll0","annotationType":"counter","lastModifiedBy":"170d915c-5741-4e0b-b03f-deaeedae27bd","rowSessionId":"64c7b2f8-1aa6-4f8e-b205-04ef09f20658","currentSessionId":"64c7b2f8-1aa6-4f8e-b205-04ef09f20658","reason":"same-session"}
[CloudSync][realtime] echo-filtered UPDATE {"highlightId":"counter-1777599623525-t0hsxvm10","annotationType":"counter","lastModifiedBy":"170d915c-5741-4e0b-b03f-deaeedae27bd","rowSessionId":"64c7b2f8-1aa6-4f8e-b205-04ef09f20658","currentSessionId":"64c7b2f8-1aa6-4f8e-b205-04ef09f20658","reason":"same-session"}
[CloudSync][realtime] echo-filtered UPDATE {"highlightId":"counter-1777599623525-w3xxcgvny","annotationType":"counter","lastModifiedBy":"170d915c-5741-4e0b-b03f-deaeedae27bd","rowSessionId":"64c7b2f8-1aa6-4f8e-b205-04ef09f20658","currentSessionId":"64c7b2f8-1aa6-4f8e-b205-04ef09f20658","reason":"same-session"}
[CloudSync][realtime] echo-filtered UPDATE {"highlightId":"counter-1777599622623-gpk2yhihe","annotationType":"counter","lastModifiedBy":"170d915c-5741-4e0b-b03f-deaeedae27bd","rowSessionId":"64c7b2f8-1aa6-4f8e-b205-04ef09f20658","currentSessionId":"64c7b2f8-1aa6-4f8e-b205-04ef09f20658","reason":"same-session"}
[CloudSync][realtime] echo-filtered UPDATE {"highlightId":"counter-1777599624769-f904i1krg","annotationType":"counter","lastModifiedBy":"170d915c-5741-4e0b-b03f-deaeedae27bd","rowSessionId":"64c7b2f8-1aa6-4f8e-b205-04ef09f20658","currentSessionId":"64c7b2f8-1aa6-4f8e-b205-04ef09f20658","reason":"same-session"}
[CloudSync][realtime] echo-filtered UPDATE {"highlightId":"counter-1777599624769-pv8iy0m0k","annotationType":"counter","lastModifiedBy":"170d915c-5741-4e0b-b03f-deaeedae27bd","rowSessionId":"64c7b2f8-1aa6-4f8e-b205-04ef09f20658","currentSessionId":"64c7b2f8-1aa6-4f8e-b205-04ef09f20658","reason":"same-session"}
[CloudSync][realtime] echo-filtered UPDATE {"highlightId":"counter-1777599624769-t4vme3com","annotationType":"counter","lastModifiedBy":"170d915c-5741-4e0b-b03f-deaeedae27bd","rowSessionId":"64c7b2f8-1aa6-4f8e-b205-04ef09f20658","currentSessionId":"64c7b2f8-1aa6-4f8e-b205-04ef09f20658","reason":"same-session"}
[CloudSync][realtime] echo-filtered UPDATE {"highlightId":"counter-1777599624769-61p7hfer3","annotationType":"counter","lastModifiedBy":"170d915c-5741-4e0b-b03f-deaeedae27bd","rowSessionId":"64c7b2f8-1aa6-4f8e-b205-04ef09f20658","currentSessionId":"64c7b2f8-1aa6-4f8e-b205-04ef09f20658","reason":"same-session"}
[CloudSync][realtime] echo-filtered UPDATE {"highlightId":"counter-1777599581707-xjvj8nl4n","annotationType":"counter","lastModifiedBy":"170d915c-5741-4e0b-b03f-deaeedae27bd","rowSessionId":"64c7b2f8-1aa6-4f8e-b205-04ef09f20658","currentSessionId":"64c7b2f8-1aa6-4f8e-b205-04ef09f20658","reason":"same-session"}
[CloudSync][realtime] echo-filtered UPDATE {"highlightId":"counter-1777599581692-5rs39i83i","annotationType":"counter","lastModifiedBy":"170d915c-5741-4e0b-b03f-deaeedae27bd","rowSessionId":"64c7b2f8-1aa6-4f8e-b205-04ef09f20658","currentSessionId":"64c7b2f8-1aa6-4f8e-b205-04ef09f20658","reason":"same-session"}
[CloudSync][realtime] echo-filtered UPDATE {"highlightId":"counter-1777599583467-uyup5ycmw","annotationType":"counter","lastModifiedBy":"170d915c-5741-4e0b-b03f-deaeedae27bd","rowSessionId":"64c7b2f8-1aa6-4f8e-b205-04ef09f20658","currentSessionId":"64c7b2f8-1aa6-4f8e-b205-04ef09f20658","reason":"same-session"}
[CloudSync][realtime] echo-filtered UPDATE {"highlightId":"counter-1777599583888-rl6dvy02q","annotationType":"counter","lastModifiedBy":"170d915c-5741-4e0b-b03f-deaeedae27bd","rowSessionId":"64c7b2f8-1aa6-4f8e-b205-04ef09f20658","currentSessionId":"64c7b2f8-1aa6-4f8e-b205-04ef09f20658","reason":"same-session"}
[CloudSync][realtime] echo-filtered UPDATE {"highlightId":"counter-1777599583678-08h4up76p","annotationType":"counter","lastModifiedBy":"170d915c-5741-4e0b-b03f-deaeedae27bd","rowSessionId":"64c7b2f8-1aa6-4f8e-b205-04ef09f20658","currentSessionId":"64c7b2f8-1aa6-4f8e-b205-04ef09f20658","reason":"same-session"}
[CloudSync][realtime] echo-filtered UPDATE {"highlightId":"counter-1777599583644-kmh9l42zg","annotationType":"counter","lastModifiedBy":"170d915c-5741-4e0b-b03f-deaeedae27bd","rowSessionId":"64c7b2f8-1aa6-4f8e-b205-04ef09f20658","currentSessionId":"64c7b2f8-1aa6-4f8e-b205-04ef09f20658","reason":"same-session"}
[CloudSync][realtime] echo-filtered UPDATE {"highlightId":"counter-1777599583701-p8l2yr61z","annotationType":"counter","lastModifiedBy":"170d915c-5741-4e0b-b03f-deaeedae27bd","rowSessionId":"64c7b2f8-1aa6-4f8e-b205-04ef09f20658","currentSessionId":"64c7b2f8-1aa6-4f8e-b205-04ef09f20658","reason":"same-session"}
[CloudSync][realtime] echo-filtered UPDATE {"highlightId":"counter-1777599583610-yqj32q5ov","annotationType":"counter","lastModifiedBy":"170d915c-5741-4e0b-b03f-deaeedae27bd","rowSessionId":"64c7b2f8-1aa6-4f8e-b205-04ef09f20658","currentSessionId":"64c7b2f8-1aa6-4f8e-b205-04ef09f20658","reason":"same-session"}
[CloudSync][realtime] echo-filtered UPDATE {"highlightId":"counter-1777599583886-u6lgbm1sl","annotationType":"counter","lastModifiedBy":"170d915c-5741-4e0b-b03f-deaeedae27bd","rowSessionId":"64c7b2f8-1aa6-4f8e-b205-04ef09f20658","currentSessionId":"64c7b2f8-1aa6-4f8e-b205-04ef09f20658","reason":"same-session"}
[CloudSync][realtime] echo-filtered UPDATE {"highlightId":"counter-1777599583861-c5ssxmh83","annotationType":"counter","lastModifiedBy":"170d915c-5741-4e0b-b03f-deaeedae27bd","rowSessionId":"64c7b2f8-1aa6-4f8e-b205-04ef09f20658","currentSessionId":"64c7b2f8-1aa6-4f8e-b205-04ef09f20658","reason":"same-session"}
[CloudSync][realtime] echo-filtered UPDATE {"highlightId":"counter-1777599583518-lt1dtu7os","annotationType":"counter","lastModifiedBy":"170d915c-5741-4e0b-b03f-deaeedae27bd","rowSessionId":"64c7b2f8-1aa6-4f8e-b205-04ef09f20658","currentSessionId":"64c7b2f8-1aa6-4f8e-b205-04ef09f20658","reason":"same-session"}
[CloudSync][realtime] echo-filtered UPDATE {"highlightId":"counter-1777599583885-q6cus8y3y","annotationType":"counter","lastModifiedBy":"170d915c-5741-4e0b-b03f-deaeedae27bd","rowSessionId":"64c7b2f8-1aa6-4f8e-b205-04ef09f20658","currentSessionId":"64c7b2f8-1aa6-4f8e-b205-04ef09f20658","reason":"same-session"}
[CloudSync][realtime] echo-filtered UPDATE {"highlightId":"counter-1777599583734-ttfs5lu1n","annotationType":"counter","lastModifiedBy":"170d915c-5741-4e0b-b03f-deaeedae27bd","rowSessionId":"64c7b2f8-1aa6-4f8e-b205-04ef09f20658","currentSessionId":"64c7b2f8-1aa6-4f8e-b205-04ef09f20658","reason":"same-session"}
[CloudSync][realtime] echo-filtered UPDATE {"highlightId":"counter-1777599584289-f3hxd4q71","annotationType":"counter","lastModifiedBy":"170d915c-5741-4e0b-b03f-deaeedae27bd","rowSessionId":"64c7b2f8-1aa6-4f8e-b205-04ef09f20658","currentSessionId":"64c7b2f8-1aa6-4f8e-b205-04ef09f20658","reason":"same-session"}
[CloudSync][realtime] echo-filtered UPDATE {"highlightId":"counter-1777599584173-mg1h3yv01","annotationType":"counter","lastModifiedBy":"170d915c-5741-4e0b-b03f-deaeedae27bd","rowSessionId":"64c7b2f8-1aa6-4f8e-b205-04ef09f20658","currentSessionId":"64c7b2f8-1aa6-4f8e-b205-04ef09f20658","reason":"same-session"}
[CloudSync][realtime] echo-filtered UPDATE {"highlightId":"counter-1777599583927-pxy0h7ofl","annotationType":"counter","lastModifiedBy":"170d915c-5741-4e0b-b03f-deaeedae27bd","rowSessionId":"64c7b2f8-1aa6-4f8e-b205-04ef09f20658","currentSessionId":"64c7b2f8-1aa6-4f8e-b205-04ef09f20658","reason":"same-session"}
[CloudSync][realtime] echo-filtered UPDATE {"highlightId":"counter-1777599583517-tqhuqk9mg","annotationType":"counter","lastModifiedBy":"170d915c-5741-4e0b-b03f-deaeedae27bd","rowSessionId":"64c7b2f8-1aa6-4f8e-b205-04ef09f20658","currentSessionId":"64c7b2f8-1aa6-4f8e-b205-04ef09f20658","reason":"same-session"}
[CloudSync][realtime] echo-filtered UPDATE {"highlightId":"counter-1777599583873-hut8vwytj","annotationType":"counter","lastModifiedBy":"170d915c-5741-4e0b-b03f-deaeedae27bd","rowSessionId":"64c7b2f8-1aa6-4f8e-b205-04ef09f20658","currentSessionId":"64c7b2f8-1aa6-4f8e-b205-04ef09f20658","reason":"same-session"}
[CloudSync][realtime] echo-filtered UPDATE {"highlightId":"counter-1777599583897-z3iwbavg5","annotationType":"counter","lastModifiedBy":"170d915c-5741-4e0b-b03f-deaeedae27bd","rowSessionId":"64c7b2f8-1aa6-4f8e-b205-04ef09f20658","currentSessionId":"64c7b2f8-1aa6-4f8e-b205-04ef09f20658","reason":"same-session"}
[CloudSync][realtime] echo-filtered UPDATE {"highlightId":"counter-1777599584636-d7u07eqt8","annotationType":"counter","lastModifiedBy":"170d915c-5741-4e0b-b03f-deaeedae27bd","rowSessionId":"64c7b2f8-1aa6-4f8e-b205-04ef09f20658","currentSessionId":"64c7b2f8-1aa6-4f8e-b205-04ef09f20658","reason":"same-session"}
[CloudSync][realtime] echo-filtered UPDATE {"highlightId":"counter-1777599580642-79a6ux929","annotationType":"counter","lastModifiedBy":"170d915c-5741-4e0b-b03f-deaeedae27bd","rowSessionId":"64c7b2f8-1aa6-4f8e-b205-04ef09f20658","currentSessionId":"64c7b2f8-1aa6-4f8e-b205-04ef09f20658","reason":"same-session"}
[CloudSync][realtime] echo-filtered UPDATE {"highlightId":"counter-1777599580993-hhtke0524","annotationType":"counter","lastModifiedBy":"170d915c-5741-4e0b-b03f-deaeedae27bd","rowSessionId":"64c7b2f8-1aa6-4f8e-b205-04ef09f20658","currentSessionId":"64c7b2f8-1aa6-4f8e-b205-04ef09f20658","reason":"same-session"}
[CloudSync][realtime] echo-filtered UPDATE {"highlightId":"counter-1777599580766-jfnd6s7ju","annotationType":"counter","lastModifiedBy":"170d915c-5741-4e0b-b03f-deaeedae27bd","rowSessionId":"64c7b2f8-1aa6-4f8e-b205-04ef09f20658","currentSessionId":"64c7b2f8-1aa6-4f8e-b205-04ef09f20658","reason":"same-session"}
[CloudSync][realtime] echo-filtered UPDATE {"highlightId":"counter-1777599580609-uxqtcxcyw","annotationType":"counter","lastModifiedBy":"170d915c-5741-4e0b-b03f-deaeedae27bd","rowSessionId":"64c7b2f8-1aa6-4f8e-b205-04ef09f20658","currentSessionId":"64c7b2f8-1aa6-4f8e-b205-04ef09f20658","reason":"same-session"}
[CloudSync][realtime] echo-filtered UPDATE {"highlightId":"counter-1777599580671-g0egj6mka","annotationType":"counter","lastModifiedBy":"170d915c-5741-4e0b-b03f-deaeedae27bd","rowSessionId":"64c7b2f8-1aa6-4f8e-b205-04ef09f20658","currentSessionId":"64c7b2f8-1aa6-4f8e-b205-04ef09f20658","reason":"same-session"}
[CloudSync][realtime] echo-filtered UPDATE {"highlightId":"counter-1777599580719-xw5rvytph","annotationType":"counter","lastModifiedBy":"170d915c-5741-4e0b-b03f-deaeedae27bd","rowSessionId":"64c7b2f8-1aa6-4f8e-b205-04ef09f20658","currentSessionId":"64c7b2f8-1aa6-4f8e-b205-04ef09f20658","reason":"same-session"}
[CloudSync][realtime] echo-filtered UPDATE {"highlightId":"counter-1777599580790-cnah69z4i","annotationType":"counter","lastModifiedBy":"170d915c-5741-4e0b-b03f-deaeedae27bd","rowSessionId":"64c7b2f8-1aa6-4f8e-b205-04ef09f20658","currentSessionId":"64c7b2f8-1aa6-4f8e-b205-04ef09f20658","reason":"same-session"}
[CloudSync][realtime] echo-filtered UPDATE {"highlightId":"counter-1777599581042-c2uua3x23","annotationType":"counter","lastModifiedBy":"170d915c-5741-4e0b-b03f-deaeedae27bd","rowSessionId":"64c7b2f8-1aa6-4f8e-b205-04ef09f20658","currentSessionId":"64c7b2f8-1aa6-4f8e-b205-04ef09f20658","reason":"same-session"}
[CloudSync][realtime] echo-filtered UPDATE {"highlightId":"counter-1777599580741-ijba1i7xr","annotationType":"counter","lastModifiedBy":"170d915c-5741-4e0b-b03f-deaeedae27bd","rowSessionId":"64c7b2f8-1aa6-4f8e-b205-04ef09f20658","currentSessionId":"64c7b2f8-1aa6-4f8e-b205-04ef09f20658","reason":"same-session"}
[CloudSync][realtime] echo-filtered UPDATE {"highlightId":"counter-1777599580735-hjrl15k3m","annotationType":"counter","lastModifiedBy":"170d915c-5741-4e0b-b03f-deaeedae27bd","rowSessionId":"64c7b2f8-1aa6-4f8e-b205-04ef09f20658","currentSessionId":"64c7b2f8-1aa6-4f8e-b205-04ef09f20658","reason":"same-session"}
[CloudSync][realtime] echo-filtered UPDATE {"highlightId":"counter-1777599580984-x4guba8j1","annotationType":"counter","lastModifiedBy":"170d915c-5741-4e0b-b03f-deaeedae27bd","rowSessionId":"64c7b2f8-1aa6-4f8e-b205-04ef09f20658","currentSessionId":"64c7b2f8-1aa6-4f8e-b205-04ef09f20658","reason":"same-session"}
[CloudSync][realtime] echo-filtered UPDATE {"highlightId":"counter-1777599580886-obfjxygpp","annotationType":"counter","lastModifiedBy":"170d915c-5741-4e0b-b03f-deaeedae27bd","rowSessionId":"64c7b2f8-1aa6-4f8e-b205-04ef09f20658","currentSessionId":"64c7b2f8-1aa6-4f8e-b205-04ef09f20658","reason":"same-session"}
[CloudSync][realtime] echo-filtered UPDATE {"highlightId":"counter-1777599580949-v51j01tj5","annotationType":"counter","lastModifiedBy":"170d915c-5741-4e0b-b03f-deaeedae27bd","rowSessionId":"64c7b2f8-1aa6-4f8e-b205-04ef09f20658","currentSessionId":"64c7b2f8-1aa6-4f8e-b205-04ef09f20658","reason":"same-session"}
[CloudSync][realtime] echo-filtered UPDATE {"highlightId":"counter-1777599580950-qz2mf0g9f","annotationType":"counter","lastModifiedBy":"170d915c-5741-4e0b-b03f-deaeedae27bd","rowSessionId":"64c7b2f8-1aa6-4f8e-b205-04ef09f20658","currentSessionId":"64c7b2f8-1aa6-4f8e-b205-04ef09f20658","reason":"same-session"}
[CloudSync][realtime] echo-filtered UPDATE {"highlightId":"counter-1777599580965-jxosugroa","annotationType":"counter","lastModifiedBy":"170d915c-5741-4e0b-b03f-deaeedae27bd","rowSessionId":"64c7b2f8-1aa6-4f8e-b205-04ef09f20658","currentSessionId":"64c7b2f8-1aa6-4f8e-b205-04ef09f20658","reason":"same-session"}
[CloudSync][realtime] echo-filtered UPDATE {"highlightId":"counter-1777599580995-o54p13304","annotationType":"counter","lastModifiedBy":"170d915c-5741-4e0b-b03f-deaeedae27bd","rowSessionId":"64c7b2f8-1aa6-4f8e-b205-04ef09f20658","currentSessionId":"64c7b2f8-1aa6-4f8e-b205-04ef09f20658","reason":"same-session"}
[CloudSync][realtime] echo-filtered UPDATE {"highlightId":"counter-1777599580966-ckl9d571m","annotationType":"counter","lastModifiedBy":"170d915c-5741-4e0b-b03f-deaeedae27bd","rowSessionId":"64c7b2f8-1aa6-4f8e-b205-04ef09f20658","currentSessionId":"64c7b2f8-1aa6-4f8e-b205-04ef09f20658","reason":"same-session"}
[CloudSync][realtime] echo-filtered UPDATE {"highlightId":"counter-1777599581142-wcxjb3mdi","annotationType":"counter","lastModifiedBy":"170d915c-5741-4e0b-b03f-deaeedae27bd","rowSessionId":"64c7b2f8-1aa6-4f8e-b205-04ef09f20658","currentSessionId":"64c7b2f8-1aa6-4f8e-b205-04ef09f20658","reason":"same-session"}
[CloudSync][realtime] echo-filtered UPDATE {"highlightId":"counter-1777599580994-62a8tj975","annotationType":"counter","lastModifiedBy":"170d915c-5741-4e0b-b03f-deaeedae27bd","rowSessionId":"64c7b2f8-1aa6-4f8e-b205-04ef09f20658","currentSessionId":"64c7b2f8-1aa6-4f8e-b205-04ef09f20658","reason":"same-session"}
[CloudSync][realtime] echo-filtered UPDATE {"highlightId":"counter-1777599581690-m2dcfiskz","annotationType":"counter","lastModifiedBy":"170d915c-5741-4e0b-b03f-deaeedae27bd","rowSessionId":"64c7b2f8-1aa6-4f8e-b205-04ef09f20658","currentSessionId":"64c7b2f8-1aa6-4f8e-b205-04ef09f20658","reason":"same-session"}
[CloudSync][realtime] echo-filtered UPDATE {"highlightId":"counter-1777599581681-25w6og7na","annotationType":"counter","lastModifiedBy":"170d915c-5741-4e0b-b03f-deaeedae27bd","rowSessionId":"64c7b2f8-1aa6-4f8e-b205-04ef09f20658","currentSessionId":"64c7b2f8-1aa6-4f8e-b205-04ef09f20658","reason":"same-session"}
[CloudSync][realtime] echo-filtered UPDATE {"highlightId":"counter-1777599580995-ug9gpgyie","annotationType":"counter","lastModifiedBy":"170d915c-5741-4e0b-b03f-deaeedae27bd","rowSessionId":"64c7b2f8-1aa6-4f8e-b205-04ef09f20658","currentSessionId":"64c7b2f8-1aa6-4f8e-b205-04ef09f20658","reason":"same-session"}
[CloudSync][realtime] echo-filtered UPDATE {"highlightId":"counter-1777599581693-drnco3i0k","annotationType":"counter","lastModifiedBy":"170d915c-5741-4e0b-b03f-deaeedae27bd","rowSessionId":"64c7b2f8-1aa6-4f8e-b205-04ef09f20658","currentSessionId":"64c7b2f8-1aa6-4f8e-b205-04ef09f20658","reason":"same-session"}
[CloudSync][realtime] echo-filtered UPDATE {"highlightId":"counter-1777599581116-geyc2905z","annotationType":"counter","lastModifiedBy":"170d915c-5741-4e0b-b03f-deaeedae27bd","rowSessionId":"64c7b2f8-1aa6-4f8e-b205-04ef09f20658","currentSessionId":"64c7b2f8-1aa6-4f8e-b205-04ef09f20658","reason":"same-session"}
[CloudSync][realtime] echo-filtered UPDATE {"highlightId":"counter-1777599581175-wgc22usmx","annotationType":"counter","lastModifiedBy":"170d915c-5741-4e0b-b03f-deaeedae27bd","rowSessionId":"64c7b2f8-1aa6-4f8e-b205-04ef09f20658","currentSessionId":"64c7b2f8-1aa6-4f8e-b205-04ef09f20658","reason":"same-session"}
[CloudSync][realtime] echo-filtered UPDATE {"highlightId":"counter-1777599581705-0hdmymzxu","annotationType":"counter","lastModifiedBy":"170d915c-5741-4e0b-b03f-deaeedae27bd","rowSessionId":"64c7b2f8-1aa6-4f8e-b205-04ef09f20658","currentSessionId":"64c7b2f8-1aa6-4f8e-b205-04ef09f20658","reason":"same-session"}
[CloudSync][realtime] echo-filtered UPDATE {"highlightId":"counter-1777599581064-mpfz4yh7a","annotationType":"counter","lastModifiedBy":"170d915c-5741-4e0b-b03f-deaeedae27bd","rowSessionId":"64c7b2f8-1aa6-4f8e-b205-04ef09f20658","currentSessionId":"64c7b2f8-1aa6-4f8e-b205-04ef09f20658","reason":"same-session"}
[CloudSync][realtime] echo-filtered UPDATE {"highlightId":"counter-1777599581704-nrw8goahw","annotationType":"counter","lastModifiedBy":"170d915c-5741-4e0b-b03f-deaeedae27bd","rowSessionId":"64c7b2f8-1aa6-4f8e-b205-04ef09f20658","currentSessionId":"64c7b2f8-1aa6-4f8e-b205-04ef09f20658","reason":"same-session"}
[CloudSync][realtime] echo-filtered UPDATE {"highlightId":"counter-1777599581922-s0f42ae7j","annotationType":"counter","lastModifiedBy":"170d915c-5741-4e0b-b03f-deaeedae27bd","rowSessionId":"64c7b2f8-1aa6-4f8e-b205-04ef09f20658","currentSessionId":"64c7b2f8-1aa6-4f8e-b205-04ef09f20658","reason":"same-session"}
[CloudSync][realtime] echo-filtered UPDATE {"highlightId":"counter-1777599581922-lwnfq5c20","annotationType":"counter","lastModifiedBy":"170d915c-5741-4e0b-b03f-deaeedae27bd","rowSessionId":"64c7b2f8-1aa6-4f8e-b205-04ef09f20658","currentSessionId":"64c7b2f8-1aa6-4f8e-b205-04ef09f20658","reason":"same-session"}
[CloudSync][realtime] echo-filtered UPDATE {"highlightId":"counter-1777599584265-e0w6gyl1v","annotationType":"counter","lastModifiedBy":"170d915c-5741-4e0b-b03f-deaeedae27bd","rowSessionId":"64c7b2f8-1aa6-4f8e-b205-04ef09f20658","currentSessionId":"64c7b2f8-1aa6-4f8e-b205-04ef09f20658","reason":"same-session"}
[CloudSync][realtime] echo-filtered UPDATE {"highlightId":"counter-1777599621761-n94qze086","annotationType":"counter","lastModifiedBy":"170d915c-5741-4e0b-b03f-deaeedae27bd","rowSessionId":"64c7b2f8-1aa6-4f8e-b205-04ef09f20658","currentSessionId":"64c7b2f8-1aa6-4f8e-b205-04ef09f20658","reason":"same-session"}
[CloudSync][realtime] echo-filtered UPDATE {"highlightId":"counter-1777599621677-7wflr0t7j","annotationType":"counter","lastModifiedBy":"170d915c-5741-4e0b-b03f-deaeedae27bd","rowSessionId":"64c7b2f8-1aa6-4f8e-b205-04ef09f20658","currentSessionId":"64c7b2f8-1aa6-4f8e-b205-04ef09f20658","reason":"same-session"}
[CloudSync][realtime] echo-filtered UPDATE {"highlightId":"counter-1777599621722-0haefkl04","annotationType":"counter","lastModifiedBy":"170d915c-5741-4e0b-b03f-deaeedae27bd","rowSessionId":"64c7b2f8-1aa6-4f8e-b205-04ef09f20658","currentSessionId":"64c7b2f8-1aa6-4f8e-b205-04ef09f20658","reason":"same-session"}
[CloudSync][realtime] echo-filtered UPDATE {"highlightId":"counter-1777599621460-ws8g67lxt","annotationType":"counter","lastModifiedBy":"170d915c-5741-4e0b-b03f-deaeedae27bd","rowSessionId":"64c7b2f8-1aa6-4f8e-b205-04ef09f20658","currentSessionId":"64c7b2f8-1aa6-4f8e-b205-04ef09f20658","reason":"same-session"}
[CloudSync][realtime] echo-filtered UPDATE {"highlightId":"counter-1777599622423-6vg3p4xus","annotationType":"counter","lastModifiedBy":"170d915c-5741-4e0b-b03f-deaeedae27bd","rowSessionId":"64c7b2f8-1aa6-4f8e-b205-04ef09f20658","currentSessionId":"64c7b2f8-1aa6-4f8e-b205-04ef09f20658","reason":"same-session"}
[CloudSync][realtime] echo-filtered UPDATE {"highlightId":"counter-1777599622546-5mkg6w054","annotationType":"counter","lastModifiedBy":"170d915c-5741-4e0b-b03f-deaeedae27bd","rowSessionId":"64c7b2f8-1aa6-4f8e-b205-04ef09f20658","currentSessionId":"64c7b2f8-1aa6-4f8e-b205-04ef09f20658","reason":"same-session"}
[CloudSync][realtime] echo-filtered UPDATE {"highlightId":"counter-1777599622407-lfdgd7n4s","annotationType":"counter","lastModifiedBy":"170d915c-5741-4e0b-b03f-deaeedae27bd","rowSessionId":"64c7b2f8-1aa6-4f8e-b205-04ef09f20658","currentSessionId":"64c7b2f8-1aa6-4f8e-b205-04ef09f20658","reason":"same-session"}
[CloudSync][realtime] echo-filtered UPDATE {"highlightId":"counter-1777599622231-79ann8vz1","annotationType":"counter","lastModifiedBy":"170d915c-5741-4e0b-b03f-deaeedae27bd","rowSessionId":"64c7b2f8-1aa6-4f8e-b205-04ef09f20658","currentSessionId":"64c7b2f8-1aa6-4f8e-b205-04ef09f20658","reason":"same-session"}
[CloudSync][realtime] echo-filtered UPDATE {"highlightId":"counter-1777599622404-bvgmjjrew","annotationType":"counter","lastModifiedBy":"170d915c-5741-4e0b-b03f-deaeedae27bd","rowSessionId":"64c7b2f8-1aa6-4f8e-b205-04ef09f20658","currentSessionId":"64c7b2f8-1aa6-4f8e-b205-04ef09f20658","reason":"same-session"}
[CloudSync][realtime] echo-filtered UPDATE {"highlightId":"counter-1777599622352-7qvjdby5n","annotationType":"counter","lastModifiedBy":"170d915c-5741-4e0b-b03f-deaeedae27bd","rowSessionId":"64c7b2f8-1aa6-4f8e-b205-04ef09f20658","currentSessionId":"64c7b2f8-1aa6-4f8e-b205-04ef09f20658","reason":"same-session"}
[CloudSync][realtime] echo-filtered UPDATE {"highlightId":"counter-1777599622351-lm1shxaid","annotationType":"counter","lastModifiedBy":"170d915c-5741-4e0b-b03f-deaeedae27bd","rowSessionId":"64c7b2f8-1aa6-4f8e-b205-04ef09f20658","currentSessionId":"64c7b2f8-1aa6-4f8e-b205-04ef09f20658","reason":"same-session"}
[CloudSync][realtime] echo-filtered UPDATE {"highlightId":"counter-1777599624274-byqn34fyq","annotationType":"counter","lastModifiedBy":"170d915c-5741-4e0b-b03f-deaeedae27bd","rowSessionId":"64c7b2f8-1aa6-4f8e-b205-04ef09f20658","currentSessionId":"64c7b2f8-1aa6-4f8e-b205-04ef09f20658","reason":"same-session"}
[CloudSync][realtime] echo-filtered UPDATE {"highlightId":"counter-1777599621791-54l0wvvp0","annotationType":"counter","lastModifiedBy":"170d915c-5741-4e0b-b03f-deaeedae27bd","rowSessionId":"64c7b2f8-1aa6-4f8e-b205-04ef09f20658","currentSessionId":"64c7b2f8-1aa6-4f8e-b205-04ef09f20658","reason":"same-session"}
[CloudSync][realtime] echo-filtered UPDATE {"highlightId":"ink-1777596993810-jmtlhkn2g","annotationType":"ink","lastModifiedBy":"170d915c-5741-4e0b-b03f-deaeedae27bd","rowSessionId":"64c7b2f8-1aa6-4f8e-b205-04ef09f20658","currentSessionId":"64c7b2f8-1aa6-4f8e-b205-04ef09f20658","reason":"same-session"}
[CloudSync][realtime] echo-filtered UPDATE {"highlightId":"f6da66ed-fd32-41d3-a13d-bf82c3322ee5","annotationType":"ink","lastModifiedBy":"170d915c-5741-4e0b-b03f-deaeedae27bd","rowSessionId":"64c7b2f8-1aa6-4f8e-b205-04ef09f20658","currentSessionId":"64c7b2f8-1aa6-4f8e-b205-04ef09f20658","reason":"same-session"}
[CloudSync][realtime] echo-filtered UPDATE {"highlightId":"callout-y538t3l2r-mowlwupu","annotationType":"callout","lastModifiedBy":"170d915c-5741-4e0b-b03f-deaeedae27bd","rowSessionId":"64c7b2f8-1aa6-4f8e-b205-04ef09f20658","currentSessionId":"64c7b2f8-1aa6-4f8e-b205-04ef09f20658","reason":"same-session"}
[PreviewDiag] start {"pointerDown":true,"surface":"FabricDrawingCanvas","tool":"pen","type":"path","action":"pen-stroke","pageNumber":1,"annotationId":null}
[PreviewDiag] preview {"id":"gesture-2","frames":1,"pointerDown":true,"surface":"FabricDrawingCanvas","tool":"pen","type":"path","action":"pen-stroke","pageNumber":1,"annotationId":null}
[PreviewDiag] pointer release {"id":"gesture-2","frames":1,"pointerDown":false,"surface":"FabricDrawingCanvas","tool":"pen","type":"path","action":"pen-stroke","pageNumber":1,"annotationId":"bbdc9108-bb96-49f9-87e0-73154011859e"}
[PreviewDiag] final commit {"id":"gesture-2","commits":1,"pointerDown":false,"surface":"App.handleSaveAnnotations","tool":"pen","type":"path","action":"path:created","pageNumber":1,"annotationId":"bbdc9108-bb96-49f9-87e0-73154011859e","source":"path:created","objectDelta":1,"previousObjectCount":114,"nextObjectCount":115,"changedObjectsCount":1,"checkpointPolicy":"normal"}
[UndoDiag] {"seq":7,"order":2,"at":"2026-05-12T13:08:09.007Z","event":"local_annotation_history_added","actionType":"create","rawActionType":"fabric:create","annotationType":"path","annotationId":"bbdc9108-bb96-49f9-87e0-73154011859e","pageNumber":1,"lane":"local annotation history","receivedStack":"localAnnotationUndo","chosenStack":null,"chosenLane":"local annotation history","decisionReason":null,"undoDepth":2,"redoDepth":0}
[CloudSync][hook] fabric state changed — debounce push scheduled {"pageCount":1,"objectCount":115,"priorObjectCount":114,"isWipePush":false,"deferredUntilPointerUp":false,"debounceMs":800}
[CloudSync][hook] fabric push debounce elapsed — pushing now
[Phase31 UAT] save:start {"documentId":"484e4280-bca3-4ebe-bde7-d9371da0f528","pdfId":"test.pdf-2462","userId":"170d915c-5741-4e0b-b03f-deaeedae27bd","legacyBulkUpsertEnabled":false,"crdtEnabled":true,"ydocMounted":true,"route":"supabase-durable-then-crdt","currentTotal":115,"currentDrawnByMe":0,"currentDrawnByOthers":115,"currentImported":0,"priorTotal":114,"priorDrawnByMe":0,"priorImported":0,"deltaTotal":1}
[CloudSync][hook] fabric delta prepared {"changedObjectCount":1,"totalObjectCount":115,"priorObjectCount":114,"preciseSource":null,"preciseDeletedCount":null,"preciseChangedCount":null}
[CloudSync][push] upsertAnnotationsByPage start {"documentId":"484e4280-bca3-4ebe-bde7-d9371da0f528","pdfId":"test.pdf-2462","userId":"170d915c-5741-4e0b-b03f-deaeedae27bd","totalRows":115,"userDrawnObjects":115,"importedObjects":0,"rowsByType":{"counter":112,"ink":3},"pages":1}
[PreviewDiag] summary path:created started, 2 preview frames, 0 sync writes during drag, 0 sync deferrals during drag, 0 backup writes during drag, 1 commit on release, 0 sync pushes after release, 0 backup writes after release {"id":"gesture-2","durationMs":2176.1,"pointerDown":false,"surface":"App.handleSaveAnnotations","tool":"pen","type":"path","action":"path:created","pageNumber":1,"annotationId":"bbdc9108-bb96-49f9-87e0-73154011859e","source":"path:created","objectDelta":1,"previousObjectCount":114,"nextObjectCount":115,"changedObjectsCount":1,"checkpointPolicy":"normal","reason":"settled"}
[CloudSync][realtime] echo-filtered UPDATE {"highlightId":"counter-1777599622128-4kptsao8y","annotationType":"counter","lastModifiedBy":"170d915c-5741-4e0b-b03f-deaeedae27bd","rowSessionId":"64c7b2f8-1aa6-4f8e-b205-04ef09f20658","currentSessionId":"64c7b2f8-1aa6-4f8e-b205-04ef09f20658","reason":"same-session"}
[CloudSync][realtime] echo-filtered UPDATE {"highlightId":"counter-1777599621676-yok523dni","annotationType":"counter","lastModifiedBy":"170d915c-5741-4e0b-b03f-deaeedae27bd","rowSessionId":"64c7b2f8-1aa6-4f8e-b205-04ef09f20658","currentSessionId":"64c7b2f8-1aa6-4f8e-b205-04ef09f20658","reason":"same-session"}
[CloudSync][realtime] echo-filtered UPDATE {"highlightId":"counter-1777599621337-jvb61myoe","annotationType":"counter","lastModifiedBy":"170d915c-5741-4e0b-b03f-deaeedae27bd","rowSessionId":"64c7b2f8-1aa6-4f8e-b205-04ef09f20658","currentSessionId":"64c7b2f8-1aa6-4f8e-b205-04ef09f20658","reason":"same-session"}
[CloudSync][realtime] echo-filtered UPDATE {"highlightId":"counter-1777599621493-ch5t76ku0","annotationType":"counter","lastModifiedBy":"170d915c-5741-4e0b-b03f-deaeedae27bd","rowSessionId":"64c7b2f8-1aa6-4f8e-b205-04ef09f20658","currentSessionId":"64c7b2f8-1aa6-4f8e-b205-04ef09f20658","reason":"same-session"}
[CloudSync][realtime] echo-filtered UPDATE {"highlightId":"counter-1777599621535-t2o3n907k","annotationType":"counter","lastModifiedBy":"170d915c-5741-4e0b-b03f-deaeedae27bd","rowSessionId":"64c7b2f8-1aa6-4f8e-b205-04ef09f20658","currentSessionId":"64c7b2f8-1aa6-4f8e-b205-04ef09f20658","reason":"same-session"}
[CloudSync][realtime] echo-filtered UPDATE {"highlightId":"counter-1777599621572-xrh7dmcxh","annotationType":"counter","lastModifiedBy":"170d915c-5741-4e0b-b03f-deaeedae27bd","rowSessionId":"64c7b2f8-1aa6-4f8e-b205-04ef09f20658","currentSessionId":"64c7b2f8-1aa6-4f8e-b205-04ef09f20658","reason":"same-session"}
[CloudSync][realtime] echo-filtered UPDATE {"highlightId":"counter-1777599621606-xmzbaeh1j","annotationType":"counter","lastModifiedBy":"170d915c-5741-4e0b-b03f-deaeedae27bd","rowSessionId":"64c7b2f8-1aa6-4f8e-b205-04ef09f20658","currentSessionId":"64c7b2f8-1aa6-4f8e-b205-04ef09f20658","reason":"same-session"}
[CloudSync][realtime] echo-filtered UPDATE {"highlightId":"counter-1777599621675-4lsqkpp99","annotationType":"counter","lastModifiedBy":"170d915c-5741-4e0b-b03f-deaeedae27bd","rowSessionId":"64c7b2f8-1aa6-4f8e-b205-04ef09f20658","currentSessionId":"64c7b2f8-1aa6-4f8e-b205-04ef09f20658","reason":"same-session"}
[CloudSync][realtime] echo-filtered UPDATE {"highlightId":"counter-1777599622126-y8tz99epe","annotationType":"counter","lastModifiedBy":"170d915c-5741-4e0b-b03f-deaeedae27bd","rowSessionId":"64c7b2f8-1aa6-4f8e-b205-04ef09f20658","currentSessionId":"64c7b2f8-1aa6-4f8e-b205-04ef09f20658","reason":"same-session"}
[CloudSync][realtime] echo-filtered UPDATE {"highlightId":"counter-1777599621852-lfp75d7wk","annotationType":"counter","lastModifiedBy":"170d915c-5741-4e0b-b03f-deaeedae27bd","rowSessionId":"64c7b2f8-1aa6-4f8e-b205-04ef09f20658","currentSessionId":"64c7b2f8-1aa6-4f8e-b205-04ef09f20658","reason":"same-session"}
[CloudSync][realtime] echo-filtered UPDATE {"highlightId":"counter-1777599621934-4wp80tok5","annotationType":"counter","lastModifiedBy":"170d915c-5741-4e0b-b03f-deaeedae27bd","rowSessionId":"64c7b2f8-1aa6-4f8e-b205-04ef09f20658","currentSessionId":"64c7b2f8-1aa6-4f8e-b205-04ef09f20658","reason":"same-session"}
[CloudSync][realtime] echo-filtered UPDATE {"highlightId":"counter-1777599621935-0rt5eep6p","annotationType":"counter","lastModifiedBy":"170d915c-5741-4e0b-b03f-deaeedae27bd","rowSessionId":"64c7b2f8-1aa6-4f8e-b205-04ef09f20658","currentSessionId":"64c7b2f8-1aa6-4f8e-b205-04ef09f20658","reason":"same-session"}
[CloudSync][realtime] echo-filtered UPDATE {"highlightId":"counter-1777599622200-z64en2bxu","annotationType":"counter","lastModifiedBy":"170d915c-5741-4e0b-b03f-deaeedae27bd","rowSessionId":"64c7b2f8-1aa6-4f8e-b205-04ef09f20658","currentSessionId":"64c7b2f8-1aa6-4f8e-b205-04ef09f20658","reason":"same-session"}
[CloudSync][realtime] echo-filtered UPDATE {"highlightId":"counter-1777599621980-rn5p10rur","annotationType":"counter","lastModifiedBy":"170d915c-5741-4e0b-b03f-deaeedae27bd","rowSessionId":"64c7b2f8-1aa6-4f8e-b205-04ef09f20658","currentSessionId":"64c7b2f8-1aa6-4f8e-b205-04ef09f20658","reason":"same-session"}
[CloudSync][realtime] echo-filtered UPDATE {"highlightId":"counter-1777599622166-aoosfgxtt","annotationType":"counter","lastModifiedBy":"170d915c-5741-4e0b-b03f-deaeedae27bd","rowSessionId":"64c7b2f8-1aa6-4f8e-b205-04ef09f20658","currentSessionId":"64c7b2f8-1aa6-4f8e-b205-04ef09f20658","reason":"same-session"}
[CloudSync][realtime] echo-filtered UPDATE {"highlightId":"counter-1777599621810-36zu7l1pc","annotationType":"counter","lastModifiedBy":"170d915c-5741-4e0b-b03f-deaeedae27bd","rowSessionId":"64c7b2f8-1aa6-4f8e-b205-04ef09f20658","currentSessionId":"64c7b2f8-1aa6-4f8e-b205-04ef09f20658","reason":"same-session"}
[CloudSync][realtime] echo-filtered UPDATE {"highlightId":"counter-1777599622401-xpyoc2z29","annotationType":"counter","lastModifiedBy":"170d915c-5741-4e0b-b03f-deaeedae27bd","rowSessionId":"64c7b2f8-1aa6-4f8e-b205-04ef09f20658","currentSessionId":"64c7b2f8-1aa6-4f8e-b205-04ef09f20658","reason":"same-session"}
[CloudSync][realtime] echo-filtered UPDATE {"highlightId":"counter-1777599622321-1o1fam84j","annotationType":"counter","lastModifiedBy":"170d915c-5741-4e0b-b03f-deaeedae27bd","rowSessionId":"64c7b2f8-1aa6-4f8e-b205-04ef09f20658","currentSessionId":"64c7b2f8-1aa6-4f8e-b205-04ef09f20658","reason":"same-session"}
[CloudSync][realtime] echo-filtered UPDATE {"highlightId":"counter-1777599622548-egpv1pa0r","annotationType":"counter","lastModifiedBy":"170d915c-5741-4e0b-b03f-deaeedae27bd","rowSessionId":"64c7b2f8-1aa6-4f8e-b205-04ef09f20658","currentSessionId":"64c7b2f8-1aa6-4f8e-b205-04ef09f20658","reason":"same-session"}
[CloudSync][realtime] echo-filtered UPDATE {"highlightId":"counter-1777599622083-re6sakh5t","annotationType":"counter","lastModifiedBy":"170d915c-5741-4e0b-b03f-deaeedae27bd","rowSessionId":"64c7b2f8-1aa6-4f8e-b205-04ef09f20658","currentSessionId":"64c7b2f8-1aa6-4f8e-b205-04ef09f20658","reason":"same-session"}
[CloudSync][realtime] echo-filtered UPDATE {"highlightId":"counter-1777599622532-jg088vh31","annotationType":"counter","lastModifiedBy":"170d915c-5741-4e0b-b03f-deaeedae27bd","rowSessionId":"64c7b2f8-1aa6-4f8e-b205-04ef09f20658","currentSessionId":"64c7b2f8-1aa6-4f8e-b205-04ef09f20658","reason":"same-session"}
[CloudSync][realtime] echo-filtered UPDATE {"highlightId":"counter-1777599622539-774vr5uqz","annotationType":"counter","lastModifiedBy":"170d915c-5741-4e0b-b03f-deaeedae27bd","rowSessionId":"64c7b2f8-1aa6-4f8e-b205-04ef09f20658","currentSessionId":"64c7b2f8-1aa6-4f8e-b205-04ef09f20658","reason":"same-session"}
[CloudSync][realtime] echo-filtered UPDATE {"highlightId":"counter-1777599583286-0ial7rf4z","annotationType":"counter","lastModifiedBy":"170d915c-5741-4e0b-b03f-deaeedae27bd","rowSessionId":"64c7b2f8-1aa6-4f8e-b205-04ef09f20658","currentSessionId":"64c7b2f8-1aa6-4f8e-b205-04ef09f20658","reason":"same-session"}
[CloudSync][realtime] echo-filtered UPDATE {"highlightId":"counter-1777599583325-ybe1hm5ve","annotationType":"counter","lastModifiedBy":"170d915c-5741-4e0b-b03f-deaeedae27bd","rowSessionId":"64c7b2f8-1aa6-4f8e-b205-04ef09f20658","currentSessionId":"64c7b2f8-1aa6-4f8e-b205-04ef09f20658","reason":"same-session"}
[CloudSync][push] upsertAnnotationsByPage ok {"elapsedMs":1283,"pdfId":"test.pdf-2462","rowsReturned":115}
[UndoDiag] {"seq":10,"order":null,"at":"2026-05-12T13:08:11.111Z","event":"yjs_history_added","actionType":"undo","rawActionType":"undo","annotationType":null,"annotationId":null,"pageNumber":null,"lane":"Yjs/CRDT history","receivedStack":"yjsUndoStack","chosenStack":null,"chosenLane":"Yjs/CRDT history","decisionReason":null,"undoDepth":3,"redoDepth":0}
[Phase31 UAT] save:fan-out done {"documentId":"484e4280-bca3-4ebe-bde7-d9371da0f528","pdfId":"test.pdf-2462","userId":"170d915c-5741-4e0b-b03f-deaeedae27bd","dispatched":1,"detected":1,"skippedHighlightOrCallout":0,"skippedOtherType":0,"rawTypeBreakdown":{"pen":1},"resolvedTypeBreakdown":{"ink":1},"skipReasons":{},"skipSamples":[],"yMapSizeAfter":115}
[CloudSync][hook] fabric push synced {"count":115}
[PreviewDiag] sync push {"gestureId":"gesture-2","totalAfterRelease":1,"kind":"fabric","count":1,"changedObjectCount":1,"deletedCount":0,"pageCount":1}
[CloudSync][realtime] echo-filtered UPDATE {"highlightId":"counter-1777599583380-yj5tiwja5","annotationType":"counter","lastModifiedBy":"170d915c-5741-4e0b-b03f-deaeedae27bd","rowSessionId":"64c7b2f8-1aa6-4f8e-b205-04ef09f20658","currentSessionId":"64c7b2f8-1aa6-4f8e-b205-04ef09f20658","reason":"same-session"}
[CloudSync][realtime] echo-filtered UPDATE {"highlightId":"counter-1777599583435-rw09uwups","annotationType":"counter","lastModifiedBy":"170d915c-5741-4e0b-b03f-deaeedae27bd","rowSessionId":"64c7b2f8-1aa6-4f8e-b205-04ef09f20658","currentSessionId":"64c7b2f8-1aa6-4f8e-b205-04ef09f20658","reason":"same-session"}
[CloudSync][realtime] echo-filtered UPDATE {"highlightId":"counter-1777599583437-v8acp31u7","annotationType":"counter","lastModifiedBy":"170d915c-5741-4e0b-b03f-deaeedae27bd","rowSessionId":"64c7b2f8-1aa6-4f8e-b205-04ef09f20658","currentSessionId":"64c7b2f8-1aa6-4f8e-b205-04ef09f20658","reason":"same-session"}
[CloudSync][realtime] echo-filtered UPDATE {"highlightId":"counter-1777599583546-ilo51akz9","annotationType":"counter","lastModifiedBy":"170d915c-5741-4e0b-b03f-deaeedae27bd","rowSessionId":"64c7b2f8-1aa6-4f8e-b205-04ef09f20658","currentSessionId":"64c7b2f8-1aa6-4f8e-b205-04ef09f20658","reason":"same-session"}
[CloudSync][realtime] echo-filtered UPDATE {"highlightId":"counter-1777599583609-26m125pf2","annotationType":"counter","lastModifiedBy":"170d915c-5741-4e0b-b03f-deaeedae27bd","rowSessionId":"64c7b2f8-1aa6-4f8e-b205-04ef09f20658","currentSessionId":"64c7b2f8-1aa6-4f8e-b205-04ef09f20658","reason":"same-session"}
[CloudSync][realtime] echo-filtered UPDATE {"highlightId":"counter-1777599622016-rdnv69p1b","annotationType":"counter","lastModifiedBy":"170d915c-5741-4e0b-b03f-deaeedae27bd","rowSessionId":"64c7b2f8-1aa6-4f8e-b205-04ef09f20658","currentSessionId":"64c7b2f8-1aa6-4f8e-b205-04ef09f20658","reason":"same-session"}
[CloudSync][realtime] echo-filtered UPDATE {"highlightId":"counter-1777599622251-ko0etb1qd","annotationType":"counter","lastModifiedBy":"170d915c-5741-4e0b-b03f-deaeedae27bd","rowSessionId":"64c7b2f8-1aa6-4f8e-b205-04ef09f20658","currentSessionId":"64c7b2f8-1aa6-4f8e-b205-04ef09f20658","reason":"same-session"}
[CloudSync][realtime] echo-filtered UPDATE {"highlightId":"counter-1777599624584-2ayu9k10r","annotationType":"counter","lastModifiedBy":"170d915c-5741-4e0b-b03f-deaeedae27bd","rowSessionId":"64c7b2f8-1aa6-4f8e-b205-04ef09f20658","currentSessionId":"64c7b2f8-1aa6-4f8e-b205-04ef09f20658","reason":"same-session"}
[CloudSync][realtime] echo-filtered UPDATE {"highlightId":"counter-1777599624584-fg5hz4z0f","annotationType":"counter","lastModifiedBy":"170d915c-5741-4e0b-b03f-deaeedae27bd","rowSessionId":"64c7b2f8-1aa6-4f8e-b205-04ef09f20658","currentSessionId":"64c7b2f8-1aa6-4f8e-b205-04ef09f20658","reason":"same-session"}
[CloudSync][realtime] echo-filtered UPDATE {"highlightId":"counter-1777599624584-77y2fkkmn","annotationType":"counter","lastModifiedBy":"170d915c-5741-4e0b-b03f-deaeedae27bd","rowSessionId":"64c7b2f8-1aa6-4f8e-b205-04ef09f20658","currentSessionId":"64c7b2f8-1aa6-4f8e-b205-04ef09f20658","reason":"same-session"}
[CloudSync][realtime] echo-filtered UPDATE {"highlightId":"counter-1777599624709-hex38xvba","annotationType":"counter","lastModifiedBy":"170d915c-5741-4e0b-b03f-deaeedae27bd","rowSessionId":"64c7b2f8-1aa6-4f8e-b205-04ef09f20658","currentSessionId":"64c7b2f8-1aa6-4f8e-b205-04ef09f20658","reason":"same-session"}
[CloudSync][realtime] echo-filtered UPDATE {"highlightId":"counter-1777599624584-lln8v1nd8","annotationType":"counter","lastModifiedBy":"170d915c-5741-4e0b-b03f-deaeedae27bd","rowSessionId":"64c7b2f8-1aa6-4f8e-b205-04ef09f20658","currentSessionId":"64c7b2f8-1aa6-4f8e-b205-04ef09f20658","reason":"same-session"}
[CloudSync][realtime] echo-filtered UPDATE {"highlightId":"counter-1777599624709-3ut50jbhn","annotationType":"counter","lastModifiedBy":"170d915c-5741-4e0b-b03f-deaeedae27bd","rowSessionId":"64c7b2f8-1aa6-4f8e-b205-04ef09f20658","currentSessionId":"64c7b2f8-1aa6-4f8e-b205-04ef09f20658","reason":"same-session"}
[CloudSync][realtime] echo-filtered UPDATE {"highlightId":"counter-1777599624709-hrq0q3ppl","annotationType":"counter","lastModifiedBy":"170d915c-5741-4e0b-b03f-deaeedae27bd","rowSessionId":"64c7b2f8-1aa6-4f8e-b205-04ef09f20658","currentSessionId":"64c7b2f8-1aa6-4f8e-b205-04ef09f20658","reason":"same-session"}
[CloudSync][realtime] echo-filtered UPDATE {"highlightId":"counter-1777599624185-od3bz5xlo","annotationType":"counter","lastModifiedBy":"170d915c-5741-4e0b-b03f-deaeedae27bd","rowSessionId":"64c7b2f8-1aa6-4f8e-b205-04ef09f20658","currentSessionId":"64c7b2f8-1aa6-4f8e-b205-04ef09f20658","reason":"same-session"}
[CloudSync][realtime] echo-filtered UPDATE {"highlightId":"counter-1777599624274-psqn5x74u","annotationType":"counter","lastModifiedBy":"170d915c-5741-4e0b-b03f-deaeedae27bd","rowSessionId":"64c7b2f8-1aa6-4f8e-b205-04ef09f20658","currentSessionId":"64c7b2f8-1aa6-4f8e-b205-04ef09f20658","reason":"same-session"}
[CloudSync][realtime] echo-filtered UPDATE {"highlightId":"counter-1777599622533-fkfdcvll0","annotationType":"counter","lastModifiedBy":"170d915c-5741-4e0b-b03f-deaeedae27bd","rowSessionId":"64c7b2f8-1aa6-4f8e-b205-04ef09f20658","currentSessionId":"64c7b2f8-1aa6-4f8e-b205-04ef09f20658","reason":"same-session"}
[CloudSync][realtime] echo-filtered UPDATE {"highlightId":"counter-1777599623525-t0hsxvm10","annotationType":"counter","lastModifiedBy":"170d915c-5741-4e0b-b03f-deaeedae27bd","rowSessionId":"64c7b2f8-1aa6-4f8e-b205-04ef09f20658","currentSessionId":"64c7b2f8-1aa6-4f8e-b205-04ef09f20658","reason":"same-session"}
[CloudSync][realtime] echo-filtered UPDATE {"highlightId":"counter-1777599623525-w3xxcgvny","annotationType":"counter","lastModifiedBy":"170d915c-5741-4e0b-b03f-deaeedae27bd","rowSessionId":"64c7b2f8-1aa6-4f8e-b205-04ef09f20658","currentSessionId":"64c7b2f8-1aa6-4f8e-b205-04ef09f20658","reason":"same-session"}
[CloudSync][realtime] echo-filtered UPDATE {"highlightId":"counter-1777599622623-gpk2yhihe","annotationType":"counter","lastModifiedBy":"170d915c-5741-4e0b-b03f-deaeedae27bd","rowSessionId":"64c7b2f8-1aa6-4f8e-b205-04ef09f20658","currentSessionId":"64c7b2f8-1aa6-4f8e-b205-04ef09f20658","reason":"same-session"}
[CloudSync][realtime] echo-filtered UPDATE {"highlightId":"counter-1777599624769-f904i1krg","annotationType":"counter","lastModifiedBy":"170d915c-5741-4e0b-b03f-deaeedae27bd","rowSessionId":"64c7b2f8-1aa6-4f8e-b205-04ef09f20658","currentSessionId":"64c7b2f8-1aa6-4f8e-b205-04ef09f20658","reason":"same-session"}
[CloudSync][realtime] echo-filtered UPDATE {"highlightId":"counter-1777599624769-pv8iy0m0k","annotationType":"counter","lastModifiedBy":"170d915c-5741-4e0b-b03f-deaeedae27bd","rowSessionId":"64c7b2f8-1aa6-4f8e-b205-04ef09f20658","currentSessionId":"64c7b2f8-1aa6-4f8e-b205-04ef09f20658","reason":"same-session"}
[CloudSync][realtime] echo-filtered UPDATE {"highlightId":"counter-1777599624769-t4vme3com","annotationType":"counter","lastModifiedBy":"170d915c-5741-4e0b-b03f-deaeedae27bd","rowSessionId":"64c7b2f8-1aa6-4f8e-b205-04ef09f20658","currentSessionId":"64c7b2f8-1aa6-4f8e-b205-04ef09f20658","reason":"same-session"}
[CloudSync][realtime] echo-filtered UPDATE {"highlightId":"counter-1777599624769-61p7hfer3","annotationType":"counter","lastModifiedBy":"170d915c-5741-4e0b-b03f-deaeedae27bd","rowSessionId":"64c7b2f8-1aa6-4f8e-b205-04ef09f20658","currentSessionId":"64c7b2f8-1aa6-4f8e-b205-04ef09f20658","reason":"same-session"}
[CloudSync][realtime] echo-filtered UPDATE {"highlightId":"counter-1777599581707-xjvj8nl4n","annotationType":"counter","lastModifiedBy":"170d915c-5741-4e0b-b03f-deaeedae27bd","rowSessionId":"64c7b2f8-1aa6-4f8e-b205-04ef09f20658","currentSessionId":"64c7b2f8-1aa6-4f8e-b205-04ef09f20658","reason":"same-session"}
[CloudSync][realtime] echo-filtered UPDATE {"highlightId":"counter-1777599581692-5rs39i83i","annotationType":"counter","lastModifiedBy":"170d915c-5741-4e0b-b03f-deaeedae27bd","rowSessionId":"64c7b2f8-1aa6-4f8e-b205-04ef09f20658","currentSessionId":"64c7b2f8-1aa6-4f8e-b205-04ef09f20658","reason":"same-session"}
[CloudSync][realtime] echo-filtered UPDATE {"highlightId":"counter-1777599583467-uyup5ycmw","annotationType":"counter","lastModifiedBy":"170d915c-5741-4e0b-b03f-deaeedae27bd","rowSessionId":"64c7b2f8-1aa6-4f8e-b205-04ef09f20658","currentSessionId":"64c7b2f8-1aa6-4f8e-b205-04ef09f20658","reason":"same-session"}
[CloudSync][realtime] echo-filtered UPDATE {"highlightId":"counter-1777599583888-rl6dvy02q","annotationType":"counter","lastModifiedBy":"170d915c-5741-4e0b-b03f-deaeedae27bd","rowSessionId":"64c7b2f8-1aa6-4f8e-b205-04ef09f20658","currentSessionId":"64c7b2f8-1aa6-4f8e-b205-04ef09f20658","reason":"same-session"}
[CloudSync][realtime] echo-filtered UPDATE {"highlightId":"counter-1777599583678-08h4up76p","annotationType":"counter","lastModifiedBy":"170d915c-5741-4e0b-b03f-deaeedae27bd","rowSessionId":"64c7b2f8-1aa6-4f8e-b205-04ef09f20658","currentSessionId":"64c7b2f8-1aa6-4f8e-b205-04ef09f20658","reason":"same-session"}
[CloudSync][realtime] echo-filtered UPDATE {"highlightId":"counter-1777599583644-kmh9l42zg","annotationType":"counter","lastModifiedBy":"170d915c-5741-4e0b-b03f-deaeedae27bd","rowSessionId":"64c7b2f8-1aa6-4f8e-b205-04ef09f20658","currentSessionId":"64c7b2f8-1aa6-4f8e-b205-04ef09f20658","reason":"same-session"}
[CloudSync][realtime] echo-filtered UPDATE {"highlightId":"counter-1777599583701-p8l2yr61z","annotationType":"counter","lastModifiedBy":"170d915c-5741-4e0b-b03f-deaeedae27bd","rowSessionId":"64c7b2f8-1aa6-4f8e-b205-04ef09f20658","currentSessionId":"64c7b2f8-1aa6-4f8e-b205-04ef09f20658","reason":"same-session"}
[CloudSync][realtime] echo-filtered UPDATE {"highlightId":"counter-1777599583610-yqj32q5ov","annotationType":"counter","lastModifiedBy":"170d915c-5741-4e0b-b03f-deaeedae27bd","rowSessionId":"64c7b2f8-1aa6-4f8e-b205-04ef09f20658","currentSessionId":"64c7b2f8-1aa6-4f8e-b205-04ef09f20658","reason":"same-session"}
[CloudSync][realtime] echo-filtered UPDATE {"highlightId":"counter-1777599583886-u6lgbm1sl","annotationType":"counter","lastModifiedBy":"170d915c-5741-4e0b-b03f-deaeedae27bd","rowSessionId":"64c7b2f8-1aa6-4f8e-b205-04ef09f20658","currentSessionId":"64c7b2f8-1aa6-4f8e-b205-04ef09f20658","reason":"same-session"}
[CloudSync][realtime] echo-filtered UPDATE {"highlightId":"counter-1777599583861-c5ssxmh83","annotationType":"counter","lastModifiedBy":"170d915c-5741-4e0b-b03f-deaeedae27bd","rowSessionId":"64c7b2f8-1aa6-4f8e-b205-04ef09f20658","currentSessionId":"64c7b2f8-1aa6-4f8e-b205-04ef09f20658","reason":"same-session"}
[CloudSync][realtime] echo-filtered UPDATE {"highlightId":"counter-1777599583518-lt1dtu7os","annotationType":"counter","lastModifiedBy":"170d915c-5741-4e0b-b03f-deaeedae27bd","rowSessionId":"64c7b2f8-1aa6-4f8e-b205-04ef09f20658","currentSessionId":"64c7b2f8-1aa6-4f8e-b205-04ef09f20658","reason":"same-session"}
[CloudSync][realtime] echo-filtered UPDATE {"highlightId":"counter-1777599583885-q6cus8y3y","annotationType":"counter","lastModifiedBy":"170d915c-5741-4e0b-b03f-deaeedae27bd","rowSessionId":"64c7b2f8-1aa6-4f8e-b205-04ef09f20658","currentSessionId":"64c7b2f8-1aa6-4f8e-b205-04ef09f20658","reason":"same-session"}
[CloudSync][realtime] echo-filtered UPDATE {"highlightId":"counter-1777599583734-ttfs5lu1n","annotationType":"counter","lastModifiedBy":"170d915c-5741-4e0b-b03f-deaeedae27bd","rowSessionId":"64c7b2f8-1aa6-4f8e-b205-04ef09f20658","currentSessionId":"64c7b2f8-1aa6-4f8e-b205-04ef09f20658","reason":"same-session"}
[CloudSync][realtime] echo-filtered UPDATE {"highlightId":"counter-1777599584289-f3hxd4q71","annotationType":"counter","lastModifiedBy":"170d915c-5741-4e0b-b03f-deaeedae27bd","rowSessionId":"64c7b2f8-1aa6-4f8e-b205-04ef09f20658","currentSessionId":"64c7b2f8-1aa6-4f8e-b205-04ef09f20658","reason":"same-session"}
[CloudSync][realtime] echo-filtered UPDATE {"highlightId":"counter-1777599584173-mg1h3yv01","annotationType":"counter","lastModifiedBy":"170d915c-5741-4e0b-b03f-deaeedae27bd","rowSessionId":"64c7b2f8-1aa6-4f8e-b205-04ef09f20658","currentSessionId":"64c7b2f8-1aa6-4f8e-b205-04ef09f20658","reason":"same-session"}
[CloudSync][realtime] echo-filtered UPDATE {"highlightId":"counter-1777599583927-pxy0h7ofl","annotationType":"counter","lastModifiedBy":"170d915c-5741-4e0b-b03f-deaeedae27bd","rowSessionId":"64c7b2f8-1aa6-4f8e-b205-04ef09f20658","currentSessionId":"64c7b2f8-1aa6-4f8e-b205-04ef09f20658","reason":"same-session"}
[CloudSync][realtime] echo-filtered UPDATE {"highlightId":"counter-1777599583517-tqhuqk9mg","annotationType":"counter","lastModifiedBy":"170d915c-5741-4e0b-b03f-deaeedae27bd","rowSessionId":"64c7b2f8-1aa6-4f8e-b205-04ef09f20658","currentSessionId":"64c7b2f8-1aa6-4f8e-b205-04ef09f20658","reason":"same-session"}
[CloudSync][realtime] echo-filtered UPDATE {"highlightId":"counter-1777599583873-hut8vwytj","annotationType":"counter","lastModifiedBy":"170d915c-5741-4e0b-b03f-deaeedae27bd","rowSessionId":"64c7b2f8-1aa6-4f8e-b205-04ef09f20658","currentSessionId":"64c7b2f8-1aa6-4f8e-b205-04ef09f20658","reason":"same-session"}
[CloudSync][realtime] echo-filtered UPDATE {"highlightId":"counter-1777599583897-z3iwbavg5","annotationType":"counter","lastModifiedBy":"170d915c-5741-4e0b-b03f-deaeedae27bd","rowSessionId":"64c7b2f8-1aa6-4f8e-b205-04ef09f20658","currentSessionId":"64c7b2f8-1aa6-4f8e-b205-04ef09f20658","reason":"same-session"}
[CloudSync][realtime] echo-filtered UPDATE {"highlightId":"counter-1777599584636-d7u07eqt8","annotationType":"counter","lastModifiedBy":"170d915c-5741-4e0b-b03f-deaeedae27bd","rowSessionId":"64c7b2f8-1aa6-4f8e-b205-04ef09f20658","currentSessionId":"64c7b2f8-1aa6-4f8e-b205-04ef09f20658","reason":"same-session"}
[CloudSync][realtime] echo-filtered UPDATE {"highlightId":"counter-1777599580642-79a6ux929","annotationType":"counter","lastModifiedBy":"170d915c-5741-4e0b-b03f-deaeedae27bd","rowSessionId":"64c7b2f8-1aa6-4f8e-b205-04ef09f20658","currentSessionId":"64c7b2f8-1aa6-4f8e-b205-04ef09f20658","reason":"same-session"}
[CloudSync][realtime] echo-filtered UPDATE {"highlightId":"counter-1777599580993-hhtke0524","annotationType":"counter","lastModifiedBy":"170d915c-5741-4e0b-b03f-deaeedae27bd","rowSessionId":"64c7b2f8-1aa6-4f8e-b205-04ef09f20658","currentSessionId":"64c7b2f8-1aa6-4f8e-b205-04ef09f20658","reason":"same-session"}
[CloudSync][realtime] echo-filtered UPDATE {"highlightId":"counter-1777599580766-jfnd6s7ju","annotationType":"counter","lastModifiedBy":"170d915c-5741-4e0b-b03f-deaeedae27bd","rowSessionId":"64c7b2f8-1aa6-4f8e-b205-04ef09f20658","currentSessionId":"64c7b2f8-1aa6-4f8e-b205-04ef09f20658","reason":"same-session"}
[CloudSync][realtime] echo-filtered UPDATE {"highlightId":"counter-1777599580609-uxqtcxcyw","annotationType":"counter","lastModifiedBy":"170d915c-5741-4e0b-b03f-deaeedae27bd","rowSessionId":"64c7b2f8-1aa6-4f8e-b205-04ef09f20658","currentSessionId":"64c7b2f8-1aa6-4f8e-b205-04ef09f20658","reason":"same-session"}
[CloudSync][realtime] echo-filtered UPDATE {"highlightId":"counter-1777599580671-g0egj6mka","annotationType":"counter","lastModifiedBy":"170d915c-5741-4e0b-b03f-deaeedae27bd","rowSessionId":"64c7b2f8-1aa6-4f8e-b205-04ef09f20658","currentSessionId":"64c7b2f8-1aa6-4f8e-b205-04ef09f20658","reason":"same-session"}
[CloudSync][realtime] echo-filtered UPDATE {"highlightId":"counter-1777599580719-xw5rvytph","annotationType":"counter","lastModifiedBy":"170d915c-5741-4e0b-b03f-deaeedae27bd","rowSessionId":"64c7b2f8-1aa6-4f8e-b205-04ef09f20658","currentSessionId":"64c7b2f8-1aa6-4f8e-b205-04ef09f20658","reason":"same-session"}
[CloudSync][realtime] echo-filtered UPDATE {"highlightId":"counter-1777599580790-cnah69z4i","annotationType":"counter","lastModifiedBy":"170d915c-5741-4e0b-b03f-deaeedae27bd","rowSessionId":"64c7b2f8-1aa6-4f8e-b205-04ef09f20658","currentSessionId":"64c7b2f8-1aa6-4f8e-b205-04ef09f20658","reason":"same-session"}
[CloudSync][realtime] echo-filtered UPDATE {"highlightId":"counter-1777599581042-c2uua3x23","annotationType":"counter","lastModifiedBy":"170d915c-5741-4e0b-b03f-deaeedae27bd","rowSessionId":"64c7b2f8-1aa6-4f8e-b205-04ef09f20658","currentSessionId":"64c7b2f8-1aa6-4f8e-b205-04ef09f20658","reason":"same-session"}
[CloudSync][realtime] echo-filtered UPDATE {"highlightId":"counter-1777599580741-ijba1i7xr","annotationType":"counter","lastModifiedBy":"170d915c-5741-4e0b-b03f-deaeedae27bd","rowSessionId":"64c7b2f8-1aa6-4f8e-b205-04ef09f20658","currentSessionId":"64c7b2f8-1aa6-4f8e-b205-04ef09f20658","reason":"same-session"}
[CloudSync][realtime] echo-filtered UPDATE {"highlightId":"counter-1777599580735-hjrl15k3m","annotationType":"counter","lastModifiedBy":"170d915c-5741-4e0b-b03f-deaeedae27bd","rowSessionId":"64c7b2f8-1aa6-4f8e-b205-04ef09f20658","currentSessionId":"64c7b2f8-1aa6-4f8e-b205-04ef09f20658","reason":"same-session"}
[CloudSync][realtime] echo-filtered UPDATE {"highlightId":"counter-1777599580984-x4guba8j1","annotationType":"counter","lastModifiedBy":"170d915c-5741-4e0b-b03f-deaeedae27bd","rowSessionId":"64c7b2f8-1aa6-4f8e-b205-04ef09f20658","currentSessionId":"64c7b2f8-1aa6-4f8e-b205-04ef09f20658","reason":"same-session"}
[CloudSync][realtime] echo-filtered UPDATE {"highlightId":"counter-1777599580886-obfjxygpp","annotationType":"counter","lastModifiedBy":"170d915c-5741-4e0b-b03f-deaeedae27bd","rowSessionId":"64c7b2f8-1aa6-4f8e-b205-04ef09f20658","currentSessionId":"64c7b2f8-1aa6-4f8e-b205-04ef09f20658","reason":"same-session"}
[CloudSync][realtime] echo-filtered UPDATE {"highlightId":"counter-1777599580949-v51j01tj5","annotationType":"counter","lastModifiedBy":"170d915c-5741-4e0b-b03f-deaeedae27bd","rowSessionId":"64c7b2f8-1aa6-4f8e-b205-04ef09f20658","currentSessionId":"64c7b2f8-1aa6-4f8e-b205-04ef09f20658","reason":"same-session"}
[CloudSync][realtime] echo-filtered UPDATE {"highlightId":"counter-1777599580950-qz2mf0g9f","annotationType":"counter","lastModifiedBy":"170d915c-5741-4e0b-b03f-deaeedae27bd","rowSessionId":"64c7b2f8-1aa6-4f8e-b205-04ef09f20658","currentSessionId":"64c7b2f8-1aa6-4f8e-b205-04ef09f20658","reason":"same-session"}
[CloudSync][realtime] echo-filtered UPDATE {"highlightId":"counter-1777599580965-jxosugroa","annotationType":"counter","lastModifiedBy":"170d915c-5741-4e0b-b03f-deaeedae27bd","rowSessionId":"64c7b2f8-1aa6-4f8e-b205-04ef09f20658","currentSessionId":"64c7b2f8-1aa6-4f8e-b205-04ef09f20658","reason":"same-session"}
[CloudSync][realtime] echo-filtered UPDATE {"highlightId":"counter-1777599580995-o54p13304","annotationType":"counter","lastModifiedBy":"170d915c-5741-4e0b-b03f-deaeedae27bd","rowSessionId":"64c7b2f8-1aa6-4f8e-b205-04ef09f20658","currentSessionId":"64c7b2f8-1aa6-4f8e-b205-04ef09f20658","reason":"same-session"}
[CloudSync][realtime] echo-filtered UPDATE {"highlightId":"counter-1777599580966-ckl9d571m","annotationType":"counter","lastModifiedBy":"170d915c-5741-4e0b-b03f-deaeedae27bd","rowSessionId":"64c7b2f8-1aa6-4f8e-b205-04ef09f20658","currentSessionId":"64c7b2f8-1aa6-4f8e-b205-04ef09f20658","reason":"same-session"}
[CloudSync][realtime] echo-filtered UPDATE {"highlightId":"counter-1777599581142-wcxjb3mdi","annotationType":"counter","lastModifiedBy":"170d915c-5741-4e0b-b03f-deaeedae27bd","rowSessionId":"64c7b2f8-1aa6-4f8e-b205-04ef09f20658","currentSessionId":"64c7b2f8-1aa6-4f8e-b205-04ef09f20658","reason":"same-session"}
[CloudSync][realtime] echo-filtered UPDATE {"highlightId":"counter-1777599580994-62a8tj975","annotationType":"counter","lastModifiedBy":"170d915c-5741-4e0b-b03f-deaeedae27bd","rowSessionId":"64c7b2f8-1aa6-4f8e-b205-04ef09f20658","currentSessionId":"64c7b2f8-1aa6-4f8e-b205-04ef09f20658","reason":"same-session"}
[CloudSync][realtime] echo-filtered UPDATE {"highlightId":"counter-1777599581690-m2dcfiskz","annotationType":"counter","lastModifiedBy":"170d915c-5741-4e0b-b03f-deaeedae27bd","rowSessionId":"64c7b2f8-1aa6-4f8e-b205-04ef09f20658","currentSessionId":"64c7b2f8-1aa6-4f8e-b205-04ef09f20658","reason":"same-session"}
[CloudSync][realtime] echo-filtered UPDATE {"highlightId":"counter-1777599581681-25w6og7na","annotationType":"counter","lastModifiedBy":"170d915c-5741-4e0b-b03f-deaeedae27bd","rowSessionId":"64c7b2f8-1aa6-4f8e-b205-04ef09f20658","currentSessionId":"64c7b2f8-1aa6-4f8e-b205-04ef09f20658","reason":"same-session"}
[CloudSync][realtime] echo-filtered UPDATE {"highlightId":"counter-1777599580995-ug9gpgyie","annotationType":"counter","lastModifiedBy":"170d915c-5741-4e0b-b03f-deaeedae27bd","rowSessionId":"64c7b2f8-1aa6-4f8e-b205-04ef09f20658","currentSessionId":"64c7b2f8-1aa6-4f8e-b205-04ef09f20658","reason":"same-session"}
[CloudSync][realtime] echo-filtered UPDATE {"highlightId":"counter-1777599581693-drnco3i0k","annotationType":"counter","lastModifiedBy":"170d915c-5741-4e0b-b03f-deaeedae27bd","rowSessionId":"64c7b2f8-1aa6-4f8e-b205-04ef09f20658","currentSessionId":"64c7b2f8-1aa6-4f8e-b205-04ef09f20658","reason":"same-session"}
[CloudSync][realtime] echo-filtered UPDATE {"highlightId":"counter-1777599581116-geyc2905z","annotationType":"counter","lastModifiedBy":"170d915c-5741-4e0b-b03f-deaeedae27bd","rowSessionId":"64c7b2f8-1aa6-4f8e-b205-04ef09f20658","currentSessionId":"64c7b2f8-1aa6-4f8e-b205-04ef09f20658","reason":"same-session"}
[CloudSync][realtime] echo-filtered UPDATE {"highlightId":"counter-1777599581175-wgc22usmx","annotationType":"counter","lastModifiedBy":"170d915c-5741-4e0b-b03f-deaeedae27bd","rowSessionId":"64c7b2f8-1aa6-4f8e-b205-04ef09f20658","currentSessionId":"64c7b2f8-1aa6-4f8e-b205-04ef09f20658","reason":"same-session"}
[CloudSync][realtime] echo-filtered UPDATE {"highlightId":"counter-1777599581705-0hdmymzxu","annotationType":"counter","lastModifiedBy":"170d915c-5741-4e0b-b03f-deaeedae27bd","rowSessionId":"64c7b2f8-1aa6-4f8e-b205-04ef09f20658","currentSessionId":"64c7b2f8-1aa6-4f8e-b205-04ef09f20658","reason":"same-session"}
[CloudSync][realtime] echo-filtered UPDATE {"highlightId":"counter-1777599581064-mpfz4yh7a","annotationType":"counter","lastModifiedBy":"170d915c-5741-4e0b-b03f-deaeedae27bd","rowSessionId":"64c7b2f8-1aa6-4f8e-b205-04ef09f20658","currentSessionId":"64c7b2f8-1aa6-4f8e-b205-04ef09f20658","reason":"same-session"}
[CloudSync][realtime] echo-filtered UPDATE {"highlightId":"counter-1777599581704-nrw8goahw","annotationType":"counter","lastModifiedBy":"170d915c-5741-4e0b-b03f-deaeedae27bd","rowSessionId":"64c7b2f8-1aa6-4f8e-b205-04ef09f20658","currentSessionId":"64c7b2f8-1aa6-4f8e-b205-04ef09f20658","reason":"same-session"}
[CloudSync][realtime] echo-filtered UPDATE {"highlightId":"counter-1777599581922-s0f42ae7j","annotationType":"counter","lastModifiedBy":"170d915c-5741-4e0b-b03f-deaeedae27bd","rowSessionId":"64c7b2f8-1aa6-4f8e-b205-04ef09f20658","currentSessionId":"64c7b2f8-1aa6-4f8e-b205-04ef09f20658","reason":"same-session"}
[CloudSync][realtime] echo-filtered UPDATE {"highlightId":"counter-1777599581922-lwnfq5c20","annotationType":"counter","lastModifiedBy":"170d915c-5741-4e0b-b03f-deaeedae27bd","rowSessionId":"64c7b2f8-1aa6-4f8e-b205-04ef09f20658","currentSessionId":"64c7b2f8-1aa6-4f8e-b205-04ef09f20658","reason":"same-session"}
[CloudSync][realtime] echo-filtered UPDATE {"highlightId":"counter-1777599584265-e0w6gyl1v","annotationType":"counter","lastModifiedBy":"170d915c-5741-4e0b-b03f-deaeedae27bd","rowSessionId":"64c7b2f8-1aa6-4f8e-b205-04ef09f20658","currentSessionId":"64c7b2f8-1aa6-4f8e-b205-04ef09f20658","reason":"same-session"}
[CloudSync][realtime] echo-filtered UPDATE {"highlightId":"counter-1777599621460-ws8g67lxt","annotationType":"counter","lastModifiedBy":"170d915c-5741-4e0b-b03f-deaeedae27bd","rowSessionId":"64c7b2f8-1aa6-4f8e-b205-04ef09f20658","currentSessionId":"64c7b2f8-1aa6-4f8e-b205-04ef09f20658","reason":"same-session"}
[CloudSync][realtime] echo-filtered UPDATE {"highlightId":"counter-1777599621761-n94qze086","annotationType":"counter","lastModifiedBy":"170d915c-5741-4e0b-b03f-deaeedae27bd","rowSessionId":"64c7b2f8-1aa6-4f8e-b205-04ef09f20658","currentSessionId":"64c7b2f8-1aa6-4f8e-b205-04ef09f20658","reason":"same-session"}
[CloudSync][realtime] echo-filtered UPDATE {"highlightId":"counter-1777599621677-7wflr0t7j","annotationType":"counter","lastModifiedBy":"170d915c-5741-4e0b-b03f-deaeedae27bd","rowSessionId":"64c7b2f8-1aa6-4f8e-b205-04ef09f20658","currentSessionId":"64c7b2f8-1aa6-4f8e-b205-04ef09f20658","reason":"same-session"}
[CloudSync][realtime] echo-filtered UPDATE {"highlightId":"counter-1777599621722-0haefkl04","annotationType":"counter","lastModifiedBy":"170d915c-5741-4e0b-b03f-deaeedae27bd","rowSessionId":"64c7b2f8-1aa6-4f8e-b205-04ef09f20658","currentSessionId":"64c7b2f8-1aa6-4f8e-b205-04ef09f20658","reason":"same-session"}
[CloudSync][realtime] echo-filtered UPDATE {"highlightId":"counter-1777599622423-6vg3p4xus","annotationType":"counter","lastModifiedBy":"170d915c-5741-4e0b-b03f-deaeedae27bd","rowSessionId":"64c7b2f8-1aa6-4f8e-b205-04ef09f20658","currentSessionId":"64c7b2f8-1aa6-4f8e-b205-04ef09f20658","reason":"same-session"}
[CloudSync][realtime] echo-filtered UPDATE {"highlightId":"counter-1777599622546-5mkg6w054","annotationType":"counter","lastModifiedBy":"170d915c-5741-4e0b-b03f-deaeedae27bd","rowSessionId":"64c7b2f8-1aa6-4f8e-b205-04ef09f20658","currentSessionId":"64c7b2f8-1aa6-4f8e-b205-04ef09f20658","reason":"same-session"}
[CloudSync][realtime] echo-filtered UPDATE {"highlightId":"counter-1777599622407-lfdgd7n4s","annotationType":"counter","lastModifiedBy":"170d915c-5741-4e0b-b03f-deaeedae27bd","rowSessionId":"64c7b2f8-1aa6-4f8e-b205-04ef09f20658","currentSessionId":"64c7b2f8-1aa6-4f8e-b205-04ef09f20658","reason":"same-session"}
[CloudSync][realtime] echo-filtered UPDATE {"highlightId":"counter-1777599622404-bvgmjjrew","annotationType":"counter","lastModifiedBy":"170d915c-5741-4e0b-b03f-deaeedae27bd","rowSessionId":"64c7b2f8-1aa6-4f8e-b205-04ef09f20658","currentSessionId":"64c7b2f8-1aa6-4f8e-b205-04ef09f20658","reason":"same-session"}
[CloudSync][realtime] echo-filtered UPDATE {"highlightId":"counter-1777599622352-7qvjdby5n","annotationType":"counter","lastModifiedBy":"170d915c-5741-4e0b-b03f-deaeedae27bd","rowSessionId":"64c7b2f8-1aa6-4f8e-b205-04ef09f20658","currentSessionId":"64c7b2f8-1aa6-4f8e-b205-04ef09f20658","reason":"same-session"}
[CloudSync][realtime] echo-filtered UPDATE {"highlightId":"counter-1777599622231-79ann8vz1","annotationType":"counter","lastModifiedBy":"170d915c-5741-4e0b-b03f-deaeedae27bd","rowSessionId":"64c7b2f8-1aa6-4f8e-b205-04ef09f20658","currentSessionId":"64c7b2f8-1aa6-4f8e-b205-04ef09f20658","reason":"same-session"}
[CloudSync][realtime] echo-filtered UPDATE {"highlightId":"counter-1777599622351-lm1shxaid","annotationType":"counter","lastModifiedBy":"170d915c-5741-4e0b-b03f-deaeedae27bd","rowSessionId":"64c7b2f8-1aa6-4f8e-b205-04ef09f20658","currentSessionId":"64c7b2f8-1aa6-4f8e-b205-04ef09f20658","reason":"same-session"}
[CloudSync][realtime] echo-filtered UPDATE {"highlightId":"counter-1777599621791-54l0wvvp0","annotationType":"counter","lastModifiedBy":"170d915c-5741-4e0b-b03f-deaeedae27bd","rowSessionId":"64c7b2f8-1aa6-4f8e-b205-04ef09f20658","currentSessionId":"64c7b2f8-1aa6-4f8e-b205-04ef09f20658","reason":"same-session"}
[CloudSync][realtime] echo-filtered UPDATE {"highlightId":"counter-1777599624274-byqn34fyq","annotationType":"counter","lastModifiedBy":"170d915c-5741-4e0b-b03f-deaeedae27bd","rowSessionId":"64c7b2f8-1aa6-4f8e-b205-04ef09f20658","currentSessionId":"64c7b2f8-1aa6-4f8e-b205-04ef09f20658","reason":"same-session"}
[CloudSync][realtime] echo-filtered UPDATE {"highlightId":"ink-1777596993810-jmtlhkn2g","annotationType":"ink","lastModifiedBy":"170d915c-5741-4e0b-b03f-deaeedae27bd","rowSessionId":"64c7b2f8-1aa6-4f8e-b205-04ef09f20658","currentSessionId":"64c7b2f8-1aa6-4f8e-b205-04ef09f20658","reason":"same-session"}
[CloudSync][realtime] echo-filtered UPDATE {"highlightId":"f6da66ed-fd32-41d3-a13d-bf82c3322ee5","annotationType":"ink","lastModifiedBy":"170d915c-5741-4e0b-b03f-deaeedae27bd","rowSessionId":"64c7b2f8-1aa6-4f8e-b205-04ef09f20658","currentSessionId":"64c7b2f8-1aa6-4f8e-b205-04ef09f20658","reason":"same-session"}
[CloudSync][realtime] echo-filtered INSERT {"highlightId":"bbdc9108-bb96-49f9-87e0-73154011859e","annotationType":"ink","lastModifiedBy":"170d915c-5741-4e0b-b03f-deaeedae27bd","rowSessionId":"64c7b2f8-1aa6-4f8e-b205-04ef09f20658","currentSessionId":"64c7b2f8-1aa6-4f8e-b205-04ef09f20658","reason":"same-session"}
[PreviewDiag] preview {"id":"gesture-2","frames":25,"pointerDown":false,"surface":"App.handleSaveAnnotations","tool":"pen","type":"path","action":"pen-stroke","pageNumber":1,"annotationId":"bbdc9108-bb96-49f9-87e0-73154011859e","source":"path:created","objectDelta":1,"previousObjectCount":114,"nextObjectCount":115,"changedObjectsCount":1,"checkpointPolicy":"normal"}
[Phase31 UAT] focus rehydrate skipped — doc is cutover-sealed, Y.Doc + realtime is source of truth {"documentId":"484e4280-bca3-4ebe-bde7-d9371da0f528","pdfId":"test.pdf-2462","cutoverTs":"2026-05-10T04:21:04.376+00:00","ydocAuthoritative":true}
[PDFSaveExport] action start {"actionType":"app-state-save","documentId":"484e4280-bca3-4ebe-bde7-d9371da0f528","supabaseAnnotationSaveRan":false,"pdfBytesGenerated":false,"localFilesystemWrite":false,"outputPath":null,"annotationCountsByType":{"circle":112,"path":3,"callout":1},"annotationCountSummary":{"totalObjects":115,"calloutCount":1,"highlightCount":0,"importedPdfObjects":0,"byType":{"circle":112,"path":3,"callout":1}},"embeddedPdfNativeAnnotationHandling":"not-applicable-app-state-only","silent":false}
[CloudSync][push] upsertAnnotationsByPage start {"documentId":"484e4280-bca3-4ebe-bde7-d9371da0f528","pdfId":"test.pdf-2462","userId":"170d915c-5741-4e0b-b03f-deaeedae27bd","totalRows":115,"userDrawnObjects":115,"importedObjects":0,"rowsByType":{"counter":112,"ink":3},"pages":1}
[CloudSync][push] upsertAnnotationsByPage ok {"elapsedMs":342,"pdfId":"test.pdf-2462","rowsReturned":115}
[UndoDiag] {"seq":11,"order":null,"at":"2026-05-12T13:08:16.938Z","event":"yjs_history_added","actionType":"undo","rawActionType":"undo","annotationType":null,"annotationId":null,"pageNumber":null,"lane":"Yjs/CRDT history","receivedStack":"yjsUndoStack","chosenStack":null,"chosenLane":"Yjs/CRDT history","decisionReason":null,"undoDepth":4,"redoDepth":0}
[Phase31 UAT] save:fan-out done {"documentId":"484e4280-bca3-4ebe-bde7-d9371da0f528","pdfId":"test.pdf-2462","userId":"170d915c-5741-4e0b-b03f-deaeedae27bd","dispatched":115,"detected":115,"skippedHighlightOrCallout":0,"skippedOtherType":0,"rawTypeBreakdown":{"counter":112,"path":1,"pen":2},"resolvedTypeBreakdown":{"counter":112,"ink":3},"skipReasons":{},"skipSamples":[],"yMapSizeAfter":115}
[CloudSync][push] upsertCallouts start {"documentId":"484e4280-bca3-4ebe-bde7-d9371da0f528","userId":"170d915c-5741-4e0b-b03f-deaeedae27bd","count":1}
[CloudSync][push] upsertCallouts ok {"elapsedMs":150,"rowsReturned":1}
[CloudSync][hook] callout Y.Doc fan-out done {"documentId":"484e4280-bca3-4ebe-bde7-d9371da0f528","pdfId":"test.pdf-2462","userId":"170d915c-5741-4e0b-b03f-deaeedae27bd","upserted":1,"deleted":0,"yMapCalloutsSizeAfter":1}
[PDFSaveExport] action complete {"actionType":"app-state-save","documentId":"484e4280-bca3-4ebe-bde7-d9371da0f528","supabaseAnnotationSaveRan":true,"supabaseAnnotationSaveError":null,"pdfBytesGenerated":false,"localFilesystemWrite":false,"outputPath":null,"annotationCountsByType":{"circle":112,"path":3,"callout":1},"annotationCountSummary":{"totalObjects":115,"calloutCount":1,"highlightCount":0,"importedPdfObjects":0,"byType":{"circle":112,"path":3,"callout":1}},"embeddedPdfNativeAnnotationHandling":"not-applicable-app-state-only","localBackupSaved":true,"surveyDataStorageSaveRequested":true,"silent":false}
[CloudSync][realtime] echo-filtered UPDATE {"highlightId":"counter-1777599622128-4kptsao8y","annotationType":"counter","lastModifiedBy":"170d915c-5741-4e0b-b03f-deaeedae27bd","rowSessionId":"64c7b2f8-1aa6-4f8e-b205-04ef09f20658","currentSessionId":"64c7b2f8-1aa6-4f8e-b205-04ef09f20658","reason":"same-session"}
[CloudSync][realtime] echo-filtered UPDATE {"highlightId":"counter-1777599621676-yok523dni","annotationType":"counter","lastModifiedBy":"170d915c-5741-4e0b-b03f-deaeedae27bd","rowSessionId":"64c7b2f8-1aa6-4f8e-b205-04ef09f20658","currentSessionId":"64c7b2f8-1aa6-4f8e-b205-04ef09f20658","reason":"same-session"}
[CloudSync][realtime] echo-filtered UPDATE {"highlightId":"counter-1777599621337-jvb61myoe","annotationType":"counter","lastModifiedBy":"170d915c-5741-4e0b-b03f-deaeedae27bd","rowSessionId":"64c7b2f8-1aa6-4f8e-b205-04ef09f20658","currentSessionId":"64c7b2f8-1aa6-4f8e-b205-04ef09f20658","reason":"same-session"}
[CloudSync][realtime] echo-filtered UPDATE {"highlightId":"counter-1777599621493-ch5t76ku0","annotationType":"counter","lastModifiedBy":"170d915c-5741-4e0b-b03f-deaeedae27bd","rowSessionId":"64c7b2f8-1aa6-4f8e-b205-04ef09f20658","currentSessionId":"64c7b2f8-1aa6-4f8e-b205-04ef09f20658","reason":"same-session"}
[CloudSync][realtime] echo-filtered UPDATE {"highlightId":"counter-1777599621535-t2o3n907k","annotationType":"counter","lastModifiedBy":"170d915c-5741-4e0b-b03f-deaeedae27bd","rowSessionId":"64c7b2f8-1aa6-4f8e-b205-04ef09f20658","currentSessionId":"64c7b2f8-1aa6-4f8e-b205-04ef09f20658","reason":"same-session"}
[CloudSync][realtime] echo-filtered UPDATE {"highlightId":"counter-1777599621572-xrh7dmcxh","annotationType":"counter","lastModifiedBy":"170d915c-5741-4e0b-b03f-deaeedae27bd","rowSessionId":"64c7b2f8-1aa6-4f8e-b205-04ef09f20658","currentSessionId":"64c7b2f8-1aa6-4f8e-b205-04ef09f20658","reason":"same-session"}
[CloudSync][realtime] echo-filtered UPDATE {"highlightId":"counter-1777599621606-xmzbaeh1j","annotationType":"counter","lastModifiedBy":"170d915c-5741-4e0b-b03f-deaeedae27bd","rowSessionId":"64c7b2f8-1aa6-4f8e-b205-04ef09f20658","currentSessionId":"64c7b2f8-1aa6-4f8e-b205-04ef09f20658","reason":"same-session"}
[CloudSync][realtime] echo-filtered UPDATE {"highlightId":"counter-1777599621675-4lsqkpp99","annotationType":"counter","lastModifiedBy":"170d915c-5741-4e0b-b03f-deaeedae27bd","rowSessionId":"64c7b2f8-1aa6-4f8e-b205-04ef09f20658","currentSessionId":"64c7b2f8-1aa6-4f8e-b205-04ef09f20658","reason":"same-session"}
[CloudSync][realtime] echo-filtered UPDATE {"highlightId":"counter-1777599622126-y8tz99epe","annotationType":"counter","lastModifiedBy":"170d915c-5741-4e0b-b03f-deaeedae27bd","rowSessionId":"64c7b2f8-1aa6-4f8e-b205-04ef09f20658","currentSessionId":"64c7b2f8-1aa6-4f8e-b205-04ef09f20658","reason":"same-session"}
[CloudSync][realtime] echo-filtered UPDATE {"highlightId":"counter-1777599621852-lfp75d7wk","annotationType":"counter","lastModifiedBy":"170d915c-5741-4e0b-b03f-deaeedae27bd","rowSessionId":"64c7b2f8-1aa6-4f8e-b205-04ef09f20658","currentSessionId":"64c7b2f8-1aa6-4f8e-b205-04ef09f20658","reason":"same-session"}
[CloudSync][realtime] echo-filtered UPDATE {"highlightId":"counter-1777599621934-4wp80tok5","annotationType":"counter","lastModifiedBy":"170d915c-5741-4e0b-b03f-deaeedae27bd","rowSessionId":"64c7b2f8-1aa6-4f8e-b205-04ef09f20658","currentSessionId":"64c7b2f8-1aa6-4f8e-b205-04ef09f20658","reason":"same-session"}
[CloudSync][realtime] echo-filtered UPDATE {"highlightId":"counter-1777599621935-0rt5eep6p","annotationType":"counter","lastModifiedBy":"170d915c-5741-4e0b-b03f-deaeedae27bd","rowSessionId":"64c7b2f8-1aa6-4f8e-b205-04ef09f20658","currentSessionId":"64c7b2f8-1aa6-4f8e-b205-04ef09f20658","reason":"same-session"}
[CloudSync][realtime] echo-filtered UPDATE {"highlightId":"counter-1777599621980-rn5p10rur","annotationType":"counter","lastModifiedBy":"170d915c-5741-4e0b-b03f-deaeedae27bd","rowSessionId":"64c7b2f8-1aa6-4f8e-b205-04ef09f20658","currentSessionId":"64c7b2f8-1aa6-4f8e-b205-04ef09f20658","reason":"same-session"}
[CloudSync][realtime] echo-filtered UPDATE {"highlightId":"counter-1777599622200-z64en2bxu","annotationType":"counter","lastModifiedBy":"170d915c-5741-4e0b-b03f-deaeedae27bd","rowSessionId":"64c7b2f8-1aa6-4f8e-b205-04ef09f20658","currentSessionId":"64c7b2f8-1aa6-4f8e-b205-04ef09f20658","reason":"same-session"}
[CloudSync][realtime] echo-filtered UPDATE {"highlightId":"counter-1777599621810-36zu7l1pc","annotationType":"counter","lastModifiedBy":"170d915c-5741-4e0b-b03f-deaeedae27bd","rowSessionId":"64c7b2f8-1aa6-4f8e-b205-04ef09f20658","currentSessionId":"64c7b2f8-1aa6-4f8e-b205-04ef09f20658","reason":"same-session"}
[CloudSync][realtime] echo-filtered UPDATE {"highlightId":"counter-1777599622166-aoosfgxtt","annotationType":"counter","lastModifiedBy":"170d915c-5741-4e0b-b03f-deaeedae27bd","rowSessionId":"64c7b2f8-1aa6-4f8e-b205-04ef09f20658","currentSessionId":"64c7b2f8-1aa6-4f8e-b205-04ef09f20658","reason":"same-session"}
[CloudSync][realtime] echo-filtered UPDATE {"highlightId":"counter-1777599622401-xpyoc2z29","annotationType":"counter","lastModifiedBy":"170d915c-5741-4e0b-b03f-deaeedae27bd","rowSessionId":"64c7b2f8-1aa6-4f8e-b205-04ef09f20658","currentSessionId":"64c7b2f8-1aa6-4f8e-b205-04ef09f20658","reason":"same-session"}
[CloudSync][realtime] echo-filtered UPDATE {"highlightId":"counter-1777599622321-1o1fam84j","annotationType":"counter","lastModifiedBy":"170d915c-5741-4e0b-b03f-deaeedae27bd","rowSessionId":"64c7b2f8-1aa6-4f8e-b205-04ef09f20658","currentSessionId":"64c7b2f8-1aa6-4f8e-b205-04ef09f20658","reason":"same-session"}
[CloudSync][realtime] echo-filtered UPDATE {"highlightId":"counter-1777599622548-egpv1pa0r","annotationType":"counter","lastModifiedBy":"170d915c-5741-4e0b-b03f-deaeedae27bd","rowSessionId":"64c7b2f8-1aa6-4f8e-b205-04ef09f20658","currentSessionId":"64c7b2f8-1aa6-4f8e-b205-04ef09f20658","reason":"same-session"}
[CloudSync][realtime] echo-filtered UPDATE {"highlightId":"counter-1777599622083-re6sakh5t","annotationType":"counter","lastModifiedBy":"170d915c-5741-4e0b-b03f-deaeedae27bd","rowSessionId":"64c7b2f8-1aa6-4f8e-b205-04ef09f20658","currentSessionId":"64c7b2f8-1aa6-4f8e-b205-04ef09f20658","reason":"same-session"}
[CloudSync][realtime] echo-filtered UPDATE {"highlightId":"counter-1777599622539-774vr5uqz","annotationType":"counter","lastModifiedBy":"170d915c-5741-4e0b-b03f-deaeedae27bd","rowSessionId":"64c7b2f8-1aa6-4f8e-b205-04ef09f20658","currentSessionId":"64c7b2f8-1aa6-4f8e-b205-04ef09f20658","reason":"same-session"}
[CloudSync][realtime] echo-filtered UPDATE {"highlightId":"counter-1777599622532-jg088vh31","annotationType":"counter","lastModifiedBy":"170d915c-5741-4e0b-b03f-deaeedae27bd","rowSessionId":"64c7b2f8-1aa6-4f8e-b205-04ef09f20658","currentSessionId":"64c7b2f8-1aa6-4f8e-b205-04ef09f20658","reason":"same-session"}
[CloudSync][realtime] echo-filtered UPDATE {"highlightId":"counter-1777599583286-0ial7rf4z","annotationType":"counter","lastModifiedBy":"170d915c-5741-4e0b-b03f-deaeedae27bd","rowSessionId":"64c7b2f8-1aa6-4f8e-b205-04ef09f20658","currentSessionId":"64c7b2f8-1aa6-4f8e-b205-04ef09f20658","reason":"same-session"}
[CloudSync][realtime] echo-filtered UPDATE {"highlightId":"counter-1777599583325-ybe1hm5ve","annotationType":"counter","lastModifiedBy":"170d915c-5741-4e0b-b03f-deaeedae27bd","rowSessionId":"64c7b2f8-1aa6-4f8e-b205-04ef09f20658","currentSessionId":"64c7b2f8-1aa6-4f8e-b205-04ef09f20658","reason":"same-session"}
[CloudSync][realtime] echo-filtered UPDATE {"highlightId":"counter-1777599583380-yj5tiwja5","annotationType":"counter","lastModifiedBy":"170d915c-5741-4e0b-b03f-deaeedae27bd","rowSessionId":"64c7b2f8-1aa6-4f8e-b205-04ef09f20658","currentSessionId":"64c7b2f8-1aa6-4f8e-b205-04ef09f20658","reason":"same-session"}
[CloudSync][realtime] echo-filtered UPDATE {"highlightId":"counter-1777599583435-rw09uwups","annotationType":"counter","lastModifiedBy":"170d915c-5741-4e0b-b03f-deaeedae27bd","rowSessionId":"64c7b2f8-1aa6-4f8e-b205-04ef09f20658","currentSessionId":"64c7b2f8-1aa6-4f8e-b205-04ef09f20658","reason":"same-session"}
[CloudSync][realtime] echo-filtered UPDATE {"highlightId":"counter-1777599583437-v8acp31u7","annotationType":"counter","lastModifiedBy":"170d915c-5741-4e0b-b03f-deaeedae27bd","rowSessionId":"64c7b2f8-1aa6-4f8e-b205-04ef09f20658","currentSessionId":"64c7b2f8-1aa6-4f8e-b205-04ef09f20658","reason":"same-session"}
[CloudSync][realtime] echo-filtered UPDATE {"highlightId":"counter-1777599583546-ilo51akz9","annotationType":"counter","lastModifiedBy":"170d915c-5741-4e0b-b03f-deaeedae27bd","rowSessionId":"64c7b2f8-1aa6-4f8e-b205-04ef09f20658","currentSessionId":"64c7b2f8-1aa6-4f8e-b205-04ef09f20658","reason":"same-session"}
[CloudSync][realtime] echo-filtered UPDATE {"highlightId":"counter-1777599583609-26m125pf2","annotationType":"counter","lastModifiedBy":"170d915c-5741-4e0b-b03f-deaeedae27bd","rowSessionId":"64c7b2f8-1aa6-4f8e-b205-04ef09f20658","currentSessionId":"64c7b2f8-1aa6-4f8e-b205-04ef09f20658","reason":"same-session"}
[CloudSync][realtime] echo-filtered UPDATE {"highlightId":"counter-1777599622016-rdnv69p1b","annotationType":"counter","lastModifiedBy":"170d915c-5741-4e0b-b03f-deaeedae27bd","rowSessionId":"64c7b2f8-1aa6-4f8e-b205-04ef09f20658","currentSessionId":"64c7b2f8-1aa6-4f8e-b205-04ef09f20658","reason":"same-session"}
[CloudSync][realtime] echo-filtered UPDATE {"highlightId":"counter-1777599622251-ko0etb1qd","annotationType":"counter","lastModifiedBy":"170d915c-5741-4e0b-b03f-deaeedae27bd","rowSessionId":"64c7b2f8-1aa6-4f8e-b205-04ef09f20658","currentSessionId":"64c7b2f8-1aa6-4f8e-b205-04ef09f20658","reason":"same-session"}
[CloudSync][realtime] echo-filtered UPDATE {"highlightId":"counter-1777599624584-2ayu9k10r","annotationType":"counter","lastModifiedBy":"170d915c-5741-4e0b-b03f-deaeedae27bd","rowSessionId":"64c7b2f8-1aa6-4f8e-b205-04ef09f20658","currentSessionId":"64c7b2f8-1aa6-4f8e-b205-04ef09f20658","reason":"same-session"}
[CloudSync][realtime] echo-filtered UPDATE {"highlightId":"counter-1777599624584-fg5hz4z0f","annotationType":"counter","lastModifiedBy":"170d915c-5741-4e0b-b03f-deaeedae27bd","rowSessionId":"64c7b2f8-1aa6-4f8e-b205-04ef09f20658","currentSessionId":"64c7b2f8-1aa6-4f8e-b205-04ef09f20658","reason":"same-session"}
[CloudSync][realtime] echo-filtered UPDATE {"highlightId":"counter-1777599624584-77y2fkkmn","annotationType":"counter","lastModifiedBy":"170d915c-5741-4e0b-b03f-deaeedae27bd","rowSessionId":"64c7b2f8-1aa6-4f8e-b205-04ef09f20658","currentSessionId":"64c7b2f8-1aa6-4f8e-b205-04ef09f20658","reason":"same-session"}
[CloudSync][realtime] echo-filtered UPDATE {"highlightId":"counter-1777599624584-lln8v1nd8","annotationType":"counter","lastModifiedBy":"170d915c-5741-4e0b-b03f-deaeedae27bd","rowSessionId":"64c7b2f8-1aa6-4f8e-b205-04ef09f20658","currentSessionId":"64c7b2f8-1aa6-4f8e-b205-04ef09f20658","reason":"same-session"}
[CloudSync][realtime] echo-filtered UPDATE {"highlightId":"counter-1777599624709-hex38xvba","annotationType":"counter","lastModifiedBy":"170d915c-5741-4e0b-b03f-deaeedae27bd","rowSessionId":"64c7b2f8-1aa6-4f8e-b205-04ef09f20658","currentSessionId":"64c7b2f8-1aa6-4f8e-b205-04ef09f20658","reason":"same-session"}
[CloudSync][realtime] echo-filtered UPDATE {"highlightId":"counter-1777599624709-3ut50jbhn","annotationType":"counter","lastModifiedBy":"170d915c-5741-4e0b-b03f-deaeedae27bd","rowSessionId":"64c7b2f8-1aa6-4f8e-b205-04ef09f20658","currentSessionId":"64c7b2f8-1aa6-4f8e-b205-04ef09f20658","reason":"same-session"}
[CloudSync][realtime] echo-filtered UPDATE {"highlightId":"counter-1777599624709-hrq0q3ppl","annotationType":"counter","lastModifiedBy":"170d915c-5741-4e0b-b03f-deaeedae27bd","rowSessionId":"64c7b2f8-1aa6-4f8e-b205-04ef09f20658","currentSessionId":"64c7b2f8-1aa6-4f8e-b205-04ef09f20658","reason":"same-session"}
[CloudSync][realtime] echo-filtered UPDATE {"highlightId":"counter-1777599624185-od3bz5xlo","annotationType":"counter","lastModifiedBy":"170d915c-5741-4e0b-b03f-deaeedae27bd","rowSessionId":"64c7b2f8-1aa6-4f8e-b205-04ef09f20658","currentSessionId":"64c7b2f8-1aa6-4f8e-b205-04ef09f20658","reason":"same-session"}
[CloudSync][realtime] echo-filtered UPDATE {"highlightId":"counter-1777599624274-psqn5x74u","annotationType":"counter","lastModifiedBy":"170d915c-5741-4e0b-b03f-deaeedae27bd","rowSessionId":"64c7b2f8-1aa6-4f8e-b205-04ef09f20658","currentSessionId":"64c7b2f8-1aa6-4f8e-b205-04ef09f20658","reason":"same-session"}
[CloudSync][realtime] echo-filtered UPDATE {"highlightId":"counter-1777599622533-fkfdcvll0","annotationType":"counter","lastModifiedBy":"170d915c-5741-4e0b-b03f-deaeedae27bd","rowSessionId":"64c7b2f8-1aa6-4f8e-b205-04ef09f20658","currentSessionId":"64c7b2f8-1aa6-4f8e-b205-04ef09f20658","reason":"same-session"}
[CloudSync][realtime] echo-filtered UPDATE {"highlightId":"counter-1777599623525-t0hsxvm10","annotationType":"counter","lastModifiedBy":"170d915c-5741-4e0b-b03f-deaeedae27bd","rowSessionId":"64c7b2f8-1aa6-4f8e-b205-04ef09f20658","currentSessionId":"64c7b2f8-1aa6-4f8e-b205-04ef09f20658","reason":"same-session"}
[CloudSync][realtime] echo-filtered UPDATE {"highlightId":"counter-1777599623525-w3xxcgvny","annotationType":"counter","lastModifiedBy":"170d915c-5741-4e0b-b03f-deaeedae27bd","rowSessionId":"64c7b2f8-1aa6-4f8e-b205-04ef09f20658","currentSessionId":"64c7b2f8-1aa6-4f8e-b205-04ef09f20658","reason":"same-session"}
[CloudSync][realtime] echo-filtered UPDATE {"highlightId":"counter-1777599622623-gpk2yhihe","annotationType":"counter","lastModifiedBy":"170d915c-5741-4e0b-b03f-deaeedae27bd","rowSessionId":"64c7b2f8-1aa6-4f8e-b205-04ef09f20658","currentSessionId":"64c7b2f8-1aa6-4f8e-b205-04ef09f20658","reason":"same-session"}
[CloudSync][realtime] echo-filtered UPDATE {"highlightId":"counter-1777599624769-f904i1krg","annotationType":"counter","lastModifiedBy":"170d915c-5741-4e0b-b03f-deaeedae27bd","rowSessionId":"64c7b2f8-1aa6-4f8e-b205-04ef09f20658","currentSessionId":"64c7b2f8-1aa6-4f8e-b205-04ef09f20658","reason":"same-session"}
[CloudSync][realtime] echo-filtered UPDATE {"highlightId":"counter-1777599624769-pv8iy0m0k","annotationType":"counter","lastModifiedBy":"170d915c-5741-4e0b-b03f-deaeedae27bd","rowSessionId":"64c7b2f8-1aa6-4f8e-b205-04ef09f20658","currentSessionId":"64c7b2f8-1aa6-4f8e-b205-04ef09f20658","reason":"same-session"}
[CloudSync][realtime] echo-filtered UPDATE {"highlightId":"counter-1777599624769-t4vme3com","annotationType":"counter","lastModifiedBy":"170d915c-5741-4e0b-b03f-deaeedae27bd","rowSessionId":"64c7b2f8-1aa6-4f8e-b205-04ef09f20658","currentSessionId":"64c7b2f8-1aa6-4f8e-b205-04ef09f20658","reason":"same-session"}
[CloudSync][realtime] echo-filtered UPDATE {"highlightId":"counter-1777599624769-61p7hfer3","annotationType":"counter","lastModifiedBy":"170d915c-5741-4e0b-b03f-deaeedae27bd","rowSessionId":"64c7b2f8-1aa6-4f8e-b205-04ef09f20658","currentSessionId":"64c7b2f8-1aa6-4f8e-b205-04ef09f20658","reason":"same-session"}
[CloudSync][realtime] echo-filtered UPDATE {"highlightId":"counter-1777599581707-xjvj8nl4n","annotationType":"counter","lastModifiedBy":"170d915c-5741-4e0b-b03f-deaeedae27bd","rowSessionId":"64c7b2f8-1aa6-4f8e-b205-04ef09f20658","currentSessionId":"64c7b2f8-1aa6-4f8e-b205-04ef09f20658","reason":"same-session"}
[CloudSync][realtime] echo-filtered UPDATE {"highlightId":"counter-1777599581692-5rs39i83i","annotationType":"counter","lastModifiedBy":"170d915c-5741-4e0b-b03f-deaeedae27bd","rowSessionId":"64c7b2f8-1aa6-4f8e-b205-04ef09f20658","currentSessionId":"64c7b2f8-1aa6-4f8e-b205-04ef09f20658","reason":"same-session"}
[CloudSync][realtime] echo-filtered UPDATE {"highlightId":"counter-1777599583467-uyup5ycmw","annotationType":"counter","lastModifiedBy":"170d915c-5741-4e0b-b03f-deaeedae27bd","rowSessionId":"64c7b2f8-1aa6-4f8e-b205-04ef09f20658","currentSessionId":"64c7b2f8-1aa6-4f8e-b205-04ef09f20658","reason":"same-session"}
[CloudSync][realtime] echo-filtered UPDATE {"highlightId":"counter-1777599583888-rl6dvy02q","annotationType":"counter","lastModifiedBy":"170d915c-5741-4e0b-b03f-deaeedae27bd","rowSessionId":"64c7b2f8-1aa6-4f8e-b205-04ef09f20658","currentSessionId":"64c7b2f8-1aa6-4f8e-b205-04ef09f20658","reason":"same-session"}
[CloudSync][realtime] echo-filtered UPDATE {"highlightId":"counter-1777599583678-08h4up76p","annotationType":"counter","lastModifiedBy":"170d915c-5741-4e0b-b03f-deaeedae27bd","rowSessionId":"64c7b2f8-1aa6-4f8e-b205-04ef09f20658","currentSessionId":"64c7b2f8-1aa6-4f8e-b205-04ef09f20658","reason":"same-session"}
[CloudSync][realtime] echo-filtered UPDATE {"highlightId":"counter-1777599583644-kmh9l42zg","annotationType":"counter","lastModifiedBy":"170d915c-5741-4e0b-b03f-deaeedae27bd","rowSessionId":"64c7b2f8-1aa6-4f8e-b205-04ef09f20658","currentSessionId":"64c7b2f8-1aa6-4f8e-b205-04ef09f20658","reason":"same-session"}
[CloudSync][realtime] echo-filtered UPDATE {"highlightId":"counter-1777599583701-p8l2yr61z","annotationType":"counter","lastModifiedBy":"170d915c-5741-4e0b-b03f-deaeedae27bd","rowSessionId":"64c7b2f8-1aa6-4f8e-b205-04ef09f20658","currentSessionId":"64c7b2f8-1aa6-4f8e-b205-04ef09f20658","reason":"same-session"}
[CloudSync][realtime] echo-filtered UPDATE {"highlightId":"counter-1777599583610-yqj32q5ov","annotationType":"counter","lastModifiedBy":"170d915c-5741-4e0b-b03f-deaeedae27bd","rowSessionId":"64c7b2f8-1aa6-4f8e-b205-04ef09f20658","currentSessionId":"64c7b2f8-1aa6-4f8e-b205-04ef09f20658","reason":"same-session"}
[CloudSync][realtime] echo-filtered UPDATE {"highlightId":"counter-1777599583861-c5ssxmh83","annotationType":"counter","lastModifiedBy":"170d915c-5741-4e0b-b03f-deaeedae27bd","rowSessionId":"64c7b2f8-1aa6-4f8e-b205-04ef09f20658","currentSessionId":"64c7b2f8-1aa6-4f8e-b205-04ef09f20658","reason":"same-session"}
[CloudSync][realtime] echo-filtered UPDATE {"highlightId":"counter-1777599583886-u6lgbm1sl","annotationType":"counter","lastModifiedBy":"170d915c-5741-4e0b-b03f-deaeedae27bd","rowSessionId":"64c7b2f8-1aa6-4f8e-b205-04ef09f20658","currentSessionId":"64c7b2f8-1aa6-4f8e-b205-04ef09f20658","reason":"same-session"}
[CloudSync][realtime] echo-filtered UPDATE {"highlightId":"counter-1777599583518-lt1dtu7os","annotationType":"counter","lastModifiedBy":"170d915c-5741-4e0b-b03f-deaeedae27bd","rowSessionId":"64c7b2f8-1aa6-4f8e-b205-04ef09f20658","currentSessionId":"64c7b2f8-1aa6-4f8e-b205-04ef09f20658","reason":"same-session"}
[CloudSync][realtime] echo-filtered UPDATE {"highlightId":"counter-1777599583885-q6cus8y3y","annotationType":"counter","lastModifiedBy":"170d915c-5741-4e0b-b03f-deaeedae27bd","rowSessionId":"64c7b2f8-1aa6-4f8e-b205-04ef09f20658","currentSessionId":"64c7b2f8-1aa6-4f8e-b205-04ef09f20658","reason":"same-session"}
[CloudSync][realtime] echo-filtered UPDATE {"highlightId":"counter-1777599583734-ttfs5lu1n","annotationType":"counter","lastModifiedBy":"170d915c-5741-4e0b-b03f-deaeedae27bd","rowSessionId":"64c7b2f8-1aa6-4f8e-b205-04ef09f20658","currentSessionId":"64c7b2f8-1aa6-4f8e-b205-04ef09f20658","reason":"same-session"}
[CloudSync][realtime] echo-filtered UPDATE {"highlightId":"counter-1777599584289-f3hxd4q71","annotationType":"counter","lastModifiedBy":"170d915c-5741-4e0b-b03f-deaeedae27bd","rowSessionId":"64c7b2f8-1aa6-4f8e-b205-04ef09f20658","currentSessionId":"64c7b2f8-1aa6-4f8e-b205-04ef09f20658","reason":"same-session"}
[CloudSync][realtime] echo-filtered UPDATE {"highlightId":"counter-1777599584173-mg1h3yv01","annotationType":"counter","lastModifiedBy":"170d915c-5741-4e0b-b03f-deaeedae27bd","rowSessionId":"64c7b2f8-1aa6-4f8e-b205-04ef09f20658","currentSessionId":"64c7b2f8-1aa6-4f8e-b205-04ef09f20658","reason":"same-session"}
[CloudSync][realtime] echo-filtered UPDATE {"highlightId":"counter-1777599583927-pxy0h7ofl","annotationType":"counter","lastModifiedBy":"170d915c-5741-4e0b-b03f-deaeedae27bd","rowSessionId":"64c7b2f8-1aa6-4f8e-b205-04ef09f20658","currentSessionId":"64c7b2f8-1aa6-4f8e-b205-04ef09f20658","reason":"same-session"}
[CloudSync][realtime] echo-filtered UPDATE {"highlightId":"counter-1777599583517-tqhuqk9mg","annotationType":"counter","lastModifiedBy":"170d915c-5741-4e0b-b03f-deaeedae27bd","rowSessionId":"64c7b2f8-1aa6-4f8e-b205-04ef09f20658","currentSessionId":"64c7b2f8-1aa6-4f8e-b205-04ef09f20658","reason":"same-session"}
[CloudSync][realtime] echo-filtered UPDATE {"highlightId":"counter-1777599583873-hut8vwytj","annotationType":"counter","lastModifiedBy":"170d915c-5741-4e0b-b03f-deaeedae27bd","rowSessionId":"64c7b2f8-1aa6-4f8e-b205-04ef09f20658","currentSessionId":"64c7b2f8-1aa6-4f8e-b205-04ef09f20658","reason":"same-session"}
[CloudSync][realtime] echo-filtered UPDATE {"highlightId":"counter-1777599583897-z3iwbavg5","annotationType":"counter","lastModifiedBy":"170d915c-5741-4e0b-b03f-deaeedae27bd","rowSessionId":"64c7b2f8-1aa6-4f8e-b205-04ef09f20658","currentSessionId":"64c7b2f8-1aa6-4f8e-b205-04ef09f20658","reason":"same-session"}
[CloudSync][realtime] echo-filtered UPDATE {"highlightId":"counter-1777599584636-d7u07eqt8","annotationType":"counter","lastModifiedBy":"170d915c-5741-4e0b-b03f-deaeedae27bd","rowSessionId":"64c7b2f8-1aa6-4f8e-b205-04ef09f20658","currentSessionId":"64c7b2f8-1aa6-4f8e-b205-04ef09f20658","reason":"same-session"}
[CloudSync][realtime] echo-filtered UPDATE {"highlightId":"counter-1777599580642-79a6ux929","annotationType":"counter","lastModifiedBy":"170d915c-5741-4e0b-b03f-deaeedae27bd","rowSessionId":"64c7b2f8-1aa6-4f8e-b205-04ef09f20658","currentSessionId":"64c7b2f8-1aa6-4f8e-b205-04ef09f20658","reason":"same-session"}
[CloudSync][realtime] echo-filtered UPDATE {"highlightId":"counter-1777599580993-hhtke0524","annotationType":"counter","lastModifiedBy":"170d915c-5741-4e0b-b03f-deaeedae27bd","rowSessionId":"64c7b2f8-1aa6-4f8e-b205-04ef09f20658","currentSessionId":"64c7b2f8-1aa6-4f8e-b205-04ef09f20658","reason":"same-session"}
[CloudSync][realtime] echo-filtered UPDATE {"highlightId":"counter-1777599580766-jfnd6s7ju","annotationType":"counter","lastModifiedBy":"170d915c-5741-4e0b-b03f-deaeedae27bd","rowSessionId":"64c7b2f8-1aa6-4f8e-b205-04ef09f20658","currentSessionId":"64c7b2f8-1aa6-4f8e-b205-04ef09f20658","reason":"same-session"}
[CloudSync][realtime] echo-filtered UPDATE {"highlightId":"counter-1777599580609-uxqtcxcyw","annotationType":"counter","lastModifiedBy":"170d915c-5741-4e0b-b03f-deaeedae27bd","rowSessionId":"64c7b2f8-1aa6-4f8e-b205-04ef09f20658","currentSessionId":"64c7b2f8-1aa6-4f8e-b205-04ef09f20658","reason":"same-session"}
[CloudSync][realtime] echo-filtered UPDATE {"highlightId":"counter-1777599580671-g0egj6mka","annotationType":"counter","lastModifiedBy":"170d915c-5741-4e0b-b03f-deaeedae27bd","rowSessionId":"64c7b2f8-1aa6-4f8e-b205-04ef09f20658","currentSessionId":"64c7b2f8-1aa6-4f8e-b205-04ef09f20658","reason":"same-session"}
[CloudSync][realtime] echo-filtered UPDATE {"highlightId":"counter-1777599580719-xw5rvytph","annotationType":"counter","lastModifiedBy":"170d915c-5741-4e0b-b03f-deaeedae27bd","rowSessionId":"64c7b2f8-1aa6-4f8e-b205-04ef09f20658","currentSessionId":"64c7b2f8-1aa6-4f8e-b205-04ef09f20658","reason":"same-session"}
[CloudSync][realtime] echo-filtered UPDATE {"highlightId":"counter-1777599580790-cnah69z4i","annotationType":"counter","lastModifiedBy":"170d915c-5741-4e0b-b03f-deaeedae27bd","rowSessionId":"64c7b2f8-1aa6-4f8e-b205-04ef09f20658","currentSessionId":"64c7b2f8-1aa6-4f8e-b205-04ef09f20658","reason":"same-session"}
[CloudSync][realtime] echo-filtered UPDATE {"highlightId":"counter-1777599581042-c2uua3x23","annotationType":"counter","lastModifiedBy":"170d915c-5741-4e0b-b03f-deaeedae27bd","rowSessionId":"64c7b2f8-1aa6-4f8e-b205-04ef09f20658","currentSessionId":"64c7b2f8-1aa6-4f8e-b205-04ef09f20658","reason":"same-session"}
[CloudSync][realtime] echo-filtered UPDATE {"highlightId":"counter-1777599580741-ijba1i7xr","annotationType":"counter","lastModifiedBy":"170d915c-5741-4e0b-b03f-deaeedae27bd","rowSessionId":"64c7b2f8-1aa6-4f8e-b205-04ef09f20658","currentSessionId":"64c7b2f8-1aa6-4f8e-b205-04ef09f20658","reason":"same-session"}
[CloudSync][realtime] echo-filtered UPDATE {"highlightId":"counter-1777599580735-hjrl15k3m","annotationType":"counter","lastModifiedBy":"170d915c-5741-4e0b-b03f-deaeedae27bd","rowSessionId":"64c7b2f8-1aa6-4f8e-b205-04ef09f20658","currentSessionId":"64c7b2f8-1aa6-4f8e-b205-04ef09f20658","reason":"same-session"}
[CloudSync][realtime] echo-filtered UPDATE {"highlightId":"counter-1777599580886-obfjxygpp","annotationType":"counter","lastModifiedBy":"170d915c-5741-4e0b-b03f-deaeedae27bd","rowSessionId":"64c7b2f8-1aa6-4f8e-b205-04ef09f20658","currentSessionId":"64c7b2f8-1aa6-4f8e-b205-04ef09f20658","reason":"same-session"}
[CloudSync][realtime] echo-filtered UPDATE {"highlightId":"counter-1777599580984-x4guba8j1","annotationType":"counter","lastModifiedBy":"170d915c-5741-4e0b-b03f-deaeedae27bd","rowSessionId":"64c7b2f8-1aa6-4f8e-b205-04ef09f20658","currentSessionId":"64c7b2f8-1aa6-4f8e-b205-04ef09f20658","reason":"same-session"}
[CloudSync][realtime] echo-filtered UPDATE {"highlightId":"counter-1777599580949-v51j01tj5","annotationType":"counter","lastModifiedBy":"170d915c-5741-4e0b-b03f-deaeedae27bd","rowSessionId":"64c7b2f8-1aa6-4f8e-b205-04ef09f20658","currentSessionId":"64c7b2f8-1aa6-4f8e-b205-04ef09f20658","reason":"same-session"}
[CloudSync][realtime] echo-filtered UPDATE {"highlightId":"counter-1777599580965-jxosugroa","annotationType":"counter","lastModifiedBy":"170d915c-5741-4e0b-b03f-deaeedae27bd","rowSessionId":"64c7b2f8-1aa6-4f8e-b205-04ef09f20658","currentSessionId":"64c7b2f8-1aa6-4f8e-b205-04ef09f20658","reason":"same-session"}
[CloudSync][realtime] echo-filtered UPDATE {"highlightId":"counter-1777599580995-o54p13304","annotationType":"counter","lastModifiedBy":"170d915c-5741-4e0b-b03f-deaeedae27bd","rowSessionId":"64c7b2f8-1aa6-4f8e-b205-04ef09f20658","currentSessionId":"64c7b2f8-1aa6-4f8e-b205-04ef09f20658","reason":"same-session"}
[CloudSync][realtime] echo-filtered UPDATE {"highlightId":"counter-1777599580950-qz2mf0g9f","annotationType":"counter","lastModifiedBy":"170d915c-5741-4e0b-b03f-deaeedae27bd","rowSessionId":"64c7b2f8-1aa6-4f8e-b205-04ef09f20658","currentSessionId":"64c7b2f8-1aa6-4f8e-b205-04ef09f20658","reason":"same-session"}
[CloudSync][realtime] echo-filtered UPDATE {"highlightId":"counter-1777599580966-ckl9d571m","annotationType":"counter","lastModifiedBy":"170d915c-5741-4e0b-b03f-deaeedae27bd","rowSessionId":"64c7b2f8-1aa6-4f8e-b205-04ef09f20658","currentSessionId":"64c7b2f8-1aa6-4f8e-b205-04ef09f20658","reason":"same-session"}
[CloudSync][realtime] echo-filtered UPDATE {"highlightId":"counter-1777599581142-wcxjb3mdi","annotationType":"counter","lastModifiedBy":"170d915c-5741-4e0b-b03f-deaeedae27bd","rowSessionId":"64c7b2f8-1aa6-4f8e-b205-04ef09f20658","currentSessionId":"64c7b2f8-1aa6-4f8e-b205-04ef09f20658","reason":"same-session"}
[CloudSync][realtime] echo-filtered UPDATE {"highlightId":"counter-1777599580994-62a8tj975","annotationType":"counter","lastModifiedBy":"170d915c-5741-4e0b-b03f-deaeedae27bd","rowSessionId":"64c7b2f8-1aa6-4f8e-b205-04ef09f20658","currentSessionId":"64c7b2f8-1aa6-4f8e-b205-04ef09f20658","reason":"same-session"}
[CloudSync][realtime] echo-filtered UPDATE {"highlightId":"counter-1777599581690-m2dcfiskz","annotationType":"counter","lastModifiedBy":"170d915c-5741-4e0b-b03f-deaeedae27bd","rowSessionId":"64c7b2f8-1aa6-4f8e-b205-04ef09f20658","currentSessionId":"64c7b2f8-1aa6-4f8e-b205-04ef09f20658","reason":"same-session"}
[CloudSync][realtime] echo-filtered UPDATE {"highlightId":"counter-1777599581681-25w6og7na","annotationType":"counter","lastModifiedBy":"170d915c-5741-4e0b-b03f-deaeedae27bd","rowSessionId":"64c7b2f8-1aa6-4f8e-b205-04ef09f20658","currentSessionId":"64c7b2f8-1aa6-4f8e-b205-04ef09f20658","reason":"same-session"}
[CloudSync][realtime] echo-filtered UPDATE {"highlightId":"counter-1777599580995-ug9gpgyie","annotationType":"counter","lastModifiedBy":"170d915c-5741-4e0b-b03f-deaeedae27bd","rowSessionId":"64c7b2f8-1aa6-4f8e-b205-04ef09f20658","currentSessionId":"64c7b2f8-1aa6-4f8e-b205-04ef09f20658","reason":"same-session"}
[CloudSync][realtime] echo-filtered UPDATE {"highlightId":"counter-1777599581693-drnco3i0k","annotationType":"counter","lastModifiedBy":"170d915c-5741-4e0b-b03f-deaeedae27bd","rowSessionId":"64c7b2f8-1aa6-4f8e-b205-04ef09f20658","currentSessionId":"64c7b2f8-1aa6-4f8e-b205-04ef09f20658","reason":"same-session"}
[CloudSync][realtime] echo-filtered UPDATE {"highlightId":"counter-1777599581116-geyc2905z","annotationType":"counter","lastModifiedBy":"170d915c-5741-4e0b-b03f-deaeedae27bd","rowSessionId":"64c7b2f8-1aa6-4f8e-b205-04ef09f20658","currentSessionId":"64c7b2f8-1aa6-4f8e-b205-04ef09f20658","reason":"same-session"}
[CloudSync][realtime] echo-filtered UPDATE {"highlightId":"counter-1777599581175-wgc22usmx","annotationType":"counter","lastModifiedBy":"170d915c-5741-4e0b-b03f-deaeedae27bd","rowSessionId":"64c7b2f8-1aa6-4f8e-b205-04ef09f20658","currentSessionId":"64c7b2f8-1aa6-4f8e-b205-04ef09f20658","reason":"same-session"}
[CloudSync][realtime] echo-filtered UPDATE {"highlightId":"counter-1777599581705-0hdmymzxu","annotationType":"counter","lastModifiedBy":"170d915c-5741-4e0b-b03f-deaeedae27bd","rowSessionId":"64c7b2f8-1aa6-4f8e-b205-04ef09f20658","currentSessionId":"64c7b2f8-1aa6-4f8e-b205-04ef09f20658","reason":"same-session"}
[CloudSync][realtime] echo-filtered UPDATE {"highlightId":"counter-1777599581064-mpfz4yh7a","annotationType":"counter","lastModifiedBy":"170d915c-5741-4e0b-b03f-deaeedae27bd","rowSessionId":"64c7b2f8-1aa6-4f8e-b205-04ef09f20658","currentSessionId":"64c7b2f8-1aa6-4f8e-b205-04ef09f20658","reason":"same-session"}
[CloudSync][realtime] echo-filtered UPDATE {"highlightId":"counter-1777599581704-nrw8goahw","annotationType":"counter","lastModifiedBy":"170d915c-5741-4e0b-b03f-deaeedae27bd","rowSessionId":"64c7b2f8-1aa6-4f8e-b205-04ef09f20658","currentSessionId":"64c7b2f8-1aa6-4f8e-b205-04ef09f20658","reason":"same-session"}
[CloudSync][realtime] echo-filtered UPDATE {"highlightId":"counter-1777599581922-s0f42ae7j","annotationType":"counter","lastModifiedBy":"170d915c-5741-4e0b-b03f-deaeedae27bd","rowSessionId":"64c7b2f8-1aa6-4f8e-b205-04ef09f20658","currentSessionId":"64c7b2f8-1aa6-4f8e-b205-04ef09f20658","reason":"same-session"}
[CloudSync][realtime] echo-filtered UPDATE {"highlightId":"counter-1777599581922-lwnfq5c20","annotationType":"counter","lastModifiedBy":"170d915c-5741-4e0b-b03f-deaeedae27bd","rowSessionId":"64c7b2f8-1aa6-4f8e-b205-04ef09f20658","currentSessionId":"64c7b2f8-1aa6-4f8e-b205-04ef09f20658","reason":"same-session"}
[CloudSync][realtime] echo-filtered UPDATE {"highlightId":"counter-1777599621460-ws8g67lxt","annotationType":"counter","lastModifiedBy":"170d915c-5741-4e0b-b03f-deaeedae27bd","rowSessionId":"64c7b2f8-1aa6-4f8e-b205-04ef09f20658","currentSessionId":"64c7b2f8-1aa6-4f8e-b205-04ef09f20658","reason":"same-session"}
[CloudSync][realtime] echo-filtered UPDATE {"highlightId":"counter-1777599584265-e0w6gyl1v","annotationType":"counter","lastModifiedBy":"170d915c-5741-4e0b-b03f-deaeedae27bd","rowSessionId":"64c7b2f8-1aa6-4f8e-b205-04ef09f20658","currentSessionId":"64c7b2f8-1aa6-4f8e-b205-04ef09f20658","reason":"same-session"}
[CloudSync][realtime] echo-filtered UPDATE {"highlightId":"counter-1777599621761-n94qze086","annotationType":"counter","lastModifiedBy":"170d915c-5741-4e0b-b03f-deaeedae27bd","rowSessionId":"64c7b2f8-1aa6-4f8e-b205-04ef09f20658","currentSessionId":"64c7b2f8-1aa6-4f8e-b205-04ef09f20658","reason":"same-session"}
[CloudSync][realtime] echo-filtered UPDATE {"highlightId":"counter-1777599621677-7wflr0t7j","annotationType":"counter","lastModifiedBy":"170d915c-5741-4e0b-b03f-deaeedae27bd","rowSessionId":"64c7b2f8-1aa6-4f8e-b205-04ef09f20658","currentSessionId":"64c7b2f8-1aa6-4f8e-b205-04ef09f20658","reason":"same-session"}
[CloudSync][realtime] echo-filtered UPDATE {"highlightId":"counter-1777599621722-0haefkl04","annotationType":"counter","lastModifiedBy":"170d915c-5741-4e0b-b03f-deaeedae27bd","rowSessionId":"64c7b2f8-1aa6-4f8e-b205-04ef09f20658","currentSessionId":"64c7b2f8-1aa6-4f8e-b205-04ef09f20658","reason":"same-session"}
[CloudSync][realtime] echo-filtered UPDATE {"highlightId":"counter-1777599622423-6vg3p4xus","annotationType":"counter","lastModifiedBy":"170d915c-5741-4e0b-b03f-deaeedae27bd","rowSessionId":"64c7b2f8-1aa6-4f8e-b205-04ef09f20658","currentSessionId":"64c7b2f8-1aa6-4f8e-b205-04ef09f20658","reason":"same-session"}
[CloudSync][realtime] echo-filtered UPDATE {"highlightId":"counter-1777599622546-5mkg6w054","annotationType":"counter","lastModifiedBy":"170d915c-5741-4e0b-b03f-deaeedae27bd","rowSessionId":"64c7b2f8-1aa6-4f8e-b205-04ef09f20658","currentSessionId":"64c7b2f8-1aa6-4f8e-b205-04ef09f20658","reason":"same-session"}
[CloudSync][realtime] echo-filtered UPDATE {"highlightId":"counter-1777599622407-lfdgd7n4s","annotationType":"counter","lastModifiedBy":"170d915c-5741-4e0b-b03f-deaeedae27bd","rowSessionId":"64c7b2f8-1aa6-4f8e-b205-04ef09f20658","currentSessionId":"64c7b2f8-1aa6-4f8e-b205-04ef09f20658","reason":"same-session"}
[CloudSync][realtime] echo-filtered UPDATE {"highlightId":"counter-1777599622231-79ann8vz1","annotationType":"counter","lastModifiedBy":"170d915c-5741-4e0b-b03f-deaeedae27bd","rowSessionId":"64c7b2f8-1aa6-4f8e-b205-04ef09f20658","currentSessionId":"64c7b2f8-1aa6-4f8e-b205-04ef09f20658","reason":"same-session"}
[CloudSync][realtime] echo-filtered UPDATE {"highlightId":"counter-1777599622404-bvgmjjrew","annotationType":"counter","lastModifiedBy":"170d915c-5741-4e0b-b03f-deaeedae27bd","rowSessionId":"64c7b2f8-1aa6-4f8e-b205-04ef09f20658","currentSessionId":"64c7b2f8-1aa6-4f8e-b205-04ef09f20658","reason":"same-session"}
[CloudSync][realtime] echo-filtered UPDATE {"highlightId":"counter-1777599622352-7qvjdby5n","annotationType":"counter","lastModifiedBy":"170d915c-5741-4e0b-b03f-deaeedae27bd","rowSessionId":"64c7b2f8-1aa6-4f8e-b205-04ef09f20658","currentSessionId":"64c7b2f8-1aa6-4f8e-b205-04ef09f20658","reason":"same-session"}
[CloudSync][realtime] echo-filtered UPDATE {"highlightId":"counter-1777599622351-lm1shxaid","annotationType":"counter","lastModifiedBy":"170d915c-5741-4e0b-b03f-deaeedae27bd","rowSessionId":"64c7b2f8-1aa6-4f8e-b205-04ef09f20658","currentSessionId":"64c7b2f8-1aa6-4f8e-b205-04ef09f20658","reason":"same-session"}
[CloudSync][realtime] echo-filtered UPDATE {"highlightId":"counter-1777599624274-byqn34fyq","annotationType":"counter","lastModifiedBy":"170d915c-5741-4e0b-b03f-deaeedae27bd","rowSessionId":"64c7b2f8-1aa6-4f8e-b205-04ef09f20658","currentSessionId":"64c7b2f8-1aa6-4f8e-b205-04ef09f20658","reason":"same-session"}
[CloudSync][realtime] echo-filtered UPDATE {"highlightId":"counter-1777599621791-54l0wvvp0","annotationType":"counter","lastModifiedBy":"170d915c-5741-4e0b-b03f-deaeedae27bd","rowSessionId":"64c7b2f8-1aa6-4f8e-b205-04ef09f20658","currentSessionId":"64c7b2f8-1aa6-4f8e-b205-04ef09f20658","reason":"same-session"}
[CloudSync][realtime] echo-filtered UPDATE {"highlightId":"ink-1777596993810-jmtlhkn2g","annotationType":"ink","lastModifiedBy":"170d915c-5741-4e0b-b03f-deaeedae27bd","rowSessionId":"64c7b2f8-1aa6-4f8e-b205-04ef09f20658","currentSessionId":"64c7b2f8-1aa6-4f8e-b205-04ef09f20658","reason":"same-session"}
[CloudSync][realtime] echo-filtered UPDATE {"highlightId":"f6da66ed-fd32-41d3-a13d-bf82c3322ee5","annotationType":"ink","lastModifiedBy":"170d915c-5741-4e0b-b03f-deaeedae27bd","rowSessionId":"64c7b2f8-1aa6-4f8e-b205-04ef09f20658","currentSessionId":"64c7b2f8-1aa6-4f8e-b205-04ef09f20658","reason":"same-session"}
[CloudSync][realtime] echo-filtered UPDATE {"highlightId":"bbdc9108-bb96-49f9-87e0-73154011859e","annotationType":"ink","lastModifiedBy":"170d915c-5741-4e0b-b03f-deaeedae27bd","rowSessionId":"64c7b2f8-1aa6-4f8e-b205-04ef09f20658","currentSessionId":"64c7b2f8-1aa6-4f8e-b205-04ef09f20658","reason":"same-session"}
[CloudSync][realtime] echo-filtered UPDATE {"highlightId":"callout-y538t3l2r-mowlwupu","annotationType":"callout","lastModifiedBy":"170d915c-5741-4e0b-b03f-deaeedae27bd","rowSessionId":"64c7b2f8-1aa6-4f8e-b205-04ef09f20658","currentSessionId":"64c7b2f8-1aa6-4f8e-b205-04ef09f20658","reason":"same-session"}

===== Undo/Redo Chronology =====
events=11
lanes=local annotation history | callout history | legacy history | Yjs/CRDT history
{"seq":1,"order":null,"at":"2026-05-12T13:06:53.147Z","event":"history_reset_for_pdf_change","actionType":"pdf:change","rawActionType":"pdf:change","annotationType":null,"annotationId":null,"pageNumber":null,"lane":null,"receivedStack":null,"chosenStack":null,"chosenLane":null,"decisionReason":null,"undoDepth":0,"redoDepth":0}
{"seq":2,"order":1,"at":"2026-05-12T13:06:57.013Z","event":"local_annotation_history_added","actionType":"create","rawActionType":"fabric:create","annotationType":"path","annotationId":"f6da66ed-fd32-41d3-a13d-bf82c3322ee5","pageNumber":1,"lane":"local annotation history","receivedStack":"localAnnotationUndo","chosenStack":null,"chosenLane":"local annotation history","decisionReason":null,"undoDepth":1,"redoDepth":0}
{"seq":3,"order":null,"at":"2026-05-12T13:06:57.014Z","event":"annotations_save_detected","actionType":"annotations:save","rawActionType":"annotations:save","annotationType":null,"annotationId":null,"pageNumber":1,"lane":null,"receivedStack":null,"chosenStack":null,"chosenLane":null,"decisionReason":null,"undoDepth":0,"redoDepth":0}
{"seq":4,"order":null,"at":"2026-05-12T13:06:57.014Z","event":"annotations_checkpoint_skipped_crdt_history","actionType":"annotations:save","rawActionType":"annotations:save","annotationType":null,"annotationId":null,"pageNumber":1,"lane":null,"receivedStack":null,"chosenStack":null,"chosenLane":null,"decisionReason":null,"undoDepth":0,"redoDepth":0}
{"seq":5,"order":null,"at":"2026-05-12T13:06:58.193Z","event":"yjs_history_added","actionType":"undo","rawActionType":"undo","annotationType":null,"annotationId":null,"pageNumber":null,"lane":"Yjs/CRDT history","receivedStack":"yjsUndoStack","chosenStack":null,"chosenLane":"Yjs/CRDT history","decisionReason":null,"undoDepth":1,"redoDepth":0}
{"seq":6,"order":null,"at":"2026-05-12T13:07:17.332Z","event":"yjs_history_added","actionType":"undo","rawActionType":"undo","annotationType":null,"annotationId":null,"pageNumber":null,"lane":"Yjs/CRDT history","receivedStack":"yjsUndoStack","chosenStack":null,"chosenLane":"Yjs/CRDT history","decisionReason":null,"undoDepth":2,"redoDepth":0}
{"seq":7,"order":2,"at":"2026-05-12T13:08:09.007Z","event":"local_annotation_history_added","actionType":"create","rawActionType":"fabric:create","annotationType":"path","annotationId":"bbdc9108-bb96-49f9-87e0-73154011859e","pageNumber":1,"lane":"local annotation history","receivedStack":"localAnnotationUndo","chosenStack":null,"chosenLane":"local annotation history","decisionReason":null,"undoDepth":2,"redoDepth":0}
{"seq":8,"order":null,"at":"2026-05-12T13:08:09.007Z","event":"annotations_save_detected","actionType":"annotations:save","rawActionType":"annotations:save","annotationType":null,"annotationId":null,"pageNumber":1,"lane":null,"receivedStack":null,"chosenStack":null,"chosenLane":null,"decisionReason":null,"undoDepth":0,"redoDepth":0}
{"seq":9,"order":null,"at":"2026-05-12T13:08:09.007Z","event":"annotations_checkpoint_skipped_crdt_history","actionType":"annotations:save","rawActionType":"annotations:save","annotationType":null,"annotationId":null,"pageNumber":1,"lane":null,"receivedStack":null,"chosenStack":null,"chosenLane":null,"decisionReason":null,"undoDepth":0,"redoDepth":0}
{"seq":10,"order":null,"at":"2026-05-12T13:08:11.111Z","event":"yjs_history_added","actionType":"undo","rawActionType":"undo","annotationType":null,"annotationId":null,"pageNumber":null,"lane":"Yjs/CRDT history","receivedStack":"yjsUndoStack","chosenStack":null,"chosenLane":"Yjs/CRDT history","decisionReason":null,"undoDepth":3,"redoDepth":0}
{"seq":11,"order":null,"at":"2026-05-12T13:08:16.938Z","event":"yjs_history_added","actionType":"undo","rawActionType":"undo","annotationType":null,"annotationId":null,"pageNumber":null,"lane":"Yjs/CRDT history","receivedStack":"yjsUndoStack","chosenStack":null,"chosenLane":"Yjs/CRDT history","decisionReason":null,"undoDepth":4,"redoDepth":0}
===== End Undo/Redo Chronology =====
