===== SurveyApp Save Log =====
version:   0.1.41
runtime:   dev-server
platform:  desktop
device:    Mac
os:        macOS 10.15.7
screen:    1512x982 @2x
viewport:  1203x826
locale:    en-US
timestamp: 2026-04-30T04:51:33.470Z (4/30/2026, 12:51:33 AM)
==============================
[dev-auto-login] boot {"hasDevEmail":true,"devEmailHint":"isai***","hasDevPassword":true,"hasCachedSession":true,"cachedSessionEmail":"isaiahcalvo123@gmail.com","cachedSessionExpiresAt":1777526317}
[dev-auto-login] cached session matches dev email, keeping it
[dev-auto-login] decision {"needsAutoLogin":false,"willAttemptSignIn":false}
[CloudSync][hook] session id minted {"sessionId":"7075720c-128c-4082-8d4e-a5f00910ca27"}
[AnnotPerf] finalize idle (forced-reset) — deferring CSS transform removal, waiting for PAL confirmation
[DebugBridge +2087.1ms] zoom_start {"scale":0.67,"targetScale":1,"source":"keyboard_toolbar"}
[CloudSync][hook][state-obs] annotationsByPage initial {"currentCount":0,"pages":0,"hydrated":false}
[CloudSync][hook][state-obs] callouts initial {"currentCount":0,"hydrated":false}
[CloudSync][hook] hydrate effect fired {"enabled":false,"documentId":"1a7f57f8-3796-470e-afd2-f38919a873b3","userId":"170d915c-5741-4e0b-b03f-deaeedae27bd","pdfId":null}
[CloudSync][hook] hydrate skipped — missing prerequisite {"enabled":false,"hasDocumentId":true,"hasUserId":true,"hasPdfId":false}
[CSeries wipe] doc=sync-test.pdf-2489 totalCounters=0 legacyRemoved=0 — nothing to wipe.
[CloudSync][hook][state-obs] change {"prevCount":0,"currentCount":1,"delta":1,"hydrated":false,"sameRefAsLastByPage":false}
[CloudSync][hook][state-obs] callout change {"prevCount":0,"currentCount":0,"delta":0,"hydrated":false,"sameRefAsLastCallouts":false}
[CloudSync][hook] hydrate effect fired {"enabled":false,"documentId":"1a7f57f8-3796-470e-afd2-f38919a873b3","userId":"170d915c-5741-4e0b-b03f-deaeedae27bd","pdfId":"sync-test.pdf-2489"}
[CloudSync][hook] hydrate skipped — missing prerequisite {"enabled":false,"hasDocumentId":true,"hasUserId":true,"hasPdfId":true}
console.warn @ Realtime send() is automatically falling back to REST API. This behavior will be deprecated in the future. Please use httpSend() explicitly for REST delivery.
[CloudSync][hook] hydrate effect fired {"enabled":true,"documentId":"1a7f57f8-3796-470e-afd2-f38919a873b3","userId":"170d915c-5741-4e0b-b03f-deaeedae27bd","pdfId":"sync-test.pdf-2489"}
[CloudSync][hook] stage=hydrating
[CloudSync][hydrate] loadAllNonHighlightAnnotations start {"documentId":"1a7f57f8-3796-470e-afd2-f38919a873b3"}
[CloudSync][hook] fabric push skipped — not hydrated yet
[CloudSync][hook] callout push skipped — not hydrated yet
[CloudSync][realtime] subscribing {"documentId":"1a7f57f8-3796-470e-afd2-f38919a873b3","currentUserId":"170d915c-5741-4e0b-b03f-deaeedae27bd","currentSessionId":"7075720c-128c-4082-8d4e-a5f00910ca27","hasFabricInsert":true,"hasFabricUpdate":true,"hasFabricDelete":true,"hasCalloutInsert":true,"hasCalloutUpdate":true,"hasCalloutDelete":true}
[CloudSync][realtime] subscribe status {"status":"SUBSCRIBED","error":null}
[CloudSync][hook] post-subscribe catch-up skipped — startup sync already in flight
[CloudSync][hydrate] loadAllNonHighlightAnnotations ok {"elapsedMs":289,"totalRowsScanned":125,"scanned":{"nonHighlight":17,"legacyFabricHighlights":108},"totalRows":125,"rowsByType":{"ink":17,"highlight":108},"pagesWithObjects":1,"calloutCount":0}
[CloudSync][verify] first read summary {"contextLabel":"initial-hydrate","documentId":"1a7f57f8-3796-470e-afd2-f38919a873b3","elapsedMs":290,"firstFabricPages":1,"firstFabricObjects":125,"firstCallouts":0,"firstEmpty":false,"localFabricCount":1,"localCalloutCount":0,"localHasData":true,"willVerify":false}
[CloudSync][hook] replacing local fabric state with cloud (cloud is authoritative) {"pages":1,"migrationDone":true}
[CloudSync][hook] replacing local callouts with cloud (cloud is authoritative) {"count":0,"migrationDone":true}
[CloudSync][hook] stage=migrating (one-time local→cloud push)
[CloudSync][hook] hydrate+migrate complete — push gate OPEN {"migrationPushed":0}
[CloudSync][hook][state-obs] change {"prevCount":1,"currentCount":125,"delta":124,"hydrated":true,"sameRefAsLastByPage":true}
[CloudSync][hook][state-obs] callout change {"prevCount":0,"currentCount":0,"delta":0,"hydrated":true,"sameRefAsLastCallouts":true}
[PrintPanel] RENDER — panel closed
[CloudSync][hook][state-obs] change {"prevCount":125,"currentCount":125,"delta":0,"hydrated":true,"sameRefAsLastByPage":false}
[CloudSync][hook][state-obs] callout change {"prevCount":0,"currentCount":0,"delta":0,"hydrated":true,"sameRefAsLastCallouts":false}
[CloudSync][hook] fabric state changed — debounce push scheduled {"pageCount":1,"objectCount":125,"priorObjectCount":125,"isWipePush":false,"debounceMs":800}
[CloudSync][hook] callout state changed — debounce push scheduled {"count":0,"priorCount":0,"isCalloutWipePush":false,"debounceMs":800}
[LineBboxDiag] renderLine {"ts":"2026-04-30T04:50:18.456Z","objId":null,"index":29,"objType":"line","tool":"arrow","isArrow":true,"angle":0,"hasMidpoint":false,"dataMidpoint":null,"storageSnapshot":{"left":204.79,"top":362.3,"width":101.06,"height":83.1,"x1":-50.53211009174312,"y1":-41.54862385321101,"x2":50.53211009174312,"y2":41.54862385321101},"specKind":"straight","specLine":{"x1":204.7878899082569,"y1":362.30137614678904,"x2":303.7923087957672,"y2":443.7050094542975},"specArrowheadKind":"solidTriangle","rotationApplied":false,"pivotDiag":null}
[LineBboxDiag] renderLine {"ts":"2026-04-30T04:50:18.456Z","objId":null,"index":32,"objType":"line","tool":"line","isArrow":false,"angle":0,"hasMidpoint":false,"dataMidpoint":null,"storageSnapshot":{"left":67.79,"top":356.69,"width":102.19,"height":83.1,"x1":-51.09357798165138,"y1":-41.54862385321101,"x2":51.09357798165138,"y2":41.54862385321101},"specKind":"straight","specLine":{"x1":67.79142201834863,"y1":356.691376146789,"x2":169.97857798165137,"y2":439.788623853211},"specArrowheadKind":"none","rotationApplied":false,"pivotDiag":null}
[LineBboxDiag] renderLine {"ts":"2026-04-30T04:50:18.456Z","objId":null,"index":33,"objType":"line","tool":"line","isArrow":false,"angle":0,"hasMidpoint":false,"dataMidpoint":null,"storageSnapshot":{"left":67.79,"top":356.69,"width":102.19,"height":83.1,"x1":-51.09357798165138,"y1":-41.54862385321101,"x2":51.09357798165138,"y2":41.54862385321101},"specKind":"straight","specLine":{"x1":67.79142201834863,"y1":356.691376146789,"x2":169.97857798165137,"y2":439.788623853211},"specArrowheadKind":"none","rotationApplied":false,"pivotDiag":null}
[LineBboxDiag] renderLine {"ts":"2026-04-30T04:50:18.456Z","objId":null,"index":35,"objType":"line","tool":"line","isArrow":false,"angle":0,"hasMidpoint":false,"dataMidpoint":null,"storageSnapshot":{"left":67.79,"top":356.69,"width":102.19,"height":83.1,"x1":-51.09357798165138,"y1":-41.54862385321101,"x2":51.09357798165138,"y2":41.54862385321101},"specKind":"straight","specLine":{"x1":67.79142201834863,"y1":356.691376146789,"x2":169.97857798165137,"y2":439.788623853211},"specArrowheadKind":"none","rotationApplied":false,"pivotDiag":null}
[LineBboxDiag] renderLine {"ts":"2026-04-30T04:50:18.457Z","objId":null,"index":52,"objType":"line","tool":"arrow","isArrow":true,"angle":0,"hasMidpoint":false,"dataMidpoint":null,"storageSnapshot":{"left":204.79,"top":362.3,"width":101.06,"height":83.1,"x1":-50.53211009174312,"y1":-41.54862385321101,"x2":50.53211009174312,"y2":41.54862385321101},"specKind":"straight","specLine":{"x1":204.7878899082569,"y1":362.30137614678904,"x2":303.7923087957672,"y2":443.7050094542975},"specArrowheadKind":"solidTriangle","rotationApplied":false,"pivotDiag":null}
[LineBboxDiag] renderLine {"ts":"2026-04-30T04:50:18.458Z","objId":null,"index":66,"objType":"line","tool":"arrow","isArrow":true,"angle":0,"hasMidpoint":false,"dataMidpoint":null,"storageSnapshot":{"left":204.79,"top":362.3,"width":101.06,"height":83.1,"x1":-50.53211009174312,"y1":-41.54862385321101,"x2":50.53211009174312,"y2":41.54862385321101},"specKind":"straight","specLine":{"x1":204.7878899082569,"y1":362.30137614678904,"x2":303.7923087957672,"y2":443.7050094542975},"specArrowheadKind":"solidTriangle","rotationApplied":false,"pivotDiag":null}
[Counter SVG p1] dispatching renderCounter — i=68, displayNumber=1, fill=#ef4444, numberColor=unset, left=469.29, top=462.37, radius=14
[LineBboxDiag] renderLine {"ts":"2026-04-30T04:50:18.458Z","objId":null,"index":71,"objType":"line","tool":"line","isArrow":false,"angle":0,"hasMidpoint":false,"dataMidpoint":null,"storageSnapshot":{"left":67.79,"top":356.69,"width":102.19,"height":83.1,"x1":-51.09357798165138,"y1":-41.54862385321101,"x2":51.09357798165138,"y2":41.54862385321101},"specKind":"straight","specLine":{"x1":67.79142201834863,"y1":356.691376146789,"x2":169.97857798165137,"y2":439.788623853211},"specArrowheadKind":"none","rotationApplied":false,"pivotDiag":null}
[LineBboxDiag] renderLine {"ts":"2026-04-30T04:50:18.458Z","objId":null,"index":78,"objType":"line","tool":"line","isArrow":false,"angle":0,"hasMidpoint":false,"dataMidpoint":null,"storageSnapshot":{"left":67.79,"top":356.69,"width":102.19,"height":83.1,"x1":-51.09357798165138,"y1":-41.54862385321101,"x2":51.09357798165138,"y2":41.54862385321101},"specKind":"straight","specLine":{"x1":67.79142201834863,"y1":356.691376146789,"x2":169.97857798165137,"y2":439.788623853211},"specArrowheadKind":"none","rotationApplied":false,"pivotDiag":null}
[LineBboxDiag] renderLine {"ts":"2026-04-30T04:50:18.458Z","objId":null,"index":81,"objType":"line","tool":"line","isArrow":false,"angle":0,"hasMidpoint":false,"dataMidpoint":null,"storageSnapshot":{"left":67.79,"top":356.69,"width":102.19,"height":83.1,"x1":-51.09357798165138,"y1":-41.54862385321101,"x2":51.09357798165138,"y2":41.54862385321101},"specKind":"straight","specLine":{"x1":67.79142201834863,"y1":356.691376146789,"x2":169.97857798165137,"y2":439.788623853211},"specArrowheadKind":"none","rotationApplied":false,"pivotDiag":null}
[Counter SVG p1] dispatching renderCounter — i=86, displayNumber=2, fill=#ef4444, numberColor=unset, left=470.05, top=499.76, radius=14
[Counter SVG p1] dispatching renderCounter — i=87, displayNumber=1, fill=#ef4444, numberColor=unset, left=389.68, top=661.32, radius=14
[Counter SVG p1] dispatching renderCounter — i=88, displayNumber=3, fill=#ef4444, numberColor=unset, left=470.94, top=558.85, radius=14
[LineBboxDiag] renderLine {"ts":"2026-04-30T04:50:18.459Z","objId":null,"index":90,"objType":"line","tool":"arrow","isArrow":true,"angle":0,"hasMidpoint":false,"dataMidpoint":null,"storageSnapshot":{"left":204.79,"top":362.3,"width":101.06,"height":83.1,"x1":-50.53211009174312,"y1":-41.54862385321101,"x2":50.53211009174312,"y2":41.54862385321101},"specKind":"straight","specLine":{"x1":204.7878899082569,"y1":362.30137614678904,"x2":303.7923087957672,"y2":443.7050094542975},"specArrowheadKind":"solidTriangle","rotationApplied":false,"pivotDiag":null}
[LineBboxDiag] renderLine {"ts":"2026-04-30T04:50:18.459Z","objId":null,"index":95,"objType":"line","tool":"arrow","isArrow":true,"angle":0,"hasMidpoint":false,"dataMidpoint":null,"storageSnapshot":{"left":204.79,"top":362.3,"width":101.06,"height":83.1,"x1":-50.53211009174312,"y1":-41.54862385321101,"x2":50.53211009174312,"y2":41.54862385321101},"specKind":"straight","specLine":{"x1":204.7878899082569,"y1":362.30137614678904,"x2":303.7923087957672,"y2":443.7050094542975},"specArrowheadKind":"solidTriangle","rotationApplied":false,"pivotDiag":null}
[LineBboxDiag] renderLine {"ts":"2026-04-30T04:50:18.459Z","objId":null,"index":99,"objType":"line","tool":"arrow","isArrow":true,"angle":0,"hasMidpoint":false,"dataMidpoint":null,"storageSnapshot":{"left":204.79,"top":362.3,"width":101.06,"height":83.1,"x1":-50.53211009174312,"y1":-41.54862385321101,"x2":50.53211009174312,"y2":41.54862385321101},"specKind":"straight","specLine":{"x1":204.7878899082569,"y1":362.30137614678904,"x2":303.7923087957672,"y2":443.7050094542975},"specArrowheadKind":"solidTriangle","rotationApplied":false,"pivotDiag":null}
[LineBboxDiag] renderLine {"ts":"2026-04-30T04:50:18.459Z","objId":null,"index":101,"objType":"line","tool":"line","isArrow":false,"angle":0,"hasMidpoint":false,"dataMidpoint":null,"storageSnapshot":{"left":67.79,"top":356.69,"width":102.19,"height":83.1,"x1":-51.09357798165138,"y1":-41.54862385321101,"x2":51.09357798165138,"y2":41.54862385321101},"specKind":"straight","specLine":{"x1":67.79142201834863,"y1":356.691376146789,"x2":169.97857798165137,"y2":439.788623853211},"specArrowheadKind":"none","rotationApplied":false,"pivotDiag":null}
[LineBboxDiag] renderLine {"ts":"2026-04-30T04:50:18.459Z","objId":null,"index":105,"objType":"line","tool":"line","isArrow":false,"angle":0,"hasMidpoint":false,"dataMidpoint":null,"storageSnapshot":{"left":67.79,"top":356.69,"width":102.19,"height":83.1,"x1":-51.09357798165138,"y1":-41.54862385321101,"x2":51.09357798165138,"y2":41.54862385321101},"specKind":"straight","specLine":{"x1":67.79142201834863,"y1":356.691376146789,"x2":169.97857798165137,"y2":439.788623853211},"specArrowheadKind":"none","rotationApplied":false,"pivotDiag":null}
[LineBboxDiag] renderLine {"ts":"2026-04-30T04:50:18.459Z","objId":null,"index":106,"objType":"line","tool":"arrow","isArrow":true,"angle":0,"hasMidpoint":false,"dataMidpoint":null,"storageSnapshot":{"left":204.79,"top":362.3,"width":101.06,"height":83.1,"x1":-50.53211009174312,"y1":-41.54862385321101,"x2":50.53211009174312,"y2":41.54862385321101},"specKind":"straight","specLine":{"x1":204.7878899082569,"y1":362.30137614678904,"x2":303.7923087957672,"y2":443.7050094542975},"specArrowheadKind":"solidTriangle","rotationApplied":false,"pivotDiag":null}
[LineBboxDiag] renderLine {"ts":"2026-04-30T04:50:18.459Z","objId":null,"index":108,"objType":"line","tool":"line","isArrow":false,"angle":0,"hasMidpoint":false,"dataMidpoint":null,"storageSnapshot":{"left":67.79,"top":356.69,"width":102.19,"height":83.1,"x1":-51.09357798165138,"y1":-41.54862385321101,"x2":51.09357798165138,"y2":41.54862385321101},"specKind":"straight","specLine":{"x1":67.79142201834863,"y1":356.691376146789,"x2":169.97857798165137,"y2":439.788623853211},"specArrowheadKind":"none","rotationApplied":false,"pivotDiag":null}
[LineBboxDiag] renderLine {"ts":"2026-04-30T04:50:18.460Z","objId":null,"index":109,"objType":"line","tool":"arrow","isArrow":true,"angle":0,"hasMidpoint":false,"dataMidpoint":null,"storageSnapshot":{"left":204.79,"top":362.3,"width":101.06,"height":83.1,"x1":-50.53211009174312,"y1":-41.54862385321101,"x2":50.53211009174312,"y2":41.54862385321101},"specKind":"straight","specLine":{"x1":204.7878899082569,"y1":362.30137614678904,"x2":303.7923087957672,"y2":443.7050094542975},"specArrowheadKind":"solidTriangle","rotationApplied":false,"pivotDiag":null}
[LineBboxDiag] renderLine {"ts":"2026-04-30T04:50:18.460Z","objId":null,"index":112,"objType":"line","tool":"line","isArrow":false,"angle":0,"hasMidpoint":false,"dataMidpoint":null,"storageSnapshot":{"left":67.79,"top":356.69,"width":102.19,"height":83.1,"x1":-51.09357798165138,"y1":-41.54862385321101,"x2":51.09357798165138,"y2":41.54862385321101},"specKind":"straight","specLine":{"x1":67.79142201834863,"y1":356.691376146789,"x2":169.97857798165137,"y2":439.788623853211},"specArrowheadKind":"none","rotationApplied":false,"pivotDiag":null}
[LineBboxDiag] renderLine {"ts":"2026-04-30T04:50:18.460Z","objId":null,"index":113,"objType":"line","tool":"arrow","isArrow":true,"angle":0,"hasMidpoint":false,"dataMidpoint":null,"storageSnapshot":{"left":204.79,"top":362.3,"width":101.06,"height":83.1,"x1":-50.53211009174312,"y1":-41.54862385321101,"x2":50.53211009174312,"y2":41.54862385321101},"specKind":"straight","specLine":{"x1":204.7878899082569,"y1":362.30137614678904,"x2":303.7923087957672,"y2":443.7050094542975},"specArrowheadKind":"solidTriangle","rotationApplied":false,"pivotDiag":null}
[LineBboxDiag] renderLine {"ts":"2026-04-30T04:50:18.460Z","objId":null,"index":116,"objType":"line","tool":"arrow","isArrow":true,"angle":0,"hasMidpoint":false,"dataMidpoint":null,"storageSnapshot":{"left":204.79,"top":362.3,"width":101.06,"height":83.1,"x1":-50.53211009174312,"y1":-41.54862385321101,"x2":50.53211009174312,"y2":41.54862385321101},"specKind":"straight","specLine":{"x1":204.7878899082569,"y1":362.30137614678904,"x2":303.7923087957672,"y2":443.7050094542975},"specArrowheadKind":"solidTriangle","rotationApplied":false,"pivotDiag":null}
[LineBboxDiag] renderLine {"ts":"2026-04-30T04:50:18.460Z","objId":null,"index":119,"objType":"line","tool":"line","isArrow":false,"angle":0,"hasMidpoint":false,"dataMidpoint":null,"storageSnapshot":{"left":67.79,"top":356.69,"width":102.19,"height":83.1,"x1":-51.09357798165138,"y1":-41.54862385321101,"x2":51.09357798165138,"y2":41.54862385321101},"specKind":"straight","specLine":{"x1":67.79142201834863,"y1":356.691376146789,"x2":169.97857798165137,"y2":439.788623853211},"specArrowheadKind":"none","rotationApplied":false,"pivotDiag":null}
[LineBboxDiag] renderLine {"ts":"2026-04-30T04:50:18.460Z","objId":null,"index":120,"objType":"line","tool":"arrow","isArrow":true,"angle":0,"hasMidpoint":false,"dataMidpoint":null,"storageSnapshot":{"left":204.79,"top":362.3,"width":101.06,"height":83.1,"x1":-50.53211009174312,"y1":-41.54862385321101,"x2":50.53211009174312,"y2":41.54862385321101},"specKind":"straight","specLine":{"x1":204.7878899082569,"y1":362.30137614678904,"x2":303.7923087957672,"y2":443.7050094542975},"specArrowheadKind":"solidTriangle","rotationApplied":false,"pivotDiag":null}
[SVG p1] render — 125 objs, viewBox=612x792
console.warn @ [LineBboxDiag] getLineBBox log failed {}
console.warn @ [LineBboxDiag] getLineBBox log failed {}
console.warn @ [LineBboxDiag] getLineBBox log failed {}
console.warn @ [LineBboxDiag] getLineBBox log failed {}
console.warn @ [LineBboxDiag] getLineBBox log failed {}
console.warn @ [LineBboxDiag] getLineBBox log failed {}
console.warn @ [LineBboxDiag] getLineBBox log failed {}
console.warn @ [LineBboxDiag] getLineBBox log failed {}
console.warn @ [LineBboxDiag] getLineBBox log failed {}
console.warn @ [LineBboxDiag] getLineBBox log failed {}
console.warn @ [LineBboxDiag] getLineBBox log failed {}
console.warn @ [LineBboxDiag] getLineBBox log failed {}
console.warn @ [LineBboxDiag] getLineBBox log failed {}
console.warn @ [LineBboxDiag] getLineBBox log failed {}
console.warn @ [LineBboxDiag] getLineBBox log failed {}
console.warn @ [LineBboxDiag] getLineBBox log failed {}
console.warn @ [LineBboxDiag] getLineBBox log failed {}
console.warn @ [LineBboxDiag] getLineBBox log failed {}
console.warn @ [LineBboxDiag] getLineBBox log failed {}
console.warn @ [LineBboxDiag] getLineBBox log failed {}
console.warn @ [LineBboxDiag] getLineBBox log failed {}
console.warn @ [LineBboxDiag] getLineBBox log failed {}
[SVGAnnotationLayer] setRotInputVisible(false) reason=selectedIds.size !== 1
[SVG p1] MOUNT — 125 annotations, 0 callouts, viewBox=612x792
[SVG p1] render — 125 objs, viewBox=612x792
[DebugBridge +3273.3ms] pdf_loaded {"pageCount":3,"currentPage":1}
[SVG p1] render — 125 objs, viewBox=612x792
console.warn @ [LineBboxDiag] getLineBBox log failed {}
console.warn @ [LineBboxDiag] getLineBBox log failed {}
console.warn @ [LineBboxDiag] getLineBBox log failed {}
console.warn @ [LineBboxDiag] getLineBBox log failed {}
console.warn @ [LineBboxDiag] getLineBBox log failed {}
console.warn @ [LineBboxDiag] getLineBBox log failed {}
console.warn @ [LineBboxDiag] getLineBBox log failed {}
console.warn @ [LineBboxDiag] getLineBBox log failed {}
console.warn @ [LineBboxDiag] getLineBBox log failed {}
console.warn @ [LineBboxDiag] getLineBBox log failed {}
console.warn @ [LineBboxDiag] getLineBBox log failed {}
console.warn @ [LineBboxDiag] getLineBBox log failed {}
console.warn @ [LineBboxDiag] getLineBBox log failed {}
console.warn @ [LineBboxDiag] getLineBBox log failed {}
console.warn @ [LineBboxDiag] getLineBBox log failed {}
console.warn @ [LineBboxDiag] getLineBBox log failed {}
console.warn @ [LineBboxDiag] getLineBBox log failed {}
console.warn @ [LineBboxDiag] getLineBBox log failed {}
console.warn @ [LineBboxDiag] getLineBBox log failed {}
console.warn @ [LineBboxDiag] getLineBBox log failed {}
console.warn @ [LineBboxDiag] getLineBBox log failed {}
console.warn @ [LineBboxDiag] getLineBBox log failed {}
[SVG p1] render — 125 objs, viewBox=612x792
[SVG p1] render — 125 objs, viewBox=612x792
[SVG p1] render — 125 objs, viewBox=612x792
[SVG p1] render — 125 objs, viewBox=612x792
[SVG p1] render — 125 objs, viewBox=612x792
console.warn @ [LineBboxDiag] getLineBBox log failed {}
console.warn @ [LineBboxDiag] getLineBBox log failed {}
console.warn @ [LineBboxDiag] getLineBBox log failed {}
console.warn @ [LineBboxDiag] getLineBBox log failed {}
console.warn @ [LineBboxDiag] getLineBBox log failed {}
console.warn @ [LineBboxDiag] getLineBBox log failed {}
console.warn @ [LineBboxDiag] getLineBBox log failed {}
console.warn @ [LineBboxDiag] getLineBBox log failed {}
console.warn @ [LineBboxDiag] getLineBBox log failed {}
console.warn @ [LineBboxDiag] getLineBBox log failed {}
console.warn @ [LineBboxDiag] getLineBBox log failed {}
console.warn @ [LineBboxDiag] getLineBBox log failed {}
console.warn @ [LineBboxDiag] getLineBBox log failed {}
console.warn @ [LineBboxDiag] getLineBBox log failed {}
console.warn @ [LineBboxDiag] getLineBBox log failed {}
console.warn @ [LineBboxDiag] getLineBBox log failed {}
console.warn @ [LineBboxDiag] getLineBBox log failed {}
console.warn @ [LineBboxDiag] getLineBBox log failed {}
console.warn @ [LineBboxDiag] getLineBBox log failed {}
console.warn @ [LineBboxDiag] getLineBBox log failed {}
console.warn @ [LineBboxDiag] getLineBBox log failed {}
console.warn @ [LineBboxDiag] getLineBBox log failed {}
[SVG p1] render — 125 objs, viewBox=612x792
[SVG p1] render — 125 objs, viewBox=612x792
console.warn @ [LineBboxDiag] getLineBBox log failed {}
console.warn @ [LineBboxDiag] getLineBBox log failed {}
console.warn @ [LineBboxDiag] getLineBBox log failed {}
console.warn @ [LineBboxDiag] getLineBBox log failed {}
console.warn @ [LineBboxDiag] getLineBBox log failed {}
console.warn @ [LineBboxDiag] getLineBBox log failed {}
console.warn @ [LineBboxDiag] getLineBBox log failed {}
console.warn @ [LineBboxDiag] getLineBBox log failed {}
console.warn @ [LineBboxDiag] getLineBBox log failed {}
console.warn @ [LineBboxDiag] getLineBBox log failed {}
[SVG p1] render — 125 objs, viewBox=612x792
console.warn @ [LineBboxDiag] getLineBBox log failed {}
console.warn @ [LineBboxDiag] getLineBBox log failed {}
console.warn @ [LineBboxDiag] getLineBBox log failed {}
console.warn @ [LineBboxDiag] getLineBBox log failed {}
console.warn @ [LineBboxDiag] getLineBBox log failed {}
console.warn @ [LineBboxDiag] getLineBBox log failed {}
console.warn @ [LineBboxDiag] getLineBBox log failed {}
console.warn @ [LineBboxDiag] getLineBBox log failed {}
console.warn @ [LineBboxDiag] getLineBBox log failed {}
console.warn @ [LineBboxDiag] getLineBBox log failed {}
console.warn @ [LineBboxDiag] getLineBBox log failed {}
console.warn @ [LineBboxDiag] getLineBBox log failed {}
[SVG p1] render — 125 objs, viewBox=612x792
[CloudSync][hook] fabric push debounce elapsed — pushing now
[CloudSync][push] upsertAnnotationsByPage start {"documentId":"1a7f57f8-3796-470e-afd2-f38919a873b3","pdfId":"sync-test.pdf-2489","userId":"170d915c-5741-4e0b-b03f-deaeedae27bd","totalRows":125,"userDrawnObjects":125,"importedObjects":0,"rowsByType":{"ink":66,"freetext":11,"line":22,"square":11,"circle":11,"counter":4},"pages":1}
[SVG p1] render — 125 objs, viewBox=612x792
[CloudSync][hook] callout push debounce elapsed — pushing now
[CloudSync][push] upsertCallouts: nothing to push (empty list)
[CloudSync][hook] callout push synced {"count":0}
[SVG p1] render — 125 objs, viewBox=612x792
[SVG p1] render — 125 objs, viewBox=612x792
console.warn @ [LineBboxDiag] getLineBBox log failed {}
console.warn @ [LineBboxDiag] getLineBBox log failed {}
console.warn @ [LineBboxDiag] getLineBBox log failed {}
console.warn @ [LineBboxDiag] getLineBBox log failed {}
console.warn @ [LineBboxDiag] getLineBBox log failed {}
console.warn @ [LineBboxDiag] getLineBBox log failed {}
console.warn @ [LineBboxDiag] getLineBBox log failed {}
console.warn @ [LineBboxDiag] getLineBBox log failed {}
console.warn @ [LineBboxDiag] getLineBBox log failed {}
console.warn @ [LineBboxDiag] getLineBBox log failed {}
console.warn @ [LineBboxDiag] getLineBBox log failed {}
console.warn @ [LineBboxDiag] getLineBBox log failed {}
console.warn @ [LineBboxDiag] getLineBBox log failed {}
console.warn @ [LineBboxDiag] getLineBBox log failed {}
console.warn @ [LineBboxDiag] getLineBBox log failed {}
console.warn @ [LineBboxDiag] getLineBBox log failed {}
console.warn @ [LineBboxDiag] getLineBBox log failed {}
console.warn @ [LineBboxDiag] getLineBBox log failed {}
console.warn @ [LineBboxDiag] getLineBBox log failed {}
console.warn @ [LineBboxDiag] getLineBBox log failed {}
console.warn @ [LineBboxDiag] getLineBBox log failed {}
console.warn @ [LineBboxDiag] getLineBBox log failed {}
[SVG p1] render — 125 objs, viewBox=612x792
[SVG p1] render — 125 objs, viewBox=612x792
[HyperlinkDiag] post-load scan {"hyperlinkCount":0,"samples":[]}
[HyperlinkDiag] page 1 layers {"hyperlinkChildren":0,"layerClasses":["DIV","e-spinner-pane e-spin-show","e-pv-page-canvas","DIV","e-pv-annotation-canvas","e-pv-text-layer"]}
[HyperlinkDiag] page 2 layers {"hyperlinkChildren":0,"layerClasses":["DIV","e-spinner-pane e-spin-show","e-pv-page-canvas","DIV","e-pv-annotation-canvas","e-pv-text-layer"]}
[HyperlinkDiag] page 3 layers {"hyperlinkChildren":0,"layerClasses":["DIV","e-spinner-pane e-spin-show","e-pv-page-canvas","DIV","e-pv-annotation-canvas","e-pv-text-layer"]}
[SVG p1] render — 125 objs, viewBox=612x792
console.warn @ [LineBboxDiag] getLineBBox log failed {}
console.warn @ [LineBboxDiag] getLineBBox log failed {}
console.warn @ [LineBboxDiag] getLineBBox log failed {}
console.warn @ [LineBboxDiag] getLineBBox log failed {}
console.warn @ [LineBboxDiag] getLineBBox log failed {}
console.warn @ [LineBboxDiag] getLineBBox log failed {}
console.warn @ [LineBboxDiag] getLineBBox log failed {}
console.warn @ [LineBboxDiag] getLineBBox log failed {}
console.warn @ [LineBboxDiag] getLineBBox log failed {}
console.warn @ [LineBboxDiag] getLineBBox log failed {}
console.warn @ [LineBboxDiag] getLineBBox log failed {}
console.warn @ [LineBboxDiag] getLineBBox log failed {}
console.warn @ [LineBboxDiag] getLineBBox log failed {}
console.warn @ [LineBboxDiag] getLineBBox log failed {}
console.warn @ [LineBboxDiag] getLineBBox log failed {}
console.warn @ [LineBboxDiag] getLineBBox log failed {}
console.warn @ [LineBboxDiag] getLineBBox log failed {}
console.warn @ [LineBboxDiag] getLineBBox log failed {}
console.warn @ [LineBboxDiag] getLineBBox log failed {}
console.warn @ [LineBboxDiag] getLineBBox log failed {}
console.warn @ [LineBboxDiag] getLineBBox log failed {}
console.warn @ [LineBboxDiag] getLineBBox log failed {}
[SVG p1] render — 125 objs, viewBox=612x792
[SVG p1] render — 125 objs, viewBox=612x792
[SVG p1] render — 125 objs, viewBox=612x792
[SVG p1] render — 125 objs, viewBox=612x792
[SVG p1] render — 125 objs, viewBox=612x792
[CloudSync][push] upsertAnnotationsByPage ok {"elapsedMs":850,"pdfId":"sync-test.pdf-2489","rowsReturned":125}
[CloudSync][hook] fabric push synced {"count":125}
[SVG p1] render — 125 objs, viewBox=612x792
console.warn @ [LineBboxDiag] getLineBBox log failed {}
console.warn @ [LineBboxDiag] getLineBBox log failed {}
console.warn @ [LineBboxDiag] getLineBBox log failed {}
console.warn @ [LineBboxDiag] getLineBBox log failed {}
console.warn @ [LineBboxDiag] getLineBBox log failed {}
console.warn @ [LineBboxDiag] getLineBBox log failed {}
console.warn @ [LineBboxDiag] getLineBBox log failed {}
console.warn @ [LineBboxDiag] getLineBBox log failed {}
console.warn @ [LineBboxDiag] getLineBBox log failed {}
console.warn @ [LineBboxDiag] getLineBBox log failed {}
console.warn @ [LineBboxDiag] getLineBBox log failed {}
console.warn @ [LineBboxDiag] getLineBBox log failed {}
console.warn @ [LineBboxDiag] getLineBBox log failed {}
console.warn @ [LineBboxDiag] getLineBBox log failed {}
console.warn @ [LineBboxDiag] getLineBBox log failed {}
console.warn @ [LineBboxDiag] getLineBBox log failed {}
console.warn @ [LineBboxDiag] getLineBBox log failed {}
console.warn @ [LineBboxDiag] getLineBBox log failed {}
console.warn @ [LineBboxDiag] getLineBBox log failed {}
console.warn @ [LineBboxDiag] getLineBBox log failed {}
console.warn @ [LineBboxDiag] getLineBBox log failed {}
console.warn @ [LineBboxDiag] getLineBBox log failed {}
[DebugBridge +4609.6ms] zoom_end {"source":"zoomChange_settle"}
[SVG p1] render — 125 objs, viewBox=612x792
[SVG p1] render — 125 objs, viewBox=612x792
[SVG p1] render — 125 objs, viewBox=612x792
[SVG p1] render — 125 objs, viewBox=612x792
console.warn @ [LineBboxDiag] getLineBBox log failed {}
console.warn @ [LineBboxDiag] getLineBBox log failed {}
console.warn @ [LineBboxDiag] getLineBBox log failed {}
console.warn @ [LineBboxDiag] getLineBBox log failed {}
console.warn @ [LineBboxDiag] getLineBBox log failed {}
console.warn @ [LineBboxDiag] getLineBBox log failed {}
console.warn @ [LineBboxDiag] getLineBBox log failed {}
console.warn @ [LineBboxDiag] getLineBBox log failed {}
console.warn @ [LineBboxDiag] getLineBBox log failed {}
console.warn @ [LineBboxDiag] getLineBBox log failed {}
console.warn @ [LineBboxDiag] getLineBBox log failed {}
console.warn @ [LineBboxDiag] getLineBBox log failed {}
console.warn @ [LineBboxDiag] getLineBBox log failed {}
console.warn @ [LineBboxDiag] getLineBBox log failed {}
console.warn @ [LineBboxDiag] getLineBBox log failed {}
console.warn @ [LineBboxDiag] getLineBBox log failed {}
console.warn @ [LineBboxDiag] getLineBBox log failed {}
console.warn @ [LineBboxDiag] getLineBBox log failed {}
console.warn @ [LineBboxDiag] getLineBBox log failed {}
console.warn @ [LineBboxDiag] getLineBBox log failed {}
console.warn @ [LineBboxDiag] getLineBBox log failed {}
console.warn @ [LineBboxDiag] getLineBBox log failed {}
[CloudSync][realtime] echo-filtered UPDATE {"highlightId":"ink-1777508763198-a9zbg8dnj","annotationType":"ink","lastModifiedBy":"170d915c-5741-4e0b-b03f-deaeedae27bd","rowSessionId":"7075720c-128c-4082-8d4e-a5f00910ca27","currentSessionId":"7075720c-128c-4082-8d4e-a5f00910ca27","reason":"same-session"}
[CloudSync][realtime] echo-filtered UPDATE {"highlightId":"ink-1777518448594-cnx3o5dwl","annotationType":"ink","lastModifiedBy":"170d915c-5741-4e0b-b03f-deaeedae27bd","rowSessionId":"7075720c-128c-4082-8d4e-a5f00910ca27","currentSessionId":"7075720c-128c-4082-8d4e-a5f00910ca27","reason":"same-session"}
[CloudSync][realtime] echo-filtered UPDATE {"highlightId":"ink-1777518801880-tbc90f39i","annotationType":"ink","lastModifiedBy":"170d915c-5741-4e0b-b03f-deaeedae27bd","rowSessionId":"7075720c-128c-4082-8d4e-a5f00910ca27","currentSessionId":"7075720c-128c-4082-8d4e-a5f00910ca27","reason":"same-session"}
[CloudSync][realtime] echo-filtered UPDATE {"highlightId":"ink-1777518815271-kxf5xt45q","annotationType":"ink","lastModifiedBy":"170d915c-5741-4e0b-b03f-deaeedae27bd","rowSessionId":"7075720c-128c-4082-8d4e-a5f00910ca27","currentSessionId":"7075720c-128c-4082-8d4e-a5f00910ca27","reason":"same-session"}
[CloudSync][realtime] echo-filtered UPDATE {"highlightId":"ink-1777317539749-mdcva8627","annotationType":"ink","lastModifiedBy":"170d915c-5741-4e0b-b03f-deaeedae27bd","rowSessionId":"7075720c-128c-4082-8d4e-a5f00910ca27","currentSessionId":"7075720c-128c-4082-8d4e-a5f00910ca27","reason":"same-session"}
[CloudSync][realtime] echo-filtered UPDATE {"highlightId":"ink-1777380231635-05kjdf3or","annotationType":"ink","lastModifiedBy":"170d915c-5741-4e0b-b03f-deaeedae27bd","rowSessionId":"7075720c-128c-4082-8d4e-a5f00910ca27","currentSessionId":"7075720c-128c-4082-8d4e-a5f00910ca27","reason":"same-session"}
[CloudSync][realtime] echo-filtered UPDATE {"highlightId":"ink-1777504680260-byh17fj7x","annotationType":"ink","lastModifiedBy":"170d915c-5741-4e0b-b03f-deaeedae27bd","rowSessionId":"7075720c-128c-4082-8d4e-a5f00910ca27","currentSessionId":"7075720c-128c-4082-8d4e-a5f00910ca27","reason":"same-session"}
[CloudSync][realtime] echo-filtered UPDATE {"highlightId":"ink-1777504829498-2bs5wehq8","annotationType":"ink","lastModifiedBy":"170d915c-5741-4e0b-b03f-deaeedae27bd","rowSessionId":"7075720c-128c-4082-8d4e-a5f00910ca27","currentSessionId":"7075720c-128c-4082-8d4e-a5f00910ca27","reason":"same-session"}
[CloudSync][realtime] echo-filtered UPDATE {"highlightId":"ink-1777505090354-zvqep0dhv","annotationType":"ink","lastModifiedBy":"170d915c-5741-4e0b-b03f-deaeedae27bd","rowSessionId":"7075720c-128c-4082-8d4e-a5f00910ca27","currentSessionId":"7075720c-128c-4082-8d4e-a5f00910ca27","reason":"same-session"}
[CloudSync][realtime] echo-filtered UPDATE {"highlightId":"ink-1777506587435-7tuh5nrir","annotationType":"ink","lastModifiedBy":"170d915c-5741-4e0b-b03f-deaeedae27bd","rowSessionId":"7075720c-128c-4082-8d4e-a5f00910ca27","currentSessionId":"7075720c-128c-4082-8d4e-a5f00910ca27","reason":"same-session"}
[CloudSync][realtime] echo-filtered UPDATE {"highlightId":"ink-1777520248859-r4g3r5a6o","annotationType":"ink","lastModifiedBy":"170d915c-5741-4e0b-b03f-deaeedae27bd","rowSessionId":"7075720c-128c-4082-8d4e-a5f00910ca27","currentSessionId":"7075720c-128c-4082-8d4e-a5f00910ca27","reason":"same-session"}
[CloudSync][realtime] echo-filtered UPDATE {"highlightId":"ink-1777504680259-agg57b7gb","annotationType":"ink","lastModifiedBy":"170d915c-5741-4e0b-b03f-deaeedae27bd","rowSessionId":"7075720c-128c-4082-8d4e-a5f00910ca27","currentSessionId":"7075720c-128c-4082-8d4e-a5f00910ca27","reason":"same-session"}
[CloudSync][realtime] echo-filtered UPDATE {"highlightId":"ink-1777504680258-dzbwwsy3r","annotationType":"ink","lastModifiedBy":"170d915c-5741-4e0b-b03f-deaeedae27bd","rowSessionId":"7075720c-128c-4082-8d4e-a5f00910ca27","currentSessionId":"7075720c-128c-4082-8d4e-a5f00910ca27","reason":"same-session"}
[CloudSync][realtime] echo-filtered UPDATE {"highlightId":"ink-1777522815027-u4uvzuf7h","annotationType":"ink","lastModifiedBy":"170d915c-5741-4e0b-b03f-deaeedae27bd","rowSessionId":"7075720c-128c-4082-8d4e-a5f00910ca27","currentSessionId":"7075720c-128c-4082-8d4e-a5f00910ca27","reason":"same-session"}
[CloudSync][realtime] echo-filtered UPDATE {"highlightId":"ink-1777522820485-a1m6tjwtl","annotationType":"ink","lastModifiedBy":"170d915c-5741-4e0b-b03f-deaeedae27bd","rowSessionId":"7075720c-128c-4082-8d4e-a5f00910ca27","currentSessionId":"7075720c-128c-4082-8d4e-a5f00910ca27","reason":"same-session"}
[CloudSync][realtime] echo-filtered UPDATE {"highlightId":"ink-1777520590010-z73bhrq15","annotationType":"ink","lastModifiedBy":"170d915c-5741-4e0b-b03f-deaeedae27bd","rowSessionId":"7075720c-128c-4082-8d4e-a5f00910ca27","currentSessionId":"7075720c-128c-4082-8d4e-a5f00910ca27","reason":"same-session"}
[CloudSync][realtime] echo-filtered UPDATE {"highlightId":"ink-1777522834965-hwszoay5h","annotationType":"ink","lastModifiedBy":"170d915c-5741-4e0b-b03f-deaeedae27bd","rowSessionId":"7075720c-128c-4082-8d4e-a5f00910ca27","currentSessionId":"7075720c-128c-4082-8d4e-a5f00910ca27","reason":"same-session"}
[CloudSync][realtime] echo-filtered UPDATE {"highlightId":"ink-1777156601307-st86q2eib","annotationType":"ink","lastModifiedBy":"170d915c-5741-4e0b-b03f-deaeedae27bd","rowSessionId":"7075720c-128c-4082-8d4e-a5f00910ca27","currentSessionId":"7075720c-128c-4082-8d4e-a5f00910ca27","reason":"same-session"}
[CloudSync][realtime] echo-filtered UPDATE {"highlightId":"ink-1777157875903-f6d17fgh2","annotationType":"ink","lastModifiedBy":"170d915c-5741-4e0b-b03f-deaeedae27bd","rowSessionId":"7075720c-128c-4082-8d4e-a5f00910ca27","currentSessionId":"7075720c-128c-4082-8d4e-a5f00910ca27","reason":"same-session"}
[CloudSync][realtime] echo-filtered UPDATE {"highlightId":"freetext-1777160619985-gir1p2bhj","annotationType":"freetext","lastModifiedBy":"170d915c-5741-4e0b-b03f-deaeedae27bd","rowSessionId":"7075720c-128c-4082-8d4e-a5f00910ca27","currentSessionId":"7075720c-128c-4082-8d4e-a5f00910ca27","reason":"same-session"}
[CloudSync][realtime] echo-filtered UPDATE {"highlightId":"ink-1777154309060-ppce21fbp","annotationType":"ink","lastModifiedBy":"170d915c-5741-4e0b-b03f-deaeedae27bd","rowSessionId":"7075720c-128c-4082-8d4e-a5f00910ca27","currentSessionId":"7075720c-128c-4082-8d4e-a5f00910ca27","reason":"same-session"}
[CloudSync][realtime] echo-filtered UPDATE {"highlightId":"ink-1777154331610-zhh0qv6dq","annotationType":"ink","lastModifiedBy":"170d915c-5741-4e0b-b03f-deaeedae27bd","rowSessionId":"7075720c-128c-4082-8d4e-a5f00910ca27","currentSessionId":"7075720c-128c-4082-8d4e-a5f00910ca27","reason":"same-session"}
[CloudSync][realtime] echo-filtered UPDATE {"highlightId":"ink-1777155878665-5boy8huih","annotationType":"ink","lastModifiedBy":"170d915c-5741-4e0b-b03f-deaeedae27bd","rowSessionId":"7075720c-128c-4082-8d4e-a5f00910ca27","currentSessionId":"7075720c-128c-4082-8d4e-a5f00910ca27","reason":"same-session"}
[CloudSync][realtime] echo-filtered UPDATE {"highlightId":"ink-1777157758887-98o5yblqq","annotationType":"ink","lastModifiedBy":"170d915c-5741-4e0b-b03f-deaeedae27bd","rowSessionId":"7075720c-128c-4082-8d4e-a5f00910ca27","currentSessionId":"7075720c-128c-4082-8d4e-a5f00910ca27","reason":"same-session"}
[CloudSync][realtime] echo-filtered UPDATE {"highlightId":"ink-1777157821648-0bjqxktqi","annotationType":"ink","lastModifiedBy":"170d915c-5741-4e0b-b03f-deaeedae27bd","rowSessionId":"7075720c-128c-4082-8d4e-a5f00910ca27","currentSessionId":"7075720c-128c-4082-8d4e-a5f00910ca27","reason":"same-session"}
[CloudSync][realtime] echo-filtered UPDATE {"highlightId":"ink-1777157882707-ea29220us","annotationType":"ink","lastModifiedBy":"170d915c-5741-4e0b-b03f-deaeedae27bd","rowSessionId":"7075720c-128c-4082-8d4e-a5f00910ca27","currentSessionId":"7075720c-128c-4082-8d4e-a5f00910ca27","reason":"same-session"}
[CloudSync][realtime] echo-filtered UPDATE {"highlightId":"ink-1777160619985-xwd86so5i","annotationType":"ink","lastModifiedBy":"170d915c-5741-4e0b-b03f-deaeedae27bd","rowSessionId":"7075720c-128c-4082-8d4e-a5f00910ca27","currentSessionId":"7075720c-128c-4082-8d4e-a5f00910ca27","reason":"same-session"}
[CloudSync][realtime] echo-filtered UPDATE {"highlightId":"ink-1777162684715-nhg28r0q4","annotationType":"ink","lastModifiedBy":"170d915c-5741-4e0b-b03f-deaeedae27bd","rowSessionId":"7075720c-128c-4082-8d4e-a5f00910ca27","currentSessionId":"7075720c-128c-4082-8d4e-a5f00910ca27","reason":"same-session"}
[CloudSync][realtime] echo-filtered UPDATE {"highlightId":"ink-1777163522964-jr3bi28ts","annotationType":"ink","lastModifiedBy":"170d915c-5741-4e0b-b03f-deaeedae27bd","rowSessionId":"7075720c-128c-4082-8d4e-a5f00910ca27","currentSessionId":"7075720c-128c-4082-8d4e-a5f00910ca27","reason":"same-session"}
[CloudSync][realtime] echo-filtered UPDATE {"highlightId":"line-1777164362923-z8g2un7f5","annotationType":"line","lastModifiedBy":"170d915c-5741-4e0b-b03f-deaeedae27bd","rowSessionId":"7075720c-128c-4082-8d4e-a5f00910ca27","currentSessionId":"7075720c-128c-4082-8d4e-a5f00910ca27","reason":"same-session"}
[CloudSync][realtime] echo-filtered UPDATE {"highlightId":"ink-1777154208694-xthxr426i","annotationType":"ink","lastModifiedBy":"170d915c-5741-4e0b-b03f-deaeedae27bd","rowSessionId":"7075720c-128c-4082-8d4e-a5f00910ca27","currentSessionId":"7075720c-128c-4082-8d4e-a5f00910ca27","reason":"same-session"}
[CloudSync][realtime] echo-filtered UPDATE {"highlightId":"ink-1777154230798-wujyh5siz","annotationType":"ink","lastModifiedBy":"170d915c-5741-4e0b-b03f-deaeedae27bd","rowSessionId":"7075720c-128c-4082-8d4e-a5f00910ca27","currentSessionId":"7075720c-128c-4082-8d4e-a5f00910ca27","reason":"same-session"}
[CloudSync][realtime] echo-filtered UPDATE {"highlightId":"line-1777155878665-1lple9gcb","annotationType":"line","lastModifiedBy":"170d915c-5741-4e0b-b03f-deaeedae27bd","rowSessionId":"7075720c-128c-4082-8d4e-a5f00910ca27","currentSessionId":"7075720c-128c-4082-8d4e-a5f00910ca27","reason":"same-session"}
[CloudSync][realtime] echo-filtered UPDATE {"highlightId":"line-1777156601307-zcl54womb","annotationType":"line","lastModifiedBy":"170d915c-5741-4e0b-b03f-deaeedae27bd","rowSessionId":"7075720c-128c-4082-8d4e-a5f00910ca27","currentSessionId":"7075720c-128c-4082-8d4e-a5f00910ca27","reason":"same-session"}
[CloudSync][realtime] echo-filtered UPDATE {"highlightId":"ink-1777156692515-4cyxwvmot","annotationType":"ink","lastModifiedBy":"170d915c-5741-4e0b-b03f-deaeedae27bd","rowSessionId":"7075720c-128c-4082-8d4e-a5f00910ca27","currentSessionId":"7075720c-128c-4082-8d4e-a5f00910ca27","reason":"same-session"}
[CloudSync][realtime] echo-filtered UPDATE {"highlightId":"line-1777160619985-xhwfu3t84","annotationType":"line","lastModifiedBy":"170d915c-5741-4e0b-b03f-deaeedae27bd","rowSessionId":"7075720c-128c-4082-8d4e-a5f00910ca27","currentSessionId":"7075720c-128c-4082-8d4e-a5f00910ca27","reason":"same-session"}
[CloudSync][realtime] echo-filtered UPDATE {"highlightId":"ink-1777163518081-6zmfu762z","annotationType":"ink","lastModifiedBy":"170d915c-5741-4e0b-b03f-deaeedae27bd","rowSessionId":"7075720c-128c-4082-8d4e-a5f00910ca27","currentSessionId":"7075720c-128c-4082-8d4e-a5f00910ca27","reason":"same-session"}
[CloudSync][realtime] echo-filtered UPDATE {"highlightId":"ink-1777162656287-opljtyr67","annotationType":"ink","lastModifiedBy":"170d915c-5741-4e0b-b03f-deaeedae27bd","rowSessionId":"7075720c-128c-4082-8d4e-a5f00910ca27","currentSessionId":"7075720c-128c-4082-8d4e-a5f00910ca27","reason":"same-session"}
[CloudSync][realtime] echo-filtered UPDATE {"highlightId":"ink-1777164362923-5zadylw42","annotationType":"ink","lastModifiedBy":"170d915c-5741-4e0b-b03f-deaeedae27bd","rowSessionId":"7075720c-128c-4082-8d4e-a5f00910ca27","currentSessionId":"7075720c-128c-4082-8d4e-a5f00910ca27","reason":"same-session"}
[CloudSync][realtime] echo-filtered UPDATE {"highlightId":"ink-1777167439469-scj0p7hq5","annotationType":"ink","lastModifiedBy":"170d915c-5741-4e0b-b03f-deaeedae27bd","rowSessionId":"7075720c-128c-4082-8d4e-a5f00910ca27","currentSessionId":"7075720c-128c-4082-8d4e-a5f00910ca27","reason":"same-session"}
[CloudSync][realtime] echo-filtered UPDATE {"highlightId":"ink-1777168577354-7jbj2g72q","annotationType":"ink","lastModifiedBy":"170d915c-5741-4e0b-b03f-deaeedae27bd","rowSessionId":"7075720c-128c-4082-8d4e-a5f00910ca27","currentSessionId":"7075720c-128c-4082-8d4e-a5f00910ca27","reason":"same-session"}
[CloudSync][realtime] echo-filtered UPDATE {"highlightId":"square-1777164362923-kzh8lbkqh","annotationType":"square","lastModifiedBy":"170d915c-5741-4e0b-b03f-deaeedae27bd","rowSessionId":"7075720c-128c-4082-8d4e-a5f00910ca27","currentSessionId":"7075720c-128c-4082-8d4e-a5f00910ca27","reason":"same-session"}
[CloudSync][realtime] echo-filtered UPDATE {"highlightId":"circle-1777160619985-himzxr5fp","annotationType":"circle","lastModifiedBy":"170d915c-5741-4e0b-b03f-deaeedae27bd","rowSessionId":"7075720c-128c-4082-8d4e-a5f00910ca27","currentSessionId":"7075720c-128c-4082-8d4e-a5f00910ca27","reason":"same-session"}
[CloudSync][realtime] echo-filtered UPDATE {"highlightId":"ink-1777175093072-zqplg8pgc","annotationType":"ink","lastModifiedBy":"170d915c-5741-4e0b-b03f-deaeedae27bd","rowSessionId":"7075720c-128c-4082-8d4e-a5f00910ca27","currentSessionId":"7075720c-128c-4082-8d4e-a5f00910ca27","reason":"same-session"}
[CloudSync][realtime] echo-filtered UPDATE {"highlightId":"ink-1777175111627-b4vwca5mo","annotationType":"ink","lastModifiedBy":"170d915c-5741-4e0b-b03f-deaeedae27bd","rowSessionId":"7075720c-128c-4082-8d4e-a5f00910ca27","currentSessionId":"7075720c-128c-4082-8d4e-a5f00910ca27","reason":"same-session"}
[CloudSync][realtime] echo-filtered UPDATE {"highlightId":"ink-1777168581919-lg9a5sslk","annotationType":"ink","lastModifiedBy":"170d915c-5741-4e0b-b03f-deaeedae27bd","rowSessionId":"7075720c-128c-4082-8d4e-a5f00910ca27","currentSessionId":"7075720c-128c-4082-8d4e-a5f00910ca27","reason":"same-session"}
[CloudSync][realtime] echo-filtered UPDATE {"highlightId":"ink-1777157766769-q6zvg4890","annotationType":"ink","lastModifiedBy":"170d915c-5741-4e0b-b03f-deaeedae27bd","rowSessionId":"7075720c-128c-4082-8d4e-a5f00910ca27","currentSessionId":"7075720c-128c-4082-8d4e-a5f00910ca27","reason":"same-session"}
[CloudSync][realtime] echo-filtered UPDATE {"highlightId":"square-1777160363441-awncf7n3u","annotationType":"square","lastModifiedBy":"170d915c-5741-4e0b-b03f-deaeedae27bd","rowSessionId":"7075720c-128c-4082-8d4e-a5f00910ca27","currentSessionId":"7075720c-128c-4082-8d4e-a5f00910ca27","reason":"same-session"}
[CloudSync][realtime] echo-filtered UPDATE {"highlightId":"freetext-1777164362923-aourg59ke","annotationType":"freetext","lastModifiedBy":"170d915c-5741-4e0b-b03f-deaeedae27bd","rowSessionId":"7075720c-128c-4082-8d4e-a5f00910ca27","currentSessionId":"7075720c-128c-4082-8d4e-a5f00910ca27","reason":"same-session"}
[CloudSync][realtime] echo-filtered UPDATE {"highlightId":"ink-1777160619985-oorvq3fia","annotationType":"ink","lastModifiedBy":"170d915c-5741-4e0b-b03f-deaeedae27bd","rowSessionId":"7075720c-128c-4082-8d4e-a5f00910ca27","currentSessionId":"7075720c-128c-4082-8d4e-a5f00910ca27","reason":"same-session"}
[CloudSync][realtime] echo-filtered UPDATE {"highlightId":"ink-1777176550192-cmsmsdwrb","annotationType":"ink","lastModifiedBy":"170d915c-5741-4e0b-b03f-deaeedae27bd","rowSessionId":"7075720c-128c-4082-8d4e-a5f00910ca27","currentSessionId":"7075720c-128c-4082-8d4e-a5f00910ca27","reason":"same-session"}
[CloudSync][realtime] echo-filtered UPDATE {"highlightId":"ink-1777154208694-6nt53ec1s","annotationType":"ink","lastModifiedBy":"170d915c-5741-4e0b-b03f-deaeedae27bd","rowSessionId":"7075720c-128c-4082-8d4e-a5f00910ca27","currentSessionId":"7075720c-128c-4082-8d4e-a5f00910ca27","reason":"same-session"}
[CloudSync][realtime] echo-filtered UPDATE {"highlightId":"line-1777154230798-v8xzwcc23","annotationType":"line","lastModifiedBy":"170d915c-5741-4e0b-b03f-deaeedae27bd","rowSessionId":"7075720c-128c-4082-8d4e-a5f00910ca27","currentSessionId":"7075720c-128c-4082-8d4e-a5f00910ca27","reason":"same-session"}
[CloudSync][realtime] echo-filtered UPDATE {"highlightId":"ink-1777158982106-fqmim32ck","annotationType":"ink","lastModifiedBy":"170d915c-5741-4e0b-b03f-deaeedae27bd","rowSessionId":"7075720c-128c-4082-8d4e-a5f00910ca27","currentSessionId":"7075720c-128c-4082-8d4e-a5f00910ca27","reason":"same-session"}
[CloudSync][realtime] echo-filtered UPDATE {"highlightId":"ink-1777160363441-2tphevvli","annotationType":"ink","lastModifiedBy":"170d915c-5741-4e0b-b03f-deaeedae27bd","rowSessionId":"7075720c-128c-4082-8d4e-a5f00910ca27","currentSessionId":"7075720c-128c-4082-8d4e-a5f00910ca27","reason":"same-session"}
[CloudSync][realtime] echo-filtered UPDATE {"highlightId":"ink-1777154230798-9atm1sswo","annotationType":"ink","lastModifiedBy":"170d915c-5741-4e0b-b03f-deaeedae27bd","rowSessionId":"7075720c-128c-4082-8d4e-a5f00910ca27","currentSessionId":"7075720c-128c-4082-8d4e-a5f00910ca27","reason":"same-session"}
[CloudSync][realtime] echo-filtered UPDATE {"highlightId":"ink-1777158982106-gwdx2jt8a","annotationType":"ink","lastModifiedBy":"170d915c-5741-4e0b-b03f-deaeedae27bd","rowSessionId":"7075720c-128c-4082-8d4e-a5f00910ca27","currentSessionId":"7075720c-128c-4082-8d4e-a5f00910ca27","reason":"same-session"}
[CloudSync][realtime] echo-filtered UPDATE {"highlightId":"ink-1777160363441-o0la4zgyn","annotationType":"ink","lastModifiedBy":"170d915c-5741-4e0b-b03f-deaeedae27bd","rowSessionId":"7075720c-128c-4082-8d4e-a5f00910ca27","currentSessionId":"7075720c-128c-4082-8d4e-a5f00910ca27","reason":"same-session"}
[CloudSync][realtime] echo-filtered UPDATE {"highlightId":"square-1777155878665-h6luhnuza","annotationType":"square","lastModifiedBy":"170d915c-5741-4e0b-b03f-deaeedae27bd","rowSessionId":"7075720c-128c-4082-8d4e-a5f00910ca27","currentSessionId":"7075720c-128c-4082-8d4e-a5f00910ca27","reason":"same-session"}
[CloudSync][realtime] echo-filtered UPDATE {"highlightId":"ink-1777155929861-oacgdfims","annotationType":"ink","lastModifiedBy":"170d915c-5741-4e0b-b03f-deaeedae27bd","rowSessionId":"7075720c-128c-4082-8d4e-a5f00910ca27","currentSessionId":"7075720c-128c-4082-8d4e-a5f00910ca27","reason":"same-session"}
[CloudSync][realtime] echo-filtered UPDATE {"highlightId":"ink-1777156601307-raorfgm6j","annotationType":"ink","lastModifiedBy":"170d915c-5741-4e0b-b03f-deaeedae27bd","rowSessionId":"7075720c-128c-4082-8d4e-a5f00910ca27","currentSessionId":"7075720c-128c-4082-8d4e-a5f00910ca27","reason":"same-session"}
[CloudSync][realtime] echo-filtered UPDATE {"highlightId":"ink-1777157797575-ms53rqdft","annotationType":"ink","lastModifiedBy":"170d915c-5741-4e0b-b03f-deaeedae27bd","rowSessionId":"7075720c-128c-4082-8d4e-a5f00910ca27","currentSessionId":"7075720c-128c-4082-8d4e-a5f00910ca27","reason":"same-session"}
[CloudSync][realtime] echo-filtered UPDATE {"highlightId":"ink-1777162656287-ch7eju6bt","annotationType":"ink","lastModifiedBy":"170d915c-5741-4e0b-b03f-deaeedae27bd","rowSessionId":"7075720c-128c-4082-8d4e-a5f00910ca27","currentSessionId":"7075720c-128c-4082-8d4e-a5f00910ca27","reason":"same-session"}
[CloudSync][realtime] echo-filtered UPDATE {"highlightId":"ink-1777163527474-ta82g0v74","annotationType":"ink","lastModifiedBy":"170d915c-5741-4e0b-b03f-deaeedae27bd","rowSessionId":"7075720c-128c-4082-8d4e-a5f00910ca27","currentSessionId":"7075720c-128c-4082-8d4e-a5f00910ca27","reason":"same-session"}
[CloudSync][realtime] echo-filtered UPDATE {"highlightId":"ink-1777164362923-jgf69uhc9","annotationType":"ink","lastModifiedBy":"170d915c-5741-4e0b-b03f-deaeedae27bd","rowSessionId":"7075720c-128c-4082-8d4e-a5f00910ca27","currentSessionId":"7075720c-128c-4082-8d4e-a5f00910ca27","reason":"same-session"}
[CloudSync][realtime] echo-filtered UPDATE {"highlightId":"ink-1777293979411-5a2ak12lx","annotationType":"ink","lastModifiedBy":"170d915c-5741-4e0b-b03f-deaeedae27bd","rowSessionId":"7075720c-128c-4082-8d4e-a5f00910ca27","currentSessionId":"7075720c-128c-4082-8d4e-a5f00910ca27","reason":"same-session"}
[CloudSync][realtime] echo-filtered UPDATE {"highlightId":"line-1777154208694-nke7ofswa","annotationType":"line","lastModifiedBy":"170d915c-5741-4e0b-b03f-deaeedae27bd","rowSessionId":"7075720c-128c-4082-8d4e-a5f00910ca27","currentSessionId":"7075720c-128c-4082-8d4e-a5f00910ca27","reason":"same-session"}
[CloudSync][realtime] echo-filtered UPDATE {"highlightId":"circle-1777154230798-a26ltt27n","annotationType":"circle","lastModifiedBy":"170d915c-5741-4e0b-b03f-deaeedae27bd","rowSessionId":"7075720c-128c-4082-8d4e-a5f00910ca27","currentSessionId":"7075720c-128c-4082-8d4e-a5f00910ca27","reason":"same-session"}
[CloudSync][realtime] echo-filtered UPDATE {"highlightId":"counter-1777154230798-18ml7yaxg","annotationType":"counter","lastModifiedBy":"170d915c-5741-4e0b-b03f-deaeedae27bd","rowSessionId":"7075720c-128c-4082-8d4e-a5f00910ca27","currentSessionId":"7075720c-128c-4082-8d4e-a5f00910ca27","reason":"same-session"}
[CloudSync][realtime] echo-filtered UPDATE {"highlightId":"ink-1777155878665-0w8g44ew8","annotationType":"ink","lastModifiedBy":"170d915c-5741-4e0b-b03f-deaeedae27bd","rowSessionId":"7075720c-128c-4082-8d4e-a5f00910ca27","currentSessionId":"7075720c-128c-4082-8d4e-a5f00910ca27","reason":"same-session"}
[CloudSync][realtime] echo-filtered UPDATE {"highlightId":"square-1777158982106-e4wywvqvf","annotationType":"square","lastModifiedBy":"170d915c-5741-4e0b-b03f-deaeedae27bd","rowSessionId":"7075720c-128c-4082-8d4e-a5f00910ca27","currentSessionId":"7075720c-128c-4082-8d4e-a5f00910ca27","reason":"same-session"}
[CloudSync][realtime] echo-filtered UPDATE {"highlightId":"line-1777164362923-sorc6abtw","annotationType":"line","lastModifiedBy":"170d915c-5741-4e0b-b03f-deaeedae27bd","rowSessionId":"7075720c-128c-4082-8d4e-a5f00910ca27","currentSessionId":"7075720c-128c-4082-8d4e-a5f00910ca27","reason":"same-session"}
[CloudSync][realtime] echo-filtered UPDATE {"highlightId":"square-1777154230798-qzf2ufdic","annotationType":"square","lastModifiedBy":"170d915c-5741-4e0b-b03f-deaeedae27bd","rowSessionId":"7075720c-128c-4082-8d4e-a5f00910ca27","currentSessionId":"7075720c-128c-4082-8d4e-a5f00910ca27","reason":"same-session"}
[CloudSync][realtime] echo-filtered UPDATE {"highlightId":"freetext-1777154230798-q9h8hus6e","annotationType":"freetext","lastModifiedBy":"170d915c-5741-4e0b-b03f-deaeedae27bd","rowSessionId":"7075720c-128c-4082-8d4e-a5f00910ca27","currentSessionId":"7075720c-128c-4082-8d4e-a5f00910ca27","reason":"same-session"}
[CloudSync][realtime] echo-filtered UPDATE {"highlightId":"circle-1777157821648-f76zbag5v","annotationType":"circle","lastModifiedBy":"170d915c-5741-4e0b-b03f-deaeedae27bd","rowSessionId":"7075720c-128c-4082-8d4e-a5f00910ca27","currentSessionId":"7075720c-128c-4082-8d4e-a5f00910ca27","reason":"same-session"}
[CloudSync][realtime] echo-filtered UPDATE {"highlightId":"ink-1777175763323-c0p1lopth","annotationType":"ink","lastModifiedBy":"170d915c-5741-4e0b-b03f-deaeedae27bd","rowSessionId":"7075720c-128c-4082-8d4e-a5f00910ca27","currentSessionId":"7075720c-128c-4082-8d4e-a5f00910ca27","reason":"same-session"}
[CloudSync][realtime] echo-filtered UPDATE {"highlightId":"ink-1777176536533-75nrf5eoa","annotationType":"ink","lastModifiedBy":"170d915c-5741-4e0b-b03f-deaeedae27bd","rowSessionId":"7075720c-128c-4082-8d4e-a5f00910ca27","currentSessionId":"7075720c-128c-4082-8d4e-a5f00910ca27","reason":"same-session"}
[CloudSync][realtime] echo-filtered UPDATE {"highlightId":"circle-1777164362923-kxcxk6rxt","annotationType":"circle","lastModifiedBy":"170d915c-5741-4e0b-b03f-deaeedae27bd","rowSessionId":"7075720c-128c-4082-8d4e-a5f00910ca27","currentSessionId":"7075720c-128c-4082-8d4e-a5f00910ca27","reason":"same-session"}
[CloudSync][realtime] echo-filtered UPDATE {"highlightId":"line-1777154208694-2baibnmma","annotationType":"line","lastModifiedBy":"170d915c-5741-4e0b-b03f-deaeedae27bd","rowSessionId":"7075720c-128c-4082-8d4e-a5f00910ca27","currentSessionId":"7075720c-128c-4082-8d4e-a5f00910ca27","reason":"same-session"}
[CloudSync][realtime] echo-filtered UPDATE {"highlightId":"freetext-1777154208694-9d7dw6tq3","annotationType":"freetext","lastModifiedBy":"170d915c-5741-4e0b-b03f-deaeedae27bd","rowSessionId":"7075720c-128c-4082-8d4e-a5f00910ca27","currentSessionId":"7075720c-128c-4082-8d4e-a5f00910ca27","reason":"same-session"}
[CloudSync][realtime] echo-filtered UPDATE {"highlightId":"square-1777154208694-qs29kbc66","annotationType":"square","lastModifiedBy":"170d915c-5741-4e0b-b03f-deaeedae27bd","rowSessionId":"7075720c-128c-4082-8d4e-a5f00910ca27","currentSessionId":"7075720c-128c-4082-8d4e-a5f00910ca27","reason":"same-session"}
[CloudSync][realtime] echo-filtered UPDATE {"highlightId":"line-1777154230798-7e76o6gij","annotationType":"line","lastModifiedBy":"170d915c-5741-4e0b-b03f-deaeedae27bd","rowSessionId":"7075720c-128c-4082-8d4e-a5f00910ca27","currentSessionId":"7075720c-128c-4082-8d4e-a5f00910ca27","reason":"same-session"}
[CloudSync][realtime] echo-filtered UPDATE {"highlightId":"ink-1777154245506-t9p2evaxo","annotationType":"ink","lastModifiedBy":"170d915c-5741-4e0b-b03f-deaeedae27bd","rowSessionId":"7075720c-128c-4082-8d4e-a5f00910ca27","currentSessionId":"7075720c-128c-4082-8d4e-a5f00910ca27","reason":"same-session"}
[CloudSync][realtime] echo-filtered UPDATE {"highlightId":"circle-1777154208694-frp9tlhqd","annotationType":"circle","lastModifiedBy":"170d915c-5741-4e0b-b03f-deaeedae27bd","rowSessionId":"7075720c-128c-4082-8d4e-a5f00910ca27","currentSessionId":"7075720c-128c-4082-8d4e-a5f00910ca27","reason":"same-session"}
[CloudSync][realtime] echo-filtered UPDATE {"highlightId":"ink-1777154240981-5a7zpfdm9","annotationType":"ink","lastModifiedBy":"170d915c-5741-4e0b-b03f-deaeedae27bd","rowSessionId":"7075720c-128c-4082-8d4e-a5f00910ca27","currentSessionId":"7075720c-128c-4082-8d4e-a5f00910ca27","reason":"same-session"}
[CloudSync][realtime] echo-filtered UPDATE {"highlightId":"counter-1777154230798-urnt7nv4l","annotationType":"counter","lastModifiedBy":"170d915c-5741-4e0b-b03f-deaeedae27bd","rowSessionId":"7075720c-128c-4082-8d4e-a5f00910ca27","currentSessionId":"7075720c-128c-4082-8d4e-a5f00910ca27","reason":"same-session"}
[CloudSync][realtime] echo-filtered UPDATE {"highlightId":"counter-1777154257028-4lzcyilih","annotationType":"counter","lastModifiedBy":"170d915c-5741-4e0b-b03f-deaeedae27bd","rowSessionId":"7075720c-128c-4082-8d4e-a5f00910ca27","currentSessionId":"7075720c-128c-4082-8d4e-a5f00910ca27","reason":"same-session"}
[CloudSync][realtime] echo-filtered UPDATE {"highlightId":"ink-1777154251770-gt0eystjt","annotationType":"ink","lastModifiedBy":"170d915c-5741-4e0b-b03f-deaeedae27bd","rowSessionId":"7075720c-128c-4082-8d4e-a5f00910ca27","currentSessionId":"7075720c-128c-4082-8d4e-a5f00910ca27","reason":"same-session"}
[CloudSync][realtime] echo-filtered UPDATE {"highlightId":"counter-1777154230798-nmohcwpuv","annotationType":"counter","lastModifiedBy":"170d915c-5741-4e0b-b03f-deaeedae27bd","rowSessionId":"7075720c-128c-4082-8d4e-a5f00910ca27","currentSessionId":"7075720c-128c-4082-8d4e-a5f00910ca27","reason":"same-session"}
[CloudSync][realtime] echo-filtered UPDATE {"highlightId":"circle-1777155878665-91ydvuplw","annotationType":"circle","lastModifiedBy":"170d915c-5741-4e0b-b03f-deaeedae27bd","rowSessionId":"7075720c-128c-4082-8d4e-a5f00910ca27","currentSessionId":"7075720c-128c-4082-8d4e-a5f00910ca27","reason":"same-session"}
[CloudSync][realtime] echo-filtered UPDATE {"highlightId":"line-1777155878665-ywzewpx8f","annotationType":"line","lastModifiedBy":"170d915c-5741-4e0b-b03f-deaeedae27bd","rowSessionId":"7075720c-128c-4082-8d4e-a5f00910ca27","currentSessionId":"7075720c-128c-4082-8d4e-a5f00910ca27","reason":"same-session"}
[CloudSync][realtime] echo-filtered UPDATE {"highlightId":"freetext-1777155878665-yd8px1fvk","annotationType":"freetext","lastModifiedBy":"170d915c-5741-4e0b-b03f-deaeedae27bd","rowSessionId":"7075720c-128c-4082-8d4e-a5f00910ca27","currentSessionId":"7075720c-128c-4082-8d4e-a5f00910ca27","reason":"same-session"}
[CloudSync][realtime] echo-filtered UPDATE {"highlightId":"ink-1777155906837-3yaijwqun","annotationType":"ink","lastModifiedBy":"170d915c-5741-4e0b-b03f-deaeedae27bd","rowSessionId":"7075720c-128c-4082-8d4e-a5f00910ca27","currentSessionId":"7075720c-128c-4082-8d4e-a5f00910ca27","reason":"same-session"}
[CloudSync][realtime] echo-filtered UPDATE {"highlightId":"square-1777156601307-z8ykjex7z","annotationType":"square","lastModifiedBy":"170d915c-5741-4e0b-b03f-deaeedae27bd","rowSessionId":"7075720c-128c-4082-8d4e-a5f00910ca27","currentSessionId":"7075720c-128c-4082-8d4e-a5f00910ca27","reason":"same-session"}
[CloudSync][realtime] echo-filtered UPDATE {"highlightId":"circle-1777156601307-sftzffa3v","annotationType":"circle","lastModifiedBy":"170d915c-5741-4e0b-b03f-deaeedae27bd","rowSessionId":"7075720c-128c-4082-8d4e-a5f00910ca27","currentSessionId":"7075720c-128c-4082-8d4e-a5f00910ca27","reason":"same-session"}
[CloudSync][realtime] echo-filtered UPDATE {"highlightId":"line-1777156601307-8j8rptzuw","annotationType":"line","lastModifiedBy":"170d915c-5741-4e0b-b03f-deaeedae27bd","rowSessionId":"7075720c-128c-4082-8d4e-a5f00910ca27","currentSessionId":"7075720c-128c-4082-8d4e-a5f00910ca27","reason":"same-session"}
[CloudSync][realtime] echo-filtered UPDATE {"highlightId":"freetext-1777156601307-32jhcff5w","annotationType":"freetext","lastModifiedBy":"170d915c-5741-4e0b-b03f-deaeedae27bd","rowSessionId":"7075720c-128c-4082-8d4e-a5f00910ca27","currentSessionId":"7075720c-128c-4082-8d4e-a5f00910ca27","reason":"same-session"}
[CloudSync][realtime] echo-filtered UPDATE {"highlightId":"ink-1777156715922-8lb9ovh5o","annotationType":"ink","lastModifiedBy":"170d915c-5741-4e0b-b03f-deaeedae27bd","rowSessionId":"7075720c-128c-4082-8d4e-a5f00910ca27","currentSessionId":"7075720c-128c-4082-8d4e-a5f00910ca27","reason":"same-session"}
[CloudSync][realtime] echo-filtered UPDATE {"highlightId":"square-1777157758887-9e8p7hcr9","annotationType":"square","lastModifiedBy":"170d915c-5741-4e0b-b03f-deaeedae27bd","rowSessionId":"7075720c-128c-4082-8d4e-a5f00910ca27","currentSessionId":"7075720c-128c-4082-8d4e-a5f00910ca27","reason":"same-session"}
[CloudSync][realtime] echo-filtered UPDATE {"highlightId":"line-1777157758887-6irxxzchh","annotationType":"line","lastModifiedBy":"170d915c-5741-4e0b-b03f-deaeedae27bd","rowSessionId":"7075720c-128c-4082-8d4e-a5f00910ca27","currentSessionId":"7075720c-128c-4082-8d4e-a5f00910ca27","reason":"same-session"}
[CloudSync][realtime] echo-filtered UPDATE {"highlightId":"circle-1777157758887-xmvaiphy6","annotationType":"circle","lastModifiedBy":"170d915c-5741-4e0b-b03f-deaeedae27bd","rowSessionId":"7075720c-128c-4082-8d4e-a5f00910ca27","currentSessionId":"7075720c-128c-4082-8d4e-a5f00910ca27","reason":"same-session"}
[CloudSync][realtime] echo-filtered UPDATE {"highlightId":"line-1777157758887-2kv8wb565","annotationType":"line","lastModifiedBy":"170d915c-5741-4e0b-b03f-deaeedae27bd","rowSessionId":"7075720c-128c-4082-8d4e-a5f00910ca27","currentSessionId":"7075720c-128c-4082-8d4e-a5f00910ca27","reason":"same-session"}
[CloudSync][realtime] echo-filtered UPDATE {"highlightId":"freetext-1777157758887-mwgyvl0go","annotationType":"freetext","lastModifiedBy":"170d915c-5741-4e0b-b03f-deaeedae27bd","rowSessionId":"7075720c-128c-4082-8d4e-a5f00910ca27","currentSessionId":"7075720c-128c-4082-8d4e-a5f00910ca27","reason":"same-session"}
[CloudSync][realtime] echo-filtered UPDATE {"highlightId":"freetext-1777157821648-6v3jo6tb7","annotationType":"freetext","lastModifiedBy":"170d915c-5741-4e0b-b03f-deaeedae27bd","rowSessionId":"7075720c-128c-4082-8d4e-a5f00910ca27","currentSessionId":"7075720c-128c-4082-8d4e-a5f00910ca27","reason":"same-session"}
[CloudSync][realtime] echo-filtered UPDATE {"highlightId":"square-1777157821648-5wcnzhdna","annotationType":"square","lastModifiedBy":"170d915c-5741-4e0b-b03f-deaeedae27bd","rowSessionId":"7075720c-128c-4082-8d4e-a5f00910ca27","currentSessionId":"7075720c-128c-4082-8d4e-a5f00910ca27","reason":"same-session"}
[CloudSync][realtime] echo-filtered UPDATE {"highlightId":"line-1777157821648-764tm4rj9","annotationType":"line","lastModifiedBy":"170d915c-5741-4e0b-b03f-deaeedae27bd","rowSessionId":"7075720c-128c-4082-8d4e-a5f00910ca27","currentSessionId":"7075720c-128c-4082-8d4e-a5f00910ca27","reason":"same-session"}
[CloudSync][realtime] echo-filtered UPDATE {"highlightId":"circle-1777158982106-pwpkibwyz","annotationType":"circle","lastModifiedBy":"170d915c-5741-4e0b-b03f-deaeedae27bd","rowSessionId":"7075720c-128c-4082-8d4e-a5f00910ca27","currentSessionId":"7075720c-128c-4082-8d4e-a5f00910ca27","reason":"same-session"}
[CloudSync][realtime] echo-filtered UPDATE {"highlightId":"line-1777157821648-e9un5nvn2","annotationType":"line","lastModifiedBy":"170d915c-5741-4e0b-b03f-deaeedae27bd","rowSessionId":"7075720c-128c-4082-8d4e-a5f00910ca27","currentSessionId":"7075720c-128c-4082-8d4e-a5f00910ca27","reason":"same-session"}
[CloudSync][realtime] echo-filtered UPDATE {"highlightId":"line-1777158982106-by68wippm","annotationType":"line","lastModifiedBy":"170d915c-5741-4e0b-b03f-deaeedae27bd","rowSessionId":"7075720c-128c-4082-8d4e-a5f00910ca27","currentSessionId":"7075720c-128c-4082-8d4e-a5f00910ca27","reason":"same-session"}
[CloudSync][realtime] echo-filtered UPDATE {"highlightId":"freetext-1777158982106-acgx8n3fa","annotationType":"freetext","lastModifiedBy":"170d915c-5741-4e0b-b03f-deaeedae27bd","rowSessionId":"7075720c-128c-4082-8d4e-a5f00910ca27","currentSessionId":"7075720c-128c-4082-8d4e-a5f00910ca27","reason":"same-session"}
[CloudSync][realtime] echo-filtered UPDATE {"highlightId":"circle-1777160363441-449gdg0ea","annotationType":"circle","lastModifiedBy":"170d915c-5741-4e0b-b03f-deaeedae27bd","rowSessionId":"7075720c-128c-4082-8d4e-a5f00910ca27","currentSessionId":"7075720c-128c-4082-8d4e-a5f00910ca27","reason":"same-session"}
[CloudSync][realtime] echo-filtered UPDATE {"highlightId":"line-1777160363441-f5ueitb88","annotationType":"line","lastModifiedBy":"170d915c-5741-4e0b-b03f-deaeedae27bd","rowSessionId":"7075720c-128c-4082-8d4e-a5f00910ca27","currentSessionId":"7075720c-128c-4082-8d4e-a5f00910ca27","reason":"same-session"}
[CloudSync][realtime] echo-filtered UPDATE {"highlightId":"line-1777158982106-xj8kgf7ln","annotationType":"line","lastModifiedBy":"170d915c-5741-4e0b-b03f-deaeedae27bd","rowSessionId":"7075720c-128c-4082-8d4e-a5f00910ca27","currentSessionId":"7075720c-128c-4082-8d4e-a5f00910ca27","reason":"same-session"}
[CloudSync][realtime] echo-filtered UPDATE {"highlightId":"line-1777160363441-08v11ov9n","annotationType":"line","lastModifiedBy":"170d915c-5741-4e0b-b03f-deaeedae27bd","rowSessionId":"7075720c-128c-4082-8d4e-a5f00910ca27","currentSessionId":"7075720c-128c-4082-8d4e-a5f00910ca27","reason":"same-session"}
[CloudSync][realtime] echo-filtered UPDATE {"highlightId":"freetext-1777160363441-4frz8qlnr","annotationType":"freetext","lastModifiedBy":"170d915c-5741-4e0b-b03f-deaeedae27bd","rowSessionId":"7075720c-128c-4082-8d4e-a5f00910ca27","currentSessionId":"7075720c-128c-4082-8d4e-a5f00910ca27","reason":"same-session"}
[CloudSync][realtime] echo-filtered UPDATE {"highlightId":"square-1777160619985-8gpaewz37","annotationType":"square","lastModifiedBy":"170d915c-5741-4e0b-b03f-deaeedae27bd","rowSessionId":"7075720c-128c-4082-8d4e-a5f00910ca27","currentSessionId":"7075720c-128c-4082-8d4e-a5f00910ca27","reason":"same-session"}
[CloudSync][realtime] echo-filtered UPDATE {"highlightId":"line-1777160619985-78bbu35nt","annotationType":"line","lastModifiedBy":"170d915c-5741-4e0b-b03f-deaeedae27bd","rowSessionId":"7075720c-128c-4082-8d4e-a5f00910ca27","currentSessionId":"7075720c-128c-4082-8d4e-a5f00910ca27","reason":"same-session"}
[CloudSync][realtime] echo-filtered UPDATE {"highlightId":"square-1777162656287-wjbu1luu4","annotationType":"square","lastModifiedBy":"170d915c-5741-4e0b-b03f-deaeedae27bd","rowSessionId":"7075720c-128c-4082-8d4e-a5f00910ca27","currentSessionId":"7075720c-128c-4082-8d4e-a5f00910ca27","reason":"same-session"}
[CloudSync][realtime] echo-filtered UPDATE {"highlightId":"circle-1777162656287-vyvohzf5n","annotationType":"circle","lastModifiedBy":"170d915c-5741-4e0b-b03f-deaeedae27bd","rowSessionId":"7075720c-128c-4082-8d4e-a5f00910ca27","currentSessionId":"7075720c-128c-4082-8d4e-a5f00910ca27","reason":"same-session"}
[CloudSync][realtime] echo-filtered UPDATE {"highlightId":"line-1777162656287-k317l53ds","annotationType":"line","lastModifiedBy":"170d915c-5741-4e0b-b03f-deaeedae27bd","rowSessionId":"7075720c-128c-4082-8d4e-a5f00910ca27","currentSessionId":"7075720c-128c-4082-8d4e-a5f00910ca27","reason":"same-session"}
[CloudSync][realtime] echo-filtered UPDATE {"highlightId":"line-1777162656287-lum1lu0w3","annotationType":"line","lastModifiedBy":"170d915c-5741-4e0b-b03f-deaeedae27bd","rowSessionId":"7075720c-128c-4082-8d4e-a5f00910ca27","currentSessionId":"7075720c-128c-4082-8d4e-a5f00910ca27","reason":"same-session"}
[CloudSync][realtime] echo-filtered UPDATE {"highlightId":"freetext-1777162656287-brzfek0qx","annotationType":"freetext","lastModifiedBy":"170d915c-5741-4e0b-b03f-deaeedae27bd","rowSessionId":"7075720c-128c-4082-8d4e-a5f00910ca27","currentSessionId":"7075720c-128c-4082-8d4e-a5f00910ca27","reason":"same-session"}
[CloudSync][realtime] echo-filtered UPDATE {"highlightId":"ink-1777162656287-0zh8uuhaf","annotationType":"ink","lastModifiedBy":"170d915c-5741-4e0b-b03f-deaeedae27bd","rowSessionId":"7075720c-128c-4082-8d4e-a5f00910ca27","currentSessionId":"7075720c-128c-4082-8d4e-a5f00910ca27","reason":"same-session"}
[CloudSync][realtime] echo-filtered UPDATE {"highlightId":"ink-1777164362924-d206c8xme","annotationType":"ink","lastModifiedBy":"170d915c-5741-4e0b-b03f-deaeedae27bd","rowSessionId":"7075720c-128c-4082-8d4e-a5f00910ca27","currentSessionId":"7075720c-128c-4082-8d4e-a5f00910ca27","reason":"same-session"}
[CloudSync][realtime] echo-filtered UPDATE {"highlightId":"ink-1777164378080-7pijeup7z","annotationType":"ink","lastModifiedBy":"170d915c-5741-4e0b-b03f-deaeedae27bd","rowSessionId":"7075720c-128c-4082-8d4e-a5f00910ca27","currentSessionId":"7075720c-128c-4082-8d4e-a5f00910ca27","reason":"same-session"}
[CloudSync][hook] focus rehydrate skipped — cloud snapshot is fresh
[SVG p1] render — 125 objs, viewBox=612x792
console.warn @ [LineBboxDiag] getLineBBox log failed {}
console.warn @ [LineBboxDiag] getLineBBox log failed {}
console.warn @ [LineBboxDiag] getLineBBox log failed {}
console.warn @ [LineBboxDiag] getLineBBox log failed {}
console.warn @ [LineBboxDiag] getLineBBox log failed {}
console.warn @ [LineBboxDiag] getLineBBox log failed {}
console.warn @ [LineBboxDiag] getLineBBox log failed {}
console.warn @ [LineBboxDiag] getLineBBox log failed {}
console.warn @ [LineBboxDiag] getLineBBox log failed {}
console.warn @ [LineBboxDiag] getLineBBox log failed {}
console.warn @ [LineBboxDiag] getLineBBox log failed {}
console.warn @ [LineBboxDiag] getLineBBox log failed {}
console.warn @ [LineBboxDiag] getLineBBox log failed {}
console.warn @ [LineBboxDiag] getLineBBox log failed {}
console.warn @ [LineBboxDiag] getLineBBox log failed {}
console.warn @ [LineBboxDiag] getLineBBox log failed {}
console.warn @ [LineBboxDiag] getLineBBox log failed {}
console.warn @ [LineBboxDiag] getLineBBox log failed {}
console.warn @ [LineBboxDiag] getLineBBox log failed {}
console.warn @ [LineBboxDiag] getLineBBox log failed {}
console.warn @ [LineBboxDiag] getLineBBox log failed {}
console.warn @ [LineBboxDiag] getLineBBox log failed {}
[SVG p1] render — 125 objs, viewBox=612x792
console.warn @ [LineBboxDiag] getLineBBox log failed {}
console.warn @ [LineBboxDiag] getLineBBox log failed {}
console.warn @ [LineBboxDiag] getLineBBox log failed {}
console.warn @ [LineBboxDiag] getLineBBox log failed {}
console.warn @ [LineBboxDiag] getLineBBox log failed {}
console.warn @ [LineBboxDiag] getLineBBox log failed {}
console.warn @ [LineBboxDiag] getLineBBox log failed {}
console.warn @ [LineBboxDiag] getLineBBox log failed {}
console.warn @ [LineBboxDiag] getLineBBox log failed {}
console.warn @ [LineBboxDiag] getLineBBox log failed {}
console.warn @ [LineBboxDiag] getLineBBox log failed {}
console.warn @ [LineBboxDiag] getLineBBox log failed {}
console.warn @ [LineBboxDiag] getLineBBox log failed {}
console.warn @ [LineBboxDiag] getLineBBox log failed {}
console.warn @ [LineBboxDiag] getLineBBox log failed {}
console.warn @ [LineBboxDiag] getLineBBox log failed {}
console.warn @ [LineBboxDiag] getLineBBox log failed {}
console.warn @ [LineBboxDiag] getLineBBox log failed {}
console.warn @ [LineBboxDiag] getLineBBox log failed {}
console.warn @ [LineBboxDiag] getLineBBox log failed {}
console.warn @ [LineBboxDiag] getLineBBox log failed {}
console.warn @ [LineBboxDiag] getLineBBox log failed {}
[SVG p1] render — 125 objs, viewBox=612x792
[SVG p1] render — 125 objs, viewBox=612x792
[LineBboxDiag] renderLine {"ts":"2026-04-30T04:50:26.581Z","objId":null,"index":29,"objType":"line","tool":"arrow","isArrow":true,"angle":0,"hasMidpoint":false,"dataMidpoint":null,"storageSnapshot":{"left":204.79,"top":362.3,"width":101.06,"height":83.1,"x1":-50.53211009174312,"y1":-41.54862385321101,"x2":50.53211009174312,"y2":41.54862385321101},"specKind":"straight","specLine":{"x1":204.7878899082569,"y1":362.30137614678904,"x2":303.7923087957672,"y2":443.7050094542975},"specArrowheadKind":"solidTriangle","rotationApplied":false,"pivotDiag":null}
[LineBboxDiag] renderLine {"ts":"2026-04-30T04:50:26.582Z","objId":null,"index":32,"objType":"line","tool":"line","isArrow":false,"angle":0,"hasMidpoint":false,"dataMidpoint":null,"storageSnapshot":{"left":67.79,"top":356.69,"width":102.19,"height":83.1,"x1":-51.09357798165138,"y1":-41.54862385321101,"x2":51.09357798165138,"y2":41.54862385321101},"specKind":"straight","specLine":{"x1":67.79142201834863,"y1":356.691376146789,"x2":169.97857798165137,"y2":439.788623853211},"specArrowheadKind":"none","rotationApplied":false,"pivotDiag":null}
[LineBboxDiag] renderLine {"ts":"2026-04-30T04:50:26.582Z","objId":null,"index":33,"objType":"line","tool":"line","isArrow":false,"angle":0,"hasMidpoint":false,"dataMidpoint":null,"storageSnapshot":{"left":67.79,"top":356.69,"width":102.19,"height":83.1,"x1":-51.09357798165138,"y1":-41.54862385321101,"x2":51.09357798165138,"y2":41.54862385321101},"specKind":"straight","specLine":{"x1":67.79142201834863,"y1":356.691376146789,"x2":169.97857798165137,"y2":439.788623853211},"specArrowheadKind":"none","rotationApplied":false,"pivotDiag":null}
[LineBboxDiag] renderLine {"ts":"2026-04-30T04:50:26.582Z","objId":null,"index":35,"objType":"line","tool":"line","isArrow":false,"angle":0,"hasMidpoint":false,"dataMidpoint":null,"storageSnapshot":{"left":67.79,"top":356.69,"width":102.19,"height":83.1,"x1":-51.09357798165138,"y1":-41.54862385321101,"x2":51.09357798165138,"y2":41.54862385321101},"specKind":"straight","specLine":{"x1":67.79142201834863,"y1":356.691376146789,"x2":169.97857798165137,"y2":439.788623853211},"specArrowheadKind":"none","rotationApplied":false,"pivotDiag":null}
[LineBboxDiag] renderLine {"ts":"2026-04-30T04:50:26.583Z","objId":null,"index":52,"objType":"line","tool":"arrow","isArrow":true,"angle":0,"hasMidpoint":false,"dataMidpoint":null,"storageSnapshot":{"left":204.79,"top":362.3,"width":101.06,"height":83.1,"x1":-50.53211009174312,"y1":-41.54862385321101,"x2":50.53211009174312,"y2":41.54862385321101},"specKind":"straight","specLine":{"x1":204.7878899082569,"y1":362.30137614678904,"x2":303.7923087957672,"y2":443.7050094542975},"specArrowheadKind":"solidTriangle","rotationApplied":false,"pivotDiag":null}
[LineBboxDiag] renderLine {"ts":"2026-04-30T04:50:26.585Z","objId":null,"index":66,"objType":"line","tool":"arrow","isArrow":true,"angle":0,"hasMidpoint":false,"dataMidpoint":null,"storageSnapshot":{"left":204.79,"top":362.3,"width":101.06,"height":83.1,"x1":-50.53211009174312,"y1":-41.54862385321101,"x2":50.53211009174312,"y2":41.54862385321101},"specKind":"straight","specLine":{"x1":204.7878899082569,"y1":362.30137614678904,"x2":303.7923087957672,"y2":443.7050094542975},"specArrowheadKind":"solidTriangle","rotationApplied":false,"pivotDiag":null}
[Counter SVG p1] dispatching renderCounter — i=68, displayNumber=1, fill=#ef4444, numberColor=unset, left=469.29, top=462.37, radius=14
[LineBboxDiag] renderLine {"ts":"2026-04-30T04:50:26.585Z","objId":null,"index":71,"objType":"line","tool":"line","isArrow":false,"angle":0,"hasMidpoint":false,"dataMidpoint":null,"storageSnapshot":{"left":67.79,"top":356.69,"width":102.19,"height":83.1,"x1":-51.09357798165138,"y1":-41.54862385321101,"x2":51.09357798165138,"y2":41.54862385321101},"specKind":"straight","specLine":{"x1":67.79142201834863,"y1":356.691376146789,"x2":169.97857798165137,"y2":439.788623853211},"specArrowheadKind":"none","rotationApplied":false,"pivotDiag":null}
[LineBboxDiag] renderLine {"ts":"2026-04-30T04:50:26.585Z","objId":null,"index":78,"objType":"line","tool":"line","isArrow":false,"angle":0,"hasMidpoint":false,"dataMidpoint":null,"storageSnapshot":{"left":67.79,"top":356.69,"width":102.19,"height":83.1,"x1":-51.09357798165138,"y1":-41.54862385321101,"x2":51.09357798165138,"y2":41.54862385321101},"specKind":"straight","specLine":{"x1":67.79142201834863,"y1":356.691376146789,"x2":169.97857798165137,"y2":439.788623853211},"specArrowheadKind":"none","rotationApplied":false,"pivotDiag":null}
[LineBboxDiag] renderLine {"ts":"2026-04-30T04:50:26.585Z","objId":null,"index":81,"objType":"line","tool":"line","isArrow":false,"angle":0,"hasMidpoint":false,"dataMidpoint":null,"storageSnapshot":{"left":67.79,"top":356.69,"width":102.19,"height":83.1,"x1":-51.09357798165138,"y1":-41.54862385321101,"x2":51.09357798165138,"y2":41.54862385321101},"specKind":"straight","specLine":{"x1":67.79142201834863,"y1":356.691376146789,"x2":169.97857798165137,"y2":439.788623853211},"specArrowheadKind":"none","rotationApplied":false,"pivotDiag":null}
[Counter SVG p1] dispatching renderCounter — i=86, displayNumber=2, fill=#ef4444, numberColor=unset, left=470.05, top=499.76, radius=14
[Counter SVG p1] dispatching renderCounter — i=87, displayNumber=1, fill=#ef4444, numberColor=unset, left=389.68, top=661.32, radius=14
[Counter SVG p1] dispatching renderCounter — i=88, displayNumber=3, fill=#ef4444, numberColor=unset, left=470.94, top=558.85, radius=14
[LineBboxDiag] renderLine {"ts":"2026-04-30T04:50:26.586Z","objId":null,"index":90,"objType":"line","tool":"arrow","isArrow":true,"angle":0,"hasMidpoint":false,"dataMidpoint":null,"storageSnapshot":{"left":204.79,"top":362.3,"width":101.06,"height":83.1,"x1":-50.53211009174312,"y1":-41.54862385321101,"x2":50.53211009174312,"y2":41.54862385321101},"specKind":"straight","specLine":{"x1":204.7878899082569,"y1":362.30137614678904,"x2":303.7923087957672,"y2":443.7050094542975},"specArrowheadKind":"solidTriangle","rotationApplied":false,"pivotDiag":null}
[LineBboxDiag] renderLine {"ts":"2026-04-30T04:50:26.586Z","objId":null,"index":95,"objType":"line","tool":"arrow","isArrow":true,"angle":0,"hasMidpoint":false,"dataMidpoint":null,"storageSnapshot":{"left":204.79,"top":362.3,"width":101.06,"height":83.1,"x1":-50.53211009174312,"y1":-41.54862385321101,"x2":50.53211009174312,"y2":41.54862385321101},"specKind":"straight","specLine":{"x1":204.7878899082569,"y1":362.30137614678904,"x2":303.7923087957672,"y2":443.7050094542975},"specArrowheadKind":"solidTriangle","rotationApplied":false,"pivotDiag":null}
[LineBboxDiag] renderLine {"ts":"2026-04-30T04:50:26.587Z","objId":null,"index":99,"objType":"line","tool":"arrow","isArrow":true,"angle":0,"hasMidpoint":false,"dataMidpoint":null,"storageSnapshot":{"left":204.79,"top":362.3,"width":101.06,"height":83.1,"x1":-50.53211009174312,"y1":-41.54862385321101,"x2":50.53211009174312,"y2":41.54862385321101},"specKind":"straight","specLine":{"x1":204.7878899082569,"y1":362.30137614678904,"x2":303.7923087957672,"y2":443.7050094542975},"specArrowheadKind":"solidTriangle","rotationApplied":false,"pivotDiag":null}
[LineBboxDiag] renderLine {"ts":"2026-04-30T04:50:26.587Z","objId":null,"index":101,"objType":"line","tool":"line","isArrow":false,"angle":0,"hasMidpoint":false,"dataMidpoint":null,"storageSnapshot":{"left":67.79,"top":356.69,"width":102.19,"height":83.1,"x1":-51.09357798165138,"y1":-41.54862385321101,"x2":51.09357798165138,"y2":41.54862385321101},"specKind":"straight","specLine":{"x1":67.79142201834863,"y1":356.691376146789,"x2":169.97857798165137,"y2":439.788623853211},"specArrowheadKind":"none","rotationApplied":false,"pivotDiag":null}
[LineBboxDiag] renderLine {"ts":"2026-04-30T04:50:26.587Z","objId":null,"index":105,"objType":"line","tool":"line","isArrow":false,"angle":0,"hasMidpoint":false,"dataMidpoint":null,"storageSnapshot":{"left":67.79,"top":356.69,"width":102.19,"height":83.1,"x1":-51.09357798165138,"y1":-41.54862385321101,"x2":51.09357798165138,"y2":41.54862385321101},"specKind":"straight","specLine":{"x1":67.79142201834863,"y1":356.691376146789,"x2":169.97857798165137,"y2":439.788623853211},"specArrowheadKind":"none","rotationApplied":false,"pivotDiag":null}
[LineBboxDiag] renderLine {"ts":"2026-04-30T04:50:26.587Z","objId":null,"index":106,"objType":"line","tool":"arrow","isArrow":true,"angle":0,"hasMidpoint":false,"dataMidpoint":null,"storageSnapshot":{"left":204.79,"top":362.3,"width":101.06,"height":83.1,"x1":-50.53211009174312,"y1":-41.54862385321101,"x2":50.53211009174312,"y2":41.54862385321101},"specKind":"straight","specLine":{"x1":204.7878899082569,"y1":362.30137614678904,"x2":303.7923087957672,"y2":443.7050094542975},"specArrowheadKind":"solidTriangle","rotationApplied":false,"pivotDiag":null}
[LineBboxDiag] renderLine {"ts":"2026-04-30T04:50:26.587Z","objId":null,"index":108,"objType":"line","tool":"line","isArrow":false,"angle":0,"hasMidpoint":false,"dataMidpoint":null,"storageSnapshot":{"left":67.79,"top":356.69,"width":102.19,"height":83.1,"x1":-51.09357798165138,"y1":-41.54862385321101,"x2":51.09357798165138,"y2":41.54862385321101},"specKind":"straight","specLine":{"x1":67.79142201834863,"y1":356.691376146789,"x2":169.97857798165137,"y2":439.788623853211},"specArrowheadKind":"none","rotationApplied":false,"pivotDiag":null}
[LineBboxDiag] renderLine {"ts":"2026-04-30T04:50:26.587Z","objId":null,"index":109,"objType":"line","tool":"arrow","isArrow":true,"angle":0,"hasMidpoint":false,"dataMidpoint":null,"storageSnapshot":{"left":204.79,"top":362.3,"width":101.06,"height":83.1,"x1":-50.53211009174312,"y1":-41.54862385321101,"x2":50.53211009174312,"y2":41.54862385321101},"specKind":"straight","specLine":{"x1":204.7878899082569,"y1":362.30137614678904,"x2":303.7923087957672,"y2":443.7050094542975},"specArrowheadKind":"solidTriangle","rotationApplied":false,"pivotDiag":null}
[LineBboxDiag] renderLine {"ts":"2026-04-30T04:50:26.588Z","objId":null,"index":112,"objType":"line","tool":"line","isArrow":false,"angle":0,"hasMidpoint":false,"dataMidpoint":null,"storageSnapshot":{"left":67.79,"top":356.69,"width":102.19,"height":83.1,"x1":-51.09357798165138,"y1":-41.54862385321101,"x2":51.09357798165138,"y2":41.54862385321101},"specKind":"straight","specLine":{"x1":67.79142201834863,"y1":356.691376146789,"x2":169.97857798165137,"y2":439.788623853211},"specArrowheadKind":"none","rotationApplied":false,"pivotDiag":null}
[LineBboxDiag] renderLine {"ts":"2026-04-30T04:50:26.588Z","objId":null,"index":113,"objType":"line","tool":"arrow","isArrow":true,"angle":0,"hasMidpoint":false,"dataMidpoint":null,"storageSnapshot":{"left":204.79,"top":362.3,"width":101.06,"height":83.1,"x1":-50.53211009174312,"y1":-41.54862385321101,"x2":50.53211009174312,"y2":41.54862385321101},"specKind":"straight","specLine":{"x1":204.7878899082569,"y1":362.30137614678904,"x2":303.7923087957672,"y2":443.7050094542975},"specArrowheadKind":"solidTriangle","rotationApplied":false,"pivotDiag":null}
[LineBboxDiag] renderLine {"ts":"2026-04-30T04:50:26.588Z","objId":null,"index":116,"objType":"line","tool":"arrow","isArrow":true,"angle":0,"hasMidpoint":false,"dataMidpoint":null,"storageSnapshot":{"left":204.79,"top":362.3,"width":101.06,"height":83.1,"x1":-50.53211009174312,"y1":-41.54862385321101,"x2":50.53211009174312,"y2":41.54862385321101},"specKind":"straight","specLine":{"x1":204.7878899082569,"y1":362.30137614678904,"x2":303.7923087957672,"y2":443.7050094542975},"specArrowheadKind":"solidTriangle","rotationApplied":false,"pivotDiag":null}
[LineBboxDiag] renderLine {"ts":"2026-04-30T04:50:26.588Z","objId":null,"index":119,"objType":"line","tool":"line","isArrow":false,"angle":0,"hasMidpoint":false,"dataMidpoint":null,"storageSnapshot":{"left":67.79,"top":356.69,"width":102.19,"height":83.1,"x1":-51.09357798165138,"y1":-41.54862385321101,"x2":51.09357798165138,"y2":41.54862385321101},"specKind":"straight","specLine":{"x1":67.79142201834863,"y1":356.691376146789,"x2":169.97857798165137,"y2":439.788623853211},"specArrowheadKind":"none","rotationApplied":false,"pivotDiag":null}
[LineBboxDiag] renderLine {"ts":"2026-04-30T04:50:26.588Z","objId":null,"index":120,"objType":"line","tool":"arrow","isArrow":true,"angle":0,"hasMidpoint":false,"dataMidpoint":null,"storageSnapshot":{"left":204.79,"top":362.3,"width":101.06,"height":83.1,"x1":-50.53211009174312,"y1":-41.54862385321101,"x2":50.53211009174312,"y2":41.54862385321101},"specKind":"straight","specLine":{"x1":204.7878899082569,"y1":362.30137614678904,"x2":303.7923087957672,"y2":443.7050094542975},"specArrowheadKind":"solidTriangle","rotationApplied":false,"pivotDiag":null}
[SVG p1] render — 125 objs, viewBox=612x792
console.warn @ [LineBboxDiag] getLineBBox log failed {}
console.warn @ [LineBboxDiag] getLineBBox log failed {}
console.warn @ [LineBboxDiag] getLineBBox log failed {}
console.warn @ [LineBboxDiag] getLineBBox log failed {}
console.warn @ [LineBboxDiag] getLineBBox log failed {}
console.warn @ [LineBboxDiag] getLineBBox log failed {}
console.warn @ [LineBboxDiag] getLineBBox log failed {}
console.warn @ [LineBboxDiag] getLineBBox log failed {}
console.warn @ [LineBboxDiag] getLineBBox log failed {}
console.warn @ [LineBboxDiag] getLineBBox log failed {}
console.warn @ [LineBboxDiag] getLineBBox log failed {}
console.warn @ [LineBboxDiag] getLineBBox log failed {}
console.warn @ [LineBboxDiag] getLineBBox log failed {}
console.warn @ [LineBboxDiag] getLineBBox log failed {}
console.warn @ [LineBboxDiag] getLineBBox log failed {}
console.warn @ [LineBboxDiag] getLineBBox log failed {}
console.warn @ [LineBboxDiag] getLineBBox log failed {}
console.warn @ [LineBboxDiag] getLineBBox log failed {}
console.warn @ [LineBboxDiag] getLineBBox log failed {}
console.warn @ [LineBboxDiag] getLineBBox log failed {}
console.warn @ [LineBboxDiag] getLineBBox log failed {}
console.warn @ [LineBboxDiag] getLineBBox log failed {}
[Diag] tool-switch DETECTED → select (scheduling t+1000ms capture)
[SVG p1] render — 125 objs, viewBox=612x792
[SVG p1] render — 125 objs, viewBox=612x792
console.warn @ [LineBboxDiag] getLineBBox log failed {}
console.warn @ [LineBboxDiag] getLineBBox log failed {}
console.warn @ [LineBboxDiag] getLineBBox log failed {}
console.warn @ [LineBboxDiag] getLineBBox log failed {}
console.warn @ [LineBboxDiag] getLineBBox log failed {}
console.warn @ [LineBboxDiag] getLineBBox log failed {}
console.warn @ [LineBboxDiag] getLineBBox log failed {}
console.warn @ [LineBboxDiag] getLineBBox log failed {}
console.warn @ [LineBboxDiag] getLineBBox log failed {}
console.warn @ [LineBboxDiag] getLineBBox log failed {}
console.warn @ [LineBboxDiag] getLineBBox log failed {}
console.warn @ [LineBboxDiag] getLineBBox log failed {}
console.warn @ [LineBboxDiag] getLineBBox log failed {}
console.warn @ [LineBboxDiag] getLineBBox log failed {}
console.warn @ [LineBboxDiag] getLineBBox log failed {}
console.warn @ [LineBboxDiag] getLineBBox log failed {}
console.warn @ [LineBboxDiag] getLineBBox log failed {}
console.warn @ [LineBboxDiag] getLineBBox log failed {}
console.warn @ [LineBboxDiag] getLineBBox log failed {}
console.warn @ [LineBboxDiag] getLineBBox log failed {}
console.warn @ [LineBboxDiag] getLineBBox log failed {}
console.warn @ [LineBboxDiag] getLineBBox log failed {}
[SVG p1] render — 125 objs, viewBox=612x792
[SVG p1] render — 125 objs, viewBox=612x792
[SVG p1] render — 125 objs, viewBox=612x792
[SVG p1] render — 125 objs, viewBox=612x792
[SVG p1] render — 125 objs, viewBox=612x792
[SVG p1] render — 125 objs, viewBox=612x792
[SVG p1] render — 125 objs, viewBox=612x792
console.warn @ [LineBboxDiag] getLineBBox log failed {}
console.warn @ [LineBboxDiag] getLineBBox log failed {}
console.warn @ [LineBboxDiag] getLineBBox log failed {}
console.warn @ [LineBboxDiag] getLineBBox log failed {}
[SVG p1] render — 125 objs, viewBox=612x792
console.warn @ [LineBboxDiag] getLineBBox log failed {}
console.warn @ [LineBboxDiag] getLineBBox log failed {}
console.warn @ [LineBboxDiag] getLineBBox log failed {}
console.warn @ [LineBboxDiag] getLineBBox log failed {}
console.warn @ [LineBboxDiag] getLineBBox log failed {}
console.warn @ [LineBboxDiag] getLineBBox log failed {}
console.warn @ [LineBboxDiag] getLineBBox log failed {}
console.warn @ [LineBboxDiag] getLineBBox log failed {}
console.warn @ [LineBboxDiag] getLineBBox log failed {}
console.warn @ [LineBboxDiag] getLineBBox log failed {}
console.warn @ [LineBboxDiag] getLineBBox log failed {}
console.warn @ [LineBboxDiag] getLineBBox log failed {}
console.warn @ [LineBboxDiag] getLineBBox log failed {}
console.warn @ [LineBboxDiag] getLineBBox log failed {}
console.warn @ [LineBboxDiag] getLineBBox log failed {}
console.warn @ [LineBboxDiag] getLineBBox log failed {}
console.warn @ [LineBboxDiag] getLineBBox log failed {}
console.warn @ [LineBboxDiag] getLineBBox log failed {}
[SVG p1] render — 125 objs, viewBox=612x792
[SVG p1] render — 125 objs, viewBox=612x792
[SVG p1] render — 125 objs, viewBox=612x792
[SVG p1] render — 125 objs, viewBox=612x792
[SVG p1] render — 125 objs, viewBox=612x792
[SVG p1] render — 125 objs, viewBox=612x792
[SVG p1] render — 125 objs, viewBox=612x792
[SVG p1] render — 125 objs, viewBox=612x792
[SVG p1] render — 125 objs, viewBox=612x792
[SVG p1] render — 125 objs, viewBox=612x792
[SVG p1] render — 125 objs, viewBox=612x792
[SVG p1] render — 125 objs, viewBox=612x792
[SVG p1] render — 125 objs, viewBox=612x792
[SVG p1] render — 125 objs, viewBox=612x792
console.warn @ [LineBboxDiag] getLineBBox log failed {}
console.warn @ [LineBboxDiag] getLineBBox log failed {}
console.warn @ [LineBboxDiag] getLineBBox log failed {}
console.warn @ [LineBboxDiag] getLineBBox log failed {}
[SVG p1] render — 125 objs, viewBox=612x792
console.warn @ [LineBboxDiag] getLineBBox log failed {}
console.warn @ [LineBboxDiag] getLineBBox log failed {}
console.warn @ [LineBboxDiag] getLineBBox log failed {}
console.warn @ [LineBboxDiag] getLineBBox log failed {}
console.warn @ [LineBboxDiag] getLineBBox log failed {}
console.warn @ [LineBboxDiag] getLineBBox log failed {}
console.warn @ [LineBboxDiag] getLineBBox log failed {}
console.warn @ [LineBboxDiag] getLineBBox log failed {}
console.warn @ [LineBboxDiag] getLineBBox log failed {}
console.warn @ [LineBboxDiag] getLineBBox log failed {}
console.warn @ [LineBboxDiag] getLineBBox log failed {}
console.warn @ [LineBboxDiag] getLineBBox log failed {}
console.warn @ [LineBboxDiag] getLineBBox log failed {}
console.warn @ [LineBboxDiag] getLineBBox log failed {}
console.warn @ [LineBboxDiag] getLineBBox log failed {}
console.warn @ [LineBboxDiag] getLineBBox log failed {}
console.warn @ [LineBboxDiag] getLineBBox log failed {}
console.warn @ [LineBboxDiag] getLineBBox log failed {}
[SVG p1] render — 125 objs, viewBox=612x792
[SVG p1] render — 125 objs, viewBox=612x792
[SVG p1] render — 125 objs, viewBox=612x792
[SVG p1] render — 125 objs, viewBox=612x792
[SVG p1] render — 125 objs, viewBox=612x792
[SVG p1] render — 125 objs, viewBox=612x792
[SVG p1] render — 125 objs, viewBox=612x792
console.warn @ [LineBboxDiag] getLineBBox log failed {}
console.warn @ [LineBboxDiag] getLineBBox log failed {}
console.warn @ [LineBboxDiag] getLineBBox log failed {}
console.warn @ [LineBboxDiag] getLineBBox log failed {}
console.warn @ [LineBboxDiag] getLineBBox log failed {}
console.warn @ [LineBboxDiag] getLineBBox log failed {}
console.warn @ [LineBboxDiag] getLineBBox log failed {}
console.warn @ [LineBboxDiag] getLineBBox log failed {}
console.warn @ [LineBboxDiag] getLineBBox log failed {}
console.warn @ [LineBboxDiag] getLineBBox log failed {}
console.warn @ [LineBboxDiag] getLineBBox log failed {}
console.warn @ [LineBboxDiag] getLineBBox log failed {}
console.warn @ [LineBboxDiag] getLineBBox log failed {}
console.warn @ [LineBboxDiag] getLineBBox log failed {}
console.warn @ [LineBboxDiag] getLineBBox log failed {}
console.warn @ [LineBboxDiag] getLineBBox log failed {}
console.warn @ [LineBboxDiag] getLineBBox log failed {}
console.warn @ [LineBboxDiag] getLineBBox log failed {}
console.warn @ [LineBboxDiag] getLineBBox log failed {}
console.warn @ [LineBboxDiag] getLineBBox log failed {}
console.warn @ [LineBboxDiag] getLineBBox log failed {}
console.warn @ [LineBboxDiag] getLineBBox log failed {}
[SVG p1] render — 125 objs, viewBox=612x792
[SVG p1] render — 125 objs, viewBox=612x792
[SVG p1] render — 125 objs, viewBox=612x792
[SVG p1] render — 125 objs, viewBox=612x792
[SVG p1] render — 125 objs, viewBox=612x792
[SVG p1] render — 125 objs, viewBox=612x792
[SVG p1] render — 125 objs, viewBox=612x792
[SVG p1] render — 125 objs, viewBox=612x792
console.warn @ [LineBboxDiag] getLineBBox log failed {}
console.warn @ [LineBboxDiag] getLineBBox log failed {}
console.warn @ [LineBboxDiag] getLineBBox log failed {}
console.warn @ [LineBboxDiag] getLineBBox log failed {}
console.warn @ [LineBboxDiag] getLineBBox log failed {}
console.warn @ [LineBboxDiag] getLineBBox log failed {}
console.warn @ [LineBboxDiag] getLineBBox log failed {}
console.warn @ [LineBboxDiag] getLineBBox log failed {}
console.warn @ [LineBboxDiag] getLineBBox log failed {}
console.warn @ [LineBboxDiag] getLineBBox log failed {}
console.warn @ [LineBboxDiag] getLineBBox log failed {}
console.warn @ [LineBboxDiag] getLineBBox log failed {}
console.warn @ [LineBboxDiag] getLineBBox log failed {}
console.warn @ [LineBboxDiag] getLineBBox log failed {}
console.warn @ [LineBboxDiag] getLineBBox log failed {}
console.warn @ [LineBboxDiag] getLineBBox log failed {}
console.warn @ [LineBboxDiag] getLineBBox log failed {}
console.warn @ [LineBboxDiag] getLineBBox log failed {}
console.warn @ [LineBboxDiag] getLineBBox log failed {}
console.warn @ [LineBboxDiag] getLineBBox log failed {}
console.warn @ [LineBboxDiag] getLineBBox log failed {}
console.warn @ [LineBboxDiag] getLineBBox log failed {}
[SVG p1] render — 125 objs, viewBox=612x792
[Diag select] screenshot saved (232 KB) → /Users/isaiahcalvo/Desktop/Survey-BetaSafeS2/TestLogs/testlog-screenshot-select.png
[Diag select] CAPTURED @ t+1002ms — annotations=125 callouts=0 svgWrappers=1 svgVis=[visible] svgElems=125 svgVisElems=125 eraserCanvases=0 svgMarkupBytes=912152
[SVG p1] render — 125 objs, viewBox=612x792
[SVG p1] render — 125 objs, viewBox=612x792
[SVG p1] render — 125 objs, viewBox=612x792
[SVG p1] render — 125 objs, viewBox=612x792
[SVG p1] render — 125 objs, viewBox=612x792
[SVG p1] render — 125 objs, viewBox=612x792
[SVG p1] render — 125 objs, viewBox=612x792
[SVG p1] render — 125 objs, viewBox=612x792
[SVG p1] render — 125 objs, viewBox=612x792
[SVG p1] render — 125 objs, viewBox=612x792
[SVG p1] render — 125 objs, viewBox=612x792
[SVG p1] render — 125 objs, viewBox=612x792
[SVG p1] render — 125 objs, viewBox=612x792
[SVG p1] render — 125 objs, viewBox=612x792
[SVG p1] render — 125 objs, viewBox=612x792
[SVG p1] render — 125 objs, viewBox=612x792
[SVG p1] render — 125 objs, viewBox=612x792
console.warn @ [LineBboxDiag] getLineBBox log failed {}
console.warn @ [LineBboxDiag] getLineBBox log failed {}
console.warn @ [LineBboxDiag] getLineBBox log failed {}
console.warn @ [LineBboxDiag] getLineBBox log failed {}
console.warn @ [LineBboxDiag] getLineBBox log failed {}
console.warn @ [LineBboxDiag] getLineBBox log failed {}
console.warn @ [LineBboxDiag] getLineBBox log failed {}
console.warn @ [LineBboxDiag] getLineBBox log failed {}
console.warn @ [LineBboxDiag] getLineBBox log failed {}
console.warn @ [LineBboxDiag] getLineBBox log failed {}
console.warn @ [LineBboxDiag] getLineBBox log failed {}
console.warn @ [LineBboxDiag] getLineBBox log failed {}
console.warn @ [LineBboxDiag] getLineBBox log failed {}
console.warn @ [LineBboxDiag] getLineBBox log failed {}
console.warn @ [LineBboxDiag] getLineBBox log failed {}
console.warn @ [LineBboxDiag] getLineBBox log failed {}
console.warn @ [LineBboxDiag] getLineBBox log failed {}
console.warn @ [LineBboxDiag] getLineBBox log failed {}
console.warn @ [LineBboxDiag] getLineBBox log failed {}
console.warn @ [LineBboxDiag] getLineBBox log failed {}
console.warn @ [LineBboxDiag] getLineBBox log failed {}
console.warn @ [LineBboxDiag] getLineBBox log failed {}
[SVG p1] render — 125 objs, viewBox=612x792
[SVG p1] render — 125 objs, viewBox=612x792
[SVG p1] render — 125 objs, viewBox=612x792
[SVG p1] render — 125 objs, viewBox=612x792
[SVG p1] render — 125 objs, viewBox=612x792
[SVG p1] render — 125 objs, viewBox=612x792
[SVG p1] render — 125 objs, viewBox=612x792
[SVG p1] render — 125 objs, viewBox=612x792
[SVG p1] render — 125 objs, viewBox=612x792
[SVG p1] render — 125 objs, viewBox=612x792
[SVG p1] render — 125 objs, viewBox=612x792
[SVG p1] render — 125 objs, viewBox=612x792
[SVG p1] render — 125 objs, viewBox=612x792
[SVG p1] render — 125 objs, viewBox=612x792
[SVG p1] render — 125 objs, viewBox=612x792
[SVG p1] render — 125 objs, viewBox=612x792
[SVG p1] render — 125 objs, viewBox=612x792
console.warn @ [LineBboxDiag] getLineBBox log failed {}
console.warn @ [LineBboxDiag] getLineBBox log failed {}
console.warn @ [LineBboxDiag] getLineBBox log failed {}
console.warn @ [LineBboxDiag] getLineBBox log failed {}
console.warn @ [LineBboxDiag] getLineBBox log failed {}
console.warn @ [LineBboxDiag] getLineBBox log failed {}
console.warn @ [LineBboxDiag] getLineBBox log failed {}
console.warn @ [LineBboxDiag] getLineBBox log failed {}
console.warn @ [LineBboxDiag] getLineBBox log failed {}
console.warn @ [LineBboxDiag] getLineBBox log failed {}
console.warn @ [LineBboxDiag] getLineBBox log failed {}
console.warn @ [LineBboxDiag] getLineBBox log failed {}
console.warn @ [LineBboxDiag] getLineBBox log failed {}
console.warn @ [LineBboxDiag] getLineBBox log failed {}
console.warn @ [LineBboxDiag] getLineBBox log failed {}
console.warn @ [LineBboxDiag] getLineBBox log failed {}
console.warn @ [LineBboxDiag] getLineBBox log failed {}
console.warn @ [LineBboxDiag] getLineBBox log failed {}
console.warn @ [LineBboxDiag] getLineBBox log failed {}
console.warn @ [LineBboxDiag] getLineBBox log failed {}
[SVG p1] render — 125 objs, viewBox=612x792
console.warn @ [LineBboxDiag] getLineBBox log failed {}
console.warn @ [LineBboxDiag] getLineBBox log failed {}
console.warn @ [LineBboxDiag] getLineBBox log failed {}
console.warn @ [LineBboxDiag] getLineBBox log failed {}
console.warn @ [LineBboxDiag] getLineBBox log failed {}
console.warn @ [LineBboxDiag] getLineBBox log failed {}
console.warn @ [LineBboxDiag] getLineBBox log failed {}
console.warn @ [LineBboxDiag] getLineBBox log failed {}
console.warn @ [LineBboxDiag] getLineBBox log failed {}
console.warn @ [LineBboxDiag] getLineBBox log failed {}
console.warn @ [LineBboxDiag] getLineBBox log failed {}
console.warn @ [LineBboxDiag] getLineBBox log failed {}
console.warn @ [LineBboxDiag] getLineBBox log failed {}
console.warn @ [LineBboxDiag] getLineBBox log failed {}
console.warn @ [LineBboxDiag] getLineBBox log failed {}
console.warn @ [LineBboxDiag] getLineBBox log failed {}
console.warn @ [LineBboxDiag] getLineBBox log failed {}
console.warn @ [LineBboxDiag] getLineBBox log failed {}
console.warn @ [LineBboxDiag] getLineBBox log failed {}
console.warn @ [LineBboxDiag] getLineBBox log failed {}
console.warn @ [LineBboxDiag] getLineBBox log failed {}
console.warn @ [LineBboxDiag] getLineBBox log failed {}
[SVG p1] render — 125 objs, viewBox=612x792
[SVG p1] render — 125 objs, viewBox=612x792
[SVG p1] render — 125 objs, viewBox=612x792
[SVG p1] render — 125 objs, viewBox=612x792
[SVG p1] render — 125 objs, viewBox=612x792
[SVG p1] render — 125 objs, viewBox=612x792
[SVG p1] render — 125 objs, viewBox=612x792
[SVG p1] render — 125 objs, viewBox=612x792
[SVG p1] render — 125 objs, viewBox=612x792
[SVG p1] render — 125 objs, viewBox=612x792
[SVG p1] render — 125 objs, viewBox=612x792
[SVG p1] render — 125 objs, viewBox=612x792
[SVG p1] render — 125 objs, viewBox=612x792
[SVG p1] render — 125 objs, viewBox=612x792
[SVG p1] render — 125 objs, viewBox=612x792
[SVG p1] render — 125 objs, viewBox=612x792
[SVG p1] render — 125 objs, viewBox=612x792
console.warn @ [LineBboxDiag] getLineBBox log failed {}
console.warn @ [LineBboxDiag] getLineBBox log failed {}
console.warn @ [LineBboxDiag] getLineBBox log failed {}
console.warn @ [LineBboxDiag] getLineBBox log failed {}
console.warn @ [LineBboxDiag] getLineBBox log failed {}
console.warn @ [LineBboxDiag] getLineBBox log failed {}
console.warn @ [LineBboxDiag] getLineBBox log failed {}
console.warn @ [LineBboxDiag] getLineBBox log failed {}
console.warn @ [LineBboxDiag] getLineBBox log failed {}
console.warn @ [LineBboxDiag] getLineBBox log failed {}
console.warn @ [LineBboxDiag] getLineBBox log failed {}
console.warn @ [LineBboxDiag] getLineBBox log failed {}
console.warn @ [LineBboxDiag] getLineBBox log failed {}
console.warn @ [LineBboxDiag] getLineBBox log failed {}
console.warn @ [LineBboxDiag] getLineBBox log failed {}
console.warn @ [LineBboxDiag] getLineBBox log failed {}
console.warn @ [LineBboxDiag] getLineBBox log failed {}
console.warn @ [LineBboxDiag] getLineBBox log failed {}
console.warn @ [LineBboxDiag] getLineBBox log failed {}
console.warn @ [LineBboxDiag] getLineBBox log failed {}
console.warn @ [LineBboxDiag] getLineBBox log failed {}
console.warn @ [LineBboxDiag] getLineBBox log failed {}
[SVG p1] render — 125 objs, viewBox=612x792
[SVG p1] render — 125 objs, viewBox=612x792
[SVG p1] render — 125 objs, viewBox=612x792
[SVG p1] render — 125 objs, viewBox=612x792
[SVG p1] render — 125 objs, viewBox=612x792
[SVG p1] render — 125 objs, viewBox=612x792
[SVG p1] render — 125 objs, viewBox=612x792
[SVG p1] render — 125 objs, viewBox=612x792
[SVG p1] render — 125 objs, viewBox=612x792
[SVG p1] render — 125 objs, viewBox=612x792
[SVG p1] render — 125 objs, viewBox=612x792
console.warn @ [LineBboxDiag] getLineBBox log failed {}
console.warn @ [LineBboxDiag] getLineBBox log failed {}
console.warn @ [LineBboxDiag] getLineBBox log failed {}
console.warn @ [LineBboxDiag] getLineBBox log failed {}
console.warn @ [LineBboxDiag] getLineBBox log failed {}
console.warn @ [LineBboxDiag] getLineBBox log failed {}
console.warn @ [LineBboxDiag] getLineBBox log failed {}
console.warn @ [LineBboxDiag] getLineBBox log failed {}
console.warn @ [LineBboxDiag] getLineBBox log failed {}
console.warn @ [LineBboxDiag] getLineBBox log failed {}
console.warn @ [LineBboxDiag] getLineBBox log failed {}
console.warn @ [LineBboxDiag] getLineBBox log failed {}
console.warn @ [LineBboxDiag] getLineBBox log failed {}
console.warn @ [LineBboxDiag] getLineBBox log failed {}
console.warn @ [LineBboxDiag] getLineBBox log failed {}
console.warn @ [LineBboxDiag] getLineBBox log failed {}
console.warn @ [LineBboxDiag] getLineBBox log failed {}
console.warn @ [LineBboxDiag] getLineBBox log failed {}
console.warn @ [LineBboxDiag] getLineBBox log failed {}
console.warn @ [LineBboxDiag] getLineBBox log failed {}
console.warn @ [LineBboxDiag] getLineBBox log failed {}
console.warn @ [LineBboxDiag] getLineBBox log failed {}
[SVG p1] render — 125 objs, viewBox=612x792
[SVG p1] render — 125 objs, viewBox=612x792
[SVG p1] render — 125 objs, viewBox=612x792
[SVG p1] render — 125 objs, viewBox=612x792
[SVG p1] render — 125 objs, viewBox=612x792
[SVG p1] render — 125 objs, viewBox=612x792
[SVG p1] render — 125 objs, viewBox=612x792
[SVG p1] render — 125 objs, viewBox=612x792
[SVG p1] render — 125 objs, viewBox=612x792
[SVG p1] render — 125 objs, viewBox=612x792
[SVG p1] render — 125 objs, viewBox=612x792
[SVG p1] render — 125 objs, viewBox=612x792
[SVG p1] render — 125 objs, viewBox=612x792
[SVG p1] render — 125 objs, viewBox=612x792
console.warn @ [LineBboxDiag] getLineBBox log failed {}
console.warn @ [LineBboxDiag] getLineBBox log failed {}
console.warn @ [LineBboxDiag] getLineBBox log failed {}
console.warn @ [LineBboxDiag] getLineBBox log failed {}
console.warn @ [LineBboxDiag] getLineBBox log failed {}
console.warn @ [LineBboxDiag] getLineBBox log failed {}
console.warn @ [LineBboxDiag] getLineBBox log failed {}
console.warn @ [LineBboxDiag] getLineBBox log failed {}
console.warn @ [LineBboxDiag] getLineBBox log failed {}
console.warn @ [LineBboxDiag] getLineBBox log failed {}
console.warn @ [LineBboxDiag] getLineBBox log failed {}
console.warn @ [LineBboxDiag] getLineBBox log failed {}
console.warn @ [LineBboxDiag] getLineBBox log failed {}
console.warn @ [LineBboxDiag] getLineBBox log failed {}
console.warn @ [LineBboxDiag] getLineBBox log failed {}
console.warn @ [LineBboxDiag] getLineBBox log failed {}
console.warn @ [LineBboxDiag] getLineBBox log failed {}
console.warn @ [LineBboxDiag] getLineBBox log failed {}
console.warn @ [LineBboxDiag] getLineBBox log failed {}
console.warn @ [LineBboxDiag] getLineBBox log failed {}
console.warn @ [LineBboxDiag] getLineBBox log failed {}
console.warn @ [LineBboxDiag] getLineBBox log failed {}
[SVG p1] render — 125 objs, viewBox=612x792
[SVGAnnotationLayer] setRotInputVisible(false) reason=selectedIds.size !== 1
[SVG p1] render — 125 objs, viewBox=612x792
[SVG p1] render — 0 objs, viewBox=612x792
[SVGAnnotationLayer] setRotInputVisible(false) reason=selectedIds.size !== 1
[SVG p1] MOUNT — 0 annotations, 0 callouts, viewBox=612x792
console.warn @ [CloudSync][hook][state-obs] SHRINK {"prevCount":125,"currentCount":0,"delta":-125,"hydrated":true,"sameRefAsLastByPage":false,"stack":"    at commitHookEffectListMount (http://localhost:5173/node_modules/.vite/deps/chunk-DSUIPI7G.js?v=d338d6e7:23793:34) |     at commitPassiveMountOnFiber (http://localhost:5173/node_modules/.vite/deps/chunk-DSUIPI7G.js?v=d338d6e7:25034:19) |     at commitPassiveMountEffects_complete (http://localhost:5173/node_modules/.vite/deps/chunk-DSUIPI7G.js?v=d338d6e7:25007:17) |     at commitPassiveMountEffects_begin (http://localhost:5173/node_modules/.vite/deps/chunk-DSUIPI7G.js?v=d338d6e7:24997:15) |     at commitPassiveMountEffects (http://localhost:5173/node_modules/.vite/deps/chunk-DSUIPI7G.js?v=d338d6e7:24987:11) |     at flushPassiveEffectsImpl (http://localhost:5173/node_modules/.vite/deps/chunk-DSUIPI7G.js?v=d338d6e7:26368:11)"}
console.warn @ [CloudSync][hook][SUSPICIOUS] fabric push scheduled with WIPE diff {"priorObjects":125,"currentObjects":0,"priorPages":1,"currentPages":1,"priorRef":"object","currentRef":"object"}
[CloudSync][hook] fabric state changed — debounce push scheduled {"pageCount":1,"objectCount":0,"priorObjectCount":125,"isWipePush":true,"debounceMs":800}
[SVG p1] render — 0 objs, viewBox=612x792
[CloudSync][hook] fabric push debounce elapsed — pushing now
console.error @ [CloudSync][hook][SAFETY-BRAKE] suppressing wipe-style fabric delete push {"priorObjectCount":125,"currentObjectCount":0,"deletedCount":125,"sampleDeletedIds":["ink-1777508763198-a9zbg8dnj","ink-1777518448594-cnx3o5dwl","ink-1777518801880-tbc90f39i","ink-1777518815271-kxf5xt45q","ink-1777317539749-mdcva8627","ink-1777380231635-05kjdf3or","ink-1777504680260-byh17fj7x","ink-1777504829498-2bs5wehq8","ink-1777505090354-zvqep0dhv","ink-1777506587435-7tuh5nrir"],"priorPagesWithObjects":["1"],"rationale":"diff implies full wipe — refusing to delete every cloud row via auto-detection. peer devices keep their copy; user must explicitly bulk-delete to sync."}
[CloudSync][push] upsertAnnotationsByPage: nothing to push (0 rows) {"documentId":"1a7f57f8-3796-470e-afd2-f38919a873b3","pdfId":"sync-test.pdf-2489"}
[CloudSync][hook] fabric push synced {"count":0}
[SVG p1] render — 0 objs, viewBox=612x792
[CloudSync][hydrate] loadAllNonHighlightAnnotations start {"documentId":"1a7f57f8-3796-470e-afd2-f38919a873b3"}
[SVG p1] render — 0 objs, viewBox=612x792
[SVG p1] render — 0 objs, viewBox=612x792
[CloudSync][hydrate] loadAllNonHighlightAnnotations ok {"elapsedMs":400,"totalRowsScanned":125,"scanned":{"nonHighlight":17,"legacyFabricHighlights":108},"totalRows":125,"rowsByType":{"ink":17,"highlight":108},"pagesWithObjects":1,"calloutCount":0}
[CloudSync][verify] first read summary {"contextLabel":"focus-rehydrate","documentId":"1a7f57f8-3796-470e-afd2-f38919a873b3","elapsedMs":400,"firstFabricPages":1,"firstFabricObjects":125,"firstCallouts":0,"firstEmpty":false,"localFabricCount":0,"localCalloutCount":0,"localHasData":false,"willVerify":false}
[SVG p1] render — 0 objs, viewBox=612x792
[CloudSync][hook][state-obs] change {"prevCount":0,"currentCount":0,"delta":0,"hydrated":true,"sameRefAsLastByPage":true}
[CloudSync][hook][state-obs] callout change {"prevCount":0,"currentCount":0,"delta":0,"hydrated":true,"sameRefAsLastCallouts":true}
[SVG p1] render — 0 objs, viewBox=612x792
[SVG p1] render — 0 objs, viewBox=612x792
[DrawCanvas p1] MOUNT — tool=pen, isShape=false, isDrawingMode=true
[DrawCanvas p1] shape effect — tool=pen, isShape=false, isDrawingMode=true
[SVG p1] render — 0 objs, viewBox=612x792
[SVG p1] render — 0 objs, viewBox=612x792
[SVG p1] render — 0 objs, viewBox=612x792
[SVG p1] render — 1 objs, viewBox=612x792
[SVG p1] MOUNT — 1 annotations, 0 callouts, viewBox=612x792
[CloudSync][hook][state-obs] change {"prevCount":0,"currentCount":1,"delta":1,"hydrated":true,"sameRefAsLastByPage":false}
[CloudSync][hook] fabric state changed — debounce push scheduled {"pageCount":1,"objectCount":1,"priorObjectCount":0,"isWipePush":false,"debounceMs":800}
[SVG p1] render — 1 objs, viewBox=612x792
[CloudSync][hook] fabric push debounce elapsed — pushing now
console.warn @ [CloudSync][push] upsertAnnotationsByPage SHORT-CIRCUITED by __crdtForceLegacyFail test seam (post-serialize)
console.warn @ [CloudSync][hook] legacy bulk push failed → delta-enqueued into CRDT dual-write queue {"pdfId":"sync-test.pdf-2489","documentId":"1a7f57f8-3796-470e-afd2-f38919a873b3","userId":"170d915c-5741-4e0b-b03f-deaeedae27bd","enqueuedCount":1,"skippedExisting":0,"skippedImportedOrFiltered":0,"skippedNoId":0,"priorBaselineSize":0,"error":"test-seam: __crdtForceLegacyFail (live upsertAnnotationsByPage)"}
console.warn @ [CloudSync][hook] fabric push failed → queued {"pdfId":"sync-test.pdf-2489","documentId":"1a7f57f8-3796-470e-afd2-f38919a873b3","error":"test-seam: __crdtForceLegacyFail (live upsertAnnotationsByPage)"}
[SVG p1] render — 1 objs, viewBox=612x792
[SVG p1] render — 1 objs, viewBox=612x792
[SVG p1] render — 1 objs, viewBox=612x792
[SVG p1] render — 1 objs, viewBox=612x792
[SVG p1] render — 1 objs, viewBox=612x792
console.warn @ [SyncChip] manual retry attempt 1/4
console.warn @ [CloudSync][push] upsertAnnotationsByPage SHORT-CIRCUITED by __crdtForceLegacyFail test seam (post-serialize)
console.warn @ [CloudSync][push] upsertAnnotationsByPage SHORT-CIRCUITED by __crdtForceLegacyFail test seam (post-serialize)
console.warn @ [SyncChip] manual retry attempt 1 failed forceFlush: legacy upsertAnnotationsByPage failed — test-seam: __crdtForceLegacyFail (live upsertAnnotationsByPage)
[SVG p1] render — 1 objs, viewBox=612x792
console.warn @ [SyncChip] manual retry attempt 2/4
console.warn @ [CloudSync][push] upsertAnnotationsByPage SHORT-CIRCUITED by __crdtForceLegacyFail test seam (post-serialize)
console.warn @ [CloudSync][push] upsertAnnotationsByPage SHORT-CIRCUITED by __crdtForceLegacyFail test seam (post-serialize)
console.warn @ [SyncChip] manual retry attempt 2 failed forceFlush: legacy upsertAnnotationsByPage failed — test-seam: __crdtForceLegacyFail (live upsertAnnotationsByPage)
console.warn @ [SyncChip] manual retry attempt 3/4
console.warn @ [CloudSync][push] upsertAnnotationsByPage SHORT-CIRCUITED by __crdtForceLegacyFail test seam (post-serialize)
console.warn @ [CloudSync][push] upsertAnnotationsByPage SHORT-CIRCUITED by __crdtForceLegacyFail test seam (post-serialize)
console.warn @ [SyncChip] manual retry attempt 3 failed forceFlush: legacy upsertAnnotationsByPage failed — test-seam: __crdtForceLegacyFail (live upsertAnnotationsByPage)
console.warn @ [SyncChip] manual retry attempt 4/4
console.warn @ [CloudSync][push] upsertAnnotationsByPage SHORT-CIRCUITED by __crdtForceLegacyFail test seam (post-serialize)
console.warn @ [CloudSync][push] upsertAnnotationsByPage SHORT-CIRCUITED by __crdtForceLegacyFail test seam (post-serialize)
console.warn @ [SyncChip] manual retry attempt 4 failed forceFlush: legacy upsertAnnotationsByPage failed — test-seam: __crdtForceLegacyFail (live upsertAnnotationsByPage)
console.warn @ [SyncChip] manual retry: all attempts failed; leaving chip in current state