===== SurveyApp Save Log =====
version:   0.1.45
runtime:   dev-server
platform:  desktop
device:    Mac
os:        macOS 10.15.7
screen:    1512x982 @2x
viewport:  1512x826
locale:    en-US
timestamp: 2026-05-14T17:23:57.950Z (5/14/2026, 1:23:57 PM)
==============================
[PreviewDiag] sync push {"gestureId":"gesture-2","totalAfterRelease":1,"kind":"fabric","count":1,"changedObjectCount":1,"deletedCount":0,"pageCount":1}
[CloudSync][status] transition {"from":"syncing","to":"synced","kind":"fabric","phase":null,"count":1,"queued":false,"error":null}
[CloudSync][realtime] echo-filtered UPDATE {"highlightId":"e2d9dc2c-3ac5-4ee7-8520-da76172892b1","annotationType":"ink","lastModifiedBy":"170d915c-5741-4e0b-b03f-deaeedae27bd","rowSessionId":"2dfa9d7f-b004-4a50-8f9b-7e5e6cb3ff6c","currentSessionId":"2dfa9d7f-b004-4a50-8f9b-7e5e6cb3ff6c","reason":"same-session"}
[PreviewDiag] summary move started, 63 preview frames, 1 sync writes during drag, 1 sync deferrals during drag, 0 backup writes during drag, 1 commit on release, 1 sync push after release, 0 backup writes after release {"id":"gesture-2","durationMs":2587.2,"pointerDown":false,"surface":"App.handleSaveAnnotations","tool":"select","type":"path","action":"move","annotationId":"e2d9dc2c-3ac5-4ee7-8520-da76172892b1","handleId":null,"partType":null,"source":"object:modified","pageNumber":1,"objectDelta":0,"previousObjectCount":8,"nextObjectCount":8,"changedObjectsCount":0,"checkpointPolicy":"normal","reason":"settled"}
[PreviewDiag] start {"pointerDown":true,"surface":"SVGAnnotationLayer","tool":"select","type":"path","action":"move","annotationId":"5d78c223-917e-4a5d-a9cd-887502f5ac83"}
[PreviewDiag] preview {"id":"gesture-3","frames":1,"pointerDown":true,"surface":"SVGAnnotationLayer","tool":"select","type":"path","action":"move","annotationId":"5d78c223-917e-4a5d-a9cd-887502f5ac83","handleId":null,"partType":null}
[PreviewDiag] preview {"id":"gesture-3","frames":25,"pointerDown":true,"surface":"SVGAnnotationLayer","tool":"select","type":"path","action":"move","annotationId":"5d78c223-917e-4a5d-a9cd-887502f5ac83","handleId":null,"partType":null}
[PreviewDiag] preview {"id":"gesture-3","frames":50,"pointerDown":true,"surface":"SVGAnnotationLayer","tool":"select","type":"path","action":"move","annotationId":"5d78c223-917e-4a5d-a9cd-887502f5ac83","handleId":null,"partType":null}
[PreviewDiag] preview {"id":"gesture-3","frames":75,"pointerDown":true,"surface":"SVGAnnotationLayer","tool":"select","type":"path","action":"move","annotationId":"5d78c223-917e-4a5d-a9cd-887502f5ac83","handleId":null,"partType":null}
[PreviewDiag] preview {"id":"gesture-3","frames":100,"pointerDown":true,"surface":"SVGAnnotationLayer","tool":"select","type":"path","action":"move","annotationId":"5d78c223-917e-4a5d-a9cd-887502f5ac83","handleId":null,"partType":null}
[PreviewDiag] preview {"id":"gesture-3","frames":125,"pointerDown":true,"surface":"SVGAnnotationLayer","tool":"select","type":"path","action":"move","annotationId":"5d78c223-917e-4a5d-a9cd-887502f5ac83","handleId":null,"partType":null}
[PreviewDiag] preview {"id":"gesture-3","frames":150,"pointerDown":true,"surface":"SVGAnnotationLayer","tool":"select","type":"path","action":"move","annotationId":"5d78c223-917e-4a5d-a9cd-887502f5ac83","handleId":null,"partType":null}
[PreviewDiag] preview {"id":"gesture-3","frames":175,"pointerDown":true,"surface":"SVGAnnotationLayer","tool":"select","type":"path","action":"move","annotationId":"5d78c223-917e-4a5d-a9cd-887502f5ac83","handleId":null,"partType":null}
[PreviewDiag] preview {"id":"gesture-3","frames":200,"pointerDown":true,"surface":"SVGAnnotationLayer","tool":"select","type":"path","action":"move","annotationId":"5d78c223-917e-4a5d-a9cd-887502f5ac83","handleId":null,"partType":null}
[PreviewDiag] preview {"id":"gesture-3","frames":225,"pointerDown":true,"surface":"SVGAnnotationLayer","tool":"select","type":"path","action":"move","annotationId":"5d78c223-917e-4a5d-a9cd-887502f5ac83","handleId":null,"partType":null}
[PreviewDiag] preview {"id":"gesture-3","frames":250,"pointerDown":true,"surface":"SVGAnnotationLayer","tool":"select","type":"path","action":"move","annotationId":"5d78c223-917e-4a5d-a9cd-887502f5ac83","handleId":null,"partType":null}
[PreviewDiag] preview {"id":"gesture-3","frames":275,"pointerDown":true,"surface":"SVGAnnotationLayer","tool":"select","type":"path","action":"move","annotationId":"5d78c223-917e-4a5d-a9cd-887502f5ac83","handleId":null,"partType":null}
[PreviewDiag] preview {"id":"gesture-3","frames":300,"pointerDown":true,"surface":"SVGAnnotationLayer","tool":"select","type":"path","action":"move","annotationId":"5d78c223-917e-4a5d-a9cd-887502f5ac83","handleId":null,"partType":null}
[PreviewDiag] preview {"id":"gesture-3","frames":325,"pointerDown":true,"surface":"SVGAnnotationLayer","tool":"select","type":"path","action":"move","annotationId":"5d78c223-917e-4a5d-a9cd-887502f5ac83","handleId":null,"partType":null}
[PreviewDiag] pointer release {"id":"gesture-3","frames":327,"pointerDown":false,"surface":"SVGAnnotationLayer","tool":"select","type":"path","action":"move","annotationId":"5d78c223-917e-4a5d-a9cd-887502f5ac83","handleId":null,"partType":null}
[PreviewDiag] final commit {"id":"gesture-3","commits":1,"pointerDown":false,"surface":"App.handleSaveAnnotations","tool":"select","type":"path","action":"move","annotationId":"5d78c223-917e-4a5d-a9cd-887502f5ac83","handleId":null,"partType":null,"source":"object:modified","pageNumber":1,"objectDelta":0,"previousObjectCount":8,"nextObjectCount":8,"changedObjectsCount":0,"checkpointPolicy":"normal"}
[CounterRenumber] skipped {"pageNumber":1,"source":"object:modified","action":"move","reason":"non-numbering-save","preserveExistingCounters":true,"intentionalCounterChangeIds":[]}
[UndoDiag] {"seq":9,"order":3,"at":"2026-05-14T17:16:38.673Z","event":"local_annotation_history_added","actionType":"text edit","rawActionType":"fabric:update","annotationType":"path","annotationId":"5d78c223-917e-4a5d-a9cd-887502f5ac83","pageNumber":1,"lane":"local annotation history","receivedStack":"localAnnotationUndo","chosenStack":null,"chosenLane":"local annotation history","decisionReason":null,"undoDepth":3,"redoDepth":0}
[CloudSync][hook] fabric state changed — debounce push scheduled {"pageCount":1,"objectCount":8,"priorObjectCount":8,"isWipePush":false,"deferredUntilPointerUp":false,"debounceMs":800}
[CloudSync][status] transition {"from":"synced","to":"pending","kind":"fabric","phase":null,"count":null,"queued":false,"error":null}
[CloudSync][hook] fabric push debounce elapsed — pushing now {"debounceMs":800,"debounceElapsedMs":801,"deferredQueuedMs":null,"actionType":"move"}
[Phase31 UAT] save:start {"documentId":"484e4280-bca3-4ebe-bde7-d9371da0f528","pdfId":"test.pdf-2462","userId":"170d915c-5741-4e0b-b03f-deaeedae27bd","legacyBulkUpsertEnabled":false,"crdtEnabled":true,"ydocMounted":true,"route":"supabase-durable-then-crdt","currentTotal":8,"currentDrawnByMe":0,"currentDrawnByOthers":8,"currentImported":0,"priorTotal":8,"priorDrawnByMe":0,"priorImported":0,"deltaTotal":0}
[CloudSync][status] transition {"from":"pending","to":"syncing","kind":"fabric","phase":null,"count":null,"queued":false,"error":null}
[CloudSync][delta] fabric prepared {"actionType":"move","changedIds":["5d78c223-917e-4a5d-a9cd-887502f5ac83"],"deletedIds":[],"changedObjectCount":1,"changedCount":1,"dispatchedCount":1,"supabaseUpsertCount":1,"yDocUpdateCount":1,"debounceMs":800,"debounceElapsedMs":801,"fullFanOutReason":null,"totalObjectCount":8,"priorObjectCount":8,"preciseSource":null,"preciseDeletedCount":null,"preciseChangedCount":null}
[CloudSync][push] upsertAnnotationsByPage start {"documentId":"484e4280-bca3-4ebe-bde7-d9371da0f528","pdfId":"test.pdf-2462","userId":"170d915c-5741-4e0b-b03f-deaeedae27bd","actionType":"move","changedIds":["5d78c223-917e-4a5d-a9cd-887502f5ac83"],"changedCount":1,"dispatchedCount":1,"supabaseUpsertCount":1,"debounceMs":800,"debounceElapsedMs":801,"fullFanOutReason":null,"totalRows":1,"userDrawnObjects":1,"importedObjects":0,"rowsByType":{"ink":1},"pages":1}
[CloudSync][push] upsertAnnotationsByPage ok {"elapsedMs":79,"pdfId":"test.pdf-2462","actionType":"move","supabaseUpsertCount":1,"rowsReturned":1}
[UndoDiag] {"seq":12,"order":null,"at":"2026-05-14T17:16:39.555Z","event":"yjs_history_added","actionType":"undo","rawActionType":"undo","annotationType":null,"annotationId":null,"pageNumber":null,"lane":"Yjs/CRDT history","receivedStack":"yjsUndoStack","chosenStack":null,"chosenLane":"Yjs/CRDT history","decisionReason":null,"undoDepth":2,"redoDepth":0}
[Phase31 UAT] save:fan-out done {"documentId":"484e4280-bca3-4ebe-bde7-d9371da0f528","pdfId":"test.pdf-2462","userId":"170d915c-5741-4e0b-b03f-deaeedae27bd","actionType":"move","dispatched":1,"yDocUpdateCount":1,"detected":1,"skippedHighlightOrCallout":0,"skippedOtherType":0,"rawTypeBreakdown":{"pen":1},"resolvedTypeBreakdown":{"ink":1},"skipReasons":{},"skipSamples":[],"yMapSizeAfter":8}
[CloudSync][hook] fabric push synced {"count":1}
[PreviewDiag] sync push {"gestureId":"gesture-3","totalAfterRelease":1,"kind":"fabric","count":1,"changedObjectCount":1,"deletedCount":0,"pageCount":1}
[CloudSync][status] transition {"from":"syncing","to":"synced","kind":"fabric","phase":null,"count":1,"queued":false,"error":null}
[CloudSync][realtime] echo-filtered UPDATE {"highlightId":"5d78c223-917e-4a5d-a9cd-887502f5ac83","annotationType":"ink","lastModifiedBy":"170d915c-5741-4e0b-b03f-deaeedae27bd","rowSessionId":"2dfa9d7f-b004-4a50-8f9b-7e5e6cb3ff6c","currentSessionId":"2dfa9d7f-b004-4a50-8f9b-7e5e6cb3ff6c","reason":"same-session"}
[PHASE35][marquee.filter][pdf=test.pdf] {"stage":"filtered","viewerId":"170d915c-5741-4e0b-b03f-deaeedae27bd","documentOwnerId":"170d915c-5741-4e0b-b03f-deaeedae27bd","role":"owner","hitsIn":1,"hitsOut":1,"droppedCount":0,"perAnnotation":[{"index":7,"present":true,"annotationId":"5d78c223-917e-4a5d-a9cd-887502f5ac83","authorId":"170d915c-5741-4e0b-b03f-deaeedae27bd","type":"path","decision":"ALLOW"}],"sameRefReturned":true}
[PreviewDiag] start {"pointerDown":true,"surface":"SVGAnnotationLayer","tool":"select","type":"path","action":"move","annotationId":"6cba3953-7e9d-4d42-aef8-f20c356462e7"}
[PreviewDiag] preview {"id":"gesture-4","frames":1,"pointerDown":true,"surface":"SVGAnnotationLayer","tool":"select","type":"path","action":"move","annotationId":"6cba3953-7e9d-4d42-aef8-f20c356462e7","handleId":null,"partType":null}
[PreviewDiag] pointer release {"id":"gesture-4","frames":3,"pointerDown":false,"surface":"SVGAnnotationLayer","tool":"select","type":"path","action":"move","annotationId":"6cba3953-7e9d-4d42-aef8-f20c356462e7","handleId":null,"partType":null}
[PreviewDiag] summary move started, 327 preview frames, 0 sync writes during drag, 0 sync deferrals during drag, 0 backup writes during drag, 1 commit on release, 1 sync push after release, 0 backup writes after release {"id":"gesture-3","durationMs":3815.2,"pointerDown":false,"surface":"App.handleSaveAnnotations","tool":"select","type":"path","action":"move","annotationId":"5d78c223-917e-4a5d-a9cd-887502f5ac83","handleId":null,"partType":null,"source":"object:modified","pageNumber":1,"objectDelta":0,"previousObjectCount":8,"nextObjectCount":8,"changedObjectsCount":0,"checkpointPolicy":"normal","reason":"settled"}
[SVGAnnotationLayer] setRotInputVisible(false) reason=selectedIds.size !== 1
[DrawCanvas p1] MOUNT — tool=pen, isShape=false, isDrawingMode=true
[DrawCanvas p1] shape effect — tool=pen, isShape=false, isDrawingMode=true
[PreviewDiag] summary move started, 3 preview frames, 0 sync writes during drag, 0 sync deferrals during drag, 0 backup writes during drag, 0 commits on release, 0 sync pushes after release, 0 backup writes after release {"id":"gesture-4","durationMs":1484.6,"pointerDown":false,"surface":"SVGAnnotationLayer","tool":"select","type":"path","action":"move","annotationId":"6cba3953-7e9d-4d42-aef8-f20c356462e7","handleId":null,"partType":null,"reason":"settled"}
[PreviewDiag] preview {"id":"gesture-4","frames":25,"pointerDown":false,"surface":"SVGAnnotationLayer","tool":"select","type":"path","action":"pen-stroke","annotationId":"6cba3953-7e9d-4d42-aef8-f20c356462e7","handleId":null,"partType":null}
[PreviewDiag] start {"pointerDown":true,"surface":"FabricDrawingCanvas","tool":"pen","type":"path","action":"pen-stroke","pageNumber":1,"annotationId":null}
[PreviewDiag] pointer release {"id":"gesture-5","frames":0,"pointerDown":false,"surface":"FabricDrawingCanvas","tool":"pen","type":"path","action":"pen-stroke","pageNumber":1,"annotationId":"4441c95e-9702-41ad-bedf-2085c3d7e6bf"}
[PreviewDiag] final commit {"id":"gesture-5","commits":1,"pointerDown":false,"surface":"App.handleSaveAnnotations","tool":"pen","type":"path","action":"path:created","pageNumber":1,"annotationId":"4441c95e-9702-41ad-bedf-2085c3d7e6bf","source":"path:created","objectDelta":1,"previousObjectCount":8,"nextObjectCount":9,"changedObjectsCount":1,"checkpointPolicy":"normal"}
[CounterRenumber] skipped {"pageNumber":1,"source":"path:created","action":"path:created","reason":"non-numbering-save","preserveExistingCounters":true,"intentionalCounterChangeIds":[]}
[UndoDiag] {"seq":13,"order":4,"at":"2026-05-14T17:16:43.076Z","event":"local_annotation_history_added","actionType":"create","rawActionType":"fabric:create","annotationType":"path","annotationId":"4441c95e-9702-41ad-bedf-2085c3d7e6bf","pageNumber":1,"lane":"local annotation history","receivedStack":"localAnnotationUndo","chosenStack":null,"chosenLane":"local annotation history","decisionReason":null,"undoDepth":4,"redoDepth":0}
[CloudSync][hook] fabric state changed — debounce push scheduled {"pageCount":1,"objectCount":9,"priorObjectCount":8,"isWipePush":false,"deferredUntilPointerUp":false,"debounceMs":800}
[CloudSync][status] transition {"from":"synced","to":"pending","kind":"fabric","phase":null,"count":null,"queued":false,"error":null}
[PreviewDiag] preview {"id":"gesture-5","frames":1,"pointerDown":false,"surface":"App.handleSaveAnnotations","tool":"pen","type":"path","action":"pen-stroke","pageNumber":1,"annotationId":"4441c95e-9702-41ad-bedf-2085c3d7e6bf","source":"path:created","objectDelta":1,"previousObjectCount":8,"nextObjectCount":9,"changedObjectsCount":1,"checkpointPolicy":"normal"}
[PreviewDiag] preview {"id":"gesture-5","frames":25,"pointerDown":false,"surface":"App.handleSaveAnnotations","tool":"pen","type":"path","action":"pen-stroke","pageNumber":1,"annotationId":"4441c95e-9702-41ad-bedf-2085c3d7e6bf","source":"path:created","objectDelta":1,"previousObjectCount":8,"nextObjectCount":9,"changedObjectsCount":1,"checkpointPolicy":"normal"}
[PreviewDiag] start {"pointerDown":true,"surface":"FabricDrawingCanvas","tool":"pen","type":"path","action":"pen-stroke","pageNumber":1,"annotationId":null}
[PreviewDiag] pointer release {"id":"gesture-6","frames":0,"pointerDown":false,"surface":"FabricDrawingCanvas","tool":"pen","type":"path","action":"pen-stroke","pageNumber":1,"annotationId":"b78d84d5-8dab-4530-93de-f8d59c31f9c0"}
[PreviewDiag] final commit {"id":"gesture-6","commits":1,"pointerDown":false,"surface":"App.handleSaveAnnotations","tool":"pen","type":"path","action":"path:created","pageNumber":1,"annotationId":"b78d84d5-8dab-4530-93de-f8d59c31f9c0","source":"path:created","objectDelta":1,"previousObjectCount":9,"nextObjectCount":10,"changedObjectsCount":1,"checkpointPolicy":"normal"}
[CounterRenumber] skipped {"pageNumber":1,"source":"path:created","action":"path:created","reason":"non-numbering-save","preserveExistingCounters":true,"intentionalCounterChangeIds":[]}
[UndoDiag] {"seq":16,"order":5,"at":"2026-05-14T17:16:43.512Z","event":"local_annotation_history_added","actionType":"create","rawActionType":"fabric:create","annotationType":"path","annotationId":"b78d84d5-8dab-4530-93de-f8d59c31f9c0","pageNumber":1,"lane":"local annotation history","receivedStack":"localAnnotationUndo","chosenStack":null,"chosenLane":"local annotation history","decisionReason":null,"undoDepth":5,"redoDepth":0}
[CloudSync][hook] fabric state changed — debounce push scheduled {"pageCount":1,"objectCount":10,"priorObjectCount":9,"isWipePush":false,"deferredUntilPointerUp":false,"debounceMs":800}
[CloudSync][status] transition {"from":"pending","to":"pending","kind":"fabric","phase":null,"count":null,"queued":false,"error":null}
[PreviewDiag] preview {"id":"gesture-6","frames":1,"pointerDown":false,"surface":"App.handleSaveAnnotations","tool":"pen","type":"path","action":"pen-stroke","pageNumber":1,"annotationId":"b78d84d5-8dab-4530-93de-f8d59c31f9c0","source":"path:created","objectDelta":1,"previousObjectCount":9,"nextObjectCount":10,"changedObjectsCount":1,"checkpointPolicy":"normal"}
[PreviewDiag] preview {"id":"gesture-6","frames":25,"pointerDown":false,"surface":"App.handleSaveAnnotations","tool":"pen","type":"path","action":"pen-stroke","pageNumber":1,"annotationId":"b78d84d5-8dab-4530-93de-f8d59c31f9c0","source":"path:created","objectDelta":1,"previousObjectCount":9,"nextObjectCount":10,"changedObjectsCount":1,"checkpointPolicy":"normal"}
[PreviewDiag] preview {"id":"gesture-6","frames":50,"pointerDown":false,"surface":"App.handleSaveAnnotations","tool":"pen","type":"path","action":"pen-stroke","pageNumber":1,"annotationId":"b78d84d5-8dab-4530-93de-f8d59c31f9c0","source":"path:created","objectDelta":1,"previousObjectCount":9,"nextObjectCount":10,"changedObjectsCount":1,"checkpointPolicy":"normal"}
[PreviewDiag] start {"pointerDown":true,"surface":"FabricDrawingCanvas","tool":"pen","type":"path","action":"pen-stroke","pageNumber":1,"annotationId":null}
[CloudSync][status] transition {"from":"pending","to":"pending","kind":"fabric","phase":null,"count":null,"queued":false,"error":null}
[PreviewDiag] sync attempted while pointer down {"gestureId":"gesture-7","deferred":true,"kind":"fabric","pointerDown":true,"count":1,"pageCount":1,"objectCount":10,"priorObjectCount":9}
[CloudSync][hook] fabric push deferred at flush — pointer is down {"pageCount":1,"objectCount":10,"priorObjectCount":9,"preciseSource":null}
[PreviewDiag] preview {"id":"gesture-7","frames":1,"pointerDown":true,"surface":"FabricDrawingCanvas","tool":"pen","type":"path","action":"pen-stroke","pageNumber":1,"annotationId":null}
[PreviewDiag] summary path:created started, 32 preview frames, 0 sync writes during drag, 0 sync deferrals during drag, 0 backup writes during drag, 1 commit on release, 0 sync pushes after release, 0 backup writes after release {"id":"gesture-5","durationMs":1488.7,"pointerDown":false,"surface":"App.handleSaveAnnotations","tool":"pen","type":"path","action":"path:created","pageNumber":1,"annotationId":"4441c95e-9702-41ad-bedf-2085c3d7e6bf","source":"path:created","objectDelta":1,"previousObjectCount":8,"nextObjectCount":9,"changedObjectsCount":1,"checkpointPolicy":"normal","reason":"settled"}
[PreviewDiag] preview {"id":"gesture-7","frames":25,"pointerDown":true,"surface":"FabricDrawingCanvas","tool":"pen","type":"path","action":"pen-stroke","pageNumber":1,"annotationId":null}
[PreviewDiag] preview {"id":"gesture-7","frames":50,"pointerDown":true,"surface":"FabricDrawingCanvas","tool":"pen","type":"path","action":"pen-stroke","pageNumber":1,"annotationId":null}
[PreviewDiag] summary path:created started, 58 preview frames, 0 sync writes during drag, 0 sync deferrals during drag, 0 backup writes during drag, 1 commit on release, 0 sync pushes after release, 0 backup writes after release {"id":"gesture-6","durationMs":1476.3,"pointerDown":false,"surface":"App.handleSaveAnnotations","tool":"pen","type":"path","action":"path:created","pageNumber":1,"annotationId":"b78d84d5-8dab-4530-93de-f8d59c31f9c0","source":"path:created","objectDelta":1,"previousObjectCount":9,"nextObjectCount":10,"changedObjectsCount":1,"checkpointPolicy":"normal","reason":"settled"}
[CloudSync][hook] fabric state changed — debounce push scheduled {"pageCount":1,"objectCount":10,"priorObjectCount":9,"isWipePush":false,"deferredUntilPointerUp":false,"debounceMs":800}
[CloudSync][status] transition {"from":"pending","to":"pending","kind":"fabric","phase":null,"count":null,"queued":false,"error":null}
[PreviewDiag] pointer release {"id":"gesture-7","frames":68,"pointerDown":false,"surface":"FabricDrawingCanvas","tool":"pen","type":"path","action":"pen-stroke","pageNumber":1,"annotationId":"2999e382-7891-4168-804c-634cbc838add"}
[PreviewDiag] final commit {"id":"gesture-7","commits":1,"pointerDown":false,"surface":"App.handleSaveAnnotations","tool":"pen","type":"path","action":"path:created","pageNumber":1,"annotationId":"2999e382-7891-4168-804c-634cbc838add","source":"path:created","objectDelta":1,"previousObjectCount":10,"nextObjectCount":11,"changedObjectsCount":1,"checkpointPolicy":"normal"}
[CounterRenumber] skipped {"pageNumber":1,"source":"path:created","action":"path:created","reason":"non-numbering-save","preserveExistingCounters":true,"intentionalCounterChangeIds":[]}
[UndoDiag] {"seq":19,"order":6,"at":"2026-05-14T17:16:45.053Z","event":"local_annotation_history_added","actionType":"create","rawActionType":"fabric:create","annotationType":"path","annotationId":"2999e382-7891-4168-804c-634cbc838add","pageNumber":1,"lane":"local annotation history","receivedStack":"localAnnotationUndo","chosenStack":null,"chosenLane":"local annotation history","decisionReason":null,"undoDepth":6,"redoDepth":0}
[CloudSync][hook] fabric state changed — debounce push scheduled {"pageCount":1,"objectCount":11,"priorObjectCount":10,"isWipePush":false,"deferredUntilPointerUp":false,"debounceMs":800}
[CloudSync][status] transition {"from":"pending","to":"pending","kind":"fabric","phase":null,"count":null,"queued":false,"error":null}
[PreviewDiag] preview {"id":"gesture-7","frames":75,"pointerDown":false,"surface":"App.handleSaveAnnotations","tool":"pen","type":"path","action":"pen-stroke","pageNumber":1,"annotationId":"2999e382-7891-4168-804c-634cbc838add","source":"path:created","objectDelta":1,"previousObjectCount":10,"nextObjectCount":11,"changedObjectsCount":1,"checkpointPolicy":"normal"}
[PreviewDiag] preview {"id":"gesture-7","frames":100,"pointerDown":false,"surface":"App.handleSaveAnnotations","tool":"pen","type":"path","action":"pen-stroke","pageNumber":1,"annotationId":"2999e382-7891-4168-804c-634cbc838add","source":"path:created","objectDelta":1,"previousObjectCount":10,"nextObjectCount":11,"changedObjectsCount":1,"checkpointPolicy":"normal"}
[CloudSync][hook] fabric push debounce elapsed — pushing now {"debounceMs":800,"debounceElapsedMs":801,"deferredQueuedMs":null,"actionType":"path:created"}
[Phase31 UAT] save:start {"documentId":"484e4280-bca3-4ebe-bde7-d9371da0f528","pdfId":"test.pdf-2462","userId":"170d915c-5741-4e0b-b03f-deaeedae27bd","legacyBulkUpsertEnabled":false,"crdtEnabled":true,"ydocMounted":true,"route":"supabase-durable-then-crdt","currentTotal":11,"currentDrawnByMe":0,"currentDrawnByOthers":11,"currentImported":0,"priorTotal":10,"priorDrawnByMe":0,"priorImported":0,"deltaTotal":1}
[CloudSync][status] transition {"from":"pending","to":"syncing","kind":"fabric","phase":null,"count":null,"queued":false,"error":null}
[CloudSync][delta] fabric prepared {"actionType":"path:created","changedIds":["2999e382-7891-4168-804c-634cbc838add"],"deletedIds":[],"changedObjectCount":1,"changedCount":1,"dispatchedCount":1,"supabaseUpsertCount":1,"yDocUpdateCount":1,"debounceMs":800,"debounceElapsedMs":801,"fullFanOutReason":null,"totalObjectCount":11,"priorObjectCount":10,"preciseSource":null,"preciseDeletedCount":null,"preciseChangedCount":null}
[CloudSync][push] upsertAnnotationsByPage start {"documentId":"484e4280-bca3-4ebe-bde7-d9371da0f528","pdfId":"test.pdf-2462","userId":"170d915c-5741-4e0b-b03f-deaeedae27bd","actionType":"path:created","changedIds":["2999e382-7891-4168-804c-634cbc838add"],"changedCount":1,"dispatchedCount":1,"supabaseUpsertCount":1,"debounceMs":800,"debounceElapsedMs":801,"fullFanOutReason":null,"totalRows":1,"userDrawnObjects":1,"importedObjects":0,"rowsByType":{"ink":1},"pages":1}
[CloudSync][push] upsertAnnotationsByPage ok {"elapsedMs":113,"pdfId":"test.pdf-2462","actionType":"path:created","supabaseUpsertCount":1,"rowsReturned":1}
[UndoDiag] {"seq":22,"order":null,"at":"2026-05-14T17:16:45.971Z","event":"yjs_history_added","actionType":"undo","rawActionType":"undo","annotationType":null,"annotationId":null,"pageNumber":null,"lane":"Yjs/CRDT history","receivedStack":"yjsUndoStack","chosenStack":null,"chosenLane":"Yjs/CRDT history","decisionReason":null,"undoDepth":3,"redoDepth":0}
[Phase31 UAT] save:fan-out done {"documentId":"484e4280-bca3-4ebe-bde7-d9371da0f528","pdfId":"test.pdf-2462","userId":"170d915c-5741-4e0b-b03f-deaeedae27bd","actionType":"path:created","dispatched":1,"yDocUpdateCount":1,"detected":1,"skippedHighlightOrCallout":0,"skippedOtherType":0,"rawTypeBreakdown":{"pen":1},"resolvedTypeBreakdown":{"ink":1},"skipReasons":{},"skipSamples":[],"yMapSizeAfter":9}
[CloudSync][hook] fabric push synced {"count":1}
[PreviewDiag] sync push {"gestureId":"gesture-7","totalAfterRelease":1,"kind":"fabric","count":1,"changedObjectCount":1,"deletedCount":0,"pageCount":1}
[CloudSync][status] transition {"from":"syncing","to":"synced","kind":"fabric","phase":null,"count":1,"queued":false,"error":null}
[CloudSync][realtime] echo-filtered INSERT {"highlightId":"2999e382-7891-4168-804c-634cbc838add","annotationType":"ink","lastModifiedBy":"170d915c-5741-4e0b-b03f-deaeedae27bd","rowSessionId":"2dfa9d7f-b004-4a50-8f9b-7e5e6cb3ff6c","currentSessionId":"2dfa9d7f-b004-4a50-8f9b-7e5e6cb3ff6c","reason":"same-session"}
[PreviewDiag] summary path:created started, 121 preview frames, 1 sync writes during drag, 1 sync deferrals during drag, 0 backup writes during drag, 1 commit on release, 1 sync push after release, 0 backup writes after release {"id":"gesture-7","durationMs":3144,"pointerDown":false,"surface":"App.handleSaveAnnotations","tool":"pen","type":"path","action":"path:created","pageNumber":1,"annotationId":"2999e382-7891-4168-804c-634cbc838add","source":"path:created","objectDelta":1,"previousObjectCount":10,"nextObjectCount":11,"changedObjectsCount":1,"checkpointPolicy":"normal","reason":"settled"}
[PDFSaveExport] action start {"actionType":"pdf-export","documentId":"484e4280-bca3-4ebe-bde7-d9371da0f528","supabaseAnnotationSaveRan":false,"pdfBytesGenerated":false,"localFilesystemWrite":false,"outputPath":null,"annotationCountsByType":{"path":7,"circle":4,"highlight":2},"annotationCountSummary":{"totalObjects":11,"calloutCount":0,"highlightCount":2,"importedPdfObjects":0,"byType":{"path":7,"circle":4,"highlight":2}},"embeddedPdfNativeAnnotationHandling":"preserve-native-layer-and-skip-imported-app-copies","note":"Explicit export generates a PDF copy. Imported PDF-native annotations remain in the source PDF and their app-imported copies are skipped during export to avoid duplication."}
[PDFSaveExport] pdf bytes generated {"actionType":"pdf-export","documentId":"484e4280-bca3-4ebe-bde7-d9371da0f528","pdfBytesGenerated":true,"byteLength":13017,"exportContract":{"version":1,"defaultScope":"all-app-created-annotations-for-document","includedScopes":["canvas","survey","region","survey-region"],"importedPdfNativeHandling":"preserve-existing-pdf-native-annots-and-skip-imported-app-copies","visibilityHandling":"export-all-app-created-annotations-independent-of-current-ui-visibility"},"exportDiagnostics":{"totalObjectsConsidered":13,"objectsExported":13,"objectsSkipped":0,"pdfAnnotationsAdded":13,"byScope":{"canvas":11,"survey":2},"byType":{"path":7,"counter":4,"highlight":2},"bySource":{"fabric":11,"survey-highlight":2},"byRegion":{},"bySpace":{},"bySurvey":{"module-1763727070665-0.5714253201980415":2},"skippedByReason":{},"skipped":[]},"appObjectsSeen":13,"pdfAnnotationsAdded":13,"annotationCountsByType":{"path":7,"counter":4,"highlight":2},"annotationCountsByScope":{"canvas":11,"survey":2},"annotationCountsBySource":{"fabric":11,"survey-highlight":2},"annotationSkippedByReason":{},"embeddedPdfNativeAnnotationHandling":"preserve-existing-pdf-native-annots-and-skip-imported-app-copies","importedAppAnnotationsSkipped":0,"countersExported":4,"counterMetadataMarker":"survey-counter","counterMetadataKeys":["SurveyApp","Subj","NM","Contents"],"counterMetadataFailures":0,"localFilesystemWrite":false,"outputPath":null}
[Phase31 UAT] focus rehydrate skipped — doc is cutover-sealed, Y.Doc + realtime is source of truth {"documentId":"484e4280-bca3-4ebe-bde7-d9371da0f528","pdfId":"test.pdf-2462","cutoverTs":"2026-05-14T16:58:47.068+00:00","ydocAuthoritative":true}
[PDFSaveExport] action complete {"actionType":"pdf-export","documentId":"484e4280-bca3-4ebe-bde7-d9371da0f528","supabaseAnnotationSaveRan":false,"pdfBytesGenerated":true,"localFilesystemWrite":true,"outputPath":"/Users/isaiahcalvo/Desktop/1.pdf","annotationCountsByType":{"path":7,"circle":4,"highlight":2},"annotationCountSummary":{"totalObjects":11,"calloutCount":0,"highlightCount":2,"importedPdfObjects":0,"byType":{"path":7,"circle":4,"highlight":2}},"embeddedPdfNativeAnnotationHandling":"preserve-native-layer-and-skip-imported-app-copies"}
[Phase31 UAT] focus rehydrate skipped — doc is cutover-sealed, Y.Doc + realtime is source of truth {"documentId":"484e4280-bca3-4ebe-bde7-d9371da0f528","pdfId":"test.pdf-2462","cutoverTs":"2026-05-14T16:58:47.068+00:00","ydocAuthoritative":true}
[CloudSync][realtime] unsubscribing {"documentId":"484e4280-bca3-4ebe-bde7-d9371da0f528"}
[CloudSync][realtime] subscribe status {"status":"CLOSED","error":null}
[CloudSync][hook] session id minted {"sessionId":"fd8891bc-3a18-47f5-acf4-d9e11e0ed045"}
[CloudSync][hook] session id minted {"sessionId":"560f927c-fff2-4fe4-88f9-ba87ed952455"}
[CloudSync][hook][state-obs] annotationsByPage initial {"currentCount":0,"pages":0,"hydrated":false}
[CloudSync][hook][state-obs] callouts initial {"currentCount":0,"hydrated":false}
[CloudSync][hook] hydrate effect fired {"enabled":false,"hydrateEnabled":true,"documentId":"484e4280-bca3-4ebe-bde7-d9371da0f528","userId":"170d915c-5741-4e0b-b03f-deaeedae27bd","pdfId":null}
[CloudSync][hook] hydrate skipped — missing prerequisite {"hydrateEnabled":true,"hasDocumentId":true,"hasUserId":true,"hasPdfId":false}
[AnnotationHydrationGate][normal] {"documentId":"484e4280-bca3-4ebe-bde7-d9371da0f528","pdfId":null,"ready":false,"source":"missing-prerequisite","normalReady":false,"cutoverTs":null,"count":null,"calloutCount":null,"firstPaintGate":true}
[AnnotationHydrationGate][first-page] {"documentId":"484e4280-bca3-4ebe-bde7-d9371da0f528","pdfId":null,"pageNumber":1,"ready":false,"visualCoverActive":true,"normal":{"documentId":"484e4280-bca3-4ebe-bde7-d9371da0f528","pdfId":null,"ready":false,"source":"pending","firstPaintGate":true},"survey":{"ready":true,"source":"local"}}
[AnnotationHydrationGate][visual-cover] {"documentId":"484e4280-bca3-4ebe-bde7-d9371da0f528","pdfId":null,"pageNumber":1,"active":true,"reason":"annotation-hydration-gated"}
[Cloud render cache] doc=test.pdf-2462 painting verified cloud snapshot immediately — count=11.
[CSeries wipe] doc=test.pdf-2462 totalCounters=4 legacyRemoved=0 — nothing to wipe.
[Phase31 UAT] backfill:effect {"hasYdoc":true,"docId":"484e4280-bca3-4ebe-bde7-d9371da0f528","userId":null,"alreadyRanFor":null,"willRun":false}
[CloudSync][hook][state-obs] annotationsByPage initial {"currentCount":0,"pages":0,"hydrated":false}
[CloudSync][hook][state-obs] callouts initial {"currentCount":0,"hydrated":false}
[CloudSync][hook] hydrate effect fired {"enabled":false,"hydrateEnabled":false,"documentId":null,"userId":"170d915c-5741-4e0b-b03f-deaeedae27bd","pdfId":null}
[CloudSync][hook] hydrate skipped — missing prerequisite {"hydrateEnabled":false,"hasDocumentId":false,"hasUserId":true,"hasPdfId":false}
[AnnotationHydrationGate][normal] {"documentId":null,"pdfId":null,"ready":true,"source":"disabled","normalReady":true,"cutoverTs":null,"count":null,"calloutCount":null,"firstPaintGate":true}
[CSeries wipe] doc=1.pdf-13017 totalCounters=0 legacyRemoved=0 — nothing to wipe.
[CloudSync][hook] hydrate effect fired {"enabled":false,"hydrateEnabled":true,"documentId":"484e4280-bca3-4ebe-bde7-d9371da0f528","userId":"170d915c-5741-4e0b-b03f-deaeedae27bd","pdfId":"test.pdf-2462"}
[AnnotationHydrationGate][normal] {"documentId":"484e4280-bca3-4ebe-bde7-d9371da0f528","pdfId":"test.pdf-2462","ready":false,"source":"starting","normalReady":false,"cutoverTs":null,"count":null,"calloutCount":null,"firstPaintGate":true}
[CloudSync][hook] stage=hydrating
[AnnotationHydrationGate][first-page] {"documentId":"484e4280-bca3-4ebe-bde7-d9371da0f528","pdfId":"test.pdf-2462","pageNumber":1,"ready":false,"visualCoverActive":true,"normal":{"documentId":"484e4280-bca3-4ebe-bde7-d9371da0f528","pdfId":null,"ready":false,"source":"missing-prerequisite","normalReady":false,"cutoverTs":null,"count":null,"calloutCount":null,"firstPaintGate":true},"survey":{"ready":false,"source":"supabase-highlight-starting","documentId":"484e4280-bca3-4ebe-bde7-d9371da0f528","pdfId":"test.pdf-2462"}}
[AnnotationHydrationGate][visual-cover] {"documentId":"484e4280-bca3-4ebe-bde7-d9371da0f528","pdfId":"test.pdf-2462","pageNumber":1,"active":true,"reason":"annotation-hydration-gated"}
[CloudSync][hook] hydrate effect fired {"enabled":false,"hydrateEnabled":false,"documentId":null,"userId":"170d915c-5741-4e0b-b03f-deaeedae27bd","pdfId":"1.pdf-13017"}
[CloudSync][hook] hydrate skipped — missing prerequisite {"hydrateEnabled":false,"hasDocumentId":false,"hasUserId":true,"hasPdfId":true}
[AnnotationHydrationGate][normal] {"documentId":null,"pdfId":"1.pdf-13017","ready":true,"source":"disabled","normalReady":true,"cutoverTs":null,"count":null,"calloutCount":null,"firstPaintGate":true}
[PreviewDiag] backup write {"kind":"callout-localStorage","count":1,"calloutCount":0,"bytes":2}
[AnnotationHydrationGate][first-page] {"documentId":"484e4280-bca3-4ebe-bde7-d9371da0f528","pdfId":"test.pdf-2462","pageNumber":1,"ready":false,"visualCoverActive":true,"normal":{"documentId":"484e4280-bca3-4ebe-bde7-d9371da0f528","pdfId":"test.pdf-2462","ready":false,"source":"starting","normalReady":false,"cutoverTs":null,"count":null,"calloutCount":null,"firstPaintGate":true},"survey":{"ready":false,"source":"supabase-highlight-starting","documentId":"484e4280-bca3-4ebe-bde7-d9371da0f528","pdfId":"test.pdf-2462"}}
[AnnotationHydrationGate][visual-cover] {"documentId":"484e4280-bca3-4ebe-bde7-d9371da0f528","pdfId":"test.pdf-2462","pageNumber":1,"active":true,"reason":"annotation-hydration-gated"}
[Phase31 UAT] backfill:effect {"hasYdoc":true,"docId":"484e4280-bca3-4ebe-bde7-d9371da0f528","userId":"170d915c-5741-4e0b-b03f-deaeedae27bd","alreadyRanFor":null,"willRun":true}
[Phase31 UAT] backfill:start {"hasYdoc":true,"hasSupabase":true,"documentId":"484e4280-bca3-4ebe-bde7-d9371da0f528","userId":"170d915c-5741-4e0b-b03f-deaeedae27bd","markCutoverComplete":true}
[PDFImport] skipped embedded PDF annotation import — cloud/Y.Doc is authoritative {"documentId":"484e4280-bca3-4ebe-bde7-d9371da0f528"}
[PDFCounterImport] summary {"marker":"survey-counter","metadataKey":"SurveyApp","counterAnnotationsImported":0,"plainCirclesImported":0,"counterMetadataParseFailures":0,"appCalloutMarker":"survey-callout","appCalloutMetadataKey":"SurveyAppCallout","appCalloutAnnotationsImported":0,"appCalloutPiecesSkipped":0}
[PrintPanel] RENDER — panel closed
[HIGHLIGHT-SYNC][load.legacy][pdf=1.pdf] {"documentId":"484e4280-bca3-4ebe-bde7-d9371da0f528","totalRows":2,"fabricCarryingDropped":0,"keptCount":2,"keptIds":["highlight-1778716720455-v6yqtbtb6","highlight-1778716760375-0nh9rsu7q"]}
[AnnotationHydrationGate][survey] supabase highlights complete {"documentId":"484e4280-bca3-4ebe-bde7-d9371da0f528","pdfId":"test.pdf-2462","count":2}
[AnnotationHydrationGate][first-page] {"documentId":"484e4280-bca3-4ebe-bde7-d9371da0f528","pdfId":"test.pdf-2462","pageNumber":1,"ready":false,"visualCoverActive":true,"normal":{"documentId":"484e4280-bca3-4ebe-bde7-d9371da0f528","pdfId":"test.pdf-2462","ready":false,"source":"starting","normalReady":false,"cutoverTs":null,"count":null,"calloutCount":null,"firstPaintGate":true},"survey":{"ready":true,"source":"supabase-highlight","documentId":"484e4280-bca3-4ebe-bde7-d9371da0f528","pdfId":"test.pdf-2462","count":2}}
[AnnotationHydrationGate][visual-cover] {"documentId":"484e4280-bca3-4ebe-bde7-d9371da0f528","pdfId":"test.pdf-2462","pageNumber":1,"active":true,"reason":"annotation-hydration-gated"}
[PDFCounterImport] summary {"marker":"survey-counter","metadataKey":"SurveyApp","counterAnnotationsImported":4,"plainCirclesImported":0,"counterMetadataParseFailures":0,"appCalloutMarker":"survey-callout","appCalloutMetadataKey":"SurveyAppCallout","appCalloutAnnotationsImported":0,"appCalloutPiecesSkipped":0}
[CloudSync][hook] cutover-complete hydrate — reading from Y.Doc {"documentId":"484e4280-bca3-4ebe-bde7-d9371da0f528","cutoverTs":"2026-05-14T17:16:31.181+00:00"}
[Phase31 UAT] hydrate:cutover-sealed {"documentId":"484e4280-bca3-4ebe-bde7-d9371da0f528","pdfId":"test.pdf-2462","cutoverTs":"2026-05-14T17:16:31.181+00:00","yMapSize":9,"yMapCalloutsSize":0,"materializedTotal":9,"materializedCallouts":0,"materializedDrawnByMe":3,"materializedDrawnByOthers":6,"materializedImported":0,"pages":1,"perPage":{"1":9},"currentStateCount":11,"ydocLooksDegenerate":false}
[Phase31 UAT] hydrate:cutover-sealed:by-type {"documentId":"484e4280-bca3-4ebe-bde7-d9371da0f528","pdfFile":"test.pdf-2462","viewerUserId":"170d915c-5741-4e0b-b03f-deaeedae27bd","yMapTotal":9,"yMapCalloutsTotal":0,"yMapByType":{"path":5,"circle":4},"yMapByAuthor":{"byMe":3,"byOthers":0,"anonymous":6},"yMapByTypeByAuthor":{"path":{"byMe":3,"byOthers":0,"anonymous":2},"circle":{"byMe":0,"byOthers":0,"anonymous":4}},"yMapPerTypePerPage":{"path":{"unknown":5},"circle":{"unknown":4}},"byPageTotal":9,"byPageByType":{"path":5,"circle":4},"byPagePerPagePerType":{"1":{"path":5,"circle":4}}}
[CloudSync][hydrate] loadAllNonHighlightAnnotations start {"documentId":"484e4280-bca3-4ebe-bde7-d9371da0f528"}
[SVGAnnotationLayer] setRotInputVisible(false) reason=selectedIds.size !== 1
[PrintPanel] RENDER — panel closed
[DebugBridge +37332.9ms] pdf_loaded {"pageCount":3,"currentPage":1}
[CloudSync][hook] fabric push skipped — not hydrated yet
[CloudSync][hook] callout push skipped — not hydrated yet
[CloudSync][realtime] subscribing {"documentId":"484e4280-bca3-4ebe-bde7-d9371da0f528","currentUserId":"170d915c-5741-4e0b-b03f-deaeedae27bd","currentSessionId":"fd8891bc-3a18-47f5-acf4-d9e11e0ed045","hasFabricInsert":true,"hasFabricUpdate":true,"hasFabricDelete":true,"hasCalloutInsert":true,"hasCalloutUpdate":true,"hasCalloutDelete":true}
[SVGAnnotationLayer] setRotInputVisible(false) reason=selectedIds.size !== 1
[DebugBridge +37475.3ms] pdf_loaded {"pageCount":3,"currentPage":1}
[DebugBridge +37554.6ms] zoom_start {"scale":1.33333,"targetScale":0.88,"source":"zoomChange"}
[CloudSync][realtime] subscribe status {"status":"SUBSCRIBED","error":null}
[Phase31 UAT] post-subscribe catch-up skipped — doc is cutover-sealed, Y.Doc + realtime is source of truth {"documentId":"484e4280-bca3-4ebe-bde7-d9371da0f528","pdfId":"test.pdf-2462","cutoverTs":"2026-05-14T17:16:31.181+00:00","ydocAuthoritative":true}
[Phase31 UAT] backfill:degeneracy-probe {"documentId":"484e4280-bca3-4ebe-bde7-d9371da0f528","userId":"170d915c-5741-4e0b-b03f-deaeedae27bd","yMapSize":9,"legacyCount":9,"probeOk":true,"tolerance":100,"yMapLooksHealthy":false,"dedupeRan":true,"lastGoodSize":133}
console.warn @ [crdtBackfill] cutover sealed but Y.Map < legacy count — re-running import loop to recover {"yMapSize":9,"legacyCount":9}
[Phase31 UAT] backfill:select-loop start {"documentId":"484e4280-bca3-4ebe-bde7-d9371da0f528","userId":"170d915c-5741-4e0b-b03f-deaeedae27bd","pageSize":1000}
[HyperlinkDiag] post-load scan {"hyperlinkCount":0,"samples":[]}
[HyperlinkDiag] page 1 layers {"hyperlinkChildren":0,"layerClasses":["e-spinner-pane e-spin-hide","e-pv-page-canvas","e-pv-text-layer","DIV"]}
[HyperlinkDiag] page 2 layers {"hyperlinkChildren":0,"layerClasses":["e-spinner-pane e-spin-hide","e-pv-page-canvas","e-pv-text-layer","DIV"]}
[HyperlinkDiag] page 3 layers {"hyperlinkChildren":0,"layerClasses":["e-spinner-pane e-spin-hide","e-pv-page-canvas","e-pv-text-layer","DIV"]}
[HyperlinkDiag] post-load scan {"hyperlinkCount":0,"samples":[]}
[HyperlinkDiag] page 1 layers {"hyperlinkChildren":0,"layerClasses":["DIV","e-spinner-pane e-spin-show","e-pv-page-canvas","DIV","e-pv-annotation-canvas","e-pv-annotation-canvas","e-pv-text-layer"]}
[HyperlinkDiag] page 2 layers {"hyperlinkChildren":0,"layerClasses":["DIV","e-spinner-pane e-spin-show","e-pv-page-canvas","DIV","e-pv-annotation-canvas","e-pv-text-layer"]}
[HyperlinkDiag] page 3 layers {"hyperlinkChildren":0,"layerClasses":["DIV","e-spinner-pane e-spin-show","e-pv-page-canvas","DIV","e-pv-annotation-canvas","e-pv-text-layer"]}
[CloudSync][hydrate] loadAllNonHighlightAnnotations ok {"elapsedMs":1286,"totalRowsScanned":9,"scanned":{"nonHighlight":9,"legacyFabricHighlights":0},"totalRows":9,"rowsByType":{"ink":5,"counter":4},"pagesWithObjects":1,"calloutCount":0}
[CloudSync][verify] first read summary {"contextLabel":"cutover-source-of-truth","documentId":"484e4280-bca3-4ebe-bde7-d9371da0f528","elapsedMs":1286,"firstFabricPages":1,"firstFabricObjects":9,"firstCallouts":0,"firstEmpty":false,"localFabricCount":9,"localCalloutCount":0,"localHasData":true,"willVerify":false}
[CloudSync][source-of-truth] cutover initial hydrate selected Supabase durable snapshot {"documentId":"484e4280-bca3-4ebe-bde7-d9371da0f528","pdfId":"test.pdf-2462","cutoverTs":"2026-05-14T17:16:31.181+00:00","ydocFabricCount":9,"ydocCalloutCount":0,"supabaseFabricCount":9,"supabaseCalloutCount":0,"rule":"Supabase durable snapshot wins initial load; Y.Doc is reshaped for live collaboration"}
[Phase31 UAT] save:fan-out done {"documentId":"484e4280-bca3-4ebe-bde7-d9371da0f528","pdfId":"test.pdf-2462","userId":"170d915c-5741-4e0b-b03f-deaeedae27bd","actionType":null,"dispatched":9,"yDocUpdateCount":9,"detected":9,"skippedHighlightOrCallout":0,"skippedOtherType":0,"rawTypeBreakdown":{"pen":5,"counter":4},"resolvedTypeBreakdown":{"ink":5,"counter":4},"skipReasons":{},"skipSamples":[],"yMapSizeAfter":9}
[CloudSync][hook] callout Y.Doc fan-out done {"documentId":"484e4280-bca3-4ebe-bde7-d9371da0f528","pdfId":"test.pdf-2462","userId":"170d915c-5741-4e0b-b03f-deaeedae27bd","actionType":"callout:delta","upserted":0,"deleted":0,"yDocUpdateCount":0,"yMapCalloutsSizeAfter":0}
[AnnotationHydrationGate][normal] {"documentId":"484e4280-bca3-4ebe-bde7-d9371da0f528","pdfId":"test.pdf-2462","ready":true,"source":"supabase-durable-snapshot","normalReady":true,"cutoverTs":"2026-05-14T17:16:31.181+00:00","count":9,"calloutCount":0,"firstPaintGate":true}
console.warn @ [CloudSync][hook][state-obs] SHRINK {"prevCount":11,"currentCount":9,"delta":-2,"hydrated":true,"sameRefAsLastByPage":true,"stack":"    at commitHookEffectListMount (http://localhost:5173/node_modules/.vite/deps/chunk-DSUIPI7G.js?v=4844aadd:23793:34) |     at commitPassiveMountOnFiber (http://localhost:5173/node_modules/.vite/deps/chunk-DSUIPI7G.js?v=4844aadd:25034:19) |     at commitPassiveMountEffects_complete (http://localhost:5173/node_modules/.vite/deps/chunk-DSUIPI7G.js?v=4844aadd:25007:17) |     at commitPassiveMountEffects_begin (http://localhost:5173/node_modules/.vite/deps/chunk-DSUIPI7G.js?v=4844aadd:24997:15) |     at commitPassiveMountEffects (http://localhost:5173/node_modules/.vite/deps/chunk-DSUIPI7G.js?v=4844aadd:24987:11) |     at flushPassiveEffectsImpl (http://localhost:5173/node_modules/.vite/deps/chunk-DSUIPI7G.js?v=4844aadd:26368:11)"}
[AnnotationHydrationGate][first-page] {"documentId":"484e4280-bca3-4ebe-bde7-d9371da0f528","pdfId":"test.pdf-2462","pageNumber":1,"ready":true,"visualCoverActive":false,"normal":{"documentId":"484e4280-bca3-4ebe-bde7-d9371da0f528","pdfId":"test.pdf-2462","ready":true,"source":"supabase-durable-snapshot","normalReady":true,"cutoverTs":"2026-05-14T17:16:31.181+00:00","count":9,"calloutCount":0,"firstPaintGate":true},"survey":{"ready":true,"source":"supabase-highlight","documentId":"484e4280-bca3-4ebe-bde7-d9371da0f528","pdfId":"test.pdf-2462","count":2}}
[AnnotationHydrationGate][visual-cover] {"documentId":"484e4280-bca3-4ebe-bde7-d9371da0f528","pdfId":"test.pdf-2462","pageNumber":1,"active":false,"reason":"hydration-ready"}
[Phase31 UAT] backfill:select-loop page ok {"documentId":"484e4280-bca3-4ebe-bde7-d9371da0f528","page":0,"range":[0,999],"pageRows":9,"totalSoFar":9,"pageElapsedMs":904}
[Phase31 UAT] backfill:done {"ranAs":"leader","documentId":"484e4280-bca3-4ebe-bde7-d9371da0f528","userId":"170d915c-5741-4e0b-b03f-deaeedae27bd","rowsFetched":9,"imported":9,"skipped":0,"yMapSizeAfter":9,"cutoverRequested":true,"cutoverCompleted":true,"importedByType":{"ink":5,"counter":4},"skippedByType":{}}
[DebugBridge +39177.3ms] zoom_end {"source":"zoomChange_settle"}
[PreviewDiag] undo-redo {"action":"undo","localUndoDepth":0,"localRedoDepth":0,"yUndoDepth":0,"yRedoDepth":0}
[UndoDiag] {"seq":2,"order":null,"at":"2026-05-14T17:17:13.670Z","event":"undo_choice","actionType":null,"rawActionType":null,"annotationType":null,"annotationId":null,"pageNumber":null,"lane":"none","receivedStack":null,"chosenStack":null,"chosenLane":"none","decisionReason":"all undo stacks were empty or ineligible","checkedLanes":[{"lane":"local annotation history","stack":"localAnnotationUndo","depth":0,"topOrder":-1,"topAction":null},{"lane":"legacy history","stack":"legacyUndoHistory","depth":0,"topOrder":-1,"topAction":null},{"lane":"Yjs/CRDT history","stack":"yjsUndoStack","depth":0,"topAction":{}}],"undoDepth":0,"redoDepth":0,"yjsCandidate":{"historySource":"Yjs/CRDT history","undoDepth":0,"redoDepth":0,"topMeta":{"pageNumber":null}}}
[UndoDiag] {"seq":3,"order":null,"at":"2026-05-14T17:17:13.670Z","event":"yjs_undo_invoked","actionType":null,"rawActionType":null,"annotationType":null,"annotationId":null,"pageNumber":null,"lane":"Yjs/CRDT history","receivedStack":null,"chosenStack":"yjsUndoStack","chosenLane":"Yjs/CRDT history","decisionReason":null,"undoDepth":null,"redoDepth":null}
[CloudSync][realtime] unsubscribing {"documentId":"484e4280-bca3-4ebe-bde7-d9371da0f528"}
[CloudSync][realtime] subscribe status {"status":"CLOSED","error":null}
[DocumentDelete] selection:enter {"activeSection":"documents","visibleItems":4}
[DocumentDelete] selection:toggle {"id":"temp-1778779022111","wasSelected":false,"selectedIds":["temp-1778779022111"]}
[DocumentDelete] bulk:start {"ctx":"documents","selectedIds":["temp-1778779022111"],"selectedCount":1,"visibleDocumentCount":4}
[DocumentDelete] selection:enter {"activeSection":"documents","visibleItems":4}
[DocumentDelete] selection:toggle {"id":"b9cb7369-633d-4ca0-9315-a54a8ffe4e91","wasSelected":false,"selectedIds":["b9cb7369-633d-4ca0-9315-a54a8ffe4e91"]}
[DocumentDelete] bulk:start {"ctx":"documents","selectedIds":["b9cb7369-633d-4ca0-9315-a54a8ffe4e91"],"selectedCount":1,"visibleDocumentCount":4}
[DocumentDelete] start {"docId":"b9cb7369-633d-4ca0-9315-a54a8ffe4e91","filePath":"170d915c-5741-4e0b-b03f-deaeedae27bd/general/1778779022112.pdf","source":"bulk-documents"}
[DocumentDelete] archive:result {"docId":"b9cb7369-633d-4ca0-9315-a54a8ffe4e91","source":"bulk-documents","archivedCount":1,"archivedRows":[{"id":"b9cb7369-633d-4ca0-9315-a54a8ffe4e91","name":"1.pdf","file_path":"170d915c-5741-4e0b-b03f-deaeedae27bd/general/1778779022112.pdf","user_id":"170d915c-5741-4e0b-b03f-deaeedae27bd"}]}
[DocumentDelete] verify:archived {"docId":"b9cb7369-633d-4ca0-9315-a54a8ffe4e91","source":"bulk-documents"}
[CloudSync][hook] session id minted {"sessionId":"d0663463-1e95-40b4-a68a-76b91d21cfb4"}
[CloudSync][hook][state-obs] annotationsByPage initial {"currentCount":0,"pages":0,"hydrated":false}
[CloudSync][hook][state-obs] callouts initial {"currentCount":0,"hydrated":false}
[CloudSync][hook] hydrate effect fired {"enabled":false,"hydrateEnabled":true,"documentId":"484e4280-bca3-4ebe-bde7-d9371da0f528","userId":"170d915c-5741-4e0b-b03f-deaeedae27bd","pdfId":null}
[CloudSync][hook] hydrate skipped — missing prerequisite {"hydrateEnabled":true,"hasDocumentId":true,"hasUserId":true,"hasPdfId":false}
[AnnotationHydrationGate][normal] {"documentId":"484e4280-bca3-4ebe-bde7-d9371da0f528","pdfId":null,"ready":false,"source":"missing-prerequisite","normalReady":false,"cutoverTs":null,"count":null,"calloutCount":null,"firstPaintGate":true}
[AnnotationHydrationGate][first-page] {"documentId":"484e4280-bca3-4ebe-bde7-d9371da0f528","pdfId":null,"pageNumber":1,"ready":false,"visualCoverActive":true,"normal":{"documentId":"484e4280-bca3-4ebe-bde7-d9371da0f528","pdfId":null,"ready":false,"source":"pending","firstPaintGate":true},"survey":{"ready":true,"source":"local"}}
[AnnotationHydrationGate][visual-cover] {"documentId":"484e4280-bca3-4ebe-bde7-d9371da0f528","pdfId":null,"pageNumber":1,"active":true,"reason":"annotation-hydration-gated"}
[Cloud render cache] doc=test.pdf-2462 painting verified cloud snapshot immediately — count=9.
[CSeries wipe] doc=test.pdf-2462 totalCounters=4 legacyRemoved=0 — nothing to wipe.
[Phase31 UAT] backfill:effect {"hasYdoc":true,"docId":"484e4280-bca3-4ebe-bde7-d9371da0f528","userId":null,"alreadyRanFor":null,"willRun":false}
[CloudSync][hook] hydrate effect fired {"enabled":false,"hydrateEnabled":true,"documentId":"484e4280-bca3-4ebe-bde7-d9371da0f528","userId":"170d915c-5741-4e0b-b03f-deaeedae27bd","pdfId":"test.pdf-2462"}
[AnnotationHydrationGate][normal] {"documentId":"484e4280-bca3-4ebe-bde7-d9371da0f528","pdfId":"test.pdf-2462","ready":false,"source":"starting","normalReady":false,"cutoverTs":null,"count":null,"calloutCount":null,"firstPaintGate":true}
[CloudSync][hook] stage=hydrating
[AnnotationHydrationGate][first-page] {"documentId":"484e4280-bca3-4ebe-bde7-d9371da0f528","pdfId":"test.pdf-2462","pageNumber":1,"ready":false,"visualCoverActive":true,"normal":{"documentId":"484e4280-bca3-4ebe-bde7-d9371da0f528","pdfId":null,"ready":false,"source":"missing-prerequisite","normalReady":false,"cutoverTs":null,"count":null,"calloutCount":null,"firstPaintGate":true},"survey":{"ready":false,"source":"supabase-highlight-starting","documentId":"484e4280-bca3-4ebe-bde7-d9371da0f528","pdfId":"test.pdf-2462"}}
[AnnotationHydrationGate][visual-cover] {"documentId":"484e4280-bca3-4ebe-bde7-d9371da0f528","pdfId":"test.pdf-2462","pageNumber":1,"active":true,"reason":"annotation-hydration-gated"}
[AnnotationHydrationGate][first-page] {"documentId":"484e4280-bca3-4ebe-bde7-d9371da0f528","pdfId":"test.pdf-2462","pageNumber":1,"ready":false,"visualCoverActive":true,"normal":{"documentId":"484e4280-bca3-4ebe-bde7-d9371da0f528","pdfId":"test.pdf-2462","ready":false,"source":"starting","normalReady":false,"cutoverTs":null,"count":null,"calloutCount":null,"firstPaintGate":true},"survey":{"ready":false,"source":"supabase-highlight-starting","documentId":"484e4280-bca3-4ebe-bde7-d9371da0f528","pdfId":"test.pdf-2462"}}
[AnnotationHydrationGate][visual-cover] {"documentId":"484e4280-bca3-4ebe-bde7-d9371da0f528","pdfId":"test.pdf-2462","pageNumber":1,"active":true,"reason":"annotation-hydration-gated"}
[Phase31 UAT] backfill:effect {"hasYdoc":true,"docId":"484e4280-bca3-4ebe-bde7-d9371da0f528","userId":"170d915c-5741-4e0b-b03f-deaeedae27bd","alreadyRanFor":null,"willRun":true}
[Phase31 UAT] backfill:start {"hasYdoc":true,"hasSupabase":true,"documentId":"484e4280-bca3-4ebe-bde7-d9371da0f528","userId":"170d915c-5741-4e0b-b03f-deaeedae27bd","markCutoverComplete":true}
[PDFImport] skipped embedded PDF annotation import — cloud/Y.Doc is authoritative {"documentId":"484e4280-bca3-4ebe-bde7-d9371da0f528"}
[PDFCounterImport] summary {"marker":"survey-counter","metadataKey":"SurveyApp","counterAnnotationsImported":0,"plainCirclesImported":0,"counterMetadataParseFailures":0,"appCalloutMarker":"survey-callout","appCalloutMetadataKey":"SurveyAppCallout","appCalloutAnnotationsImported":0,"appCalloutPiecesSkipped":0}
[PrintPanel] RENDER — panel closed
[SVGAnnotationLayer] setRotInputVisible(false) reason=selectedIds.size !== 1
[DebugBridge +390167.0ms] pdf_loaded {"pageCount":3,"currentPage":1}
[CloudSync][hook] cutover-complete hydrate — reading from Y.Doc {"documentId":"484e4280-bca3-4ebe-bde7-d9371da0f528","cutoverTs":"2026-05-14T17:17:03.808+00:00"}
[Phase31 UAT] hydrate:cutover-sealed {"documentId":"484e4280-bca3-4ebe-bde7-d9371da0f528","pdfId":"test.pdf-2462","cutoverTs":"2026-05-14T17:17:03.808+00:00","yMapSize":9,"yMapCalloutsSize":0,"materializedTotal":9,"materializedCallouts":0,"materializedDrawnByMe":9,"materializedDrawnByOthers":0,"materializedImported":0,"pages":1,"perPage":{"1":9},"currentStateCount":9,"ydocLooksDegenerate":false}
[Phase31 UAT] hydrate:cutover-sealed:by-type {"documentId":"484e4280-bca3-4ebe-bde7-d9371da0f528","pdfFile":"test.pdf-2462","viewerUserId":"170d915c-5741-4e0b-b03f-deaeedae27bd","yMapTotal":9,"yMapCalloutsTotal":0,"yMapByType":{"path":5,"circle":4},"yMapByAuthor":{"byMe":9,"byOthers":0,"anonymous":0},"yMapByTypeByAuthor":{"path":{"byMe":5,"byOthers":0,"anonymous":0},"circle":{"byMe":4,"byOthers":0,"anonymous":0}},"yMapPerTypePerPage":{"path":{"1":5},"circle":{"1":4}},"byPageTotal":9,"byPageByType":{"path":5,"circle":4},"byPagePerPagePerType":{"1":{"path":5,"circle":4}}}
[CloudSync][hydrate] loadAllNonHighlightAnnotations start {"documentId":"484e4280-bca3-4ebe-bde7-d9371da0f528"}
[DebugBridge +390273.9ms] zoom_start {"scale":1.33333,"targetScale":0.88,"source":"zoomChange"}
[HIGHLIGHT-SYNC][load.legacy][pdf=test.pdf] {"documentId":"484e4280-bca3-4ebe-bde7-d9371da0f528","totalRows":2,"fabricCarryingDropped":0,"keptCount":2,"keptIds":["highlight-1778716720455-v6yqtbtb6","highlight-1778716760375-0nh9rsu7q"]}
[AnnotationHydrationGate][survey] supabase highlights complete {"documentId":"484e4280-bca3-4ebe-bde7-d9371da0f528","pdfId":"test.pdf-2462","count":2}
[AnnotationHydrationGate][first-page] {"documentId":"484e4280-bca3-4ebe-bde7-d9371da0f528","pdfId":"test.pdf-2462","pageNumber":1,"ready":false,"visualCoverActive":true,"normal":{"documentId":"484e4280-bca3-4ebe-bde7-d9371da0f528","pdfId":"test.pdf-2462","ready":false,"source":"starting","normalReady":false,"cutoverTs":null,"count":null,"calloutCount":null,"firstPaintGate":true},"survey":{"ready":true,"source":"supabase-highlight","documentId":"484e4280-bca3-4ebe-bde7-d9371da0f528","pdfId":"test.pdf-2462","count":2}}
[AnnotationHydrationGate][visual-cover] {"documentId":"484e4280-bca3-4ebe-bde7-d9371da0f528","pdfId":"test.pdf-2462","pageNumber":1,"active":true,"reason":"annotation-hydration-gated"}
[Phase31 UAT] backfill:degeneracy-probe {"documentId":"484e4280-bca3-4ebe-bde7-d9371da0f528","userId":"170d915c-5741-4e0b-b03f-deaeedae27bd","yMapSize":9,"legacyCount":9,"probeOk":true,"tolerance":100,"yMapLooksHealthy":false,"dedupeRan":true,"lastGoodSize":133}
console.warn @ [crdtBackfill] cutover sealed but Y.Map < legacy count — re-running import loop to recover {"yMapSize":9,"legacyCount":9}
[Phase31 UAT] backfill:select-loop start {"documentId":"484e4280-bca3-4ebe-bde7-d9371da0f528","userId":"170d915c-5741-4e0b-b03f-deaeedae27bd","pageSize":1000}
[Phase31 UAT] backfill:select-loop page ok {"documentId":"484e4280-bca3-4ebe-bde7-d9371da0f528","page":0,"range":[0,999],"pageRows":9,"totalSoFar":9,"pageElapsedMs":88}
[CloudSync][hydrate] loadAllNonHighlightAnnotations ok {"elapsedMs":496,"totalRowsScanned":9,"scanned":{"nonHighlight":9,"legacyFabricHighlights":0},"totalRows":9,"rowsByType":{"ink":5,"counter":4},"pagesWithObjects":1,"calloutCount":0}
[CloudSync][verify] first read summary {"contextLabel":"cutover-source-of-truth","documentId":"484e4280-bca3-4ebe-bde7-d9371da0f528","elapsedMs":496,"firstFabricPages":1,"firstFabricObjects":9,"firstCallouts":0,"firstEmpty":false,"localFabricCount":9,"localCalloutCount":0,"localHasData":true,"willVerify":false}
[CloudSync][source-of-truth] cutover initial hydrate selected Supabase durable snapshot {"documentId":"484e4280-bca3-4ebe-bde7-d9371da0f528","pdfId":"test.pdf-2462","cutoverTs":"2026-05-14T17:17:03.808+00:00","ydocFabricCount":9,"ydocCalloutCount":0,"supabaseFabricCount":9,"supabaseCalloutCount":0,"rule":"Supabase durable snapshot wins initial load; Y.Doc is reshaped for live collaboration"}
[Phase31 UAT] save:fan-out done {"documentId":"484e4280-bca3-4ebe-bde7-d9371da0f528","pdfId":"test.pdf-2462","userId":"170d915c-5741-4e0b-b03f-deaeedae27bd","actionType":null,"dispatched":9,"yDocUpdateCount":9,"detected":9,"skippedHighlightOrCallout":0,"skippedOtherType":0,"rawTypeBreakdown":{"pen":5,"counter":4},"resolvedTypeBreakdown":{"ink":5,"counter":4},"skipReasons":{},"skipSamples":[],"yMapSizeAfter":9}
[CloudSync][hook] callout Y.Doc fan-out done {"documentId":"484e4280-bca3-4ebe-bde7-d9371da0f528","pdfId":"test.pdf-2462","userId":"170d915c-5741-4e0b-b03f-deaeedae27bd","actionType":"callout:delta","upserted":0,"deleted":0,"yDocUpdateCount":0,"yMapCalloutsSizeAfter":0}
[AnnotationHydrationGate][normal] {"documentId":"484e4280-bca3-4ebe-bde7-d9371da0f528","pdfId":"test.pdf-2462","ready":true,"source":"supabase-durable-snapshot","normalReady":true,"cutoverTs":"2026-05-14T17:17:03.808+00:00","count":9,"calloutCount":0,"firstPaintGate":true}
[AnnotationHydrationGate][first-page] {"documentId":"484e4280-bca3-4ebe-bde7-d9371da0f528","pdfId":"test.pdf-2462","pageNumber":1,"ready":true,"visualCoverActive":false,"normal":{"documentId":"484e4280-bca3-4ebe-bde7-d9371da0f528","pdfId":"test.pdf-2462","ready":true,"source":"supabase-durable-snapshot","normalReady":true,"cutoverTs":"2026-05-14T17:17:03.808+00:00","count":9,"calloutCount":0,"firstPaintGate":true},"survey":{"ready":true,"source":"supabase-highlight","documentId":"484e4280-bca3-4ebe-bde7-d9371da0f528","pdfId":"test.pdf-2462","count":2}}
[AnnotationHydrationGate][visual-cover] {"documentId":"484e4280-bca3-4ebe-bde7-d9371da0f528","pdfId":"test.pdf-2462","pageNumber":1,"active":false,"reason":"hydration-ready"}
[Phase31 UAT] backfill:done {"ranAs":"leader","documentId":"484e4280-bca3-4ebe-bde7-d9371da0f528","userId":"170d915c-5741-4e0b-b03f-deaeedae27bd","rowsFetched":9,"imported":9,"skipped":0,"yMapSizeAfter":9,"cutoverRequested":true,"cutoverCompleted":true,"importedByType":{"ink":5,"counter":4},"skippedByType":{}}
[HyperlinkDiag] post-load scan {"hyperlinkCount":0,"samples":[]}
[HyperlinkDiag] page 1 layers {"hyperlinkChildren":0,"layerClasses":["DIV","e-spinner-pane e-spin-show","e-pv-page-canvas","DIV","e-pv-annotation-canvas","e-pv-text-layer"]}
[HyperlinkDiag] page 2 layers {"hyperlinkChildren":0,"layerClasses":["DIV","e-spinner-pane e-spin-show","e-pv-page-canvas","DIV","e-pv-annotation-canvas","e-pv-text-layer"]}
[HyperlinkDiag] page 3 layers {"hyperlinkChildren":0,"layerClasses":["DIV","e-spinner-pane e-spin-show","e-pv-page-canvas","DIV","e-pv-annotation-canvas","e-pv-text-layer"]}
[DebugBridge +391909.6ms] zoom_end {"source":"zoomChange_settle"}
[CloudSync][realtime] subscribing {"documentId":"484e4280-bca3-4ebe-bde7-d9371da0f528","currentUserId":"170d915c-5741-4e0b-b03f-deaeedae27bd","currentSessionId":"d0663463-1e95-40b4-a68a-76b91d21cfb4","hasFabricInsert":true,"hasFabricUpdate":true,"hasFabricDelete":true,"hasCalloutInsert":true,"hasCalloutUpdate":true,"hasCalloutDelete":true}
[CloudSync][realtime] subscribe status {"status":"SUBSCRIBED","error":null}
[Phase31 UAT] post-subscribe catch-up skipped — doc is cutover-sealed, Y.Doc + realtime is source of truth {"documentId":"484e4280-bca3-4ebe-bde7-d9371da0f528","pdfId":"test.pdf-2462","cutoverTs":"2026-05-14T17:17:03.808+00:00","ydocAuthoritative":true}
[Diag] tool-switch DETECTED → select (scheduling t+1000ms capture)
[Diag select] screenshot saved (139 KB) → /Users/isaiahcalvo/Desktop/Survey-BetaSafeS2/TestLogs/testlog-screenshot-select.png
[Diag select] CAPTURED @ t+1001ms — annotations=9 callouts=0 svgWrappers=1 svgVis=[visible] svgElems=9 svgVisElems=9 eraserCanvases=0 svgMarkupBytes=35216
[PHASE35][marquee.filter][pdf=test.pdf] {"stage":"filtered","viewerId":"170d915c-5741-4e0b-b03f-deaeedae27bd","documentOwnerId":"170d915c-5741-4e0b-b03f-deaeedae27bd","role":"owner","hitsIn":2,"hitsOut":2,"droppedCount":0,"perAnnotation":[{"index":3,"present":true,"annotationId":"5c184332-b682-48ff-861b-a74b28916984","authorId":"170d915c-5741-4e0b-b03f-deaeedae27bd","type":"path","decision":"ALLOW"},{"index":8,"present":true,"annotationId":"2999e382-7891-4168-804c-634cbc838add","authorId":"170d915c-5741-4e0b-b03f-deaeedae27bd","type":"path","decision":"ALLOW"}],"sameRefReturned":true}
[SVGAnnotationLayer] setRotInputVisible(false) reason=selectedIds.size !== 1
[PreviewDiag] final commit {"surface":"App.handleSaveAnnotations","source":"object:modified","action":"delete","pageNumber":1,"objectDelta":-2,"previousObjectCount":9,"nextObjectCount":7,"changedObjectsCount":6,"checkpointPolicy":"normal"}
[CounterRenumber] skipped {"pageNumber":1,"source":"object:modified","action":"delete","reason":"non-numbering-save","preserveExistingCounters":true,"intentionalCounterChangeIds":[]}
[UndoDiag] {"seq":2,"order":1,"at":"2026-05-14T17:23:00.172Z","event":"local_annotation_history_added","actionType":"fabric:batch","rawActionType":"fabric:batch","annotationType":"path","annotationId":null,"annotationIds":["5c184332-b682-48ff-861b-a74b28916984","2999e382-7891-4168-804c-634cbc838add"],"pageNumber":1,"lane":"local annotation history","receivedStack":"localAnnotationUndo","chosenStack":null,"chosenLane":"local annotation history","decisionReason":null,"undoDepth":1,"redoDepth":0}
[SVGAnnotationLayer] setRotInputVisible(false) reason=selectedIds.size !== 1
console.warn @ [CloudSync][hook][state-obs] SHRINK {"prevCount":9,"currentCount":7,"delta":-2,"hydrated":true,"sameRefAsLastByPage":false,"stack":"    at commitHookEffectListMount (http://localhost:5173/node_modules/.vite/deps/chunk-DSUIPI7G.js?v=4844aadd:23793:34) |     at commitPassiveMountOnFiber (http://localhost:5173/node_modules/.vite/deps/chunk-DSUIPI7G.js?v=4844aadd:25034:19) |     at commitPassiveMountEffects_complete (http://localhost:5173/node_modules/.vite/deps/chunk-DSUIPI7G.js?v=4844aadd:25007:17) |     at commitPassiveMountEffects_begin (http://localhost:5173/node_modules/.vite/deps/chunk-DSUIPI7G.js?v=4844aadd:24997:15) |     at commitPassiveMountEffects (http://localhost:5173/node_modules/.vite/deps/chunk-DSUIPI7G.js?v=4844aadd:24987:11) |     at flushPassiveEffectsImpl (http://localhost:5173/node_modules/.vite/deps/chunk-DSUIPI7G.js?v=4844aadd:26368:11)"}
[CloudSync][hook] fabric state changed — debounce push scheduled {"pageCount":1,"objectCount":7,"priorObjectCount":9,"isWipePush":false,"deferredUntilPointerUp":false,"debounceMs":800}
[CloudSync][status] transition {"from":"idle","to":"pending","kind":"fabric","phase":null,"count":null,"queued":false,"error":null}
[CloudSync][status] transition {"from":"pending","to":"pending","kind":"fabric","phase":null,"count":null,"queued":false,"error":null}
[PreviewDiag] sync attempted while pointer down {"gestureId":null,"deferred":true,"kind":"fabric","pointerDown":true,"count":1,"pageCount":1,"objectCount":7,"priorObjectCount":9}
[CloudSync][hook] fabric push deferred at flush — pointer is down {"pageCount":1,"objectCount":7,"priorObjectCount":9,"preciseSource":null}
[CloudSync][hook] fabric state changed — debounce push scheduled {"pageCount":1,"objectCount":7,"priorObjectCount":9,"isWipePush":false,"deferredUntilPointerUp":false,"debounceMs":800}
[CloudSync][status] transition {"from":"pending","to":"pending","kind":"fabric","phase":null,"count":null,"queued":false,"error":null}
[PHASE35][marquee.filter][pdf=test.pdf] {"stage":"filtered","viewerId":"170d915c-5741-4e0b-b03f-deaeedae27bd","documentOwnerId":"170d915c-5741-4e0b-b03f-deaeedae27bd","role":"owner","hitsIn":1,"hitsOut":1,"droppedCount":0,"perAnnotation":[{"index":6,"present":true,"annotationId":"5d78c223-917e-4a5d-a9cd-887502f5ac83","authorId":"170d915c-5741-4e0b-b03f-deaeedae27bd","type":"path","decision":"ALLOW"}],"sameRefReturned":true}
[PreviewDiag] final commit {"surface":"App.handleSaveAnnotations","source":"object:modified","action":"delete","pageNumber":1,"objectDelta":-1,"previousObjectCount":7,"nextObjectCount":6,"changedObjectsCount":1,"checkpointPolicy":"normal"}
[CounterRenumber] skipped {"pageNumber":1,"source":"object:modified","action":"delete","reason":"non-numbering-save","preserveExistingCounters":true,"intentionalCounterChangeIds":[]}
[UndoDiag] {"seq":5,"order":2,"at":"2026-05-14T17:23:01.527Z","event":"local_annotation_history_added","actionType":"delete","rawActionType":"fabric:delete","annotationType":"path","annotationId":"5d78c223-917e-4a5d-a9cd-887502f5ac83","pageNumber":1,"lane":"local annotation history","receivedStack":"localAnnotationUndo","chosenStack":null,"chosenLane":"local annotation history","decisionReason":null,"undoDepth":2,"redoDepth":0}
[SVGAnnotationLayer] setRotInputVisible(false) reason=selectedIds.size !== 1
console.warn @ [CloudSync][hook][state-obs] SHRINK {"prevCount":7,"currentCount":6,"delta":-1,"hydrated":true,"sameRefAsLastByPage":false,"stack":"    at commitHookEffectListMount (http://localhost:5173/node_modules/.vite/deps/chunk-DSUIPI7G.js?v=4844aadd:23793:34) |     at commitPassiveMountOnFiber (http://localhost:5173/node_modules/.vite/deps/chunk-DSUIPI7G.js?v=4844aadd:25034:19) |     at commitPassiveMountEffects_complete (http://localhost:5173/node_modules/.vite/deps/chunk-DSUIPI7G.js?v=4844aadd:25007:17) |     at commitPassiveMountEffects_begin (http://localhost:5173/node_modules/.vite/deps/chunk-DSUIPI7G.js?v=4844aadd:24997:15) |     at commitPassiveMountEffects (http://localhost:5173/node_modules/.vite/deps/chunk-DSUIPI7G.js?v=4844aadd:24987:11) |     at flushPassiveEffectsImpl (http://localhost:5173/node_modules/.vite/deps/chunk-DSUIPI7G.js?v=4844aadd:26368:11)"}
[CloudSync][hook] fabric state changed — debounce push scheduled {"pageCount":1,"objectCount":6,"priorObjectCount":7,"isWipePush":false,"deferredUntilPointerUp":false,"debounceMs":800}
[CloudSync][status] transition {"from":"pending","to":"pending","kind":"fabric","phase":null,"count":null,"queued":false,"error":null}
[CloudSync][hook] fabric push debounce elapsed — pushing now {"debounceMs":800,"debounceElapsedMs":800,"deferredQueuedMs":null,"actionType":"delete"}
[Phase31 UAT] save:start {"documentId":"484e4280-bca3-4ebe-bde7-d9371da0f528","pdfId":"test.pdf-2462","userId":"170d915c-5741-4e0b-b03f-deaeedae27bd","legacyBulkUpsertEnabled":false,"crdtEnabled":true,"ydocMounted":true,"route":"supabase-durable-then-crdt","currentTotal":6,"currentDrawnByMe":0,"currentDrawnByOthers":6,"currentImported":0,"priorTotal":7,"priorDrawnByMe":0,"priorImported":0,"deltaTotal":-1}
[CloudSync][status] transition {"from":"pending","to":"syncing","kind":"fabric","phase":null,"count":null,"queued":false,"error":null}
[CloudSync][hook] explicit fabric delete ids accepted {"source":"fabric-save-action","action":"delete","count":1,"firstFew":["5d78c223-917e-4a5d-a9cd-887502f5ac83"]}
[CloudSync][delta] fabric prepared {"actionType":"delete","changedIds":[],"deletedIds":["5d78c223-917e-4a5d-a9cd-887502f5ac83"],"changedObjectCount":0,"changedCount":0,"dispatchedCount":1,"supabaseUpsertCount":0,"yDocUpdateCount":0,"debounceMs":800,"debounceElapsedMs":800,"fullFanOutReason":null,"totalObjectCount":6,"priorObjectCount":7,"preciseSource":null,"preciseDeletedCount":null,"preciseChangedCount":null}
[CloudSync][hook] eraser/delete detected — removing rows from cloud {"count":1,"firstFew":["5d78c223-917e-4a5d-a9cd-887502f5ac83"]}
[CloudSync] deleteAnnotations ok {"documentId":"484e4280-bca3-4ebe-bde7-d9371da0f528","count":1,"chunks":1}
[UndoDiag] {"seq":8,"order":null,"at":"2026-05-14T17:23:02.421Z","event":"yjs_history_added","actionType":"undo","rawActionType":"undo","annotationType":"fabric","annotationId":"5d78c223-917e-4a5d-a9cd-887502f5ac83","pageNumber":null,"lane":"Yjs/CRDT history","receivedStack":"yjsUndoStack","chosenStack":null,"chosenLane":"Yjs/CRDT history","decisionReason":null,"undoDepth":1,"redoDepth":0}
[Phase31 UAT] delete:fan-out done {"documentId":"484e4280-bca3-4ebe-bde7-d9371da0f528","pdfId":"test.pdf-2462","userId":"170d915c-5741-4e0b-b03f-deaeedae27bd","actionType":"delete","requested":1,"deleted":1,"yDocUpdateCount":1,"yMapSizeAfter":8}
[CloudSync][push] upsertAnnotationsByPage: nothing to push (0 rows) {"documentId":"484e4280-bca3-4ebe-bde7-d9371da0f528","pdfId":"test.pdf-2462"}
[Phase31 UAT] save:fan-out done {"documentId":"484e4280-bca3-4ebe-bde7-d9371da0f528","pdfId":"test.pdf-2462","userId":"170d915c-5741-4e0b-b03f-deaeedae27bd","actionType":"delete","dispatched":0,"yDocUpdateCount":0,"detected":0,"skippedHighlightOrCallout":0,"skippedOtherType":0,"rawTypeBreakdown":{},"resolvedTypeBreakdown":{},"skipReasons":{},"skipSamples":[],"yMapSizeAfter":8}
[CloudSync][hook] fabric push synced {"count":0}
[PreviewDiag] sync push {"kind":"fabric","count":1,"changedObjectCount":0,"deletedCount":1,"pageCount":0}
[CloudSync][status] transition {"from":"syncing","to":"synced","kind":"fabric","phase":null,"count":0,"queued":false,"error":null}
[CloudSync][realtime] applying DELETE {"payloadKeys":["id"]}
[Phase31 UAT] delete-fallback refetch skipped — doc is cutover-sealed, Y.Doc + realtime is source of truth {"documentId":"484e4280-bca3-4ebe-bde7-d9371da0f528","pdfId":"test.pdf-2462","cutoverTs":"2026-05-14T17:17:03.808+00:00","ydocAuthoritative":true}
[PHASE35][marquee.filter][pdf=test.pdf] {"stage":"filtered","viewerId":"170d915c-5741-4e0b-b03f-deaeedae27bd","documentOwnerId":"170d915c-5741-4e0b-b03f-deaeedae27bd","role":"owner","hitsIn":6,"hitsOut":6,"droppedCount":0,"perAnnotation":[{"index":0,"present":true,"annotationId":"6cba3953-7e9d-4d42-aef8-f20c356462e7","authorId":"170d915c-5741-4e0b-b03f-deaeedae27bd","type":"path","decision":"ALLOW"},{"index":1,"present":true,"annotationId":"e2d9dc2c-3ac5-4ee7-8520-da76172892b1","authorId":"170d915c-5741-4e0b-b03f-deaeedae27bd","type":"path","decision":"ALLOW"},{"index":2,"present":true,"annotationId":null,"authorId":"170d915c-5741-4e0b-b03f-deaeedae27bd","type":"circle","decision":"ALLOW"},{"index":3,"present":true,"annotationId":null,"authorId":"170d915c-5741-4e0b-b03f-deaeedae27bd","type":"circle","decision":"ALLOW"},{"index":4,"present":true,"annotationId":null,"authorId":"170d915c-5741-4e0b-b03f-deaeedae27bd","type":"circle","decision":"ALLOW"},{"index":5,"present":true,"annotationId":null,"authorId":"170d915c-5741-4e0b-b03f-deaeedae27bd","type":"circle","decision":"ALLOW"}],"sameRefReturned":true}
[SVGAnnotationLayer] setRotInputVisible(false) reason=selectedIds.size !== 1
[PreviewDiag] final commit {"surface":"App.handleSaveAnnotations","source":"object:modified","action":"delete","pageNumber":1,"objectDelta":-6,"previousObjectCount":6,"nextObjectCount":0,"changedObjectsCount":6,"checkpointPolicy":"normal"}
[UndoDiag] {"seq":9,"order":3,"at":"2026-05-14T17:23:03.873Z","event":"local_annotation_history_added","actionType":"fabric:batch","rawActionType":"fabric:batch","annotationType":"path","annotationId":null,"annotationIds":["6cba3953-7e9d-4d42-aef8-f20c356462e7","e2d9dc2c-3ac5-4ee7-8520-da76172892b1","d3bb0803-4a35-4534-9354-8d560b094a6c","778c6d4e-296b-4f35-b697-1a7a270cb530","1f8df650-e8bc-4b06-b1fa-11ce525b4ab3","645ce094-e440-4fb7-97d8-65feccd0b8ee"],"pageNumber":1,"lane":"local annotation history","receivedStack":"localAnnotationUndo","chosenStack":null,"chosenLane":"local annotation history","decisionReason":null,"undoDepth":3,"redoDepth":0}
[CounterRenumber] ran {"pageNumber":1,"phase":"ref","source":"object:modified","action":"delete","reason":"counter-create-delete","affectedCounterIds":[],"affectedCount":0}
[CounterRenumber] ran {"pageNumber":1,"phase":"state","source":"object:modified","action":"delete","reason":"counter-create-delete","affectedCounterIds":[],"affectedCount":0}
[SVGAnnotationLayer] setRotInputVisible(false) reason=selectedIds.size !== 1
console.warn @ [CloudSync][hook][state-obs] SHRINK {"prevCount":6,"currentCount":0,"delta":-6,"hydrated":true,"sameRefAsLastByPage":false,"stack":"    at commitHookEffectListMount (http://localhost:5173/node_modules/.vite/deps/chunk-DSUIPI7G.js?v=4844aadd:23793:34) |     at commitPassiveMountOnFiber (http://localhost:5173/node_modules/.vite/deps/chunk-DSUIPI7G.js?v=4844aadd:25034:19) |     at commitPassiveMountEffects_complete (http://localhost:5173/node_modules/.vite/deps/chunk-DSUIPI7G.js?v=4844aadd:25007:17) |     at commitPassiveMountEffects_begin (http://localhost:5173/node_modules/.vite/deps/chunk-DSUIPI7G.js?v=4844aadd:24997:15) |     at commitPassiveMountEffects (http://localhost:5173/node_modules/.vite/deps/chunk-DSUIPI7G.js?v=4844aadd:24987:11) |     at flushPassiveEffectsImpl (http://localhost:5173/node_modules/.vite/deps/chunk-DSUIPI7G.js?v=4844aadd:26368:11)"}
console.warn @ [CloudSync][hook][SUSPICIOUS] fabric push scheduled with WIPE diff {"priorObjects":6,"currentObjects":0,"priorPages":1,"currentPages":1,"priorRef":"object","currentRef":"object"}
[CloudSync][hook] fabric state changed — debounce push scheduled {"pageCount":1,"objectCount":0,"priorObjectCount":6,"isWipePush":true,"deferredUntilPointerUp":false,"debounceMs":800}
[CloudSync][status] transition {"from":"synced","to":"pending","kind":"fabric","phase":null,"count":null,"queued":false,"error":null}
[CloudSync][hook] fabric push debounce elapsed — pushing now {"debounceMs":800,"debounceElapsedMs":802,"deferredQueuedMs":null,"actionType":"delete"}
[Phase31 UAT] save:start {"documentId":"484e4280-bca3-4ebe-bde7-d9371da0f528","pdfId":"test.pdf-2462","userId":"170d915c-5741-4e0b-b03f-deaeedae27bd","legacyBulkUpsertEnabled":false,"crdtEnabled":true,"ydocMounted":true,"route":"supabase-durable-then-crdt","currentTotal":0,"currentDrawnByMe":0,"currentDrawnByOthers":0,"currentImported":0,"priorTotal":6,"priorDrawnByMe":0,"priorImported":0,"deltaTotal":-6}
[CloudSync][status] transition {"from":"pending","to":"syncing","kind":"fabric","phase":null,"count":null,"queued":false,"error":null}
[CloudSync][hook] explicit fabric delete ids accepted {"source":"fabric-save-action","action":"delete","count":6,"firstFew":["6cba3953-7e9d-4d42-aef8-f20c356462e7","e2d9dc2c-3ac5-4ee7-8520-da76172892b1","d3bb0803-4a35-4534-9354-8d560b094a6c","778c6d4e-296b-4f35-b697-1a7a270cb530","1f8df650-e8bc-4b06-b1fa-11ce525b4ab3"]}
[CloudSync][delta] fabric prepared {"actionType":"delete","changedIds":[],"deletedIds":["6cba3953-7e9d-4d42-aef8-f20c356462e7","e2d9dc2c-3ac5-4ee7-8520-da76172892b1","d3bb0803-4a35-4534-9354-8d560b094a6c","778c6d4e-296b-4f35-b697-1a7a270cb530","1f8df650-e8bc-4b06-b1fa-11ce525b4ab3","645ce094-e440-4fb7-97d8-65feccd0b8ee"],"changedObjectCount":0,"changedCount":0,"dispatchedCount":6,"supabaseUpsertCount":0,"yDocUpdateCount":0,"debounceMs":800,"debounceElapsedMs":802,"fullFanOutReason":null,"totalObjectCount":0,"priorObjectCount":6,"preciseSource":null,"preciseDeletedCount":null,"preciseChangedCount":null}
[CloudSync][hook] eraser/delete detected — removing rows from cloud {"count":6,"firstFew":["6cba3953-7e9d-4d42-aef8-f20c356462e7","e2d9dc2c-3ac5-4ee7-8520-da76172892b1","d3bb0803-4a35-4534-9354-8d560b094a6c","778c6d4e-296b-4f35-b697-1a7a270cb530","1f8df650-e8bc-4b06-b1fa-11ce525b4ab3"]}
[CloudSync] deleteAnnotations ok {"documentId":"484e4280-bca3-4ebe-bde7-d9371da0f528","count":6,"chunks":1}
[UndoDiag] {"seq":12,"order":null,"at":"2026-05-14T17:23:04.789Z","event":"yjs_history_added","actionType":"undo","rawActionType":"undo","annotationType":"fabric","annotationId":"6cba3953-7e9d-4d42-aef8-f20c356462e7","pageNumber":null,"lane":"Yjs/CRDT history","receivedStack":"yjsUndoStack","chosenStack":null,"chosenLane":"Yjs/CRDT history","decisionReason":null,"undoDepth":2,"redoDepth":0}
[UndoDiag] {"seq":13,"order":null,"at":"2026-05-14T17:23:04.789Z","event":"yjs_history_added","actionType":"undo","rawActionType":"undo","annotationType":"fabric","annotationId":"e2d9dc2c-3ac5-4ee7-8520-da76172892b1","pageNumber":null,"lane":"Yjs/CRDT history","receivedStack":"yjsUndoStack","chosenStack":null,"chosenLane":"Yjs/CRDT history","decisionReason":null,"undoDepth":3,"redoDepth":0}
[UndoDiag] {"seq":14,"order":null,"at":"2026-05-14T17:23:04.789Z","event":"yjs_history_added","actionType":"undo","rawActionType":"undo","annotationType":"fabric","annotationId":"d3bb0803-4a35-4534-9354-8d560b094a6c","pageNumber":null,"lane":"Yjs/CRDT history","receivedStack":"yjsUndoStack","chosenStack":null,"chosenLane":"Yjs/CRDT history","decisionReason":null,"undoDepth":4,"redoDepth":0}
[UndoDiag] {"seq":15,"order":null,"at":"2026-05-14T17:23:04.790Z","event":"yjs_history_added","actionType":"undo","rawActionType":"undo","annotationType":"fabric","annotationId":"778c6d4e-296b-4f35-b697-1a7a270cb530","pageNumber":null,"lane":"Yjs/CRDT history","receivedStack":"yjsUndoStack","chosenStack":null,"chosenLane":"Yjs/CRDT history","decisionReason":null,"undoDepth":5,"redoDepth":0}
[UndoDiag] {"seq":16,"order":null,"at":"2026-05-14T17:23:04.790Z","event":"yjs_history_added","actionType":"undo","rawActionType":"undo","annotationType":"fabric","annotationId":"1f8df650-e8bc-4b06-b1fa-11ce525b4ab3","pageNumber":null,"lane":"Yjs/CRDT history","receivedStack":"yjsUndoStack","chosenStack":null,"chosenLane":"Yjs/CRDT history","decisionReason":null,"undoDepth":6,"redoDepth":0}
[UndoDiag] {"seq":17,"order":null,"at":"2026-05-14T17:23:04.790Z","event":"yjs_history_added","actionType":"undo","rawActionType":"undo","annotationType":"fabric","annotationId":"645ce094-e440-4fb7-97d8-65feccd0b8ee","pageNumber":null,"lane":"Yjs/CRDT history","receivedStack":"yjsUndoStack","chosenStack":null,"chosenLane":"Yjs/CRDT history","decisionReason":null,"undoDepth":7,"redoDepth":0}
[Phase31 UAT] delete:fan-out done {"documentId":"484e4280-bca3-4ebe-bde7-d9371da0f528","pdfId":"test.pdf-2462","userId":"170d915c-5741-4e0b-b03f-deaeedae27bd","actionType":"delete","requested":6,"deleted":6,"yDocUpdateCount":6,"yMapSizeAfter":2}
[CloudSync][push] upsertAnnotationsByPage: nothing to push (0 rows) {"documentId":"484e4280-bca3-4ebe-bde7-d9371da0f528","pdfId":"test.pdf-2462"}
[Phase31 UAT] save:fan-out done {"documentId":"484e4280-bca3-4ebe-bde7-d9371da0f528","pdfId":"test.pdf-2462","userId":"170d915c-5741-4e0b-b03f-deaeedae27bd","actionType":"delete","dispatched":0,"yDocUpdateCount":0,"detected":0,"skippedHighlightOrCallout":0,"skippedOtherType":0,"rawTypeBreakdown":{},"resolvedTypeBreakdown":{},"skipReasons":{},"skipSamples":[],"yMapSizeAfter":2}
[CloudSync][hook] fabric push synced {"count":0}
[PreviewDiag] sync push {"kind":"fabric","count":1,"changedObjectCount":0,"deletedCount":6,"pageCount":0}
[CloudSync][status] transition {"from":"syncing","to":"synced","kind":"fabric","phase":null,"count":0,"queued":false,"error":null}
[DrawCanvas p1] MOUNT — tool=pen, isShape=false, isDrawingMode=true
[DrawCanvas p1] shape effect — tool=pen, isShape=false, isDrawingMode=true
[CloudSync][realtime] applying DELETE {"payloadKeys":["id"]}
[Phase31 UAT] delete-fallback refetch skipped — doc is cutover-sealed, Y.Doc + realtime is source of truth {"documentId":"484e4280-bca3-4ebe-bde7-d9371da0f528","pdfId":"test.pdf-2462","cutoverTs":"2026-05-14T17:17:03.808+00:00","ydocAuthoritative":true}
[CloudSync][realtime] applying DELETE {"payloadKeys":["id"]}
[Phase31 UAT] delete-fallback refetch skipped — doc is cutover-sealed, Y.Doc + realtime is source of truth {"documentId":"484e4280-bca3-4ebe-bde7-d9371da0f528","pdfId":"test.pdf-2462","cutoverTs":"2026-05-14T17:17:03.808+00:00","ydocAuthoritative":true}
[CloudSync][realtime] applying DELETE {"payloadKeys":["id"]}
[Phase31 UAT] delete-fallback refetch skipped — doc is cutover-sealed, Y.Doc + realtime is source of truth {"documentId":"484e4280-bca3-4ebe-bde7-d9371da0f528","pdfId":"test.pdf-2462","cutoverTs":"2026-05-14T17:17:03.808+00:00","ydocAuthoritative":true}
[CloudSync][realtime] applying DELETE {"payloadKeys":["id"]}
[Phase31 UAT] delete-fallback refetch skipped — doc is cutover-sealed, Y.Doc + realtime is source of truth {"documentId":"484e4280-bca3-4ebe-bde7-d9371da0f528","pdfId":"test.pdf-2462","cutoverTs":"2026-05-14T17:17:03.808+00:00","ydocAuthoritative":true}
[CloudSync][realtime] applying DELETE {"payloadKeys":["id"]}
[Phase31 UAT] delete-fallback refetch skipped — doc is cutover-sealed, Y.Doc + realtime is source of truth {"documentId":"484e4280-bca3-4ebe-bde7-d9371da0f528","pdfId":"test.pdf-2462","cutoverTs":"2026-05-14T17:17:03.808+00:00","ydocAuthoritative":true}
[CloudSync][realtime] applying DELETE {"payloadKeys":["id"]}
[Phase31 UAT] delete-fallback refetch skipped — doc is cutover-sealed, Y.Doc + realtime is source of truth {"documentId":"484e4280-bca3-4ebe-bde7-d9371da0f528","pdfId":"test.pdf-2462","cutoverTs":"2026-05-14T17:17:03.808+00:00","ydocAuthoritative":true}
[PreviewDiag] start {"pointerDown":true,"surface":"FabricDrawingCanvas","tool":"pen","type":"path","action":"pen-stroke","pageNumber":1,"annotationId":null}
[PreviewDiag] preview {"id":"gesture-8","frames":1,"pointerDown":true,"surface":"FabricDrawingCanvas","tool":"pen","type":"path","action":"pen-stroke","pageNumber":1,"annotationId":null}
[PreviewDiag] preview {"id":"gesture-8","frames":25,"pointerDown":true,"surface":"FabricDrawingCanvas","tool":"pen","type":"path","action":"pen-stroke","pageNumber":1,"annotationId":null}
[PreviewDiag] pointer release {"id":"gesture-8","frames":36,"pointerDown":false,"surface":"FabricDrawingCanvas","tool":"pen","type":"path","action":"pen-stroke","pageNumber":1,"annotationId":"1a463d16-e81e-4360-8d65-bda7d2148f83"}
[PreviewDiag] final commit {"id":"gesture-8","commits":1,"pointerDown":false,"surface":"App.handleSaveAnnotations","tool":"pen","type":"path","action":"path:created","pageNumber":1,"annotationId":"1a463d16-e81e-4360-8d65-bda7d2148f83","source":"path:created","objectDelta":1,"previousObjectCount":0,"nextObjectCount":1,"changedObjectsCount":1,"checkpointPolicy":"normal"}
[CounterRenumber] skipped {"pageNumber":1,"source":"path:created","action":"path:created","reason":"non-numbering-save","preserveExistingCounters":true,"intentionalCounterChangeIds":[]}
[UndoDiag] {"seq":18,"order":4,"at":"2026-05-14T17:23:05.908Z","event":"local_annotation_history_added","actionType":"create","rawActionType":"fabric:create","annotationType":"path","annotationId":"1a463d16-e81e-4360-8d65-bda7d2148f83","pageNumber":1,"lane":"local annotation history","receivedStack":"localAnnotationUndo","chosenStack":null,"chosenLane":"local annotation history","decisionReason":null,"undoDepth":4,"redoDepth":0}
[CloudSync][hook] fabric state changed — debounce push scheduled {"pageCount":1,"objectCount":1,"priorObjectCount":0,"isWipePush":false,"deferredUntilPointerUp":false,"debounceMs":800}
[CloudSync][status] transition {"from":"synced","to":"pending","kind":"fabric","phase":null,"count":null,"queued":false,"error":null}
[PreviewDiag] preview {"id":"gesture-8","frames":50,"pointerDown":false,"surface":"App.handleSaveAnnotations","tool":"pen","type":"path","action":"pen-stroke","pageNumber":1,"annotationId":"1a463d16-e81e-4360-8d65-bda7d2148f83","source":"path:created","objectDelta":1,"previousObjectCount":0,"nextObjectCount":1,"changedObjectsCount":1,"checkpointPolicy":"normal"}
[CloudSync][hook] fabric push debounce elapsed — pushing now {"debounceMs":800,"debounceElapsedMs":801,"deferredQueuedMs":null,"actionType":"path:created"}
[Phase31 UAT] save:start {"documentId":"484e4280-bca3-4ebe-bde7-d9371da0f528","pdfId":"test.pdf-2462","userId":"170d915c-5741-4e0b-b03f-deaeedae27bd","legacyBulkUpsertEnabled":false,"crdtEnabled":true,"ydocMounted":true,"route":"supabase-durable-then-crdt","currentTotal":1,"currentDrawnByMe":0,"currentDrawnByOthers":1,"currentImported":0,"priorTotal":0,"priorDrawnByMe":0,"priorImported":0,"deltaTotal":1}
[CloudSync][status] transition {"from":"pending","to":"syncing","kind":"fabric","phase":null,"count":null,"queued":false,"error":null}
[CloudSync][delta] fabric prepared {"actionType":"path:created","changedIds":["1a463d16-e81e-4360-8d65-bda7d2148f83"],"deletedIds":[],"changedObjectCount":1,"changedCount":1,"dispatchedCount":1,"supabaseUpsertCount":1,"yDocUpdateCount":1,"debounceMs":800,"debounceElapsedMs":801,"fullFanOutReason":null,"totalObjectCount":1,"priorObjectCount":0,"preciseSource":null,"preciseDeletedCount":null,"preciseChangedCount":null}
[CloudSync][push] upsertAnnotationsByPage start {"documentId":"484e4280-bca3-4ebe-bde7-d9371da0f528","pdfId":"test.pdf-2462","userId":"170d915c-5741-4e0b-b03f-deaeedae27bd","actionType":"path:created","changedIds":["1a463d16-e81e-4360-8d65-bda7d2148f83"],"changedCount":1,"dispatchedCount":1,"supabaseUpsertCount":1,"debounceMs":800,"debounceElapsedMs":801,"fullFanOutReason":null,"totalRows":1,"userDrawnObjects":1,"importedObjects":0,"rowsByType":{"ink":1},"pages":1}
[CloudSync][push] upsertAnnotationsByPage ok {"elapsedMs":127,"pdfId":"test.pdf-2462","actionType":"path:created","supabaseUpsertCount":1,"rowsReturned":1}
[UndoDiag] {"seq":21,"order":null,"at":"2026-05-14T17:23:06.838Z","event":"yjs_history_added","actionType":"undo","rawActionType":"undo","annotationType":null,"annotationId":null,"pageNumber":null,"lane":"Yjs/CRDT history","receivedStack":"yjsUndoStack","chosenStack":null,"chosenLane":"Yjs/CRDT history","decisionReason":null,"undoDepth":8,"redoDepth":0}
[Phase31 UAT] save:fan-out done {"documentId":"484e4280-bca3-4ebe-bde7-d9371da0f528","pdfId":"test.pdf-2462","userId":"170d915c-5741-4e0b-b03f-deaeedae27bd","actionType":"path:created","dispatched":1,"yDocUpdateCount":1,"detected":1,"skippedHighlightOrCallout":0,"skippedOtherType":0,"rawTypeBreakdown":{"pen":1},"resolvedTypeBreakdown":{"ink":1},"skipReasons":{},"skipSamples":[],"yMapSizeAfter":3}
[CloudSync][hook] fabric push synced {"count":1}
[PreviewDiag] sync push {"gestureId":"gesture-8","totalAfterRelease":1,"kind":"fabric","count":1,"changedObjectCount":1,"deletedCount":0,"pageCount":1}
[CloudSync][status] transition {"from":"syncing","to":"synced","kind":"fabric","phase":null,"count":1,"queued":false,"error":null}
[CloudSync][realtime] echo-filtered INSERT {"highlightId":"1a463d16-e81e-4360-8d65-bda7d2148f83","annotationType":"ink","lastModifiedBy":"170d915c-5741-4e0b-b03f-deaeedae27bd","rowSessionId":"d0663463-1e95-40b4-a68a-76b91d21cfb4","currentSessionId":"d0663463-1e95-40b4-a68a-76b91d21cfb4","reason":"same-session"}
[PreviewDiag] summary path:created started, 69 preview frames, 0 sync writes during drag, 0 sync deferrals during drag, 0 backup writes during drag, 1 commit on release, 1 sync push after release, 0 backup writes after release {"id":"gesture-8","durationMs":2700.9,"pointerDown":false,"surface":"App.handleSaveAnnotations","tool":"pen","type":"path","action":"path:created","pageNumber":1,"annotationId":"1a463d16-e81e-4360-8d65-bda7d2148f83","source":"path:created","objectDelta":1,"previousObjectCount":0,"nextObjectCount":1,"changedObjectsCount":1,"checkpointPolicy":"normal","reason":"settled"}
[PDFSaveExport] action start {"actionType":"pdf-export","documentId":"484e4280-bca3-4ebe-bde7-d9371da0f528","supabaseAnnotationSaveRan":false,"pdfBytesGenerated":false,"localFilesystemWrite":false,"outputPath":null,"annotationCountsByType":{"path":1,"highlight":2},"annotationCountSummary":{"totalObjects":1,"calloutCount":0,"highlightCount":2,"importedPdfObjects":0,"byType":{"path":1,"highlight":2}},"embeddedPdfNativeAnnotationHandling":"preserve-native-layer-and-skip-imported-app-copies","note":"Explicit export generates a PDF copy. Imported PDF-native annotations remain in the source PDF and their app-imported copies are skipped during export to avoid duplication."}
[PDFImportedEditExport] summary {"actionType":"pdf-export","documentId":"484e4280-bca3-4ebe-bde7-d9371da0f528","importedNativeCopiesSkipped":0,"editedImportedCopiesExported":0,"editedImportedNativeCopiesRemoved":0,"editedImportedNativeCopiesRemoveMisses":0,"reason":"unedited imported PDF-native app copies are skipped because the source PDF already contains the native annotation; edited imported copies are exported from app state and matching native annotations are removed when identifiable."}
[PDFSaveExport] pdf bytes generated {"actionType":"pdf-export","documentId":"484e4280-bca3-4ebe-bde7-d9371da0f528","pdfBytesGenerated":true,"byteLength":4964,"exportContract":{"version":1,"defaultScope":"all-app-created-annotations-for-document","includedScopes":["canvas","survey","region","survey-region"],"importedPdfNativeHandling":"preserve-unedited-native-annots-skip-unedited-imported-copies-export-edited-imported-copies","visibilityHandling":"export-all-app-created-annotations-independent-of-current-ui-visibility"},"exportDiagnostics":{"totalObjectsConsidered":3,"objectsExported":3,"objectsSkipped":0,"pdfAnnotationsAdded":3,"importedNativeCopiesSkipped":0,"editedImportedCopiesExported":0,"editedImportedNativeCopiesRemoved":0,"editedImportedNativeCopiesRemoveMisses":0,"byScope":{"canvas":1,"survey":2},"byType":{"path":1,"highlight":2},"bySource":{"fabric":1,"survey-highlight":2},"byRegion":{},"bySpace":{},"bySurvey":{"module-1763727070665-0.5714253201980415":2},"skippedByReason":{},"skipped":[]},"appObjectsSeen":3,"pdfAnnotationsAdded":3,"annotationCountsByType":{"path":1,"highlight":2},"annotationCountsByScope":{"canvas":1,"survey":2},"annotationCountsBySource":{"fabric":1,"survey-highlight":2},"annotationSkippedByReason":{},"embeddedPdfNativeAnnotationHandling":"preserve-unedited-native-annots-skip-unedited-imported-copies-export-edited-imported-copies","importedAppAnnotationsSkipped":0,"editedImportedAppAnnotationsExported":0,"editedImportedNativeAnnotationsRemoved":0,"editedImportedNativeAnnotationRemoveMisses":0,"countersExported":0,"counterMetadataMarker":"survey-counter","counterMetadataKeys":["SurveyApp","Subj","NM","Contents"],"counterMetadataFailures":0,"localFilesystemWrite":false,"outputPath":null}
[Phase31 UAT] focus rehydrate skipped — doc is cutover-sealed, Y.Doc + realtime is source of truth {"documentId":"484e4280-bca3-4ebe-bde7-d9371da0f528","pdfId":"test.pdf-2462","cutoverTs":"2026-05-14T17:17:03.808+00:00","ydocAuthoritative":true}
[PDFSaveExport] action complete {"actionType":"pdf-export","documentId":"484e4280-bca3-4ebe-bde7-d9371da0f528","supabaseAnnotationSaveRan":false,"pdfBytesGenerated":true,"localFilesystemWrite":true,"outputPath":"/Users/isaiahcalvo/Desktop/1.pdf","annotationCountsByType":{"path":1,"highlight":2},"annotationCountSummary":{"totalObjects":1,"calloutCount":0,"highlightCount":2,"importedPdfObjects":0,"byType":{"path":1,"highlight":2}},"embeddedPdfNativeAnnotationHandling":"preserve-native-layer-and-skip-imported-app-copies"}
[Phase31 UAT] focus rehydrate skipped — doc is cutover-sealed, Y.Doc + realtime is source of truth {"documentId":"484e4280-bca3-4ebe-bde7-d9371da0f528","pdfId":"test.pdf-2462","cutoverTs":"2026-05-14T17:17:03.808+00:00","ydocAuthoritative":true}
[CloudSync][realtime] unsubscribing {"documentId":"484e4280-bca3-4ebe-bde7-d9371da0f528"}
[CloudSync][realtime] subscribe status {"status":"CLOSED","error":null}
[CloudSync][hook] session id minted {"sessionId":"ac42e32b-9586-4714-b775-760979d0d2f8"}
[CloudSync][hook] session id minted {"sessionId":"9af30e5e-85ee-4b2f-ab34-e866e896a3b3"}
[CloudSync][hook][state-obs] annotationsByPage initial {"currentCount":0,"pages":0,"hydrated":false}
[CloudSync][hook][state-obs] callouts initial {"currentCount":0,"hydrated":false}
[CloudSync][hook] hydrate effect fired {"enabled":false,"hydrateEnabled":true,"documentId":"484e4280-bca3-4ebe-bde7-d9371da0f528","userId":"170d915c-5741-4e0b-b03f-deaeedae27bd","pdfId":null}
[CloudSync][hook] hydrate skipped — missing prerequisite {"hydrateEnabled":true,"hasDocumentId":true,"hasUserId":true,"hasPdfId":false}
[AnnotationHydrationGate][normal] {"documentId":"484e4280-bca3-4ebe-bde7-d9371da0f528","pdfId":null,"ready":false,"source":"missing-prerequisite","normalReady":false,"cutoverTs":null,"count":null,"calloutCount":null,"firstPaintGate":true}
[AnnotationHydrationGate][first-page] {"documentId":"484e4280-bca3-4ebe-bde7-d9371da0f528","pdfId":null,"pageNumber":1,"ready":false,"visualCoverActive":true,"normal":{"documentId":"484e4280-bca3-4ebe-bde7-d9371da0f528","pdfId":null,"ready":false,"source":"pending","firstPaintGate":true},"survey":{"ready":true,"source":"local"}}
[AnnotationHydrationGate][visual-cover] {"documentId":"484e4280-bca3-4ebe-bde7-d9371da0f528","pdfId":null,"pageNumber":1,"active":true,"reason":"annotation-hydration-gated"}
[Cloud render cache] doc=test.pdf-2462 painting verified cloud snapshot immediately — count=1.
[CSeries wipe] doc=test.pdf-2462 totalCounters=0 legacyRemoved=0 — nothing to wipe.
[Phase31 UAT] backfill:effect {"hasYdoc":true,"docId":"484e4280-bca3-4ebe-bde7-d9371da0f528","userId":null,"alreadyRanFor":null,"willRun":false}
[CloudSync][hook][state-obs] annotationsByPage initial {"currentCount":0,"pages":0,"hydrated":false}
[CloudSync][hook][state-obs] callouts initial {"currentCount":0,"hydrated":false}
[CloudSync][hook] hydrate effect fired {"enabled":false,"hydrateEnabled":false,"documentId":null,"userId":"170d915c-5741-4e0b-b03f-deaeedae27bd","pdfId":null}
[CloudSync][hook] hydrate skipped — missing prerequisite {"hydrateEnabled":false,"hasDocumentId":false,"hasUserId":true,"hasPdfId":false}
[AnnotationHydrationGate][normal] {"documentId":null,"pdfId":null,"ready":true,"source":"disabled","normalReady":true,"cutoverTs":null,"count":null,"calloutCount":null,"firstPaintGate":true}
[CSeries wipe] doc=1.pdf-4964 totalCounters=0 legacyRemoved=0 — nothing to wipe.
[CloudSync][hook] hydrate effect fired {"enabled":false,"hydrateEnabled":true,"documentId":"484e4280-bca3-4ebe-bde7-d9371da0f528","userId":"170d915c-5741-4e0b-b03f-deaeedae27bd","pdfId":"test.pdf-2462"}
[AnnotationHydrationGate][normal] {"documentId":"484e4280-bca3-4ebe-bde7-d9371da0f528","pdfId":"test.pdf-2462","ready":false,"source":"starting","normalReady":false,"cutoverTs":null,"count":null,"calloutCount":null,"firstPaintGate":true}
[CloudSync][hook] stage=hydrating
[AnnotationHydrationGate][first-page] {"documentId":"484e4280-bca3-4ebe-bde7-d9371da0f528","pdfId":"test.pdf-2462","pageNumber":1,"ready":false,"visualCoverActive":true,"normal":{"documentId":"484e4280-bca3-4ebe-bde7-d9371da0f528","pdfId":null,"ready":false,"source":"missing-prerequisite","normalReady":false,"cutoverTs":null,"count":null,"calloutCount":null,"firstPaintGate":true},"survey":{"ready":false,"source":"supabase-highlight-starting","documentId":"484e4280-bca3-4ebe-bde7-d9371da0f528","pdfId":"test.pdf-2462"}}
[AnnotationHydrationGate][visual-cover] {"documentId":"484e4280-bca3-4ebe-bde7-d9371da0f528","pdfId":"test.pdf-2462","pageNumber":1,"active":true,"reason":"annotation-hydration-gated"}
[CloudSync][hook] hydrate effect fired {"enabled":false,"hydrateEnabled":false,"documentId":null,"userId":"170d915c-5741-4e0b-b03f-deaeedae27bd","pdfId":"1.pdf-4964"}
[CloudSync][hook] hydrate skipped — missing prerequisite {"hydrateEnabled":false,"hasDocumentId":false,"hasUserId":true,"hasPdfId":true}
[AnnotationHydrationGate][normal] {"documentId":null,"pdfId":"1.pdf-4964","ready":true,"source":"disabled","normalReady":true,"cutoverTs":null,"count":null,"calloutCount":null,"firstPaintGate":true}
[PreviewDiag] backup write {"kind":"callout-localStorage","count":1,"calloutCount":0,"bytes":2}
[AnnotationHydrationGate][first-page] {"documentId":"484e4280-bca3-4ebe-bde7-d9371da0f528","pdfId":"test.pdf-2462","pageNumber":1,"ready":false,"visualCoverActive":true,"normal":{"documentId":"484e4280-bca3-4ebe-bde7-d9371da0f528","pdfId":"test.pdf-2462","ready":false,"source":"starting","normalReady":false,"cutoverTs":null,"count":null,"calloutCount":null,"firstPaintGate":true},"survey":{"ready":false,"source":"supabase-highlight-starting","documentId":"484e4280-bca3-4ebe-bde7-d9371da0f528","pdfId":"test.pdf-2462"}}
[AnnotationHydrationGate][visual-cover] {"documentId":"484e4280-bca3-4ebe-bde7-d9371da0f528","pdfId":"test.pdf-2462","pageNumber":1,"active":true,"reason":"annotation-hydration-gated"}
[Phase31 UAT] backfill:effect {"hasYdoc":true,"docId":"484e4280-bca3-4ebe-bde7-d9371da0f528","userId":"170d915c-5741-4e0b-b03f-deaeedae27bd","alreadyRanFor":null,"willRun":true}
[Phase31 UAT] backfill:start {"hasYdoc":true,"hasSupabase":true,"documentId":"484e4280-bca3-4ebe-bde7-d9371da0f528","userId":"170d915c-5741-4e0b-b03f-deaeedae27bd","markCutoverComplete":true}
[HIGHLIGHT-SYNC][load.legacy][pdf=test.pdf] {"documentId":"484e4280-bca3-4ebe-bde7-d9371da0f528","totalRows":2,"fabricCarryingDropped":0,"keptCount":2,"keptIds":["highlight-1778716720455-v6yqtbtb6","highlight-1778716760375-0nh9rsu7q"]}
[AnnotationHydrationGate][survey] supabase highlights complete {"documentId":"484e4280-bca3-4ebe-bde7-d9371da0f528","pdfId":"test.pdf-2462","count":2}
[AnnotationHydrationGate][first-page] {"documentId":"484e4280-bca3-4ebe-bde7-d9371da0f528","pdfId":"test.pdf-2462","pageNumber":1,"ready":false,"visualCoverActive":true,"normal":{"documentId":"484e4280-bca3-4ebe-bde7-d9371da0f528","pdfId":"test.pdf-2462","ready":false,"source":"starting","normalReady":false,"cutoverTs":null,"count":null,"calloutCount":null,"firstPaintGate":true},"survey":{"ready":true,"source":"supabase-highlight","documentId":"484e4280-bca3-4ebe-bde7-d9371da0f528","pdfId":"test.pdf-2462","count":2}}
[AnnotationHydrationGate][visual-cover] {"documentId":"484e4280-bca3-4ebe-bde7-d9371da0f528","pdfId":"test.pdf-2462","pageNumber":1,"active":true,"reason":"annotation-hydration-gated"}
[CloudSync][hook] cutover-complete hydrate — reading from Y.Doc {"documentId":"484e4280-bca3-4ebe-bde7-d9371da0f528","cutoverTs":"2026-05-14T17:22:55.849+00:00"}
[Phase31 UAT] hydrate:cutover-sealed {"documentId":"484e4280-bca3-4ebe-bde7-d9371da0f528","pdfId":"test.pdf-2462","cutoverTs":"2026-05-14T17:22:55.849+00:00","yMapSize":3,"yMapCalloutsSize":0,"materializedTotal":3,"materializedCallouts":0,"materializedDrawnByMe":1,"materializedDrawnByOthers":2,"materializedImported":0,"pages":1,"perPage":{"1":3},"currentStateCount":1,"ydocLooksDegenerate":false}
[Phase31 UAT] hydrate:cutover-sealed:by-type {"documentId":"484e4280-bca3-4ebe-bde7-d9371da0f528","pdfFile":"test.pdf-2462","viewerUserId":"170d915c-5741-4e0b-b03f-deaeedae27bd","yMapTotal":3,"yMapCalloutsTotal":0,"yMapByType":{"path":3},"yMapByAuthor":{"byMe":1,"byOthers":0,"anonymous":2},"yMapByTypeByAuthor":{"path":{"byMe":1,"byOthers":0,"anonymous":2}},"yMapPerTypePerPage":{"path":{"unknown":3}},"byPageTotal":3,"byPageByType":{"path":3},"byPagePerPagePerType":{"1":{"path":3}}}
[CloudSync][hydrate] loadAllNonHighlightAnnotations start {"documentId":"484e4280-bca3-4ebe-bde7-d9371da0f528"}
[CloudSync][hook] fabric push skipped — not hydrated yet
[CloudSync][hook] callout push skipped — not hydrated yet
[CloudSync][realtime] subscribing {"documentId":"484e4280-bca3-4ebe-bde7-d9371da0f528","currentUserId":"170d915c-5741-4e0b-b03f-deaeedae27bd","currentSessionId":"ac42e32b-9586-4714-b775-760979d0d2f8","hasFabricInsert":true,"hasFabricUpdate":true,"hasFabricDelete":true,"hasCalloutInsert":true,"hasCalloutUpdate":true,"hasCalloutDelete":true}
[PDFImport] skipped embedded PDF annotation import — cloud/Y.Doc is authoritative {"documentId":"484e4280-bca3-4ebe-bde7-d9371da0f528"}
[PDFCounterImport] summary {"marker":"survey-counter","metadataKey":"SurveyApp","counterAnnotationsImported":0,"plainCirclesImported":0,"counterMetadataParseFailures":0,"appCalloutMarker":"survey-callout","appCalloutMetadataKey":"SurveyAppCallout","appCalloutAnnotationsImported":0,"appCalloutPiecesSkipped":0}
[PrintPanel] RENDER — panel closed
[PDFCounterImport] summary {"marker":"survey-counter","metadataKey":"SurveyApp","counterAnnotationsImported":0,"plainCirclesImported":0,"counterMetadataParseFailures":0,"appCalloutMarker":"survey-callout","appCalloutMetadataKey":"SurveyAppCallout","appCalloutAnnotationsImported":0,"appCalloutPiecesSkipped":0}
[PrintPanel] RENDER — panel closed
[SVGAnnotationLayer] setRotInputVisible(false) reason=selectedIds.size !== 1
[DebugBridge +414658.1ms] pdf_loaded {"pageCount":3,"currentPage":1}
[Phase31 UAT] backfill:degeneracy-probe {"documentId":"484e4280-bca3-4ebe-bde7-d9371da0f528","userId":"170d915c-5741-4e0b-b03f-deaeedae27bd","yMapSize":3,"legacyCount":3,"probeOk":true,"tolerance":100,"yMapLooksHealthy":false,"dedupeRan":true,"lastGoodSize":133}
console.warn @ [crdtBackfill] cutover sealed but Y.Map < legacy count — re-running import loop to recover {"yMapSize":3,"legacyCount":3}
[Phase31 UAT] backfill:select-loop start {"documentId":"484e4280-bca3-4ebe-bde7-d9371da0f528","userId":"170d915c-5741-4e0b-b03f-deaeedae27bd","pageSize":1000}
[SVGAnnotationLayer] setRotInputVisible(false) reason=selectedIds.size !== 1
[CloudSync][realtime] subscribe status {"status":"SUBSCRIBED","error":null}
[Phase31 UAT] post-subscribe catch-up skipped — doc is cutover-sealed, Y.Doc + realtime is source of truth {"documentId":"484e4280-bca3-4ebe-bde7-d9371da0f528","pdfId":"test.pdf-2462","cutoverTs":"2026-05-14T17:22:55.849+00:00","ydocAuthoritative":true}
[DebugBridge +414796.0ms] pdf_loaded {"pageCount":3,"currentPage":1}
[CloudSync][hydrate] loadAllNonHighlightAnnotations ok {"elapsedMs":347,"totalRowsScanned":3,"scanned":{"nonHighlight":3,"legacyFabricHighlights":0},"totalRows":3,"rowsByType":{"ink":3},"pagesWithObjects":1,"calloutCount":0}
[CloudSync][verify] first read summary {"contextLabel":"cutover-source-of-truth","documentId":"484e4280-bca3-4ebe-bde7-d9371da0f528","elapsedMs":347,"firstFabricPages":1,"firstFabricObjects":3,"firstCallouts":0,"firstEmpty":false,"localFabricCount":3,"localCalloutCount":0,"localHasData":true,"willVerify":false}
[CloudSync][source-of-truth] cutover initial hydrate selected Supabase durable snapshot {"documentId":"484e4280-bca3-4ebe-bde7-d9371da0f528","pdfId":"test.pdf-2462","cutoverTs":"2026-05-14T17:22:55.849+00:00","ydocFabricCount":3,"ydocCalloutCount":0,"supabaseFabricCount":3,"supabaseCalloutCount":0,"rule":"Supabase durable snapshot wins initial load; Y.Doc is reshaped for live collaboration"}
[Phase31 UAT] save:fan-out done {"documentId":"484e4280-bca3-4ebe-bde7-d9371da0f528","pdfId":"test.pdf-2462","userId":"170d915c-5741-4e0b-b03f-deaeedae27bd","actionType":null,"dispatched":3,"yDocUpdateCount":3,"detected":3,"skippedHighlightOrCallout":0,"skippedOtherType":0,"rawTypeBreakdown":{"pen":3},"resolvedTypeBreakdown":{"ink":3},"skipReasons":{},"skipSamples":[],"yMapSizeAfter":3}
[CloudSync][hook] callout Y.Doc fan-out done {"documentId":"484e4280-bca3-4ebe-bde7-d9371da0f528","pdfId":"test.pdf-2462","userId":"170d915c-5741-4e0b-b03f-deaeedae27bd","actionType":"callout:delta","upserted":0,"deleted":0,"yDocUpdateCount":0,"yMapCalloutsSizeAfter":0}
[AnnotationHydrationGate][normal] {"documentId":"484e4280-bca3-4ebe-bde7-d9371da0f528","pdfId":"test.pdf-2462","ready":true,"source":"supabase-durable-snapshot","normalReady":true,"cutoverTs":"2026-05-14T17:22:55.849+00:00","count":3,"calloutCount":0,"firstPaintGate":true}
[DebugBridge +414885.3ms] zoom_start {"scale":1.33333,"targetScale":0.88,"source":"zoomChange"}
[AnnotationHydrationGate][first-page] {"documentId":"484e4280-bca3-4ebe-bde7-d9371da0f528","pdfId":"test.pdf-2462","pageNumber":1,"ready":true,"visualCoverActive":false,"normal":{"documentId":"484e4280-bca3-4ebe-bde7-d9371da0f528","pdfId":"test.pdf-2462","ready":true,"source":"supabase-durable-snapshot","normalReady":true,"cutoverTs":"2026-05-14T17:22:55.849+00:00","count":3,"calloutCount":0,"firstPaintGate":true},"survey":{"ready":true,"source":"supabase-highlight","documentId":"484e4280-bca3-4ebe-bde7-d9371da0f528","pdfId":"test.pdf-2462","count":2}}
[AnnotationHydrationGate][visual-cover] {"documentId":"484e4280-bca3-4ebe-bde7-d9371da0f528","pdfId":"test.pdf-2462","pageNumber":1,"active":false,"reason":"hydration-ready"}
[Phase31 UAT] backfill:select-loop page ok {"documentId":"484e4280-bca3-4ebe-bde7-d9371da0f528","page":0,"range":[0,999],"pageRows":3,"totalSoFar":3,"pageElapsedMs":150}
[Phase31 UAT] backfill:done {"ranAs":"leader","documentId":"484e4280-bca3-4ebe-bde7-d9371da0f528","userId":"170d915c-5741-4e0b-b03f-deaeedae27bd","rowsFetched":3,"imported":3,"skipped":0,"yMapSizeAfter":3,"cutoverRequested":true,"cutoverCompleted":true,"importedByType":{"ink":3},"skippedByType":{}}
[HyperlinkDiag] post-load scan {"hyperlinkCount":0,"samples":[]}
[HyperlinkDiag] page 1 layers {"hyperlinkChildren":0,"layerClasses":["e-spinner-pane e-spin-hide","e-pv-page-canvas","e-pv-text-layer","DIV"]}
[HyperlinkDiag] page 2 layers {"hyperlinkChildren":0,"layerClasses":["e-spinner-pane e-spin-hide","e-pv-page-canvas","e-pv-text-layer","DIV"]}
[HyperlinkDiag] page 3 layers {"hyperlinkChildren":0,"layerClasses":["e-spinner-pane e-spin-hide","e-pv-page-canvas","e-pv-text-layer","DIV"]}
[HyperlinkDiag] post-load scan {"hyperlinkCount":0,"samples":[]}
[HyperlinkDiag] page 1 layers {"hyperlinkChildren":0,"layerClasses":["DIV","e-spinner-pane e-spin-show","e-pv-page-canvas","DIV","e-pv-annotation-canvas","e-pv-annotation-canvas","e-pv-text-layer"]}
[HyperlinkDiag] page 2 layers {"hyperlinkChildren":0,"layerClasses":["DIV","e-spinner-pane e-spin-show","e-pv-page-canvas","DIV","e-pv-annotation-canvas","e-pv-text-layer"]}
[HyperlinkDiag] page 3 layers {"hyperlinkChildren":0,"layerClasses":["DIV","e-spinner-pane e-spin-show","e-pv-page-canvas","DIV","e-pv-annotation-canvas","e-pv-text-layer"]}
[DebugBridge +416491.7ms] zoom_end {"source":"zoomChange_settle"}

===== Undo/Redo Chronology =====
events=1
lanes=local annotation history | callout history | legacy history | Yjs/CRDT history
{"seq":1,"order":null,"at":"2026-05-14T17:23:19.526Z","event":"history_reset_for_pdf_change","actionType":"pdf:change","rawActionType":"pdf:change","annotationType":null,"annotationId":null,"pageNumber":null,"lane":null,"receivedStack":null,"chosenStack":null,"chosenLane":null,"decisionReason":null,"undoDepth":0,"redoDepth":0}
===== End Undo/Redo Chronology =====
